ad_last_update,air_conditioner,balcony,bath_num,built_in_wardrobe,chimney,construct_date,energetic_certif,floor,garage,garden,house_id,house_type,lift,loc_city,loc_district,loc_full,loc_neigh,loc_zone,m2_real,m2_useful,obtention_date,price,reduced_mobility,room_num,storage_room,swimming_pool,terrace,condition_promoción de obra nueva,condition_segunda mano/buen estado,condition_segunda mano/para reformar,heating_calefacción central,heating_calefacción central: gas,heating_calefacción central: gasoil,heating_calefacción individual,heating_calefacción individual: bomba de frío/calor,heating_calefacción individual: eléctrica,heating_calefacción individual: gas natural,heating_calefacción individual: gas propano/butano,heating_no dispone de calefacción,orientation_este,"orientation_este, oeste",orientation_norte,"orientation_norte, este","orientation_norte, este, oeste","orientation_norte, oeste","orientation_norte, sur","orientation_norte, sur, este, oeste","orientation_norte, sur, oeste",orientation_oeste,orientation_sur,"orientation_sur, este","orientation_sur, oeste"
Anuncio actualizado el 10 de abril,0,0,1.0,0,0,1996.0,,planta 1ª,0,0,84689154,0,1.0,Vilafranca del Penedès,Distrito Centre Vila," , Distrito Centre Vila , Vilafranca del Penedès , Alt Penedès, Barcelona ",,"Alt Penedès, Barcelona",70,55.0,2019-04-12,57000,0,2.0,0,0,0,False,False,False,False,False,False,False,False,False,False,False,False,False,False,False,False,False,False,False,False,False,False,False,False,False
más de 5 meses sin actualizar,0,0,1.0,0,1,1960.0,no indicado,3 plantas,1,1,81252831,1,1.0,Torrelavit,"Calle de Joan i Jaume Ràfols, 18"," Calle de Joan i Jaume Ràfols, 18 , Torrelavit , Alt Penedès, Barcelona ",,"Alt Penedès, Barcelona",351,300.0,2019-04-12,120000,0,2.0,1,0,1,False,True,False,False,False,False,False,False,False,False,False,False,False,False,False,False,False,False,True,False,False,False,False,False,False
más de 5 meses sin actualizar,1,0,3.0,0,0,1996.0,,2 plantas,1,1,1941720,2,1.0,Vilafranca del Penedès,Distrito Sant Julià," Pasaje Joan Fuster, 7 , Urb. pla del diable , Distrito Sant Julià , Vilafranca del Penedès , Alt Penedès, Barcelona ",Urb. pla del diable,"Alt Penedès, Barcelona",401,99.0,2019-04-12,620000,0,5.0,1,0,1,False,True,False,False,False,False,False,False,False,False,False,False,False,False,False,False,False,False,False,False,False,False,False,True,False
más de 5 meses sin actualizar,1,0,2.0,1,0,1996.0,en trámite,planta 2ª exterior,1,0,37945359,0,1.0,Gelida,Avenida Europa s/n," Avenida Europa s/n , Gelida , Alt Penedès, Barcelona ",,"Alt Penedès, Barcelona",87,99.0,2019-04-12,190000,0,3.0,0,0,1,False,True,False,False,False,False,False,False,False,False,False,False,False,False,False,False,False,False,False,False,False,False,False,False,True
más de 5 meses sin actualizar,0,0,3.0,1,0,1996.0,en trámite,3 plantas,1,1,29190654,2,1.0,Gelida,"Calle Coral Artesans, 7"," Calle Coral Artesans, 7 , Gelida , Alt Penedès, Barcelona ",,"Alt Penedès, Barcelona",2200,420.0,2019-04-12,450000,0,5.0,1,0,1,False,True,False,False,False,False,False,False,False,False,False,False,False,False,True,False,False,False,False,False,False,False,False,False,False
más de 5 meses sin actualizar,1,1,2.0,0,0,1996.0,,planta 1ª exterior,0,0,37608772,3,0.0,Vilafranca del Penedès,Distrito Centre Vila," Calle de puigmoltó, 11 , Distrito Centre Vila , Vilafranca del Penedès , Alt Penedès, Barcelona ","Calle de puigmoltó, 11","Alt Penedès, Barcelona",370,270.0,2019-04-12,360000,0,7.0,1,0,1,False,True,False,False,False,False,False,False,False,False,False,False,True,False,False,False,False,False,False,False,False,False,False,False,False
más de 5 meses sin actualizar,0,0,1.0,0,0,1996.0,no indicado,planta 1ª exterior,1,0,81235808,0,1.0,Santa Margarida i els Monjos,"Avenida de Cal Salines, 10"," Avenida de Cal Salines, 10 , Santa Margarida i els Monjos , Alt Penedès, Barcelona ",,"Alt Penedès, Barcelona",85,99.0,2019-04-12,103000,0,3.0,0,0,0,False,True,False,False,False,False,False,False,False,False,False,False,False,False,False,False,False,False,False,False,False,False,False,False,False
más de 5 meses sin actualizar,0,0,1.0,0,0,1996.0,no indicado,planta 1ª exterior,0,0,35879258,0,1.0,Sant Quintí de Mediona,"Avenida de Catalunya, 39"," Avenida de Catalunya, 39 , Sant Quintí de Mediona , Alt Penedès, Barcelona ",,"Alt Penedès, Barcelona",70,99.0,2019-04-12,121000,0,2.0,0,0,0,False,True,False,False,False,False,False,False,False,False,False,False,False,False,False,False,False,False,False,False,False,False,False,False,False
más de 5 meses sin actualizar,0,0,1.0,0,0,1960.0,no indicado,bajo exterior,0,0,82648406,0,0.0,Sant Quintí de Mediona,"juan maragall, 41"," juan maragall, 41 , Sant Quintí de Mediona , Alt Penedès, Barcelona ",,"Alt Penedès, Barcelona",60,55.0,2019-04-12,55000,0,3.0,1,0,1,False,True,False,False,False,False,False,False,False,False,False,False,False,False,True,False,False,False,False,False,False,False,False,False,False
más de 5 meses sin actualizar,0,0,3.0,0,0,1996.0,no indicado,3 plantas,0,0,37369375,2,1.0,Olèrdola,"Calle del Sindicat, 9"," Calle del Sindicat, 9 , Olèrdola , Alt Penedès, Barcelona ",,"Alt Penedès, Barcelona",240,99.0,2019-04-12,300000,0,6.0,0,0,0,False,True,False,False,False,False,False,False,False,False,False,False,False,False,False,False,False,False,False,False,False,False,False,False,False
más de 5 meses sin actualizar,0,0,2.0,0,0,1996.0,no indicado,bajo exterior,1,0,418969,3,1.0,Gelida,"Calle Moli Nou, 15"," Calle Moli Nou, 15 , Gelida , Alt Penedès, Barcelona ",,"Alt Penedès, Barcelona",127,99.0,2019-04-12,250000,0,3.0,0,0,0,False,True,False,False,False,False,False,False,False,False,False,False,False,False,False,False,False,False,False,False,False,False,False,False,False
más de 5 meses sin actualizar,0,0,2.0,0,0,1996.0,no indicado,2 plantas,1,0,419312,2,1.0,Subirats,Urb. casablanca," Calle Cal Senyoret, 36 , Urb. casablanca , Subirats , Alt Penedès, Barcelona ","Calle Cal Senyoret, 36","Alt Penedès, Barcelona",1800,99.0,2019-04-12,170000,0,4.0,1,1,1,False,True,False,False,False,False,False,False,False,False,False,False,False,False,False,False,False,False,False,False,False,False,False,False,False
más de 5 meses sin actualizar,0,0,4.0,0,0,1996.0,no indicado,,1,0,31833729,2,1.0,Gelida,"urbanització martivell polígon 1, 15"," urbanització martivell polígon 1, 15 , Gelida , Alt Penedès, Barcelona ",,"Alt Penedès, Barcelona",300,99.0,2019-04-12,500000,0,5.0,1,1,0,False,True,False,False,False,False,False,False,False,False,False,False,False,False,False,False,False,False,False,False,False,False,False,False,False
más de 5 meses sin actualizar,0,0,2.0,0,0,1996.0,en trámite,,1,0,29568976,2,1.0,Mediona,"Calle Cadí, 1682"," Calle Cadí, 1682 , Mediona , Alt Penedès, Barcelona ",,"Alt Penedès, Barcelona",180,99.0,2019-04-12,185000,0,4.0,0,0,0,False,True,False,False,False,False,False,False,False,False,False,False,False,False,False,False,False,False,False,False,False,False,False,False,False
más de 5 meses sin actualizar,0,0,2.0,1,0,1996.0,inmueble exento,1 planta,0,0,28095621,2,1.0,Pontons,Urb. la rimbalda," Calle 6, 198 , Urb. la rimbalda , Pontons , Alt Penedès, Barcelona ","Calle 6, 198","Alt Penedès, Barcelona",520,99.0,2019-04-12,65000,0,2.0,0,0,1,False,True,False,False,False,False,False,False,False,False,False,False,False,False,False,False,False,False,False,False,False,False,False,False,False
más de 5 meses sin actualizar,1,1,2.0,1,0,1996.0,no indicado,2 plantas,1,1,82091122,2,1.0,Subirats,"Calle del Bosc, 38"," Calle del Bosc, 38 , Subirats , Alt Penedès, Barcelona ",,"Alt Penedès, Barcelona",480,230.0,2019-04-12,270000,0,3.0,1,0,1,False,True,False,False,False,False,False,False,False,False,False,False,False,False,False,False,False,False,False,False,False,False,True,False,False
más de 5 meses sin actualizar,0,0,2.0,1,0,1996.0,en trámite,3 plantas,1,1,82125040,2,1.0,Olèrdola,"Calle de Canyelles, 51"," Calle de Canyelles, 51 , Olèrdola , Alt Penedès, Barcelona ",,"Alt Penedès, Barcelona",750,200.0,2019-04-12,250000,0,5.0,1,1,1,False,True,False,False,False,False,False,False,False,False,False,False,True,False,False,False,False,False,False,False,False,False,False,False,False
más de 5 meses sin actualizar,0,0,3.0,0,0,1996.0,,1 planta,1,1,36699203,4,1.0,Les Cabanyes,"Plaza del Penedès, 4"," Plaza del Penedès, 4 , Les Cabanyes , Alt Penedès, Barcelona ",,"Alt Penedès, Barcelona",180,99.0,2019-04-12,195000,0,4.0,1,0,0,False,True,False,False,False,False,False,False,False,False,False,False,False,False,False,False,False,False,False,False,False,False,False,False,False
más de 5 meses sin actualizar,1,0,2.0,1,0,1996.0,no indicado,planta 1ª exterior,1,0,1589965,0,1.0,Vilafranca del Penedès,Distrito Sant Julià," Calle Progres, 12 , Distrito Sant Julià , Vilafranca del Penedès , Alt Penedès, Barcelona ","Calle Progres, 12","Alt Penedès, Barcelona",115,101.0,2019-04-12,260000,0,4.0,0,0,1,False,True,False,False,False,False,False,False,False,False,False,False,False,False,False,False,False,False,False,False,False,False,False,False,True
más de 5 meses sin actualizar,0,0,2.0,0,0,1996.0,no indicado,planta 1ª exterior,1,0,26747480,0,1.0,Sant Martí Sarroca,"Rambla de Catalunya, 1"," Rambla de Catalunya, 1 , Sant Martí Sarroca , Alt Penedès, Barcelona ",,"Alt Penedès, Barcelona",114,96.0,2019-04-12,150000,0,3.0,0,0,0,False,True,False,False,False,False,False,False,False,False,False,False,False,False,False,False,False,False,False,False,False,False,False,False,False
más de 5 meses sin actualizar,1,0,1.0,0,0,1996.0,,planta 1ª exterior,0,0,37839801,0,1.0,Vilafranca del Penedès,Distrito Les Clotes," Calle de Sant Jaume, 11 , Distrito Les Clotes , Vilafranca del Penedès , Alt Penedès, Barcelona ","Calle de Sant Jaume, 11","Alt Penedès, Barcelona",70,65.0,2019-04-12,90000,0,2.0,1,0,1,False,True,False,False,False,False,False,False,False,False,False,False,False,False,False,False,False,False,True,False,False,False,False,False,False
más de 5 meses sin actualizar,0,1,2.0,0,0,1996.0,en trámite,bajo exterior,0,0,82193315,3,0.0,Puigdàlber,"Calle Diputació, 22"," Calle Diputació, 22 , Puigdàlber , Alt Penedès, Barcelona ",,"Alt Penedès, Barcelona",86,99.0,2019-04-12,184000,0,3.0,1,0,1,False,True,False,False,False,False,False,False,True,False,False,False,False,False,False,False,False,False,False,False,False,False,False,False,False
más de 5 meses sin actualizar,0,0,1.0,1,0,1996.0,en trámite,planta 4ª exterior,0,0,29485790,0,1.0,Vilafranca del Penedès,Distrito Les Clotes," Calle de Font-Rubí, 6 , Distrito Les Clotes , Vilafranca del Penedès , Alt Penedès, Barcelona ","Calle de Font-Rubí, 6","Alt Penedès, Barcelona",72,99.0,2019-04-12,86500,0,3.0,0,0,0,False,False,True,False,False,False,False,False,False,False,False,False,False,False,False,False,False,False,False,False,False,False,False,False,False
más de 5 meses sin actualizar,0,0,2.0,0,0,1996.0,no indicado,2 plantas,0,0,35717962,4,1.0,Sant Llorenç d'Hortons,"Calle la Beguda Baixa, 38"," Calle la Beguda Baixa, 38 , Sant Llorenç d'Hortons , Alt Penedès, Barcelona ",,"Alt Penedès, Barcelona",500,99.0,2019-04-12,250000,0,4.0,1,0,1,False,True,False,False,False,False,False,False,False,False,False,False,False,False,False,False,False,False,False,False,False,False,False,False,False
más de 5 meses sin actualizar,0,0,2.0,0,0,1996.0,no indicado,planta 1ª exterior,1,0,36290566,0,0.0,Mediona,"Calle Pompeu Fabra, 2"," Calle Pompeu Fabra, 2 , Mediona , Alt Penedès, Barcelona ",,"Alt Penedès, Barcelona",100,99.0,2019-04-12,110000,0,4.0,1,0,0,False,True,False,False,False,False,False,False,False,False,False,False,False,False,False,False,False,False,False,False,False,False,False,False,False
más de 5 meses sin actualizar,0,0,2.0,0,0,1996.0,no indicado,2 plantas,1,0,37314662,2,1.0,Torrelles de Foix,"Calle Gira-Sol, 11"," Calle Gira-Sol, 11 , Torrelles de Foix , Alt Penedès, Barcelona ",,"Alt Penedès, Barcelona",1425,99.0,2019-04-12,180000,0,7.0,1,0,0,False,True,False,False,False,False,False,False,False,False,False,False,False,False,False,False,False,False,False,False,False,False,False,False,False
más de 5 meses sin actualizar,0,0,2.0,0,0,1996.0,no indicado,planta 2ª exterior,1,0,30437527,3,1.0,Sant Martí Sarroca,"Avenida del Castell, 1"," Avenida del Castell, 1 , Sant Martí Sarroca , Alt Penedès, Barcelona ",,"Alt Penedès, Barcelona",100,99.0,2019-04-12,130000,0,2.0,0,0,0,False,True,False,False,False,False,False,False,False,False,False,False,False,False,False,False,False,False,False,False,False,False,False,False,False
más de 5 meses sin actualizar,0,0,1.0,0,0,1996.0,en trámite,,0,0,38941995,2,1.0,Mediona,Urb. Sant Elies," C 17, 262 , Urb. Sant Elies , Mediona , Alt Penedès, Barcelona ","C 17, 262","Alt Penedès, Barcelona",2200,99.0,2019-04-12,110000,0,2.0,0,0,0,False,True,False,False,False,False,False,False,False,False,False,False,False,False,False,False,False,False,False,False,False,False,False,False,False
más de 5 meses sin actualizar,0,0,1.0,0,0,1996.0,,planta 2ª exterior,0,0,39198134,0,1.0,Sant Martí Sarroca,"Rambla de Catalunya, 12"," Rambla de Catalunya, 12 , Sant Martí Sarroca , Alt Penedès, Barcelona ",,"Alt Penedès, Barcelona",62,61.0,2019-04-12,81850,0,3.0,0,0,0,False,True,False,False,False,False,False,False,False,False,False,False,False,False,False,False,False,False,False,False,False,False,False,False,False
más de 5 meses sin actualizar,0,0,1.0,0,0,1996.0,no indicado,planta 1ª exterior,0,0,82326168,0,1.0,Torrelavit,"Calle Puigcugul, 11"," Calle Puigcugul, 11 , Torrelavit , Alt Penedès, Barcelona ",,"Alt Penedès, Barcelona",82,99.0,2019-04-12,165000,0,3.0,0,0,0,False,True,False,False,False,False,False,False,False,False,False,False,False,False,False,False,False,False,False,False,False,False,False,False,False
más de 5 meses sin actualizar,0,0,2.0,0,0,1996.0,no indicado,bajo exterior,1,0,82392157,0,1.0,Vilafranca del Penedès,Distrito La Girada," Avenida de Lluís Companys, 38 , Distrito La Girada , Vilafranca del Penedès , Alt Penedès, Barcelona ","Avenida de Lluís Companys, 38","Alt Penedès, Barcelona",114,99.0,2019-04-12,200000,0,4.0,0,0,0,False,True,False,False,False,False,False,False,False,False,False,False,False,False,False,False,False,False,False,False,False,False,False,False,False
más de 5 meses sin actualizar,1,1,2.0,1,0,1996.0,no indicado,planta 2ª exterior,0,0,1812711,3,1.0,Sant Martí Sarroca,"Avenida del Castell, 7"," Avenida del Castell, 7 , Sant Martí Sarroca , Alt Penedès, Barcelona ",,"Alt Penedès, Barcelona",115,100.0,2019-04-12,199000,0,3.0,0,0,1,False,True,False,False,False,False,False,False,False,False,False,False,False,False,False,False,False,False,False,False,False,False,False,False,False
más de 5 meses sin actualizar,1,0,1.0,0,0,1996.0,no indicado,planta 10ª exterior,0,0,1845905,5,1.0,Sant Pere de Riudebitlles,"Carretera Bp-2151, 25"," Carretera Bp-2151, 25 , Sant Pere de Riudebitlles , Alt Penedès, Barcelona ",,"Alt Penedès, Barcelona",72,99.0,2019-04-12,117000,0,2.0,0,0,1,False,True,False,False,False,False,False,False,False,False,False,False,True,False,False,False,False,False,False,False,False,False,False,False,False
más de 5 meses sin actualizar,0,0,3.0,1,0,1996.0,,2 plantas,1,1,1852196,2,1.0,Olèrdola,"Calle Príncep d´Olèrdola, 5"," Calle Príncep d´Olèrdola, 5 , Olèrdola , Alt Penedès, Barcelona ",,"Alt Penedès, Barcelona",732,179.0,2019-04-12,350000,0,5.0,1,1,1,False,True,False,False,False,False,False,False,False,False,False,False,False,False,False,False,False,False,False,False,False,False,False,True,False
más de 5 meses sin actualizar,1,1,2.0,1,0,1996.0,no indicado,planta 1ª exterior,0,0,393376,3,0.0,Vilafranca del Penedès,Distrito Centre Vila," Calle Puigmolto, 11 , Distrito Centre Vila , Vilafranca del Penedès , Alt Penedès, Barcelona ","Calle Puigmolto, 11","Alt Penedès, Barcelona",270,265.0,2019-04-12,345000,0,7.0,1,0,1,False,True,False,False,False,False,False,False,False,False,False,False,False,False,False,False,False,False,False,False,False,False,False,False,False
más de 5 meses sin actualizar,0,0,1.0,1,1,1996.0,en trámite,,1,0,25057919,6,1.0,Mediona,Urb. La Font del Bosc," Calle del Fluvià, 1452 , Urb. La Font del Bosc , Mediona , Alt Penedès, Barcelona ","Calle del Fluvià, 1452","Alt Penedès, Barcelona",1100,100.0,2019-04-12,145000,0,3.0,1,0,0,False,True,False,False,False,False,False,False,False,False,False,False,True,False,False,False,False,False,False,False,False,False,False,False,False
más de 5 meses sin actualizar,0,0,2.0,0,0,1996.0,no indicado,planta 2ª exterior,1,0,32918998,0,1.0,Torrelles de Foix,carrera pontons s/n," carrera pontons s/n , Torrelles de Foix , Alt Penedès, Barcelona ",,"Alt Penedès, Barcelona",91,82.0,2019-04-12,100000,0,3.0,1,0,1,False,True,False,False,False,False,False,False,False,False,False,False,False,False,False,False,False,False,False,False,False,False,False,False,False
más de 5 meses sin actualizar,0,0,1.0,0,0,1996.0,,bajo interior,0,0,33643604,0,0.0,Vilafranca del Penedès,Distrito Les Clotes," Calle de ferran, 23 , Urb. Carrer ferran , Distrito Les Clotes , Vilafranca del Penedès , Alt Penedès, Barcelona ",Urb. Carrer ferran,"Alt Penedès, Barcelona",80,70.0,2019-04-12,95000,0,3.0,1,0,1,False,True,False,False,False,False,False,False,False,False,False,False,False,False,True,False,False,False,False,False,False,False,False,False,False
más de 5 meses sin actualizar,0,0,1.0,0,1,1996.0,en trámite,3 plantas,1,1,34714436,1,1.0,Subirats,"Passatge de la Font, 1"," Passatge de la Font, 1 , Subirats , Alt Penedès, Barcelona ",,"Alt Penedès, Barcelona",1048,99.0,2019-04-12,170000,0,1.0,1,0,1,False,True,False,False,False,False,False,False,False,False,False,False,False,False,False,False,False,False,False,False,False,False,True,False,False
más de 5 meses sin actualizar,0,0,1.0,0,0,1996.0,no indicado,1 planta,0,1,35458400,2,1.0,Pontons,Urb. La rimbalda," Calle 6, 198 , Urb. La rimbalda , Pontons , Alt Penedès, Barcelona ","Calle 6, 198","Alt Penedès, Barcelona",700,65.0,2019-04-12,65000,0,2.0,0,0,1,False,True,False,False,False,False,False,False,False,False,False,False,False,False,False,False,False,False,False,False,False,False,False,False,False
más de 5 meses sin actualizar,0,0,2.0,0,0,1996.0,,bajo exterior,0,0,36773989,0,1.0,Vilafranca del Penedès,Distrito Barceloneta - Molí d'En Rovira," Calle del General Zurbano, 36 , Distrito Barceloneta - Molí d'En Rovira , Vilafranca del Penedès , Alt Penedès, Barcelona ","Calle del General Zurbano, 36","Alt Penedès, Barcelona",110,90.0,2019-04-12,138000,0,4.0,1,0,0,False,True,False,False,False,False,False,False,False,False,False,False,False,False,True,False,False,False,False,False,False,False,False,False,False
más de 5 meses sin actualizar,0,0,1.0,0,0,1996.0,no indicado,2 plantas,1,1,37315941,2,1.0,Mediona,"Calle Avet, 16"," Calle Avet, 16 , Mediona , Alt Penedès, Barcelona ",,"Alt Penedès, Barcelona",200,99.0,2019-04-12,165000,0,4.0,1,0,1,False,True,False,False,False,False,False,False,False,False,False,False,False,False,False,False,False,False,False,False,False,False,False,False,False
más de 5 meses sin actualizar,0,1,2.0,1,0,1996.0,no indicado,planta 3ª exterior,0,0,37575290,0,1.0,Sant Pere de Riudebitlles,"Carretera La, 25"," Carretera La, 25 , Sant Pere de Riudebitlles , Alt Penedès, Barcelona ",,"Alt Penedès, Barcelona",146,99.0,2019-04-12,149000,0,4.0,0,0,1,False,True,False,False,False,False,False,False,False,False,False,False,False,False,False,False,False,False,False,False,False,False,False,False,False
más de 5 meses sin actualizar,1,0,2.0,1,0,1996.0,no indicado,planta 2ª exterior,0,0,1616126,0,1.0,Vilafranca del Penedès,Distrito Poble Nou," Calle Menéndez Pelayo, 7 , Distrito Poble Nou , Vilafranca del Penedès , Alt Penedès, Barcelona ","Calle Menéndez Pelayo, 7","Alt Penedès, Barcelona",90,80.0,2019-04-12,198000,0,3.0,1,0,1,False,True,False,False,False,False,False,False,False,False,False,False,True,False,False,False,False,False,False,False,False,False,False,False,False
más de 5 meses sin actualizar,0,1,3.0,0,0,1996.0,no indicado,2 plantas,1,0,81156236,4,1.0,Olèrdola,"Calle de Mila I Fontanals, 25"," Calle de Mila I Fontanals, 25 , Olèrdola , Alt Penedès, Barcelona ",,"Alt Penedès, Barcelona",200,99.0,2019-04-12,310000,0,4.0,1,0,1,False,True,False,False,False,False,False,False,False,False,False,False,False,False,False,False,False,False,False,False,False,False,False,False,False
más de 5 meses sin actualizar,1,1,2.0,1,0,2000.0,no indicado,planta 1ª exterior,1,0,40221876,0,1.0,Sant Sadurní d'Anoia,"Calle Rosa Sensat, 5"," Calle Rosa Sensat, 5 , Sant Sadurní d'Anoia , Alt Penedès, Barcelona ",,"Alt Penedès, Barcelona",112,95.0,2019-04-12,175000,1,3.0,1,0,0,False,True,False,False,False,False,False,False,False,False,False,False,False,True,False,False,False,False,False,False,False,False,False,False,False
más de 5 meses sin actualizar,0,1,2.0,0,1,1977.0,no indicado,2 plantas,1,0,82128609,7,1.0,Subirats,Urb. can Rosell," Calle de les perdius, 3 , Urb. can Rosell , Subirats , Alt Penedès, Barcelona ","Calle de les perdius, 3","Alt Penedès, Barcelona",615,175.0,2019-04-12,165000,1,6.0,0,0,1,False,True,False,False,False,False,False,False,False,False,False,False,False,False,False,False,False,False,False,False,False,False,True,False,False
más de 5 meses sin actualizar,0,0,2.0,1,0,1996.0,,3 plantas,1,0,28628756,2,1.0,Gelida,"Carretera Corbera, 49"," Carretera Corbera, 49 , Gelida , Alt Penedès, Barcelona ",,"Alt Penedès, Barcelona",840,321.0,2019-04-12,350000,0,4.0,1,0,1,False,True,False,False,False,False,False,False,False,False,False,False,False,False,False,False,False,False,False,False,False,False,False,False,False
más de 5 meses sin actualizar,0,0,3.0,1,0,1996.0,no indicado,2 plantas,1,1,29947241,1,1.0,Mediona,"Calle Avet, 19 -25"," Calle Avet, 19 -25 , Mediona , Alt Penedès, Barcelona ",,"Alt Penedès, Barcelona",216,99.0,2019-04-12,150000,0,8.0,1,1,1,False,True,False,False,False,False,False,False,False,False,False,False,False,False,False,False,False,False,False,False,False,False,False,False,False
más de 5 meses sin actualizar,0,0,3.0,1,0,2004.0,no indicado,2 plantas,1,1,36881437,4,1.0,Mediona,"Passatge Escoles, 11"," Passatge Escoles, 11 , Mediona , Alt Penedès, Barcelona ",,"Alt Penedès, Barcelona",190,99.0,2019-04-12,175000,0,5.0,0,0,1,False,True,False,False,False,False,False,False,False,False,False,False,False,False,False,False,False,False,False,False,False,True,False,False,False
más de 5 meses sin actualizar,1,0,2.0,0,0,1996.0,,planta 2ª exterior,1,0,37327904,0,1.0,Vilafranca del Penedès,Distrito Sant Julià," Calle de Francesc Macià, 10 , Distrito Sant Julià , Vilafranca del Penedès , Alt Penedès, Barcelona ","Calle de Francesc Macià, 10","Alt Penedès, Barcelona",120,110.0,2019-04-12,205750,0,4.0,0,0,0,False,True,False,False,False,False,False,False,False,False,False,False,False,False,False,False,False,False,False,False,False,False,True,False,False
más de 5 meses sin actualizar,1,0,4.0,1,0,1996.0,no indicado,4 plantas,1,1,418376,2,1.0,Gelida,Urb. martivell," Calle Bona Festa, 10 , Urb. martivell , Gelida , Alt Penedès, Barcelona ","Calle Bona Festa, 10","Alt Penedès, Barcelona",360,99.0,2019-04-12,675000,0,5.0,1,1,1,False,True,False,False,False,False,False,False,False,False,False,False,False,False,False,False,False,False,True,False,False,False,False,False,False
más de 5 meses sin actualizar,1,0,3.0,0,0,2000.0,no indicado,4 plantas,1,0,26970127,4,1.0,Vilafranca del Penedès,Distrito Poble Nou," Calle Creixell, 70 , Urb. ELS TI.L.LERS , Distrito Poble Nou , Vilafranca del Penedès , Alt Penedès, Barcelona ",Urb. ELS TI.L.LERS,"Alt Penedès, Barcelona",300,260.0,2019-04-12,395000,0,5.0,1,0,1,False,True,False,False,False,False,False,False,False,False,False,False,False,False,False,False,False,False,False,False,False,False,False,True,False
más de 5 meses sin actualizar,0,0,2.0,1,0,1996.0,no indicado,planta 2ª exterior,0,1,367908,0,1.0,Vilafranca del Penedès,Distrito La Girada," Rambla Generalitat, 18 , Distrito La Girada , Vilafranca del Penedès , Alt Penedès, Barcelona ","Rambla Generalitat, 18","Alt Penedès, Barcelona",115,100.0,2019-04-12,220000,0,4.0,0,1,1,False,True,False,False,False,False,False,False,False,False,False,False,False,False,False,False,False,False,False,False,False,False,False,False,True
más de 5 meses sin actualizar,0,0,3.0,1,0,1996.0,no indicado,3 plantas,1,1,1871687,2,1.0,Pacs del Penedès,Urb. pla de cavalls," urbanización Pla de Cavalls, 78 , Urb. pla de cavalls , Pacs del Penedès , Alt Penedès, Barcelona ","urbanización Pla de Cavalls, 78","Alt Penedès, Barcelona",433,99.0,2019-04-12,350000,0,4.0,1,0,1,False,True,False,False,False,False,False,False,False,False,False,False,False,False,False,False,False,False,False,False,False,False,False,False,False
más de 5 meses sin actualizar,1,1,2.0,0,0,1996.0,,2 plantas,1,1,30492824,2,1.0,Sant Pere de Riudebitlles,"Calle de Bonavista, 17"," Calle de Bonavista, 17 , Sant Pere de Riudebitlles , Alt Penedès, Barcelona ",,"Alt Penedès, Barcelona",300,120.0,2019-04-12,128000,0,4.0,1,0,1,False,True,False,False,False,False,True,False,False,False,False,False,False,False,False,False,False,False,False,False,False,True,False,False,False
más de 5 meses sin actualizar,0,0,1.0,0,0,1996.0,no indicado,2 plantas,0,0,32282575,6,1.0,Torrelles de Foix,Urb. Vilafranca La LLacuna," Carretera bp-2121, 33 , Urb. Vilafranca La LLacuna , Torrelles de Foix , Alt Penedès, Barcelona ","Carretera bp-2121, 33","Alt Penedès, Barcelona",12000,99.0,2019-04-12,250000,0,4.0,0,0,0,False,False,True,False,False,False,False,False,False,False,False,False,False,False,False,False,False,False,False,False,False,False,True,False,False
más de 5 meses sin actualizar,0,0,3.0,1,0,1996.0,,3 plantas,1,1,35021588,8,1.0,Mediona,"Calle del Molí, 31"," Calle del Molí, 31 , Mediona , Alt Penedès, Barcelona ",,"Alt Penedès, Barcelona",200,648.0,2019-04-12,470000,0,6.0,1,0,1,False,True,False,False,False,False,False,False,False,False,False,False,False,False,False,False,False,False,False,False,False,False,False,False,False
más de 5 meses sin actualizar,0,0,2.0,1,0,1996.0,no indicado,planta 2ª exterior,1,0,37759764,3,1.0,Santa Margarida i els Monjos,Urb. cal salinas," Calle Monjos, 95 , Urb. cal salinas , Santa Margarida i els Monjos , Alt Penedès, Barcelona ","Calle Monjos, 95","Alt Penedès, Barcelona",90,87.0,2019-04-12,162000,0,3.0,1,0,1,False,True,False,False,False,False,False,False,False,False,False,False,False,False,True,False,False,False,False,False,False,False,False,False,False
más de 5 meses sin actualizar,1,0,2.0,1,0,1996.0,no indicado,planta 2ª exterior,1,0,38313690,3,1.0,Santa Margarida i els Monjos,Avenida de Cal Salines s/n," Avenida de Cal Salines s/n , Santa Margarida i els Monjos , Alt Penedès, Barcelona ",,"Alt Penedès, Barcelona",135,118.0,2019-04-12,175000,0,4.0,1,0,1,False,True,False,False,False,False,False,False,False,False,False,False,False,True,False,False,False,False,False,False,False,False,False,False,False
más de 5 meses sin actualizar,1,1,1.0,0,0,1996.0,,planta 3ª exterior,0,0,26868088,5,0.0,Gelida,"Calle del Rec, 24"," Calle del Rec, 24 , Gelida , Alt Penedès, Barcelona ",,"Alt Penedès, Barcelona",82,99.0,2019-04-12,105000,0,2.0,1,0,0,False,True,False,False,False,False,False,False,False,False,False,False,False,False,False,False,False,False,False,False,False,False,False,False,False
más de 5 meses sin actualizar,1,1,2.0,1,0,1996.0,en trámite,planta 3ª exterior,0,0,81993855,5,1.0,Vilafranca del Penedès,Distrito Centre Vila," Calle del General Prim, 1 , Distrito Centre Vila , Vilafranca del Penedès , Alt Penedès, Barcelona ","Calle del General Prim, 1","Alt Penedès, Barcelona",150,120.0,2019-04-12,350000,0,3.0,1,0,1,False,True,False,False,False,False,False,False,False,False,False,False,False,False,False,False,False,False,False,False,False,False,True,False,False
más de 5 meses sin actualizar,0,0,1.0,1,0,2011.0,,1 planta,0,1,82093939,2,1.0,Mediona,"Calle Garsa, 34"," Calle Garsa, 34 , Mediona , Alt Penedès, Barcelona ",,"Alt Penedès, Barcelona",520,70.0,2019-04-12,145000,0,2.0,1,0,1,False,True,False,False,False,False,False,False,False,False,False,False,False,False,False,False,False,False,False,False,False,False,True,False,False
más de 5 meses sin actualizar,0,0,2.0,1,0,1996.0,en trámite,planta 2ª exterior,1,0,82243426,3,1.0,Gelida,"Calle Mestre Bartomeu Raurell, 3"," Calle Mestre Bartomeu Raurell, 3 , Gelida , Alt Penedès, Barcelona ",,"Alt Penedès, Barcelona",75,70.0,2019-04-12,170000,0,3.0,1,0,1,False,True,False,False,False,False,False,False,False,False,False,False,False,False,False,False,False,False,False,False,False,False,False,False,False
más de 5 meses sin actualizar,0,0,2.0,0,0,1996.0,no indicado,3 plantas,0,0,445505,2,1.0,Font-Rubí,"Avenida Cataluña, 17"," Avenida Cataluña, 17 , Font-Rubí , Alt Penedès, Barcelona ",,"Alt Penedès, Barcelona",177,140.0,2019-04-12,95000,0,5.0,1,0,0,False,False,True,False,False,False,False,False,False,False,False,False,False,False,False,False,False,False,False,False,False,False,False,False,False
más de 5 meses sin actualizar,1,1,2.0,1,0,1996.0,no indicado,2 plantas,1,1,82091646,2,1.0,Subirats,"Calle del Bosc, 38"," Calle del Bosc, 38 , Subirats , Alt Penedès, Barcelona ",,"Alt Penedès, Barcelona",600,230.0,2019-04-12,280000,0,3.0,1,0,1,False,True,False,False,False,False,False,False,False,False,False,False,False,False,False,False,False,False,False,False,False,False,True,False,False
más de 5 meses sin actualizar,0,1,1.0,0,0,1996.0,no indicado,2 plantas,0,0,25026827,2,1.0,Vilobí del Penedès,"Calle de San Pere, 5"," Calle de San Pere, 5 , Vilobí del Penedès , Alt Penedès, Barcelona ",,"Alt Penedès, Barcelona",180,173.0,2019-04-12,169000,0,2.0,1,0,1,False,True,False,False,False,False,False,False,False,False,False,False,False,False,False,False,False,False,False,False,False,False,False,False,False
más de 5 meses sin actualizar,1,0,1.0,1,0,1996.0,,planta 3ª exterior,0,1,1933206,0,0.0,Sant Sadurní d'Anoia,Urb. vIVIENDAS vILARNAU," Calle Roses, 3 , Urb. vIVIENDAS vILARNAU , Sant Sadurní d'Anoia , Alt Penedès, Barcelona ","Calle Roses, 3","Alt Penedès, Barcelona",85,75.0,2019-04-12,120000,0,3.0,0,0,1,False,True,False,False,False,False,False,False,False,False,False,False,False,False,False,False,False,False,False,False,False,False,True,False,False
más de 5 meses sin actualizar,1,0,2.0,0,0,1996.0,,3 plantas,1,1,33065473,4,1.0,Vilafranca del Penedès,Distrito L'Espirall," Calle de l'espirall, 64 , Distrito L'Espirall , Vilafranca del Penedès , Alt Penedès, Barcelona ","Calle de l'espirall, 64","Alt Penedès, Barcelona",180,99.0,2019-04-12,250000,0,4.0,1,0,1,False,True,False,False,False,False,False,False,False,False,False,False,False,False,False,False,False,False,False,False,False,False,False,False,False
más de 5 meses sin actualizar,1,0,1.0,1,0,1996.0,no indicado,1 planta,1,1,34737088,2,1.0,Gelida,Urb. Martivell," Calle Montserrat, 4 , Urb. Martivell , Gelida , Alt Penedès, Barcelona ","Calle Montserrat, 4","Alt Penedès, Barcelona",1100,99.0,2019-04-12,265000,0,3.0,1,1,1,False,True,False,False,False,False,False,False,False,False,False,False,False,False,False,False,False,False,False,False,False,False,False,False,False
más de 5 meses sin actualizar,1,1,2.0,1,0,1996.0,,planta 3ª exterior,1,0,39790286,3,1.0,Vilafranca del Penedès,Distrito Barceloneta - Molí d'En Rovira," Calle de Melió, 17 , Distrito Barceloneta - Molí d'En Rovira , Vilafranca del Penedès , Alt Penedès, Barcelona ","Calle de Melió, 17","Alt Penedès, Barcelona",139,99.0,2019-04-12,269000,0,4.0,0,0,1,False,True,False,False,False,False,False,False,False,False,False,False,False,False,False,False,False,False,False,False,False,False,False,False,False
más de 5 meses sin actualizar,0,0,2.0,0,0,1996.0,,3 plantas,0,0,40202377,1,1.0,Torrelavit,"Calle Santiago Russinyol, 14"," Calle Santiago Russinyol, 14 , Torrelavit , Alt Penedès, Barcelona ",,"Alt Penedès, Barcelona",200,159.0,2019-04-12,126000,0,4.0,1,0,1,False,False,True,False,False,False,False,False,False,False,False,False,False,False,False,False,False,False,False,False,False,False,False,False,False
más de 5 meses sin actualizar,1,1,3.0,1,0,1996.0,en trámite,2 plantas,1,1,40486978,2,1.0,Olèrdola,Urb. PUEBLO," Calle Mas Romeu, 2 , Urb. PUEBLO , Olèrdola , Alt Penedès, Barcelona ","Calle Mas Romeu, 2","Alt Penedès, Barcelona",724,99.0,2019-04-12,560000,1,6.0,1,1,1,False,True,False,False,False,False,False,False,False,False,False,False,False,False,False,False,False,False,False,False,False,False,True,False,False
más de 5 meses sin actualizar,0,1,2.0,1,0,1996.0,no indicado,3 plantas,1,1,1973780,4,1.0,Santa Margarida i els Monjos,"Calle Monsteny, 29"," Calle Monsteny, 29 , Santa Margarida i els Monjos , Alt Penedès, Barcelona ",,"Alt Penedès, Barcelona",300,99.0,2019-04-12,299000,0,5.0,1,0,1,False,True,False,False,False,False,False,False,False,False,False,False,False,False,False,False,False,False,False,False,False,False,False,False,False
más de 5 meses sin actualizar,0,1,1.0,0,0,1996.0,en trámite,planta 4ª exterior,0,1,81489448,0,0.0,Sant Sadurní d'Anoia,Urb. VILARNAU," Calle Geranis, 7 , Urb. VILARNAU , Sant Sadurní d'Anoia , Alt Penedès, Barcelona ","Calle Geranis, 7","Alt Penedès, Barcelona",84,74.0,2019-04-12,60000,0,2.0,1,0,0,False,True,False,False,False,False,False,False,False,False,False,False,False,False,False,False,False,False,False,False,False,False,False,False,False
Anuncio actualizado el 14 de noviembre,1,1,1.0,0,0,1996.0,en trámite,planta 2ª exterior,1,0,83098321,0,1.0,Sant Sadurní d'Anoia,," , Sant Sadurní d'Anoia , Alt Penedès, Barcelona ",,"Alt Penedès, Barcelona",55,99.0,2019-04-12,114840,0,2.0,0,0,0,False,True,False,False,False,False,True,False,False,False,False,False,False,False,False,False,False,False,False,False,False,False,False,False,False
Anuncio actualizado el 24 de marzo,1,0,1.0,0,0,1996.0,no indicado,planta 3ª exterior,1,0,36382190,0,0.0,Sant Sadurní d'Anoia,"Calle del Vallès, 4"," Calle del Vallès, 4 , Sant Sadurní d'Anoia , Alt Penedès, Barcelona ",,"Alt Penedès, Barcelona",100,99.0,2019-04-12,160000,0,4.0,1,0,1,False,True,False,False,False,False,False,False,False,False,False,False,False,False,False,False,False,False,False,False,False,False,False,False,False
Anuncio actualizado el 8 de abril,1,0,1.0,0,0,1996.0,no indicado,1 planta,0,1,37251063,2,1.0,Sant Quintí de Mediona,"Calle Barcelona, 97"," Calle Barcelona, 97 , Sant Quintí de Mediona , Alt Penedès, Barcelona ",,"Alt Penedès, Barcelona",1118,99.0,2019-04-12,180000,0,4.0,1,1,1,False,True,False,False,False,False,False,False,True,False,False,False,False,False,False,False,False,False,False,False,False,False,True,False,False
Anuncio actualizado el 5 de febrero,0,0,2.0,0,0,1996.0,no indicado,,0,0,334861,2,1.0,Mediona,"Calle Florenci Gustems, 8"," Calle Florenci Gustems, 8 , Mediona , Alt Penedès, Barcelona ",,"Alt Penedès, Barcelona",480,99.0,2019-04-12,475000,0,4.0,0,0,0,False,True,False,False,False,False,False,False,False,False,False,False,False,False,False,False,False,False,False,False,False,False,False,False,False
Anuncio actualizado el 19 de diciembre,0,0,3.0,0,0,1996.0,no indicado,2 plantas,1,0,83628033,8,1.0,Sant Quintí de Mediona,"Avenida de Catalunya, 12"," Avenida de Catalunya, 12 , Sant Quintí de Mediona , Alt Penedès, Barcelona ",,"Alt Penedès, Barcelona",237,99.0,2019-04-12,188000,0,4.0,0,0,1,False,True,False,False,False,False,False,False,False,False,False,False,False,False,False,False,False,False,False,False,False,False,False,False,False
Anuncio actualizado el 7 de abril,1,1,3.0,0,0,1996.0,en trámite,planta 2ª exterior,0,0,84532289,3,1.0,El Pla del Penedès,"Doctor Ferran, 2"," Doctor Ferran, 2 , El Pla del Penedès , Alt Penedès, Barcelona ",,"Alt Penedès, Barcelona",140,100.0,2019-04-12,187000,0,4.0,0,0,1,False,True,False,False,False,False,False,False,False,False,False,False,False,False,True,False,False,False,False,False,False,False,False,False,False
Anuncio actualizado el 8 de marzo,0,0,2.0,0,0,1996.0,,,1,0,84592012,1,1.0,Vilafranca del Penedès,Distrito Sant Julià," Calle de Sant Pere, 23 , Distrito Sant Julià , Vilafranca del Penedès , Alt Penedès, Barcelona ","Calle de Sant Pere, 23","Alt Penedès, Barcelona",175,99.0,2019-04-12,167500,0,4.0,0,0,1,False,True,False,False,False,False,False,False,False,False,False,False,False,False,False,False,False,False,False,False,False,False,False,False,False
Anuncio actualizado el 18 de marzo,0,0,2.0,0,0,1996.0,no indicado,planta 1ª exterior,0,0,84708406,0,0.0,Vilafranca del Penedès,Distrito Les Clotes," Calle de l'Escorxador, 8 , Distrito Les Clotes , Vilafranca del Penedès , Alt Penedès, Barcelona ","Calle de l'Escorxador, 8","Alt Penedès, Barcelona",95,99.0,2019-04-12,97000,0,4.0,0,0,0,False,True,False,False,False,False,False,False,False,False,False,False,False,False,False,False,False,False,False,False,False,False,False,False,False
Anuncio actualizado el 5 de mayo,0,0,1.0,1,0,1996.0,no indicado,,0,0,828406,2,1.0,Sant Sadurní d'Anoia,Calle fullerachs," Calle fullerachs , Sant Sadurní d'Anoia , Alt Penedès, Barcelona ",,"Alt Penedès, Barcelona",20000,99.0,2019-04-12,1500000,0,5.0,0,0,0,False,True,False,False,False,False,False,False,False,False,False,False,False,False,False,False,False,False,False,False,False,False,False,False,False
Anuncio actualizado el 13 de febrero,0,0,4.0,0,0,1996.0,,,0,0,37444082,0,0.0,Vilafranca del Penedès,Distrito La Girada," Calle de la conca de barberà , Distrito La Girada , Vilafranca del Penedès , Alt Penedès, Barcelona ",Calle de la conca de barberà,"Alt Penedès, Barcelona",369,99.0,2019-04-12,450000,0,4.0,0,0,0,False,True,False,False,False,False,False,False,False,False,False,False,False,False,False,False,False,False,False,False,False,False,False,False,False
Anuncio actualizado el 31 de marzo,0,0,2.0,0,0,1996.0,en trámite,planta 2ª exterior,1,0,84733798,0,1.0,Vilafranca del Penedès,Distrito Barceloneta - Molí d'En Rovira," Calle de Sant Raimon de Penyafort, 18 , Distrito Barceloneta - Molí d'En Rovira , Vilafranca del Penedès , Alt Penedès, Barcelona ","Calle de Sant Raimon de Penyafort, 18","Alt Penedès, Barcelona",90,99.0,2019-04-12,148000,0,3.0,0,0,0,False,True,False,False,False,False,False,False,False,False,False,False,False,False,False,False,False,False,False,False,False,False,False,False,False
Anuncio actualizado el 1 de abril,0,0,1.0,0,0,1996.0,no indicado,planta 1ª exterior,0,0,84886893,0,1.0,Sant Quintí de Mediona,"Calle del General Weyler, 40"," Calle del General Weyler, 40 , Sant Quintí de Mediona , Alt Penedès, Barcelona ",,"Alt Penedès, Barcelona",71,99.0,2019-04-12,80000,0,2.0,1,0,0,False,True,False,False,False,False,False,False,False,False,False,False,False,False,False,False,False,False,False,False,False,False,False,False,False
Anuncio actualizado el 12 de febrero,0,0,2.0,0,0,2007.0,,planta 2ª exterior,1,1,84243231,0,1.0,Sant Pere de Riudebitlles,," , Sant Pere de Riudebitlles , Alt Penedès, Barcelona ",,"Alt Penedès, Barcelona",80,70.0,2019-04-12,168000,0,3.0,0,1,1,False,True,False,False,False,False,False,False,False,False,False,False,False,False,False,False,False,False,False,False,False,False,False,False,True
Anuncio actualizado el 31 de marzo,0,0,1.0,0,0,1996.0,,bajo,1,0,33134192,0,1.0,Sant Llorenç d'Hortons,Urb. 30423-0001," Calle del Raval, 18 , Urb. 30423-0001 , Sant Llorenç d'Hortons , Alt Penedès, Barcelona ","Calle del Raval, 18","Alt Penedès, Barcelona",58,99.0,2019-04-12,94700,0,2.0,1,0,0,False,False,False,False,False,False,False,False,False,False,False,False,False,False,False,False,False,False,False,False,False,False,False,False,False
Anuncio actualizado el 15 de mayo,0,0,9.0,0,0,1996.0,no indicado,,0,1,33963400,9,1.0,Font-Rubí,," , Font-Rubí , Alt Penedès, Barcelona ",,"Alt Penedès, Barcelona",6,825.0,2019-04-12,320000,0,10.0,0,0,0,False,False,False,False,False,False,False,False,False,False,False,False,False,False,False,False,False,False,False,False,False,False,False,False,False
Anuncio actualizado el 8 de abril,1,0,1.0,0,0,1996.0,no indicado,planta 4ª exterior,0,0,36233721,0,1.0,Sant Pere de Riudebitlles,"Carretera La, 25"," Carretera La, 25 , Sant Pere de Riudebitlles , Alt Penedès, Barcelona ",,"Alt Penedès, Barcelona",70,66.0,2019-04-12,87000,0,3.0,1,0,1,False,True,False,False,False,False,False,False,False,False,False,False,False,False,True,False,False,False,False,False,False,False,False,False,False
Anuncio actualizado el 5 de abril,0,0,1.0,0,0,1996.0,en trámite,bajo exterior,0,0,84957756,0,1.0,Vilafranca del Penedès,Distrito L'Espirall," Calle d'Antonio Acedo de Sopetran, 2 , Distrito L'Espirall , Vilafranca del Penedès , Alt Penedès, Barcelona ","Calle d'Antonio Acedo de Sopetran, 2","Alt Penedès, Barcelona",75,99.0,2019-04-12,154000,0,2.0,0,0,0,False,True,False,False,False,False,False,False,False,False,False,False,False,False,False,False,False,False,False,False,False,False,False,False,False
Anuncio actualizado el 5 de abril,0,0,2.0,0,0,1996.0,no indicado,planta 3ª interior,0,0,84963582,0,1.0,Vilafranca del Penedès,Distrito L'Espirall," Calle de Mas i Jornet, 11 , Distrito L'Espirall , Vilafranca del Penedès , Alt Penedès, Barcelona ","Calle de Mas i Jornet, 11","Alt Penedès, Barcelona",95,99.0,2019-04-12,175000,0,3.0,0,0,0,False,True,False,False,False,False,False,False,False,False,False,False,False,False,False,False,False,False,False,False,False,False,False,False,False
Anuncio actualizado el 15 de marzo,0,0,2.0,0,0,1996.0,en trámite,,0,0,84678837,1,1.0,Vilafranca del Penedès,Distrito Centre Vila," ferrers , Distrito Centre Vila , Vilafranca del Penedès , Alt Penedès, Barcelona ",ferrers,"Alt Penedès, Barcelona",234,200.0,2019-04-12,100000,0,4.0,0,0,0,False,False,True,False,False,False,False,False,False,False,False,False,False,False,False,False,False,False,False,False,False,False,False,False,False
Anuncio actualizado el 8 de abril,0,0,2.0,0,0,1996.0,no indicado,planta 4ª exterior,0,0,84985306,3,0.0,Vilafranca del Penedès,Distrito Centre Vila," Calle de la Parellada, 43 , Distrito Centre Vila , Vilafranca del Penedès , Alt Penedès, Barcelona ","Calle de la Parellada, 43","Alt Penedès, Barcelona",140,99.0,2019-04-12,240000,0,2.0,0,0,1,False,True,False,False,False,False,False,False,False,False,False,False,False,False,False,False,False,False,False,False,False,False,False,False,False
Anuncio actualizado el 15 de febrero,0,0,1.0,0,0,1996.0,,,0,0,38624253,0,0.0,Torrelles de Foix,Calle el raval," Calle el raval , Torrelles de Foix , Alt Penedès, Barcelona ",,"Alt Penedès, Barcelona",47,35.0,2019-04-12,28585,0,1.0,0,0,0,False,True,False,False,False,False,False,False,False,False,False,False,False,False,False,False,False,False,False,False,False,False,False,False,False
Anuncio actualizado el 19 de febrero,0,0,1.0,0,0,1996.0,,,0,0,81693455,0,0.0,Torrelles de Foix,Calle el Raval," Calle el Raval , Torrelles de Foix , Alt Penedès, Barcelona ",,"Alt Penedès, Barcelona",55,41.0,2019-04-12,61362,0,1.0,0,0,0,False,True,False,False,False,False,False,False,False,False,False,False,False,False,False,False,False,False,False,False,False,False,False,False,False
Anuncio actualizado el 19 de febrero,0,0,1.0,0,0,1996.0,,,0,0,84240341,0,0.0,Torrelles de Foix,Calle el Raval," Calle el Raval , Torrelles de Foix , Alt Penedès, Barcelona ",,"Alt Penedès, Barcelona",47,35.0,2019-04-12,30283,0,1.0,0,0,0,False,True,False,False,False,False,False,False,False,False,False,False,False,False,False,False,False,False,False,False,False,False,False,False,False
Anuncio actualizado el 4 de enero,0,0,1.0,0,0,1996.0,en trámite,,1,0,83738532,2,1.0,Mediona,," , Mediona , Alt Penedès, Barcelona ",,"Alt Penedès, Barcelona",600,99.0,2019-04-12,120000,0,3.0,0,0,1,False,True,False,False,False,False,False,False,False,False,False,False,False,False,False,False,False,False,False,False,False,False,False,False,False
Anuncio actualizado el 19 de marzo,0,0,1.0,0,0,1996.0,en trámite,,1,1,84676458,2,1.0,Pontons,," , Pontons , Alt Penedès, Barcelona ",,"Alt Penedès, Barcelona",800,99.0,2019-04-12,112000,0,3.0,1,1,1,False,True,False,False,False,False,True,False,False,False,False,False,False,False,False,False,False,False,False,False,False,False,False,False,False
Anuncio actualizado el 5 de mayo,1,0,1.0,1,0,1995.0,no indicado,planta 1ª exterior,1,0,32329107,0,1.0,Sant Sadurní d'Anoia,," , Sant Sadurní d'Anoia , Alt Penedès, Barcelona ",,"Alt Penedès, Barcelona",80,70.0,2019-04-12,190000,0,2.0,0,0,0,False,True,False,False,False,False,False,False,False,False,False,False,False,False,False,False,False,False,False,False,False,True,False,False,False
Anuncio actualizado el 2 de abril,0,0,1.0,0,0,1996.0,en trámite,,0,1,84247172,2,1.0,Pontons,," , Pontons , Alt Penedès, Barcelona ",,"Alt Penedès, Barcelona",1017,99.0,2019-04-12,66000,0,2.0,0,0,0,False,False,True,False,False,False,False,False,False,False,False,False,False,False,False,False,False,False,False,False,False,False,False,False,False
Anuncio actualizado el 6 de noviembre,1,1,2.0,1,0,1996.0,en trámite,planta 1ª exterior,1,0,82988398,3,1.0,Vilafranca del Penedès,Distrito Barceloneta - Molí d'En Rovira," , Distrito Barceloneta - Molí d'En Rovira , Vilafranca del Penedès , Alt Penedès, Barcelona ",,"Alt Penedès, Barcelona",125,115.0,2019-04-12,250000,0,3.0,0,0,1,False,True,False,False,True,False,False,False,False,False,False,False,False,False,False,False,False,False,False,False,False,False,False,False,False
Anuncio actualizado el 3 de enero,0,0,2.0,0,0,1996.0,en trámite,planta 1ª exterior,0,0,83732890,0,0.0,Mediona,," , Mediona , Alt Penedès, Barcelona ",,"Alt Penedès, Barcelona",120,99.0,2019-04-12,91000,0,4.0,0,0,1,False,True,False,False,False,False,False,False,False,False,False,False,False,False,False,False,False,False,False,False,False,False,False,False,False
Anuncio actualizado el 13 de febrero,0,0,1.0,0,0,1996.0,en trámite,,0,1,83738643,2,1.0,Mediona,," , Mediona , Alt Penedès, Barcelona ",,"Alt Penedès, Barcelona",600,99.0,2019-04-12,150000,0,3.0,0,0,1,False,True,False,False,False,False,False,False,False,False,False,False,False,False,False,False,False,False,False,False,False,False,False,False,False
más de 5 meses sin actualizar,0,0,2.0,0,0,1996.0,no indicado,3 plantas,0,0,32838328,2,1.0,Subirats,"Calle de la creu, 4"," Calle de la creu, 4 , Subirats , Alt Penedès, Barcelona ",,"Alt Penedès, Barcelona",375,99.0,2019-04-12,220000,0,4.0,0,0,0,False,True,False,False,False,False,False,False,False,False,False,False,False,False,False,False,False,False,False,False,False,False,False,False,False
Anuncio actualizado el 15 de noviembre,0,0,1.0,0,0,1996.0,no indicado,planta 2ª exterior,0,0,39886696,0,0.0,Vilafranca del Penedès,Distrito Sant Julià," , Distrito Sant Julià , Vilafranca del Penedès , Alt Penedès, Barcelona ",,"Alt Penedès, Barcelona",96,80.0,2019-04-12,75000,0,4.0,0,0,0,False,False,True,False,False,False,False,False,False,False,False,False,False,False,False,False,False,False,False,False,False,False,False,False,False
Anuncio actualizado el 28 de febrero,0,0,2.0,0,0,1996.0,,,0,0,37737655,0,1.0,Torrelles de Foix,," , Torrelles de Foix , Alt Penedès, Barcelona ",,"Alt Penedès, Barcelona",230,169.0,2019-04-12,175500,0,4.0,0,0,0,True,False,False,False,False,False,False,False,False,False,False,False,False,False,False,False,False,False,False,False,False,False,False,False,False
Anuncio actualizado el 28 de febrero,0,0,1.0,0,0,1996.0,,,0,0,37723540,0,1.0,El Pla del Penedès,," , El Pla del Penedès , Alt Penedès, Barcelona ",,"Alt Penedès, Barcelona",79,72.0,2019-04-12,83000,0,3.0,0,0,0,True,False,False,False,False,False,False,False,False,False,False,False,False,False,False,False,False,False,False,False,False,False,False,False,False
Anuncio actualizado el 28 de febrero,0,0,1.0,0,0,1996.0,,,0,0,37723548,0,1.0,El Pla del Penedès,," , El Pla del Penedès , Alt Penedès, Barcelona ",,"Alt Penedès, Barcelona",71,62.0,2019-04-12,54600,0,3.0,0,0,0,True,False,False,False,False,False,False,False,False,False,False,False,False,False,False,False,False,False,False,False,False,False,False,False,False
Anuncio actualizado el 28 de febrero,0,0,1.0,0,0,1996.0,,,0,0,37723530,0,1.0,El Pla del Penedès,," , El Pla del Penedès , Alt Penedès, Barcelona ",,"Alt Penedès, Barcelona",70,62.0,2019-04-12,66200,0,2.0,0,0,0,True,False,False,False,False,False,False,False,False,False,False,False,False,False,False,False,False,False,False,False,False,False,False,False,False
Anuncio actualizado el 28 de febrero,0,0,2.0,0,0,1996.0,,,0,0,37723542,0,1.0,El Pla del Penedès,," , El Pla del Penedès , Alt Penedès, Barcelona ",,"Alt Penedès, Barcelona",85,99.0,2019-04-12,86100,0,3.0,0,0,0,True,False,False,False,False,False,False,False,False,False,False,False,False,False,False,False,False,False,False,False,False,False,False,False,False
Anuncio actualizado el 6 de junio,0,0,1.0,0,0,2007.0,,bajo exterior,1,0,39437740,0,1.0,Sant Pere de Riudebitlles,," , Sant Pere de Riudebitlles , Alt Penedès, Barcelona ",,"Alt Penedès, Barcelona",75,60.0,2019-04-12,99000,0,2.0,1,0,0,False,True,False,False,False,False,False,False,False,False,False,False,False,False,False,False,False,False,False,False,False,False,False,False,False
Anuncio actualizado el 3 de diciembre,0,0,3.0,0,0,1996.0,en trámite,,0,0,81809754,4,1.0,Gelida,," , Gelida , Alt Penedès, Barcelona ",,"Alt Penedès, Barcelona",135,130.0,2019-04-12,275000,0,5.0,0,0,1,False,True,False,False,False,False,False,False,False,False,False,False,False,False,False,False,False,False,True,False,False,False,False,False,False
Anuncio actualizado el 23 de octubre,0,1,1.0,0,1,1900.0,en trámite,2 plantas,1,1,81928720,10,1.0,Sant Martí Sarroca,," , Sant Martí Sarroca , Alt Penedès, Barcelona ",,"Alt Penedès, Barcelona",240,99.0,2019-04-12,298000,0,7.0,1,0,1,False,True,False,False,False,False,False,False,False,False,False,False,False,False,False,False,False,False,False,False,False,False,True,False,False
Anuncio actualizado el 13 de febrero,0,0,2.0,0,0,1996.0,,,0,0,82644696,2,1.0,Torrelles de Foix,," , Torrelles de Foix , Alt Penedès, Barcelona ",,"Alt Penedès, Barcelona",186,99.0,2019-04-12,82000,0,6.0,0,0,0,False,True,False,False,False,False,False,False,False,False,False,False,False,False,False,False,False,False,False,False,False,False,False,False,False
Anuncio actualizado el 9 de marzo,0,0,2.0,0,0,1996.0,,,0,0,82715550,9,1.0,Torrelles de Foix,," , Torrelles de Foix , Alt Penedès, Barcelona ",,"Alt Penedès, Barcelona",1000,99.0,2019-04-12,132820,0,3.0,1,0,0,False,False,False,False,False,False,False,False,False,False,False,False,False,False,False,False,False,False,False,False,False,False,False,False,False
Anuncio actualizado el 9 de marzo,0,0,1.0,0,0,1996.0,,exterior,0,0,82740511,0,0.0,Torrelles de Foix,," , Torrelles de Foix , Alt Penedès, Barcelona ",,"Alt Penedès, Barcelona",65,99.0,2019-04-12,46450,0,3.0,0,1,0,False,False,False,False,False,False,False,False,False,False,False,False,False,False,False,False,False,False,False,False,False,False,False,False,False
Anuncio actualizado el 9 de marzo,0,0,1.0,0,0,1996.0,,exterior,0,0,82709274,0,0.0,Sant Martí Sarroca,," , Sant Martí Sarroca , Alt Penedès, Barcelona ",,"Alt Penedès, Barcelona",88,78.0,2019-04-12,124200,0,2.0,0,0,0,False,False,False,False,False,False,False,False,False,False,False,False,False,False,False,False,False,False,False,False,False,False,False,False,False
Anuncio actualizado el 9 de marzo,0,0,1.0,0,0,1996.0,no indicado,planta 2ª exterior,0,0,82695706,0,0.0,Sant Pere de Riudebitlles,," , Sant Pere de Riudebitlles , Alt Penedès, Barcelona ",,"Alt Penedès, Barcelona",89,86.0,2019-04-12,106830,0,4.0,0,0,0,False,False,False,False,False,False,False,False,False,False,False,False,False,False,False,False,False,False,False,False,False,False,False,False,False
Anuncio actualizado el 9 de marzo,0,0,2.0,0,0,1996.0,no indicado,,0,1,82715552,9,1.0,Pontons,," , Pontons , Alt Penedès, Barcelona ",,"Alt Penedès, Barcelona",405,99.0,2019-04-12,82600,0,3.0,0,0,0,False,False,False,False,False,False,False,False,False,False,False,False,False,False,False,False,False,False,False,False,False,False,False,False,False
Anuncio actualizado el 9 de marzo,0,0,1.0,0,0,1996.0,,exterior,0,0,83238393,0,0.0,Vilafranca del Penedès,Distrito Sant Julià," , Distrito Sant Julià , Vilafranca del Penedès , Alt Penedès, Barcelona ",,"Alt Penedès, Barcelona",100,87.0,2019-04-12,135790,0,4.0,0,0,0,False,True,False,False,False,False,False,False,False,False,False,False,False,False,False,False,False,False,False,False,False,False,False,False,False
Anuncio actualizado el 5 de abril,0,0,2.0,0,0,1996.0,en trámite,bajo,0,0,84371226,0,0.0,Santa Margarida i els Monjos,," , Santa Margarida i els Monjos , Alt Penedès, Barcelona ",,"Alt Penedès, Barcelona",89,82.0,2019-04-12,99110,0,3.0,0,0,0,False,True,False,False,False,False,False,False,False,False,False,False,False,False,False,False,False,False,False,False,False,False,False,False,False
Anuncio actualizado el 20 de febrero,0,0,1.0,0,0,1996.0,no indicado,,1,0,26626713,2,1.0,Torrelles de Foix,Urb. can coral," Calle Drago, 18 , Urb. can coral , Torrelles de Foix , Alt Penedès, Barcelona ","Calle Drago, 18","Alt Penedès, Barcelona",70,99.0,2019-04-12,80000,0,2.0,0,0,0,False,True,False,False,False,False,False,False,False,False,False,False,False,False,False,False,False,False,False,False,False,False,False,False,False
Anuncio actualizado el 27 de enero,0,0,1.0,0,0,1996.0,no indicado,1 planta,0,0,32998694,4,1.0,Gelida,"Calle Tarongers, 17"," Calle Tarongers, 17 , Gelida , Alt Penedès, Barcelona ",,"Alt Penedès, Barcelona",65,99.0,2019-04-12,130000,0,3.0,0,0,0,False,True,False,False,False,False,False,False,False,False,False,False,False,False,False,False,False,False,False,False,False,False,False,False,False
Anuncio actualizado el 18 de enero,0,0,1.0,0,0,1996.0,en trámite,planta 2ª exterior,0,0,33855126,0,1.0,Vilafranca del Penedès,Distrito Centre Vila," Calle de la parellada, 4 , Distrito Centre Vila , Vilafranca del Penedès , Alt Penedès, Barcelona ","Calle de la parellada, 4","Alt Penedès, Barcelona",160,99.0,2019-04-12,250000,0,4.0,0,0,1,False,False,True,False,False,False,False,False,False,False,False,False,False,False,False,False,False,False,False,False,False,False,False,False,False
Anuncio actualizado el 12 de marzo,0,0,2.0,0,0,1996.0,no indicado,3 plantas,0,0,34196527,4,1.0,Avinyonet del Penedès,"Calle torre romana, 7"," Calle torre romana, 7 , Avinyonet del Penedès , Alt Penedès, Barcelona ",,"Alt Penedès, Barcelona",66,197.0,2019-04-12,75000,0,4.0,0,0,0,False,False,True,False,False,False,False,False,False,False,False,False,False,False,False,False,False,False,False,False,False,False,False,False,True
Anuncio actualizado el 7 de abril,0,0,2.0,0,0,2012.0,no indicado,,0,0,35995360,2,1.0,Sant Martí Sarroca,"Calle Verge de Montserrat, 6"," Calle Verge de Montserrat, 6 , Sant Martí Sarroca , Alt Penedès, Barcelona ",,"Alt Penedès, Barcelona",420,99.0,2019-04-12,265000,0,4.0,0,0,0,False,True,False,False,False,False,False,False,False,False,False,False,False,False,False,False,False,False,False,False,False,False,False,False,False
Anuncio actualizado el 5 de diciembre,0,0,1.0,0,0,1996.0,no indicado,3 plantas,1,0,39886698,9,1.0,El Pla del Penedès,," , El Pla del Penedès , Alt Penedès, Barcelona ",,"Alt Penedès, Barcelona",165,110.0,2019-04-12,99000,0,3.0,0,0,0,False,False,False,False,False,False,False,False,False,False,False,False,False,False,False,False,False,False,False,False,False,False,False,False,False
Anuncio actualizado el 19 de marzo,0,0,1.0,0,0,2006.0,,bajo exterior,1,0,39624186,0,1.0,Sant Llorenç d'Hortons,," , Sant Llorenç d'Hortons , Alt Penedès, Barcelona ",,"Alt Penedès, Barcelona",90,68.0,2019-04-12,105000,0,2.0,0,0,0,False,True,False,False,False,False,False,False,False,False,False,False,False,False,False,False,False,False,False,False,False,False,False,False,False
Anuncio actualizado el 10 de abril,0,1,1.0,0,0,1996.0,no indicado,planta 4ª,0,0,83202903,0,1.0,Vilafranca del Penedès,Distrito Barceloneta - Molí d'En Rovira," , Distrito Barceloneta - Molí d'En Rovira , Vilafranca del Penedès , Alt Penedès, Barcelona ",,"Alt Penedès, Barcelona",95,80.0,2019-04-12,105000,0,3.0,0,0,0,False,True,False,False,False,False,True,False,False,False,False,False,False,False,False,False,False,False,False,False,False,False,False,False,False
Anuncio actualizado el 10 de abril,0,0,0.0,0,0,1996.0,no indicado,,0,0,83174447,1,1.0,Vilafranca del Penedès,Distrito Centre Vila," , Distrito Centre Vila , Vilafranca del Penedès , Alt Penedès, Barcelona ",,"Alt Penedès, Barcelona",380,99.0,2019-04-12,158000,0,0.0,0,0,0,False,False,True,False,False,False,False,False,False,False,False,False,False,False,False,False,False,False,False,False,False,False,False,False,False
Anuncio actualizado el 8 de abril,0,0,2.0,0,0,1996.0,no indicado,,0,0,84701607,0,1.0,Vilafranca del Penedès,Distrito Barceloneta - Molí d'En Rovira," , Distrito Barceloneta - Molí d'En Rovira , Vilafranca del Penedès , Alt Penedès, Barcelona ",,"Alt Penedès, Barcelona",79,99.0,2019-04-12,69000,0,5.0,0,0,0,False,False,False,False,False,False,False,False,False,False,False,False,False,False,False,False,False,False,False,False,False,False,False,False,False
Anuncio actualizado el 7 de abril,1,0,3.0,1,0,1996.0,,3 plantas,1,1,26120525,8,1.0,Gelida,Urb. La Fanga," Calle Enric Prat de la Riba, 41 , Urb. La Fanga , Gelida , Alt Penedès, Barcelona ","Calle Enric Prat de la Riba, 41","Alt Penedès, Barcelona",220,250.0,2019-04-12,347700,0,4.0,1,1,1,False,True,False,False,False,False,False,False,False,False,False,False,False,False,False,False,False,False,False,False,False,False,False,True,False
Anuncio actualizado el 26 de noviembre,0,0,2.0,0,0,1996.0,en trámite,planta 2ª exterior,0,0,30019209,0,0.0,Sant Pere de Riudebitlles,"Calle Delfi Ortiz, 25"," Calle Delfi Ortiz, 25 , Sant Pere de Riudebitlles , Alt Penedès, Barcelona ",,"Alt Penedès, Barcelona",90,99.0,2019-04-12,70000,0,4.0,0,0,1,False,False,True,False,False,False,False,False,False,False,False,False,False,True,False,False,False,False,False,False,False,False,False,False,False
Anuncio actualizado el 21 de diciembre,1,0,2.0,1,0,1996.0,en trámite,bajo exterior,1,0,35551768,0,1.0,El Pla del Penedès,"Calle Joan Oró, 3"," Calle Joan Oró, 3 , El Pla del Penedès , Alt Penedès, Barcelona ",,"Alt Penedès, Barcelona",80,99.0,2019-04-12,140000,0,3.0,1,1,1,False,True,False,False,False,False,False,False,False,False,False,False,False,False,False,False,False,False,False,False,False,False,False,False,False
Anuncio actualizado el 6 de marzo,0,0,2.0,0,0,1996.0,,,0,0,37716085,0,0.0,Sant Quintí de Mediona,," , Sant Quintí de Mediona , Alt Penedès, Barcelona ",,"Alt Penedès, Barcelona",123,95.0,2019-04-12,95600,0,3.0,0,0,0,True,False,False,False,False,False,False,False,False,False,False,False,False,False,False,False,False,False,False,False,False,False,False,False,False
Anuncio actualizado el 6 de marzo,0,0,2.0,0,0,1996.0,,,0,0,37716066,0,1.0,Sant Quintí de Mediona,," , Sant Quintí de Mediona , Alt Penedès, Barcelona ",,"Alt Penedès, Barcelona",91,75.0,2019-04-12,110300,0,3.0,0,0,0,True,False,False,False,False,False,False,False,False,False,False,False,False,False,False,False,False,False,False,False,False,False,False,False,False
Anuncio actualizado el 24 de marzo,1,0,2.0,1,0,1996.0,,2 plantas,0,0,81660159,2,1.0,Sant Llorenç d'Hortons,"Avenida Circunvallació, 14"," Avenida Circunvallació, 14 , Sant Llorenç d'Hortons , Alt Penedès, Barcelona ",,"Alt Penedès, Barcelona",490,99.0,2019-04-12,150000,0,3.0,0,0,0,False,True,False,False,False,False,False,False,False,False,False,False,False,False,False,False,False,False,False,False,False,False,False,True,False
Anuncio actualizado el 22 de enero,0,0,4.0,1,0,1996.0,,,0,1,38295722,9,1.0,Vilafranca del Penedès,Distrito La Girada," , Distrito La Girada , Vilafranca del Penedès , Alt Penedès, Barcelona ",,"Alt Penedès, Barcelona",454,369.0,2019-04-12,450000,0,4.0,0,0,0,False,True,False,False,False,False,False,False,False,False,False,False,False,False,False,False,False,False,False,False,False,False,False,False,False
Anuncio actualizado el 24 de enero,0,0,2.0,0,0,1996.0,no indicado,2 plantas,1,0,83016059,2,1.0,Font-Rubí,," , Font-Rubí , Alt Penedès, Barcelona ",,"Alt Penedès, Barcelona",700,99.0,2019-04-12,260000,0,8.0,0,0,0,False,True,False,False,False,False,False,False,False,False,False,False,False,False,False,False,False,False,False,False,False,False,False,False,False
Anuncio actualizado el 8 de noviembre,0,0,2.0,0,0,1996.0,no indicado,2 plantas,1,0,83016180,2,1.0,Torrelles de Foix,," , Torrelles de Foix , Alt Penedès, Barcelona ",,"Alt Penedès, Barcelona",230,99.0,2019-04-12,175500,0,4.0,0,0,0,False,False,True,False,False,False,False,False,False,False,False,False,False,False,False,False,False,False,False,False,False,False,False,False,False
Anuncio actualizado el 28 de febrero,0,1,1.0,0,0,1996.0,en trámite,4 plantas,0,0,83072003,4,1.0,Sant Sadurní d'Anoia,," , Sant Sadurní d'Anoia , Alt Penedès, Barcelona ",,"Alt Penedès, Barcelona",85,70.0,2019-04-12,76000,0,2.0,1,0,1,False,False,True,False,False,False,False,False,False,False,False,True,False,False,False,False,False,False,False,False,False,False,False,False,False
Anuncio actualizado el 9 de abril,0,0,2.0,0,0,1900.0,inmueble exento,,1,0,83577697,9,1.0,Sant Quintí de Mediona,," , Sant Quintí de Mediona , Alt Penedès, Barcelona ",,"Alt Penedès, Barcelona",160,99.0,2019-04-12,65000,0,3.0,1,0,1,False,False,False,False,False,False,False,False,False,False,False,False,False,False,False,False,False,False,False,False,False,False,False,False,False
Anuncio actualizado el 12 de abril,0,1,3.0,0,1,1910.0,inmueble exento,,0,1,84521793,11,1.0,Sant Sadurní d'Anoia,"Calle de la Diputació, 1"," Calle de la Diputació, 1 , Sant Sadurní d'Anoia , Alt Penedès, Barcelona ",,"Alt Penedès, Barcelona",610,600.0,2019-04-12,800000,0,15.0,1,0,0,False,True,False,False,True,False,False,False,False,False,False,False,False,False,False,False,False,False,False,True,False,False,False,False,False
Anuncio actualizado el 7 de abril,0,0,3.0,0,0,1996.0,no indicado,,0,0,26633815,2,1.0,Torrelles de Foix,Urb. poligono 1 parcela195," Avenida Can Coral, 195 , Urb. poligono 1 parcela195 , Torrelles de Foix , Alt Penedès, Barcelona ","Avenida Can Coral, 195","Alt Penedès, Barcelona",950,99.0,2019-04-12,245000,0,4.0,0,0,0,False,True,False,False,False,False,False,False,False,False,False,False,False,False,False,False,False,False,False,False,False,False,False,False,False
Anuncio actualizado el 13 de febrero,0,0,1.0,0,0,1996.0,,planta 5ª,0,0,39083279,0,0.0,Sant Quintí de Mediona,Calle del pujol," Calle del pujol , Sant Quintí de Mediona , Alt Penedès, Barcelona ",,"Alt Penedès, Barcelona",74,99.0,2019-04-12,62500,0,3.0,0,0,0,False,True,False,False,False,False,False,False,False,False,False,False,False,False,False,False,False,False,False,False,False,False,False,False,False
Anuncio actualizado el 17 de enero,0,0,2.0,0,0,1996.0,no indicado,planta 3ª exterior,1,1,1760144,3,1.0,Sant Sadurní d'Anoia,"Calle Vilarnau, 30"," Calle Vilarnau, 30 , Sant Sadurní d'Anoia , Alt Penedès, Barcelona ",,"Alt Penedès, Barcelona",75,99.0,2019-04-12,200000,0,3.0,1,1,1,False,True,False,False,False,False,False,False,False,False,False,False,False,False,True,False,False,False,False,False,False,False,False,False,False
Anuncio actualizado el 15 de febrero,0,0,2.0,0,0,1996.0,,2 plantas,1,1,25218638,2,1.0,Mediona,"Calle 17, 39 /41"," Calle 17, 39 /41 , Mediona , Alt Penedès, Barcelona ",,"Alt Penedès, Barcelona",650,190.0,2019-04-12,200000,0,3.0,1,1,1,False,True,False,False,False,False,False,False,False,False,False,False,True,False,False,False,False,False,False,False,False,False,False,False,False
Anuncio actualizado el 11 de noviembre,0,0,2.0,0,0,1996.0,no indicado,,1,0,27486807,1,1.0,Avinyonet del Penedès,"Calle del Calvari, 38"," Calle del Calvari, 38 , Avinyonet del Penedès , Alt Penedès, Barcelona ",,"Alt Penedès, Barcelona",200,200.0,2019-04-12,75000,0,5.0,0,0,0,False,False,True,False,False,False,False,False,False,False,False,False,False,False,False,False,False,False,False,False,False,False,True,False,False
Anuncio actualizado el 26 de marzo,0,0,1.0,0,1,1996.0,no indicado,1 planta,0,1,29590957,10,1.0,Mediona,Urb. Sant Elies," Calle Nou, 105 BIS , Urb. Sant Elies , Mediona , Alt Penedès, Barcelona ","Calle Nou, 105 BIS","Alt Penedès, Barcelona",1300,99.0,2019-04-12,89000,0,2.0,1,0,1,False,True,False,False,False,False,False,False,False,False,False,False,True,False,False,False,False,False,False,False,False,False,False,False,False
Anuncio actualizado el 22 de noviembre,1,0,2.0,0,0,1996.0,no indicado,1 planta,1,1,29742252,2,1.0,Olèrdola,Urb. dalemar," Calle del Taronger, 1 , Urb. dalemar , Olèrdola , Alt Penedès, Barcelona ","Calle del Taronger, 1","Alt Penedès, Barcelona",700,99.0,2019-04-12,180000,0,4.0,1,1,1,False,True,False,False,False,False,False,False,False,False,False,False,False,False,False,False,False,False,False,False,False,False,False,False,False
Anuncio actualizado el 3 de enero,0,0,1.0,0,0,1996.0,,,0,0,31180645,9,1.0,Torrelles de Foix,," , Torrelles de Foix , Alt Penedès, Barcelona ",,"Alt Penedès, Barcelona",262,235.0,2019-04-12,99600,0,3.0,0,0,0,False,False,False,False,False,False,False,False,False,False,False,False,False,False,False,False,False,False,False,False,False,False,False,False,False
Anuncio actualizado el 3 de enero,0,0,1.0,0,0,1996.0,,,0,0,31181314,0,0.0,Vilafranca del Penedès,Distrito L'Espirall," , Distrito L'Espirall , Vilafranca del Penedès , Alt Penedès, Barcelona ",,"Alt Penedès, Barcelona",77,99.0,2019-04-12,85100,0,3.0,0,0,0,False,False,False,False,False,False,False,False,False,False,False,False,False,False,False,False,False,False,False,False,False,False,False,False,False
Anuncio actualizado el 12 de abril,0,0,1.0,0,0,1996.0,,,0,0,31859185,0,1.0,El Pla del Penedès,," , El Pla del Penedès , Alt Penedès, Barcelona ",,"Alt Penedès, Barcelona",71,62.0,2019-04-12,54600,0,3.0,0,0,0,True,False,False,False,False,False,False,False,False,False,False,False,False,False,False,False,False,False,False,False,False,False,False,False,False
Anuncio actualizado el 12 de abril,0,0,1.0,0,0,1996.0,,,0,0,32250168,0,1.0,El Pla del Penedès,," , El Pla del Penedès , Alt Penedès, Barcelona ",,"Alt Penedès, Barcelona",70,99.0,2019-04-12,66200,0,2.0,0,0,0,True,False,False,False,False,False,False,False,False,False,False,False,False,False,False,False,False,False,False,False,False,False,False,False,False
Anuncio actualizado el 12 de abril,0,0,1.0,0,0,1996.0,,,0,0,32500340,0,1.0,El Pla del Penedès,," , El Pla del Penedès , Alt Penedès, Barcelona ",,"Alt Penedès, Barcelona",79,72.0,2019-04-12,83000,0,3.0,0,0,0,True,False,False,False,False,False,False,False,False,False,False,False,False,False,False,False,False,False,False,False,False,False,False,False,False
Anuncio actualizado el 16 de diciembre,0,0,1.0,0,0,1996.0,no indicado,planta 1ª exterior,0,1,32742938,0,0.0,Torrelles de Foix,"Raval, 102"," Raval, 102 , Torrelles de Foix , Alt Penedès, Barcelona ",,"Alt Penedès, Barcelona",67,65.0,2019-04-12,39000,0,3.0,0,1,0,False,True,False,False,False,False,False,False,False,False,False,False,False,False,True,False,False,False,False,False,False,False,False,False,False
Anuncio actualizado el 24 de marzo,1,1,1.0,1,0,1996.0,no indicado,planta 9ª exterior,0,0,39675936,0,1.0,Santa Margarida i els Monjos,"Avenida Mas Catarro, 6"," Avenida Mas Catarro, 6 , Santa Margarida i els Monjos , Alt Penedès, Barcelona ",,"Alt Penedès, Barcelona",72,99.0,2019-04-12,90000,0,3.0,0,0,0,False,True,False,False,False,False,False,False,False,False,False,False,False,False,False,False,False,False,False,False,False,False,False,False,False
Anuncio actualizado el 1 de agosto,0,0,1.0,0,0,1996.0,en trámite,planta 1ª exterior,0,0,39679617,0,0.0,Vilafranca del Penedès,Distrito Sant Julià," Abat Copons , Distrito Sant Julià , Vilafranca del Penedès , Alt Penedès, Barcelona ",Abat Copons,"Alt Penedès, Barcelona",67,66.0,2019-04-12,75000,0,4.0,1,0,0,False,False,True,False,False,False,False,False,False,False,False,False,False,False,False,False,False,False,False,False,False,False,True,False,False
Anuncio actualizado el 3 de febrero,0,0,1.0,0,0,1996.0,no indicado,2 plantas,0,0,2071829,2,1.0,Sant Cugat Sesgarrigues,"Calle Creus, 9"," Calle Creus, 9 , Sant Cugat Sesgarrigues , Alt Penedès, Barcelona ",,"Alt Penedès, Barcelona",175,99.0,2019-04-12,99000,0,5.0,1,0,0,False,False,True,False,False,False,False,False,False,False,False,False,False,False,False,False,False,False,False,False,False,False,False,False,False
Anuncio actualizado el 12 de abril,0,0,2.0,0,0,1996.0,,,0,0,35040109,0,1.0,El Pla del Penedès,," , El Pla del Penedès , Alt Penedès, Barcelona ",,"Alt Penedès, Barcelona",85,99.0,2019-04-12,86100,0,3.0,0,0,0,True,False,False,False,False,False,False,False,False,False,False,False,False,False,False,False,False,False,False,False,False,False,False,False,False
Anuncio actualizado el 7 de abril,0,0,2.0,0,0,1996.0,no indicado,3 plantas,1,0,27093521,2,1.0,Puigdàlber,"Calle Manel Parellada, 9"," Calle Manel Parellada, 9 , Puigdàlber , Alt Penedès, Barcelona ",,"Alt Penedès, Barcelona",300,99.0,2019-04-12,330000,0,4.0,0,0,0,False,True,False,False,False,False,False,False,False,False,False,False,False,False,False,False,False,False,False,False,False,False,False,False,False
Anuncio actualizado el 30 de diciembre,0,0,2.0,0,0,1996.0,no indicado,planta 1ª exterior,1,0,28072764,0,1.0,Sant Llorenç d'Hortons,"Plaza Iglesia, 11"," Plaza Iglesia, 11 , Sant Llorenç d'Hortons , Alt Penedès, Barcelona ",,"Alt Penedès, Barcelona",100,99.0,2019-04-12,195000,0,3.0,0,0,0,False,True,False,False,False,False,False,False,False,False,False,False,False,False,False,False,False,False,False,False,False,False,False,False,False
Anuncio actualizado el 17 de diciembre,0,0,1.0,0,0,1996.0,no indicado,1 planta,0,0,30024222,7,1.0,Gelida,"Calle Ombú, 5"," Calle Ombú, 5 , Gelida , Alt Penedès, Barcelona ",,"Alt Penedès, Barcelona",635,99.0,2019-04-12,158000,0,3.0,0,0,0,False,True,False,False,False,False,False,False,False,False,False,False,False,False,False,False,False,False,False,False,False,False,False,False,False
Anuncio actualizado el 5 de septiembre,0,0,1.0,0,0,2006.0,no indicado,exterior,0,0,30355539,0,1.0,Sant Llorenç d'Hortons,," , Sant Llorenç d'Hortons , Alt Penedès, Barcelona ",,"Alt Penedès, Barcelona",65,60.0,2019-04-12,105000,0,2.0,0,0,0,False,False,False,False,False,False,False,False,False,False,False,False,False,False,False,False,False,False,False,False,False,False,False,False,False
Anuncio actualizado el 3 de julio,0,0,1.0,0,0,1983.0,no indicado,,0,0,30409365,9,1.0,Sant Sadurní d'Anoia,," , Sant Sadurní d'Anoia , Alt Penedès, Barcelona ",,"Alt Penedès, Barcelona",550,65.0,2019-04-12,86000,0,2.0,0,0,0,False,False,False,False,False,False,False,False,False,False,False,False,False,False,False,False,False,False,False,False,False,False,False,False,False
Anuncio actualizado el 5 de septiembre,0,0,2.0,0,0,1996.0,no indicado,,0,0,30957192,0,1.0,Torrelavit,," , Torrelavit , Alt Penedès, Barcelona ",,"Alt Penedès, Barcelona",100,95.0,2019-04-12,99000,0,4.0,0,0,0,False,False,False,False,False,False,False,False,False,False,False,False,False,False,False,False,False,False,False,False,False,False,False,False,False
Anuncio actualizado el 29 de noviembre,0,0,2.0,0,0,1996.0,no indicado,3 plantas,0,1,31175169,9,1.0,Sant Pere de Riudebitlles,," , Sant Pere de Riudebitlles , Alt Penedès, Barcelona ",,"Alt Penedès, Barcelona",100,175.0,2019-04-12,175000,0,3.0,1,0,0,False,False,False,False,False,False,False,False,False,False,False,False,False,False,False,False,False,False,False,False,False,False,False,False,False
Anuncio actualizado el 29 de noviembre,1,0,2.0,1,0,1996.0,no indicado,2 plantas,0,0,32365979,9,1.0,Torrelavit,," , Torrelavit , Alt Penedès, Barcelona ",,"Alt Penedès, Barcelona",90,80.0,2019-04-12,80000,0,3.0,0,0,0,False,False,False,False,False,False,False,False,False,False,False,False,False,False,False,False,False,False,False,False,False,False,False,False,False
Anuncio actualizado el 19 de marzo,0,0,1.0,0,0,1996.0,no indicado,2 plantas,0,0,32890379,4,1.0,Castellví de la Marca,"Calle dels quatre cantons, 6"," Calle dels quatre cantons, 6 , Castellví de la Marca , Alt Penedès, Barcelona ",,"Alt Penedès, Barcelona",232,99.0,2019-04-12,50000,0,3.0,1,0,1,False,False,True,False,False,False,False,False,False,False,False,False,False,False,False,False,False,False,False,False,False,False,False,False,False
Anuncio actualizado el 5 de septiembre,0,0,2.0,0,0,1996.0,no indicado,,0,0,33148393,0,1.0,Vilafranca del Penedès,Distrito L'Espirall," , Distrito L'Espirall , Vilafranca del Penedès , Alt Penedès, Barcelona ",,"Alt Penedès, Barcelona",85,75.0,2019-04-12,145000,0,3.0,0,0,0,False,False,False,False,False,False,False,False,False,False,False,False,False,False,False,False,False,False,False,False,False,False,False,False,False
Anuncio actualizado el 10 de abril,0,0,2.0,0,0,1996.0,no indicado,,1,0,33680774,1,1.0,Vilafranca del Penedès,Distrito Sant Julià," , Distrito Sant Julià , Vilafranca del Penedès , Alt Penedès, Barcelona ",,"Alt Penedès, Barcelona",170,99.0,2019-04-12,97000,0,5.0,0,0,1,False,False,True,False,False,False,False,False,False,False,False,False,False,False,False,False,False,False,False,False,False,False,False,False,False
Anuncio actualizado el 10 de abril,1,1,2.0,0,0,1996.0,no indicado,planta 1ª,1,0,33680828,0,1.0,Vilafranca del Penedès,Distrito Sant Julià," , Distrito Sant Julià , Vilafranca del Penedès , Alt Penedès, Barcelona ",,"Alt Penedès, Barcelona",90,99.0,2019-04-12,147000,0,3.0,0,0,0,False,True,False,False,False,False,False,False,False,False,False,False,False,False,False,False,False,False,False,False,False,False,False,False,False
Anuncio actualizado el 10 de abril,0,0,2.0,0,0,1996.0,no indicado,,1,0,33705657,1,1.0,Vilafranca del Penedès,Distrito Sant Julià," , Distrito Sant Julià , Vilafranca del Penedès , Alt Penedès, Barcelona ",,"Alt Penedès, Barcelona",180,99.0,2019-04-12,110000,0,3.0,1,0,1,False,False,True,False,False,False,False,False,False,False,False,False,False,False,False,False,False,False,False,False,False,False,False,False,False
Anuncio actualizado el 10 de abril,1,0,3.0,0,0,1996.0,no indicado,,1,0,33717277,9,1.0,Vilafranca del Penedès,Distrito La Girada," , Distrito La Girada , Vilafranca del Penedès , Alt Penedès, Barcelona ",,"Alt Penedès, Barcelona",400,200.0,2019-04-12,280000,0,5.0,0,0,1,False,True,False,False,False,False,True,False,False,False,False,False,False,False,False,False,False,False,False,False,False,False,False,False,False
Anuncio actualizado el 10 de abril,0,1,1.0,0,0,1996.0,no indicado,planta 1ª,0,0,33946773,0,1.0,Vilafranca del Penedès,Distrito Centre Vila," , Distrito Centre Vila , Vilafranca del Penedès , Alt Penedès, Barcelona ",,"Alt Penedès, Barcelona",100,99.0,2019-04-12,120000,0,4.0,0,0,0,False,True,False,False,False,False,False,False,False,False,False,False,False,False,False,False,False,False,False,False,False,False,False,False,False
Anuncio actualizado el 29 de septiembre,0,0,1.0,0,0,2007.0,,planta 1ª exterior,1,0,34052427,0,1.0,Sant Pere de Riudebitlles,," , Sant Pere de Riudebitlles , Alt Penedès, Barcelona ",,"Alt Penedès, Barcelona",75,60.0,2019-04-12,105000,0,2.0,0,0,0,False,True,False,False,False,False,False,False,False,False,False,False,False,False,False,False,False,False,False,False,False,False,False,False,False
Anuncio actualizado el 1 de abril,0,1,3.0,0,0,1996.0,no indicado,,1,1,34391349,2,1.0,Sant Quintí de Mediona,," , Sant Quintí de Mediona , Alt Penedès, Barcelona ",,"Alt Penedès, Barcelona",800,260.0,2019-04-12,200000,0,4.0,1,0,1,False,False,True,True,False,False,False,False,False,False,False,False,False,False,False,False,False,False,False,False,False,False,True,False,False
Anuncio actualizado el 7 de abril,1,0,2.0,0,0,1996.0,no indicado,planta 1ª exterior,1,0,405989,0,1.0,Avinyonet del Penedès,"Calle Barcelona, 55"," Calle Barcelona, 55 , Avinyonet del Penedès , Alt Penedès, Barcelona ",,"Alt Penedès, Barcelona",79,99.0,2019-04-12,215000,0,3.0,0,0,0,False,True,False,False,False,False,False,False,False,False,False,False,False,False,False,False,False,False,False,False,False,False,False,False,False
Anuncio actualizado el 20 de noviembre,0,0,2.0,0,0,2000.0,no indicado,,0,0,34510488,9,1.0,Gelida,," , Gelida , Alt Penedès, Barcelona ",,"Alt Penedès, Barcelona",850,139.0,2019-04-12,206000,0,4.0,0,0,1,False,False,False,False,False,False,False,False,False,False,False,False,False,False,False,False,False,False,False,False,False,False,False,False,False
Anuncio actualizado el 20 de noviembre,0,0,3.0,0,0,1996.0,no indicado,,0,0,34510552,4,1.0,Gelida,," , Gelida , Alt Penedès, Barcelona ",,"Alt Penedès, Barcelona",330,99.0,2019-04-12,390000,0,3.0,0,0,1,False,False,False,False,False,False,False,False,False,False,False,False,False,False,False,False,False,False,False,False,False,False,False,False,False
Anuncio actualizado el 15 de enero,0,1,1.0,0,0,1970.0,no indicado,planta 4ª exterior,0,0,34938521,0,0.0,Vilafranca del Penedès,Distrito Centre Vila," , Distrito Centre Vila , Vilafranca del Penedès , Alt Penedès, Barcelona ",,"Alt Penedès, Barcelona",75,70.0,2019-04-12,93000,0,4.0,0,0,0,False,False,True,False,False,False,False,False,False,False,False,False,False,False,False,False,False,False,False,False,False,False,False,False,False
Anuncio actualizado el 20 de noviembre,0,0,2.0,0,0,2011.0,no indicado,bajo exterior,1,0,35811733,0,1.0,El Pla del Penedès,," , El Pla del Penedès , Alt Penedès, Barcelona ",,"Alt Penedès, Barcelona",100,90.0,2019-04-12,147000,0,3.0,1,1,1,False,True,False,False,False,False,False,False,False,False,False,False,False,False,False,False,False,False,False,False,False,False,False,False,False
Anuncio actualizado el 20 de noviembre,0,0,1.0,0,0,2010.0,no indicado,bajo exterior,1,0,36094013,0,1.0,El Pla del Penedès,," , El Pla del Penedès , Alt Penedès, Barcelona ",,"Alt Penedès, Barcelona",75,70.0,2019-04-12,152000,0,3.0,0,0,0,False,True,False,False,False,False,False,False,False,False,False,False,False,False,False,False,False,False,False,False,False,False,False,False,False
Anuncio actualizado el 5 de septiembre,0,0,2.0,0,0,1996.0,no indicado,,1,0,35263041,0,1.0,Santa Margarida i els Monjos,," , Santa Margarida i els Monjos , Alt Penedès, Barcelona ",,"Alt Penedès, Barcelona",84,70.0,2019-04-12,115000,0,2.0,0,0,0,False,False,False,False,False,False,False,False,False,False,False,False,False,False,False,False,False,False,False,False,False,False,False,False,False
Anuncio actualizado el 12 de enero,0,1,2.0,1,0,1996.0,no indicado,,1,1,35880278,2,1.0,Mediona,," , Mediona , Alt Penedès, Barcelona ",,"Alt Penedès, Barcelona",615,140.0,2019-04-12,130000,0,3.0,1,0,1,False,True,False,False,False,False,False,False,False,False,False,False,False,False,False,False,False,False,False,False,False,False,False,False,False
Anuncio actualizado el 10 de abril,1,0,2.0,0,0,1996.0,no indicado,bajo,1,0,36997708,0,1.0,Vilafranca del Penedès,Distrito Barceloneta - Molí d'En Rovira," , Distrito Barceloneta - Molí d'En Rovira , Vilafranca del Penedès , Alt Penedès, Barcelona ",,"Alt Penedès, Barcelona",95,99.0,2019-04-12,135000,0,3.0,0,0,1,False,True,False,False,False,False,False,False,True,False,False,False,False,False,False,False,False,False,False,False,False,False,False,False,False
Anuncio actualizado el 10 de abril,0,1,1.0,0,0,1996.0,no indicado,planta 3ª,0,0,36997709,0,1.0,Santa Margarida i els Monjos,," , Santa Margarida i els Monjos , Alt Penedès, Barcelona ",,"Alt Penedès, Barcelona",75,68.0,2019-04-12,57000,0,3.0,0,0,0,False,False,True,False,False,False,False,False,False,False,False,False,False,False,False,False,False,False,False,False,False,False,False,False,False
Anuncio actualizado el 5 de septiembre,0,0,1.0,0,0,1996.0,no indicado,,0,0,37334369,0,1.0,Sant Quintí de Mediona,," , Sant Quintí de Mediona , Alt Penedès, Barcelona ",,"Alt Penedès, Barcelona",150,122.0,2019-04-12,49000,0,4.0,0,0,0,False,False,False,False,False,False,False,False,False,False,False,False,False,False,False,False,False,False,False,False,False,False,False,False,False
Anuncio actualizado el 24 de marzo,0,0,1.0,1,0,1996.0,no indicado,bajo exterior,0,0,37331126,5,0.0,Gelida,"Calle de Sant Isidre, 34"," Calle de Sant Isidre, 34 , Gelida , Alt Penedès, Barcelona ",,"Alt Penedès, Barcelona",90,99.0,2019-04-12,100000,0,4.0,0,0,0,False,True,False,False,False,False,False,False,False,False,False,False,False,False,False,False,False,False,False,False,False,False,False,False,False
Anuncio actualizado el 10 de abril,0,0,1.0,0,0,1996.0,no indicado,,1,0,38198316,1,1.0,Sant Quintí de Mediona,," , Sant Quintí de Mediona , Alt Penedès, Barcelona ",,"Alt Penedès, Barcelona",150,99.0,2019-04-12,49000,0,3.0,0,0,1,False,False,True,False,False,False,False,False,False,False,False,False,False,False,False,False,False,False,False,False,False,False,False,False,False
Anuncio actualizado el 3 de febrero,0,0,1.0,0,0,1996.0,en trámite,planta 3ª exterior,0,0,38841571,0,1.0,Sant Sadurní d'Anoia,"Plaza de Manuel Raventós, 3"," Plaza de Manuel Raventós, 3 , Sant Sadurní d'Anoia , Alt Penedès, Barcelona ",,"Alt Penedès, Barcelona",90,99.0,2019-04-12,190000,0,2.0,0,0,1,False,True,False,False,False,False,False,False,False,False,False,False,False,False,False,False,False,False,False,False,False,False,False,False,False
Anuncio actualizado el 15 de enero,0,1,1.0,0,0,1967.0,no indicado,planta 4ª,0,0,38846906,0,1.0,Vilafranca del Penedès,Distrito L'Espirall," , Distrito L'Espirall , Vilafranca del Penedès , Alt Penedès, Barcelona ",,"Alt Penedès, Barcelona",77,69.0,2019-04-12,87000,0,3.0,0,0,0,False,True,False,False,False,False,False,False,False,False,False,False,False,False,False,False,False,False,False,False,False,False,True,False,False
Anuncio actualizado el 20 de diciembre,0,0,1.0,0,0,1996.0,no indicado,,0,0,38991262,9,1.0,Sant Quintí de Mediona,," , Sant Quintí de Mediona , Alt Penedès, Barcelona ",,"Alt Penedès, Barcelona",300,200.0,2019-04-12,45000,0,4.0,0,0,0,False,False,False,False,False,False,False,False,False,False,False,False,False,False,False,False,False,False,False,False,False,False,False,False,False
Anuncio actualizado el 20 de noviembre,0,1,2.0,1,1,1980.0,no indicado,,0,1,39249058,6,1.0,Sant Llorenç d'Hortons,," , Sant Llorenç d'Hortons , Alt Penedès, Barcelona ",,"Alt Penedès, Barcelona",1186,340.0,2019-04-12,390000,0,4.0,1,0,1,False,False,False,False,False,False,False,False,False,False,False,False,False,False,False,False,False,False,False,False,False,False,False,False,False
más de 5 meses sin actualizar,0,0,2.0,0,0,2001.0,no indicado,bajo exterior,0,0,39468247,0,1.0,Sant Sadurní d'Anoia,"Calle Alacant, 15"," Calle Alacant, 15 , Sant Sadurní d'Anoia , Alt Penedès, Barcelona ",,"Alt Penedès, Barcelona",90,85.0,2019-04-12,168000,0,3.0,0,0,1,False,True,False,False,False,False,False,False,False,False,False,False,False,False,False,False,False,False,False,False,False,False,False,False,False
Anuncio actualizado el 30 de enero,0,1,1.0,0,0,1987.0,no indicado,,0,1,39546125,6,1.0,Gelida,," , Gelida , Alt Penedès, Barcelona ",,"Alt Penedès, Barcelona",512,88.0,2019-04-12,125000,0,2.0,1,0,0,False,True,False,False,False,False,False,False,False,False,False,False,False,False,False,False,False,False,False,False,False,False,False,False,False
Anuncio actualizado el 20 de noviembre,0,0,1.0,0,1,2005.0,no indicado,,0,0,39546149,6,1.0,Gelida,," , Gelida , Alt Penedès, Barcelona ",,"Alt Penedès, Barcelona",827,81.0,2019-04-12,107260,0,2.0,0,0,0,False,False,True,False,False,False,False,False,False,False,False,False,False,False,False,False,False,False,False,False,False,False,False,False,False
Anuncio actualizado el 6 de noviembre,0,1,1.0,0,0,1996.0,no indicado,planta 2ª exterior,0,1,39576452,0,0.0,Sant Quintí de Mediona,," , Sant Quintí de Mediona , Alt Penedès, Barcelona ",,"Alt Penedès, Barcelona",85,99.0,2019-04-12,66000,0,3.0,0,0,0,False,True,False,False,False,False,False,False,False,False,False,True,False,False,False,False,False,False,False,False,False,False,False,False,False
Anuncio actualizado el 23 de enero,0,1,1.0,0,0,1996.0,no indicado,planta 1ª exterior,0,1,39587449,0,0.0,Sant Quintí de Mediona,," , Sant Quintí de Mediona , Alt Penedès, Barcelona ",,"Alt Penedès, Barcelona",85,76.0,2019-04-12,66000,0,3.0,0,0,0,False,True,False,False,False,False,False,False,False,False,False,True,False,False,False,False,False,False,False,False,False,False,False,False,False
Anuncio actualizado el 21 de enero,0,0,2.0,0,0,1996.0,no indicado,3 plantas,1,1,39650517,2,1.0,Mediona,"Calle 9, 77"," Calle 9, 77 , Mediona , Alt Penedès, Barcelona ",,"Alt Penedès, Barcelona",1500,99.0,2019-04-12,140000,0,4.0,1,1,1,False,True,False,False,False,False,False,False,False,False,False,False,False,False,False,False,False,False,False,False,False,False,False,False,False
Anuncio actualizado el 10 de abril,0,0,2.0,0,0,1996.0,no indicado,,1,0,39944552,1,1.0,Sant Quintí de Mediona,," , Sant Quintí de Mediona , Alt Penedès, Barcelona ",,"Alt Penedès, Barcelona",150,99.0,2019-04-12,49000,0,3.0,1,0,1,False,False,True,False,False,False,False,False,False,False,False,False,False,False,False,False,False,False,False,False,False,False,True,False,False
Anuncio actualizado el 10 de abril,1,1,2.0,1,0,1996.0,en trámite,planta 1ª,0,0,39963062,0,1.0,Vilafranca del Penedès,Distrito Barceloneta - Molí d'En Rovira," , Distrito Barceloneta - Molí d'En Rovira , Vilafranca del Penedès , Alt Penedès, Barcelona ",,"Alt Penedès, Barcelona",100,90.0,2019-04-12,177000,0,3.0,0,0,0,False,True,False,False,False,False,False,True,False,False,False,False,False,False,False,False,False,False,False,False,False,False,False,False,False
Anuncio actualizado el 5 de septiembre,0,0,1.0,0,0,1996.0,no indicado,,0,0,40423478,0,1.0,Sant Quintí de Mediona,," , Sant Quintí de Mediona , Alt Penedès, Barcelona ",,"Alt Penedès, Barcelona",75,64.0,2019-04-12,96000,0,2.0,0,0,0,False,False,False,False,False,False,False,False,False,False,False,False,False,False,False,False,False,False,False,False,False,False,False,False,False
Anuncio actualizado el 16 de julio,0,0,3.0,0,0,1996.0,no indicado,,1,0,40578793,9,1.0,Santa Margarida i els Monjos,," , Santa Margarida i els Monjos , Alt Penedès, Barcelona ",,"Alt Penedès, Barcelona",200,200.0,2019-04-12,185000,0,6.0,0,0,0,False,False,False,False,False,False,False,False,False,False,False,False,False,False,False,False,False,False,False,False,False,False,False,False,False
Anuncio actualizado el 17 de enero,0,0,2.0,0,0,1996.0,no indicado,,0,0,81538432,9,1.0,Mediona,," , Mediona , Alt Penedès, Barcelona ",,"Alt Penedès, Barcelona",1221,90.0,2019-04-12,146000,0,3.0,0,0,0,False,False,False,False,False,False,False,False,False,False,False,False,False,False,False,False,False,False,False,False,False,False,False,False,False
Anuncio actualizado el 2 de enero,0,1,1.0,0,0,1996.0,no indicado,planta 2ª exterior,1,0,38904989,0,1.0,Sant Pere de Riudebitlles,," , Sant Pere de Riudebitlles , Alt Penedès, Barcelona ",,"Alt Penedès, Barcelona",75,65.0,2019-04-12,76000,0,2.0,0,0,0,False,True,False,False,False,False,False,False,False,False,False,False,False,False,False,False,False,False,False,False,False,False,False,False,False
Anuncio actualizado el 5 de septiembre,0,0,2.0,0,0,1996.0,no indicado,,1,0,81857440,3,1.0,Santa Margarida i els Monjos,," , Santa Margarida i els Monjos , Alt Penedès, Barcelona ",,"Alt Penedès, Barcelona",155,140.0,2019-04-12,160000,0,3.0,0,0,0,False,False,False,False,False,False,False,False,False,False,False,False,False,False,False,False,False,False,False,False,False,False,False,False,False
Anuncio actualizado el 5 de abril,0,1,3.0,0,0,1999.0,,,1,0,35531802,4,1.0,La Granada,," , La Granada , Alt Penedès, Barcelona ",,"Alt Penedès, Barcelona",234,180.0,2019-04-12,200000,0,4.0,0,0,1,False,False,True,False,False,False,False,False,False,False,False,False,False,False,False,False,False,False,False,False,False,False,False,False,False
Anuncio actualizado el 30 de enero,0,0,2.0,0,0,2007.0,en trámite,planta 1ª exterior,0,0,82013179,3,0.0,Sant Llorenç d'Hortons,," , Sant Llorenç d'Hortons , Alt Penedès, Barcelona ",,"Alt Penedès, Barcelona",75,60.0,2019-04-12,87400,0,2.0,0,0,1,False,True,False,False,False,False,False,False,False,False,False,False,False,False,False,False,False,False,False,False,False,False,False,False,False
Anuncio actualizado el 5 de diciembre,0,0,2.0,0,0,1996.0,no indicado,,0,0,30415373,9,1.0,Sant Quintí de Mediona,," , Sant Quintí de Mediona , Alt Penedès, Barcelona ",,"Alt Penedès, Barcelona",170,150.0,2019-04-12,146000,0,3.0,0,0,0,False,False,False,False,False,False,False,False,False,False,False,False,False,False,False,False,False,False,False,False,False,False,False,False,False
Anuncio actualizado el 30 de enero,0,0,2.0,0,0,2007.0,no indicado,planta 1ª exterior,0,0,39123004,3,1.0,Sant Llorenç d'Hortons,," , Sant Llorenç d'Hortons , Alt Penedès, Barcelona ",,"Alt Penedès, Barcelona",64,51.0,2019-04-12,74600,0,2.0,0,0,1,False,False,False,False,False,False,False,False,False,False,False,False,False,False,False,False,False,False,False,False,False,False,False,False,False
Anuncio actualizado el 7 de abril,1,1,1.0,1,1,1996.0,no indicado,2 plantas,1,0,82302789,1,1.0,Sant Cugat Sesgarrigues,"Cases rojes, 3"," Cases rojes, 3 , Sant Cugat Sesgarrigues , Alt Penedès, Barcelona ",,"Alt Penedès, Barcelona",250,99.0,2019-04-12,150000,0,4.0,1,0,1,False,True,False,False,False,False,False,False,False,False,False,False,False,False,False,False,False,False,False,False,False,False,False,False,False
Anuncio actualizado el 30 de enero,0,0,1.0,0,0,1978.0,no indicado,,0,0,82348866,9,1.0,Gelida,," , Gelida , Alt Penedès, Barcelona ",,"Alt Penedès, Barcelona",2223,56.0,2019-04-12,111100,0,1.0,0,0,0,False,False,True,False,False,False,False,False,False,False,False,False,False,False,False,False,False,False,False,False,False,False,False,False,False
Anuncio actualizado el 22 de octubre,0,1,1.0,0,0,1996.0,no indicado,planta 1ª exterior,0,0,82443058,0,1.0,Vilafranca del Penedès,Distrito Centre Vila," , Distrito Centre Vila , Vilafranca del Penedès , Alt Penedès, Barcelona ",,"Alt Penedès, Barcelona",90,80.0,2019-04-12,125000,0,3.0,0,0,0,False,True,False,False,False,False,False,False,False,False,False,False,False,False,False,False,False,False,False,False,False,False,False,False,False
Anuncio actualizado el 10 de abril,0,0,0.0,0,0,1996.0,no indicado,,0,0,82591255,1,1.0,Vilafranca del Penedès,Distrito Barceloneta - Molí d'En Rovira," , Distrito Barceloneta - Molí d'En Rovira , Vilafranca del Penedès , Alt Penedès, Barcelona ",,"Alt Penedès, Barcelona",350,245.0,2019-04-12,140000,0,0.0,0,0,0,False,False,True,False,False,False,False,False,False,False,False,False,False,False,False,False,False,False,False,False,False,False,False,False,False
Anuncio actualizado el 10 de abril,1,1,1.0,1,0,1996.0,no indicado,,1,0,82591259,1,1.0,Vilafranca del Penedès,Distrito Centre Vila," , Distrito Centre Vila , Vilafranca del Penedès , Alt Penedès, Barcelona ",,"Alt Penedès, Barcelona",260,250.0,2019-04-12,155000,0,4.0,1,0,0,False,True,False,False,False,False,False,False,False,False,False,False,False,False,False,False,False,False,False,False,False,False,False,False,False
Anuncio actualizado el 30 de enero,1,1,4.0,0,0,1980.0,no indicado,,0,0,82781429,9,1.0,Gelida,," , Gelida , Alt Penedès, Barcelona ",,"Alt Penedès, Barcelona",795,180.0,2019-04-12,250000,0,4.0,0,1,1,False,True,False,False,False,False,False,False,False,False,False,False,False,False,False,False,False,False,False,False,False,False,False,False,False
Anuncio actualizado el 8 de abril,1,0,1.0,0,0,2005.0,no indicado,bajo exterior,1,1,82848818,12,1.0,Vilafranca del Penedès,Distrito Sant Julià," Calle Assumpta Trens, 19 , Distrito Sant Julià , Vilafranca del Penedès , Alt Penedès, Barcelona ","Calle Assumpta Trens, 19","Alt Penedès, Barcelona",72,70.0,2019-04-12,250000,1,0.0,1,1,1,False,True,False,False,False,False,False,False,True,False,False,False,False,False,False,False,False,False,False,False,True,False,False,False,False
Anuncio actualizado el 29 de marzo,0,1,2.0,0,1,2005.0,,3 plantas,1,0,83052151,1,1.0,Torrelles de Foix,"Calle el Raval, 57"," Calle el Raval, 57 , Torrelles de Foix , Alt Penedès, Barcelona ",,"Alt Penedès, Barcelona",200,99.0,2019-04-12,180000,0,2.0,1,0,1,False,True,False,False,False,True,False,False,False,False,False,False,False,False,False,False,False,False,False,False,False,False,False,False,False
Anuncio actualizado el 10 de abril,0,1,1.0,0,0,1996.0,no indicado,,0,0,83129978,1,1.0,Vilafranca del Penedès,Distrito Sant Julià," , Distrito Sant Julià , Vilafranca del Penedès , Alt Penedès, Barcelona ",,"Alt Penedès, Barcelona",180,99.0,2019-04-12,175000,0,2.0,1,0,1,False,True,False,False,False,False,True,False,False,False,False,False,False,False,False,False,False,False,False,False,False,False,False,False,False
Anuncio actualizado el 19 de enero,0,1,2.0,0,0,1996.0,en trámite,planta 1ª exterior,1,0,83210612,0,1.0,Sant Quintí de Mediona,," , Sant Quintí de Mediona , Alt Penedès, Barcelona ",,"Alt Penedès, Barcelona",90,99.0,2019-04-12,100000,0,3.0,0,0,0,False,True,False,True,False,False,False,False,False,False,False,False,False,False,False,False,False,False,False,False,False,False,False,False,False
Anuncio actualizado el 27 de febrero,0,1,1.0,0,0,2010.0,no indicado,planta 2ª exterior,0,0,35780639,0,0.0,El Pla del Penedès,," , El Pla del Penedès , Alt Penedès, Barcelona ",,"Alt Penedès, Barcelona",60,55.0,2019-04-12,69000,0,2.0,0,0,0,False,False,False,False,False,False,False,False,False,False,False,False,False,False,False,False,False,False,False,False,False,False,False,False,False
Anuncio actualizado el 28 de diciembre,1,1,3.0,1,0,1996.0,en trámite,4 plantas,1,0,83276491,4,1.0,Sant Sadurní d'Anoia,," , Sant Sadurní d'Anoia , Alt Penedès, Barcelona ",,"Alt Penedès, Barcelona",160,155.0,2019-04-12,295000,0,4.0,1,0,1,False,True,False,False,True,False,False,False,False,False,False,False,False,False,False,False,False,False,False,False,False,False,False,False,False
Anuncio actualizado el 11 de febrero,0,0,1.0,0,1,1996.0,no indicado,2 plantas,1,0,83443714,1,1.0,Sant Martí Sarroca,La Bleda s/n," La Bleda s/n , Sant Martí Sarroca , Alt Penedès, Barcelona ",,"Alt Penedès, Barcelona",6800,99.0,2019-04-12,260000,0,6.0,0,0,0,False,False,True,False,False,False,True,False,False,False,False,False,False,False,False,False,False,False,False,False,False,False,False,False,False
Anuncio actualizado el 5 de abril,0,1,1.0,1,0,2005.0,no indicado,planta 1ª,1,0,83581831,0,1.0,La Granada,," , La Granada , Alt Penedès, Barcelona ",,"Alt Penedès, Barcelona",63,55.0,2019-04-12,90488,0,2.0,0,0,0,False,False,False,False,False,False,False,False,False,False,False,False,False,False,False,False,False,False,False,False,False,True,False,False,False
Anuncio actualizado el 10 de abril,0,1,2.0,0,0,1996.0,no indicado,,1,0,83858803,4,1.0,Torrelles de Foix,," , Torrelles de Foix , Alt Penedès, Barcelona ",,"Alt Penedès, Barcelona",155,99.0,2019-04-12,168000,0,2.0,0,0,1,False,True,False,False,False,False,True,False,False,False,False,False,False,False,False,False,False,False,False,False,False,False,False,False,False
Anuncio actualizado el 10 de abril,0,0,2.0,0,0,1996.0,no indicado,,0,0,83871939,9,1.0,Olèrdola,," , Olèrdola , Alt Penedès, Barcelona ",,"Alt Penedès, Barcelona",340,99.0,2019-04-12,159000,0,3.0,0,0,0,False,False,False,False,False,False,False,False,False,False,False,False,False,False,False,False,False,False,False,False,False,False,False,False,False
Anuncio actualizado el 21 de enero,0,1,2.0,0,0,1996.0,en trámite,planta 4ª exterior,1,1,83931623,3,1.0,Sant Pere de Riudebitlles,," , Sant Pere de Riudebitlles , Alt Penedès, Barcelona ",,"Alt Penedès, Barcelona",90,77.0,2019-04-12,165000,1,3.0,0,1,1,False,True,False,False,False,False,False,False,False,False,False,False,False,False,False,False,False,False,False,False,False,False,False,False,False
Anuncio actualizado el 22 de enero,1,0,1.0,1,0,2006.0,en trámite,planta 2ª exterior,0,0,83941559,0,1.0,Sant Quintí de Mediona,," , Sant Quintí de Mediona , Alt Penedès, Barcelona ",,"Alt Penedès, Barcelona",86,68.0,2019-04-12,111000,0,2.0,0,0,1,False,True,False,False,False,False,False,False,False,False,False,False,False,False,False,False,False,False,False,False,False,False,False,False,False
Anuncio actualizado el 30 de enero,0,0,1.0,0,0,1980.0,,,1,0,83948549,9,1.0,Sant Sadurní d'Anoia,," , Sant Sadurní d'Anoia , Alt Penedès, Barcelona ",,"Alt Penedès, Barcelona",396,60.0,2019-04-12,76000,0,2.0,0,0,0,False,False,False,False,False,False,False,False,False,False,False,False,False,False,False,False,False,False,False,False,False,False,False,False,False
Anuncio actualizado el 21 de marzo,0,1,2.0,0,0,2008.0,,planta 3ª exterior,0,0,83948553,0,1.0,Avinyonet del Penedès,," , Avinyonet del Penedès , Alt Penedès, Barcelona ",,"Alt Penedès, Barcelona",79,66.0,2019-04-12,130900,0,3.0,0,0,0,False,False,False,False,False,False,False,False,False,False,False,False,False,False,False,False,False,False,False,False,False,False,False,False,False
Anuncio actualizado el 18 de febrero,0,0,2.0,0,0,2005.0,,planta 1ª exterior,1,0,83447285,0,0.0,El Pla del Penedès,," , El Pla del Penedès , Alt Penedès, Barcelona ",,"Alt Penedès, Barcelona",81,75.0,2019-04-12,105600,0,3.0,0,0,0,False,True,False,False,False,False,False,False,False,False,False,False,False,False,False,True,False,False,False,False,False,False,False,False,False
Anuncio actualizado el 28 de marzo,1,0,2.0,1,0,1996.0,no indicado,planta 1ª exterior,1,0,84046248,3,0.0,Sant Llorenç d'Hortons,"Camino de Can Serra, 16"," Camino de Can Serra, 16 , Sant Llorenç d'Hortons , Alt Penedès, Barcelona ",,"Alt Penedès, Barcelona",140,99.0,2019-04-12,200000,0,3.0,1,0,1,False,True,False,False,False,False,False,False,False,False,False,False,True,False,False,False,False,False,False,False,False,False,False,False,False
Anuncio actualizado el 29 de enero,1,1,2.0,1,0,1996.0,en trámite,3 plantas,1,1,84069509,4,1.0,Sant Quintí de Mediona,," , Sant Quintí de Mediona , Alt Penedès, Barcelona ",,"Alt Penedès, Barcelona",200,156.0,2019-04-12,166000,0,4.0,1,0,1,False,True,False,False,False,True,False,False,False,False,False,False,False,False,False,False,False,False,False,False,False,False,False,False,False
Anuncio actualizado el 21 de marzo,0,1,2.0,0,0,1986.0,no indicado,planta 2ª exterior,0,0,84092284,0,0.0,Gelida,," , Gelida , Alt Penedès, Barcelona ",,"Alt Penedès, Barcelona",97,80.0,2019-04-12,102300,0,4.0,0,0,1,False,True,False,False,False,False,False,False,False,False,False,False,False,False,False,False,False,False,False,False,False,False,False,False,False
Anuncio actualizado el 28 de febrero,0,1,1.0,0,0,1942.0,en trámite,2 plantas,0,1,84143626,8,1.0,Sant Llorenç d'Hortons,," , Sant Llorenç d'Hortons , Alt Penedès, Barcelona ",,"Alt Penedès, Barcelona",148,100.0,2019-04-12,78000,0,3.0,1,0,0,False,False,True,False,False,False,False,False,False,False,False,True,False,False,False,False,False,False,False,False,False,False,True,False,False
Anuncio actualizado el 19 de marzo,0,1,2.0,0,0,1996.0,no indicado,2 plantas,1,1,84278386,4,1.0,Mediona,," , Mediona , Alt Penedès, Barcelona ",,"Alt Penedès, Barcelona",151,130.0,2019-04-12,230000,0,4.0,1,1,1,False,True,False,False,True,False,False,False,False,False,False,False,False,False,False,False,False,False,False,False,False,False,True,False,False
Anuncio actualizado el 5 de marzo,1,1,2.0,1,0,1996.0,no indicado,planta 2ª exterior,1,0,84278546,3,1.0,Sant Pere de Riudebitlles,Urb. DELFI ORTIZ," Urb. DELFI ORTIZ , Sant Pere de Riudebitlles , Alt Penedès, Barcelona ",,"Alt Penedès, Barcelona",85,75.0,2019-04-12,150000,0,2.0,0,0,1,False,True,False,True,False,False,False,False,False,False,False,False,False,False,False,False,False,False,False,False,False,False,True,False,False
Anuncio actualizado el 10 de abril,0,0,1.0,0,0,1996.0,en trámite,,0,0,84287929,6,1.0,Torrelles de Foix,," , Torrelles de Foix , Alt Penedès, Barcelona ",,"Alt Penedès, Barcelona",2300,130.0,2019-04-12,109000,0,3.0,0,0,0,False,False,False,False,False,False,False,False,False,False,False,False,False,False,False,False,False,False,False,False,False,False,False,False,False
Anuncio actualizado el 6 de marzo,0,0,2.0,0,0,1996.0,no indicado,bajo exterior,1,1,84443769,0,1.0,Sant Martí Sarroca,"Avenida de Josep Anselm Clavé, 83"," Avenida de Josep Anselm Clavé, 83 , Sant Martí Sarroca , Alt Penedès, Barcelona ",,"Alt Penedès, Barcelona",97,99.0,2019-04-12,130000,0,3.0,0,1,1,False,True,False,False,False,False,False,False,False,False,False,False,False,False,False,False,False,False,False,False,False,False,False,False,False
Anuncio actualizado el 3 de abril,0,0,1.0,0,0,2007.0,,exterior,0,0,84842702,0,1.0,Santa Margarida i els Monjos,," , Santa Margarida i els Monjos , Alt Penedès, Barcelona ",,"Alt Penedès, Barcelona",65,48.0,2019-04-12,141400,0,1.0,0,0,1,False,False,False,False,False,False,False,False,False,False,False,False,False,False,False,False,False,False,False,False,False,False,False,False,False
Anuncio actualizado el 11 de mayo,0,0,0.0,0,0,1996.0,inmueble exento,,0,1,1176669,2,1.0,Castellví de la Marca,," , Castellví de la Marca , Alt Penedès, Barcelona ",,"Alt Penedès, Barcelona",1,99.0,2019-04-12,350000,0,0.0,0,0,0,False,False,True,False,False,False,False,False,False,False,False,False,False,False,False,False,False,False,False,False,False,False,True,False,False
Anuncio actualizado el 12 de abril,0,0,2.0,0,0,1996.0,,,0,0,31266238,0,1.0,Sant Quintí de Mediona,," , Sant Quintí de Mediona , Alt Penedès, Barcelona ",,"Alt Penedès, Barcelona",91,75.0,2019-04-12,110300,0,3.0,0,0,0,True,False,False,False,False,False,False,False,False,False,False,False,False,False,False,False,False,False,False,False,False,False,False,False,False
Anuncio actualizado el 12 de abril,0,0,2.0,0,0,1996.0,,,0,0,32233778,0,0.0,Sant Quintí de Mediona,," , Sant Quintí de Mediona , Alt Penedès, Barcelona ",,"Alt Penedès, Barcelona",123,95.0,2019-04-12,95600,0,3.0,0,0,0,True,False,False,False,False,False,False,False,False,False,False,False,False,False,False,False,False,False,False,False,False,False,False,False,False
Anuncio actualizado el 23 de julio,0,0,1.0,0,0,1996.0,,,0,0,39182893,0,1.0,Sant Sadurní d'Anoia,," , Sant Sadurní d'Anoia , Alt Penedès, Barcelona ",,"Alt Penedès, Barcelona",103,74.0,2019-04-12,126000,0,3.0,0,0,0,False,False,False,False,False,False,False,False,False,False,False,False,False,False,False,False,False,False,False,False,False,False,False,False,False
Anuncio actualizado el 29 de enero,0,0,2.0,0,0,1996.0,,,0,0,36742869,2,1.0,Torrelles de Foix,Calle antonio gaudi," Calle antonio gaudi , Torrelles de Foix , Alt Penedès, Barcelona ",,"Alt Penedès, Barcelona",230,169.0,2019-04-12,175500,0,4.0,0,0,0,False,True,False,False,False,False,False,False,False,False,False,False,False,False,False,False,False,False,False,False,False,False,False,False,False
Anuncio actualizado el 29 de enero,0,0,2.0,0,0,1996.0,,,0,0,36726526,2,1.0,Torrelles de Foix,Calle antonio gaudi," Calle antonio gaudi , Torrelles de Foix , Alt Penedès, Barcelona ",,"Alt Penedès, Barcelona",230,169.0,2019-04-12,175500,0,4.0,0,0,0,False,True,False,False,False,False,False,False,False,False,False,False,False,False,False,False,False,False,False,False,False,False,False,False,False
Anuncio actualizado el 29 de enero,0,0,2.0,0,0,1996.0,,,0,0,36726534,2,1.0,Torrelles de Foix,Calle antonio gaudi," Calle antonio gaudi , Torrelles de Foix , Alt Penedès, Barcelona ",,"Alt Penedès, Barcelona",230,169.0,2019-04-12,175500,0,4.0,0,0,0,False,True,False,False,False,False,False,False,False,False,False,False,False,False,False,False,False,False,False,False,False,False,False,False,False
Anuncio actualizado el 21 de febrero,0,0,1.0,0,0,1996.0,,,0,0,36726766,2,1.0,Torrelles de Foix,Calle preseguer," Calle preseguer , Torrelles de Foix , Alt Penedès, Barcelona ",,"Alt Penedès, Barcelona",262,99.0,2019-04-12,99600,0,3.0,0,0,0,False,True,False,False,False,False,False,False,False,False,False,False,False,False,False,False,False,False,False,False,False,False,False,False,False
Anuncio actualizado el 15 de febrero,0,0,1.0,0,0,1996.0,,planta 4ª,0,0,33360791,0,0.0,Vilafranca del Penedès,Distrito L'Espirall," Calle les cabanyes , Distrito L'Espirall , Vilafranca del Penedès , Alt Penedès, Barcelona ",Calle les cabanyes,"Alt Penedès, Barcelona",77,99.0,2019-04-12,85100,0,3.0,0,0,0,False,True,False,False,False,False,False,False,False,False,False,False,False,False,False,False,False,False,False,False,False,False,False,False,False
Anuncio actualizado el 15 de febrero,0,0,1.0,0,0,1996.0,,planta 1ª,0,0,33361355,0,1.0,El Pla del Penedès,Calle Doctor Ferran," Calle Doctor Ferran , El Pla del Penedès , Alt Penedès, Barcelona ",,"Alt Penedès, Barcelona",70,62.0,2019-04-12,66200,0,2.0,0,0,0,False,True,False,False,False,False,False,False,False,False,False,False,False,False,False,False,False,False,False,False,False,False,False,False,False
Anuncio actualizado el 29 de enero,0,0,2.0,0,0,1996.0,,,1,0,81946399,2,1.0,Santa Margarida i els Monjos,Calle Illes Balears," Calle Illes Balears , Santa Margarida i els Monjos , Alt Penedès, Barcelona ",,"Alt Penedès, Barcelona",268,169.0,2019-04-12,257300,0,3.0,0,0,0,False,True,False,False,False,False,False,False,False,False,False,False,False,False,False,False,False,False,False,False,False,False,False,False,False
Anuncio actualizado el 28 de septiembre,0,0,2.0,0,0,2004.0,,planta 2ª,1,0,82012516,3,1.0,Santa Margarida i els Monjos,," , Santa Margarida i els Monjos , Alt Penedès, Barcelona ",,"Alt Penedès, Barcelona",95,78.0,2019-04-12,162000,0,3.0,0,0,1,False,False,False,False,False,False,False,False,False,False,False,False,False,False,False,False,False,False,False,False,False,False,False,False,False
Anuncio actualizado el 9 de abril,0,1,2.0,0,0,1970.0,,,1,1,82631458,9,1.0,Olèrdola,," , Olèrdola , Alt Penedès, Barcelona ",,"Alt Penedès, Barcelona",185,95.0,2019-04-12,195000,0,3.0,1,0,0,False,True,False,False,False,False,False,False,False,False,False,False,False,False,False,False,False,False,False,False,False,False,False,False,False
Anuncio actualizado el 23 de noviembre,0,0,1.0,0,0,1996.0,,planta 2ª,1,0,83015676,0,1.0,Sant Sadurní d'Anoia,," , Sant Sadurní d'Anoia , Alt Penedès, Barcelona ",,"Alt Penedès, Barcelona",96,99.0,2019-04-12,135000,0,3.0,0,0,0,False,True,False,False,False,False,False,False,False,False,False,False,False,False,False,False,False,False,False,False,False,False,False,False,False
Anuncio actualizado el 24 de enero,0,0,2.0,0,1,1996.0,no indicado,2 plantas,1,1,83015680,13,1.0,Vilobí del Penedès,," , Vilobí del Penedès , Alt Penedès, Barcelona ",,"Alt Penedès, Barcelona",1500,99.0,2019-04-12,250000,0,6.0,1,0,0,False,False,True,False,False,False,False,False,False,False,False,False,False,False,False,False,False,False,False,False,False,False,False,False,False
Anuncio actualizado el 24 de enero,0,0,4.0,0,1,1996.0,en trámite,2 plantas,0,1,83015690,13,1.0,Torrelles de Foix,," , Torrelles de Foix , Alt Penedès, Barcelona ",,"Alt Penedès, Barcelona",11220,99.0,2019-04-12,520000,0,4.0,0,1,0,False,True,False,False,False,False,False,False,False,False,False,False,False,False,False,False,False,False,False,False,False,False,False,False,False
Anuncio actualizado el 8 de noviembre,0,0,1.0,0,0,1996.0,en trámite,1 planta,0,0,83015705,2,1.0,Sant Quintí de Mediona,," , Sant Quintí de Mediona , Alt Penedès, Barcelona ",,"Alt Penedès, Barcelona",114,90.0,2019-04-12,199000,0,3.0,0,0,0,False,True,False,False,False,False,False,False,False,False,False,False,False,False,False,False,False,False,False,False,False,False,False,False,False
Anuncio actualizado el 8 de noviembre,0,0,5.0,0,0,1996.0,no indicado,1 planta,1,0,83015721,13,1.0,Torrelles de Foix,," , Torrelles de Foix , Alt Penedès, Barcelona ",,"Alt Penedès, Barcelona",123150,99.0,2019-04-12,3000000,0,15.0,0,0,0,False,True,False,False,False,False,False,False,False,False,False,False,False,False,False,False,False,False,False,False,False,False,False,False,False
Anuncio actualizado el 8 de marzo,0,0,2.0,0,0,1996.0,en trámite,3 plantas,1,0,83015772,2,1.0,Torrelles de Foix,," , Torrelles de Foix , Alt Penedès, Barcelona ",,"Alt Penedès, Barcelona",236,99.0,2019-04-12,199000,0,5.0,0,0,0,False,True,False,False,False,False,False,False,False,False,False,False,False,False,False,False,False,False,False,False,False,False,False,False,False
Anuncio actualizado el 8 de noviembre,0,0,1.0,0,0,1996.0,en trámite,planta 2ª,0,0,83015785,0,1.0,El Pla del Penedès,," , El Pla del Penedès , Alt Penedès, Barcelona ",,"Alt Penedès, Barcelona",60,57.0,2019-04-12,80000,0,2.0,0,0,0,False,True,False,False,False,False,False,False,False,False,False,False,False,False,False,False,False,False,False,False,False,False,False,False,False
Anuncio actualizado el 13 de febrero,0,0,1.0,0,0,1996.0,en trámite,planta 3ª,0,0,83015803,0,0.0,Vilafranca del Penedès,Distrito Sant Julià," , Distrito Sant Julià , Vilafranca del Penedès , Alt Penedès, Barcelona ",,"Alt Penedès, Barcelona",97,65.0,2019-04-12,76000,0,4.0,0,0,0,False,False,True,False,False,False,False,False,False,False,False,False,False,False,False,False,False,False,False,False,False,False,False,False,False
Anuncio actualizado el 8 de noviembre,0,0,1.0,0,1,1996.0,en trámite,1 planta,1,0,83015841,13,1.0,Font-Rubí,," , Font-Rubí , Alt Penedès, Barcelona ",,"Alt Penedès, Barcelona",5785,99.0,2019-04-12,360000,0,4.0,0,0,0,False,False,True,False,False,False,False,False,False,False,False,False,False,False,False,False,False,False,False,False,False,False,False,False,False
Anuncio actualizado el 8 de noviembre,0,0,2.0,0,0,1996.0,en trámite,planta 1ª,1,0,83015874,0,0.0,Santa Margarida i els Monjos,," , Santa Margarida i els Monjos , Alt Penedès, Barcelona ",,"Alt Penedès, Barcelona",76,99.0,2019-04-12,142000,0,2.0,1,0,0,False,True,False,False,False,False,False,False,False,False,False,False,False,False,False,False,False,False,False,False,False,False,False,False,False
Anuncio actualizado el 24 de enero,0,0,1.0,0,0,1996.0,,1 planta,0,1,83015899,2,1.0,Pontons,," , Pontons , Alt Penedès, Barcelona ",,"Alt Penedès, Barcelona",700,99.0,2019-04-12,97000,0,3.0,0,1,0,False,True,False,False,False,False,False,False,False,False,False,False,False,False,False,False,False,False,False,False,False,False,False,False,False
Anuncio actualizado el 8 de noviembre,0,0,2.0,0,0,1996.0,,3 plantas,1,0,83015919,2,1.0,Sant Martí Sarroca,," , Sant Martí Sarroca , Alt Penedès, Barcelona ",,"Alt Penedès, Barcelona",132,171.0,2019-04-12,130000,0,5.0,0,0,0,False,False,True,False,False,False,False,False,False,False,False,False,False,False,False,False,False,False,False,False,False,False,False,False,False
Anuncio actualizado el 14 de febrero,0,0,2.0,0,0,1996.0,no indicado,2 plantas,1,0,83015980,2,1.0,Castellví de la Marca,," , Castellví de la Marca , Alt Penedès, Barcelona ",,"Alt Penedès, Barcelona",2220,99.0,2019-04-12,250000,0,5.0,0,0,0,False,True,False,False,False,False,False,False,False,False,False,False,False,False,False,False,False,False,False,False,False,False,False,False,False
Anuncio actualizado el 13 de febrero,0,0,2.0,0,0,1996.0,,planta 1ª exterior,0,0,83015987,0,1.0,Sant Martí Sarroca,," , Sant Martí Sarroca , Alt Penedès, Barcelona ",,"Alt Penedès, Barcelona",114,100.0,2019-04-12,130000,0,3.0,0,0,0,False,True,False,False,False,False,False,False,False,False,False,False,False,False,False,False,False,False,False,False,False,False,False,False,False
Anuncio actualizado el 8 de noviembre,0,0,2.0,0,0,1996.0,,2 plantas,1,0,83016011,2,1.0,Mediona,," , Mediona , Alt Penedès, Barcelona ",,"Alt Penedès, Barcelona",245,99.0,2019-04-12,250000,0,4.0,1,0,0,False,True,False,False,False,False,False,False,False,False,False,False,False,False,False,False,False,False,False,False,False,False,False,False,False
Anuncio actualizado el 24 de enero,0,0,2.0,0,0,1996.0,,1 planta,1,1,83016031,2,1.0,Torrelles de Foix,," , Torrelles de Foix , Alt Penedès, Barcelona ",,"Alt Penedès, Barcelona",1403,99.0,2019-04-12,150000,0,4.0,0,1,0,False,True,False,False,False,False,False,False,False,False,False,False,False,False,False,False,False,False,False,False,False,False,False,False,False
Anuncio actualizado el 24 de enero,0,0,2.0,0,0,1996.0,,2 plantas,0,1,83016032,2,1.0,Font-Rubí,," , Font-Rubí , Alt Penedès, Barcelona ",,"Alt Penedès, Barcelona",808,200.0,2019-04-12,115000,0,4.0,0,1,0,False,True,False,False,False,False,False,False,False,False,False,False,False,False,False,False,False,False,False,False,False,False,False,False,False
Anuncio actualizado el 24 de enero,0,0,1.0,0,0,1996.0,no indicado,1 planta,0,0,83016034,2,1.0,Subirats,," , Subirats , Alt Penedès, Barcelona ",,"Alt Penedès, Barcelona",31600,75.0,2019-04-12,170000,0,3.0,0,0,0,False,True,False,False,False,False,False,False,False,False,False,False,False,False,False,False,False,False,False,False,False,False,False,False,False
Anuncio actualizado el 24 de enero,0,0,1.0,0,0,1996.0,inmueble exento,2 plantas,0,0,83016043,2,1.0,La Granada,," , La Granada , Alt Penedès, Barcelona ",,"Alt Penedès, Barcelona",110,270.0,2019-04-12,99000,0,7.0,0,0,0,False,False,True,False,False,False,False,False,False,False,False,False,False,False,False,False,False,False,False,False,False,False,False,False,False
Anuncio actualizado el 8 de noviembre,0,0,1.0,0,0,1996.0,,planta 1ª,0,0,83016048,0,0.0,Santa Margarida i els Monjos,," , Santa Margarida i els Monjos , Alt Penedès, Barcelona ",,"Alt Penedès, Barcelona",70,60.0,2019-04-12,60000,0,3.0,0,0,0,False,True,False,False,False,False,False,False,False,False,False,False,False,False,False,False,False,False,False,False,False,False,False,False,False
Anuncio actualizado el 8 de noviembre,0,0,1.0,0,0,1996.0,,1 planta,1,1,83016056,2,1.0,Pontons,," , Pontons , Alt Penedès, Barcelona ",,"Alt Penedès, Barcelona",500,84.0,2019-04-12,100000,0,3.0,0,0,0,False,True,False,False,False,False,False,False,False,False,False,False,False,False,False,False,False,False,False,False,False,False,False,False,False
Anuncio actualizado el 25 de enero,0,0,1.0,0,0,1996.0,no indicado,1 planta,0,1,83016068,2,1.0,Torrelles de Foix,," , Torrelles de Foix , Alt Penedès, Barcelona ",,"Alt Penedès, Barcelona",116,99.0,2019-04-12,160000,0,3.0,0,1,0,False,True,False,False,False,False,False,False,False,False,False,False,False,False,False,False,False,False,False,False,False,False,False,False,False
Anuncio actualizado el 8 de noviembre,0,0,4.0,0,0,1996.0,en trámite,2 plantas,1,0,83016095,13,1.0,Font-Rubí,," , Font-Rubí , Alt Penedès, Barcelona ",,"Alt Penedès, Barcelona",6027,400.0,2019-04-12,325000,0,6.0,0,0,0,False,True,False,False,False,False,False,False,False,False,False,False,False,False,False,False,False,False,False,False,False,False,False,False,False
Anuncio actualizado el 25 de enero,0,0,1.0,0,0,1996.0,en trámite,1 planta,0,0,83016115,2,1.0,Sant Martí Sarroca,," , Sant Martí Sarroca , Alt Penedès, Barcelona ",,"Alt Penedès, Barcelona",7007,300.0,2019-04-12,230000,0,5.0,0,0,0,False,False,True,False,False,False,False,False,False,False,False,False,False,False,False,False,False,False,False,False,False,False,False,False,False
Anuncio actualizado el 8 de noviembre,0,0,3.0,0,0,1996.0,en trámite,2 plantas,1,1,83016117,2,1.0,Sant Quintí de Mediona,," , Sant Quintí de Mediona , Alt Penedès, Barcelona ",,"Alt Penedès, Barcelona",458,300.0,2019-04-12,420000,0,5.0,0,1,0,False,True,False,False,False,False,False,False,False,False,False,False,False,False,False,False,False,False,False,False,False,False,False,False,False
Anuncio actualizado el 8 de noviembre,1,0,3.0,0,0,1996.0,en trámite,1 planta,0,1,83016131,2,1.0,Castellví de la Marca,," , Castellví de la Marca , Alt Penedès, Barcelona ",,"Alt Penedès, Barcelona",220,99.0,2019-04-12,420000,0,5.0,0,0,0,False,True,False,False,False,False,False,False,False,False,False,False,False,False,False,False,False,False,False,False,False,False,False,False,False
Anuncio actualizado el 24 de enero,0,0,1.0,0,0,1996.0,en trámite,2 plantas,1,1,83016134,2,1.0,Torrelles de Foix,," , Torrelles de Foix , Alt Penedès, Barcelona ",,"Alt Penedès, Barcelona",605,130.0,2019-04-12,120000,0,3.0,0,0,0,False,True,False,False,False,False,False,False,False,False,False,False,False,False,False,False,False,False,False,False,False,False,False,False,False
Anuncio actualizado el 8 de noviembre,0,0,1.0,0,0,1996.0,en trámite,1 planta,0,0,83016137,2,1.0,Subirats,," , Subirats , Alt Penedès, Barcelona ",,"Alt Penedès, Barcelona",182,240.0,2019-04-12,100000,0,4.0,0,0,0,False,False,True,False,False,False,False,False,False,False,False,False,False,False,False,False,False,False,False,False,False,False,False,False,False
Anuncio actualizado el 13 de febrero,0,0,1.0,0,0,1996.0,,3 plantas,0,0,83016140,2,1.0,La Granada,," , La Granada , Alt Penedès, Barcelona ",,"Alt Penedès, Barcelona",130,99.0,2019-04-12,150000,0,5.0,0,0,0,False,True,False,False,False,False,False,False,False,False,False,False,False,False,False,False,False,False,False,False,False,False,False,False,False
Anuncio actualizado el 7 de febrero,0,0,2.0,0,0,1996.0,no indicado,1 planta,0,1,83016147,2,1.0,Subirats,," , Subirats , Alt Penedès, Barcelona ",,"Alt Penedès, Barcelona",170,162.0,2019-04-12,140000,0,3.0,0,0,0,False,True,False,False,False,False,False,False,False,False,False,False,False,False,False,False,False,False,False,False,False,False,False,False,False
Anuncio actualizado el 8 de noviembre,1,0,2.0,0,0,1996.0,en trámite,1 planta,0,1,83016151,2,1.0,Avinyonet del Penedès,," , Avinyonet del Penedès , Alt Penedès, Barcelona ",,"Alt Penedès, Barcelona",500,140.0,2019-04-12,239000,0,4.0,0,0,0,False,True,False,False,False,False,False,False,False,False,False,False,False,False,False,False,False,False,False,False,False,False,False,False,False
Anuncio actualizado el 24 de enero,0,0,1.0,1,0,1996.0,,bajo,0,0,83016181,0,0.0,Santa Margarida i els Monjos,," , Santa Margarida i els Monjos , Alt Penedès, Barcelona ",,"Alt Penedès, Barcelona",107,95.0,2019-04-12,100000,0,3.0,1,0,0,False,True,False,False,False,False,False,False,False,False,False,False,False,False,False,False,False,False,False,False,False,False,False,False,False
Anuncio actualizado el 24 de enero,0,0,2.0,0,1,1996.0,no indicado,3 plantas,1,1,83016184,13,1.0,Sant Llorenç d'Hortons,," , Sant Llorenç d'Hortons , Alt Penedès, Barcelona ",,"Alt Penedès, Barcelona",440000,99.0,2019-04-12,2000000,0,8.0,0,0,0,False,True,False,False,False,False,False,False,False,False,False,False,False,False,False,False,False,False,False,False,False,False,False,False,False
Anuncio actualizado el 24 de enero,0,0,2.0,0,0,1996.0,,2 plantas,1,0,83016190,2,1.0,Torrelavit,," , Torrelavit , Alt Penedès, Barcelona ",,"Alt Penedès, Barcelona",300,99.0,2019-04-12,85000,0,7.0,0,0,0,False,False,True,False,False,False,False,False,False,False,False,False,False,False,False,False,False,False,False,False,False,False,False,False,False
Anuncio actualizado el 8 de noviembre,0,0,2.0,0,0,1996.0,no indicado,planta 2ª,0,0,83016246,5,1.0,Vilafranca del Penedès,Distrito Centre Vila," , Distrito Centre Vila , Vilafranca del Penedès , Alt Penedès, Barcelona ",,"Alt Penedès, Barcelona",300,99.0,2019-04-12,400000,0,8.0,0,0,0,False,True,False,False,False,False,False,False,False,False,False,False,False,False,False,False,False,False,False,False,False,False,False,False,False
Anuncio actualizado el 8 de noviembre,0,0,1.0,0,0,1996.0,,1 planta,0,1,83016256,2,1.0,Torrelles de Foix,," , Torrelles de Foix , Alt Penedès, Barcelona ",,"Alt Penedès, Barcelona",1451,99.0,2019-04-12,95000,0,3.0,0,0,0,False,True,False,False,False,False,False,False,False,False,False,False,False,False,False,False,False,False,False,False,False,False,False,False,False
Anuncio actualizado el 24 de enero,0,0,1.0,0,0,1996.0,,2 plantas,1,1,83016267,2,1.0,Torrelles de Foix,," , Torrelles de Foix , Alt Penedès, Barcelona ",,"Alt Penedès, Barcelona",924,99.0,2019-04-12,99000,0,4.0,0,0,0,False,True,False,False,False,False,False,False,False,False,False,False,False,False,False,False,False,False,False,False,False,False,False,False,False
Anuncio actualizado el 8 de noviembre,0,0,1.0,0,0,1996.0,en trámite,1 planta,1,1,83016293,2,1.0,Torrelles de Foix,," , Torrelles de Foix , Alt Penedès, Barcelona ",,"Alt Penedès, Barcelona",890,99.0,2019-04-12,90000,0,2.0,0,0,0,False,True,False,False,False,False,False,False,False,False,False,False,False,False,False,False,False,False,False,False,False,False,False,False,False
Anuncio actualizado el 8 de noviembre,0,0,2.0,0,0,1996.0,no indicado,2 plantas,1,1,83016301,2,1.0,Torrelles de Foix,," , Torrelles de Foix , Alt Penedès, Barcelona ",,"Alt Penedès, Barcelona",885,99.0,2019-04-12,85100,0,4.0,0,0,0,False,True,False,False,False,False,False,False,False,False,False,False,False,False,False,False,False,False,False,False,False,False,False,False,False
Anuncio actualizado el 8 de noviembre,0,0,2.0,0,0,1996.0,en trámite,2 plantas,1,0,83016304,2,1.0,Santa Margarida i els Monjos,," , Santa Margarida i els Monjos , Alt Penedès, Barcelona ",,"Alt Penedès, Barcelona",257,241.0,2019-04-12,350000,0,5.0,0,0,0,False,True,False,False,False,False,False,False,False,False,False,False,False,False,False,False,False,False,False,False,False,False,False,False,False
Anuncio actualizado el 8 de noviembre,0,0,1.0,0,0,1996.0,en trámite,2 plantas,0,0,83016313,2,1.0,Torrelles de Foix,," , Torrelles de Foix , Alt Penedès, Barcelona ",,"Alt Penedès, Barcelona",290,283.0,2019-04-12,165000,0,7.0,0,0,0,False,True,False,False,False,False,False,False,False,False,False,False,False,False,False,False,False,False,False,False,False,False,False,False,False
Anuncio actualizado el 24 de enero,0,0,2.0,0,0,1996.0,en trámite,3 plantas,0,1,83016330,2,1.0,Sant Cugat Sesgarrigues,," , Sant Cugat Sesgarrigues , Alt Penedès, Barcelona ",,"Alt Penedès, Barcelona",1050,271.0,2019-04-12,450000,0,11.0,0,0,0,False,True,False,False,False,False,False,False,False,False,False,False,False,False,False,False,False,False,False,False,False,False,False,False,False
Anuncio actualizado el 8 de noviembre,0,0,1.0,0,0,1996.0,,2 plantas,1,0,83016356,2,1.0,La Granada,," , La Granada , Alt Penedès, Barcelona ",,"Alt Penedès, Barcelona",164,160.0,2019-04-12,215000,0,4.0,1,0,0,False,True,False,False,False,False,False,False,False,False,False,False,False,False,False,False,False,False,False,False,False,False,False,False,False
Anuncio actualizado el 8 de noviembre,0,0,3.0,0,0,1996.0,en trámite,2 plantas,0,1,83016364,2,1.0,Sant Martí Sarroca,," , Sant Martí Sarroca , Alt Penedès, Barcelona ",,"Alt Penedès, Barcelona",170,99.0,2019-04-12,265000,0,4.0,0,0,0,False,True,False,False,False,False,False,False,False,False,False,False,False,False,False,False,False,False,False,False,False,False,False,False,False
Anuncio actualizado el 13 de febrero,0,0,1.0,0,1,1996.0,en trámite,1 planta,0,1,83016377,13,1.0,Torrelles de Foix,," , Torrelles de Foix , Alt Penedès, Barcelona ",,"Alt Penedès, Barcelona",13295,99.0,2019-04-12,199000,0,5.0,0,0,0,False,False,True,False,False,False,False,False,False,False,False,False,False,False,False,False,False,False,False,False,False,False,False,False,False
Anuncio actualizado el 8 de noviembre,0,0,1.0,0,0,1996.0,no indicado,planta 5ª,0,0,83016387,5,1.0,Santa Margarida i els Monjos,," , Santa Margarida i els Monjos , Alt Penedès, Barcelona ",,"Alt Penedès, Barcelona",95,99.0,2019-04-12,150000,0,3.0,0,0,0,False,True,False,False,False,False,False,False,False,False,False,False,False,False,False,False,False,False,False,False,False,False,False,False,False
Anuncio actualizado el 8 de noviembre,0,0,3.0,0,0,1996.0,,1 planta,0,1,83016389,2,1.0,Vilobí del Penedès,," , Vilobí del Penedès , Alt Penedès, Barcelona ",,"Alt Penedès, Barcelona",5289,350.0,2019-04-12,399000,0,7.0,0,0,0,False,True,False,False,False,False,False,False,False,False,False,False,False,False,False,False,False,False,False,False,False,False,False,False,False
Anuncio actualizado el 24 de enero,0,0,2.0,0,0,1996.0,no indicado,3 plantas,0,0,83016393,2,1.0,Sant Pere de Riudebitlles,," , Sant Pere de Riudebitlles , Alt Penedès, Barcelona ",,"Alt Penedès, Barcelona",198,99.0,2019-04-12,131300,0,5.0,0,0,0,False,False,True,False,False,False,False,False,False,False,False,False,False,False,False,False,False,False,False,False,False,False,False,False,False
Anuncio actualizado el 13 de febrero,1,0,1.0,0,0,1996.0,en trámite,,0,0,83016622,2,1.0,Olèrdola,," , Olèrdola , Alt Penedès, Barcelona ",,"Alt Penedès, Barcelona",632,99.0,2019-04-12,160000,0,3.0,0,0,0,False,True,False,False,False,False,False,False,False,False,False,False,False,False,False,False,False,False,False,False,False,False,False,False,False
Anuncio actualizado el 29 de noviembre,0,0,1.0,0,0,1996.0,en trámite,planta 4ª,0,0,83016607,0,0.0,Vilafranca del Penedès,Distrito Poble Nou," , Distrito Poble Nou , Vilafranca del Penedès , Alt Penedès, Barcelona ",,"Alt Penedès, Barcelona",80,73.0,2019-04-12,83200,0,4.0,0,0,0,False,True,False,False,False,False,False,False,False,False,False,False,False,False,False,False,False,False,False,False,False,False,False,False,False
Anuncio actualizado el 8 de noviembre,0,0,1.0,0,0,1996.0,en trámite,1 planta,0,1,83016547,2,1.0,El Pla del Penedès,," , El Pla del Penedès , Alt Penedès, Barcelona ",,"Alt Penedès, Barcelona",124,80.0,2019-04-12,150000,0,3.0,0,0,0,False,True,False,False,False,False,False,False,False,False,False,False,False,False,False,False,False,False,False,False,False,False,False,False,False
Anuncio actualizado el 8 de noviembre,0,0,1.0,0,0,1996.0,en trámite,1 planta,0,0,83016544,2,1.0,Torrelles de Foix,," , Torrelles de Foix , Alt Penedès, Barcelona ",,"Alt Penedès, Barcelona",3995,99.0,2019-04-12,75000,0,3.0,0,0,0,False,True,False,False,False,False,False,False,False,False,False,False,False,False,False,False,False,False,False,False,False,False,False,False,False
Anuncio actualizado el 28 de febrero,0,0,1.0,0,0,1996.0,,2 plantas,1,0,83016520,2,1.0,Torrelles de Foix,," , Torrelles de Foix , Alt Penedès, Barcelona ",,"Alt Penedès, Barcelona",549,99.0,2019-04-12,90000,0,2.0,0,0,0,False,True,False,False,False,False,False,False,False,False,False,False,False,False,False,False,False,False,False,False,False,False,False,False,False
Anuncio actualizado el 8 de noviembre,0,0,2.0,0,0,1996.0,en trámite,2 plantas,1,0,83016511,2,1.0,Vilobí del Penedès,," , Vilobí del Penedès , Alt Penedès, Barcelona ",,"Alt Penedès, Barcelona",216,200.0,2019-04-12,150000,0,4.0,0,0,0,False,True,False,False,False,False,False,False,False,False,False,False,False,False,False,False,False,False,False,False,False,False,False,False,False
Anuncio actualizado el 14 de enero,0,0,2.0,0,0,1996.0,en trámite,3 plantas,0,0,83016492,2,1.0,Sant Quintí de Mediona,," , Sant Quintí de Mediona , Alt Penedès, Barcelona ",,"Alt Penedès, Barcelona",126,99.0,2019-04-12,70000,0,4.0,0,0,0,False,False,True,False,False,False,False,False,False,False,False,False,False,False,False,False,False,False,False,False,False,False,False,False,False
Anuncio actualizado el 15 de febrero,0,0,1.0,0,0,1996.0,,bajo,0,0,33363632,0,1.0,El Pla del Penedès,Avenida de la Carrerada," Avenida de la Carrerada , El Pla del Penedès , Alt Penedès, Barcelona ",,"Alt Penedès, Barcelona",71,62.0,2019-04-12,54600,0,3.0,0,0,0,False,True,False,False,False,False,False,False,False,False,False,False,False,False,False,False,False,False,False,False,False,False,False,False,False
Anuncio actualizado el 27 de marzo,0,0,1.0,0,0,1996.0,,,0,0,38627560,2,1.0,Torrelavit,Calle torrent," Calle torrent , Torrelavit , Alt Penedès, Barcelona ",,"Alt Penedès, Barcelona",163,99.0,2019-04-12,36808,0,3.0,0,0,0,False,True,False,False,False,False,False,False,False,False,False,False,False,False,False,False,False,False,False,False,False,False,False,False,False
Anuncio actualizado el 29 de enero,0,0,2.0,0,0,1996.0,,,1,0,81946398,2,1.0,Santa Margarida i els Monjos,Calle Nou," Calle Nou , Santa Margarida i els Monjos , Alt Penedès, Barcelona ",,"Alt Penedès, Barcelona",319,220.0,2019-04-12,302400,0,3.0,0,0,0,False,True,False,False,False,False,False,False,False,False,False,False,False,False,False,False,False,False,False,False,False,False,False,False,False
Anuncio actualizado el 9 de abril,0,1,1.0,0,0,1900.0,inmueble exento,,1,1,83577706,9,1.0,Sant Quintí de Mediona,," , Sant Quintí de Mediona , Alt Penedès, Barcelona ",,"Alt Penedès, Barcelona",249,338.0,2019-04-12,136000,0,5.0,1,0,1,False,False,True,False,False,False,False,False,False,False,False,False,False,False,False,False,False,False,False,False,False,False,False,False,False
Anuncio actualizado el 26 de marzo,0,0,1.0,0,0,1996.0,,,0,0,83783182,0,0.0,Vilafranca del Penedès,Distrito L'Espirall," , Distrito L'Espirall , Vilafranca del Penedès , Alt Penedès, Barcelona ",,"Alt Penedès, Barcelona",76,99.0,2019-04-12,79900,0,3.0,1,0,0,False,False,False,False,False,False,False,False,False,False,False,False,False,False,False,False,False,False,False,False,False,False,False,False,False
Anuncio actualizado el 11 de marzo,0,0,1.0,0,0,1996.0,,1 planta,0,1,83016408,2,1.0,Vilobí del Penedès,," , Vilobí del Penedès , Alt Penedès, Barcelona ",,"Alt Penedès, Barcelona",868,480.0,2019-04-12,210000,0,7.0,0,0,0,False,True,False,False,False,False,False,False,False,False,False,False,False,False,False,False,False,False,False,False,False,False,False,False,False
Anuncio actualizado el 9 de abril,1,1,2.0,0,0,1996.0,,planta 4ª exterior,0,0,84035636,0,0.0,Vilafranca del Penedès,Distrito Sant Julià," , Distrito Sant Julià , Vilafranca del Penedès , Alt Penedès, Barcelona ",,"Alt Penedès, Barcelona",85,80.0,2019-04-12,74000,0,3.0,0,0,1,False,False,False,False,False,False,False,False,False,False,False,False,False,False,False,False,False,False,False,False,False,False,False,False,False
Anuncio actualizado el 23 de febrero,0,0,1.0,0,0,1996.0,no indicado,2 plantas,0,0,83016439,2,1.0,Castellví de la Marca,," , Castellví de la Marca , Alt Penedès, Barcelona ",,"Alt Penedès, Barcelona",227,99.0,2019-04-12,149000,0,4.0,1,0,0,False,True,False,False,False,False,False,False,False,False,False,False,False,False,False,False,False,False,False,False,False,False,False,False,False
Anuncio actualizado el 7 de febrero,0,0,1.0,0,0,1996.0,en trámite,bajo,0,0,84183406,0,0.0,Sant Pere de Riudebitlles,Calle del Sol," Calle del Sol , Sant Pere de Riudebitlles , Alt Penedès, Barcelona ",,"Alt Penedès, Barcelona",67,56.0,2019-04-12,220400,0,1.0,0,0,0,False,True,False,False,False,False,False,False,False,False,False,False,False,False,False,False,False,False,False,False,False,False,False,False,False
Anuncio actualizado el 19 de febrero,0,0,2.0,0,0,1996.0,,planta 1ª,0,0,35070817,0,1.0,El Pla del Penedès,Avenida de la Carrerada," Avenida de la Carrerada , El Pla del Penedès , Alt Penedès, Barcelona ",,"Alt Penedès, Barcelona",85,99.0,2019-04-12,86100,0,3.0,0,0,0,False,True,False,False,False,False,False,False,False,False,False,False,False,False,False,False,False,False,False,False,False,False,False,False,False
Anuncio actualizado el 19 de febrero,0,0,1.0,0,0,1996.0,,planta 1ª,0,0,33363799,0,1.0,El Pla del Penedès,Avenida de la Carrerada," Avenida de la Carrerada , El Pla del Penedès , Alt Penedès, Barcelona ",,"Alt Penedès, Barcelona",79,72.0,2019-04-12,83000,0,3.0,0,0,0,False,True,False,False,False,False,False,False,False,False,False,False,False,False,False,False,False,False,False,False,False,False,False,False,False
Anuncio actualizado el 1 de marzo,0,0,6.0,0,0,1996.0,,3 plantas,1,0,83016415,13,1.0,Santa Margarida i els Monjos,," , Santa Margarida i els Monjos , Alt Penedès, Barcelona ",,"Alt Penedès, Barcelona",43000,800.0,2019-04-12,800000,0,25.0,0,1,0,False,True,False,False,False,False,False,False,False,False,False,False,False,False,False,False,False,False,False,False,False,False,False,False,False
Anuncio actualizado el 13 de febrero,0,0,2.0,0,0,1996.0,en trámite,1 planta,0,0,83016416,2,1.0,Torrelles de Foix,," , Torrelles de Foix , Alt Penedès, Barcelona ",,"Alt Penedès, Barcelona",1220,99.0,2019-04-12,210000,0,4.0,0,0,0,False,True,False,False,False,False,False,False,False,False,False,False,False,False,False,False,False,False,False,False,False,False,False,False,False
Anuncio actualizado el 2 de marzo,0,0,1.0,0,0,1996.0,en trámite,1 planta,1,0,84290329,2,1.0,Torrelles de Foix,," , Torrelles de Foix , Alt Penedès, Barcelona ",,"Alt Penedès, Barcelona",140,85.0,2019-04-12,73000,0,3.0,0,0,0,False,False,True,False,False,False,False,False,False,False,False,False,False,False,False,False,False,False,False,False,False,False,False,False,False
Anuncio actualizado el 4 de marzo,0,0,1.0,0,0,1996.0,en trámite,bajo,1,0,83015958,0,1.0,El Pla del Penedès,," , El Pla del Penedès , Alt Penedès, Barcelona ",,"Alt Penedès, Barcelona",69,65.0,2019-04-12,70000,0,2.0,0,0,0,False,True,False,False,False,False,False,False,False,False,False,False,False,False,False,False,False,False,False,False,False,False,False,False,False
Anuncio actualizado el 28 de febrero,0,0,2.0,0,0,1996.0,en trámite,planta 1ª,0,0,83016107,0,0.0,Vilafranca del Penedès,Distrito L'Espirall," , Distrito L'Espirall , Vilafranca del Penedès , Alt Penedès, Barcelona ",,"Alt Penedès, Barcelona",105,92.0,2019-04-12,100000,0,4.0,0,0,0,False,True,False,False,False,False,False,False,False,False,False,False,False,False,False,False,False,False,False,False,False,False,False,False,False
Anuncio actualizado el 26 de marzo,0,0,2.0,0,0,1996.0,,,0,0,39696400,6,1.0,Sant Quintí de Mediona,," , Sant Quintí de Mediona , Alt Penedès, Barcelona ",,"Alt Penedès, Barcelona",1,99.0,2019-04-12,3500000,0,3.0,0,0,0,False,False,False,False,False,False,False,False,False,False,False,False,False,False,False,False,False,False,False,False,False,False,False,False,False
Anuncio actualizado el 26 de marzo,0,0,1.0,0,0,1890.0,inmueble exento,,0,0,39804903,6,1.0,Castellví de la Marca,," , Castellví de la Marca , Alt Penedès, Barcelona ",,"Alt Penedès, Barcelona",600000,10.0,2019-04-12,3150000,0,2.0,0,0,0,False,False,False,False,False,False,False,False,False,False,False,False,False,False,False,False,False,False,False,False,False,False,False,False,False
Anuncio actualizado el 28 de febrero,0,1,1.0,1,0,1979.0,,planta 1ª,0,0,83204379,0,1.0,Santa Margarida i els Monjos,," , Santa Margarida i els Monjos , Alt Penedès, Barcelona ",,"Alt Penedès, Barcelona",94,80.0,2019-04-12,83400,0,4.0,0,0,0,False,True,False,False,False,False,False,False,False,False,False,False,False,True,False,False,False,False,False,False,False,False,False,False,False
Anuncio actualizado el 8 de febrero,0,0,1.0,0,0,1996.0,no indicado,bajo interior,1,0,445298,0,1.0,Santa Margarida i els Monjos,"Avenida Pla de l´Estació, 75"," Avenida Pla de l´Estació, 75 , Santa Margarida i els Monjos , Alt Penedès, Barcelona ",,"Alt Penedès, Barcelona",69,99.0,2019-04-12,110000,0,2.0,0,1,0,False,True,False,False,False,False,False,False,False,False,False,False,False,False,False,False,False,False,False,False,False,False,False,False,False
Anuncio actualizado el 12 de abril,0,1,1.0,0,0,1996.0,en trámite,planta 1ª exterior,1,0,84832181,0,1.0,Vilafranca del Penedès,Distrito Sant Julià," Avenida del Pla del Diable, 3 , Distrito Sant Julià , Vilafranca del Penedès , Alt Penedès, Barcelona ","Avenida del Pla del Diable, 3","Alt Penedès, Barcelona",80,79.0,2019-04-12,145000,0,3.0,0,0,0,False,True,False,False,False,False,False,False,False,False,False,False,False,False,True,False,False,False,False,False,False,False,False,False,False
Anuncio actualizado el 4 de abril,0,0,1.0,0,0,1996.0,en trámite,1 planta,0,0,84950649,2,1.0,Vilafranca del Penedès,Distrito Centre Vila," , Distrito Centre Vila , Vilafranca del Penedès , Alt Penedès, Barcelona ",,"Alt Penedès, Barcelona",389,99.0,2019-04-12,295000,0,1.0,0,0,0,False,False,True,False,False,False,False,False,False,False,False,False,False,False,False,False,False,False,False,False,False,False,False,False,False
Anuncio actualizado el 27 de enero,0,0,2.0,1,0,1996.0,no indicado,planta 2ª exterior,1,0,1608569,0,0.0,Sant Sadurní d'Anoia,"Plaza Pere Ferrer i Bosch, 2"," Plaza Pere Ferrer i Bosch, 2 , Sant Sadurní d'Anoia , Alt Penedès, Barcelona ",,"Alt Penedès, Barcelona",93,81.0,2019-04-12,182000,0,3.0,0,0,0,False,True,False,False,False,False,False,False,False,False,False,False,False,False,False,False,False,False,False,False,False,False,False,False,False
Anuncio actualizado el 8 de abril,0,1,1.0,1,0,1996.0,no indicado,planta 4ª exterior,0,1,1734509,0,0.0,Torrelles de Foix,"Calle Raval, 102"," Calle Raval, 102 , Torrelles de Foix , Alt Penedès, Barcelona ",,"Alt Penedès, Barcelona",65,64.0,2019-04-12,55000,0,3.0,0,1,0,False,True,False,False,False,False,False,False,False,False,False,False,False,False,False,False,False,False,False,False,False,False,False,True,False
Anuncio actualizado el 4 de noviembre,1,0,1.0,1,0,1996.0,no indicado,planta 3ª exterior,1,0,1752805,3,1.0,Sant Sadurní d'Anoia,"Paseo Can Ferrer, 28"," Paseo Can Ferrer, 28 , Sant Sadurní d'Anoia , Alt Penedès, Barcelona ",,"Alt Penedès, Barcelona",118,86.0,2019-04-12,200000,0,3.0,1,0,1,False,True,False,False,False,False,False,False,False,False,False,False,False,False,False,False,False,False,False,False,False,False,False,False,False
Anuncio actualizado el 8 de abril,0,0,2.0,1,0,1996.0,no indicado,planta 1ª exterior,1,1,1805275,0,1.0,Santa Margarida i els Monjos,"Calle Aviacio Republicana, 9"," Calle Aviacio Republicana, 9 , Santa Margarida i els Monjos , Alt Penedès, Barcelona ",,"Alt Penedès, Barcelona",117,94.0,2019-04-12,195000,0,3.0,1,1,1,False,True,False,False,False,False,False,False,False,False,False,False,False,False,False,False,False,False,False,False,False,False,False,False,False
Anuncio actualizado el 7 de abril,0,0,2.0,0,0,1996.0,no indicado,2 plantas,1,1,25185713,2,1.0,Sant Llorenç d'Hortons,Urb. El Grandet," Avenida de la Circunvalación, 111 , Urb. El Grandet , Sant Llorenç d'Hortons , Alt Penedès, Barcelona ","Avenida de la Circunvalación, 111","Alt Penedès, Barcelona",640,120.0,2019-04-12,215000,0,4.0,1,1,1,False,True,False,False,False,False,False,False,False,False,False,False,False,False,False,False,False,False,False,False,False,False,True,False,False
Anuncio actualizado el 11 de febrero,0,0,3.0,1,0,1996.0,en trámite,2 plantas,0,1,27506872,2,1.0,Torrelles de Foix,"Calle Roure, 81"," Calle Roure, 81 , Torrelles de Foix , Alt Penedès, Barcelona ",,"Alt Penedès, Barcelona",600,260.0,2019-04-12,154000,0,7.0,0,0,1,False,True,False,False,False,False,False,False,False,False,False,False,False,False,False,False,False,False,False,False,False,False,True,False,False
Anuncio actualizado el 5 de abril,1,0,1.0,0,0,1996.0,no indicado,planta 1ª exterior,1,0,27985126,0,1.0,Santa Margarida i els Monjos,"Calle Nou, 1"," Calle Nou, 1 , Santa Margarida i els Monjos , Alt Penedès, Barcelona ",,"Alt Penedès, Barcelona",80,70.0,2019-04-12,160000,0,2.0,0,0,0,False,True,False,False,False,False,False,False,False,False,False,False,False,False,False,False,False,False,False,False,False,False,False,False,False
Anuncio actualizado el 8 de abril,0,0,1.0,1,0,1996.0,no indicado,2 plantas,1,1,29153528,2,1.0,Subirats,Urbanització Martivell Polígon 4 s/n," Urbanització Martivell Polígon 4 s/n , Subirats , Alt Penedès, Barcelona ",,"Alt Penedès, Barcelona",900,99.0,2019-04-12,180000,0,3.0,1,1,1,False,True,False,False,False,False,False,False,False,False,False,False,False,False,False,False,False,False,False,False,False,False,False,False,False
Anuncio actualizado el 19 de marzo,1,0,1.0,1,0,1996.0,,bajo exterior,1,0,402733,0,1.0,El Pla del Penedès,"Avenida Gaudi, 4"," Avenida Gaudi, 4 , El Pla del Penedès , Alt Penedès, Barcelona ",,"Alt Penedès, Barcelona",104,78.0,2019-04-12,138000,1,3.0,1,0,1,False,True,False,False,False,False,False,False,True,False,False,False,False,False,True,False,False,False,False,False,False,False,False,False,False
Anuncio actualizado el 21 de noviembre,1,0,2.0,0,0,1996.0,,planta 2ª exterior,1,0,27531083,3,1.0,Sant Quintí de Mediona,"Avenida de Catalunya, 10"," Avenida de Catalunya, 10 , Sant Quintí de Mediona , Alt Penedès, Barcelona ",,"Alt Penedès, Barcelona",130,110.0,2019-04-12,167000,0,4.0,1,0,1,False,True,False,False,False,False,False,False,False,False,False,False,False,False,False,False,False,False,False,False,False,False,False,False,False
Anuncio actualizado el 8 de abril,0,0,3.0,0,0,1996.0,no indicado,2 plantas,1,1,28758099,1,1.0,Les Cabanyes,"Calle Vint-I-Tres, 50"," Calle Vint-I-Tres, 50 , Les Cabanyes , Alt Penedès, Barcelona ",,"Alt Penedès, Barcelona",144,99.0,2019-04-12,239000,0,4.0,0,0,1,False,True,False,False,False,False,False,False,False,False,False,False,False,False,False,False,False,False,True,False,False,False,False,False,False
Anuncio actualizado el 10 de enero,0,0,1.0,0,1,1996.0,no indicado,3 plantas,1,0,32947102,1,1.0,Sant Pere de Riudebitlles,"Calle vilafranca, 50"," Calle vilafranca, 50 , Sant Pere de Riudebitlles , Alt Penedès, Barcelona ",,"Alt Penedès, Barcelona",160,70.0,2019-04-12,160000,0,2.0,1,0,1,False,True,False,False,False,False,False,False,False,False,False,False,False,False,False,False,False,False,False,False,False,False,False,False,False
Anuncio actualizado el 8 de abril,0,1,2.0,1,0,1996.0,no indicado,2 plantas,1,1,34422929,2,1.0,Sant Martí Sarroca,"Avenida del castell, 95"," Avenida del castell, 95 , Sant Martí Sarroca , Alt Penedès, Barcelona ",,"Alt Penedès, Barcelona",1400,99.0,2019-04-12,350000,0,4.0,1,1,1,False,True,False,False,False,False,False,False,False,False,False,False,False,False,False,False,False,False,False,False,False,False,False,False,False
Anuncio actualizado el 3 de diciembre,1,0,2.0,1,0,1996.0,,planta 2ª exterior,1,0,34459620,3,1.0,La Granada,Urb. La Granada," Calle del pou de s'horta, 19 -21 , Urb. La Granada , La Granada , Alt Penedès, Barcelona ","Calle del pou de s'horta, 19 -21","Alt Penedès, Barcelona",85,99.0,2019-04-12,125000,0,2.0,1,0,1,False,True,False,False,False,False,False,False,False,False,False,False,True,False,False,False,False,False,False,False,False,False,False,False,False
Anuncio actualizado el 12 de febrero,0,0,1.0,0,0,1996.0,,planta 1ª exterior,0,0,34753550,0,0.0,Gelida,"Calle de Sant Isidre, 34"," Calle de Sant Isidre, 34 , Gelida , Alt Penedès, Barcelona ",,"Alt Penedès, Barcelona",78,99.0,2019-04-12,99000,0,4.0,0,0,0,False,True,False,False,False,False,False,False,False,False,False,False,False,False,False,False,False,False,False,False,False,False,False,False,False
Anuncio actualizado el 18 de noviembre,1,0,3.0,0,0,1996.0,no indicado,3 plantas,1,0,1654081,4,1.0,Santa Margarida i els Monjos,"Calle Pedraforca, 12"," Calle Pedraforca, 12 , Santa Margarida i els Monjos , Alt Penedès, Barcelona ",,"Alt Penedès, Barcelona",180,99.0,2019-04-12,275000,0,4.0,1,0,1,False,True,False,False,False,False,False,False,False,False,False,False,False,False,False,False,False,False,False,False,False,False,False,False,False
Anuncio actualizado el 7 de noviembre,0,0,1.0,0,0,1996.0,no indicado,1 planta,1,1,1817412,2,1.0,Torrelles de Foix,Urb. Plana de les torres," Calle Begonia, 13 , Urb. Plana de les torres , Torrelles de Foix , Alt Penedès, Barcelona ","Calle Begonia, 13","Alt Penedès, Barcelona",1200,99.0,2019-04-12,55000,0,2.0,1,0,0,False,False,True,False,False,False,False,False,False,False,False,False,False,False,False,False,False,False,False,False,False,False,False,False,False
Anuncio actualizado el 7 de abril,1,0,3.0,0,0,1996.0,en trámite,3 plantas,1,1,36827204,2,1.0,Subirats,"Calle de la Bardera, 9"," Calle de la Bardera, 9 , Subirats , Alt Penedès, Barcelona ",,"Alt Penedès, Barcelona",1200,99.0,2019-04-12,275000,1,4.0,1,1,1,False,True,False,False,False,True,False,False,False,False,False,False,False,False,False,False,False,False,False,False,False,False,False,False,False
Anuncio actualizado el 26 de marzo,0,0,1.0,0,0,1996.0,no indicado,1 planta,1,0,1632413,2,1.0,La Granada,"Calle Doctor Fleming, 1"," Calle Doctor Fleming, 1 , La Granada , Alt Penedès, Barcelona ",,"Alt Penedès, Barcelona",250,55.0,2019-04-12,80000,0,2.0,1,0,0,False,False,True,False,False,False,False,False,False,False,False,False,False,False,False,False,False,False,False,False,False,False,True,False,False
Anuncio actualizado el 31 de marzo,0,0,2.0,1,0,1996.0,no indicado,2 plantas,0,0,2041805,8,1.0,Torrelles de Foix,"Calle Nou, 20"," Calle Nou, 20 , Torrelles de Foix , Alt Penedès, Barcelona ",,"Alt Penedès, Barcelona",130,99.0,2019-04-12,170000,0,3.0,1,0,1,False,True,False,False,False,False,False,False,False,False,False,False,False,False,False,False,False,False,False,False,False,False,False,False,False
Anuncio actualizado el 12 de marzo,1,0,2.0,1,0,1996.0,,planta 2ª exterior,0,0,32968640,0,1.0,Vilafranca del Penedès,Distrito L'Espirall," Calle martorell, 24 bis , Distrito L'Espirall , Vilafranca del Penedès , Alt Penedès, Barcelona ","Calle martorell, 24 bis","Alt Penedès, Barcelona",70,99.0,2019-04-12,129500,0,2.0,1,0,1,False,True,False,False,False,False,False,False,False,False,False,False,False,False,False,False,False,False,False,False,False,False,False,False,False
Anuncio actualizado el 9 de abril,0,0,2.0,1,0,2005.0,,planta 1ª exterior,1,0,25440794,0,1.0,Santa Margarida i els Monjos,"Avenida del Penedés, 57"," Avenida del Penedés, 57 , Santa Margarida i els Monjos , Alt Penedès, Barcelona ",,"Alt Penedès, Barcelona",97,82.0,2019-04-12,127000,0,3.0,1,0,1,False,True,False,False,False,False,False,False,False,False,False,False,False,False,False,True,False,False,False,False,False,False,False,False,False
Anuncio actualizado el 22 de noviembre,0,0,1.0,0,0,1996.0,inmueble exento,,1,1,38600758,2,1.0,Mediona,Urb. Sant Elies," Calle Esglesia, 519 , Urb. Sant Elies , Mediona , Alt Penedès, Barcelona ","Calle Esglesia, 519","Alt Penedès, Barcelona",2000,140.0,2019-04-12,190000,0,4.0,1,1,1,False,True,False,False,False,False,False,False,False,False,False,False,False,False,False,False,False,False,False,False,False,False,False,False,False
Anuncio actualizado el 8 de abril,0,0,3.0,0,0,1996.0,no indicado,,0,0,38840337,2,1.0,Subirats,"Calle del Pujol, 12"," Calle del Pujol, 12 , Subirats , Alt Penedès, Barcelona ",,"Alt Penedès, Barcelona",250,99.0,2019-04-12,370000,0,5.0,0,0,0,False,True,False,False,False,False,False,False,False,False,False,False,False,False,False,False,False,False,False,False,False,False,False,False,False
Anuncio actualizado el 11 de febrero,0,0,1.0,0,0,1968.0,no indicado,planta 2ª exterior,0,0,39068054,0,0.0,Sant Sadurní d'Anoia,"Paseo Can Codorniu, 11"," Paseo Can Codorniu, 11 , Sant Sadurní d'Anoia , Alt Penedès, Barcelona ",,"Alt Penedès, Barcelona",70,99.0,2019-04-12,59500,0,3.0,0,0,0,False,False,True,False,False,False,False,True,False,False,False,False,False,False,False,False,False,False,False,False,False,False,False,False,False
Anuncio actualizado el 11 de marzo,1,1,2.0,1,0,1996.0,no indicado,planta 1ª exterior,0,0,39153120,0,0.0,Gelida,"Calle Narcís Monturiol, 6"," Calle Narcís Monturiol, 6 , Gelida , Alt Penedès, Barcelona ",,"Alt Penedès, Barcelona",100,90.0,2019-04-12,125000,0,4.0,0,0,0,False,True,False,False,False,False,False,False,True,False,False,False,False,True,False,False,False,False,False,False,False,False,False,False,False
Anuncio actualizado el 7 de abril,1,0,1.0,0,0,1996.0,en trámite,planta 1ª exterior,1,1,39160870,0,1.0,Sant Sadurní d'Anoia,"Plaza Joan Casanovas, 1 -2"," Plaza Joan Casanovas, 1 -2 , Sant Sadurní d'Anoia , Alt Penedès, Barcelona ",,"Alt Penedès, Barcelona",85,99.0,2019-04-12,195000,0,3.0,1,1,1,False,True,False,False,False,False,False,False,False,False,False,False,False,False,False,False,False,False,False,False,False,False,False,False,False
Anuncio actualizado el 7 de abril,0,0,2.0,0,0,1996.0,no indicado,planta 1ª exterior,1,1,39213048,0,0.0,Santa Margarida i els Monjos,"Camino les fàbriques, 3"," Camino les fàbriques, 3 , Santa Margarida i els Monjos , Alt Penedès, Barcelona ",,"Alt Penedès, Barcelona",142,120.0,2019-04-12,150000,0,4.0,0,0,0,False,True,False,False,False,False,False,False,False,False,False,False,False,False,False,False,False,False,False,False,False,False,False,False,False
Anuncio actualizado el 21 de marzo,0,1,2.0,1,0,2008.0,en trámite,planta 1ª exterior,1,1,39939094,0,1.0,Vilafranca del Penedès,Distrito La Girada," Calle de Lluís M.Güell, 5 , Distrito La Girada , Vilafranca del Penedès , Alt Penedès, Barcelona ","Calle de Lluís M.Güell, 5","Alt Penedès, Barcelona",100,99.0,2019-04-12,185000,1,3.0,1,0,1,False,True,False,False,False,False,False,False,False,True,False,False,False,False,False,False,False,False,False,False,False,False,True,False,False
Anuncio actualizado el 6 de febrero,0,0,2.0,1,0,1996.0,,,0,0,40015912,2,1.0,Mediona,"Urb. Font del Bosc, Mediona"," Calle Pirineus, 718 , Urb. Font del Bosc, Mediona , Mediona , Alt Penedès, Barcelona ","Calle Pirineus, 718","Alt Penedès, Barcelona",1221,99.0,2019-04-12,145000,0,3.0,0,0,0,False,True,False,False,False,False,False,False,False,False,False,False,False,False,False,False,False,False,False,False,False,False,False,False,False
Anuncio actualizado el 1 de abril,0,0,1.0,0,0,1996.0,no indicado,planta 1ª interior,0,0,26795809,0,0.0,Sant Sadurní d'Anoia,"Pasaje Lincon, 13"," Pasaje Lincon, 13 , Sant Sadurní d'Anoia , Alt Penedès, Barcelona ",,"Alt Penedès, Barcelona",80,70.0,2019-04-12,119000,0,3.0,0,0,0,False,True,False,False,False,False,False,False,False,False,False,False,False,False,True,False,False,False,False,False,False,False,False,False,False
Anuncio actualizado el 27 de marzo,0,0,1.0,0,0,1996.0,,planta 1ª,0,0,81211161,0,0.0,Sant Martí Sarroca,Avenida de Josep Anselm Clavé," Avenida de Josep Anselm Clavé , Sant Martí Sarroca , Alt Penedès, Barcelona ",,"Alt Penedès, Barcelona",60,53.0,2019-04-12,80700,0,1.0,0,0,0,False,True,False,False,False,False,False,False,False,False,False,False,False,False,False,False,False,False,False,False,False,False,False,False,False
Anuncio actualizado el 11 de abril,0,1,1.0,1,0,1996.0,no indicado,planta 4ª exterior,0,0,81231245,0,0.0,Torrelles de Foix,"Calle el Raval, 112"," Calle el Raval, 112 , Torrelles de Foix , Alt Penedès, Barcelona ",,"Alt Penedès, Barcelona",60,55.0,2019-04-12,40000,0,3.0,0,1,0,False,True,False,False,False,False,False,False,False,False,False,False,False,False,False,False,False,False,False,False,False,False,False,False,False
Anuncio actualizado el 1 de abril,1,1,1.0,1,0,2009.0,,planta 3ª exterior,1,1,81434406,0,1.0,Vilafranca del Penedès,Distrito La Girada," Rambla de la Generalitat, 47 , Distrito La Girada , Vilafranca del Penedès , Alt Penedès, Barcelona ","Rambla de la Generalitat, 47","Alt Penedès, Barcelona",80,70.0,2019-04-12,175000,0,2.0,0,1,0,False,True,False,False,False,False,False,False,False,True,False,False,False,False,False,False,False,False,False,False,False,False,False,False,False
Anuncio actualizado el 7 de abril,0,1,3.0,0,0,1996.0,no indicado,5 plantas,1,0,81590295,4,1.0,Sant Pere de Riudebitlles,"Carretera La, 9"," Carretera La, 9 , Sant Pere de Riudebitlles , Alt Penedès, Barcelona ",,"Alt Penedès, Barcelona",600,99.0,2019-04-12,195000,0,3.0,1,0,1,False,True,False,False,False,False,False,False,False,False,False,False,False,False,False,False,False,False,False,False,False,False,False,False,False
Anuncio actualizado el 29 de enero,0,0,2.0,0,0,1996.0,,,0,0,33360101,2,1.0,Olèrdola,Calle de l'Olivera," Calle de l'Olivera , Olèrdola , Alt Penedès, Barcelona ",,"Alt Penedès, Barcelona",213,99.0,2019-04-12,192300,0,3.0,0,0,0,False,True,False,False,False,False,False,False,False,False,False,False,False,False,False,False,False,False,False,False,False,False,False,False,False
Anuncio actualizado el 5 de abril,0,0,1.0,0,0,1996.0,,bajo,0,0,81766346,0,1.0,Sant Sadurní d'Anoia,Rambla de la Generalitat," Rambla de la Generalitat , Sant Sadurní d'Anoia , Alt Penedès, Barcelona ",,"Alt Penedès, Barcelona",103,74.0,2019-04-12,126000,0,3.0,0,0,0,False,True,False,False,False,False,False,False,False,False,False,False,False,False,False,False,False,False,False,False,False,False,False,False,False
Anuncio actualizado el 5 de abril,0,0,2.0,0,0,1996.0,,planta 3ª,0,0,33364049,0,0.0,Sant Quintí de Mediona,Avenida de montserrat," Avenida de montserrat , Sant Quintí de Mediona , Alt Penedès, Barcelona ",,"Alt Penedès, Barcelona",91,75.0,2019-04-12,110300,0,3.0,0,0,0,False,True,False,False,False,False,False,False,False,False,False,False,False,False,False,False,False,False,False,False,False,False,False,False,False
Anuncio actualizado el 20 de noviembre,1,1,2.0,1,0,2004.0,en trámite,planta 2ª exterior,1,1,81778275,0,1.0,Vilafranca del Penedès,Distrito Poble Nou," Plaza Maria manent s/n , Distrito Poble Nou , Vilafranca del Penedès , Alt Penedès, Barcelona ",Plaza Maria manent s/n,"Alt Penedès, Barcelona",100,78.0,2019-04-12,210000,0,3.0,0,0,0,False,True,False,False,False,False,False,False,False,False,False,False,False,False,False,False,False,False,False,False,False,False,False,False,False
Anuncio actualizado el 27 de marzo,0,0,1.0,0,0,1996.0,,planta 1ª,0,0,82181067,0,0.0,Sant Martí Sarroca,Calle Verge de Montserrat," Calle Verge de Montserrat , Sant Martí Sarroca , Alt Penedès, Barcelona ",,"Alt Penedès, Barcelona",95,84.0,2019-04-12,83125,0,3.0,0,0,0,False,True,False,False,False,False,False,False,False,False,False,False,False,False,False,False,False,False,False,False,False,False,False,False,False
Anuncio actualizado el 7 de abril,0,0,3.0,1,0,1979.0,en trámite,3 plantas,1,1,38117422,2,1.0,Torrelles de Foix,"Calle de la Creueta, 38"," Calle de la Creueta, 38 , Torrelles de Foix , Alt Penedès, Barcelona ",,"Alt Penedès, Barcelona",2861,99.0,2019-04-12,400000,0,6.0,1,1,1,False,True,False,False,False,False,True,False,False,False,False,False,False,False,False,False,False,False,False,False,False,False,True,False,False
Anuncio actualizado el 11 de marzo,1,1,2.0,1,0,1996.0,no indicado,planta 4ª exterior,1,0,82726654,0,1.0,Vilafranca del Penedès,Distrito Les Clotes," Calle del Progrés, 18 , Distrito Les Clotes , Vilafranca del Penedès , Alt Penedès, Barcelona ","Calle del Progrés, 18","Alt Penedès, Barcelona",100,90.0,2019-04-12,170000,0,4.0,1,0,0,False,True,False,False,False,False,False,False,False,False,False,False,False,False,False,False,False,False,False,False,False,False,True,False,False
Anuncio actualizado el 9 de abril,0,0,1.0,0,1,1996.0,,2 plantas,0,1,82806367,6,1.0,Subirats,"Urbanizacion de Can Panxa, 11"," Urbanizacion de Can Panxa, 11 , Subirats , Alt Penedès, Barcelona ",,"Alt Penedès, Barcelona",1800,97.0,2019-04-12,180000,0,3.0,1,1,1,False,False,True,False,False,False,False,False,False,False,False,False,False,False,False,False,False,False,False,True,False,False,False,False,False
Anuncio actualizado el 11 de abril,0,0,1.0,0,0,1996.0,en trámite,2 plantas,1,1,83349226,2,1.0,Olèrdola,"Calle de Sant Pere, 3"," Calle de Sant Pere, 3 , Olèrdola , Alt Penedès, Barcelona ",,"Alt Penedès, Barcelona",350,424.0,2019-04-12,159000,0,4.0,1,0,1,False,False,True,False,False,False,False,False,False,False,False,True,False,False,False,False,False,False,False,False,False,False,False,False,False
Anuncio actualizado el 16 de marzo,0,0,1.0,0,0,1970.0,,planta 3ª exterior,0,0,83404165,0,0.0,Vilafranca del Penedès,Distrito L'Espirall," Calle de la Granada , Distrito L'Espirall , Vilafranca del Penedès , Alt Penedès, Barcelona ",Calle de la Granada,"Alt Penedès, Barcelona",53,99.0,2019-04-12,68200,0,2.0,0,0,0,False,True,False,False,False,False,False,False,False,False,False,False,False,False,False,False,False,False,False,False,False,False,False,False,False
Anuncio actualizado el 11 de marzo,1,1,2.0,0,0,1996.0,no indicado,planta -2 exterior,1,0,83397358,0,1.0,Vilafranca del Penedès,Distrito Les Clotes," Calle d'Antoni Mestres Jané, 16 , Distrito Les Clotes , Vilafranca del Penedès , Alt Penedès, Barcelona ","Calle d'Antoni Mestres Jané, 16","Alt Penedès, Barcelona",90,75.0,2019-04-12,130000,0,3.0,1,0,0,False,True,False,False,False,False,False,False,False,False,False,False,False,False,False,False,False,False,False,False,False,False,True,False,False
Anuncio actualizado el 21 de febrero,0,0,2.0,0,0,1996.0,,planta 2ª,0,0,33363869,0,0.0,Sant Quintí de Mediona,Calle de Joan Sardà," Calle de Joan Sardà , Sant Quintí de Mediona , Alt Penedès, Barcelona ",,"Alt Penedès, Barcelona",123,95.0,2019-04-12,95600,0,3.0,0,0,0,False,True,False,False,False,False,False,False,False,False,False,False,False,False,False,False,False,False,False,False,False,False,False,False,False
Anuncio actualizado el 27 de marzo,0,0,1.0,0,0,1996.0,,,1,0,82057691,2,1.0,Torrelles de Foix,BP-2121," BP-2121 , Torrelles de Foix , Alt Penedès, Barcelona ",,"Alt Penedès, Barcelona",213,80.0,2019-04-12,77979,0,3.0,0,0,0,False,True,False,False,False,False,False,False,False,False,False,False,False,False,False,False,False,False,False,False,False,False,False,False,False
Anuncio actualizado el 31 de marzo,0,0,2.0,0,0,1996.0,en trámite,planta 1ª exterior,0,0,83621182,3,0.0,Sant Sadurní d'Anoia,"Calle Tinent Coronel Sagués, 5"," Calle Tinent Coronel Sagués, 5 , Sant Sadurní d'Anoia , Alt Penedès, Barcelona ",,"Alt Penedès, Barcelona",120,99.0,2019-04-12,195000,0,4.0,0,0,1,False,False,True,False,False,False,False,False,False,False,False,False,False,False,False,False,False,False,False,False,False,False,False,False,False
Anuncio actualizado el 31 de marzo,1,0,2.0,1,1,1996.0,,,1,0,83761112,6,1.0,Avinyonet del Penedès,"Calle les Roques, 18"," Calle les Roques, 18 , Avinyonet del Penedès , Alt Penedès, Barcelona ",,"Alt Penedès, Barcelona",975,99.0,2019-04-12,250000,0,5.0,0,1,1,False,True,False,False,False,False,False,False,False,False,False,False,False,False,False,False,False,False,False,False,False,False,False,False,False
Anuncio actualizado el 7 de abril,0,1,2.0,1,0,1996.0,no indicado,planta 2ª exterior,0,0,83831056,0,0.0,Gelida,"Calle Narcís Monturiol, 6"," Calle Narcís Monturiol, 6 , Gelida , Alt Penedès, Barcelona ",,"Alt Penedès, Barcelona",100,95.0,2019-04-12,95000,0,5.0,1,0,0,False,True,False,False,False,False,False,False,False,False,False,False,False,False,False,False,False,False,False,False,False,False,False,False,False
Anuncio actualizado el 9 de abril,0,0,2.0,0,0,1996.0,,,0,0,83949583,0,0.0,Gelida,Calle Sant Lluís," Calle Sant Lluís , Gelida , Alt Penedès, Barcelona ",,"Alt Penedès, Barcelona",89,72.0,2019-04-12,169000,0,3.0,0,0,0,False,True,False,False,False,False,False,False,False,False,False,False,False,False,False,False,False,False,False,False,False,False,False,False,False
Anuncio actualizado el 18 de febrero,0,0,2.0,0,0,1982.0,en trámite,,0,0,84011690,2,1.0,Torrelles de Foix,Calle Figuera," Calle Figuera , Torrelles de Foix , Alt Penedès, Barcelona ",,"Alt Penedès, Barcelona",166,94.0,2019-04-12,168800,0,4.0,0,0,0,False,True,False,False,False,False,False,False,False,False,False,False,False,False,False,False,False,False,False,False,False,False,False,False,False
Anuncio actualizado el 11 de febrero,0,0,1.0,0,0,1974.0,,,1,0,84011719,2,1.0,Mediona,Calle 24," Calle 24 , Mediona , Alt Penedès, Barcelona ",,"Alt Penedès, Barcelona",80,72.0,2019-04-12,83800,0,2.0,0,0,0,False,True,False,False,False,False,False,False,False,False,False,False,False,False,False,False,False,False,False,False,False,False,False,False,False
Anuncio actualizado el 25 de enero,0,0,2.0,0,0,1975.0,,planta 3ª,0,0,84037674,0,0.0,Sant Pere de Riudebitlles,Calle del Canigó," Calle del Canigó , Sant Pere de Riudebitlles , Alt Penedès, Barcelona ",,"Alt Penedès, Barcelona",88,85.0,2019-04-12,106830,0,3.0,0,0,0,False,True,False,False,False,False,False,False,False,False,False,False,False,False,False,False,False,False,False,False,False,False,False,False,False
Anuncio actualizado el 25 de enero,0,0,2.0,0,0,2007.0,en trámite,,0,0,84037682,2,1.0,Pontons,Calle Unió," Calle Unió , Pontons , Alt Penedès, Barcelona ",,"Alt Penedès, Barcelona",86,72.0,2019-04-12,74200,0,3.0,0,0,0,False,True,False,False,False,False,False,False,False,False,False,False,False,False,False,False,False,False,False,False,False,False,False,False,False
Anuncio actualizado el 25 de enero,0,0,1.0,0,0,2006.0,,bajo,0,0,84037685,0,0.0,Sant Martí Sarroca,Calle del Rei Joan Carles I," Calle del Rei Joan Carles I , Sant Martí Sarroca , Alt Penedès, Barcelona ",,"Alt Penedès, Barcelona",87,77.0,2019-04-12,124200,0,2.0,0,0,0,False,True,False,False,False,False,False,False,False,False,False,False,False,False,False,False,False,False,False,False,False,False,False,False,False
Anuncio actualizado el 11 de febrero,0,0,1.0,0,0,1980.0,,,1,0,84037686,2,1.0,Torrelles de Foix,Calle Menta," Calle Menta , Torrelles de Foix , Alt Penedès, Barcelona ",,"Alt Penedès, Barcelona",185,167.0,2019-04-12,236500,0,3.0,0,0,0,False,True,False,False,False,False,False,False,False,False,False,False,False,False,False,False,False,False,False,False,False,False,False,False,False
Anuncio actualizado el 18 de febrero,0,0,2.0,0,0,2007.0,en trámite,bajo,0,0,84037687,0,0.0,Pontons,Calle Num 1," Calle Num 1 , Pontons , Alt Penedès, Barcelona ",,"Alt Penedès, Barcelona",89,99.0,2019-04-12,64100,0,3.0,0,0,0,False,True,False,False,False,False,False,False,False,False,False,False,False,False,False,False,False,False,False,False,False,False,False,False,False
Anuncio actualizado el 28 de enero,0,0,3.0,0,0,2008.0,,,1,0,84060937,2,1.0,Subirats,Calle del Forn," Calle del Forn , Subirats , Alt Penedès, Barcelona ",,"Alt Penedès, Barcelona",122,99.0,2019-04-12,144600,0,3.0,0,0,0,False,True,False,False,False,False,False,False,False,False,False,False,False,False,False,False,False,False,False,False,False,False,False,False,False
Anuncio actualizado el 28 de enero,0,0,3.0,0,0,2007.0,,planta 2ª,0,0,84060941,0,0.0,Sant Pere de Riudebitlles,Calle de Delfí Ortiz," Calle de Delfí Ortiz , Sant Pere de Riudebitlles , Alt Penedès, Barcelona ",,"Alt Penedès, Barcelona",99,82.0,2019-04-12,160000,0,3.0,0,0,0,False,True,False,False,False,False,False,False,False,False,False,False,False,False,False,False,False,False,False,False,False,False,False,False,False
Anuncio actualizado el 28 de enero,0,0,1.0,0,0,2007.0,,bajo,0,0,84060942,0,0.0,Torrelles de Foix,Calle del Nord," Calle del Nord , Torrelles de Foix , Alt Penedès, Barcelona ",,"Alt Penedès, Barcelona",48,36.0,2019-04-12,163600,0,2.0,0,0,0,False,True,False,False,False,False,False,False,False,False,False,False,False,False,False,False,False,False,False,False,False,False,False,False,False
Anuncio actualizado el 7 de abril,0,1,2.0,0,1,1712.0,no indicado,3 plantas,0,1,84078816,14,1.0,Olèrdola,"Calle barri de Viladellops, 1"," Calle barri de Viladellops, 1 , Olèrdola , Alt Penedès, Barcelona ",,"Alt Penedès, Barcelona",800,192.0,2019-04-12,500000,1,5.0,1,1,1,False,True,False,False,False,True,False,False,False,False,False,False,False,False,False,False,False,False,False,False,False,False,True,False,False
Anuncio actualizado el 24 de marzo,0,0,4.0,0,0,1996.0,no indicado,2 plantas,0,0,84082867,6,1.0,Sant Sadurní d'Anoia,"Camino Mas aspero, 27"," Camino Mas aspero, 27 , Sant Sadurní d'Anoia , Alt Penedès, Barcelona ",,"Alt Penedès, Barcelona",11000,99.0,2019-04-12,590000,0,8.0,0,1,0,False,True,False,False,False,False,False,False,False,False,False,False,False,False,False,False,False,False,False,False,False,False,False,False,False
Anuncio actualizado el 8 de marzo,1,1,1.0,0,1,1996.0,,2 plantas,1,1,84101353,6,1.0,Santa Margarida i els Monjos,N/A s/n," N/A s/n , Santa Margarida i els Monjos , Alt Penedès, Barcelona ",,"Alt Penedès, Barcelona",18000,99.0,2019-04-12,650000,0,6.0,1,0,1,False,True,False,False,False,False,False,False,False,False,False,False,False,False,False,False,False,False,False,False,False,False,True,False,False
Anuncio actualizado el 27 de marzo,0,0,1.0,0,0,1996.0,,,0,0,84151955,0,1.0,El Pla del Penedès,Calle Doctor Ferran," Calle Doctor Ferran , El Pla del Penedès , Alt Penedès, Barcelona ",,"Alt Penedès, Barcelona",57,99.0,2019-04-12,79129,0,1.0,0,0,0,False,True,False,False,False,False,False,False,False,False,False,False,False,False,False,False,False,False,False,False,False,False,False,False,False
Anuncio actualizado el 17 de febrero,0,1,1.0,1,0,1996.0,en trámite,planta 4ª exterior,0,0,84173551,0,0.0,Sant Sadurní d'Anoia,"cipres, 5"," cipres, 5 , Sant Sadurní d'Anoia , Alt Penedès, Barcelona ",,"Alt Penedès, Barcelona",70,68.0,2019-04-12,80000,0,3.0,0,0,1,False,True,False,False,False,False,False,False,False,False,False,False,False,False,False,False,False,False,False,False,False,False,False,False,False
Anuncio actualizado el 6 de febrero,0,0,1.0,1,1,1996.0,no indicado,1 planta,0,1,26972079,6,1.0,Avinyonet del Penedès,Urb. CAN MITJANS," Calle Santa Ana s/n , Urb. CAN MITJANS , Avinyonet del Penedès , Alt Penedès, Barcelona ",Calle Santa Ana s/n,"Alt Penedès, Barcelona",2000,80.0,2019-04-12,190000,0,3.0,0,0,1,False,True,False,False,False,False,False,False,False,False,False,False,True,False,False,False,False,False,False,False,False,False,False,False,False
Anuncio actualizado el 7 de febrero,0,0,1.0,0,0,1996.0,no indicado,2 plantas,0,1,29191676,2,1.0,Pontons,Urb. MAS GASSONS," Calle Andalucia, 353 , Urb. MAS GASSONS , Pontons , Alt Penedès, Barcelona ","Calle Andalucia, 353","Alt Penedès, Barcelona",1006,99.0,2019-04-12,149500,0,4.0,0,0,1,False,False,True,False,False,False,False,False,False,False,False,False,False,False,False,False,False,False,False,False,False,False,False,False,False
Anuncio actualizado el 8 de abril,1,0,1.0,0,0,1996.0,no indicado,1 planta,0,0,84420416,10,1.0,Gelida,"Calle del Bosc, 5"," Calle del Bosc, 5 , Gelida , Alt Penedès, Barcelona ",,"Alt Penedès, Barcelona",500,60.0,2019-04-12,60000,0,3.0,0,0,0,False,True,False,False,False,False,False,False,False,False,False,False,False,False,False,False,False,False,False,False,False,False,True,False,False
Anuncio actualizado el 3 de febrero,1,1,3.0,1,0,1996.0,no indicado,3 plantas,1,0,82243732,8,1.0,Gelida,Urb. La Fanga," Martí Coma i Rovira, 28 , Urb. La Fanga , Gelida , Alt Penedès, Barcelona ","Martí Coma i Rovira, 28","Alt Penedès, Barcelona",140,99.0,2019-04-12,371000,0,4.0,0,1,1,False,True,False,False,True,False,False,False,False,False,False,False,False,False,False,False,False,False,False,False,False,False,False,False,False
Anuncio actualizado el 12 de julio,1,0,2.0,0,0,1996.0,no indicado,,0,1,81124740,9,1.0,Torrelavit,Urb. EL BOSQUE," Calle del Bosc , Urb. EL BOSQUE , Torrelavit , Alt Penedès, Barcelona ",Calle del Bosc,"Alt Penedès, Barcelona",40,99.0,2019-04-12,270000,0,3.0,1,1,0,False,False,False,False,False,False,False,False,False,False,False,False,False,False,False,False,False,False,False,False,False,False,False,False,False
Anuncio actualizado el 5 de abril,0,0,1.0,0,0,1996.0,,planta 3ª,1,0,84374207,3,0.0,Sant Quintí de Mediona,Avenida de Montserrat," Avenida de Montserrat , Sant Quintí de Mediona , Alt Penedès, Barcelona ",,"Alt Penedès, Barcelona",131,99.0,2019-04-12,149000,0,3.0,0,0,0,False,True,False,False,False,False,False,False,False,False,False,False,False,False,False,False,False,False,False,False,False,False,False,False,False
Anuncio actualizado el 8 de abril,1,1,2.0,0,0,2005.0,,planta 2ª exterior,1,0,2055072,0,1.0,Avinyonet del Penedès,"Carretera Barcelona, 55"," Carretera Barcelona, 55 , Avinyonet del Penedès , Alt Penedès, Barcelona ",,"Alt Penedès, Barcelona",90,85.0,2019-04-12,120000,0,3.0,0,0,0,False,True,False,True,False,False,False,False,False,False,False,False,False,False,True,False,False,False,False,False,False,False,False,False,False
Anuncio actualizado el 31 de marzo,1,1,1.0,1,0,1996.0,no indicado,planta 1ª exterior,1,0,33677276,0,0.0,Torrelles de Foix,"Calle el raval, 79"," Calle el raval, 79 , Torrelles de Foix , Alt Penedès, Barcelona ",,"Alt Penedès, Barcelona",75,70.0,2019-04-12,70000,0,3.0,1,0,1,False,True,False,False,False,False,True,False,False,False,False,False,False,False,False,False,False,False,False,False,False,True,False,False,False
Anuncio actualizado el 7 de febrero,0,0,1.0,0,0,1996.0,,,0,0,30502858,0,1.0,Vilafranca del Penedès,Distrito Centre Vila," , Distrito Centre Vila , Vilafranca del Penedès , Alt Penedès, Barcelona ",,"Alt Penedès, Barcelona",84,66.0,2019-04-12,93000,0,3.0,0,0,1,False,False,False,False,False,False,False,False,False,False,False,False,False,False,False,False,False,False,False,False,False,False,False,False,False
Anuncio actualizado el 3 de enero,0,0,2.0,0,0,1996.0,,,0,0,36444910,9,1.0,Torrelles de Foix,," , Torrelles de Foix , Alt Penedès, Barcelona ",,"Alt Penedès, Barcelona",161,134.0,2019-04-12,85100,0,3.0,0,0,0,False,False,False,False,False,False,False,False,False,False,False,False,False,False,False,False,False,False,False,False,False,False,False,False,False
Anuncio actualizado el 25 de enero,0,0,1.0,0,0,1996.0,en trámite,,1,0,39679961,8,1.0,El Pla del Penedès,Plaja s/n," Plaja s/n , El Pla del Penedès , Alt Penedès, Barcelona ",,"Alt Penedès, Barcelona",165,164.0,2019-04-12,95000,0,3.0,0,0,1,False,False,True,False,False,False,False,False,False,False,False,False,False,False,False,False,False,False,False,False,False,False,True,False,False
Anuncio actualizado el 29 de enero,0,1,1.0,1,0,1996.0,en trámite,planta 1ª exterior,1,0,81371815,0,1.0,Sant Quintí de Mediona,"Avenida Montserrat, 9"," Avenida Montserrat, 9 , Sant Quintí de Mediona , Alt Penedès, Barcelona ",,"Alt Penedès, Barcelona",82,80.0,2019-04-12,98000,1,3.0,1,0,0,False,True,False,False,False,False,False,False,False,False,False,False,False,False,False,False,False,False,False,False,False,False,True,False,False
Anuncio actualizado el 1 de febrero,0,0,1.0,0,0,1996.0,no indicado,,0,0,81681074,9,1.0,Gelida,Calle Cabernet," Calle Cabernet , Gelida , Alt Penedès, Barcelona ",,"Alt Penedès, Barcelona",93,99.0,2019-04-12,111100,0,1.0,1,0,0,False,False,False,False,False,False,False,False,False,False,False,False,False,False,False,False,False,False,False,False,False,False,False,False,False
Anuncio actualizado el 7 de abril,0,0,2.0,1,0,1996.0,en trámite,planta 3ª exterior,1,0,82471404,0,1.0,Vilafranca del Penedès,Distrito Sant Julià," , Distrito Sant Julià , Vilafranca del Penedès , Alt Penedès, Barcelona ",,"Alt Penedès, Barcelona",136,106.0,2019-04-12,160000,1,4.0,1,0,0,False,True,False,False,False,False,False,False,False,True,False,False,False,False,False,False,False,False,False,False,False,False,False,False,False
Anuncio actualizado el 15 de enero,0,0,1.0,0,0,1996.0,,,0,0,82895248,0,0.0,Vilafranca del Penedès,Distrito Poble Nou," , Distrito Poble Nou , Vilafranca del Penedès , Alt Penedès, Barcelona ",,"Alt Penedès, Barcelona",80,72.0,2019-04-12,82300,0,3.0,0,0,0,False,False,False,False,False,False,False,False,False,False,False,False,False,False,False,False,False,False,False,False,False,False,False,False,False
Anuncio actualizado el 16 de marzo,0,0,1.0,0,0,1996.0,,planta 2ª,1,0,84687992,0,1.0,Sant Sadurní d'Anoia,," , Sant Sadurní d'Anoia , Alt Penedès, Barcelona ",,"Alt Penedès, Barcelona",96,99.0,2019-04-12,135000,0,3.0,0,0,0,False,True,False,False,False,False,False,False,False,False,False,False,False,False,False,False,False,False,False,False,False,False,False,False,False
Anuncio actualizado el 9 de abril,0,0,1.0,0,0,1996.0,en trámite,bajo exterior,1,0,84913696,0,1.0,Santa Margarida i els Monjos,," , Santa Margarida i els Monjos , Alt Penedès, Barcelona ",,"Alt Penedès, Barcelona",65,56.0,2019-04-12,110000,0,2.0,0,0,0,False,False,False,False,False,False,False,False,False,False,False,False,False,False,False,False,False,False,False,False,False,False,False,False,False
Anuncio actualizado el 26 de noviembre,0,0,4.0,0,0,1996.0,en trámite,3 plantas,0,0,30752025,2,1.0,Vilafranca del Penedès,Distrito Centre Vila," Calle dels ferrers, 52 , Distrito Centre Vila , Vilafranca del Penedès , Alt Penedès, Barcelona ","Calle dels ferrers, 52","Alt Penedès, Barcelona",350,99.0,2019-04-12,395000,0,8.0,0,0,0,False,True,False,False,False,False,False,False,False,False,False,False,False,False,False,False,False,False,False,False,False,False,False,False,False
Anuncio actualizado el 19 de marzo,0,0,1.0,0,0,1996.0,,2 plantas,0,0,37612502,4,1.0,Sant Quintí de Mediona,Calle de Pi i Margall s/n," Calle de Pi i Margall s/n , Sant Quintí de Mediona , Alt Penedès, Barcelona ",,"Alt Penedès, Barcelona",125,99.0,2019-04-12,78000,0,3.0,1,0,1,False,False,True,False,False,False,False,False,False,False,False,False,False,False,False,False,False,False,False,False,False,False,False,False,False
Anuncio actualizado el 21 de diciembre,0,0,2.0,0,0,1996.0,,,0,0,34834889,9,1.0,Sant Cugat Sesgarrigues,Calle de les creus," Calle de les creus , Sant Cugat Sesgarrigues , Alt Penedès, Barcelona ",,"Alt Penedès, Barcelona",272,99.0,2019-04-12,135600,0,4.0,0,0,0,False,False,False,False,False,False,False,False,False,False,False,False,False,False,False,False,False,False,False,False,False,False,False,False,False
Anuncio actualizado el 20 de enero,0,0,2.0,0,0,1996.0,,,0,0,34834929,9,1.0,Mediona,Calle d'orient," Calle d'orient , Mediona , Alt Penedès, Barcelona ",,"Alt Penedès, Barcelona",244,99.0,2019-04-12,139900,0,4.0,0,0,0,False,False,False,False,False,False,False,False,False,False,False,False,False,False,False,False,False,False,False,False,False,False,False,False,False
Anuncio actualizado el 5 de abril,0,0,1.0,0,0,1996.0,,planta 2ª,0,0,36539826,0,1.0,Mediona,passatge escoles," passatge escoles , Mediona , Alt Penedès, Barcelona ",,"Alt Penedès, Barcelona",158,122.0,2019-04-12,131595,0,4.0,0,0,0,False,True,False,False,False,False,False,False,False,False,False,False,False,False,False,False,False,False,False,False,False,False,False,False,False
Anuncio actualizado el 27 de marzo,0,0,2.0,0,0,1996.0,,bajo,0,0,38662501,0,0.0,Sant Quintí de Mediona,Calle del general weyler," Calle del general weyler , Sant Quintí de Mediona , Alt Penedès, Barcelona ",,"Alt Penedès, Barcelona",96,86.0,2019-04-12,99900,0,3.0,0,0,0,False,True,False,False,False,False,False,False,False,False,False,False,False,False,False,False,False,False,False,False,False,False,False,False,False
Anuncio actualizado el 4 de abril,0,0,1.0,0,0,1996.0,,bajo,1,0,29001303,0,1.0,Sant Pere de Riudebitlles,Calle del canigó," Calle del canigó , Sant Pere de Riudebitlles , Alt Penedès, Barcelona ",,"Alt Penedès, Barcelona",75,60.0,2019-04-12,99000,0,2.0,0,0,0,False,True,False,False,False,False,False,False,False,False,False,False,False,False,False,False,False,False,False,False,False,False,False,False,False
Anuncio actualizado el 13 de febrero,0,0,1.0,0,0,1996.0,,,0,0,39848690,2,1.0,Sant Cugat Sesgarrigues,Calle de les creus," Calle de les creus , Sant Cugat Sesgarrigues , Alt Penedès, Barcelona ",,"Alt Penedès, Barcelona",272,99.0,2019-04-12,135600,0,4.0,0,0,0,False,True,False,False,False,False,False,False,False,False,False,False,False,False,False,False,False,False,False,False,False,False,False,False,False
Anuncio actualizado el 5 de abril,0,0,2.0,0,0,1996.0,,,0,0,39849417,2,1.0,Mediona,Calle d'orient," Calle d'orient , Mediona , Alt Penedès, Barcelona ",,"Alt Penedès, Barcelona",244,99.0,2019-04-12,139900,0,4.0,0,0,0,False,True,False,False,False,False,False,False,False,False,False,False,False,False,False,False,False,False,False,False,False,False,False,False,False
Anuncio actualizado el 5 de abril,0,0,2.0,0,0,1996.0,,,0,0,39849794,2,1.0,Mediona,Calle de baix," Calle de baix , Mediona , Alt Penedès, Barcelona ",,"Alt Penedès, Barcelona",400,99.0,2019-04-12,207500,0,5.0,0,0,0,False,True,False,False,False,False,False,False,False,False,False,False,False,False,False,False,False,False,False,False,False,False,False,False,False
Anuncio actualizado el 20 de marzo,1,1,3.0,0,0,1996.0,no indicado,2 plantas,1,0,40480630,1,1.0,Santa Margarida i els Monjos,Urb. La Ràpita," Rapio, 1 , Urb. La Ràpita , Santa Margarida i els Monjos , Alt Penedès, Barcelona ","Rapio, 1","Alt Penedès, Barcelona",210,200.0,2019-04-12,168000,0,6.0,1,0,1,False,True,False,False,False,False,False,False,False,False,False,False,False,False,False,False,False,False,False,False,False,False,True,False,False
Anuncio actualizado el 27 de marzo,0,0,1.0,0,0,1996.0,,planta 2ª,0,0,40519903,0,1.0,Torrelles de Foix,Calle de Sant Quintí," Calle de Sant Quintí , Torrelles de Foix , Alt Penedès, Barcelona ",,"Alt Penedès, Barcelona",96,75.0,2019-04-12,77115,0,3.0,0,0,0,False,True,False,False,False,False,False,False,False,False,False,False,False,False,False,False,False,False,False,False,False,False,False,False,False
Anuncio actualizado el 15 de febrero,0,0,2.0,0,0,1996.0,,,0,0,36726882,2,1.0,Torrelles de Foix,Calle tulipa," Calle tulipa , Torrelles de Foix , Alt Penedès, Barcelona ",,"Alt Penedès, Barcelona",161,134.0,2019-04-12,85100,0,3.0,0,0,0,False,True,False,False,False,False,False,False,False,False,False,False,False,False,False,False,False,False,False,False,False,False,False,False,False
Anuncio actualizado el 27 de marzo,0,0,2.0,0,0,1996.0,,planta 2ª,0,0,81947315,0,0.0,Santa Margarida i els Monjos,Calle del Montseny," Calle del Montseny , Santa Margarida i els Monjos , Alt Penedès, Barcelona ",,"Alt Penedès, Barcelona",87,71.0,2019-04-12,61867,0,3.0,0,0,0,False,True,False,False,False,False,False,False,False,False,False,False,False,False,False,False,False,False,False,False,False,False,False,False,False
Anuncio actualizado el 5 de abril,0,0,1.0,0,0,1996.0,,planta 1ª,0,0,38198451,0,0.0,Sant Llorenç d'Hortons,Calle major," Calle major , Sant Llorenç d'Hortons , Alt Penedès, Barcelona ",,"Alt Penedès, Barcelona",90,99.0,2019-04-12,140000,0,3.0,0,0,0,False,True,False,False,False,False,False,False,False,False,False,False,False,False,False,False,False,False,False,False,False,False,False,False,False
Anuncio actualizado el 28 de febrero,0,0,3.0,0,0,1996.0,,,0,0,82181181,2,1.0,El Pla del Penedès,Avenida Torrent Gran," Avenida Torrent Gran , El Pla del Penedès , Alt Penedès, Barcelona ",,"Alt Penedès, Barcelona",302,99.0,2019-04-12,239000,0,3.0,0,0,0,False,True,False,False,False,False,False,False,False,False,False,False,False,False,False,False,False,False,False,False,False,False,False,False,False
Anuncio actualizado el 5 de abril,0,0,2.0,0,0,1996.0,,,1,0,27087515,2,1.0,Mediona,Calle Russinyol," Calle Russinyol , Mediona , Alt Penedès, Barcelona ",,"Alt Penedès, Barcelona",194,171.0,2019-04-12,189000,0,3.0,0,0,0,False,True,False,False,False,False,False,False,False,False,False,False,False,False,False,False,False,False,False,False,False,False,False,False,False
Anuncio actualizado el 27 de marzo,0,0,1.0,0,0,1996.0,no indicado,,1,1,82470038,9,1.0,Pontons,Urbanitzacio la Rimbalda," Urbanitzacio la Rimbalda , Pontons , Alt Penedès, Barcelona ",,"Alt Penedès, Barcelona",104,99.0,2019-04-12,80000,0,2.0,0,0,0,False,False,False,False,False,False,False,False,False,False,False,False,False,False,False,False,False,False,False,False,False,False,False,False,False
Anuncio actualizado el 6 de marzo,0,0,1.0,0,0,1996.0,,,0,0,82846769,0,0.0,Vilafranca del Penedès,Distrito Sant Julià," Passatge Albert Moliner , Distrito Sant Julià , Vilafranca del Penedès , Alt Penedès, Barcelona ",Passatge Albert Moliner,"Alt Penedès, Barcelona",91,99.0,2019-04-12,89000,0,4.0,0,0,0,False,True,False,False,False,False,False,False,False,False,False,False,False,False,False,False,False,False,False,False,False,False,False,False,False
Anuncio actualizado el 27 de marzo,0,0,1.0,0,0,1996.0,,planta 4ª,0,0,82863006,0,1.0,Sant Quintí de Mediona,Calle Del Pujol," Calle Del Pujol , Sant Quintí de Mediona , Alt Penedès, Barcelona ",,"Alt Penedès, Barcelona",74,65.0,2019-04-12,54618,0,3.0,0,0,0,False,True,False,False,False,False,False,False,False,False,False,False,False,False,False,False,False,False,False,False,False,False,False,False,False
Anuncio actualizado el 15 de febrero,0,0,1.0,0,0,1996.0,,planta 4ª,0,0,82910707,0,0.0,Vilafranca del Penedès,Distrito Poble Nou," Calle de Ramon Freixas , Distrito Poble Nou , Vilafranca del Penedès , Alt Penedès, Barcelona ",Calle de Ramon Freixas,"Alt Penedès, Barcelona",80,72.0,2019-04-12,82300,0,3.0,0,0,0,False,True,False,False,False,False,False,False,False,False,False,False,False,False,False,False,False,False,False,False,False,False,False,False,False
Anuncio actualizado el 5 de abril,0,0,2.0,0,0,1996.0,,,1,0,83336890,4,1.0,Puigdàlber,Calle dels Falcons," Calle dels Falcons , Puigdàlber , Alt Penedès, Barcelona ",,"Alt Penedès, Barcelona",198,168.0,2019-04-12,181939,0,4.0,0,0,0,False,True,False,False,False,False,False,False,False,False,False,False,False,False,False,False,False,False,False,False,False,False,False,False,False
Anuncio actualizado el 5 de febrero,0,0,1.0,0,0,1973.0,,1 planta,0,0,83403856,2,1.0,Torrelles de Foix,Calle Palmera," Calle Palmera , Torrelles de Foix , Alt Penedès, Barcelona ",,"Alt Penedès, Barcelona",186,99.0,2019-04-12,82000,0,3.0,1,0,0,False,True,False,False,False,False,False,False,False,False,False,False,False,False,False,False,False,False,False,False,False,False,False,False,False
Anuncio actualizado el 4 de abril,0,0,2.0,0,0,1996.0,,,0,0,83449439,4,1.0,El Pla del Penedès,Calle Sant Jordi," Calle Sant Jordi , El Pla del Penedès , Alt Penedès, Barcelona ",,"Alt Penedès, Barcelona",196,172.0,2019-04-12,156000,0,5.0,0,0,0,False,True,False,False,False,False,False,False,False,False,False,False,False,False,False,False,False,False,False,False,False,False,False,False,False
Anuncio actualizado el 18 de febrero,0,0,2.0,0,0,1985.0,,,1,0,84037673,2,1.0,Torrelles de Foix,Calle Eucaliptus," Calle Eucaliptus , Torrelles de Foix , Alt Penedès, Barcelona ",,"Alt Penedès, Barcelona",140,126.0,2019-04-12,172000,0,3.0,0,0,0,False,False,True,False,False,False,False,False,False,False,False,False,False,False,False,False,False,False,False,False,False,False,False,False,False
Anuncio actualizado el 4 de abril,0,0,2.0,0,0,2006.0,,,0,1,84037684,2,1.0,Olèrdola,Calle CAN TRABAL," Calle CAN TRABAL , Olèrdola , Alt Penedès, Barcelona ",,"Alt Penedès, Barcelona",162,96.0,2019-04-12,216100,0,4.0,0,0,0,False,True,False,False,False,False,False,False,False,False,False,False,False,False,False,False,False,False,False,False,False,False,False,False,False
Anuncio actualizado el 21 de febrero,0,0,2.0,0,0,1990.0,,planta 2ª,0,0,84371210,0,0.0,Sant Sadurní d'Anoia,Plaza Pere Ferrer I Bosch," Plaza Pere Ferrer I Bosch , Sant Sadurní d'Anoia , Alt Penedès, Barcelona ",,"Alt Penedès, Barcelona",95,81.0,2019-04-12,156900,0,3.0,0,0,0,False,True,False,False,False,False,False,False,False,False,False,False,False,False,False,False,False,False,False,False,False,False,False,False,False
Anuncio actualizado el 9 de abril,0,0,2.0,0,0,1996.0,,,1,0,84473485,2,1.0,Font-Rubí,Calle de I'Alt Penedès," Calle de I'Alt Penedès , Font-Rubí , Alt Penedès, Barcelona ",,"Alt Penedès, Barcelona",275,200.0,2019-04-12,500514,0,4.0,0,0,0,False,True,False,False,False,False,False,False,False,False,False,False,False,False,False,False,False,False,False,False,False,False,False,False,False
Anuncio actualizado el 21 de marzo,0,0,2.0,0,0,1996.0,,planta 3ª,0,0,84569879,0,1.0,Vilafranca del Penedès,Distrito Centre Vila," Calle de la Beneficència , Distrito Centre Vila , Vilafranca del Penedès , Alt Penedès, Barcelona ",Calle de la Beneficència,"Alt Penedès, Barcelona",104,99.0,2019-04-12,116000,0,4.0,1,0,0,False,False,True,False,False,False,False,False,False,False,False,False,False,False,False,False,False,False,False,False,False,False,False,False,False
Anuncio actualizado el 22 de marzo,1,1,1.0,0,0,1996.0,en trámite,planta 3ª exterior,0,0,82915065,0,0.0,Gelida,," , Gelida , Alt Penedès, Barcelona ",,"Alt Penedès, Barcelona",82,99.0,2019-04-12,105000,0,2.0,1,0,1,False,True,False,False,False,False,True,False,False,False,False,False,False,False,False,False,False,False,False,False,False,False,False,False,False
Anuncio actualizado el 21 de marzo,1,0,1.0,1,0,1995.0,,bajo,0,0,82856165,0,1.0,Vilafranca del Penedès,Distrito Les Clotes," , Distrito Les Clotes , Vilafranca del Penedès , Alt Penedès, Barcelona ",,"Alt Penedès, Barcelona",93,89.0,2019-04-12,127000,1,3.0,1,0,1,False,True,False,False,False,False,False,False,False,False,False,False,False,False,False,False,False,False,False,False,False,False,True,False,False
Anuncio actualizado el 10 de abril,0,0,1.0,1,0,1996.0,no indicado,bajo,0,0,83202900,0,1.0,Vilafranca del Penedès,Distrito L'Espirall," , Distrito L'Espirall , Vilafranca del Penedès , Alt Penedès, Barcelona ",,"Alt Penedès, Barcelona",100,80.0,2019-04-12,132000,0,3.0,0,0,1,False,True,False,False,False,False,True,False,False,False,False,False,False,False,False,False,False,False,False,False,False,False,False,False,False
Anuncio actualizado el 20 de marzo,0,0,2.0,1,0,1996.0,,planta 1ª,0,1,82459038,3,1.0,Vilafranca del Penedès,Distrito Barceloneta - Molí d'En Rovira," Passatge del Modernisme, 32 , Distrito Barceloneta - Molí d'En Rovira , Vilafranca del Penedès , Alt Penedès, Barcelona ","Passatge del Modernisme, 32","Alt Penedès, Barcelona",131,99.0,2019-04-12,195000,0,3.0,0,1,0,False,False,False,False,False,False,False,False,False,False,False,False,False,False,False,False,False,False,False,False,False,False,False,False,False
Anuncio actualizado el 1 de abril,0,1,2.0,0,0,1996.0,en trámite,2 plantas,1,1,83970913,2,1.0,Sant Martí Sarroca,," , Sant Martí Sarroca , Alt Penedès, Barcelona ",,"Alt Penedès, Barcelona",2800,300.0,2019-04-12,185000,0,3.0,1,0,1,False,False,True,False,False,False,False,False,False,False,False,False,False,False,False,False,False,False,False,False,False,False,True,False,False
Anuncio actualizado el 10 de abril,1,0,1.0,1,0,1996.0,en trámite,planta 2ª,1,0,84447828,0,1.0,Vilafranca del Penedès,Distrito Sant Julià," , Distrito Sant Julià , Vilafranca del Penedès , Alt Penedès, Barcelona ",,"Alt Penedès, Barcelona",65,99.0,2019-04-12,128000,0,2.0,0,0,0,False,True,False,False,False,False,False,False,False,False,False,False,False,False,False,False,False,False,False,False,False,False,False,False,False
Anuncio actualizado el 22 de marzo,0,0,1.0,0,0,1996.0,,,0,0,84769146,2,1.0,Sant Llorenç d'Hortons,Calle Jaume I," Calle Jaume I , Sant Llorenç d'Hortons , Alt Penedès, Barcelona ",,"Alt Penedès, Barcelona",69,62.0,2019-04-12,94265,0,3.0,0,0,0,False,True,False,False,False,False,False,False,False,False,False,False,False,False,False,False,False,False,False,False,False,False,False,False,False
Anuncio actualizado el 4 de abril,0,0,1.0,0,0,1996.0,,planta 1ª,0,0,84934511,0,0.0,Santa Margarida i els Monjos,Pasaje AVIACIÓ REPUBLICANA (DE L´)," Pasaje AVIACIÓ REPUBLICANA (DE L´) , Santa Margarida i els Monjos , Alt Penedès, Barcelona ",,"Alt Penedès, Barcelona",48,99.0,2019-04-12,141400,0,1.0,0,0,0,False,True,False,False,False,False,False,False,False,False,False,False,False,False,False,False,False,False,False,False,False,False,False,False,False
Anuncio actualizado el 7 de febrero,0,0,2.0,0,0,1996.0,,planta 4ª,0,0,38640675,0,1.0,Vilafranca del Penedès,Distrito L'Espirall," , Distrito L'Espirall , Vilafranca del Penedès , Alt Penedès, Barcelona ",,"Alt Penedès, Barcelona",76,68.0,2019-04-12,87000,0,3.0,0,0,0,False,False,False,False,False,False,False,False,False,False,False,False,False,False,False,False,False,False,False,False,False,False,False,False,False
Anuncio actualizado el 3 de abril,1,0,1.0,0,0,1979.0,no indicado,entreplanta,0,0,39075391,0,1.0,Santa Margarida i els Monjos,Urb. null," Avenida de Catalunya, 84 , Urb. null , Santa Margarida i els Monjos , Alt Penedès, Barcelona ","Avenida de Catalunya, 84","Alt Penedès, Barcelona",80,99.0,2019-04-12,144880,0,3.0,0,0,0,False,False,True,False,False,False,False,False,False,False,False,True,False,False,False,False,False,False,False,False,False,False,False,False,False
Anuncio actualizado el 26 de marzo,0,0,1.0,0,0,1996.0,,bajo,0,0,33142246,0,1.0,Sant Llorenç d'Hortons,Urb. 34371-0001," Calle del raval, 18 , Urb. 34371-0001 , Sant Llorenç d'Hortons , Alt Penedès, Barcelona ","Calle del raval, 18","Alt Penedès, Barcelona",51,99.0,2019-04-12,74000,0,1.0,0,0,0,False,False,False,False,False,False,False,False,False,False,False,False,False,False,False,False,False,False,False,False,False,False,False,False,False
Anuncio actualizado el 29 de marzo,0,0,3.0,0,0,1996.0,,,1,0,30502750,4,1.0,La Granada,," , La Granada , Alt Penedès, Barcelona ",,"Alt Penedès, Barcelona",234,181.0,2019-04-12,200000,0,3.0,0,0,1,False,False,False,False,False,False,False,False,False,False,False,False,False,False,False,False,False,False,False,False,False,False,False,False,False
Anuncio actualizado el 29 de enero,1,0,2.0,0,0,2013.0,en trámite,,0,1,82150666,2,1.0,Sant Llorenç d'Hortons,," , Sant Llorenç d'Hortons , Alt Penedès, Barcelona ",,"Alt Penedès, Barcelona",900,110.0,2019-04-12,225000,0,3.0,0,0,0,False,True,False,False,False,False,False,False,False,False,False,False,False,False,False,False,False,False,False,False,False,False,False,False,False
Anuncio actualizado el 15 de febrero,0,0,1.0,0,1,1996.0,,,1,1,82174432,14,1.0,Vilobí del Penedès,," , Vilobí del Penedès , Alt Penedès, Barcelona ",,"Alt Penedès, Barcelona",868,99.0,2019-04-12,210000,0,7.0,1,0,0,False,False,True,False,False,False,False,False,False,False,False,False,False,False,False,False,False,False,False,False,False,False,False,False,False
Anuncio actualizado el 9 de marzo,0,0,2.0,0,0,1996.0,en trámite,,0,0,82734037,2,1.0,Olèrdola,," , Olèrdola , Alt Penedès, Barcelona ",,"Alt Penedès, Barcelona",405,103.0,2019-04-12,221450,0,4.0,0,0,1,False,True,False,False,False,False,False,False,False,False,False,False,False,False,False,False,False,False,False,False,False,False,True,False,False
Anuncio actualizado el 9 de marzo,0,0,2.0,0,0,1996.0,no indicado,exterior,0,0,82832668,3,1.0,Sant Llorenç d'Hortons,," , Sant Llorenç d'Hortons , Alt Penedès, Barcelona ",,"Alt Penedès, Barcelona",64,50.0,2019-04-12,74600,0,2.0,0,0,0,False,False,False,False,False,False,False,False,False,False,False,False,False,False,False,False,False,False,False,False,False,False,False,False,False
Anuncio actualizado el 9 de marzo,1,0,2.0,0,0,1996.0,no indicado,planta 2ª exterior,0,0,82686743,3,0.0,Gelida,," , Gelida , Alt Penedès, Barcelona ",,"Alt Penedès, Barcelona",101,99.0,2019-04-12,131100,0,4.0,0,0,0,False,False,False,False,False,False,False,False,False,False,False,False,False,False,False,False,False,False,False,False,False,False,False,False,False
Anuncio actualizado el 9 de marzo,0,0,2.0,0,0,1996.0,no indicado,,0,0,82695698,9,1.0,Gelida,," , Gelida , Alt Penedès, Barcelona ",,"Alt Penedès, Barcelona",400,140.0,2019-04-12,165900,0,4.0,0,0,0,False,False,False,False,False,False,False,False,False,False,False,False,False,False,False,False,False,False,False,False,False,False,False,False,False
Anuncio actualizado el 9 de marzo,0,0,3.0,0,0,1996.0,,exterior,0,0,82677243,3,1.0,Sant Pere de Riudebitlles,," , Sant Pere de Riudebitlles , Alt Penedès, Barcelona ",,"Alt Penedès, Barcelona",99,83.0,2019-04-12,160000,0,3.0,0,0,0,False,False,False,False,False,False,False,False,False,False,False,False,False,False,False,False,False,False,False,False,False,False,False,False,False
Anuncio actualizado el 8 de abril,0,0,1.0,0,0,1996.0,,exterior,0,0,82539215,0,0.0,Santa Margarida i els Monjos,," , Santa Margarida i els Monjos , Alt Penedès, Barcelona ",,"Alt Penedès, Barcelona",79,72.0,2019-04-12,63900,0,4.0,0,0,1,False,False,False,False,False,False,False,False,False,False,False,False,False,False,False,False,False,False,False,False,False,False,False,False,False
Anuncio actualizado el 9 de marzo,0,0,2.0,0,0,1996.0,,,0,0,82546172,0,1.0,Vilafranca del Penedès,Distrito Centre Vila," , Distrito Centre Vila , Vilafranca del Penedès , Alt Penedès, Barcelona ",,"Alt Penedès, Barcelona",72,99.0,2019-04-12,87500,0,3.0,0,0,0,False,False,False,False,False,False,False,False,False,False,False,False,False,False,False,False,False,False,False,False,False,False,False,False,False
Anuncio actualizado el 1 de marzo,0,0,2.0,0,0,1996.0,,,0,0,81898955,0,1.0,Santa Margarida i els Monjos,"Calle Illes Balears, 2"," Calle Illes Balears, 2 , Santa Margarida i els Monjos , Alt Penedès, Barcelona ",,"Alt Penedès, Barcelona",268,169.0,2019-04-12,257300,0,3.0,0,0,0,False,False,False,False,False,False,False,False,False,False,False,False,False,False,False,False,False,False,False,False,False,False,False,False,False
Anuncio actualizado el 26 de noviembre,0,0,1.0,0,0,2000.0,en trámite,1 planta,1,0,83288310,2,1.0,Torrelles de Foix,"major, 1"," major, 1 , Torrelles de Foix , Alt Penedès, Barcelona ",,"Alt Penedès, Barcelona",900,95.0,2019-04-12,110000,0,2.0,0,0,1,False,True,False,False,False,False,True,False,False,False,False,False,False,False,False,False,False,False,False,False,False,False,True,False,False
Anuncio actualizado el 28 de noviembre,0,0,1.0,0,0,1988.0,en trámite,1 planta,1,1,83332092,2,1.0,Pontons,"mayor, 1"," mayor, 1 , Pontons , Alt Penedès, Barcelona ",,"Alt Penedès, Barcelona",3700,100.0,2019-04-12,128000,0,3.0,1,0,0,False,True,False,False,False,False,False,False,False,False,False,False,False,False,False,False,False,False,False,False,False,False,True,False,False
Anuncio actualizado el 1 de marzo,0,0,2.0,0,0,1996.0,,,0,0,81899025,0,1.0,Santa Margarida i els Monjos,"Calle Nou, 9"," Calle Nou, 9 , Santa Margarida i els Monjos , Alt Penedès, Barcelona ",,"Alt Penedès, Barcelona",319,220.0,2019-04-12,302400,0,3.0,1,0,0,False,False,False,False,False,False,False,False,False,False,False,False,False,False,False,False,False,False,False,False,False,False,False,False,False
Anuncio actualizado el 22 de marzo,1,0,1.0,0,0,1974.0,no indicado,planta 9ª,0,0,84184459,0,1.0,Santa Margarida i els Monjos,Urb. null," Avenida Mas Catarro, 6 , Urb. null , Santa Margarida i els Monjos , Alt Penedès, Barcelona ","Avenida Mas Catarro, 6","Alt Penedès, Barcelona",72,99.0,2019-04-12,46000,0,3.0,0,0,0,False,False,True,False,False,False,False,False,False,False,False,True,False,False,False,False,False,False,False,False,False,True,False,False,False
Anuncio actualizado el 2 de abril,0,1,1.0,0,0,1996.0,en trámite,,1,1,84724916,2,1.0,Avinyonet del Penedès,Urb. Can Mitjans," Urb. Can Mitjans , Avinyonet del Penedès , Alt Penedès, Barcelona ",,"Alt Penedès, Barcelona",1500,99.0,2019-04-12,145000,0,2.0,1,1,1,False,True,False,False,False,False,True,False,False,False,False,False,False,False,False,False,False,False,False,False,False,False,False,False,False
Anuncio actualizado el 7 de diciembre,0,0,1.0,0,0,1972.0,en trámite,planta 2ª exterior,0,0,81657602,0,1.0,Vilafranca del Penedès,Distrito Les Clotes," FONTRUBI, 6 , Distrito Les Clotes , Vilafranca del Penedès , Alt Penedès, Barcelona ","FONTRUBI, 6","Alt Penedès, Barcelona",73,70.0,2019-04-12,87000,0,3.0,0,0,0,False,True,False,False,False,False,False,False,False,False,False,False,False,False,False,False,False,False,False,False,False,False,False,False,False
Anuncio actualizado el 18 de enero,0,0,2.0,0,0,1996.0,en trámite,,1,0,82661913,3,1.0,Sant Llorenç d'Hortons,," , Sant Llorenç d'Hortons , Alt Penedès, Barcelona ",,"Alt Penedès, Barcelona",65,99.0,2019-04-12,155000,0,2.0,1,0,0,False,False,False,False,False,False,False,False,False,False,False,False,False,False,False,False,False,False,False,False,False,False,False,False,False
Anuncio actualizado el 21 de marzo,0,0,1.0,0,0,1996.0,no indicado,,1,1,84718445,9,1.0,Sant Sadurní d'Anoia,Calle Portell," Calle Portell , Sant Sadurní d'Anoia , Alt Penedès, Barcelona ",,"Alt Penedès, Barcelona",126,105.0,2019-04-12,195000,0,1.0,0,0,0,False,False,True,False,False,False,False,False,False,False,False,False,False,False,False,False,False,False,False,False,False,False,False,False,False
Anuncio actualizado el 2 de abril,0,1,1.0,0,1,1996.0,en trámite,,1,1,84271674,6,1.0,Pontons,," , Pontons , Alt Penedès, Barcelona ",,"Alt Penedès, Barcelona",900,99.0,2019-04-12,107000,0,2.0,1,0,0,False,False,True,False,False,False,False,False,False,False,False,False,False,False,False,False,False,False,False,False,False,False,False,False,False
Anuncio actualizado el 4 de noviembre,1,0,1.0,1,0,1996.0,,planta 1ª exterior,0,0,27770487,0,1.0,Vilafranca del Penedès,Distrito Sant Julià," Calle la Paloma, 17 , Distrito Sant Julià , Vilafranca del Penedès , Alt Penedès, Barcelona ","Calle la Paloma, 17","Alt Penedès, Barcelona",70,68.0,2019-04-12,122000,0,3.0,0,0,0,False,True,False,False,False,False,False,False,False,False,False,False,False,False,False,False,False,False,False,False,False,False,False,False,False
Anuncio actualizado el 1 de abril,0,0,1.0,0,0,1996.0,en trámite,planta 1ª exterior,0,0,37090728,0,0.0,Pontons,"Calle del Castell, 2"," Calle del Castell, 2 , Pontons , Alt Penedès, Barcelona ",,"Alt Penedès, Barcelona",63,99.0,2019-04-12,40000,0,3.0,0,0,1,False,True,False,False,False,False,False,False,False,False,False,False,False,False,False,False,False,False,False,False,False,False,False,False,False
Anuncio actualizado el 29 de noviembre,0,0,2.0,0,0,1996.0,no indicado,,0,1,38767617,9,1.0,Mediona,Urb. Urbanització Font del Bosc," Urb. Urbanització Font del Bosc , Mediona , Alt Penedès, Barcelona ",,"Alt Penedès, Barcelona",435,115.0,2019-04-12,165000,0,4.0,0,0,0,False,False,False,False,False,False,False,False,False,False,False,False,False,False,False,False,False,False,False,False,False,False,False,False,False
Anuncio actualizado el 6 de marzo,0,0,1.0,0,0,1970.0,,,0,0,37726677,0,1.0,Vilafranca del Penedès,Distrito Centre Vila," Calle de sant julià, 5 , Distrito Centre Vila , Vilafranca del Penedès , Alt Penedès, Barcelona ","Calle de sant julià, 5","Alt Penedès, Barcelona",84,65.0,2019-04-12,93000,0,3.0,0,0,0,False,False,False,False,False,False,False,False,False,False,False,False,False,False,False,False,False,False,False,False,False,False,False,False,False
Anuncio actualizado el 19 de febrero,0,0,1.0,0,0,1976.0,,,0,1,81178502,2,1.0,Torrelles de Foix,Urb. Plana de las Torres," Urb. Plana de las Torres , Torrelles de Foix , Alt Penedès, Barcelona ",,"Alt Penedès, Barcelona",156,146.0,2019-04-12,140000,0,5.0,0,1,1,False,True,False,False,False,False,False,False,False,False,False,False,False,False,False,False,False,False,False,False,False,False,False,False,False
Anuncio actualizado el 31 de marzo,0,1,3.0,1,0,1996.0,en trámite,3 plantas,1,1,83020629,4,1.0,Sant Quintí de Mediona,," , Sant Quintí de Mediona , Alt Penedès, Barcelona ",,"Alt Penedès, Barcelona",178,200.0,2019-04-12,188000,1,4.0,1,0,1,False,True,False,False,False,True,False,False,False,False,False,False,False,False,False,False,False,False,False,False,False,False,True,False,False
Anuncio actualizado el 7 de febrero,0,0,1.0,0,0,1975.0,,planta 3ª exterior,0,0,37238016,0,0.0,Santa Margarida i els Monjos,"montseny, 4"," montseny, 4 , Santa Margarida i els Monjos , Alt Penedès, Barcelona ",,"Alt Penedès, Barcelona",92,99.0,2019-04-12,85747,0,4.0,0,0,0,False,True,False,False,False,False,False,False,False,False,False,False,False,False,False,False,False,False,False,False,False,False,True,False,False
Anuncio actualizado el 21 de marzo,0,0,2.0,0,0,1996.0,,2 plantas,0,0,83553145,2,1.0,Torrelles de Foix,Calle Mareselva," Calle Mareselva , Torrelles de Foix , Alt Penedès, Barcelona ",,"Alt Penedès, Barcelona",120,99.0,2019-04-12,111000,0,4.0,0,0,0,False,True,False,False,False,False,False,False,False,False,False,False,False,False,False,False,False,False,False,False,False,False,False,False,False
Anuncio actualizado el 12 de abril,0,0,2.0,0,0,1972.0,,3 plantas,1,0,82346944,2,1.0,Gelida,," , Gelida , Alt Penedès, Barcelona ",,"Alt Penedès, Barcelona",182,132.0,2019-04-12,220000,0,4.0,0,0,0,False,False,True,False,False,False,False,False,False,False,False,False,False,False,False,False,False,False,False,False,False,False,False,False,False
Anuncio actualizado el 12 de marzo,0,0,1.0,0,0,1996.0,,,1,0,84310555,0,1.0,Sant Sadurní d'Anoia,Calle d'Aragó," Calle d'Aragó , Sant Sadurní d'Anoia , Alt Penedès, Barcelona ",,"Alt Penedès, Barcelona",97,99.0,2019-04-12,150601,0,3.0,1,0,0,False,False,False,False,False,False,False,False,False,False,False,False,False,False,False,False,False,False,False,False,False,False,False,False,False
Anuncio actualizado el 10 de abril,0,0,1.0,0,0,2007.0,,planta 1ª,0,0,84489411,0,1.0,Sant Quintí de Mediona,Urb. 74453-0001," Calle de Joan Sardà, 64 , Urb. 74453-0001 , Sant Quintí de Mediona , Alt Penedès, Barcelona ","Calle de Joan Sardà, 64","Alt Penedès, Barcelona",56,99.0,2019-04-12,74700,0,2.0,0,0,0,False,False,False,False,False,False,False,False,False,False,False,False,False,False,False,False,False,False,False,False,False,False,False,False,False
Anuncio actualizado el 3 de abril,0,0,1.0,0,0,1996.0,en trámite,,1,0,84928090,4,1.0,Sant Llorenç d'Hortons,Urb. Sant Antoni," Urb. Sant Antoni , Sant Llorenç d'Hortons , Alt Penedès, Barcelona ",,"Alt Penedès, Barcelona",320,99.0,2019-04-12,97000,0,3.0,0,0,0,False,False,True,False,False,False,False,False,False,False,False,True,False,False,False,False,False,False,False,False,False,False,False,False,False
Anuncio actualizado el 5 de mayo,0,0,3.0,1,0,1950.0,no indicado,,1,0,26847570,2,1.0,Sant Sadurní d'Anoia,," , Sant Sadurní d'Anoia , Alt Penedès, Barcelona ",,"Alt Penedès, Barcelona",300,99.0,2019-04-12,120000,0,5.0,0,0,0,False,False,True,False,False,False,False,False,False,False,False,False,False,False,False,False,False,False,False,False,False,False,False,False,False
Anuncio actualizado el 21 de septiembre,0,0,3.0,1,0,1996.0,,,0,1,31209295,2,1.0,Gelida,," , Gelida , Alt Penedès, Barcelona ",,"Alt Penedès, Barcelona",480,99.0,2019-04-12,228000,0,4.0,0,0,1,False,True,False,False,False,False,False,False,False,False,False,False,False,False,False,False,False,False,False,False,False,False,False,False,False
Anuncio actualizado el 21 de marzo,0,0,1.0,1,0,1890.0,,,1,0,33680035,8,1.0,Torrelles de Foix,Urb. CENTRO POBLACION," Urb. CENTRO POBLACION , Torrelles de Foix , Alt Penedès, Barcelona ",,"Alt Penedès, Barcelona",291,99.0,2019-04-12,115000,0,3.0,1,0,1,False,True,False,False,False,False,False,False,False,False,False,False,True,False,False,False,False,False,False,False,False,False,False,False,False
Anuncio actualizado el 10 de abril,0,1,3.0,0,1,2007.0,,2 plantas,1,1,35256796,1,1.0,Mediona,Urb. La Font del Bosc," Calle Camprodom , Urb. La Font del Bosc , Mediona , Alt Penedès, Barcelona ",Calle Camprodom,"Alt Penedès, Barcelona",575,197.0,2019-04-12,189000,1,5.0,1,0,1,False,True,False,False,False,False,False,False,False,False,False,False,False,False,True,False,False,False,False,False,False,False,False,False,False
Anuncio actualizado el 26 de noviembre,0,0,1.0,0,0,1996.0,en trámite,,0,0,36344886,9,1.0,Mediona,," , Mediona , Alt Penedès, Barcelona ",,"Alt Penedès, Barcelona",112,99.0,2019-04-12,117000,0,1.0,0,0,0,False,True,False,False,False,False,False,False,False,False,False,False,False,False,False,False,False,False,False,False,False,False,False,False,False
Anuncio actualizado el 23 de octubre,0,0,1.0,0,1,1987.0,en trámite,1 planta,1,1,37977329,10,1.0,Torrelles de Foix,," , Torrelles de Foix , Alt Penedès, Barcelona ",,"Alt Penedès, Barcelona",10000,99.0,2019-04-12,185000,0,4.0,1,1,1,False,True,False,False,False,False,False,False,False,False,False,False,False,False,False,False,False,False,False,False,False,False,True,False,False
Anuncio actualizado el 26 de marzo,0,0,1.0,0,0,1996.0,,planta 1ª,0,0,33142244,0,1.0,Sant Llorenç d'Hortons,Urb. 34369-0001," Calle del raval, 18 , Urb. 34369-0001 , Sant Llorenç d'Hortons , Alt Penedès, Barcelona ","Calle del raval, 18","Alt Penedès, Barcelona",98,99.0,2019-04-12,130000,0,1.0,0,0,0,False,False,False,False,False,False,False,False,False,False,False,False,False,False,False,False,False,False,False,False,False,False,False,False,False
Anuncio actualizado el 23 de octubre,0,0,2.0,0,0,1988.0,en trámite,2 plantas,1,1,81627245,2,1.0,Torrelles de Foix,," , Torrelles de Foix , Alt Penedès, Barcelona ",,"Alt Penedès, Barcelona",1000,99.0,2019-04-12,105000,0,2.0,1,0,1,False,True,False,False,False,False,False,False,False,False,False,False,False,False,False,False,False,False,False,False,False,False,True,False,False
Anuncio actualizado el 5 de febrero,0,0,1.0,0,0,1978.0,en trámite,1 planta,1,1,81673483,2,1.0,Pontons,," , Pontons , Alt Penedès, Barcelona ",,"Alt Penedès, Barcelona",1500,130.0,2019-04-12,111000,0,3.0,1,1,1,False,True,False,False,False,False,False,False,False,False,False,True,False,False,False,False,False,False,False,False,False,False,True,False,False
Anuncio actualizado el 24 de enero,0,1,8.0,0,1,1996.0,no indicado,,1,0,39771727,6,1.0,Gelida,," , Gelida , Alt Penedès, Barcelona ",,"Alt Penedès, Barcelona",80,2350.0,2019-04-12,5000000,0,11.0,1,1,0,False,True,False,False,False,False,False,False,False,False,False,False,False,False,False,False,False,False,False,False,False,False,False,False,False
Anuncio actualizado el 7 de marzo,1,1,2.0,1,0,2008.0,en trámite,bajo exterior,1,0,83926210,0,1.0,Sant Sadurní d'Anoia,Doc.Barraquer," Doc.Barraquer , Sant Sadurní d'Anoia , Alt Penedès, Barcelona ",,"Alt Penedès, Barcelona",188,97.0,2019-04-12,230000,1,4.0,1,0,1,False,True,False,False,False,False,False,False,False,True,False,False,False,False,False,False,False,False,False,False,False,False,True,False,False
Anuncio actualizado el 4 de abril,0,0,2.0,0,0,1900.0,en trámite,3 plantas,0,1,84122424,14,1.0,Pontons,," , Pontons , Alt Penedès, Barcelona ",,"Alt Penedès, Barcelona",850000,355.0,2019-04-12,350000,0,6.0,0,0,0,False,False,True,False,False,False,False,False,False,False,False,False,False,False,False,False,False,False,False,False,False,False,False,False,False
Anuncio actualizado el 5 de febrero,0,0,1.0,0,1,2013.0,en trámite,1 planta,0,1,84160168,7,1.0,Pontons,," , Pontons , Alt Penedès, Barcelona ",,"Alt Penedès, Barcelona",1000,90.0,2019-04-12,129000,0,3.0,0,0,0,False,True,False,False,False,False,False,False,False,False,False,True,False,False,False,False,False,False,False,True,False,False,False,False,False
Anuncio actualizado el 4 de abril,0,0,2.0,0,1,1983.0,en trámite,2 plantas,1,1,84283661,10,1.0,Pontons,," , Pontons , Alt Penedès, Barcelona ",,"Alt Penedès, Barcelona",2300,200.0,2019-04-12,169000,0,4.0,0,0,0,False,True,False,False,False,False,False,False,True,False,False,False,False,False,False,False,False,False,False,False,False,False,False,False,False
Anuncio actualizado el 7 de marzo,0,0,1.0,0,0,1996.0,en trámite,planta 3ª exterior,0,0,84346750,0,1.0,Sant Martí Sarroca,Avenida de Catalunya," Avenida de Catalunya , Sant Martí Sarroca , Alt Penedès, Barcelona ",,"Alt Penedès, Barcelona",80,75.0,2019-04-12,88000,0,3.0,0,0,1,False,True,False,False,False,False,True,False,False,False,False,False,False,False,False,False,False,False,False,False,False,False,False,False,False
Anuncio actualizado el 4 de abril,0,0,1.0,0,1,1992.0,en trámite,1 planta,1,1,84350157,7,1.0,Pontons,," , Pontons , Alt Penedès, Barcelona ",,"Alt Penedès, Barcelona",1000,90.0,2019-04-12,109000,0,3.0,0,1,0,False,True,False,False,False,False,False,False,False,False,False,True,False,False,False,False,False,False,False,False,False,False,False,False,False
Anuncio actualizado el 10 de abril,1,0,2.0,0,0,1996.0,,exterior,0,1,84743962,0,1.0,Sant Martí Sarroca,Avenida de Josep Anselm Clavé," Avenida de Josep Anselm Clavé , Sant Martí Sarroca , Alt Penedès, Barcelona ",,"Alt Penedès, Barcelona",60,54.0,2019-04-12,80700,0,2.0,0,1,0,False,False,False,False,False,False,False,False,False,False,False,False,False,False,False,False,False,False,False,False,False,False,False,False,False
Anuncio actualizado el 10 de abril,0,0,2.0,0,0,1996.0,,exterior,0,0,84743970,0,0.0,Mediona,GENERAL WEYLER," GENERAL WEYLER , Mediona , Alt Penedès, Barcelona ",,"Alt Penedès, Barcelona",96,86.0,2019-04-12,99900,0,3.0,1,0,1,False,False,False,False,False,False,False,False,False,False,False,False,False,False,False,False,False,False,False,False,False,False,False,False,False
Anuncio actualizado el 22 de marzo,0,0,1.0,0,0,1996.0,,planta 1ª,0,0,84769114,0,0.0,Gelida,Calle Serra d'Or," Calle Serra d'Or , Gelida , Alt Penedès, Barcelona ",,"Alt Penedès, Barcelona",56,51.0,2019-04-12,82300,0,1.0,0,0,0,False,True,False,False,False,False,False,False,False,False,False,False,False,False,False,False,False,False,False,False,False,False,False,False,False
Anuncio actualizado el 22 de marzo,0,0,2.0,0,0,1997.0,en trámite,,0,0,84769133,2,1.0,Mediona,Calle Avet," Calle Avet , Mediona , Alt Penedès, Barcelona ",,"Alt Penedès, Barcelona",229,205.0,2019-04-12,231900,0,3.0,0,1,0,False,True,False,False,False,False,False,False,False,False,False,False,False,False,False,False,False,False,False,False,False,False,False,False,False
Anuncio actualizado el 5 de septiembre,0,0,2.0,0,0,1996.0,no indicado,,0,0,31351386,0,1.0,Sant Quintí de Mediona,," , Sant Quintí de Mediona , Alt Penedès, Barcelona ",,"Alt Penedès, Barcelona",115,105.0,2019-04-12,150000,0,4.0,0,0,0,False,False,False,False,False,False,False,False,False,False,False,False,False,False,False,False,False,False,False,False,False,False,False,False,False
Anuncio actualizado el 11 de diciembre,1,0,6.0,1,1,1900.0,,,0,1,33932378,6,1.0,Vilafranca del Penedès,Distrito Centre Vila," , Distrito Centre Vila , Vilafranca del Penedès , Alt Penedès, Barcelona ",,"Alt Penedès, Barcelona",1000,870.0,2019-04-12,2500000,0,9.0,1,1,1,False,True,False,False,False,False,False,False,False,False,False,False,False,False,False,False,False,False,False,False,False,False,False,False,False
Anuncio actualizado el 15 de mayo,1,0,2.0,0,0,2001.0,en trámite,2 plantas,1,0,36552423,4,1.0,Subirats,Avenida dels Països Catalans," Avenida dels Països Catalans , Subirats , Alt Penedès, Barcelona ",,"Alt Penedès, Barcelona",164,123.0,2019-04-12,250000,0,4.0,1,0,1,False,True,False,False,False,False,False,False,False,False,False,False,False,False,False,False,False,False,True,False,False,False,False,False,False
Anuncio actualizado el 14 de octubre,0,0,2.0,0,0,2007.0,en trámite,planta 2ª exterior,1,0,38426531,3,1.0,Sant Pere de Riudebitlles,Calle de Delfí Ortiz," Calle de Delfí Ortiz , Sant Pere de Riudebitlles , Alt Penedès, Barcelona ",,"Alt Penedès, Barcelona",100,82.0,2019-04-12,160000,0,3.0,0,0,1,False,True,False,False,False,False,False,False,False,False,False,False,False,True,False,False,False,False,False,False,False,False,False,False,False
Anuncio actualizado el 20 de diciembre,0,1,1.0,0,0,1880.0,en trámite,3 plantas,0,0,39353001,2,1.0,Torrelavit,Urb. Vilet," Calle Torrent , Urb. Vilet , Torrelavit , Alt Penedès, Barcelona ",Calle Torrent,"Alt Penedès, Barcelona",165,300.0,2019-04-12,99000,0,4.0,1,0,0,False,False,True,False,False,False,False,False,False,False,False,False,False,False,False,False,False,False,False,False,False,False,True,False,False
Anuncio actualizado el 22 de enero,1,1,2.0,0,0,1996.0,,planta 2ª exterior,0,0,39370099,0,1.0,Vilafranca del Penedès,Distrito Sant Julià," Calle del pere gran , Distrito Sant Julià , Vilafranca del Penedès , Alt Penedès, Barcelona ",Calle del pere gran,"Alt Penedès, Barcelona",120,110.0,2019-04-12,165000,0,4.0,0,0,1,False,True,False,False,False,False,False,False,False,False,False,False,False,False,False,False,False,False,False,False,False,False,False,False,False
Anuncio actualizado el 6 de marzo,0,0,1.0,1,0,1970.0,en trámite,planta 4ª exterior,0,0,38250011,5,0.0,Santa Margarida i els Monjos,Calle Torres Picornell," Calle Torres Picornell , Santa Margarida i els Monjos , Alt Penedès, Barcelona ",,"Alt Penedès, Barcelona",71,65.0,2019-04-12,63900,0,4.0,0,0,0,False,False,True,False,False,False,False,False,False,False,False,False,True,False,False,False,False,False,False,False,False,False,False,False,False
Anuncio actualizado el 7 de febrero,0,0,2.0,0,0,2006.0,en trámite,bajo exterior,1,0,83001808,3,0.0,Gelida,"Calle Mas Perelló, Gelida"," Calle Mas Perelló, Gelida , Gelida , Alt Penedès, Barcelona ",,"Alt Penedès, Barcelona",101,85.0,2019-04-12,109500,0,2.0,0,0,0,False,True,False,False,False,False,True,False,False,False,False,False,False,False,False,True,False,False,False,False,False,False,False,False,False
Anuncio actualizado el 8 de noviembre,0,0,1.0,0,0,1996.0,en trámite,1 planta,0,0,83016210,2,1.0,El Pla del Penedès,Calle Vallés," Calle Vallés , El Pla del Penedès , Alt Penedès, Barcelona ",,"Alt Penedès, Barcelona",110,97.0,2019-04-12,86000,0,1.0,0,0,0,False,False,True,False,False,False,False,False,False,False,False,False,False,False,False,False,False,False,False,False,False,False,False,False,False
Anuncio actualizado el 27 de febrero,0,0,1.0,1,0,1996.0,,planta 1ª,0,0,83016625,0,1.0,Vilafranca del Penedès,Distrito Poble Nou," Calle de Montblanc , Distrito Poble Nou , Vilafranca del Penedès , Alt Penedès, Barcelona ",Calle de Montblanc,"Alt Penedès, Barcelona",88,99.0,2019-04-12,136000,0,2.0,0,0,0,False,True,False,False,False,False,False,False,False,False,False,False,False,False,False,False,False,False,False,False,False,False,False,False,False
Anuncio actualizado el 1 de abril,0,0,2.0,0,0,1996.0,en trámite,2 plantas,0,0,83099162,2,1.0,Sant Cugat Sesgarrigues,," , Sant Cugat Sesgarrigues , Alt Penedès, Barcelona ",,"Alt Penedès, Barcelona",131,200.0,2019-04-12,228000,0,5.0,1,0,1,False,True,False,False,False,False,False,False,False,False,False,False,False,False,False,False,False,False,False,False,False,False,True,False,False
Anuncio actualizado el 20 de diciembre,0,0,2.0,0,0,1996.0,en trámite,3 plantas,0,0,83294821,2,1.0,Sant Quintí de Mediona,Vilet," Vilet , Sant Quintí de Mediona , Alt Penedès, Barcelona ",,"Alt Penedès, Barcelona",242,220.0,2019-04-12,135000,0,4.0,1,0,1,False,True,False,False,False,False,False,False,True,False,False,False,False,False,False,False,False,False,False,False,False,False,False,False,False
Anuncio actualizado el 9 de enero,0,1,1.0,0,0,1973.0,en trámite,planta 3ª exterior,0,0,83787106,0,1.0,Vilafranca del Penedès,Distrito L'Espirall," Sant Sadurní , Distrito L'Espirall , Vilafranca del Penedès , Alt Penedès, Barcelona ",Sant Sadurní,"Alt Penedès, Barcelona",86,78.0,2019-04-12,87500,0,3.0,0,0,0,False,False,True,False,False,False,False,False,False,False,False,False,True,False,False,False,False,False,False,False,False,False,False,False,False
Anuncio actualizado el 14 de enero,0,0,1.0,0,0,1935.0,en trámite,3 plantas,0,0,83841474,4,1.0,Sant Quintí de Mediona,Ramón i Cajal," Ramón i Cajal , Sant Quintí de Mediona , Alt Penedès, Barcelona ",,"Alt Penedès, Barcelona",249,300.0,2019-04-12,150000,0,3.0,0,0,1,False,False,True,False,False,False,False,False,False,False,False,False,False,False,False,False,False,False,False,False,False,False,False,False,True
Anuncio actualizado el 18 de enero,0,0,1.0,0,0,1965.0,en trámite,planta 3ª exterior,0,1,38400878,0,0.0,Torrelles de Foix,Calle el Raval," Calle el Raval , Torrelles de Foix , Alt Penedès, Barcelona ",,"Alt Penedès, Barcelona",64,58.0,2019-04-12,47400,0,3.0,0,1,0,False,True,False,False,False,False,False,False,False,False,False,False,False,False,False,True,False,False,False,False,False,False,False,False,False
Anuncio actualizado el 22 de enero,0,0,1.0,0,0,1996.0,en trámite,planta 1ª exterior,1,0,83939448,0,1.0,Sant Pere de Riudebitlles,," , Sant Pere de Riudebitlles , Alt Penedès, Barcelona ",,"Alt Penedès, Barcelona",75,60.0,2019-04-12,99000,0,2.0,1,0,0,False,True,False,False,False,False,False,False,False,False,False,False,False,False,False,False,False,False,False,False,False,False,False,False,False
Anuncio actualizado el 30 de enero,1,0,2.0,0,0,1996.0,,bajo,1,0,84075853,0,1.0,El Pla del Penedès,Calle Barcelona," Calle Barcelona , El Pla del Penedès , Alt Penedès, Barcelona ",,"Alt Penedès, Barcelona",114,110.0,2019-04-12,100200,0,3.0,0,0,0,False,True,False,False,False,False,False,False,False,False,False,False,False,False,False,False,False,False,False,False,False,False,False,False,False
Anuncio actualizado el 30 de enero,0,0,1.0,0,0,1996.0,,bajo,0,0,84075855,0,1.0,El Pla del Penedès,Calle Barcelona," Calle Barcelona , El Pla del Penedès , Alt Penedès, Barcelona ",,"Alt Penedès, Barcelona",70,99.0,2019-04-12,59500,0,2.0,0,0,0,False,True,False,False,False,False,False,False,False,False,False,False,False,False,False,False,False,False,False,False,False,False,False,False,False
Anuncio actualizado el 6 de marzo,1,0,2.0,1,0,2009.0,en trámite,3 plantas,1,1,84161900,4,1.0,Gelida,," , Gelida , Alt Penedès, Barcelona ",,"Alt Penedès, Barcelona",170,99.0,2019-04-12,270000,0,4.0,0,0,1,False,True,False,False,False,False,False,False,True,False,False,False,False,False,False,False,False,False,False,False,False,False,False,False,False
Anuncio actualizado el 11 de febrero,0,0,2.0,0,0,1996.0,,bajo,1,0,84183372,0,1.0,El Pla del Penedès,Avenida de la Carrerada," Avenida de la Carrerada , El Pla del Penedès , Alt Penedès, Barcelona ",,"Alt Penedès, Barcelona",91,84.0,2019-04-12,87200,0,3.0,0,0,0,False,True,False,False,False,False,False,False,False,False,False,False,False,False,False,False,False,False,False,False,False,False,False,False,False
Anuncio actualizado el 5 de marzo,0,1,2.0,0,0,2006.0,en trámite,,0,1,84285561,2,1.0,Gelida,Urb. Urbanització Martivell," Urb. Urbanització Martivell , Gelida , Alt Penedès, Barcelona ",,"Alt Penedès, Barcelona",220,99.0,2019-04-12,230000,0,3.0,0,1,0,False,True,False,False,False,False,True,False,False,False,False,False,False,False,False,False,False,False,False,False,False,False,False,False,False
Anuncio actualizado el 3 de abril,0,0,1.0,0,0,1996.0,no indicado,1 planta,0,1,1729889,2,1.0,Pontons,Urb. la ponderosa," Calle Onze Setembre, 17 , Urb. la ponderosa , Pontons , Alt Penedès, Barcelona ","Calle Onze Setembre, 17","Alt Penedès, Barcelona",550,99.0,2019-04-12,132900,0,2.0,1,0,0,False,True,False,True,False,False,False,False,False,False,False,False,False,False,False,False,False,False,False,False,False,False,False,False,False
Anuncio actualizado el 28 de febrero,0,0,1.0,0,0,1996.0,no indicado,,1,0,26658866,7,1.0,Mediona,"Urb. font del bosc, parcela 1108"," Calle Avet, 11 , Urb. font del bosc, parcela 1108 , Mediona , Alt Penedès, Barcelona ","Calle Avet, 11","Alt Penedès, Barcelona",812,99.0,2019-04-12,180000,0,3.0,0,0,0,False,True,False,False,False,False,False,False,False,False,False,False,False,False,False,False,False,False,False,False,False,False,False,False,False
Anuncio actualizado el 7 de abril,0,0,3.0,0,0,1996.0,no indicado,3 plantas,1,0,29962010,2,1.0,Pontons,Calle Fontena s/n," Calle Fontena s/n , Pontons , Alt Penedès, Barcelona ",,"Alt Penedès, Barcelona",877,99.0,2019-04-12,300000,0,7.0,1,0,1,False,True,False,False,False,False,False,False,False,False,False,False,False,False,False,False,False,False,False,False,False,False,True,False,False
Anuncio actualizado el 11 de abril,0,0,2.0,0,0,1996.0,no indicado,,1,0,30918255,4,1.0,Torrelavit,," , Torrelavit , Alt Penedès, Barcelona ",,"Alt Penedès, Barcelona",110,90.0,2019-04-12,50000,0,4.0,1,0,1,False,False,True,False,False,False,False,False,False,False,False,False,False,False,False,False,False,False,False,False,False,False,True,False,False
Anuncio actualizado el 23 de enero,0,0,1.0,0,0,1996.0,no indicado,,1,1,31874940,2,1.0,Subirats,Urb. calle la rosa 18," Urb. calle la rosa 18 , Subirats , Alt Penedès, Barcelona ",,"Alt Penedès, Barcelona",800,80.0,2019-04-12,165000,0,3.0,1,0,1,False,True,False,True,False,False,False,False,False,False,False,False,False,False,False,False,False,False,False,False,False,False,True,False,False
Anuncio actualizado el 10 de abril,1,0,2.0,0,0,1996.0,no indicado,,1,0,33717299,2,1.0,Vilafranca del Penedès,Distrito La Girada," , Distrito La Girada , Vilafranca del Penedès , Alt Penedès, Barcelona ",,"Alt Penedès, Barcelona",400,190.0,2019-04-12,330000,0,3.0,0,0,1,False,True,False,False,False,False,False,False,False,False,False,False,False,False,False,False,False,False,False,False,False,False,False,False,False
Anuncio actualizado el 10 de abril,0,0,2.0,0,0,1996.0,no indicado,planta 4ª,1,0,35096459,0,1.0,Vilafranca del Penedès,Distrito Poble Nou," , Distrito Poble Nou , Vilafranca del Penedès , Alt Penedès, Barcelona ",,"Alt Penedès, Barcelona",123,99.0,2019-04-12,335000,0,4.0,1,0,1,False,True,False,False,False,False,True,False,False,False,False,False,False,False,False,False,False,False,False,False,False,False,False,False,False
Anuncio actualizado el 10 de abril,0,0,4.0,0,0,1870.0,no indicado,2 plantas,0,1,35288025,14,1.0,Mediona,Calle Díada s/n," Calle Díada s/n , Mediona , Alt Penedès, Barcelona ",,"Alt Penedès, Barcelona",1478,375.0,2019-04-12,249344,0,10.0,0,0,0,False,False,True,False,False,False,False,False,False,False,False,False,False,False,False,False,False,False,False,False,False,False,False,False,False
Anuncio actualizado el 13 de febrero,0,0,3.0,1,0,2006.0,,2 plantas,1,1,35492569,2,1.0,Pacs del Penedès,Urb. PLA DE CAVALLAS," Avenida urbanización pla de cavalls, 187 , Urb. PLA DE CAVALLAS , Pacs del Penedès , Alt Penedès, Barcelona ","Avenida urbanización pla de cavalls, 187","Alt Penedès, Barcelona",210,150.0,2019-04-12,310000,0,5.0,1,1,1,False,True,False,False,False,False,False,False,False,False,False,False,False,False,False,False,True,False,False,False,False,False,False,False,False
Anuncio actualizado el 10 de abril,0,0,1.0,0,0,1996.0,no indicado,planta 2ª,0,0,36888870,0,1.0,Vilafranca del Penedès,Distrito Centre Vila," , Distrito Centre Vila , Vilafranca del Penedès , Alt Penedès, Barcelona ",,"Alt Penedès, Barcelona",170,99.0,2019-04-12,256000,0,4.0,0,0,1,False,False,True,False,False,False,False,False,False,False,False,False,False,False,False,False,False,False,False,False,False,False,False,False,False
Anuncio actualizado el 3 de julio,1,0,2.0,0,0,1996.0,no indicado,,0,0,35638781,8,1.0,Olèrdola,"Urb. santa margarita,27 27"," Urb. santa margarita,27 27 , Olèrdola , Alt Penedès, Barcelona ",,"Alt Penedès, Barcelona",135,120.0,2019-04-12,244000,0,4.0,0,0,0,False,True,False,False,False,False,False,False,False,False,False,False,False,False,False,False,False,False,False,False,False,False,True,False,False
Anuncio actualizado el 29 de noviembre,0,0,3.0,0,0,1996.0,no indicado,,1,0,35334114,9,1.0,Vilafranca del Penedès,Distrito Sant Julià," , Distrito Sant Julià , Vilafranca del Penedès , Alt Penedès, Barcelona ",,"Alt Penedès, Barcelona",412,359.0,2019-04-12,650000,0,3.0,0,0,0,False,False,False,False,False,False,False,False,False,False,False,False,False,False,False,False,False,False,False,False,False,False,False,False,False
Anuncio actualizado el 10 de abril,0,0,1.0,0,0,1996.0,no indicado,,0,0,38099254,1,1.0,Vilafranca del Penedès,Distrito Centre Vila," , Distrito Centre Vila , Vilafranca del Penedès , Alt Penedès, Barcelona ",,"Alt Penedès, Barcelona",1900,99.0,2019-04-12,95000,0,2.0,0,0,0,False,True,False,False,False,False,True,False,False,False,False,False,False,False,False,False,False,False,False,False,False,False,False,False,False
Anuncio actualizado el 10 de abril,1,0,2.0,0,0,1996.0,no indicado,,1,0,38253179,1,1.0,Vilafranca del Penedès,Distrito Centre Vila," , Distrito Centre Vila , Vilafranca del Penedès , Alt Penedès, Barcelona ",,"Alt Penedès, Barcelona",10000,99.0,2019-04-12,335000,0,6.0,0,0,1,False,True,False,False,False,False,False,False,True,False,False,False,False,False,False,False,False,False,False,False,False,False,False,False,False
Anuncio actualizado el 10 de abril,0,0,0.0,0,0,1996.0,no indicado,,0,0,38449764,1,1.0,Avinyonet del Penedès,," , Avinyonet del Penedès , Alt Penedès, Barcelona ",,"Alt Penedès, Barcelona",198,99.0,2019-04-12,68000,0,0.0,0,0,0,False,False,True,False,False,False,False,False,False,False,False,False,False,False,False,False,False,False,False,False,False,False,False,False,False
Anuncio actualizado el 10 de abril,1,1,2.0,0,0,1996.0,no indicado,,1,0,38551721,4,1.0,Sant Quintí de Mediona,," , Sant Quintí de Mediona , Alt Penedès, Barcelona ",,"Alt Penedès, Barcelona",197,99.0,2019-04-12,159000,0,4.0,1,0,1,False,False,True,False,False,False,False,False,False,False,False,False,False,False,False,False,False,False,False,False,False,False,True,False,False
Anuncio actualizado el 10 de abril,0,0,2.0,0,0,1996.0,no indicado,,1,0,39101090,9,1.0,Vilafranca del Penedès,Distrito Barceloneta - Molí d'En Rovira," , Distrito Barceloneta - Molí d'En Rovira , Vilafranca del Penedès , Alt Penedès, Barcelona ",,"Alt Penedès, Barcelona",130,99.0,2019-04-12,217000,0,5.0,1,0,1,False,False,True,False,False,False,False,False,False,False,False,False,False,False,False,False,False,False,False,False,False,False,True,False,False
Anuncio actualizado el 10 de abril,1,1,3.0,0,0,1996.0,no indicado,,1,0,39271448,1,1.0,Vilafranca del Penedès,Distrito Centre Vila," , Distrito Centre Vila , Vilafranca del Penedès , Alt Penedès, Barcelona ",,"Alt Penedès, Barcelona",3100,99.0,2019-04-12,510000,0,5.0,1,0,0,False,True,False,False,False,False,False,False,False,False,False,False,False,False,False,False,False,False,False,False,False,False,False,False,False
Anuncio actualizado el 10 de abril,0,0,1.0,0,0,1996.0,no indicado,,1,0,39544423,1,1.0,Pontons,," , Pontons , Alt Penedès, Barcelona ",,"Alt Penedès, Barcelona",400,99.0,2019-04-12,76000,0,3.0,0,0,1,False,True,False,False,False,False,False,False,False,False,False,False,False,False,False,False,False,False,False,False,False,False,False,False,False
Anuncio actualizado el 10 de abril,0,1,2.0,0,0,1996.0,no indicado,,0,0,39668512,1,1.0,Vilafranca del Penedès,Distrito Centre Vila," , Distrito Centre Vila , Vilafranca del Penedès , Alt Penedès, Barcelona ",,"Alt Penedès, Barcelona",209,99.0,2019-04-12,129000,0,5.0,0,0,0,False,False,True,False,False,False,False,False,False,False,False,False,False,False,False,False,False,False,False,False,False,False,False,False,False
Anuncio actualizado el 10 de abril,1,1,2.0,0,0,1996.0,en trámite,,1,0,39850597,1,1.0,Torrelavit,," , Torrelavit , Alt Penedès, Barcelona ",,"Alt Penedès, Barcelona",296,99.0,2019-04-12,130000,0,4.0,1,0,1,False,True,False,False,False,False,False,False,False,False,False,False,False,False,False,False,False,False,False,False,False,False,False,False,False
Anuncio actualizado el 10 de abril,1,0,2.0,0,0,1996.0,en trámite,,1,0,39915016,1,1.0,Vilafranca del Penedès,Distrito L'Espirall," , Distrito L'Espirall , Vilafranca del Penedès , Alt Penedès, Barcelona ",,"Alt Penedès, Barcelona",230,200.0,2019-04-12,150000,0,7.0,1,0,1,False,True,False,False,False,False,False,False,False,False,False,False,False,False,False,False,False,False,False,False,False,False,False,False,False
Anuncio actualizado el 10 de abril,1,1,2.0,0,0,1996.0,no indicado,,1,0,40031588,4,1.0,Santa Margarida i els Monjos,," , Santa Margarida i els Monjos , Alt Penedès, Barcelona ",,"Alt Penedès, Barcelona",202,99.0,2019-04-12,198000,0,4.0,1,0,1,False,True,False,False,True,False,False,False,False,False,False,False,False,False,False,False,False,False,False,False,False,False,False,False,False
Anuncio actualizado el 10 de abril,1,0,2.0,1,0,1996.0,no indicado,planta 4ª,0,0,40257691,0,1.0,Vilafranca del Penedès,Distrito Centre Vila," , Distrito Centre Vila , Vilafranca del Penedès , Alt Penedès, Barcelona ",,"Alt Penedès, Barcelona",120,99.0,2019-04-12,253000,0,4.0,0,0,1,False,True,False,False,False,False,True,False,False,False,False,False,False,False,False,False,False,False,False,False,False,False,True,False,False
Anuncio actualizado el 11 de marzo,0,0,1.0,0,0,1996.0,en trámite,2 plantas,0,0,40265984,2,1.0,Torrelles de Foix,"Calle Gardènia, 11"," Calle Gardènia, 11 , Torrelles de Foix , Alt Penedès, Barcelona ",,"Alt Penedès, Barcelona",2000,99.0,2019-04-12,120000,0,3.0,0,0,0,False,True,False,False,False,False,False,False,False,False,False,False,False,False,False,False,False,False,False,False,False,False,False,False,False
Anuncio actualizado el 21 de diciembre,0,0,0.0,0,0,1880.0,no indicado,,0,1,81123263,9,1.0,Vilafranca del Penedès,Distrito Poble Nou," , Distrito Poble Nou , Vilafranca del Penedès , Alt Penedès, Barcelona ",,"Alt Penedès, Barcelona",636,99.0,2019-04-12,910000,0,0.0,0,0,0,False,False,True,False,False,False,False,False,False,False,False,False,False,False,False,False,False,False,False,False,False,False,False,False,False
Anuncio actualizado el 10 de abril,0,0,2.0,0,0,1996.0,no indicado,,1,0,81288745,9,1.0,Vilafranca del Penedès,Distrito Centre Vila," , Distrito Centre Vila , Vilafranca del Penedès , Alt Penedès, Barcelona ",,"Alt Penedès, Barcelona",270,99.0,2019-04-12,308000,0,4.0,0,0,1,False,True,False,False,False,False,False,False,False,False,False,False,False,False,False,False,False,False,False,False,False,False,False,False,False
Anuncio actualizado el 3 de abril,0,0,1.0,0,0,1996.0,en trámite,,0,0,81475512,8,1.0,Pontons,," , Pontons , Alt Penedès, Barcelona ",,"Alt Penedès, Barcelona",84,74.0,2019-04-12,39000,0,2.0,0,0,0,False,False,False,False,False,False,False,False,False,False,False,False,False,False,False,False,False,False,False,False,False,False,False,False,False
Anuncio actualizado el 8 de abril,1,1,3.0,0,0,2004.0,,3 plantas,1,0,81629398,8,1.0,La Granada,"Calle de Montserrat Roig, 23"," Calle de Montserrat Roig, 23 , La Granada , Alt Penedès, Barcelona ",,"Alt Penedès, Barcelona",200,99.0,2019-04-12,235000,0,4.0,1,0,1,False,True,False,False,False,False,False,False,False,False,False,False,False,False,False,False,False,False,False,False,False,False,False,False,False
Anuncio actualizado el 1 de febrero,1,0,2.0,0,1,1996.0,,,0,1,81713375,6,1.0,Mediona,," , Mediona , Alt Penedès, Barcelona ",,"Alt Penedès, Barcelona",600,99.0,2019-04-12,144000,0,3.0,0,1,0,False,True,False,False,False,False,False,False,False,False,False,False,False,False,True,False,False,False,False,False,False,False,False,False,False
Anuncio actualizado el 18 de diciembre,1,1,2.0,0,0,1996.0,no indicado,planta 4ª exterior,1,1,81922431,3,1.0,Sant Pere de Riudebitlles,," , Sant Pere de Riudebitlles , Alt Penedès, Barcelona ",,"Alt Penedès, Barcelona",90,77.0,2019-04-12,165000,0,3.0,0,1,1,False,True,False,True,False,False,False,False,False,False,False,False,False,False,False,False,False,False,False,False,False,False,False,False,False
Anuncio actualizado el 30 de enero,0,0,4.0,1,0,2002.0,no indicado,,1,1,82552481,6,1.0,Mediona,," , Mediona , Alt Penedès, Barcelona ",,"Alt Penedès, Barcelona",794,219.0,2019-04-12,275000,0,6.0,1,0,1,False,True,False,False,False,False,False,False,False,False,False,False,False,False,False,False,False,False,False,False,False,False,False,False,False
Anuncio actualizado el 4 de marzo,1,1,1.0,1,0,2005.0,en trámite,planta 1ª exterior,1,0,82599404,0,1.0,Santa Margarida i els Monjos,Camino del Fondo," Camino del Fondo , Santa Margarida i els Monjos , Alt Penedès, Barcelona ",,"Alt Penedès, Barcelona",75,99.0,2019-04-12,132000,0,3.0,1,0,0,False,True,False,False,False,False,True,False,False,False,False,False,False,False,False,False,False,False,False,False,False,False,False,False,False
Anuncio actualizado el 10 de abril,0,0,1.0,0,0,1996.0,no indicado,,1,0,82606663,1,1.0,Vilafranca del Penedès,Distrito Centre Vila," , Distrito Centre Vila , Vilafranca del Penedès , Alt Penedès, Barcelona ",,"Alt Penedès, Barcelona",680,99.0,2019-04-12,69000,0,2.0,0,0,0,False,True,False,False,False,False,False,False,False,False,False,False,False,False,False,False,False,False,False,False,False,False,True,False,False
Anuncio actualizado el 30 de enero,0,0,2.0,0,0,1988.0,,,0,0,82609023,9,1.0,Gelida,," , Gelida , Alt Penedès, Barcelona ",,"Alt Penedès, Barcelona",592,114.0,2019-04-12,234000,0,5.0,0,0,0,False,True,False,False,False,False,False,False,False,False,False,False,False,False,False,False,False,False,False,False,False,False,False,False,False
Anuncio actualizado el 30 de enero,0,0,1.0,1,0,1992.0,no indicado,,1,1,82663281,9,1.0,Torrelles de Foix,," , Torrelles de Foix , Alt Penedès, Barcelona ",,"Alt Penedès, Barcelona",1360,81.0,2019-04-12,134000,0,3.0,0,0,1,False,True,False,False,False,False,False,False,False,False,False,False,False,False,False,False,False,False,False,False,False,False,False,False,False
Anuncio actualizado el 30 de enero,0,0,0.0,0,0,1996.0,no indicado,,0,0,82794944,6,1.0,Subirats,," , Subirats , Alt Penedès, Barcelona ",,"Alt Penedès, Barcelona",834,634.0,2019-04-12,300000,0,0.0,0,0,0,False,False,True,False,False,False,False,False,False,False,False,False,False,False,False,False,False,False,False,False,False,False,False,False,False
Anuncio actualizado el 9 de abril,0,0,1.0,0,1,1900.0,inmueble exento,,1,1,82953079,14,1.0,Font-Rubí,," , Font-Rubí , Alt Penedès, Barcelona ",,"Alt Penedès, Barcelona",30000,99.0,2019-04-12,200000,0,2.0,1,0,1,False,False,True,False,False,False,False,False,False,False,False,False,False,False,False,False,False,False,False,False,False,False,False,False,False
Anuncio actualizado el 10 de abril,0,0,1.0,0,0,1996.0,no indicado,,1,0,83379039,1,1.0,Vilafranca del Penedès,Distrito Pol. Ind. Domenys," , Distrito Pol. Ind. Domenys , Vilafranca del Penedès , Alt Penedès, Barcelona ",,"Alt Penedès, Barcelona",2400,99.0,2019-04-12,360000,0,4.0,1,0,0,False,True,False,False,False,False,False,False,False,False,False,False,False,False,False,False,False,False,False,False,False,False,False,False,False
Anuncio actualizado el 30 de enero,1,1,2.0,1,0,2004.0,no indicado,planta 2ª exterior,1,0,83427002,0,1.0,Vilafranca del Penedès,Distrito Poble Nou," , Distrito Poble Nou , Vilafranca del Penedès , Alt Penedès, Barcelona ",,"Alt Penedès, Barcelona",106,94.0,2019-04-12,198000,0,3.0,0,0,1,False,True,False,False,False,False,False,False,False,False,False,False,False,False,False,False,False,False,False,False,False,False,False,False,False
Anuncio actualizado el 7 de abril,0,1,2.0,0,0,1820.0,en trámite,planta 1ª exterior,0,0,83553465,0,0.0,Gelida,," , Gelida , Alt Penedès, Barcelona ",,"Alt Penedès, Barcelona",100,80.0,2019-04-12,160000,0,4.0,0,0,0,False,False,True,False,False,False,False,False,False,False,False,False,False,False,False,False,False,False,False,False,False,False,False,False,False
Anuncio actualizado el 10 de abril,1,0,2.0,0,0,1996.0,no indicado,,1,0,36141801,9,1.0,Vilafranca del Penedès,Distrito Sant Julià," , Distrito Sant Julià , Vilafranca del Penedès , Alt Penedès, Barcelona ",,"Alt Penedès, Barcelona",2000,150.0,2019-04-12,135000,0,3.0,0,0,1,False,True,False,False,False,False,True,False,False,False,False,False,False,False,False,False,False,False,False,False,False,False,True,False,False
Anuncio actualizado el 10 de abril,0,0,1.0,0,0,1996.0,no indicado,,0,0,83768174,6,1.0,Vilafranca del Penedès,Distrito Centre Vila," , Distrito Centre Vila , Vilafranca del Penedès , Alt Penedès, Barcelona ",,"Alt Penedès, Barcelona",250,99.0,2019-04-12,410000,0,5.0,0,0,0,False,False,False,False,False,False,False,False,False,False,False,False,False,False,False,False,False,False,False,False,False,False,False,False,False
Anuncio actualizado el 25 de marzo,0,0,2.0,0,0,1996.0,no indicado,planta 2ª exterior,1,0,83783312,3,1.0,Sant Llorenç d'Hortons,"Calle Generalitat, 17"," Calle Generalitat, 17 , Sant Llorenç d'Hortons , Alt Penedès, Barcelona ",,"Alt Penedès, Barcelona",90,99.0,2019-04-12,140000,0,3.0,0,0,1,False,True,False,False,False,False,False,False,False,False,False,False,False,False,False,False,False,False,False,False,False,False,False,False,False
Anuncio actualizado el 13 de febrero,1,0,3.0,0,0,1990.0,,,1,0,83862370,9,1.0,Sant Pere de Riudebitlles,," , Sant Pere de Riudebitlles , Alt Penedès, Barcelona ",,"Alt Penedès, Barcelona",1000,375.0,2019-04-12,370000,0,4.0,1,0,1,False,True,False,False,False,False,False,False,False,False,False,False,False,False,False,False,False,False,False,False,False,False,False,False,False
Anuncio actualizado el 20 de febrero,0,0,2.0,1,0,1996.0,no indicado,2 plantas,1,1,81857461,2,1.0,Mediona,," , Mediona , Alt Penedès, Barcelona ",,"Alt Penedès, Barcelona",639,99.0,2019-04-12,250000,0,6.0,1,1,1,False,True,False,False,False,True,False,False,False,False,False,False,False,False,False,False,False,False,False,False,False,False,False,False,False
Anuncio actualizado el 23 de febrero,0,0,3.0,0,0,1999.0,,,1,0,84092001,9,1.0,La Granada,," , La Granada , Alt Penedès, Barcelona ",,"Alt Penedès, Barcelona",234,203.0,2019-04-12,165000,0,3.0,0,0,1,False,True,False,False,False,False,False,False,False,False,False,False,False,False,False,False,False,False,False,False,False,False,False,False,False
Anuncio actualizado el 14 de febrero,1,1,3.0,1,0,1996.0,no indicado,4 plantas,1,0,81570410,4,1.0,Sant Pere de Riudebitlles,," , Sant Pere de Riudebitlles , Alt Penedès, Barcelona ",,"Alt Penedès, Barcelona",170,150.0,2019-04-12,189000,0,4.0,0,0,1,False,True,False,False,False,False,False,False,False,False,False,False,False,False,False,False,False,False,False,False,False,False,True,False,False
Anuncio actualizado el 10 de abril,0,1,1.0,0,0,1996.0,no indicado,,0,0,84287914,9,1.0,Vilafranca del Penedès,Distrito Poble Nou," , Distrito Poble Nou , Vilafranca del Penedès , Alt Penedès, Barcelona ",,"Alt Penedès, Barcelona",156,146.0,2019-04-12,160000,0,3.0,0,0,0,False,False,True,False,False,False,False,False,False,False,False,False,False,False,False,False,False,False,False,False,False,False,False,False,False
Anuncio actualizado el 12 de abril,0,0,1.0,0,0,1969.0,en trámite,planta 3ª,0,0,84332748,0,0.0,Vilafranca del Penedès,Distrito Poble Nou," Calle de Ramon Freixas , Distrito Poble Nou , Vilafranca del Penedès , Alt Penedès, Barcelona ",Calle de Ramon Freixas,"Alt Penedès, Barcelona",73,69.0,2019-04-12,70000,0,4.0,0,0,0,False,False,False,False,False,False,False,False,False,False,False,False,False,False,False,False,False,False,False,False,False,False,False,False,False
Anuncio actualizado el 26 de marzo,0,0,2.0,0,0,1996.0,,planta 1ª,1,0,33134125,0,1.0,Vilafranca del Penedès,Distrito Les Clotes," Calle d'antoni mestres jané, 16 , Urb. 30349-0001 , Distrito Les Clotes , Vilafranca del Penedès , Alt Penedès, Barcelona ",Urb. 30349-0001,"Alt Penedès, Barcelona",76,99.0,2019-04-12,134600,0,3.0,1,0,0,False,False,False,False,False,False,False,False,False,False,False,False,False,False,False,False,False,False,False,False,False,False,False,False,False
Anuncio actualizado el 19 de enero,0,0,2.0,0,0,1996.0,,planta 1ª,0,0,33143235,0,1.0,El Pla del Penedès,Urb. 37240-0001," Avenida gaudi, 4 , Urb. 37240-0001 , El Pla del Penedès , Alt Penedès, Barcelona ","Avenida gaudi, 4","Alt Penedès, Barcelona",81,99.0,2019-04-12,105600,0,3.0,0,0,0,False,False,False,False,False,False,False,False,False,False,False,False,False,False,False,False,False,False,False,False,False,False,False,False,False
Anuncio actualizado el 19 de enero,0,0,1.0,0,0,1996.0,,planta 4ª,0,0,33142401,0,0.0,Vilafranca del Penedès,Distrito Sant Julià," Calle de jaume balmes, 26 , Urb. 34794-0001 , Distrito Sant Julià , Vilafranca del Penedès , Alt Penedès, Barcelona ",Urb. 34794-0001,"Alt Penedès, Barcelona",90,99.0,2019-04-12,125900,0,3.0,0,0,0,False,False,False,False,False,False,False,False,False,False,False,False,False,False,False,False,False,False,False,False,False,False,False,False,False
Anuncio actualizado el 7 de noviembre,0,0,1.0,0,0,1996.0,,planta 1ª,0,0,34757863,0,1.0,Vilafranca del Penedès,Distrito L'Espirall," Calle de salvador seguí, 33 , Urb. 33230-0001 , Distrito L'Espirall , Vilafranca del Penedès , Alt Penedès, Barcelona ",Urb. 33230-0001,"Alt Penedès, Barcelona",86,99.0,2019-04-12,129700,0,3.0,0,0,0,False,False,False,False,False,False,False,False,False,False,False,False,False,False,False,False,False,False,False,False,False,False,False,False,False
Anuncio actualizado el 4 de abril,0,0,2.0,0,0,1967.0,,planta 4ª,0,0,38642936,0,1.0,Vilafranca del Penedès,Distrito L'Espirall," Pasaje LUÍS MATAS, 28 , Distrito L'Espirall , Vilafranca del Penedès , Alt Penedès, Barcelona ","Pasaje LUÍS MATAS, 28","Alt Penedès, Barcelona",76,68.0,2019-04-12,87000,0,3.0,0,0,0,False,False,False,False,False,False,False,False,False,False,False,False,False,False,False,False,False,False,False,False,False,False,False,False,False
Anuncio actualizado el 7 de noviembre,0,0,2.0,0,0,1996.0,,planta 2ª,0,0,38898977,0,0.0,Vilafranca del Penedès,Distrito Les Clotes," Calle de l'escorxador, 21 , Urb. 34571-0001 , Distrito Les Clotes , Vilafranca del Penedès , Alt Penedès, Barcelona ",Urb. 34571-0001,"Alt Penedès, Barcelona",88,99.0,2019-04-12,122000,0,4.0,0,0,0,False,False,False,False,False,False,False,False,False,False,False,False,False,False,False,False,False,False,False,False,False,False,False,False,False
Anuncio actualizado el 26 de marzo,0,0,1.0,0,0,1996.0,,planta 1ª,0,0,33142243,3,0.0,Sant Llorenç d'Hortons,Urb. 34368-0001," Calle del raval, 18 , Urb. 34368-0001 , Sant Llorenç d'Hortons , Alt Penedès, Barcelona ","Calle del raval, 18","Alt Penedès, Barcelona",99,99.0,2019-04-12,130000,0,2.0,0,0,0,False,False,False,False,False,False,False,False,False,False,False,False,False,False,False,False,False,False,False,False,False,False,False,False,False
Anuncio actualizado el 7 de noviembre,0,0,2.0,0,0,1996.0,,planta 2ª,0,0,33142059,0,0.0,Vilafranca del Penedès,Distrito L'Espirall," Plaza de Pau Casals, 3 , Urb. 33799-0001 , Distrito L'Espirall , Vilafranca del Penedès , Alt Penedès, Barcelona ",Urb. 33799-0001,"Alt Penedès, Barcelona",82,99.0,2019-04-12,72000,0,3.0,0,0,0,False,False,False,False,False,False,False,False,False,False,False,False,False,False,False,False,False,False,False,False,False,False,False,False,False
Anuncio actualizado el 10 de abril,0,0,1.0,0,0,1996.0,,planta 3ª,0,0,40411449,0,0.0,Vilafranca del Penedès,Distrito Poble Nou," Calle de l'Ateneu, 27 , Urb. 82831-0001 , Distrito Poble Nou , Vilafranca del Penedès , Alt Penedès, Barcelona ",Urb. 82831-0001,"Alt Penedès, Barcelona",79,99.0,2019-04-12,75800,0,3.0,0,0,0,False,False,False,False,False,False,False,False,False,False,False,False,False,False,False,False,False,False,False,False,False,False,False,False,False
Anuncio actualizado el 7 de noviembre,0,0,1.0,0,0,1996.0,,planta 1ª,0,0,33142560,0,0.0,Sant Martí Sarroca,Urb. 35402-0001," Calle de les Casetes, 33 , Urb. 35402-0001 , Sant Martí Sarroca , Alt Penedès, Barcelona ","Calle de les Casetes, 33","Alt Penedès, Barcelona",87,99.0,2019-04-12,93000,0,3.0,0,0,0,False,False,False,False,False,False,False,False,False,False,False,False,False,False,False,False,False,False,False,False,False,False,False,False,False
Anuncio actualizado el 5 de abril,0,0,3.0,0,0,1999.0,,,0,0,37724855,0,1.0,La Granada,"Calle Vilafranca, 14"," Calle Vilafranca, 14 , La Granada , Alt Penedès, Barcelona ",,"Alt Penedès, Barcelona",234,180.0,2019-04-12,200000,0,3.0,0,0,0,False,False,False,False,False,False,False,False,False,False,False,False,False,False,False,False,False,False,False,False,False,False,False,False,False
Anuncio actualizado el 28 de diciembre,1,1,1.0,1,0,2005.0,,bajo exterior,0,0,82262132,0,1.0,Sant Quintí de Mediona,," , Sant Quintí de Mediona , Alt Penedès, Barcelona ",,"Alt Penedès, Barcelona",86,70.0,2019-04-12,111000,0,2.0,0,0,1,False,True,False,False,False,False,False,False,False,False,False,False,False,False,False,False,False,False,False,False,False,False,False,False,False
Anuncio actualizado el 25 de enero,0,0,2.0,0,0,1996.0,en trámite,planta 1ª exterior,1,0,83015664,0,0.0,Santa Margarida i els Monjos,," , Santa Margarida i els Monjos , Alt Penedès, Barcelona ",,"Alt Penedès, Barcelona",150,135.0,2019-04-12,156000,0,4.0,0,0,0,False,True,False,False,False,False,False,False,False,False,False,False,False,False,False,False,False,False,False,False,False,False,False,False,False
Anuncio actualizado el 24 de enero,0,0,1.0,0,0,1996.0,en trámite,1 planta,0,0,83015879,2,1.0,Vilafranca del Penedès,Distrito Les Clotes," , Distrito Les Clotes , Vilafranca del Penedès , Alt Penedès, Barcelona ",,"Alt Penedès, Barcelona",316,245.0,2019-04-12,260000,0,1.0,0,0,0,False,True,False,False,False,False,False,False,False,False,False,False,False,False,False,False,False,False,False,False,False,False,False,False,False
Anuncio actualizado el 24 de enero,0,0,1.0,0,0,1996.0,,1 planta,0,0,83015966,2,1.0,Subirats,," , Subirats , Alt Penedès, Barcelona ",,"Alt Penedès, Barcelona",85,99.0,2019-04-12,196900,0,3.0,0,0,0,False,True,False,False,False,False,False,False,False,False,False,False,False,False,False,False,False,False,False,False,False,False,False,False,False
Anuncio actualizado el 8 de noviembre,0,0,2.0,0,0,1996.0,en trámite,planta 3ª exterior,1,0,83015985,0,1.0,Torrelles de Foix,," , Torrelles de Foix , Alt Penedès, Barcelona ",,"Alt Penedès, Barcelona",95,90.0,2019-04-12,95000,0,3.0,0,0,0,False,True,False,False,False,False,False,False,False,False,False,False,False,False,False,False,False,False,False,False,False,False,False,False,False
Anuncio actualizado el 6 de marzo,0,0,2.0,0,0,1996.0,en trámite,1 planta,1,0,83016006,2,1.0,Olèrdola,," , Olèrdola , Alt Penedès, Barcelona ",,"Alt Penedès, Barcelona",180,99.0,2019-04-12,195000,0,4.0,0,0,0,False,True,False,False,False,False,False,False,False,False,False,False,False,False,False,False,False,False,False,False,False,False,False,False,False
Anuncio actualizado el 24 de enero,0,0,11.0,0,0,1996.0,en trámite,3 plantas,0,1,83016030,13,1.0,Font-Rubí,," , Font-Rubí , Alt Penedès, Barcelona ",,"Alt Penedès, Barcelona",1000,99.0,2019-04-12,293000,0,11.0,0,0,0,False,True,False,False,False,False,False,False,False,False,False,False,False,False,False,False,False,False,False,False,False,False,False,False,False
Anuncio actualizado el 24 de enero,0,0,2.0,1,0,1996.0,,1 planta,1,1,83016035,2,1.0,Mediona,," , Mediona , Alt Penedès, Barcelona ",,"Alt Penedès, Barcelona",639,205.0,2019-04-12,295000,0,6.0,0,1,0,False,True,False,False,False,False,False,False,False,False,False,False,False,False,False,False,False,False,False,False,False,False,False,False,False
Anuncio actualizado el 8 de noviembre,0,0,1.0,0,0,1996.0,en trámite,planta 2ª,0,0,83016061,0,0.0,Sant Quintí de Mediona,," , Sant Quintí de Mediona , Alt Penedès, Barcelona ",,"Alt Penedès, Barcelona",128,99.0,2019-04-12,75000,0,3.0,0,0,0,False,True,False,False,False,False,False,False,False,False,False,False,False,False,False,False,False,False,False,False,False,False,False,False,False
Anuncio actualizado el 8 de noviembre,0,0,2.0,0,0,1996.0,en trámite,planta 3ª,1,0,83016065,0,1.0,Sant Quintí de Mediona,," , Sant Quintí de Mediona , Alt Penedès, Barcelona ",,"Alt Penedès, Barcelona",155,99.0,2019-04-12,150000,0,4.0,1,0,0,False,True,False,False,False,False,False,False,False,False,False,False,False,False,False,False,False,False,False,False,False,False,False,False,False
Anuncio actualizado el 8 de noviembre,1,0,3.0,1,0,1996.0,en trámite,2 plantas,0,1,83016072,2,1.0,Vilafranca del Penedès,Distrito Les Clotes," , Distrito Les Clotes , Vilafranca del Penedès , Alt Penedès, Barcelona ",,"Alt Penedès, Barcelona",163,160.0,2019-04-12,350000,0,6.0,0,0,0,False,True,False,False,False,False,False,False,False,False,False,False,False,False,False,False,False,False,False,False,False,False,False,False,False
Anuncio actualizado el 24 de enero,0,0,3.0,0,0,1996.0,no indicado,2 plantas,1,1,83016080,2,1.0,Pacs del Penedès,," , Pacs del Penedès , Alt Penedès, Barcelona ",,"Alt Penedès, Barcelona",800,513.0,2019-04-12,499000,0,5.0,1,0,0,False,True,False,False,False,False,False,False,False,False,False,False,False,False,False,False,False,False,False,False,False,False,False,False,False
Anuncio actualizado el 8 de noviembre,0,0,2.0,0,0,1996.0,en trámite,planta 2ª,1,0,83016109,0,1.0,Sant Quintí de Mediona,," , Sant Quintí de Mediona , Alt Penedès, Barcelona ",,"Alt Penedès, Barcelona",238,99.0,2019-04-12,168000,0,5.0,1,0,0,False,True,False,False,False,False,False,False,False,False,False,False,False,False,False,False,False,False,False,False,False,False,False,False,False
Anuncio actualizado el 8 de noviembre,0,0,3.0,0,0,1996.0,no indicado,2 plantas,1,1,83016129,2,1.0,Olèrdola,," , Olèrdola , Alt Penedès, Barcelona ",,"Alt Penedès, Barcelona",800,99.0,2019-04-12,600000,0,5.0,0,1,0,False,True,False,False,False,False,False,False,False,False,False,False,False,False,False,False,False,False,False,False,False,False,False,False,False
Anuncio actualizado el 12 de febrero,0,0,3.0,0,0,1996.0,en trámite,3 plantas,1,0,83016133,2,1.0,Vilafranca del Penedès,Distrito Poble Nou," , Distrito Poble Nou , Vilafranca del Penedès , Alt Penedès, Barcelona ",,"Alt Penedès, Barcelona",125,120.0,2019-04-12,299900,0,4.0,0,0,0,False,True,False,False,False,False,False,False,False,False,False,False,False,False,False,False,False,False,False,False,False,False,False,False,False
Anuncio actualizado el 24 de enero,0,0,2.0,0,0,1996.0,no indicado,1 planta,0,1,83016145,2,1.0,Vilobí del Penedès,," , Vilobí del Penedès , Alt Penedès, Barcelona ",,"Alt Penedès, Barcelona",10500,99.0,2019-04-12,480000,0,7.0,0,0,0,False,False,True,False,False,False,False,False,False,False,False,False,False,False,False,False,False,False,False,False,False,False,False,False,False
Anuncio actualizado el 24 de enero,0,0,2.0,0,0,1996.0,,planta 1ª,0,0,83016165,0,0.0,Pontons,," , Pontons , Alt Penedès, Barcelona ",,"Alt Penedès, Barcelona",75,99.0,2019-04-12,52000,0,3.0,0,0,0,False,True,False,False,False,False,False,False,False,False,False,False,False,False,False,False,False,False,False,False,False,False,False,False,False
Anuncio actualizado el 24 de enero,0,0,3.0,0,0,1996.0,en trámite,3 plantas,1,1,83016218,2,1.0,Sant Quintí de Mediona,," , Sant Quintí de Mediona , Alt Penedès, Barcelona ",,"Alt Penedès, Barcelona",700,99.0,2019-04-12,415000,0,5.0,0,1,0,False,True,False,False,False,False,False,False,False,False,False,False,False,False,False,False,False,False,False,False,False,False,False,False,False
Anuncio actualizado el 24 de enero,0,0,2.0,0,0,1996.0,en trámite,2 plantas,0,0,83016223,2,1.0,Sant Sadurní d'Anoia,," , Sant Sadurní d'Anoia , Alt Penedès, Barcelona ",,"Alt Penedès, Barcelona",285,99.0,2019-04-12,160000,0,4.0,0,0,0,False,True,False,False,False,False,False,False,False,False,False,False,False,False,False,False,False,False,False,False,False,False,False,False,False
Anuncio actualizado el 13 de febrero,0,0,2.0,0,0,1996.0,,planta 2ª exterior,0,0,83016249,0,1.0,Vilafranca del Penedès,Distrito Les Clotes," , Distrito Les Clotes , Vilafranca del Penedès , Alt Penedès, Barcelona ",,"Alt Penedès, Barcelona",106,100.0,2019-04-12,142000,0,4.0,0,0,0,False,True,False,False,False,False,False,False,False,False,False,False,False,False,False,False,False,False,False,False,False,False,False,False,False
Anuncio actualizado el 8 de noviembre,0,0,4.0,0,0,1996.0,en trámite,2 plantas,0,1,83016311,2,1.0,Gelida,," , Gelida , Alt Penedès, Barcelona ",,"Alt Penedès, Barcelona",1375,99.0,2019-04-12,350000,0,5.0,0,1,0,False,True,False,False,False,False,False,False,False,False,False,False,False,False,False,False,False,False,False,False,False,False,False,False,False
Anuncio actualizado el 8 de noviembre,1,0,4.0,0,0,1996.0,en trámite,planta 4ª,1,0,83016334,0,1.0,Vilafranca del Penedès,Distrito L'Espirall," , Distrito L'Espirall , Vilafranca del Penedès , Alt Penedès, Barcelona ",,"Alt Penedès, Barcelona",112,109.0,2019-04-12,144000,0,4.0,0,0,0,False,True,False,False,False,False,False,False,False,False,False,False,False,False,False,False,False,False,False,False,False,False,False,False,False
Anuncio actualizado el 13 de noviembre,0,0,1.0,0,0,1996.0,en trámite,1 planta,1,1,83016385,2,1.0,Subirats,," , Subirats , Alt Penedès, Barcelona ",,"Alt Penedès, Barcelona",815,77.0,2019-04-12,165000,0,3.0,0,0,0,False,True,False,False,False,False,False,False,False,False,False,False,False,False,False,False,False,False,False,False,False,False,False,False,False
Anuncio actualizado el 13 de febrero,0,0,1.0,0,0,1996.0,en trámite,,1,1,83016586,2,1.0,Olèrdola,," , Olèrdola , Alt Penedès, Barcelona ",,"Alt Penedès, Barcelona",693,99.0,2019-04-12,169000,0,3.0,0,1,0,False,True,False,False,False,False,False,False,False,False,False,False,False,False,False,False,False,False,False,False,False,False,False,False,False
Anuncio actualizado el 13 de diciembre,0,0,2.0,1,0,1996.0,en trámite,planta 3ª,1,0,83016553,0,1.0,Vilafranca del Penedès,Distrito Sant Julià," , Distrito Sant Julià , Vilafranca del Penedès , Alt Penedès, Barcelona ",,"Alt Penedès, Barcelona",136,106.0,2019-04-12,160000,0,4.0,0,0,0,False,True,False,False,False,False,False,False,False,False,False,False,False,False,False,False,False,False,False,False,False,False,False,False,False
Anuncio actualizado el 8 de noviembre,0,0,2.0,0,0,1996.0,en trámite,2 plantas,0,1,83016542,2,1.0,Santa Margarida i els Monjos,," , Santa Margarida i els Monjos , Alt Penedès, Barcelona ",,"Alt Penedès, Barcelona",184,99.0,2019-04-12,330000,0,4.0,0,0,0,False,True,False,False,False,False,False,False,False,False,False,False,False,False,False,False,False,False,False,False,False,False,False,False,False
Anuncio actualizado el 9 de abril,0,0,2.0,0,0,1996.0,,planta 2ª,1,0,83060750,0,1.0,Vilafranca del Penedès,Distrito Sant Julià," , Distrito Sant Julià , Vilafranca del Penedès , Alt Penedès, Barcelona ",,"Alt Penedès, Barcelona",108,79.0,2019-04-12,175000,0,3.0,1,0,0,False,True,False,False,False,False,False,False,False,False,False,False,False,False,False,False,False,False,False,False,False,False,False,False,False
Anuncio actualizado el 29 de marzo,0,0,2.0,0,0,1996.0,en trámite,1 planta,0,1,83235955,2,1.0,Torrelles de Foix,," , Torrelles de Foix , Alt Penedès, Barcelona ",,"Alt Penedès, Barcelona",2375,99.0,2019-04-12,150000,0,5.0,0,0,0,False,True,False,False,False,False,False,False,False,False,False,False,False,False,False,False,False,False,False,False,False,False,False,False,False
Anuncio actualizado el 15 de febrero,0,0,1.0,0,0,1996.0,en trámite,,1,1,83317607,13,1.0,Sant Martí Sarroca,," , Sant Martí Sarroca , Alt Penedès, Barcelona ",,"Alt Penedès, Barcelona",2675,167.0,2019-04-12,197000,0,4.0,0,0,0,False,False,True,False,False,False,False,False,False,False,False,False,False,False,False,False,False,False,False,False,False,False,False,False,False
Anuncio actualizado el 30 de enero,0,0,2.0,0,0,1925.0,,,0,1,84075997,4,1.0,El Pla del Penedès,," , El Pla del Penedès , Alt Penedès, Barcelona ",,"Alt Penedès, Barcelona",195,175.0,2019-04-12,156000,0,5.0,0,0,1,False,True,False,False,False,False,False,False,False,False,False,False,False,False,False,False,False,False,False,False,False,False,False,False,False
Anuncio actualizado el 1 de marzo,0,0,2.0,0,0,1996.0,en trámite,1 planta,0,0,83016406,2,1.0,Torrelles de Foix,," , Torrelles de Foix , Alt Penedès, Barcelona ",,"Alt Penedès, Barcelona",2036,99.0,2019-04-12,90000,0,3.0,0,0,0,False,True,False,False,False,False,False,False,False,False,False,False,False,False,False,False,False,False,False,False,False,False,False,False,False
Anuncio actualizado el 26 de marzo,1,0,2.0,0,0,1996.0,,,0,0,84346983,0,1.0,Sant Quintí de Mediona,," , Sant Quintí de Mediona , Alt Penedès, Barcelona ",,"Alt Penedès, Barcelona",133,99.0,2019-04-12,149900,0,3.0,1,0,0,False,False,False,False,False,False,False,False,False,False,False,False,False,False,False,False,False,False,False,False,False,False,False,False,False
Anuncio actualizado el 12 de marzo,0,0,1.0,0,0,1996.0,en trámite,bajo,0,0,83015884,0,0.0,El Pla del Penedès,," , El Pla del Penedès , Alt Penedès, Barcelona ",,"Alt Penedès, Barcelona",68,63.0,2019-04-12,56250,0,2.0,1,0,0,False,True,False,False,False,False,False,False,False,False,False,False,False,False,False,False,False,False,False,False,False,False,False,False,False
Anuncio actualizado el 11 de marzo,0,0,3.0,0,0,1996.0,en trámite,2 plantas,0,0,83016398,13,1.0,Pontons,," , Pontons , Alt Penedès, Barcelona ",,"Alt Penedès, Barcelona",10000,99.0,2019-04-12,300000,0,9.0,0,0,0,False,True,False,False,False,False,False,False,False,False,False,False,False,False,False,False,False,False,False,False,False,False,False,False,False
Anuncio actualizado el 30 de marzo,0,0,1.0,0,0,1996.0,,planta 3ª,0,0,82001954,0,0.0,Vilafranca del Penedès,Distrito L'Espirall," Calle de Mossèn Coy, 15 , Distrito L'Espirall , Vilafranca del Penedès , Alt Penedès, Barcelona ","Calle de Mossèn Coy, 15","Alt Penedès, Barcelona",284,53.0,2019-04-12,68200,0,2.0,0,0,0,False,False,False,False,False,False,False,False,False,False,False,False,False,False,False,False,False,False,False,False,False,False,False,False,False
Anuncio actualizado el 26 de marzo,0,1,1.0,1,0,1978.0,en trámite,2 plantas,0,1,84729456,2,1.0,Mediona,Urb. la font del bosc," Urb. la font del bosc , Mediona , Alt Penedès, Barcelona ",,"Alt Penedès, Barcelona",850,125.0,2019-04-12,78000,0,3.0,1,0,1,False,False,True,False,False,False,False,False,False,False,False,True,False,False,False,False,False,False,True,False,False,False,False,False,False
Anuncio actualizado el 6 de abril,0,0,1.0,1,0,1996.0,no indicado,,0,0,84970262,0,1.0,Torrelles de Foix,," , Torrelles de Foix , Alt Penedès, Barcelona ",,"Alt Penedès, Barcelona",87,56.0,2019-04-12,45500,0,3.0,0,0,0,False,True,False,False,False,False,False,False,False,False,False,False,False,False,False,False,False,False,False,False,False,False,False,False,False
Anuncio actualizado el 24 de marzo,1,0,1.0,1,0,1996.0,no indicado,planta 3ª exterior,0,0,26716576,5,1.0,Santa Margarida i els Monjos,"Avenida Catalunya, 20"," Avenida Catalunya, 20 , Santa Margarida i els Monjos , Alt Penedès, Barcelona ",,"Alt Penedès, Barcelona",40,99.0,2019-04-12,90000,0,1.0,0,0,1,False,True,False,False,False,False,False,False,False,False,False,False,False,False,False,False,False,False,False,False,False,False,False,False,False
Anuncio actualizado el 7 de enero,1,0,3.0,1,0,1996.0,,2 plantas,1,1,33469579,4,1.0,El Pla del Penedès,"Calle les parellades, 20"," Calle les parellades, 20 , El Pla del Penedès , Alt Penedès, Barcelona ",,"Alt Penedès, Barcelona",205,99.0,2019-04-12,280000,0,4.0,1,0,1,False,True,False,False,False,False,False,False,False,False,False,False,False,False,False,False,False,False,False,False,False,False,False,False,False
Anuncio actualizado el 26 de marzo,0,0,2.0,0,1,1890.0,no indicado,,0,1,39612865,6,1.0,Torrelles de Foix,," , Torrelles de Foix , Alt Penedès, Barcelona ",,"Alt Penedès, Barcelona",123150,99.0,2019-04-12,2500000,0,10.0,0,1,0,False,False,False,False,False,False,False,False,False,False,False,False,False,False,False,False,False,False,False,False,False,False,False,False,False
Anuncio actualizado el 7 de abril,0,0,2.0,0,0,1996.0,en trámite,3 plantas,0,0,40305708,2,1.0,Mediona,Urb. Font del Bosc," Calle Tarragona, 2117 , Urb. Font del Bosc , Mediona , Alt Penedès, Barcelona ","Calle Tarragona, 2117","Alt Penedès, Barcelona",150,99.0,2019-04-12,178000,0,2.0,1,0,1,False,True,False,False,False,False,False,False,False,False,False,False,False,False,False,False,False,False,False,False,False,False,False,False,False
Anuncio actualizado el 4 de abril,0,1,1.0,0,0,1996.0,en trámite,planta 2ª exterior,0,0,81733578,0,0.0,Gelida,," , Gelida , Alt Penedès, Barcelona ",,"Alt Penedès, Barcelona",90,99.0,2019-04-12,99000,0,3.0,0,0,0,False,True,False,False,False,False,False,False,False,False,False,False,False,False,False,False,False,False,False,False,False,False,False,False,False
Anuncio actualizado el 30 de enero,0,1,2.0,0,0,2018.0,no indicado,bajo exterior,0,0,82794846,0,1.0,Gelida,," , Gelida , Alt Penedès, Barcelona ",,"Alt Penedès, Barcelona",110,95.0,2019-04-12,163800,0,3.0,0,0,0,False,False,False,False,False,False,False,False,False,False,False,False,False,False,False,False,False,False,False,False,False,False,False,False,False
Anuncio actualizado el 30 de enero,0,0,2.0,0,0,2019.0,no indicado,planta 3ª,0,0,82845581,3,0.0,Gelida,," , Gelida , Alt Penedès, Barcelona ",,"Alt Penedès, Barcelona",74,67.0,2019-04-12,149200,0,2.0,0,0,0,False,False,False,False,False,False,False,False,False,False,False,False,False,False,False,False,False,False,False,False,False,False,False,False,False
Anuncio actualizado el 22 de marzo,1,0,2.0,0,0,1990.0,en trámite,2 plantas,1,0,84352144,8,1.0,Santa Margarida i els Monjos,Rambla de Penyafel," Rambla de Penyafel , Santa Margarida i els Monjos , Alt Penedès, Barcelona ",,"Alt Penedès, Barcelona",136,110.0,2019-04-12,229000,1,4.0,1,0,1,False,True,False,False,False,False,False,False,False,False,False,False,False,False,False,False,False,False,False,False,False,False,True,False,False
Anuncio actualizado el 30 de marzo,0,0,1.0,0,0,1996.0,,planta 4ª,0,0,82470493,0,1.0,Sant Quintí de Mediona,"Calle Del Pujol, 2"," Calle Del Pujol, 2 , Sant Quintí de Mediona , Alt Penedès, Barcelona ",,"Alt Penedès, Barcelona",74,65.0,2019-04-12,54618,0,3.0,0,0,0,False,False,False,False,False,False,False,False,False,False,False,False,False,False,False,False,False,False,False,False,False,False,False,False,False
Anuncio actualizado el 3 de abril,1,0,2.0,0,0,2015.0,en trámite,planta 1ª exterior,1,1,84833033,0,1.0,Vilafranca del Penedès,Distrito Centre Vila," LLUIS MARIA GüELL, 6 , Distrito Centre Vila , Vilafranca del Penedès , Alt Penedès, Barcelona ","LLUIS MARIA GüELL, 6","Alt Penedès, Barcelona",100,99.0,2019-04-12,170000,0,4.0,1,0,0,False,True,False,False,False,False,False,True,False,False,False,False,False,False,False,False,False,False,False,False,False,False,True,False,False
Anuncio actualizado el 29 de enero,1,0,3.0,0,0,1996.0,en trámite,2 plantas,1,1,27103672,2,1.0,Olèrdola,Urb. daltmar," Calle de la Figuera, 30 , Urb. daltmar , Olèrdola , Alt Penedès, Barcelona ","Calle de la Figuera, 30","Alt Penedès, Barcelona",600,160.0,2019-04-12,350000,0,4.0,1,1,1,False,True,False,False,False,False,False,False,False,False,False,False,False,False,False,False,False,False,False,False,False,False,True,False,False
Anuncio actualizado el 3 de julio,0,0,2.0,0,0,1996.0,no indicado,,0,0,30391717,9,1.0,Sant Llorenç d'Hortons,," , Sant Llorenç d'Hortons , Alt Penedès, Barcelona ",,"Alt Penedès, Barcelona",220,160.0,2019-04-12,180000,0,3.0,0,0,0,False,False,False,False,False,False,False,False,False,False,False,False,False,False,False,False,False,False,False,False,False,False,True,False,False
Anuncio actualizado el 5 de diciembre,0,0,2.0,0,0,2005.0,no indicado,,0,0,30391728,0,1.0,Sant Quintí de Mediona,," , Sant Quintí de Mediona , Alt Penedès, Barcelona ",,"Alt Penedès, Barcelona",112,63.0,2019-04-12,128000,0,3.0,0,0,0,False,False,False,False,False,False,False,False,False,False,False,False,False,False,False,False,False,False,False,False,False,False,False,False,False
Anuncio actualizado el 28 de diciembre,0,0,2.0,0,0,1996.0,no indicado,,0,0,31997485,9,1.0,Sant Quintí de Mediona,," , Sant Quintí de Mediona , Alt Penedès, Barcelona ",,"Alt Penedès, Barcelona",260,99.0,2019-04-12,210000,0,3.0,0,0,0,False,False,False,False,False,False,False,False,False,False,False,False,False,False,False,False,False,False,False,False,False,False,False,False,False
Anuncio actualizado el 5 de septiembre,0,0,2.0,0,0,1996.0,no indicado,,0,0,33088300,0,1.0,Vilafranca del Penedès,Distrito L'Espirall," , Distrito L'Espirall , Vilafranca del Penedès , Alt Penedès, Barcelona ",,"Alt Penedès, Barcelona",85,75.0,2019-04-12,145000,0,3.0,0,0,0,False,False,False,False,False,False,False,False,False,False,False,False,False,False,False,False,False,False,False,False,False,False,False,False,False
Anuncio actualizado el 18 de noviembre,1,0,6.0,1,0,1996.0,en trámite,4 plantas,1,0,33872680,2,1.0,Vilafranca del Penedès,Distrito Sant Julià," Calle santa margarida i monjos, 12 , Distrito Sant Julià , Vilafranca del Penedès , Alt Penedès, Barcelona ","Calle santa margarida i monjos, 12","Alt Penedès, Barcelona",622,99.0,2019-04-12,730000,0,7.0,1,0,1,False,True,False,False,False,False,False,False,False,False,False,False,False,False,False,False,False,False,False,False,False,False,True,False,False
Anuncio actualizado el 10 de abril,0,0,1.0,0,0,1996.0,,,0,0,35203653,9,1.0,La Granada,," , La Granada , Alt Penedès, Barcelona ",,"Alt Penedès, Barcelona",137,71.0,2019-04-12,80000,0,3.0,0,0,0,False,False,False,False,False,False,False,False,False,False,False,False,False,False,False,False,False,False,False,False,False,False,False,False,False
Anuncio actualizado el 10 de abril,1,1,3.0,0,0,2013.0,,planta 2ª exterior,0,0,36030960,3,1.0,Santa Margarida i els Monjos,Calle Sant Llorenç s/n," Calle Sant Llorenç s/n , Santa Margarida i els Monjos , Alt Penedès, Barcelona ",,"Alt Penedès, Barcelona",130,99.0,2019-04-12,185000,0,4.0,0,0,1,False,True,False,False,True,False,False,False,False,False,False,False,False,False,False,False,False,False,False,False,False,False,False,False,False
Anuncio actualizado el 10 de abril,1,1,1.0,1,0,1996.0,no indicado,,1,0,36168649,4,1.0,Vilafranca del Penedès,Distrito Centre Vila," , Distrito Centre Vila , Vilafranca del Penedès , Alt Penedès, Barcelona ",,"Alt Penedès, Barcelona",220,99.0,2019-04-12,179000,0,4.0,0,0,1,False,True,False,False,True,False,False,False,False,False,False,False,False,False,False,False,False,False,False,False,False,False,False,False,False
Anuncio actualizado el 7 de abril,0,0,1.0,0,0,1996.0,en trámite,,0,1,36616758,2,1.0,Torrelles de Foix,Urb. Plana de les Torres," Calle Rosa, 24 , Urb. Plana de les Torres , Torrelles de Foix , Alt Penedès, Barcelona ","Calle Rosa, 24","Alt Penedès, Barcelona",1900,99.0,2019-04-12,88000,0,2.0,1,0,1,False,True,False,False,False,False,False,False,False,False,False,False,False,False,False,False,False,False,False,False,False,False,False,False,False
Anuncio actualizado el 10 de abril,0,1,1.0,0,0,1996.0,no indicado,,1,0,37287837,1,1.0,Vilafranca del Penedès,Distrito La Girada," , Distrito La Girada , Vilafranca del Penedès , Alt Penedès, Barcelona ",,"Alt Penedès, Barcelona",220,180.0,2019-04-12,175000,0,4.0,1,0,0,False,True,False,False,False,False,True,False,False,False,False,False,False,False,False,False,False,False,False,False,False,False,True,False,False
Anuncio actualizado el 17 de enero,0,0,1.0,0,0,1996.0,no indicado,,0,0,37685835,0,1.0,Vilafranca del Penedès,Distrito Centre Vila," Calle d'igualada , Distrito Centre Vila , Vilafranca del Penedès , Alt Penedès, Barcelona ",Calle d'igualada,"Alt Penedès, Barcelona",84,99.0,2019-04-12,69000,0,5.0,0,0,0,False,False,False,False,False,False,False,False,False,False,False,False,False,False,False,False,False,False,False,False,False,False,False,False,False
Anuncio actualizado el 28 de diciembre,0,0,2.0,1,0,1996.0,en trámite,2 plantas,1,1,38266112,2,1.0,Torrelles de Foix,," , Torrelles de Foix , Alt Penedès, Barcelona ",,"Alt Penedès, Barcelona",1530,140.0,2019-04-12,195000,0,4.0,1,0,1,False,True,False,False,False,False,False,False,False,False,False,False,False,False,False,False,False,False,False,True,False,False,False,False,False
Anuncio actualizado el 1 de abril,0,0,1.0,0,0,1996.0,,entreplanta interior,0,0,36981005,0,0.0,Sant Quintí de Mediona,"Avenida de Montserrat, 47"," Avenida de Montserrat, 47 , Sant Quintí de Mediona , Alt Penedès, Barcelona ",,"Alt Penedès, Barcelona",80,99.0,2019-04-12,42000,0,4.0,0,0,0,False,False,True,False,False,False,False,False,False,False,False,False,False,False,False,False,False,False,False,False,False,False,False,False,False
Anuncio actualizado el 30 de noviembre,0,0,2.0,0,0,1996.0,inmueble exento,planta 1ª exterior,1,0,27550584,0,1.0,Sant Quintí de Mediona,Avenida de Catalunya s/n," Avenida de Catalunya s/n , Sant Quintí de Mediona , Alt Penedès, Barcelona ",,"Alt Penedès, Barcelona",112,63.0,2019-04-12,128000,0,3.0,0,0,1,False,True,False,False,False,False,False,False,False,False,False,False,False,False,False,False,True,False,False,False,False,False,False,False,False
Anuncio actualizado el 30 de enero,0,0,2.0,0,1,1987.0,no indicado,,0,0,39546144,6,1.0,Gelida,," , Gelida , Alt Penedès, Barcelona ",,"Alt Penedès, Barcelona",570,155.0,2019-04-12,198000,0,6.0,0,1,1,False,True,False,False,False,False,False,False,False,False,False,False,False,False,False,False,False,False,False,False,False,False,False,False,False
Anuncio actualizado el 16 de julio,1,0,3.0,1,0,1996.0,en trámite,3 plantas,1,1,81142601,2,1.0,Sant Martí Sarroca,," , Sant Martí Sarroca , Alt Penedès, Barcelona ",,"Alt Penedès, Barcelona",608,99.0,2019-04-12,470000,0,5.0,1,1,1,False,True,False,False,False,False,False,False,False,False,False,False,False,False,False,False,False,False,False,True,False,False,False,False,False
Anuncio actualizado el 11 de abril,0,0,1.0,0,0,1996.0,no indicado,,0,0,81390860,14,1.0,Les Cabanyes,," , Les Cabanyes , Alt Penedès, Barcelona ",,"Alt Penedès, Barcelona",890,99.0,2019-04-12,215000,0,6.0,0,0,0,False,False,False,False,False,False,False,False,False,False,False,False,False,False,False,False,False,False,False,False,False,False,False,False,False
Anuncio actualizado el 10 de abril,1,1,2.0,0,0,1996.0,no indicado,,1,0,36141805,2,1.0,Pacs del Penedès,," , Pacs del Penedès , Alt Penedès, Barcelona ",,"Alt Penedès, Barcelona",200,99.0,2019-04-12,294000,0,3.0,0,0,1,False,True,False,False,False,False,True,False,False,False,False,False,False,False,False,False,False,False,False,False,False,False,False,False,False
Anuncio actualizado el 25 de junio,0,0,2.0,0,0,1996.0,en trámite,3 plantas,1,1,81548176,2,1.0,Sant Martí Sarroca,," , Sant Martí Sarroca , Alt Penedès, Barcelona ",,"Alt Penedès, Barcelona",1000,240.0,2019-04-12,295000,0,4.0,1,0,1,False,True,False,False,False,False,False,False,False,False,False,False,False,False,False,False,False,False,False,True,False,False,False,False,False
Anuncio actualizado el 26 de febrero,1,1,2.0,1,0,1996.0,,2 plantas,1,0,81724293,2,1.0,Sant Llorenç d'Hortons,"Paseo Circumval·lació, 14"," Paseo Circumval·lació, 14 , Sant Llorenç d'Hortons , Alt Penedès, Barcelona ",,"Alt Penedès, Barcelona",490,99.0,2019-04-12,150000,0,3.0,1,1,1,False,True,False,False,False,False,False,False,False,False,False,False,False,False,False,False,False,False,False,False,False,False,False,True,False
Anuncio actualizado el 12 de abril,0,0,1.0,0,0,1996.0,no indicado,1 planta,1,1,33203464,2,1.0,Subirats,"Calle dels pins, 9"," Calle dels pins, 9 , Subirats , Alt Penedès, Barcelona ",,"Alt Penedès, Barcelona",852,99.0,2019-04-12,120000,0,2.0,1,0,1,False,True,False,False,False,False,False,False,False,False,False,False,False,False,False,False,False,False,False,False,False,False,False,False,False
Anuncio actualizado el 30 de enero,0,1,2.0,0,0,2006.0,,planta 1ª exterior,0,0,82013187,3,0.0,Gelida,," , Gelida , Alt Penedès, Barcelona ",,"Alt Penedès, Barcelona",132,99.0,2019-04-12,227300,0,3.0,0,0,1,False,True,False,False,False,False,False,False,False,False,False,False,False,False,False,False,False,False,False,False,False,False,True,False,False
Anuncio actualizado el 7 de abril,0,1,2.0,0,0,1996.0,no indicado,2 plantas,0,1,82186849,2,1.0,Torrelles de Foix,"Camino castell de marmellar, 8"," Camino castell de marmellar, 8 , Torrelles de Foix , Alt Penedès, Barcelona ",,"Alt Penedès, Barcelona",478,99.0,2019-04-12,90000,0,4.0,1,0,0,False,True,False,False,False,False,False,False,False,False,False,False,False,False,False,False,False,False,False,False,False,False,False,False,False
Anuncio actualizado el 12 de abril,0,1,2.0,0,0,2007.0,no indicado,planta 3ª exterior,1,0,82489014,3,1.0,Sant Sadurní d'Anoia,," , Sant Sadurní d'Anoia , Alt Penedès, Barcelona ",,"Alt Penedès, Barcelona",130,99.0,2019-04-12,255000,0,3.0,1,0,1,False,True,False,False,False,False,False,False,False,False,False,False,False,False,False,False,False,False,False,False,False,False,False,False,False
Anuncio actualizado el 7 de abril,0,0,3.0,0,0,2000.0,no indicado,,0,0,39125975,2,1.0,Olèrdola,Urb. El Bosquet," Calle de Fontanilles, 12 , Urb. El Bosquet , Olèrdola , Alt Penedès, Barcelona ","Calle de Fontanilles, 12","Alt Penedès, Barcelona",750,99.0,2019-04-12,690000,0,3.0,0,0,0,False,True,False,False,False,False,False,False,False,False,False,False,False,False,False,False,False,False,False,False,False,False,False,False,False
Anuncio actualizado el 10 de abril,1,1,2.0,0,0,1996.0,en trámite,planta 1ª,1,0,82674855,0,1.0,Santa Margarida i els Monjos,," , Santa Margarida i els Monjos , Alt Penedès, Barcelona ",,"Alt Penedès, Barcelona",67,99.0,2019-04-12,125000,0,3.0,0,0,0,False,True,False,False,False,False,False,False,False,False,False,False,False,False,False,False,False,False,False,False,False,False,False,False,False
Anuncio actualizado el 3 de abril,0,0,2.0,0,0,1998.0,en trámite,bajo exterior,1,0,82750571,0,1.0,Santa Margarida i els Monjos,," , Santa Margarida i els Monjos , Alt Penedès, Barcelona ",,"Alt Penedès, Barcelona",84,99.0,2019-04-12,109000,0,3.0,0,0,0,False,True,False,False,False,False,False,False,False,False,False,False,False,False,False,False,False,False,False,False,False,False,False,False,False
Anuncio actualizado el 7 de abril,0,0,3.0,0,0,1996.0,no indicado,,0,0,82989960,2,1.0,Vilafranca del Penedès,Distrito La Girada," Rambla de la Girada, 1 , Distrito La Girada , Vilafranca del Penedès , Alt Penedès, Barcelona ","Rambla de la Girada, 1","Alt Penedès, Barcelona",750,467.0,2019-04-12,690000,0,3.0,0,0,0,False,True,False,False,False,False,False,False,False,False,False,False,False,False,False,False,False,False,False,False,False,False,False,False,False
Anuncio actualizado el 22 de noviembre,0,1,2.0,0,1,1996.0,no indicado,3 plantas,1,0,83174080,1,1.0,Subirats,"Calle Novença, 8"," Calle Novença, 8 , Subirats , Alt Penedès, Barcelona ",,"Alt Penedès, Barcelona",157,242.0,2019-04-12,116500,0,4.0,1,0,1,False,False,True,False,False,False,False,False,False,False,False,False,False,False,False,False,False,False,False,False,False,False,False,False,False
Anuncio actualizado el 25 de marzo,0,1,1.0,0,0,1965.0,en trámite,planta 4ª exterior,0,0,83542043,0,0.0,Vilafranca del Penedès,Distrito Centre Vila," , Distrito Centre Vila , Vilafranca del Penedès , Alt Penedès, Barcelona ",,"Alt Penedès, Barcelona",84,99.0,2019-04-12,69000,0,4.0,0,0,0,False,False,True,False,False,False,False,False,False,False,False,False,False,False,False,False,False,False,False,False,False,False,True,False,False
Anuncio actualizado el 20 de enero,1,1,3.0,0,0,1996.0,en trámite,2 plantas,1,0,83674308,4,1.0,Les Cabanyes,"Calle Vint-i-Tres, 80"," Calle Vint-i-Tres, 80 , Les Cabanyes , Alt Penedès, Barcelona ",,"Alt Penedès, Barcelona",200,99.0,2019-04-12,245000,0,4.0,0,0,1,False,True,False,False,False,False,False,False,False,False,False,False,False,False,False,False,False,False,True,False,False,False,False,False,False
Anuncio actualizado el 11 de marzo,0,0,2.0,0,0,1996.0,no indicado,planta 2ª exterior,0,0,1754544,3,1.0,Castellví de la Marca,"Calle Esport, 9"," Calle Esport, 9 , Castellví de la Marca , Alt Penedès, Barcelona ",,"Alt Penedès, Barcelona",80,68.0,2019-04-12,118000,0,2.0,1,0,1,False,True,False,False,False,False,False,False,False,False,False,False,False,False,False,False,False,False,False,False,False,False,False,False,False
Anuncio actualizado el 3 de enero,0,0,2.0,0,0,1996.0,en trámite,planta 1ª exterior,1,0,83734094,0,1.0,Sant Sadurní d'Anoia,," , Sant Sadurní d'Anoia , Alt Penedès, Barcelona ",,"Alt Penedès, Barcelona",85,75.0,2019-04-12,150000,1,4.0,1,0,0,False,True,False,False,False,False,False,False,False,True,False,False,False,False,False,False,False,False,False,False,False,False,False,False,False
Anuncio actualizado el 7 de abril,0,1,1.0,0,0,1996.0,,bajo exterior,0,0,83788442,0,0.0,Vilafranca del Penedès,Distrito Sant Julià," Calle de Sant Fèlix, 16 , Urb. edifició de 3 plantas y 3 pisos , Distrito Sant Julià , Vilafranca del Penedès , Alt Penedès, Barcelona ",Urb. edifició de 3 plantas y 3 pisos,"Alt Penedès, Barcelona",250,240.0,2019-04-12,285000,0,4.0,0,0,1,False,True,False,False,False,False,False,False,False,False,False,False,True,False,False,False,False,False,False,False,False,False,False,False,False
Anuncio actualizado el 14 de enero,0,0,1.0,0,0,1996.0,en trámite,bajo,0,0,83841241,0,0.0,Sant Llorenç d'Hortons,," , Sant Llorenç d'Hortons , Alt Penedès, Barcelona ",,"Alt Penedès, Barcelona",115,89.0,2019-04-12,105000,0,3.0,0,0,1,False,True,False,False,False,False,False,False,False,False,False,False,False,False,False,False,False,False,False,False,False,False,False,False,False
Anuncio actualizado el 15 de febrero,0,0,2.0,0,0,1996.0,en trámite,1 planta,1,0,83937042,4,1.0,Sant Pere de Riudebitlles,," , Sant Pere de Riudebitlles , Alt Penedès, Barcelona ",,"Alt Penedès, Barcelona",190,167.0,2019-04-12,128000,0,5.0,0,0,0,False,True,False,False,False,False,False,False,False,False,False,False,False,False,False,False,False,False,False,False,False,False,False,False,False
Anuncio actualizado el 12 de marzo,0,0,15.0,0,0,1996.0,no indicado,,0,0,84109069,2,1.0,Olèrdola,," , Olèrdola , Alt Penedès, Barcelona ",,"Alt Penedès, Barcelona",40975,2434.0,2019-04-12,1300000,0,15.0,0,1,1,False,False,True,False,False,False,False,False,False,False,False,False,False,False,False,False,False,False,False,False,False,False,False,False,False
Anuncio actualizado el 1 de febrero,0,0,2.0,1,0,1996.0,no indicado,3 plantas,1,1,36775248,14,1.0,Pacs del Penedès,"Camino Salinar, 140"," Camino Salinar, 140 , Pacs del Penedès , Alt Penedès, Barcelona ",,"Alt Penedès, Barcelona",370,99.0,2019-04-12,700000,0,4.0,1,0,1,False,True,False,False,False,False,False,False,False,False,False,False,False,False,False,False,False,False,False,False,False,False,False,False,False
Anuncio actualizado el 1 de febrero,0,0,4.0,0,0,1996.0,no indicado,,0,1,40053650,9,1.0,Vilafranca del Penedès,Distrito La Girada," , Distrito La Girada , Vilafranca del Penedès , Alt Penedès, Barcelona ",,"Alt Penedès, Barcelona",537,99.0,2019-04-12,450000,0,4.0,0,0,0,False,True,False,False,False,False,False,False,False,False,False,False,False,False,False,False,False,False,False,False,False,False,False,False,False
Anuncio actualizado el 21 de febrero,0,0,1.0,0,1,1996.0,no indicado,1 planta,0,1,35963022,6,1.0,Castellví de la Marca,Camino Cal Margarit s/n," Camino Cal Margarit s/n , Castellví de la Marca , Alt Penedès, Barcelona ",,"Alt Penedès, Barcelona",3000,99.0,2019-04-12,300000,0,3.0,0,1,0,False,True,False,False,False,False,False,False,False,False,False,False,False,False,False,False,False,False,False,False,False,False,False,False,False
Anuncio actualizado el 21 de febrero,0,0,2.0,0,1,1996.0,inmueble exento,4 plantas,1,0,35411993,1,1.0,Torrelavit,"Calle del Molí, 16"," Calle del Molí, 16 , Torrelavit , Alt Penedès, Barcelona ",,"Alt Penedès, Barcelona",296,99.0,2019-04-12,131000,0,4.0,1,0,0,False,True,False,False,False,False,False,False,False,False,False,False,False,False,False,False,False,False,False,False,False,False,False,False,False
Anuncio actualizado el 10 de abril,0,1,2.0,0,0,1996.0,en trámite,planta 4ª,1,0,84485690,0,1.0,Vilafranca del Penedès,Distrito Barceloneta - Molí d'En Rovira," , Distrito Barceloneta - Molí d'En Rovira , Vilafranca del Penedès , Alt Penedès, Barcelona ",,"Alt Penedès, Barcelona",80,99.0,2019-04-12,160000,0,3.0,0,0,0,False,True,False,False,False,False,True,False,False,False,False,False,False,False,False,False,False,False,False,False,False,False,False,False,False
Anuncio actualizado el 2 de abril,0,0,1.0,1,0,1996.0,,,0,0,39547228,0,1.0,Sant Quintí de Mediona,," , Sant Quintí de Mediona , Alt Penedès, Barcelona ",,"Alt Penedès, Barcelona",74,99.0,2019-04-12,62500,0,3.0,0,0,0,False,True,False,False,False,False,False,False,False,False,False,False,False,False,False,False,False,False,False,False,False,False,False,False,False
Anuncio actualizado el 27 de marzo,0,0,1.0,0,0,1996.0,,,0,0,38625809,4,1.0,Sant Quintí de Mediona,Calle de roques altes," Calle de roques altes , Sant Quintí de Mediona , Alt Penedès, Barcelona ",,"Alt Penedès, Barcelona",98,81.0,2019-04-12,41805,0,3.0,0,0,0,False,True,False,False,False,False,False,False,False,False,False,False,False,False,False,False,False,False,False,False,False,False,False,False,False
Anuncio actualizado el 6 de febrero,0,0,3.0,0,0,1996.0,no indicado,,0,1,81204490,13,1.0,Vilafranca del Penedès,Distrito Centre Vila," , Distrito Centre Vila , Vilafranca del Penedès , Alt Penedès, Barcelona ",,"Alt Penedès, Barcelona",52000,99.0,2019-04-12,900000,0,6.0,0,0,0,False,False,False,False,False,False,False,False,False,False,False,False,False,False,False,False,False,False,False,False,False,False,False,False,False
Anuncio actualizado el 27 de marzo,0,1,1.0,0,0,1996.0,en trámite,planta 3ª exterior,1,0,81521376,0,1.0,Vilafranca del Penedès,Distrito La Girada," Rambla de la Generalitat , Distrito La Girada , Vilafranca del Penedès , Alt Penedès, Barcelona ",Rambla de la Generalitat,"Alt Penedès, Barcelona",80,70.0,2019-04-12,175000,0,2.0,0,0,0,False,True,False,False,False,False,False,False,False,False,False,False,False,False,False,False,False,False,False,False,False,False,False,False,False
Anuncio actualizado el 16 de julio,0,0,2.0,0,0,1962.0,no indicado,,1,0,81530242,2,1.0,Sant Sadurní d'Anoia,Rambla de la Generalitat," Rambla de la Generalitat , Sant Sadurní d'Anoia , Alt Penedès, Barcelona ",,"Alt Penedès, Barcelona",156,5.0,2019-04-12,280000,0,4.0,0,0,0,False,True,False,False,False,False,False,False,False,False,False,False,False,False,False,False,False,False,False,False,False,True,False,False,False
Anuncio actualizado el 7 de febrero,0,0,1.0,0,0,1996.0,,,1,0,81871116,0,0.0,Torrelavit,," , Torrelavit , Alt Penedès, Barcelona ",,"Alt Penedès, Barcelona",96,99.0,2019-04-12,76000,0,3.0,0,0,0,False,False,False,False,False,False,False,False,False,False,False,False,False,False,False,False,False,False,False,False,False,False,False,False,False
Anuncio actualizado el 28 de septiembre,0,0,2.0,0,0,2003.0,,,1,1,82262127,9,1.0,Mediona,," , Mediona , Alt Penedès, Barcelona ",,"Alt Penedès, Barcelona",830,171.0,2019-04-12,189000,0,3.0,0,0,1,False,True,False,False,False,False,False,False,False,False,False,False,False,False,False,False,False,False,False,False,False,False,False,False,False
Anuncio actualizado el 28 de marzo,0,0,1.0,0,0,2007.0,no indicado,bajo exterior,1,0,82262134,0,1.0,Sant Pere de Riudebitlles,," , Sant Pere de Riudebitlles , Alt Penedès, Barcelona ",,"Alt Penedès, Barcelona",75,60.0,2019-04-12,99000,0,2.0,1,0,0,False,True,False,False,False,False,False,False,False,False,False,False,False,False,False,False,False,False,False,False,False,False,False,False,False
Anuncio actualizado el 9 de abril,1,0,2.0,1,0,2007.0,,planta 3ª exterior,1,0,82631418,3,1.0,Vilafranca del Penedès,Distrito Barceloneta - Molí d'En Rovira," Urb. Molí d'en rovira , Distrito Barceloneta - Molí d'En Rovira , Vilafranca del Penedès , Alt Penedès, Barcelona ",Urb. Molí d'en rovira,"Alt Penedès, Barcelona",139,112.0,2019-04-12,269000,0,4.0,1,0,0,False,True,False,False,False,False,False,False,False,False,False,False,False,False,False,False,False,False,False,False,False,False,False,False,False
Anuncio actualizado el 9 de abril,0,1,2.0,0,0,1920.0,,,1,0,82631550,9,1.0,Olèrdola,," , Olèrdola , Alt Penedès, Barcelona ",,"Alt Penedès, Barcelona",75,140.0,2019-04-12,169000,0,4.0,0,0,0,False,True,False,False,False,False,False,False,False,False,False,False,False,False,False,False,False,False,False,False,False,False,False,False,False
Anuncio actualizado el 9 de abril,1,0,2.0,0,0,1996.0,en trámite,planta 2ª exterior,1,0,82658991,0,1.0,Sant Martí Sarroca,," , Sant Martí Sarroca , Alt Penedès, Barcelona ",,"Alt Penedès, Barcelona",85,79.0,2019-04-12,127500,0,3.0,1,0,1,False,False,False,False,False,False,False,False,False,False,False,False,False,False,False,False,False,False,False,False,False,False,False,False,False
Anuncio actualizado el 9 de abril,0,1,2.0,0,0,1996.0,en trámite,planta 3ª exterior,0,0,82658998,0,0.0,Vilafranca del Penedès,Distrito L'Espirall," , Distrito L'Espirall , Vilafranca del Penedès , Alt Penedès, Barcelona ",,"Alt Penedès, Barcelona",92,89.0,2019-04-12,69000,0,4.0,0,0,0,False,False,False,False,False,False,False,False,False,False,False,False,False,False,False,False,False,False,False,False,False,False,False,False,False
Anuncio actualizado el 9 de abril,0,1,2.0,0,0,1981.0,en trámite,planta 1ª exterior,0,0,82728157,0,1.0,Sant Martí Sarroca,," , Sant Martí Sarroca , Alt Penedès, Barcelona ",,"Alt Penedès, Barcelona",129,125.0,2019-04-12,124000,0,4.0,1,0,1,False,False,True,False,False,False,False,False,False,False,False,False,False,False,False,False,False,False,False,False,False,False,False,False,False
Anuncio actualizado el 30 de enero,0,0,1.0,0,0,1996.0,en trámite,planta 1ª exterior,0,0,83005090,0,1.0,Vilafranca del Penedès,Distrito Sant Julià," Sant Pere , Distrito Sant Julià , Vilafranca del Penedès , Alt Penedès, Barcelona ",Sant Pere,"Alt Penedès, Barcelona",80,70.0,2019-04-12,130000,0,2.0,1,0,1,False,True,False,False,False,False,False,False,False,False,False,False,False,False,False,False,False,False,False,False,False,False,False,False,False
Anuncio actualizado el 8 de noviembre,0,0,2.0,0,0,1996.0,en trámite,planta 2ª exterior,1,0,83011502,0,1.0,Vilafranca del Penedès,Distrito Les Clotes," Antoni Mestres Jane , Distrito Les Clotes , Vilafranca del Penedès , Alt Penedès, Barcelona ",Antoni Mestres Jane,"Alt Penedès, Barcelona",100,90.0,2019-04-12,212500,0,3.0,0,0,0,False,True,False,False,False,False,False,False,False,False,False,False,False,False,False,False,False,False,False,False,False,False,False,False,False
Anuncio actualizado el 8 de noviembre,0,1,2.0,0,0,1996.0,en trámite,planta 2ª exterior,1,0,83011862,0,1.0,Vilafranca del Penedès,Distrito Barceloneta - Molí d'En Rovira," Pasaje de la Civada , Distrito Barceloneta - Molí d'En Rovira , Vilafranca del Penedès , Alt Penedès, Barcelona ",Pasaje de la Civada,"Alt Penedès, Barcelona",100,90.0,2019-04-12,175500,0,3.0,0,0,0,False,True,False,False,False,False,False,False,False,False,False,False,False,False,False,False,False,False,False,False,False,False,False,False,False
Anuncio actualizado el 28 de enero,0,1,2.0,0,0,1996.0,en trámite,planta 3ª exterior,1,0,83012309,0,1.0,Vilafranca del Penedès,Distrito Barceloneta - Molí d'En Rovira," Pere Alegret , Distrito Barceloneta - Molí d'En Rovira , Vilafranca del Penedès , Alt Penedès, Barcelona ",Pere Alegret,"Alt Penedès, Barcelona",80,70.0,2019-04-12,153000,0,2.0,0,0,0,False,True,False,False,False,False,False,False,False,False,False,False,False,False,False,False,False,False,False,False,False,False,False,False,False
Anuncio actualizado el 8 de noviembre,1,0,4.0,0,1,1996.0,en trámite,2 plantas,1,1,83015681,13,1.0,Sant Martí Sarroca,," , Sant Martí Sarroca , Alt Penedès, Barcelona ",,"Alt Penedès, Barcelona",7156,99.0,2019-04-12,450000,0,9.0,0,0,0,False,True,False,False,False,False,False,False,False,False,False,False,False,False,False,False,False,False,False,False,False,False,False,False,False
Anuncio actualizado el 8 de noviembre,0,0,2.0,0,0,1996.0,en trámite,3 plantas,1,1,83015685,2,1.0,Sant Quintí de Mediona,," , Sant Quintí de Mediona , Alt Penedès, Barcelona ",,"Alt Penedès, Barcelona",200,150.0,2019-04-12,180000,0,4.0,0,0,0,False,True,False,False,False,False,False,False,False,False,False,False,False,False,False,False,False,False,False,False,False,False,False,False,False
Anuncio actualizado el 8 de noviembre,0,0,2.0,0,0,1996.0,,2 plantas,0,0,83015759,2,1.0,Sant Martí Sarroca,," , Sant Martí Sarroca , Alt Penedès, Barcelona ",,"Alt Penedès, Barcelona",624,294.0,2019-04-12,330000,0,8.0,0,0,0,False,True,False,False,False,False,False,False,False,False,False,False,False,False,False,False,False,False,False,False,False,False,False,False,False
Anuncio actualizado el 24 de enero,0,0,1.0,0,0,1996.0,no indicado,1 planta,0,0,83015925,2,1.0,Avinyonet del Penedès,," , Avinyonet del Penedès , Alt Penedès, Barcelona ",,"Alt Penedès, Barcelona",850,99.0,2019-04-12,720000,0,1.0,0,0,0,False,True,False,False,False,False,False,False,False,False,False,False,False,False,False,False,False,False,False,False,False,False,False,False,False
Anuncio actualizado el 13 de febrero,0,0,3.0,0,0,1996.0,en trámite,3 plantas,1,1,83015929,2,1.0,Olèrdola,," , Olèrdola , Alt Penedès, Barcelona ",,"Alt Penedès, Barcelona",237,99.0,2019-04-12,260000,0,4.0,0,0,0,False,True,False,False,False,False,False,False,False,False,False,False,False,False,False,False,False,False,False,False,False,False,False,False,False
Anuncio actualizado el 8 de noviembre,0,0,2.0,0,0,1996.0,en trámite,2 plantas,1,1,83015999,2,1.0,Subirats,," , Subirats , Alt Penedès, Barcelona ",,"Alt Penedès, Barcelona",1880,99.0,2019-04-12,195000,0,3.0,0,0,0,False,True,False,False,False,False,False,False,False,False,False,False,False,False,False,False,False,False,False,False,False,False,False,False,False
Anuncio actualizado el 13 de febrero,0,0,1.0,0,0,1996.0,,1 planta,1,0,83016010,2,1.0,Torrelles de Foix,," , Torrelles de Foix , Alt Penedès, Barcelona ",,"Alt Penedès, Barcelona",924,106.0,2019-04-12,145000,0,4.0,0,0,0,False,True,False,False,False,False,False,False,False,False,False,False,False,False,False,False,False,False,False,False,False,False,False,False,False
Anuncio actualizado el 8 de noviembre,0,0,3.0,0,0,1996.0,en trámite,3 plantas,0,0,83016018,2,1.0,Sant Quintí de Mediona,," , Sant Quintí de Mediona , Alt Penedès, Barcelona ",,"Alt Penedès, Barcelona",119,190.0,2019-04-12,175000,0,3.0,0,0,0,False,True,False,False,False,False,False,False,False,False,False,False,False,False,False,False,False,False,False,False,False,False,False,False,False
Anuncio actualizado el 26 de noviembre,0,0,1.0,1,0,1996.0,,planta 14ª,0,0,83016104,0,1.0,Vilafranca del Penedès,Distrito La Girada," , Distrito La Girada , Vilafranca del Penedès , Alt Penedès, Barcelona ",,"Alt Penedès, Barcelona",117,94.0,2019-04-12,195000,0,2.0,0,0,0,False,True,False,False,False,False,False,False,False,False,False,False,False,False,False,False,False,False,False,False,False,False,False,False,False
Anuncio actualizado el 13 de febrero,0,0,1.0,0,0,1996.0,en trámite,1 planta,1,0,83016106,2,1.0,Vilafranca del Penedès,Distrito Poble Nou," , Distrito Poble Nou , Vilafranca del Penedès , Alt Penedès, Barcelona ",,"Alt Penedès, Barcelona",202,101.0,2019-04-12,270000,0,3.0,1,0,0,False,True,False,False,False,False,False,False,False,False,False,False,False,False,False,False,False,False,False,False,False,False,False,False,False
Anuncio actualizado el 8 de noviembre,0,0,2.0,0,0,1996.0,en trámite,1 planta,0,0,83016162,2,1.0,Torrelles de Foix,," , Torrelles de Foix , Alt Penedès, Barcelona ",,"Alt Penedès, Barcelona",652,99.0,2019-04-12,160000,0,3.0,1,0,0,False,True,False,False,False,False,False,False,False,False,False,False,False,False,False,False,False,False,False,False,False,False,False,False,False
Anuncio actualizado el 25 de enero,1,0,1.0,0,0,1996.0,en trámite,planta 1ª,1,0,83016169,0,1.0,Santa Margarida i els Monjos,," , Santa Margarida i els Monjos , Alt Penedès, Barcelona ",,"Alt Penedès, Barcelona",71,62.0,2019-04-12,148000,0,2.0,1,0,0,False,True,False,False,False,False,False,False,False,False,False,False,False,False,False,False,False,False,False,False,False,False,False,False,False
Anuncio actualizado el 8 de noviembre,0,0,3.0,0,0,1996.0,,1 planta,0,0,83016323,2,1.0,Olèrdola,," , Olèrdola , Alt Penedès, Barcelona ",,"Alt Penedès, Barcelona",227,182.0,2019-04-12,189500,0,5.0,0,0,0,False,True,False,False,False,False,False,False,False,False,False,False,False,False,False,False,False,False,False,False,False,False,False,False,False
Anuncio actualizado el 8 de noviembre,1,0,1.0,0,0,1996.0,en trámite,planta 1ª,1,0,83016336,0,0.0,Santa Margarida i els Monjos,," , Santa Margarida i els Monjos , Alt Penedès, Barcelona ",,"Alt Penedès, Barcelona",90,77.0,2019-04-12,132000,0,3.0,1,0,0,False,True,False,False,False,False,False,False,False,False,False,False,False,False,False,False,False,False,False,False,False,False,False,False,False
Anuncio actualizado el 6 de febrero,0,0,2.0,0,0,1996.0,en trámite,planta 4ª exterior,0,0,83027475,0,1.0,Vilafranca del Penedès,Distrito L'Espirall," Pasaje Lluis Matas , Distrito L'Espirall , Vilafranca del Penedès , Alt Penedès, Barcelona ",Pasaje Lluis Matas,"Alt Penedès, Barcelona",86,76.0,2019-04-12,87000,0,3.0,0,0,0,False,True,False,False,False,False,False,False,False,False,False,False,False,False,False,False,False,False,False,False,False,False,False,False,False
Anuncio actualizado el 30 de enero,0,0,1.0,0,0,1996.0,en trámite,,0,0,83050214,1,1.0,Font-Rubí,la rubiola," la rubiola , Font-Rubí , Alt Penedès, Barcelona ",,"Alt Penedès, Barcelona",80,70.0,2019-04-12,94000,0,3.0,0,0,1,False,True,False,False,False,False,False,False,False,False,False,False,False,False,False,False,False,False,False,False,False,False,False,False,False
Anuncio actualizado el 25 de marzo,0,0,1.0,0,0,1996.0,,planta 1ª,0,0,38662303,0,0.0,Torrelles de Foix,Calle el raval," Calle el raval , Torrelles de Foix , Alt Penedès, Barcelona ",,"Alt Penedès, Barcelona",47,35.0,2019-04-12,40000,0,2.0,0,0,0,False,True,False,False,False,False,False,False,False,False,False,False,False,False,False,False,False,False,False,False,False,False,False,False,False
Anuncio actualizado el 20 de noviembre,0,0,1.0,0,0,1996.0,,1 planta,1,1,83016444,2,1.0,Olèrdola,," , Olèrdola , Alt Penedès, Barcelona ",,"Alt Penedès, Barcelona",837,99.0,2019-04-12,155000,0,4.0,0,0,0,False,True,False,False,False,False,False,False,False,False,False,False,False,False,False,False,False,False,False,False,False,False,False,False,False
Anuncio actualizado el 7 de diciembre,0,0,2.0,0,0,1996.0,en trámite,,1,0,83217321,4,1.0,Torrelles de Foix,can croset," can croset , Torrelles de Foix , Alt Penedès, Barcelona ",,"Alt Penedès, Barcelona",132,122.0,2019-04-12,137000,0,4.0,0,0,1,False,True,False,False,False,False,False,False,False,False,False,False,False,False,False,False,False,False,False,False,False,False,False,False,False
Anuncio actualizado el 9 de abril,0,0,2.0,0,0,2010.0,en trámite,,1,1,83331354,9,1.0,Sant Martí Sarroca,," , Sant Martí Sarroca , Alt Penedès, Barcelona ",,"Alt Penedès, Barcelona",410,155.0,2019-04-12,270000,0,4.0,1,0,1,False,True,False,False,False,False,False,False,False,False,False,False,False,False,False,False,False,False,False,False,False,False,False,False,False
Anuncio actualizado el 9 de abril,1,1,2.0,0,0,2010.0,,exterior,0,0,83466340,0,1.0,Santa Margarida i els Monjos,," , Santa Margarida i els Monjos , Alt Penedès, Barcelona ",,"Alt Penedès, Barcelona",130,117.0,2019-04-12,185000,0,3.0,1,0,1,False,True,False,False,False,False,False,False,False,False,False,False,False,False,False,False,False,False,False,False,False,False,False,False,False
Anuncio actualizado el 9 de abril,1,1,2.0,0,0,2001.0,en trámite,planta 1ª exterior,1,0,83564606,0,1.0,Vilafranca del Penedès,Distrito Les Clotes," , Distrito Les Clotes , Vilafranca del Penedès , Alt Penedès, Barcelona ",,"Alt Penedès, Barcelona",128,115.0,2019-04-12,269500,0,4.0,1,0,1,False,True,False,False,False,False,False,False,False,False,False,False,False,False,False,False,False,False,False,False,False,False,False,False,False
Anuncio actualizado el 9 de abril,1,1,3.0,0,0,2008.0,,,1,1,83564607,9,1.0,Vilafranca del Penedès,Distrito Sant Julià," , Distrito Sant Julià , Vilafranca del Penedès , Alt Penedès, Barcelona ",,"Alt Penedès, Barcelona",417,386.0,2019-04-12,590000,0,4.0,1,0,1,False,False,False,False,False,False,False,False,False,False,False,False,False,False,False,False,False,False,False,False,False,False,False,False,False
Anuncio actualizado el 14 de febrero,0,0,2.0,0,0,1996.0,en trámite,,0,0,83886550,2,1.0,Torrelles de Foix,masia corral nou," masia corral nou , Torrelles de Foix , Alt Penedès, Barcelona ",,"Alt Penedès, Barcelona",120,110.0,2019-04-12,145000,0,4.0,0,0,0,False,True,False,False,False,False,False,False,False,False,False,False,False,False,False,False,False,False,False,False,False,False,False,False,False
Anuncio actualizado el 9 de abril,0,0,2.0,0,0,1996.0,en trámite,,1,1,83929367,14,1.0,Sant Martí Sarroca,," , Sant Martí Sarroca , Alt Penedès, Barcelona ",,"Alt Penedès, Barcelona",1400,250.0,2019-04-12,350000,0,4.0,1,1,1,False,False,False,False,False,False,False,False,False,False,False,False,False,False,False,False,False,False,False,False,False,False,False,False,False
Anuncio actualizado el 25 de enero,1,0,3.0,0,0,1996.0,en trámite,4 plantas,1,1,83016421,2,1.0,Sant Sadurní d'Anoia,," , Sant Sadurní d'Anoia , Alt Penedès, Barcelona ",,"Alt Penedès, Barcelona",109,99.0,2019-04-12,299000,0,3.0,0,0,0,False,True,False,False,False,False,False,False,False,False,False,False,False,False,False,False,False,False,False,False,False,False,False,False,False
Anuncio actualizado el 20 de febrero,0,0,2.0,0,0,1996.0,en trámite,3 plantas,1,0,83016468,2,1.0,Torrelles de Foix,," , Torrelles de Foix , Alt Penedès, Barcelona ",,"Alt Penedès, Barcelona",340,272.0,2019-04-12,90000,0,4.0,0,0,0,False,True,False,False,False,False,False,False,False,False,False,False,False,False,False,False,False,False,False,False,False,False,False,False,False
Anuncio actualizado el 9 de marzo,0,0,2.0,0,0,2006.0,,planta 1ª exterior,1,0,84075995,0,1.0,Gelida,," , Gelida , Alt Penedès, Barcelona ",,"Alt Penedès, Barcelona",89,72.0,2019-04-12,169000,0,3.0,1,0,0,False,True,False,False,False,False,False,False,False,False,False,False,False,False,False,False,False,False,False,False,False,False,False,False,False
Anuncio actualizado el 9 de abril,0,1,5.0,0,0,1890.0,en trámite,,1,1,84106506,14,1.0,Vilafranca del Penedès,Distrito Centre Vila," , Distrito Centre Vila , Vilafranca del Penedès , Alt Penedès, Barcelona ",,"Alt Penedès, Barcelona",40342,868.0,2019-04-12,770000,0,17.0,1,1,0,False,False,False,False,False,False,False,False,False,False,False,False,False,False,False,False,False,False,False,False,False,False,False,False,False
Anuncio actualizado el 2 de febrero,0,0,1.0,0,0,1996.0,en trámite,1 planta,1,1,83016455,2,1.0,Avinyonet del Penedès,," , Avinyonet del Penedès , Alt Penedès, Barcelona ",,"Alt Penedès, Barcelona",1086,83.0,2019-04-12,190000,0,3.0,0,0,0,False,True,False,False,False,False,False,False,False,False,False,False,False,False,False,False,False,False,False,False,False,False,False,False,False
Anuncio actualizado el 2 de febrero,0,0,2.0,0,0,1996.0,en trámite,,1,0,83016445,2,1.0,Pontons,," , Pontons , Alt Penedès, Barcelona ",,"Alt Penedès, Barcelona",1355,99.0,2019-04-12,240000,0,5.0,0,0,0,False,True,False,False,False,False,False,False,False,False,False,False,False,False,False,False,False,False,False,False,False,False,False,False,False
Anuncio actualizado el 6 de marzo,0,0,2.0,0,0,1970.0,no indicado,,0,0,84283810,9,1.0,Vilafranca del Penedès,Distrito Barceloneta - Molí d'En Rovira," , Distrito Barceloneta - Molí d'En Rovira , Vilafranca del Penedès , Alt Penedès, Barcelona ",,"Alt Penedès, Barcelona",345,178.0,2019-04-12,159000,0,4.0,0,0,1,False,False,False,False,False,False,False,False,False,False,False,False,False,False,False,False,False,False,False,False,False,False,False,False,False
Anuncio actualizado el 9 de abril,0,1,3.0,0,1,1800.0,en trámite,,0,1,84304405,14,1.0,Vilafranca del Penedès,Distrito Centre Vila," , Distrito Centre Vila , Vilafranca del Penedès , Alt Penedès, Barcelona ",,"Alt Penedès, Barcelona",45000,363.0,2019-04-12,927000,0,6.0,0,0,1,False,True,False,False,False,False,False,False,False,False,False,False,False,False,False,False,False,False,False,False,False,False,False,False,False
Anuncio actualizado el 1 de abril,0,0,2.0,0,0,1994.0,en trámite,planta 2ª,0,0,84325446,0,1.0,Sant Sadurní d'Anoia,," , Sant Sadurní d'Anoia , Alt Penedès, Barcelona ",,"Alt Penedès, Barcelona",163,96.0,2019-04-12,198000,0,4.0,0,0,0,False,False,False,False,False,False,False,False,False,False,False,False,False,False,False,False,False,False,False,False,False,False,False,False,False
Anuncio actualizado el 16 de marzo,0,0,1.0,0,0,1996.0,,bajo exterior,0,0,84389206,0,1.0,Vilafranca del Penedès,Distrito La Girada," , Distrito La Girada , Vilafranca del Penedès , Alt Penedès, Barcelona ",,"Alt Penedès, Barcelona",68,63.0,2019-04-12,140000,0,2.0,1,0,0,False,True,False,False,False,False,False,False,False,False,False,False,False,False,False,False,False,False,False,False,False,False,False,False,False
Anuncio actualizado el 6 de marzo,0,0,3.0,0,0,1996.0,en trámite,1 planta,0,0,83016287,2,1.0,Vilafranca del Penedès,Distrito Poble Nou," , Distrito Poble Nou , Vilafranca del Penedès , Alt Penedès, Barcelona ",,"Alt Penedès, Barcelona",165,135.0,2019-04-12,260000,0,4.0,0,0,0,False,True,False,False,False,False,False,False,False,False,False,False,False,False,False,False,False,False,False,False,False,False,False,False,False
Anuncio actualizado el 13 de marzo,0,1,1.0,0,0,1996.0,en trámite,planta 4ª exterior,0,0,84429099,0,0.0,Vilafranca del Penedès,Distrito Sant Julià," jaume balmes , Distrito Sant Julià , Vilafranca del Penedès , Alt Penedès, Barcelona ",jaume balmes,"Alt Penedès, Barcelona",100,90.0,2019-04-12,125900,0,3.0,0,0,0,False,False,True,False,True,False,False,False,False,False,False,False,False,False,False,False,False,False,False,False,False,False,True,False,False
Anuncio actualizado el 21 de marzo,1,0,1.0,1,0,1996.0,en trámite,bajo interior,0,0,84551042,0,1.0,Sant Martí Sarroca,," , Sant Martí Sarroca , Alt Penedès, Barcelona ",,"Alt Penedès, Barcelona",57,50.0,2019-04-12,49500,0,1.0,0,0,0,False,True,False,False,False,False,False,False,False,False,False,False,False,False,False,False,False,False,False,False,False,False,False,False,False
Anuncio actualizado el 25 de marzo,0,0,2.0,0,0,1996.0,,1 planta,0,1,84551045,2,1.0,Torrelles de Foix,," , Torrelles de Foix , Alt Penedès, Barcelona ",,"Alt Penedès, Barcelona",886,80.0,2019-04-12,130000,0,3.0,0,0,0,False,True,False,False,False,False,False,False,False,False,False,False,False,False,False,False,False,False,False,False,False,False,False,False,False
Anuncio actualizado el 11 de abril,0,0,2.0,0,0,1995.0,inmueble exento,,1,1,84677077,2,1.0,Mediona,," , Mediona , Alt Penedès, Barcelona ",,"Alt Penedès, Barcelona",463,99.0,2019-04-12,250000,0,6.0,1,1,1,False,True,False,False,False,False,False,False,False,True,False,False,False,False,False,False,False,False,False,False,False,False,True,False,False
Anuncio actualizado el 16 de marzo,0,0,1.0,1,0,1996.0,,planta 1ª,0,0,84688043,0,1.0,Vilafranca del Penedès,Distrito Poble Nou," Calle de Montblanc , Distrito Poble Nou , Vilafranca del Penedès , Alt Penedès, Barcelona ",Calle de Montblanc,"Alt Penedès, Barcelona",88,99.0,2019-04-12,136000,0,2.0,0,0,0,False,True,False,False,False,False,False,False,False,False,False,False,False,False,False,False,False,False,False,False,False,False,False,False,False
Anuncio actualizado el 19 de marzo,0,0,1.0,0,0,1951.0,en trámite,planta 3ª exterior,0,0,84725375,0,0.0,Vilafranca del Penedès,Distrito Centre Vila," Plaza Milà i Fontanals , Distrito Centre Vila , Vilafranca del Penedès , Alt Penedès, Barcelona ",Plaza Milà i Fontanals,"Alt Penedès, Barcelona",70,66.0,2019-04-12,75000,0,3.0,0,0,0,False,True,False,False,False,False,False,False,False,False,False,False,False,False,False,False,False,False,False,False,False,True,False,False,False
Anuncio actualizado el 6 de abril,0,0,1.0,0,0,1978.0,,,0,0,32381276,2,1.0,Pontons,," , Pontons , Alt Penedès, Barcelona ",,"Alt Penedès, Barcelona",787,91.0,2019-04-12,93000,0,3.0,0,0,0,False,True,False,False,False,False,False,False,False,False,False,False,False,False,False,False,False,False,False,False,False,False,False,False,False
Anuncio actualizado el 18 de marzo,1,0,2.0,0,0,1996.0,no indicado,bajo exterior,0,0,2013924,0,1.0,Sant Llorenç d'Hortons,Urb. sant joan samora," Calle del Sol, 2 , Urb. sant joan samora , Sant Llorenç d'Hortons , Alt Penedès, Barcelona ","Calle del Sol, 2","Alt Penedès, Barcelona",125,70.0,2019-04-12,199000,0,2.0,1,0,1,False,True,False,False,False,False,False,False,False,False,False,False,False,False,False,False,False,False,False,False,False,False,False,False,False
Anuncio actualizado el 22 de enero,0,0,1.0,0,0,1996.0,no indicado,1 planta,0,0,39021241,2,1.0,Torrelles de Foix,Urb. planas de las torres," Calle Horténsia, 3 , Urb. planas de las torres , Torrelles de Foix , Alt Penedès, Barcelona ","Calle Horténsia, 3","Alt Penedès, Barcelona",1000,55.0,2019-04-12,100000,0,2.0,1,0,1,False,True,False,False,False,False,False,False,False,False,False,False,False,False,False,False,False,False,False,False,False,False,False,False,False
Anuncio actualizado el 19 de marzo,0,0,4.0,0,0,1996.0,,,0,0,39134536,9,1.0,Sant Pere de Riudebitlles,," , Sant Pere de Riudebitlles , Alt Penedès, Barcelona ",,"Alt Penedès, Barcelona",198,190.0,2019-04-12,92400,0,4.0,0,0,0,False,False,False,False,False,False,False,False,False,False,False,False,False,False,False,False,False,False,False,False,False,False,False,False,False
Anuncio actualizado el 27 de marzo,0,0,3.0,1,0,2007.0,,,1,0,39612724,9,1.0,Santa Margarida i els Monjos,," , Santa Margarida i els Monjos , Alt Penedès, Barcelona ",,"Alt Penedès, Barcelona",263,250.0,2019-04-12,265000,0,4.0,1,1,1,False,False,False,False,False,False,False,False,False,False,False,False,False,False,False,False,False,False,False,False,False,False,True,False,False
Anuncio actualizado el 4 de marzo,0,0,1.0,0,0,1996.0,en trámite,,0,0,40209432,8,1.0,Sant Quintí de Mediona,Ramon y Cajal s/n," Ramon y Cajal s/n , Sant Quintí de Mediona , Alt Penedès, Barcelona ",,"Alt Penedès, Barcelona",331,336.0,2019-04-12,130000,0,14.0,1,0,1,False,False,True,False,False,False,False,False,False,False,False,False,False,False,False,False,False,False,False,False,False,False,True,False,False
Anuncio actualizado el 8 de febrero,0,1,2.0,1,0,1996.0,en trámite,,1,1,40295712,2,1.0,Sant Quintí de Mediona,Roques Altes s/n," Roques Altes s/n , Sant Quintí de Mediona , Alt Penedès, Barcelona ",,"Alt Penedès, Barcelona",390,271.0,2019-04-12,210000,0,6.0,1,0,1,False,True,False,False,False,False,False,False,False,False,False,False,False,False,False,False,False,False,False,False,False,False,True,False,False
Anuncio actualizado el 29 de noviembre,0,1,2.0,1,0,1996.0,en trámite,,1,1,40296441,4,1.0,Sant Pere de Riudebitlles,Calle de Sant Quinti s/n," Calle de Sant Quinti s/n , Sant Pere de Riudebitlles , Alt Penedès, Barcelona ",,"Alt Penedès, Barcelona",420,415.0,2019-04-12,390000,0,3.0,1,0,1,False,True,False,False,False,False,False,False,False,False,False,False,False,False,False,False,False,False,False,False,False,False,True,False,False
Anuncio actualizado el 4 de marzo,0,0,1.0,0,0,1996.0,en trámite,3 plantas,0,0,82413376,4,1.0,Sant Pere de Riudebitlles,Plaza Esglesia s/n," Plaza Esglesia s/n , Sant Pere de Riudebitlles , Alt Penedès, Barcelona ",,"Alt Penedès, Barcelona",162,159.0,2019-04-12,72000,0,6.0,1,0,1,False,True,False,False,False,False,False,False,False,False,False,False,False,False,False,False,False,False,False,False,False,False,True,False,False
Anuncio actualizado el 12 de marzo,0,0,2.0,0,0,2015.0,,2 plantas,1,1,82598808,4,1.0,El Pla del Penedès,," , El Pla del Penedès , Alt Penedès, Barcelona ",,"Alt Penedès, Barcelona",169,99.0,2019-04-12,260000,0,4.0,0,0,1,False,True,False,False,False,False,False,False,False,False,False,False,False,False,False,False,False,False,False,False,False,False,False,False,False
Anuncio actualizado el 10 de diciembre,0,0,1.0,0,0,1996.0,en trámite,,1,1,82614599,2,1.0,Torrelles de Foix,Can Cruset s/n," Can Cruset s/n , Torrelles de Foix , Alt Penedès, Barcelona ",,"Alt Penedès, Barcelona",340,210.0,2019-04-12,69000,0,3.0,1,0,1,False,False,True,False,False,False,False,False,False,False,False,False,False,False,False,False,False,False,False,False,False,False,True,False,False
Anuncio actualizado el 19 de marzo,0,0,2.0,0,0,1996.0,inmueble exento,planta 2ª,0,0,37828066,0,1.0,Mediona,"Calle de les Escoles, 5"," Calle de les Escoles, 5 , Mediona , Alt Penedès, Barcelona ",,"Alt Penedès, Barcelona",158,122.0,2019-04-12,131595,0,4.0,0,0,0,False,False,False,False,False,False,False,False,False,False,False,False,False,False,False,False,False,False,False,False,False,False,False,False,False
Anuncio actualizado el 19 de marzo,0,0,1.0,0,0,1996.0,no indicado,planta 2ª,0,0,81311072,0,1.0,Torrelles de Foix,"Calle de Sant Quintí, 2"," Calle de Sant Quintí, 2 , Torrelles de Foix , Alt Penedès, Barcelona ",,"Alt Penedès, Barcelona",96,75.0,2019-04-12,77115,0,3.0,0,0,0,False,False,False,False,False,False,False,False,False,False,False,False,False,False,False,False,False,False,False,False,False,False,False,False,False
Anuncio actualizado el 11 de marzo,1,0,2.0,1,0,1996.0,en trámite,,1,1,84046723,4,1.0,Santa Margarida i els Monjos,Rambla Penyafel s/n," Rambla Penyafel s/n , Santa Margarida i els Monjos , Alt Penedès, Barcelona ",,"Alt Penedès, Barcelona",164,160.0,2019-04-12,229000,0,4.0,1,0,1,False,True,False,False,False,False,False,False,False,True,False,False,False,False,False,False,False,False,False,False,False,False,True,False,False
Anuncio actualizado el 20 de marzo,1,0,1.0,1,0,1996.0,en trámite,planta 2ª exterior,0,0,84148740,0,0.0,Mediona,Calle Canaletes s/n," Calle Canaletes s/n , Mediona , Alt Penedès, Barcelona ",,"Alt Penedès, Barcelona",80,78.0,2019-04-12,70000,0,3.0,1,0,1,False,True,False,False,False,False,False,False,True,False,False,False,False,False,False,False,False,False,False,False,False,False,True,False,False
Anuncio actualizado el 26 de marzo,0,1,1.0,0,0,1996.0,,planta 1ª exterior,0,0,84288273,0,1.0,Torrelles de Foix,"Carrera Pontons, 12"," Carrera Pontons, 12 , Torrelles de Foix , Alt Penedès, Barcelona ",,"Alt Penedès, Barcelona",50,99.0,2019-04-12,45000,0,1.0,1,0,0,False,True,False,False,False,False,False,False,False,False,False,False,False,False,False,False,False,False,False,False,False,False,True,False,False
Anuncio actualizado el 28 de marzo,0,0,2.0,1,0,1996.0,en trámite,,0,1,84547130,4,1.0,Mediona,"Calle Orient, 52"," Calle Orient, 52 , Mediona , Alt Penedès, Barcelona ",,"Alt Penedès, Barcelona",230,220.0,2019-04-12,180000,0,5.0,1,0,1,False,True,False,False,False,False,False,False,False,True,False,False,False,False,False,False,False,False,False,False,False,False,True,False,False
Anuncio actualizado el 30 de marzo,0,0,2.0,0,0,1996.0,,,1,0,84552611,13,1.0,Font-Rubí,"Calle de I'Alt Penedès, 25"," Calle de I'Alt Penedès, 25 , Font-Rubí , Alt Penedès, Barcelona ",,"Alt Penedès, Barcelona",200,99.0,2019-04-12,500514,0,4.0,0,1,0,False,False,False,False,False,False,False,False,False,False,False,False,False,False,False,False,False,False,False,False,False,False,False,False,False
Anuncio actualizado el 18 de marzo,0,1,4.0,0,0,1996.0,en trámite,,0,1,84576922,8,1.0,Sant Quintí de Mediona,Joan Sarda s/n," Joan Sarda s/n , Sant Quintí de Mediona , Alt Penedès, Barcelona ",,"Alt Penedès, Barcelona",608,576.0,2019-04-12,210000,0,14.0,1,0,1,False,True,False,False,False,False,False,False,False,False,False,False,False,False,False,False,False,False,False,False,False,False,True,False,False
Anuncio actualizado el 10 de abril,1,1,3.0,1,0,2007.0,no indicado,,1,1,84755340,9,1.0,Santa Margarida i els Monjos,," , Santa Margarida i els Monjos , Alt Penedès, Barcelona ",,"Alt Penedès, Barcelona",269,250.0,2019-04-12,265000,0,4.0,0,1,1,False,True,False,False,False,False,False,False,False,False,False,False,False,False,False,False,False,False,False,False,False,False,False,False,False
Anuncio actualizado el 9 de abril,0,1,1.0,0,0,1900.0,inmueble exento,,0,1,84837053,9,1.0,Sant Cugat Sesgarrigues,," , Sant Cugat Sesgarrigues , Alt Penedès, Barcelona ",,"Alt Penedès, Barcelona",245,279.0,2019-04-12,160000,0,5.0,1,0,1,False,False,True,False,False,False,False,False,False,False,False,False,False,False,False,False,False,False,False,False,False,False,False,False,False
Anuncio actualizado el 28 de marzo,0,1,1.0,0,0,1996.0,en trámite,2 plantas,1,1,84855516,2,1.0,Mediona,Urb. la font del bosh," barcelona s/n , Urb. la font del bosh , Mediona , Alt Penedès, Barcelona ",barcelona s/n,"Alt Penedès, Barcelona",600,130.0,2019-04-12,260000,0,3.0,1,0,1,False,True,False,False,False,True,False,False,False,False,False,False,False,False,False,False,False,False,False,False,False,False,False,False,False
Anuncio actualizado el 31 de marzo,1,0,1.0,0,0,1996.0,no indicado,bajo exterior,1,0,1884178,0,1.0,Sant Sadurní d'Anoia,"Calle Montserrat, 116"," Calle Montserrat, 116 , Sant Sadurní d'Anoia , Alt Penedès, Barcelona ",,"Alt Penedès, Barcelona",95,65.0,2019-04-12,153000,0,2.0,0,0,1,False,True,False,False,False,False,False,False,False,False,False,False,False,False,False,False,False,False,False,False,False,False,False,False,False
Anuncio actualizado el 1 de abril,1,1,2.0,0,0,1996.0,en trámite,2 plantas,1,1,1927840,2,1.0,Subirats,Urb. casablanca sud.," Calle Cal Senyoret, 26 , Urb. casablanca sud. , Subirats , Alt Penedès, Barcelona ","Calle Cal Senyoret, 26","Alt Penedès, Barcelona",795,180.0,2019-04-12,215000,0,3.0,1,1,1,False,True,False,False,False,False,False,False,False,False,True,False,True,False,False,False,False,False,False,False,False,False,False,False,False
Anuncio actualizado el 7 de abril,1,0,1.0,1,0,1996.0,no indicado,1 planta,1,0,2000579,2,1.0,Subirats,Urb. CAN ROSSELL," Can Xicarro, 4 , Urb. CAN ROSSELL , Subirats , Alt Penedès, Barcelona ","Can Xicarro, 4","Alt Penedès, Barcelona",800,90.0,2019-04-12,260000,0,3.0,1,1,0,False,True,False,False,False,False,False,False,False,False,False,False,False,False,True,False,False,False,False,False,False,False,False,False,False
Anuncio actualizado el 3 de febrero,1,0,1.0,1,0,1996.0,no indicado,bajo exterior,1,1,418550,0,1.0,Gelida,"Calle Molí Nou, 1"," Calle Molí Nou, 1 , Gelida , Alt Penedès, Barcelona ",,"Alt Penedès, Barcelona",50,99.0,2019-04-12,126000,0,1.0,1,0,1,False,True,False,False,False,False,False,False,False,False,False,False,False,False,False,False,False,False,False,False,False,False,False,False,False
Anuncio actualizado el 5 de mayo,0,0,2.0,0,0,1996.0,no indicado,,1,0,1508459,2,1.0,Subirats,Calle del comte de lavern," Calle del comte de lavern , Subirats , Alt Penedès, Barcelona ",,"Alt Penedès, Barcelona",60,169.0,2019-04-12,45000,0,4.0,0,0,0,False,False,True,False,False,False,False,False,False,False,False,False,False,False,False,False,False,False,False,False,False,False,True,False,False
Anuncio actualizado el 8 de abril,0,1,7.0,0,0,1996.0,,3 plantas,1,1,26133257,4,1.0,Torrelles de Foix,"C/El Raval, 60"," C/El Raval, 60 , Torrelles de Foix , Alt Penedès, Barcelona ",,"Alt Penedès, Barcelona",160,150.0,2019-04-12,124950,1,6.0,1,0,1,False,True,False,False,False,False,False,False,False,False,False,False,False,False,False,False,False,False,False,True,False,False,False,False,False
Anuncio actualizado el 11 de marzo,0,0,1.0,0,0,1996.0,no indicado,1 planta,1,1,26177731,2,1.0,Mediona,Urb. Can Verdaguer," de Sant Joan de Mediona, 338 , Urb. Can Verdaguer , Mediona , Alt Penedès, Barcelona ","de Sant Joan de Mediona, 338","Alt Penedès, Barcelona",670,80.0,2019-04-12,188000,0,3.0,1,0,1,False,True,False,False,False,False,False,False,False,False,False,False,False,False,False,False,False,False,False,False,False,False,False,True,False
Anuncio actualizado el 7 de abril,1,1,3.0,1,0,1996.0,,2 plantas,1,1,27038575,2,1.0,Torrelles de Foix,Urb. Can Coral," Olivera, 18 , Urb. Can Coral , Torrelles de Foix , Alt Penedès, Barcelona ","Olivera, 18","Alt Penedès, Barcelona",800,240.0,2019-04-12,215000,0,5.0,1,0,1,False,True,False,False,False,False,True,False,False,False,False,False,False,False,False,False,False,False,False,False,False,False,False,True,False
Anuncio actualizado el 10 de abril,0,0,1.0,0,0,1996.0,no indicado,,0,1,26485998,15,1.0,Torrelles de Foix,Urb. can coral," Desmai s/n , Urb. can coral , Torrelles de Foix , Alt Penedès, Barcelona ",Desmai s/n,"Alt Penedès, Barcelona",675,99.0,2019-04-12,66000,0,3.0,0,0,0,False,True,False,False,False,False,False,False,False,False,False,False,True,False,False,False,False,False,False,False,False,False,False,False,False
Anuncio actualizado el 7 de abril,1,0,2.0,0,0,2003.0,en trámite,2 plantas,1,1,29270876,2,1.0,Mediona,Urb. LA FONT DEL BOSC," Calle Cadí, 110 , Urb. LA FONT DEL BOSC , Mediona , Alt Penedès, Barcelona ","Calle Cadí, 110","Alt Penedès, Barcelona",450,170.0,2019-04-12,180000,0,4.0,1,0,1,False,True,False,False,False,False,False,False,True,False,False,False,False,False,False,False,False,True,False,False,False,False,False,False,False
Anuncio actualizado el 22 de enero,0,0,4.0,1,0,1996.0,no indicado,3 plantas,1,1,26996410,2,1.0,La Granada,"Calle de Pau Casals, 18"," Calle de Pau Casals, 18 , La Granada , Alt Penedès, Barcelona ",,"Alt Penedès, Barcelona",200,220.0,2019-04-12,260000,0,5.0,1,1,1,False,True,False,False,False,False,False,False,False,False,False,False,False,False,False,False,False,False,False,False,False,False,False,False,False
Anuncio actualizado el 29 de noviembre,0,0,2.0,0,0,1996.0,no indicado,,0,1,30409322,9,1.0,Sant Quintí de Mediona,," , Sant Quintí de Mediona , Alt Penedès, Barcelona ",,"Alt Penedès, Barcelona",905,410.0,2019-04-12,190000,0,8.0,0,0,0,False,False,False,False,False,False,False,False,False,False,False,False,False,False,False,False,False,False,False,False,False,False,False,False,False
Anuncio actualizado el 7 de abril,1,0,2.0,1,0,2005.0,en trámite,bajo exterior,1,0,31753762,0,1.0,Subirats,"Calle de la verge de montserrat, 6"," Calle de la verge de montserrat, 6 , Subirats , Alt Penedès, Barcelona ",,"Alt Penedès, Barcelona",130,119.0,2019-04-12,179500,1,3.0,0,0,0,False,True,False,False,False,False,False,False,False,False,False,False,False,False,False,False,False,False,False,False,False,False,False,False,False
Anuncio actualizado el 9 de diciembre,1,0,2.0,1,0,1996.0,no indicado,planta 1ª interior,0,0,33130647,0,1.0,Vilafranca del Penedès,Distrito Les Clotes," Calle de sant jordi, 1 , Distrito Les Clotes , Vilafranca del Penedès , Alt Penedès, Barcelona ","Calle de sant jordi, 1","Alt Penedès, Barcelona",130,99.0,2019-04-12,185000,0,3.0,1,0,0,False,True,False,False,False,False,False,False,False,False,False,False,False,False,False,False,False,False,False,False,False,False,False,False,False
Anuncio actualizado el 5 de mayo,0,0,1.0,1,0,1900.0,no indicado,planta 2ª exterior,0,0,35486101,0,0.0,Torrelavit,Calle major," Calle major , Torrelavit , Alt Penedès, Barcelona ",,"Alt Penedès, Barcelona",53,99.0,2019-04-12,60000,0,2.0,0,0,0,False,False,False,False,False,False,False,False,False,False,False,False,False,False,False,False,False,False,False,False,False,False,False,False,False
Anuncio actualizado el 3 de julio,0,0,4.0,0,0,1996.0,no indicado,,1,0,35880157,9,1.0,Vilafranca del Penedès,Distrito Sant Julià," , Distrito Sant Julià , Vilafranca del Penedès , Alt Penedès, Barcelona ",,"Alt Penedès, Barcelona",450,99.0,2019-04-12,525000,0,4.0,0,0,0,False,False,False,False,False,False,False,False,False,False,False,False,False,False,False,False,False,False,False,False,False,False,False,False,False
Anuncio actualizado el 5 de septiembre,0,0,2.0,0,0,1996.0,no indicado,,0,0,36913841,0,1.0,Vilafranca del Penedès,Distrito Sant Julià," , Distrito Sant Julià , Vilafranca del Penedès , Alt Penedès, Barcelona ",,"Alt Penedès, Barcelona",200,100.0,2019-04-12,186000,0,4.0,0,0,0,False,False,False,False,False,False,False,False,False,False,False,False,False,False,False,False,False,False,False,False,False,False,False,False,False
Anuncio actualizado el 22 de junio,1,0,3.0,1,0,2017.0,no indicado,planta 2ª exterior,0,0,37316688,0,1.0,Sant Sadurní d'Anoia,Calle de sant antoni," Calle de sant antoni , Sant Sadurní d'Anoia , Alt Penedès, Barcelona ",,"Alt Penedès, Barcelona",130,110.0,2019-04-12,235500,0,5.0,1,0,0,False,False,False,False,False,False,False,False,False,False,False,False,False,False,False,False,False,False,False,False,False,False,False,False,False
Anuncio actualizado el 22 de junio,1,0,2.0,1,0,2017.0,no indicado,planta 1ª exterior,0,0,37316707,0,1.0,Sant Sadurní d'Anoia,Calle de sant antoni," Calle de sant antoni , Sant Sadurní d'Anoia , Alt Penedès, Barcelona ",,"Alt Penedès, Barcelona",74,99.0,2019-04-12,165600,0,3.0,1,0,0,False,False,False,False,False,False,False,False,False,False,False,False,False,False,False,False,False,False,False,False,False,False,False,False,False
Anuncio actualizado el 28 de marzo,0,0,1.0,0,0,1996.0,,planta 1ª exterior,0,0,40574327,0,1.0,Pontons,"Calle de Dalt, 8"," Calle de Dalt, 8 , Pontons , Alt Penedès, Barcelona ",,"Alt Penedès, Barcelona",50,40.0,2019-04-12,39000,0,1.0,0,0,0,False,True,False,False,False,False,False,False,True,False,False,False,False,False,False,False,False,False,False,False,False,False,True,False,False
Anuncio actualizado el 29 de noviembre,0,0,2.0,0,0,1996.0,no indicado,,0,0,81326259,9,1.0,Font-Rubí,," , Font-Rubí , Alt Penedès, Barcelona ",,"Alt Penedès, Barcelona",200,110.0,2019-04-12,175000,0,3.0,0,0,0,False,False,False,False,False,False,False,False,False,False,False,False,False,False,False,False,False,False,False,False,False,False,False,False,False
Anuncio actualizado el 9 de abril,0,0,2.0,0,0,1996.0,,planta 2ª,0,0,81423994,0,0.0,Vilafranca del Penedès,Distrito Les Clotes," Calle de l'Escorxador , Distrito Les Clotes , Vilafranca del Penedès , Alt Penedès, Barcelona ",Calle de l'Escorxador,"Alt Penedès, Barcelona",103,85.0,2019-04-12,78481,0,3.0,0,0,0,False,True,False,False,False,False,False,False,False,False,False,False,False,False,False,False,False,False,False,False,False,False,False,False,False
Anuncio actualizado el 16 de julio,0,0,1.0,0,0,1975.0,no indicado,planta 3ª exterior,0,0,29601522,0,0.0,Sant Sadurní d'Anoia,Calle subirats," Calle subirats , Sant Sadurní d'Anoia , Alt Penedès, Barcelona ",,"Alt Penedès, Barcelona",70,99.0,2019-04-12,100000,0,3.0,0,0,0,False,True,False,False,False,False,False,False,False,False,False,False,False,False,False,False,False,False,False,False,False,False,True,False,False
Anuncio actualizado el 2 de abril,0,1,1.0,1,0,1974.0,en trámite,2 plantas,1,1,81722869,2,1.0,Torrelles de Foix,"Calle Noguera, 19"," Calle Noguera, 19 , Torrelles de Foix , Alt Penedès, Barcelona ",,"Alt Penedès, Barcelona",1000,125.0,2019-04-12,80500,0,3.0,1,0,1,False,True,False,False,False,True,False,False,False,False,False,False,False,False,False,False,False,False,False,False,False,False,False,True,False
Anuncio actualizado el 24 de marzo,0,0,1.0,0,0,1996.0,,,1,1,81783958,2,1.0,Avinyonet del Penedès,"Calle Can Nicolau, 118"," Calle Can Nicolau, 118 , Avinyonet del Penedès , Alt Penedès, Barcelona ",,"Alt Penedès, Barcelona",1500,70.0,2019-04-12,145990,0,2.0,0,0,0,False,True,False,False,False,False,False,False,False,False,False,False,False,False,False,False,False,False,False,False,False,False,False,False,False
Anuncio actualizado el 28 de marzo,1,0,2.0,0,1,1996.0,inmueble exento,1 planta,1,1,82325279,6,1.0,Subirats,casa Font s/n," casa Font s/n , Subirats , Alt Penedès, Barcelona ",,"Alt Penedès, Barcelona",30000,80.0,2019-04-12,95000,0,4.0,0,0,1,False,False,True,False,False,True,False,False,False,False,False,False,False,False,False,False,False,False,False,False,False,False,False,False,False
Anuncio actualizado el 8 de abril,0,0,2.0,0,0,1996.0,en trámite,,0,0,38445497,4,1.0,La Granada,"Vilafranca, 14"," Vilafranca, 14 , La Granada , Alt Penedès, Barcelona ",,"Alt Penedès, Barcelona",244,234.0,2019-04-12,200000,0,3.0,0,0,0,False,True,False,False,False,False,False,False,False,False,False,False,False,False,False,False,False,False,False,False,False,False,False,False,False
Anuncio actualizado el 8 de abril,0,1,3.0,1,0,1996.0,,2 plantas,1,1,83093459,2,1.0,Font-Rubí,Urb. Urbanización Font Rubí," FONT RUBÍ, 356 Carrermajor , Urb. Urbanización Font Rubí , Font-Rubí , Alt Penedès, Barcelona ","FONT RUBÍ, 356 Carrermajor","Alt Penedès, Barcelona",1700,285.0,2019-04-12,600000,0,4.0,1,1,1,False,True,False,False,False,False,False,False,False,False,False,False,True,False,False,False,False,False,False,False,False,False,False,False,False
Anuncio actualizado el 6 de marzo,0,0,1.0,0,0,1996.0,,,0,0,82474240,2,1.0,Mediona,Calle Vic," Calle Vic , Mediona , Alt Penedès, Barcelona ",,"Alt Penedès, Barcelona",118,99.0,2019-04-12,93000,0,2.0,0,0,0,False,True,False,False,False,False,False,False,False,False,False,False,False,False,False,False,False,False,False,False,False,False,False,False,False
Anuncio actualizado el 4 de diciembre,0,0,2.0,1,0,1996.0,no indicado,planta 2ª exterior,1,0,83331902,0,1.0,Vilafranca del Penedès,Distrito Sant Julià," Calle d'Eugeni d'Ors, 6 , Distrito Sant Julià , Vilafranca del Penedès , Alt Penedès, Barcelona ","Calle d'Eugeni d'Ors, 6","Alt Penedès, Barcelona",97,95.0,2019-04-12,235000,0,3.0,1,0,1,False,True,False,False,False,False,False,False,False,False,False,False,False,False,False,False,False,False,False,False,False,False,False,False,False
Anuncio actualizado el 9 de abril,0,0,2.0,0,0,1996.0,,,0,0,83383553,2,1.0,Subirats,SENYORET," SENYORET , Subirats , Alt Penedès, Barcelona ",,"Alt Penedès, Barcelona",261,99.0,2019-04-12,127228,0,3.0,0,0,0,False,True,False,False,False,False,False,False,False,False,False,False,False,False,False,False,False,False,False,False,False,False,False,False,False
Anuncio actualizado el 6 de febrero,0,0,1.0,0,0,1996.0,,3 plantas,0,0,83495307,2,1.0,Mediona,Calle Girona," Calle Girona , Mediona , Alt Penedès, Barcelona ",,"Alt Penedès, Barcelona",118,60.0,2019-04-12,93000,0,2.0,0,1,0,False,False,True,False,False,False,False,False,False,False,False,False,False,False,False,False,False,False,False,False,False,False,False,False,False
Anuncio actualizado el 29 de marzo,0,1,2.0,0,0,2008.0,en trámite,planta 2ª exterior,0,0,83656772,3,1.0,Sant Sadurní d'Anoia,Plaza Montseny," Plaza Montseny , Sant Sadurní d'Anoia , Alt Penedès, Barcelona ",,"Alt Penedès, Barcelona",100,78.0,2019-04-12,158000,0,3.0,1,0,1,False,True,False,False,False,False,False,False,False,True,False,False,True,False,False,False,False,False,False,False,False,False,False,False,False
Anuncio actualizado el 22 de enero,0,0,1.0,0,0,1987.0,no indicado,planta 1ª exterior,0,0,83936592,0,0.0,Sant Sadurní d'Anoia,Calle de l'Empordà," Calle de l'Empordà , Sant Sadurní d'Anoia , Alt Penedès, Barcelona ",,"Alt Penedès, Barcelona",74,60.0,2019-04-12,89000,0,3.0,1,0,0,False,True,False,False,False,False,False,False,False,False,False,False,False,False,False,False,False,False,False,False,False,False,False,False,True
Anuncio actualizado el 27 de marzo,0,0,2.0,0,0,1996.0,,,0,0,82537986,3,1.0,Vilafranca del Penedès,Distrito Barceloneta - Molí d'En Rovira," Passatge del Modernisme , Distrito Barceloneta - Molí d'En Rovira , Vilafranca del Penedès , Alt Penedès, Barcelona ",Passatge del Modernisme,"Alt Penedès, Barcelona",132,100.0,2019-04-12,195000,0,3.0,0,0,0,False,True,False,False,False,False,False,False,False,False,False,False,False,False,False,False,False,False,False,False,False,False,False,False,False
Anuncio actualizado el 1 de abril,0,0,1.0,0,0,1968.0,no indicado,planta 5ª exterior,0,0,39642365,5,0.0,Vilafranca del Penedès,Distrito Centre Vila," Calle d'Igualada, 5 , Distrito Centre Vila , Vilafranca del Penedès , Alt Penedès, Barcelona ","Calle d'Igualada, 5","Alt Penedès, Barcelona",80,60.0,2019-04-12,105000,0,3.0,0,0,1,False,True,False,False,False,False,False,False,False,False,False,False,False,True,False,False,False,False,False,False,False,False,False,False,False
Anuncio actualizado el 7 de abril,1,1,2.0,1,0,1996.0,no indicado,planta 1ª exterior,1,0,84216097,0,1.0,Sant Sadurní d'Anoia,"Calle de València, 17"," Calle de València, 17 , Sant Sadurní d'Anoia , Alt Penedès, Barcelona ",,"Alt Penedès, Barcelona",143,134.0,2019-04-12,153000,0,4.0,1,0,1,False,True,False,False,False,False,False,False,False,True,False,False,False,False,False,False,False,False,False,False,False,True,False,False,False
Anuncio actualizado el 25 de febrero,0,0,2.0,0,0,1996.0,no indicado,2 plantas,1,1,36658992,2,1.0,Olèrdola,Urb. Olèrdola," Calle Muntanya de Papiol, 1 , Urb. Olèrdola , Olèrdola , Alt Penedès, Barcelona ","Calle Muntanya de Papiol, 1","Alt Penedès, Barcelona",694,240.0,2019-04-12,272000,0,4.0,1,0,1,False,True,False,False,False,False,False,False,False,False,False,False,False,False,False,False,False,False,False,False,False,False,False,False,True
Anuncio actualizado el 27 de marzo,0,0,1.0,0,0,1996.0,,,0,0,84473487,0,0.0,Vilafranca del Penedès,Distrito L'Espirall," Calle de Mossèn Coy , Distrito L'Espirall , Vilafranca del Penedès , Alt Penedès, Barcelona ",Calle de Mossèn Coy,"Alt Penedès, Barcelona",284,53.0,2019-04-12,68200,0,2.0,0,0,0,False,True,False,False,False,False,False,False,False,False,False,False,False,False,False,False,False,False,False,False,False,False,False,False,False
Anuncio actualizado el 7 de abril,1,1,1.0,0,0,2004.0,en trámite,planta 1ª exterior,1,1,82114288,0,1.0,Gelida,"Ronda francesc macià, 39"," Ronda francesc macià, 39 , Gelida , Alt Penedès, Barcelona ",,"Alt Penedès, Barcelona",64,60.0,2019-04-12,137000,0,1.0,1,0,0,False,True,False,False,False,False,True,False,False,False,False,False,False,False,False,False,False,True,False,False,False,False,False,False,False
Anuncio actualizado el 3 de abril,0,0,2.0,0,0,1996.0,,,1,0,34133935,4,1.0,Les Cabanyes,Calle vuit," Calle vuit , Les Cabanyes , Alt Penedès, Barcelona ",,"Alt Penedès, Barcelona",149,99.0,2019-04-12,170000,0,3.0,0,0,1,False,False,False,False,False,False,False,False,False,False,False,False,False,False,False,False,False,False,False,False,False,False,False,False,False
Anuncio actualizado el 5 de abril,0,0,1.0,0,0,1996.0,,bajo,1,0,40446522,0,1.0,Sant Pere de Riudebitlles,Urb. Canigó," Calle del Canigó, 26 , Urb. Canigó , Sant Pere de Riudebitlles , Alt Penedès, Barcelona ","Calle del Canigó, 26","Alt Penedès, Barcelona",71,99.0,2019-04-12,99200,0,3.0,0,0,0,False,False,False,False,False,False,False,False,False,False,False,False,False,False,False,False,False,False,False,False,False,False,False,False,False
Anuncio actualizado el 8 de abril,0,0,2.0,0,0,1967.0,,planta 2ª exterior,0,0,84975735,0,0.0,Vilafranca del Penedès,Distrito L'Espirall," , Distrito L'Espirall , Vilafranca del Penedès , Alt Penedès, Barcelona ",,"Alt Penedès, Barcelona",79,70.0,2019-04-12,72000,0,3.0,0,0,1,False,False,True,False,False,False,False,False,False,False,False,False,False,False,False,False,False,False,False,False,False,False,False,False,False
Anuncio actualizado el 4 de abril,0,0,1.0,0,0,1996.0,,,0,0,33019506,0,0.0,Mediona,bv-2136," bv-2136 , Mediona , Alt Penedès, Barcelona ",,"Alt Penedès, Barcelona",86,68.0,2019-04-12,111000,0,2.0,0,0,0,False,True,False,False,False,False,False,False,False,False,False,False,False,False,False,False,False,False,False,False,False,False,False,False,False
Anuncio actualizado el 23 de febrero,0,0,2.0,0,0,1996.0,,,0,0,38568153,0,0.0,Vilafranca del Penedès,Distrito Les Clotes," Calle de peguera , Distrito Les Clotes , Vilafranca del Penedès , Alt Penedès, Barcelona ",Calle de peguera,"Alt Penedès, Barcelona",117,99.0,2019-04-12,117000,0,4.0,0,0,0,False,True,False,False,False,False,False,False,False,False,False,False,False,False,False,False,False,False,False,False,False,False,False,False,False
Anuncio actualizado el 22 de marzo,0,0,4.0,0,0,1996.0,,,0,0,81766153,2,1.0,Sant Pere de Riudebitlles,Calle Vilafranca," Calle Vilafranca , Sant Pere de Riudebitlles , Alt Penedès, Barcelona ",,"Alt Penedès, Barcelona",198,190.0,2019-04-12,92400,0,4.0,0,0,0,False,True,False,False,False,False,False,False,False,False,False,False,False,False,False,False,False,False,False,False,False,False,False,False,False
Anuncio actualizado el 28 de diciembre,0,0,2.0,0,0,1890.0,,,1,0,82383569,4,1.0,Sant Pere de Riudebitlles,," , Sant Pere de Riudebitlles , Alt Penedès, Barcelona ",,"Alt Penedès, Barcelona",170,170.0,2019-04-12,128000,0,5.0,0,0,1,False,True,False,False,False,False,False,False,False,False,False,False,False,False,False,False,False,False,False,False,False,False,False,False,False
Anuncio actualizado el 22 de febrero,0,0,1.0,1,0,1996.0,,,0,0,82468094,0,1.0,Vilafranca del Penedès,Distrito Sant Julià," , Distrito Sant Julià , Vilafranca del Penedès , Alt Penedès, Barcelona ",,"Alt Penedès, Barcelona",91,69.0,2019-04-12,89000,0,4.0,0,0,0,False,True,False,False,False,False,False,False,False,False,False,False,False,False,False,False,False,False,False,False,False,False,False,False,False
Anuncio actualizado el 5 de febrero,0,0,2.0,1,0,1996.0,,,0,0,82577969,9,1.0,Torrelles de Foix,," , Torrelles de Foix , Alt Penedès, Barcelona ",,"Alt Penedès, Barcelona",186,152.0,2019-04-12,82000,0,6.0,0,0,1,False,True,False,False,False,False,False,False,False,False,False,False,False,False,False,False,False,False,False,False,False,False,False,False,False
Anuncio actualizado el 10 de abril,0,0,1.0,0,0,1996.0,,planta 1ª,0,0,84152592,0,1.0,Vilafranca del Penedès,Distrito L'Espirall," , Distrito L'Espirall , Vilafranca del Penedès , Alt Penedès, Barcelona ",,"Alt Penedès, Barcelona",74,60.0,2019-04-12,68000,0,3.0,0,0,0,False,False,False,False,False,False,False,False,False,False,False,False,False,False,False,False,False,False,False,False,False,False,False,False,False
Anuncio actualizado el 5 de abril,0,0,1.0,0,0,1996.0,,planta 5ª exterior,1,0,84451519,0,1.0,Vilafranca del Penedès,Distrito Poble Nou," , Distrito Poble Nou , Vilafranca del Penedès , Alt Penedès, Barcelona ",,"Alt Penedès, Barcelona",110,100.0,2019-04-12,147260,0,4.0,0,0,0,False,True,False,False,False,False,False,False,False,False,False,False,False,False,False,False,False,False,False,False,False,False,False,False,False
Anuncio actualizado el 12 de marzo,0,0,3.0,0,0,1996.0,,planta 2ª,1,0,84492932,0,0.0,Santa Margarida i els Monjos,Calle del Canigó," Calle del Canigó , Santa Margarida i els Monjos , Alt Penedès, Barcelona ",,"Alt Penedès, Barcelona",110,99.0,2019-04-12,199400,0,4.0,1,1,0,False,True,False,False,False,False,False,False,False,False,False,False,False,False,False,False,False,False,False,False,False,False,False,False,False
Anuncio actualizado el 11 de abril,0,0,2.0,1,0,1996.0,,,0,1,85010817,9,1.0,Gelida,," , Gelida , Alt Penedès, Barcelona ",,"Alt Penedès, Barcelona",89,99.0,2019-04-12,174000,0,4.0,0,0,0,False,True,False,False,False,False,False,False,False,False,False,False,False,False,False,False,False,False,False,False,False,False,False,False,False
Anuncio actualizado el 20 de noviembre,1,0,6.0,1,1,1996.0,no indicado,2 plantas,1,1,38713854,10,1.0,Avinyonet del Penedès,Arboçar de Baix," Arboçar de Baix , Avinyonet del Penedès , Alt Penedès, Barcelona ",,"Alt Penedès, Barcelona",600,99.0,2019-04-12,1200000,0,5.0,1,1,1,False,True,False,False,False,False,False,False,False,False,False,False,False,False,False,False,False,False,False,False,False,False,True,False,False
Anuncio actualizado el 4 de octubre,0,1,2.0,0,0,2000.0,no indicado,,1,1,82281415,2,1.0,Pontons,," , Pontons , Alt Penedès, Barcelona ",,"Alt Penedès, Barcelona",1237,150.0,2019-04-12,150000,0,4.0,1,0,1,False,True,False,False,False,False,False,False,False,False,False,False,False,False,False,False,False,False,False,False,False,False,True,False,False
Anuncio actualizado el 20 de marzo,0,0,2.0,0,0,1996.0,,,1,1,82496634,9,1.0,Mediona,," , Mediona , Alt Penedès, Barcelona ",,"Alt Penedès, Barcelona",1500,140.0,2019-04-12,138000,0,3.0,1,1,1,False,True,False,False,False,False,False,False,False,False,False,False,False,False,False,False,False,False,False,False,False,False,True,False,False
Anuncio actualizado el 11 de abril,1,0,4.0,1,1,1996.0,,,0,1,82857543,1,1.0,Sant Martí Sarroca,," , Sant Martí Sarroca , Alt Penedès, Barcelona ",,"Alt Penedès, Barcelona",608,345.0,2019-04-12,450000,0,5.0,1,1,1,False,True,False,False,False,False,False,False,False,False,False,False,False,False,False,False,False,False,False,False,False,False,True,False,False
Anuncio actualizado el 7 de abril,0,1,3.0,1,1,1938.0,,,0,1,82857516,6,1.0,Sant Martí Sarroca,," , Sant Martí Sarroca , Alt Penedès, Barcelona ",,"Alt Penedès, Barcelona",3180,235.0,2019-04-12,532250,1,5.0,1,0,1,False,True,False,False,False,False,False,False,False,False,False,False,False,False,False,False,False,False,False,False,False,False,True,False,False
Anuncio actualizado el 7 de abril,0,1,2.0,1,0,1998.0,,,0,1,82857510,9,1.0,Vilafranca del Penedès,Distrito Poble Nou," , Distrito Poble Nou , Vilafranca del Penedès , Alt Penedès, Barcelona ",,"Alt Penedès, Barcelona",290,260.0,2019-04-12,325000,0,4.0,1,0,1,False,True,False,False,False,False,False,False,False,False,False,False,False,False,False,False,False,False,False,False,False,False,False,True,False
Anuncio actualizado el 7 de abril,1,1,3.0,1,0,2006.0,,,0,1,82857502,4,1.0,Vilafranca del Penedès,Distrito Sant Julià," , Distrito Sant Julià , Vilafranca del Penedès , Alt Penedès, Barcelona ",,"Alt Penedès, Barcelona",400,302.0,2019-04-12,632000,0,6.0,1,1,1,False,True,False,False,False,False,False,False,False,False,False,False,False,False,False,False,False,False,False,False,False,False,True,False,False
Anuncio actualizado el 7 de abril,0,1,2.0,0,1,1920.0,,,0,1,82977638,1,1.0,Avinyonet del Penedès,," , Avinyonet del Penedès , Alt Penedès, Barcelona ",,"Alt Penedès, Barcelona",459,200.0,2019-04-12,160000,0,7.0,0,0,0,False,True,False,False,False,False,False,False,False,False,False,False,False,False,False,False,False,False,False,False,False,False,True,False,False
Anuncio actualizado el 11 de enero,0,0,1.0,0,0,1968.0,,planta 1ª exterior,0,0,83235484,0,0.0,Vilafranca del Penedès,Distrito L'Espirall," Espirall, 13 , Distrito L'Espirall , Vilafranca del Penedès , Alt Penedès, Barcelona ","Espirall, 13","Alt Penedès, Barcelona",76,70.0,2019-04-12,79900,0,3.0,1,0,0,False,False,True,False,False,False,False,False,False,False,False,False,False,False,False,False,False,False,False,False,False,False,False,False,False
Anuncio actualizado el 11 de abril,1,0,2.0,1,0,2004.0,,planta 5ª,0,0,84222760,0,1.0,Vilafranca del Penedès,Distrito La Girada," , Distrito La Girada , Vilafranca del Penedès , Alt Penedès, Barcelona ",,"Alt Penedès, Barcelona",75,70.0,2019-04-12,165000,1,3.0,0,0,1,False,True,False,False,False,False,False,False,False,False,False,False,False,False,False,False,False,False,False,False,False,False,False,True,False
Anuncio actualizado el 7 de abril,0,0,9.0,1,0,1718.0,,,0,1,84257962,9,1.0,Avinyonet del Penedès,," , Avinyonet del Penedès , Alt Penedès, Barcelona ",,"Alt Penedès, Barcelona",1000,960.0,2019-04-12,720000,0,5.0,1,1,1,False,True,False,False,False,False,False,False,False,False,False,False,False,False,False,False,False,False,False,False,False,False,False,False,False
Anuncio actualizado el 7 de abril,0,0,2.0,1,0,1887.0,,,0,1,84416788,9,1.0,Subirats,," , Subirats , Alt Penedès, Barcelona ",,"Alt Penedès, Barcelona",768,275.0,2019-04-12,520000,1,6.0,1,1,1,False,True,False,False,False,False,False,False,False,False,False,False,False,False,False,False,False,False,False,False,False,False,True,False,False
Anuncio actualizado el 9 de abril,1,1,1.0,0,0,1996.0,no indicado,planta 1ª exterior,1,0,84614705,0,1.0,Vilafranca del Penedès,Distrito L'Espirall," Avenida de la Pelegrina, 20 , Distrito L'Espirall , Vilafranca del Penedès , Alt Penedès, Barcelona ","Avenida de la Pelegrina, 20","Alt Penedès, Barcelona",98,78.0,2019-04-12,135000,0,3.0,0,0,1,False,True,False,False,False,False,False,False,False,False,False,False,False,False,False,False,False,False,False,False,False,False,True,False,False
Anuncio actualizado el 2 de abril,0,0,2.0,0,0,1985.0,,planta 3ª exterior,0,0,84671587,0,1.0,Vilafranca del Penedès,Distrito Centre Vila," , Distrito Centre Vila , Vilafranca del Penedès , Alt Penedès, Barcelona ",,"Alt Penedès, Barcelona",109,89.0,2019-04-12,116000,0,4.0,1,0,0,False,True,False,False,False,False,False,False,False,False,False,False,False,False,False,False,False,False,False,False,False,False,False,False,False
Anuncio actualizado el 11 de abril,0,0,1.0,0,0,1990.0,en trámite,,0,1,84724351,8,1.0,Gelida,," , Gelida , Alt Penedès, Barcelona ",,"Alt Penedès, Barcelona",106,99.0,2019-04-12,154100,0,2.0,0,0,1,False,False,True,False,False,False,False,False,False,False,False,False,True,False,False,False,False,False,False,False,False,False,False,False,False
Anuncio actualizado el 22 de marzo,0,0,1.0,0,0,1996.0,no indicado,,1,0,84739672,6,1.0,Pontons,Carretera bv-2441 s/n," Carretera bv-2441 s/n , Pontons , Alt Penedès, Barcelona ",,"Alt Penedès, Barcelona",850,99.0,2019-04-12,115000,0,3.0,0,0,0,False,True,False,False,False,False,False,False,False,False,False,False,False,False,False,False,False,False,False,False,False,False,False,False,False
Anuncio actualizado el 23 de marzo,0,0,1.0,0,0,1996.0,no indicado,,0,0,84779549,4,1.0,Avinyonet del Penedès,Calle Doctor Parellada," Calle Doctor Parellada , Avinyonet del Penedès , Alt Penedès, Barcelona ",,"Alt Penedès, Barcelona",85,99.0,2019-04-12,180000,0,3.0,0,0,0,False,False,False,False,False,False,False,False,False,False,False,False,False,False,False,False,False,False,False,False,False,False,False,False,False
Anuncio actualizado el 11 de abril,1,1,1.0,0,0,1997.0,en trámite,planta 2ª exterior,1,0,84852566,3,1.0,Santa Margarida i els Monjos,," , Santa Margarida i els Monjos , Alt Penedès, Barcelona ",,"Alt Penedès, Barcelona",126,99.0,2019-04-12,130000,0,3.0,0,0,0,False,True,False,False,False,False,False,False,False,False,False,False,True,False,False,False,False,False,False,False,False,False,False,False,False
Anuncio actualizado el 5 de abril,0,1,1.0,0,0,1820.0,no indicado,planta 2ª,0,0,84952143,0,0.0,Gelida,," , Gelida , Alt Penedès, Barcelona ",,"Alt Penedès, Barcelona",60,54.0,2019-04-12,109000,0,2.0,1,0,1,False,True,False,False,False,False,False,False,False,False,False,False,False,False,False,False,False,False,True,False,False,False,False,False,False
Anuncio actualizado el 4 de marzo,0,1,2.0,1,0,1996.0,en trámite,2 plantas,1,0,84502562,4,1.0,Torrelavit,"Calle Canigó, 7"," Calle Canigó, 7 , Torrelavit , Alt Penedès, Barcelona ",,"Alt Penedès, Barcelona",120,99.0,2019-04-12,240000,0,4.0,0,0,1,False,True,False,False,False,False,False,False,False,False,False,False,False,False,False,False,False,False,False,False,False,False,False,False,False
Anuncio actualizado el 7 de abril,0,1,2.0,1,0,1996.0,,2 plantas,1,1,32922580,2,1.0,Pontons,Urb. La Ponderosa," Avenida paisos catalans, 19 , Urb. La Ponderosa , Pontons , Alt Penedès, Barcelona ","Avenida paisos catalans, 19","Alt Penedès, Barcelona",595,140.0,2019-04-12,100000,0,4.0,1,1,1,False,True,False,False,False,False,True,False,False,False,False,False,False,False,False,False,False,False,False,False,False,False,False,False,False
Anuncio actualizado el 30 de octubre,0,0,1.0,1,0,1996.0,en trámite,1 planta,0,1,30461953,2,1.0,Mediona,"Font del Bosc, 144"," Font del Bosc, 144 , Mediona , Alt Penedès, Barcelona ",,"Alt Penedès, Barcelona",617,80.0,2019-04-12,180000,0,3.0,0,0,1,False,True,False,False,False,False,False,False,False,False,False,False,False,False,False,False,False,False,False,True,False,False,False,False,False
Anuncio actualizado el 8 de marzo,0,0,10.0,1,0,1996.0,en trámite,,1,1,37579532,14,1.0,Olèrdola,," , Olèrdola , Alt Penedès, Barcelona ",,"Alt Penedès, Barcelona",40000,99.0,2019-04-12,1300000,0,15.0,1,1,1,False,False,True,False,False,False,False,False,False,False,False,False,False,False,False,False,False,False,False,False,False,False,False,False,False
Anuncio actualizado el 5 de abril,0,0,2.0,0,0,1996.0,,,0,0,39203824,4,1.0,Sant Pere de Riudebitlles,Urb. 73672-0001," Calle del call, 9 , Urb. 73672-0001 , Sant Pere de Riudebitlles , Alt Penedès, Barcelona ","Calle del call, 9","Alt Penedès, Barcelona",156,99.0,2019-04-12,39600,0,2.0,0,0,0,False,False,False,False,False,False,False,False,False,False,False,False,False,False,False,False,False,False,False,False,False,False,False,False,False
Anuncio actualizado el 11 de marzo,0,0,2.0,0,0,1996.0,en trámite,3 plantas,1,1,82670822,2,1.0,Font-Rubí,," , Font-Rubí , Alt Penedès, Barcelona ",,"Alt Penedès, Barcelona",2700,180.0,2019-04-12,290000,0,4.0,0,0,1,False,True,False,False,False,False,False,False,False,False,False,False,False,False,False,False,False,False,False,False,False,False,False,False,False
Anuncio actualizado el 14 de marzo,0,0,3.0,0,0,1996.0,,3 plantas,0,0,83016513,2,1.0,Vilafranca del Penedès,Distrito Centre Vila," , Distrito Centre Vila , Vilafranca del Penedès , Alt Penedès, Barcelona ",,"Alt Penedès, Barcelona",248,240.0,2019-04-12,188000,0,8.0,0,0,0,False,False,True,False,False,False,False,False,False,False,False,False,False,False,False,False,False,False,False,False,False,False,False,False,False
Anuncio actualizado el 17 de marzo,1,0,2.0,0,0,1996.0,en trámite,planta 5ª exterior,1,0,83914122,0,1.0,Vilafranca del Penedès,Distrito Sant Julià," Calle d'Eugeni d'Ors, 29 , Distrito Sant Julià , Vilafranca del Penedès , Alt Penedès, Barcelona ","Calle d'Eugeni d'Ors, 29","Alt Penedès, Barcelona",110,99.0,2019-04-12,210000,0,4.0,1,0,1,False,True,False,False,False,False,False,False,False,True,False,False,False,False,False,False,False,False,False,False,False,False,False,False,False
Anuncio actualizado el 12 de abril,0,1,3.0,0,0,2006.0,,planta 2ª exterior,1,0,84392397,3,0.0,Santa Margarida i els Monjos,Calle del Canigó," Calle del Canigó , Santa Margarida i els Monjos , Alt Penedès, Barcelona ",,"Alt Penedès, Barcelona",134,110.0,2019-04-12,199400,0,4.0,1,1,1,False,True,False,False,False,False,False,False,False,False,False,False,False,False,False,False,False,False,False,False,False,False,False,False,False
Anuncio actualizado el 10 de abril,0,0,1.0,0,0,1996.0,en trámite,,0,0,84628521,2,1.0,Torrelles de Foix,Avenida can coral," Avenida can coral , Torrelles de Foix , Alt Penedès, Barcelona ",,"Alt Penedès, Barcelona",182,172.0,2019-04-12,90000,0,2.0,0,0,0,False,True,False,False,False,False,False,False,False,False,False,False,False,False,False,False,False,False,False,False,False,False,False,False,False
Anuncio actualizado el 22 de marzo,0,1,2.0,0,0,1996.0,en trámite,planta 3ª exterior,0,0,84633928,0,1.0,Vilafranca del Penedès,Distrito Les Clotes," beneficiencia , Distrito Les Clotes , Vilafranca del Penedès , Alt Penedès, Barcelona ",beneficiencia,"Alt Penedès, Barcelona",110,100.0,2019-04-12,116000,0,4.0,1,0,0,False,True,False,False,False,False,False,False,False,False,False,False,False,False,False,False,False,False,False,False,False,False,False,False,False
Anuncio actualizado el 10 de abril,0,0,2.0,0,0,1996.0,en trámite,planta 4ª,1,0,84688050,0,1.0,Vilafranca del Penedès,Distrito Poble Nou," , Distrito Poble Nou , Vilafranca del Penedès , Alt Penedès, Barcelona ",,"Alt Penedès, Barcelona",147,120.0,2019-04-12,168000,0,5.0,1,0,0,False,True,False,False,False,False,False,False,False,False,False,False,False,False,False,False,False,False,False,False,False,False,False,False,False
Anuncio actualizado el 11 de abril,0,0,1.0,1,0,1996.0,,1 planta,0,1,84730557,2,1.0,Olèrdola,," , Olèrdola , Alt Penedès, Barcelona ",,"Alt Penedès, Barcelona",846,147.0,2019-04-12,215000,0,5.0,0,0,0,False,True,False,False,False,False,False,False,False,False,False,False,False,False,False,False,False,False,False,False,False,False,False,False,False
Anuncio actualizado el 20 de marzo,1,0,3.0,0,0,1996.0,en trámite,1 planta,1,0,84744986,2,1.0,Les Cabanyes,," , Les Cabanyes , Alt Penedès, Barcelona ",,"Alt Penedès, Barcelona",130,99.0,2019-04-12,246000,0,4.0,0,0,0,False,True,False,False,False,False,False,False,False,False,False,False,False,False,False,False,False,False,False,False,False,False,False,False,False
Anuncio actualizado el 9 de abril,1,0,18.0,0,0,1996.0,en trámite,,1,1,84761318,14,1.0,Vilafranca del Penedès,Distrito Centre Vila," , Distrito Centre Vila , Vilafranca del Penedès , Alt Penedès, Barcelona ",,"Alt Penedès, Barcelona",2800,1100.0,2019-04-12,1300000,0,30.0,0,1,1,False,False,False,False,False,False,False,False,False,False,False,False,False,False,False,False,False,False,False,False,False,False,False,False,False
Anuncio actualizado el 9 de abril,1,0,2.0,0,0,1996.0,en trámite,exterior,1,0,84761337,0,1.0,Vilafranca del Penedès,Distrito Les Clotes," , Distrito Les Clotes , Vilafranca del Penedès , Alt Penedès, Barcelona ",,"Alt Penedès, Barcelona",95,85.0,2019-04-12,195000,0,3.0,1,0,1,False,True,False,False,False,False,False,False,False,False,False,False,False,False,False,False,False,False,False,False,False,False,False,False,False
Anuncio actualizado el 9 de abril,0,0,2.0,0,1,1996.0,en trámite,,1,1,84809302,14,1.0,Vilafranca del Penedès,Distrito Centre Vila," , Distrito Centre Vila , Vilafranca del Penedès , Alt Penedès, Barcelona ",,"Alt Penedès, Barcelona",200,206.0,2019-04-12,350000,0,6.0,1,0,1,False,True,False,False,False,False,False,False,False,False,False,False,False,False,False,False,False,False,False,False,False,False,False,False,False
Anuncio actualizado el 27 de marzo,0,1,2.0,0,0,1996.0,en trámite,planta 2ª exterior,1,0,84835261,0,1.0,Vilafranca del Penedès,Distrito La Girada," Ronda de mar , Distrito La Girada , Vilafranca del Penedès , Alt Penedès, Barcelona ",Ronda de mar,"Alt Penedès, Barcelona",100,90.0,2019-04-12,230000,0,4.0,0,0,0,False,True,False,False,False,False,False,False,False,False,False,False,False,False,False,False,False,False,False,False,False,False,True,False,False
Anuncio actualizado el 30 de marzo,0,0,2.0,0,0,1996.0,,1 planta,1,1,84765905,2,1.0,Sant Martí Sarroca,," , Sant Martí Sarroca , Alt Penedès, Barcelona ",,"Alt Penedès, Barcelona",341,260.0,2019-04-12,139000,0,5.0,0,0,0,False,False,True,False,False,False,False,False,False,False,False,False,False,False,False,False,False,False,False,False,False,False,False,False,False
Anuncio actualizado el 1 de abril,0,1,2.0,0,0,1996.0,en trámite,planta 2ª exterior,0,0,84895159,0,0.0,Sant Sadurní d'Anoia,Plaza de l'ajuntament," Plaza de l'ajuntament , Sant Sadurní d'Anoia , Alt Penedès, Barcelona ",,"Alt Penedès, Barcelona",120,113.0,2019-04-12,169500,0,4.0,0,0,0,False,True,False,False,False,False,False,False,False,False,False,False,False,False,False,False,False,False,False,False,False,False,False,False,False
Anuncio actualizado el 1 de abril,0,0,3.0,0,0,1996.0,en trámite,,0,1,84744994,2,1.0,Pacs del Penedès,," , Pacs del Penedès , Alt Penedès, Barcelona ",,"Alt Penedès, Barcelona",620,260.0,2019-04-12,442000,0,5.0,0,1,0,False,True,False,False,False,False,False,False,False,False,False,False,False,False,False,False,False,False,False,False,False,False,False,False,False
Anuncio actualizado el 19 de febrero,0,0,1.0,0,0,1996.0,no indicado,planta 2ª exterior,0,0,576674,0,1.0,Sant Pere de Riudebitlles,Calle vilafranca," Calle vilafranca , Sant Pere de Riudebitlles , Alt Penedès, Barcelona ",,"Alt Penedès, Barcelona",92,89.0,2019-04-12,115000,0,3.0,1,0,1,False,False,False,False,False,False,False,False,False,False,False,False,False,False,False,False,False,False,False,False,False,False,False,False,False
Anuncio actualizado el 19 de febrero,0,0,2.0,0,0,2011.0,no indicado,planta 2ª exterior,0,0,576675,0,1.0,Sant Pere de Riudebitlles,Calle vilafranca," Calle vilafranca , Sant Pere de Riudebitlles , Alt Penedès, Barcelona ",,"Alt Penedès, Barcelona",77,99.0,2019-04-12,115000,0,3.0,1,0,0,False,False,False,False,False,False,False,False,False,False,False,False,False,False,False,False,False,False,False,False,False,False,False,False,False
Anuncio actualizado el 5 de mayo,0,0,2.0,0,0,1975.0,no indicado,planta 1ª exterior,0,0,759794,0,0.0,Sant Sadurní d'Anoia,Calle montserrat," Calle montserrat , Sant Sadurní d'Anoia , Alt Penedès, Barcelona ",,"Alt Penedès, Barcelona",91,75.0,2019-04-12,145000,0,3.0,1,0,0,False,True,False,False,False,False,False,False,False,False,False,False,False,False,False,False,False,False,False,False,False,False,False,False,False
Anuncio actualizado el 5 de mayo,0,0,2.0,1,0,2009.0,no indicado,,1,1,828364,2,1.0,Gelida,ウルバニッザシオ・マルティベイ," ウルバニッザシオ・マルティベイ , Gelida , Alt Penedès, Barcelona ",,"Alt Penedès, Barcelona",541,240.0,2019-04-12,420000,0,6.0,0,1,0,False,True,False,False,False,False,False,False,False,False,False,False,False,False,False,False,False,False,False,False,False,False,False,False,False
Anuncio actualizado el 5 de mayo,1,0,3.0,1,0,1900.0,no indicado,,1,0,828361,2,1.0,Sant Sadurní d'Anoia,Calle montserrat," Calle montserrat , Sant Sadurní d'Anoia , Alt Penedès, Barcelona ",,"Alt Penedès, Barcelona",366,1000.0,2019-04-12,600000,0,8.0,0,0,0,False,True,False,False,False,False,False,False,False,False,False,False,False,False,False,False,False,False,False,False,False,False,True,False,False
Anuncio actualizado el 5 de mayo,1,0,2.0,0,0,2007.0,no indicado,,1,1,828396,2,1.0,Torrelavit,Calle major," Calle major , Torrelavit , Alt Penedès, Barcelona ",,"Alt Penedès, Barcelona",140,189.0,2019-04-12,420000,0,5.0,0,0,0,False,True,False,False,False,False,False,False,False,False,False,False,False,False,False,False,False,False,False,False,False,False,False,False,False
Anuncio actualizado el 20 de septiembre,1,0,3.0,1,0,1996.0,no indicado,,1,0,828390,2,1.0,Sant Sadurní d'Anoia,Calle fullerachs," Calle fullerachs , Sant Sadurní d'Anoia , Alt Penedès, Barcelona ",,"Alt Penedès, Barcelona",260,99.0,2019-04-12,365650,0,4.0,0,0,1,False,True,False,False,False,False,False,False,False,False,False,False,False,False,False,False,False,False,False,False,False,False,False,False,False
Anuncio actualizado el 19 de enero,1,0,2.0,1,0,1996.0,no indicado,,1,1,828346,2,1.0,Sant Sadurní d'Anoia,Calle doctor barraquer," Calle doctor barraquer , Sant Sadurní d'Anoia , Alt Penedès, Barcelona ",,"Alt Penedès, Barcelona",150,277.0,2019-04-12,432599,0,5.0,0,0,1,False,True,False,False,False,False,False,False,False,False,False,False,False,False,False,False,False,False,False,False,False,False,False,False,False
Anuncio actualizado el 27 de noviembre,1,0,3.0,1,0,2007.0,no indicado,,1,1,828376,2,1.0,Sant Sadurní d'Anoia,Calle DE LES PARELLADES," Calle DE LES PARELLADES , Sant Sadurní d'Anoia , Alt Penedès, Barcelona ",,"Alt Penedès, Barcelona",205,99.0,2019-04-12,280000,0,4.0,0,0,0,False,True,False,False,False,False,False,False,False,False,False,False,False,False,False,False,False,False,False,False,False,False,True,False,False
Anuncio actualizado el 28 de diciembre,1,0,2.0,1,0,1998.0,no indicado,,1,1,959117,2,1.0,Gelida,Avenida colomer," Avenida colomer , Gelida , Alt Penedès, Barcelona ",,"Alt Penedès, Barcelona",500,99.0,2019-04-12,430000,0,4.0,0,1,0,False,True,False,False,False,False,False,False,False,False,False,False,False,False,False,False,False,False,False,False,False,False,False,False,False
Anuncio actualizado el 20 de septiembre,1,0,4.0,0,0,1996.0,no indicado,,1,0,959112,2,1.0,La Granada,Calle de pau casals," Calle de pau casals , La Granada , Alt Penedès, Barcelona ",,"Alt Penedès, Barcelona",1015,290.0,2019-04-12,600000,0,3.0,0,0,1,False,True,False,False,False,False,False,False,False,False,False,False,False,False,False,False,False,False,False,False,False,False,False,False,False
Anuncio actualizado el 5 de mayo,0,0,6.0,1,0,1850.0,no indicado,,1,1,1165134,2,1.0,Sant Pere de Riudebitlles,Plaza de les eres," Plaza de les eres , Sant Pere de Riudebitlles , Alt Penedès, Barcelona ",,"Alt Penedès, Barcelona",1,1000.0,2019-04-12,650000,0,10.0,0,0,0,False,True,False,False,False,False,False,False,False,False,False,False,False,False,False,False,False,False,False,False,False,False,False,False,False
Anuncio actualizado el 5 de mayo,0,0,2.0,1,0,2006.0,no indicado,,0,0,1329854,2,1.0,Sant Llorenç d'Hortons,Calle de santa filomena," Calle de santa filomena , Sant Llorenç d'Hortons , Alt Penedès, Barcelona ",,"Alt Penedès, Barcelona",126,99.0,2019-04-12,225000,0,3.0,0,0,0,False,True,False,False,False,False,False,False,False,False,False,False,False,False,False,False,False,False,False,False,False,False,True,False,False
Anuncio actualizado el 5 de mayo,0,0,1.0,1,0,1975.0,no indicado,planta 5ª exterior,1,0,25922099,0,1.0,Sant Quintí de Mediona,Calle del pujol," Calle del pujol , Sant Quintí de Mediona , Alt Penedès, Barcelona ",,"Alt Penedès, Barcelona",80,99.0,2019-04-12,70000,0,3.0,0,0,0,False,True,False,False,False,False,False,False,False,False,False,False,False,False,False,False,False,False,False,False,False,False,False,False,False
Anuncio actualizado el 5 de mayo,1,0,2.0,0,0,1994.0,no indicado,planta 1ª exterior,0,0,26185488,0,0.0,Sant Sadurní d'Anoia,Calle del vallès," Calle del vallès , Sant Sadurní d'Anoia , Alt Penedès, Barcelona ",,"Alt Penedès, Barcelona",114,99.0,2019-04-12,170000,0,4.0,0,0,0,False,True,False,False,False,False,False,False,False,False,False,False,False,False,False,False,False,False,False,False,False,True,False,False,False
Anuncio actualizado el 5 de mayo,0,0,1.0,0,0,1996.0,no indicado,,0,0,26234170,2,1.0,Sant Sadurní d'Anoia,Calle de l'hospital," Calle de l'hospital , Sant Sadurní d'Anoia , Alt Penedès, Barcelona ",,"Alt Penedès, Barcelona",45,120.0,2019-04-12,90000,0,3.0,0,0,0,False,False,True,False,False,False,False,False,False,False,False,False,False,False,False,False,False,False,False,False,False,False,False,False,False
Anuncio actualizado el 5 de mayo,1,0,3.0,1,0,1994.0,no indicado,,1,1,26332371,2,1.0,Sant Llorenç d'Hortons,Paseo pompeu fabra," Paseo pompeu fabra , Sant Llorenç d'Hortons , Alt Penedès, Barcelona ",,"Alt Penedès, Barcelona",140,99.0,2019-04-12,265000,0,5.0,0,0,0,False,True,False,False,False,False,False,False,False,False,False,False,False,False,False,False,False,False,False,False,False,False,False,False,False
Anuncio actualizado el 16 de julio,0,0,2.0,0,0,2008.0,no indicado,planta 1ª exterior,1,0,26357422,0,1.0,Sant Sadurní d'Anoia,Calle de vilarnau," Calle de vilarnau , Sant Sadurní d'Anoia , Alt Penedès, Barcelona ",,"Alt Penedès, Barcelona",80,70.0,2019-04-12,190000,0,3.0,0,0,0,False,True,False,False,False,False,False,False,False,False,False,False,False,False,False,False,False,False,False,False,False,False,False,False,True
Anuncio actualizado el 5 de mayo,1,0,2.0,1,0,2004.0,no indicado,planta 1ª exterior,1,0,26540070,0,1.0,Sant Sadurní d'Anoia,Calle de les flors," Calle de les flors , Sant Sadurní d'Anoia , Alt Penedès, Barcelona ",,"Alt Penedès, Barcelona",169,129.0,2019-04-12,240000,0,4.0,1,0,0,False,True,False,False,False,False,False,False,False,False,False,False,False,False,False,False,False,False,False,False,False,False,True,False,False
Anuncio actualizado el 5 de mayo,0,0,1.0,0,0,1990.0,no indicado,,1,1,27419283,2,1.0,Sant Quintí de Mediona,Calle de francesc maciá," Calle de francesc maciá , Sant Quintí de Mediona , Alt Penedès, Barcelona ",,"Alt Penedès, Barcelona",440,99.0,2019-04-12,230000,0,4.0,0,1,0,False,True,False,False,False,False,False,False,False,False,False,False,False,False,False,False,False,False,False,False,False,False,False,False,False
Anuncio actualizado el 5 de mayo,1,0,1.0,1,0,2009.0,no indicado,,1,0,27597362,2,1.0,Torrelavit,Calle del molí," Calle del molí , Torrelavit , Alt Penedès, Barcelona ",,"Alt Penedès, Barcelona",140,130.0,2019-04-12,182000,0,2.0,0,0,0,False,True,False,False,False,False,False,False,False,False,False,False,False,False,False,False,False,False,False,False,False,False,False,False,False
Anuncio actualizado el 5 de mayo,1,0,3.0,1,0,2007.0,no indicado,,1,1,27708047,2,1.0,Vilafranca del Penedès,Distrito Sant Julià," Calle de pere giró , Distrito Sant Julià , Vilafranca del Penedès , Alt Penedès, Barcelona ",Calle de pere giró,"Alt Penedès, Barcelona",250,202.0,2019-04-12,616970,0,5.0,0,1,0,False,True,False,False,False,False,False,False,False,False,False,False,False,False,False,False,False,False,False,False,False,False,False,False,False
Anuncio actualizado el 5 de mayo,0,0,2.0,0,0,1900.0,no indicado,,0,0,27708049,2,1.0,Sant Quintí de Mediona,Calle del vilet," Calle del vilet , Sant Quintí de Mediona , Alt Penedès, Barcelona ",,"Alt Penedès, Barcelona",100,99.0,2019-04-12,116000,0,2.0,0,0,0,False,True,False,False,False,False,False,False,False,False,False,False,False,False,False,False,False,False,False,False,False,False,False,False,False
Anuncio actualizado el 5 de mayo,1,0,1.0,0,0,2011.0,no indicado,planta 1ª exterior,0,0,27708076,0,1.0,Sant Sadurní d'Anoia,Rambla de la generalitat," Rambla de la generalitat , Sant Sadurní d'Anoia , Alt Penedès, Barcelona ",,"Alt Penedès, Barcelona",51,99.0,2019-04-12,122000,0,1.0,0,0,0,False,False,False,False,False,False,False,False,False,False,False,False,False,False,False,False,False,False,False,False,False,False,True,False,False
Anuncio actualizado el 5 de mayo,0,0,1.0,0,0,1968.0,no indicado,bajo exterior,0,0,27960303,0,0.0,Sant Sadurní d'Anoia,Paseo can codorniu," Paseo can codorniu , Sant Sadurní d'Anoia , Alt Penedès, Barcelona ",,"Alt Penedès, Barcelona",65,99.0,2019-04-12,53000,0,3.0,0,0,0,False,True,False,False,False,False,False,False,False,False,False,False,True,False,False,False,False,False,False,False,False,False,False,False,False
Anuncio actualizado el 5 de mayo,0,0,2.0,0,0,2007.0,,planta 1ª exterior,1,0,27960307,0,1.0,Sant Quintí de Mediona,Avenida de montserrat," Avenida de montserrat , Sant Quintí de Mediona , Alt Penedès, Barcelona ",,"Alt Penedès, Barcelona",101,99.0,2019-04-12,120000,0,4.0,0,0,0,False,False,False,False,False,False,False,False,False,False,False,False,False,False,False,False,False,False,False,False,False,True,False,False,False
Anuncio actualizado el 20 de septiembre,0,0,1.0,1,0,1996.0,,,1,0,28177155,2,1.0,Sant Pere de Riudebitlles,Calle montserrat," Calle montserrat , Sant Pere de Riudebitlles , Alt Penedès, Barcelona ",,"Alt Penedès, Barcelona",155,120.0,2019-04-12,186000,0,4.0,0,0,1,False,True,False,False,False,False,False,False,False,False,False,False,False,False,False,False,False,False,False,False,False,False,False,False,False
Anuncio actualizado el 5 de mayo,1,0,2.0,0,0,1978.0,,planta 3ª exterior,0,0,28844215,0,0.0,Sant Sadurní d'Anoia,Calle de barcelona," Calle de barcelona , Sant Sadurní d'Anoia , Alt Penedès, Barcelona ",,"Alt Penedès, Barcelona",90,99.0,2019-04-12,144000,0,4.0,0,0,0,False,True,False,False,False,False,False,False,False,False,False,False,False,False,False,False,False,False,False,False,False,False,False,False,False
Anuncio actualizado el 5 de mayo,1,0,2.0,0,0,2011.0,no indicado,planta 2ª exterior,0,0,29030533,0,1.0,Sant Sadurní d'Anoia,Rambla de la generalitat," Rambla de la generalitat , Sant Sadurní d'Anoia , Alt Penedès, Barcelona ",,"Alt Penedès, Barcelona",76,99.0,2019-04-12,160000,0,2.0,0,0,0,False,False,False,False,False,False,False,False,False,False,False,False,False,False,False,False,False,False,False,False,False,False,True,False,False
Anuncio actualizado el 5 de mayo,1,0,4.0,1,0,2007.0,no indicado,,1,1,29109735,2,1.0,Vilafranca del Penedès,Distrito Sant Julià," Avenida del pla del diable , Distrito Sant Julià , Vilafranca del Penedès , Alt Penedès, Barcelona ",Avenida del pla del diable,"Alt Penedès, Barcelona",400,300.0,2019-04-12,660000,0,4.0,0,1,0,False,True,False,False,False,False,False,False,False,False,False,False,False,False,False,False,False,False,False,False,False,False,False,False,False
