ad_last_update,air_conditioner,balcony,bath_num,built_in_wardrobe,chimney,construct_date,energetic_certif,floor,garage,garden,house_id,house_type,lift,loc_city,loc_district,loc_full,loc_neigh,loc_zone,m2_real,m2_useful,obtention_date,price,reduced_mobility,room_num,storage_room,swimming_pool,terrace,condition_condition,condition_promoción de obra nueva,condition_segunda mano/buen estado,condition_segunda mano/para reformar,heating_calefacción central,heating_calefacción central: gas,heating_calefacción central: gasoil,heating_calefacción individual,heating_calefacción individual: bomba de frío/calor,heating_calefacción individual: eléctrica,heating_calefacción individual: gas,heating_calefacción individual: gas natural,heating_calefacción individual: gas propano/butano,heating_calefacción individual: gasoil,heating_heating,heating_no dispone de calefacción,heating_no dispone de calefacción: gas natural,orientation_este,"orientation_este, oeste",orientation_norte,"orientation_norte, este","orientation_norte, este, oeste","orientation_norte, oeste","orientation_norte, sur","orientation_norte, sur, este","orientation_norte, sur, este, oeste","orientation_norte, sur, oeste",orientation_oeste,orientation_orientation,orientation_sur,"orientation_sur, este","orientation_sur, este, oeste","orientation_sur, oeste"
Anuncio actualizado el 31 de marzo,0,1,1.0,1,0,,,planta 1ª exterior,1,0,84881792,16,1,Eibar,"Calle Bidebarrieta, 30"," Calle Bidebarrieta, 30 , Eibar , Bajo Deba, Guipúzcoa ",,"Bajo Deba, Guipúzcoa",60,,2019-04-01,700,0,1.0,0,0,0,False,False,True,False,False,False,False,False,False,False,False,True,False,False,False,False,False,False,False,True,False,False,False,False,False,False,False,False,False,False,False,False,False
más de 2 meses sin actualizar,0,0,1.0,0,0,,no indicado,planta 1ª exterior,1,0,83169712,16,0,Lezo,"Errekalde Bailara, 21"," Errekalde Bailara, 21 , Lezo , Donostialdea, Guipúzcoa ",,"Donostialdea, Guipúzcoa",65,,2019-04-01,700,0,2.0,0,0,1,False,False,True,False,False,False,False,False,False,False,False,False,False,False,False,False,False,False,False,False,False,False,False,False,False,False,False,False,False,False,False,False,False
más de 2 meses sin actualizar,0,0,1.0,0,0,,no indicado,bajo exterior,1,0,83114823,16,0,Donostia-San Sebastián,Distrito Ategorrieta," Ulia Pasealekua, 109 , Distrito Ategorrieta , Donostia-San Sebastián , Donostialdea, Guipúzcoa ","Ulia Pasealekua, 109","Donostialdea, Guipúzcoa",60,,2019-04-01,880,0,1.0,0,0,0,False,False,True,False,False,False,False,False,False,False,False,False,False,False,False,False,False,False,False,False,False,False,False,False,False,False,False,False,False,False,False,False,False
más de 2 meses sin actualizar,0,0,2.0,0,0,,no indicado,,1,0,38257631,17,,Lezo,"Iturrin Bailara, 11"," Iturrin Bailara, 11 , Lezo , Donostialdea, Guipúzcoa ",,"Donostialdea, Guipúzcoa",120,,2019-04-01,1500,0,4.0,1,0,1,False,False,True,False,False,False,False,False,False,False,False,False,False,False,False,False,False,False,False,False,False,False,False,False,False,False,False,False,False,False,False,False,False
más de 2 meses sin actualizar,0,0,1.0,0,0,,en trámite,planta 1ª exterior,1,0,31008847,18,0,Ikaztegieta,"Diseminado, 13"," Diseminado, 13 , Ikaztegieta , Tolosaldea, Guipúzcoa ",,"Tolosaldea, Guipúzcoa",420,417,2019-04-01,1500,0,4.0,1,0,0,False,False,True,False,False,False,False,False,False,False,False,False,False,False,False,False,False,False,False,False,False,False,False,False,False,False,False,False,False,False,False,False,False
más de 2 meses sin actualizar,0,1,1.0,0,0,,en trámite,planta 4ª interior,0,0,32249349,16,1,Donostia-San Sebastián,Distrito Centro-Miraconcha," Calle urdaneta, 16 , Barrio Área Romántica , Distrito Centro-Miraconcha , Donostia-San Sebastián , Donostialdea, Guipúzcoa ",Barrio Área Romántica,"Donostialdea, Guipúzcoa",70,67,2019-04-01,1250,0,3.0,0,0,0,False,False,True,False,False,False,False,False,False,False,False,True,False,False,False,False,False,False,False,False,False,False,False,False,False,False,False,False,False,False,False,False,True
más de 2 meses sin actualizar,0,0,2.0,1,0,,en trámite,planta 2ª exterior,0,0,82877731,16,1,Hondarribia,"Calle Bernat Etxepare, 10"," Calle Bernat Etxepare, 10 , Hondarribia , Bajo Bidasoa, Guipúzcoa ",,"Bajo Bidasoa, Guipúzcoa",100,87,2019-04-01,1200,0,2.0,0,0,1,False,False,True,False,False,False,False,False,False,False,False,False,False,False,False,False,False,False,False,False,False,False,False,False,False,False,False,True,False,False,False,False,False
más de 2 meses sin actualizar,0,0,1.0,0,0,,en trámite,bajo exterior,1,1,39724295,16,1,Irun,Distrito Pinar - Anaka - Belaskoenea," Avenida Elizatxo, 36 , Distrito Pinar - Anaka - Belaskoenea , Irun , Bajo Bidasoa, Guipúzcoa ","Avenida Elizatxo, 36","Bajo Bidasoa, Guipúzcoa",86,,2019-04-01,1450,0,2.0,1,0,0,False,False,True,False,False,False,False,False,False,False,False,False,False,False,False,False,False,False,False,False,False,False,False,False,False,False,False,False,False,False,False,False,False
más de 2 meses sin actualizar,0,1,1.0,1,0,,en trámite,planta 4ª interior,0,0,28411980,16,1,Donostia-San Sebastián,Distrito Centro-Miraconcha," Calle Urdaneta, 15 , Barrio Área Romántica , Distrito Centro-Miraconcha , Donostia-San Sebastián , Donostialdea, Guipúzcoa ",Barrio Área Romántica,"Donostialdea, Guipúzcoa",75,70,2019-04-01,1250,0,3.0,0,0,0,False,False,True,False,False,False,False,False,False,False,False,True,False,False,False,False,False,False,False,False,False,False,False,False,False,False,False,False,False,False,False,False,True
más de 2 meses sin actualizar,0,0,2.0,1,0,,no indicado,planta 6ª interior,1,0,83033432,16,1,Donostia-San Sebastián,Distrito Centro-Miraconcha," Calle Arrasate, 12 , Barrio Área Romántica , Distrito Centro-Miraconcha , Donostia-San Sebastián , Donostialdea, Guipúzcoa ",Barrio Área Romántica,"Donostialdea, Guipúzcoa",78,75,2019-04-01,1600,1,2.0,0,0,0,False,False,True,False,False,False,False,False,False,False,False,True,False,False,False,False,False,False,False,True,False,False,False,False,False,False,False,False,False,False,False,False,False
más de 2 meses sin actualizar,0,1,4.0,1,0,,,3 plantas,1,1,83492325,19,,Hernani,"Karobieta Avzoa, 31"," Karobieta Avzoa, 31 , Hernani , Donostialdea, Guipúzcoa ",,"Donostialdea, Guipúzcoa",240,150,2019-04-01,1600,0,4.0,1,0,1,False,False,True,False,False,False,False,False,False,False,False,True,False,False,False,False,False,False,False,False,False,False,False,False,False,False,False,False,False,False,False,True,False
más de 2 meses sin actualizar,0,0,2.0,0,0,,,planta 1ª exterior,0,0,82468697,16,0,Hondarribia,"Calle San Pedro, 7"," Calle San Pedro, 7 , Hondarribia , Bajo Bidasoa, Guipúzcoa ",,"Bajo Bidasoa, Guipúzcoa",85,72,2019-04-01,1400,0,2.0,0,0,0,False,False,True,False,False,False,False,False,False,True,False,False,False,False,False,False,False,False,False,False,False,False,False,False,False,False,False,False,False,False,False,False,False
Anuncio actualizado el 31 de marzo,1,0,1.0,0,0,,no indicado,entreplanta exterior,0,0,83664537,16,1,Donostia-San Sebastián,Distrito Centro-Miraconcha," Calle Easo, 51 , Barrio Área Romántica , Distrito Centro-Miraconcha , Donostia-San Sebastián , Donostialdea, Guipúzcoa ",Barrio Área Romántica,"Donostialdea, Guipúzcoa",65,64,2019-04-01,800,0,2.0,0,0,0,False,False,True,False,False,False,False,False,False,False,False,False,False,False,False,False,False,False,False,False,False,False,False,False,False,False,False,True,False,False,False,False,False
Anuncio actualizado el 6 de febrero,0,0,1.0,1,0,,no indicado,planta 4ª exterior,0,0,1642069,16,1,Eibar,"Calle Ubitxa, 3"," Calle Ubitxa, 3 , Eibar , Bajo Deba, Guipúzcoa ",,"Bajo Deba, Guipúzcoa",80,,2019-04-01,600,0,2.0,0,0,0,False,False,True,False,False,False,False,False,False,False,False,False,False,False,False,False,False,False,False,False,False,False,False,False,False,False,False,False,False,False,False,False,False
Anuncio actualizado el 17 de marzo,1,0,1.0,0,0,,inmueble exento,planta 1ª exterior,1,0,40184362,16,1,Donostia-San Sebastián,Distrito Centro-Miraconcha," Calle San Martzial, 48 , Barrio Área Romántica , Distrito Centro-Miraconcha , Donostia-San Sebastián , Donostialdea, Guipúzcoa ",Barrio Área Romántica,"Donostialdea, Guipúzcoa",55,50,2019-04-01,1500,1,2.0,0,0,1,False,False,True,False,False,False,False,False,False,False,False,False,False,False,False,False,False,False,False,True,False,False,False,False,False,False,False,False,False,False,False,False,False
más de 2 meses sin actualizar,0,1,2.0,1,0,,en trámite,planta 6ª exterior,0,1,83794669,16,1,Eskoriatza,"Aramburuzabala, 28"," Aramburuzabala, 28 , Eskoriatza , Alto Deba, Guipúzcoa ",,"Alto Deba, Guipúzcoa",100,,2019-04-01,900,0,4.0,0,0,1,False,False,True,False,False,False,False,False,False,False,False,True,False,False,False,False,False,False,False,False,False,False,False,False,False,False,False,False,False,False,False,False,False
Anuncio actualizado el 23 de enero,0,0,1.0,0,0,,no indicado,planta 5ª exterior,0,0,83953427,16,1,Donostia-San Sebastián,Distrito Centro-Miraconcha," Plaza Easo, 12 , Barrio Amara Zaharra-Arbaizenea , Distrito Centro-Miraconcha , Donostia-San Sebastián , Donostialdea, Guipúzcoa ",Barrio Amara Zaharra-Arbaizenea,"Donostialdea, Guipúzcoa",62,,2019-04-01,1200,0,2.0,0,0,0,False,False,True,False,False,False,False,False,False,False,False,False,False,False,False,False,False,False,False,False,False,False,False,False,False,False,False,False,False,False,False,False,False
Anuncio actualizado el 5 de febrero,0,0,2.0,0,0,,no indicado,planta 3ª exterior,1,0,84152932,16,1,Hondarribia,"Calle Biteri, 15"," Calle Biteri, 15 , Hondarribia , Bajo Bidasoa, Guipúzcoa ",,"Bajo Bidasoa, Guipúzcoa",85,,2019-04-01,950,0,2.0,0,0,1,False,False,True,False,False,False,False,False,False,False,False,False,False,False,False,False,False,False,False,False,False,False,False,False,False,False,False,False,False,False,False,False,False
Anuncio actualizado el 20 de marzo,0,0,1.0,0,0,,no indicado,bajo exterior,0,0,84708463,20,1,Pasaia,"Avenida Navarra, 14"," Avenida Navarra, 14 , Pasaia , Donostialdea, Guipúzcoa ",,"Donostialdea, Guipúzcoa",40,,2019-04-01,600,0,0.0,0,0,0,False,False,True,False,False,False,False,False,False,False,False,False,False,False,False,False,False,False,False,False,False,False,False,False,False,False,False,False,False,False,False,False,False
Anuncio actualizado el 15 de julio,0,0,1.0,0,0,,en trámite,planta 1ª exterior,0,0,558299,16,1,Hondarribia,Calle Bidasoa," Calle Bidasoa , Hondarribia , Bajo Bidasoa, Guipúzcoa ",,"Bajo Bidasoa, Guipúzcoa",100,90,2019-04-01,1200,0,4.0,0,0,0,False,False,True,False,False,False,False,False,False,False,False,False,False,False,False,False,False,False,False,False,False,False,False,False,False,False,False,False,False,False,False,False,False
Anuncio actualizado el 19 de febrero,0,0,1.0,0,0,,en trámite,sótano exterior,0,0,84271827,16,1,Donostia-San Sebastián,Distrito Gros," USANDIZAGA , Distrito Gros , Donostia-San Sebastián , Donostialdea, Guipúzcoa ",USANDIZAGA,"Donostialdea, Guipúzcoa",50,45,2019-04-01,1150,0,1.0,0,0,0,False,False,True,False,False,False,False,False,False,True,False,False,False,False,False,False,False,False,False,True,False,False,False,False,False,False,False,False,False,False,False,False,False
Anuncio actualizado el 20 de marzo,0,0,1.0,0,0,,no indicado,planta 2ª exterior,0,0,82905110,16,1,Donostia-San Sebastián,Distrito Gros," , Distrito Gros , Donostia-San Sebastián , Donostialdea, Guipúzcoa ",,"Donostialdea, Guipúzcoa",60,,2019-04-01,1200,0,2.0,0,0,0,False,False,True,False,False,False,False,False,False,False,False,False,False,False,False,False,False,False,False,False,False,False,False,False,False,False,False,False,False,False,False,False,False
Anuncio actualizado el 5 de marzo,0,0,2.0,0,0,,en trámite,planta 3ª,0,0,83436738,16,1,Donostia-San Sebastián,Distrito Gros," , Distrito Gros , Donostia-San Sebastián , Donostialdea, Guipúzcoa ",,"Donostialdea, Guipúzcoa",110,102,2019-04-01,1600,0,4.0,0,0,1,False,False,True,False,False,False,False,False,False,False,False,False,False,False,False,False,False,False,False,False,False,False,False,False,False,False,False,False,False,False,False,False,True
Anuncio actualizado el 21 de enero,0,1,1.0,0,0,,no indicado,planta 3ª exterior,0,0,83915903,16,1,Hernani,," , Hernani , Donostialdea, Guipúzcoa ",,"Donostialdea, Guipúzcoa",125,,2019-04-01,760,0,3.0,0,0,0,False,False,True,False,False,False,False,False,False,False,False,False,False,False,False,False,False,False,False,False,False,False,False,False,False,False,False,False,False,False,True,False,False
Anuncio actualizado el 19 de noviembre,0,1,1.0,0,0,,en trámite,planta 2ª exterior,0,0,40557684,16,1,Donostia-San Sebastián,Distrito Gros," , Distrito Gros , Donostia-San Sebastián , Donostialdea, Guipúzcoa ",,"Donostialdea, Guipúzcoa",90,,2019-04-01,2000,0,3.0,0,0,0,False,False,True,False,False,False,False,False,False,False,False,False,False,False,False,False,False,False,False,False,False,False,False,False,False,False,False,False,False,False,False,False,False
Anuncio actualizado el 29 de marzo,0,0,2.0,0,0,,,planta 1ª,0,0,27120312,16,,Donostia-San Sebastián,Distrito Parte Vieja," , Distrito Parte Vieja , Donostia-San Sebastián , Donostialdea, Guipúzcoa ",,"Donostialdea, Guipúzcoa",85,77,2019-04-01,1100,0,3.0,0,0,0,False,False,True,False,False,False,False,False,False,False,False,False,False,False,False,False,False,False,False,False,False,False,False,False,False,False,False,False,False,False,False,False,False
Anuncio actualizado el 11 de febrero,0,0,1.0,0,0,1960,en trámite,planta 5ª exterior,0,0,84231993,16,0,Donostia-San Sebastián,Distrito Amara," , Barrio Amara , Distrito Amara , Donostia-San Sebastián , Donostialdea, Guipúzcoa ",Barrio Amara,"Donostialdea, Guipúzcoa",60,58,2019-04-01,900,0,2.0,0,0,0,False,False,True,False,False,False,False,False,False,False,False,False,False,False,False,False,False,False,False,False,False,False,False,False,False,False,False,False,False,True,False,False,False
Anuncio actualizado el 17 de diciembre,1,0,1.0,1,0,,,planta 7ª exterior,0,0,40138698,21,1,Donostia-San Sebastián,Distrito Centro-Miraconcha," , Barrio Área Romántica , Distrito Centro-Miraconcha , Donostia-San Sebastián , Donostialdea, Guipúzcoa ",Barrio Área Romántica,"Donostialdea, Guipúzcoa",45,40,2019-04-01,1000,0,1.0,0,0,0,False,False,True,False,False,False,False,False,False,False,False,False,False,False,False,False,False,False,False,False,False,False,False,False,False,False,False,False,False,False,False,False,False
Anuncio actualizado el 27 de marzo,0,0,2.0,0,0,,en trámite,planta 2ª exterior,0,0,83760371,16,1,Donostia-San Sebastián,Distrito Amara," , Barrio Zona Anoeta , Distrito Amara , Donostia-San Sebastián , Donostialdea, Guipúzcoa ",Barrio Zona Anoeta,"Donostialdea, Guipúzcoa",85,,2019-04-01,1200,0,3.0,0,0,1,False,False,True,False,False,False,False,False,False,False,False,False,False,False,False,False,False,False,False,False,False,False,False,False,False,False,False,False,False,False,False,False,False
Anuncio actualizado el 28 de enero,0,1,2.0,0,0,,,planta 2ª exterior,0,0,83959190,16,1,Lazkao,"Calle Hirigoien, 33"," Calle Hirigoien, 33 , Lazkao , Goierri, Guipúzcoa ",,"Goierri, Guipúzcoa",90,,2019-04-01,700,0,3.0,0,0,0,False,False,True,False,False,False,False,False,False,False,False,False,False,False,False,False,False,False,False,False,False,False,False,False,False,False,False,False,False,False,False,False,False
Anuncio actualizado el 24 de marzo,0,1,3.0,1,0,,no indicado,3 plantas,1,1,81699432,22,,Donostia-San Sebastián,Distrito Centro-Miraconcha," Calle Belizalde, 12 , Barrio Amara Zaharra-Arbaizenea , Distrito Centro-Miraconcha , Donostia-San Sebastián , Donostialdea, Guipúzcoa ",Barrio Amara Zaharra-Arbaizenea,"Donostialdea, Guipúzcoa",170,,2019-04-01,1700,0,3.0,1,0,1,False,False,True,False,False,False,False,False,False,False,False,False,False,False,False,False,False,False,False,False,False,False,False,False,False,True,False,False,False,False,False,False,False
Anuncio actualizado el 15 de marzo,0,0,1.0,1,0,,en trámite,planta 3ª interior,0,0,29471633,16,1,Eibar,"Calle Tiburzio Anitua, 23"," Calle Tiburzio Anitua, 23 , Eibar , Bajo Deba, Guipúzcoa ",,"Bajo Deba, Guipúzcoa",70,,2019-04-01,600,0,2.0,0,0,0,False,False,True,False,False,False,False,False,False,True,False,False,False,False,False,False,False,False,False,False,False,False,False,False,False,False,False,False,False,False,False,False,False
Anuncio actualizado el 25 de febrero,0,0,1.0,0,0,,,bajo exterior,0,0,33851144,20,0,Orio,"Calle estropalari, 14"," Calle estropalari, 14 , Orio , Urola Kosta, Guipúzcoa ",,"Urola Kosta, Guipúzcoa",68,60,2019-04-01,2100,1,0.0,0,0,0,False,False,True,False,False,False,False,False,False,False,False,False,False,False,False,False,False,False,False,False,False,False,False,False,True,False,False,False,False,False,False,False,False
Anuncio actualizado el 13 de marzo,0,0,1.0,1,0,,,bajo exterior,0,1,28220452,16,1,Donostia-San Sebastián,Distrito Ategorrieta," , Distrito Ategorrieta , Donostia-San Sebastián , Donostialdea, Guipúzcoa ",,"Donostialdea, Guipúzcoa",57,56,2019-04-01,830,0,2.0,0,0,1,False,False,True,False,False,False,False,False,False,False,False,False,False,False,False,False,False,False,False,False,False,False,False,False,False,False,False,False,False,False,False,False,False
Anuncio actualizado el 13 de febrero,0,0,1.0,0,0,,,planta 1ª exterior,0,0,30480791,16,0,Lezo,," , Lezo , Donostialdea, Guipúzcoa ",,"Donostialdea, Guipúzcoa",80,,2019-04-01,750,0,2.0,0,0,0,False,False,True,False,False,False,False,False,False,False,False,False,False,False,False,False,False,False,False,False,False,False,False,False,False,False,False,False,False,False,False,False,False
Anuncio actualizado el 18 de febrero,0,0,2.0,1,0,,en trámite,planta 2ª exterior,0,0,38775791,16,1,Renteria / Errenteria,Distrito Centro," , Distrito Centro , Renteria / Errenteria , Donostialdea, Guipúzcoa ",,"Donostialdea, Guipúzcoa",70,65,2019-04-01,790,0,2.0,0,0,0,False,False,True,False,False,False,False,False,False,False,False,False,False,False,False,False,False,False,False,False,False,False,False,False,False,False,False,False,False,False,False,False,True
Anuncio actualizado el 4 de marzo,0,0,1.0,0,0,,en trámite,planta 6ª,0,0,84365243,21,1,Donostia-San Sebastián,Distrito Centro-Miraconcha," , Barrio Área Romántica , Distrito Centro-Miraconcha , Donostia-San Sebastián , Donostialdea, Guipúzcoa ",Barrio Área Romántica,"Donostialdea, Guipúzcoa",40,35,2019-04-01,850,0,1.0,0,0,1,False,False,True,False,False,False,False,False,False,False,False,False,False,False,False,False,False,False,False,False,False,False,False,False,False,False,False,False,False,False,False,False,False
Anuncio actualizado el 7 de marzo,0,0,1.0,0,0,,en trámite,2 plantas,0,0,37202975,17,,Oiartzun,," , Oiartzun , Donostialdea, Guipúzcoa ",,"Donostialdea, Guipúzcoa",100,,2019-04-01,1800,0,4.0,0,0,0,False,False,True,False,False,False,False,False,False,False,False,False,False,False,False,False,False,False,False,False,False,False,False,False,False,False,False,False,False,False,False,False,False
Anuncio actualizado el 15 de marzo,0,1,1.0,0,0,,en trámite,planta 1ª exterior,0,0,84684098,16,0,Donostia-San Sebastián,Distrito Intxaurrondo," , Distrito Intxaurrondo , Donostia-San Sebastián , Donostialdea, Guipúzcoa ",,"Donostialdea, Guipúzcoa",80,,2019-04-01,850,0,3.0,0,0,0,False,False,True,False,False,False,False,True,False,False,False,False,False,False,False,False,False,False,False,False,False,False,False,False,False,False,False,False,False,False,False,False,False
Anuncio actualizado el 6 de febrero,0,0,2.0,0,0,,,planta 5ª exterior,0,0,84178384,16,1,Donostia-San Sebastián,Distrito Gros," Miguel Imaz , Distrito Gros , Donostia-San Sebastián , Donostialdea, Guipúzcoa ",Miguel Imaz,"Donostialdea, Guipúzcoa",120,115,2019-04-01,1600,0,4.0,0,0,0,False,False,True,False,False,False,False,False,False,False,False,True,False,False,False,False,False,False,False,False,False,False,False,False,False,False,False,False,False,False,False,False,False
Anuncio actualizado el 25 de marzo,0,1,1.0,1,0,,,planta 3ª exterior,0,0,84243716,16,1,Donostia-San Sebastián,Distrito Antiguo," Plaza Txalupagillene , Distrito Antiguo , Donostia-San Sebastián , Donostialdea, Guipúzcoa ",Plaza Txalupagillene,"Donostialdea, Guipúzcoa",66,65,2019-04-01,900,0,2.0,0,0,0,False,False,True,False,False,False,False,False,False,False,False,True,False,False,False,False,False,False,False,False,False,False,False,False,False,False,False,False,False,False,False,False,False
Anuncio actualizado el 28 de febrero,0,1,1.0,0,0,,,planta 1ª exterior,0,0,84480951,16,0,Irun,Distrito Centro - Mendibil - Santiago," Urb. SANTIAGO , Distrito Centro - Mendibil - Santiago , Irun , Bajo Bidasoa, Guipúzcoa ",Urb. SANTIAGO,"Bajo Bidasoa, Guipúzcoa",60,,2019-04-01,700,0,2.0,0,0,0,False,False,True,False,False,False,False,False,False,False,False,False,False,False,False,False,False,False,False,False,False,False,False,False,False,False,False,False,False,False,False,False,False
Anuncio actualizado el 25 de marzo,0,0,1.0,0,0,,,planta 1ª exterior,1,0,84508577,16,0,Donostia-San Sebastián,Distrito Centro-Miraconcha," , Barrio Amara Zaharra-Arbaizenea , Distrito Centro-Miraconcha , Donostia-San Sebastián , Donostialdea, Guipúzcoa ",Barrio Amara Zaharra-Arbaizenea,"Donostialdea, Guipúzcoa",45,,2019-04-01,850,0,1.0,0,0,0,False,False,True,False,False,False,False,False,False,False,False,False,False,False,False,False,False,False,False,False,False,False,False,False,False,False,False,False,False,False,False,False,False
Anuncio actualizado el 6 de marzo,0,1,3.0,0,0,,en trámite,planta 2ª exterior,1,0,84560315,16,1,Donostia-San Sebastián,Distrito Antiguo," , Distrito Antiguo , Donostia-San Sebastián , Donostialdea, Guipúzcoa ",,"Donostialdea, Guipúzcoa",163,160,2019-04-01,1800,0,4.0,1,0,1,False,False,True,False,False,False,False,False,False,False,False,False,False,False,False,False,False,False,False,False,False,False,False,False,False,False,False,False,False,False,False,False,False
Anuncio actualizado el 27 de marzo,0,1,2.0,0,0,,,planta 2ª exterior,0,0,84741027,16,1,Donostia-San Sebastián,Distrito Antiguo," , Distrito Antiguo , Donostia-San Sebastián , Donostialdea, Guipúzcoa ",,"Donostialdea, Guipúzcoa",93,90,2019-04-01,950,0,3.0,0,0,0,False,False,True,False,False,False,False,False,False,False,False,False,False,False,False,False,False,False,False,False,False,False,False,False,False,False,False,False,False,False,False,False,False
Anuncio actualizado el 31 de marzo,0,0,2.0,1,0,,,planta 1ª exterior,0,0,32946036,16,1,Renteria / Errenteria,Distrito Capuchinos - Galtzaraborda," sorgintxulo, 4 , Distrito Capuchinos - Galtzaraborda , Renteria / Errenteria , Donostialdea, Guipúzcoa ","sorgintxulo, 4","Donostialdea, Guipúzcoa",90,68,2019-04-01,800,0,3.0,0,0,1,False,False,True,False,False,False,False,False,False,False,False,False,False,False,False,False,False,False,False,False,False,False,False,False,False,False,False,False,False,False,False,False,False
Anuncio actualizado el 24 de marzo,0,0,1.0,0,0,,no indicado,planta 4ª exterior,0,0,34292263,16,1,Donostia-San Sebastián,Distrito Centro-Miraconcha," Calle san martin, 5 , Barrio Área Romántica , Distrito Centro-Miraconcha , Donostia-San Sebastián , Donostialdea, Guipúzcoa ",Barrio Área Romántica,"Donostialdea, Guipúzcoa",40,38,2019-04-01,850,0,1.0,1,0,0,False,False,True,False,False,False,False,False,False,True,False,False,False,False,False,False,False,False,False,False,False,False,False,False,False,False,False,False,False,False,False,False,False
Anuncio actualizado el 20 de marzo,0,0,1.0,1,0,,,planta 5ª exterior,1,0,1876967,16,1,Donostia-San Sebastián,Distrito Gros," Paseo Jose Miguel Baradiaran, 28 , Distrito Gros , Donostia-San Sebastián , Donostialdea, Guipúzcoa ","Paseo Jose Miguel Baradiaran, 28","Donostialdea, Guipúzcoa",50,45,2019-04-01,980,0,2.0,0,0,1,False,False,True,False,False,False,False,False,False,True,False,False,False,False,False,False,False,False,False,False,False,False,False,False,False,False,False,False,False,False,True,False,False
Anuncio actualizado el 25 de marzo,0,1,2.0,0,0,,no indicado,planta 2ª exterior,0,0,83842052,16,1,Donostia-San Sebastián,Distrito Centro-Miraconcha," Calle Marina, 5 , Barrio Área Romántica , Distrito Centro-Miraconcha , Donostia-San Sebastián , Donostialdea, Guipúzcoa ",Barrio Área Romántica,"Donostialdea, Guipúzcoa",115,110,2019-04-01,1400,0,3.0,0,0,0,False,False,True,False,False,False,False,False,False,False,False,True,False,False,False,False,False,False,False,False,False,False,False,False,False,False,False,True,False,False,False,False,False
Anuncio actualizado el 25 de marzo,0,0,1.0,1,0,,no indicado,planta 1ª exterior,0,0,83844679,16,1,Donostia-San Sebastián,Distrito Centro-Miraconcha," Calle Urbieta, 2 , Barrio Área Romántica , Distrito Centro-Miraconcha , Donostia-San Sebastián , Donostialdea, Guipúzcoa ",Barrio Área Romántica,"Donostialdea, Guipúzcoa",60,59,2019-04-01,1350,0,1.0,0,0,0,False,False,True,False,False,False,False,True,False,False,False,False,False,False,False,False,False,True,False,False,False,False,False,False,False,False,False,False,False,False,False,False,False
Anuncio actualizado el 3 de febrero,0,0,2.0,1,0,,,planta 6ª interior,0,0,29375457,16,1,Donostia-San Sebastián,Distrito Centro-Miraconcha," Calle San Martin, 53 , Barrio Área Romántica , Distrito Centro-Miraconcha , Donostia-San Sebastián , Donostialdea, Guipúzcoa ",Barrio Área Romántica,"Donostialdea, Guipúzcoa",85,,2019-04-01,1200,0,2.0,0,0,0,False,False,True,False,False,False,False,False,False,False,False,False,False,False,False,False,False,False,False,False,False,False,False,False,False,False,False,False,False,True,False,False,False
Anuncio actualizado el 5 de febrero,0,0,1.0,0,0,,no indicado,planta 8ª exterior,0,0,84148635,16,1,Donostia-San Sebastián,Distrito Amara," Madrid Etorbidea, 26 , Barrio Zona Anoeta , Distrito Amara , Donostia-San Sebastián , Donostialdea, Guipúzcoa ",Barrio Zona Anoeta,"Donostialdea, Guipúzcoa",85,,2019-04-01,1200,0,3.0,0,0,1,False,False,True,False,False,False,False,False,False,False,False,False,False,False,False,False,False,False,False,False,False,False,False,False,False,False,False,False,False,False,False,False,False
Anuncio actualizado el 15 de marzo,0,0,3.0,1,0,,,planta 3ª exterior,1,0,84164612,16,1,Donostia-San Sebastián,Distrito Centro-Miraconcha," Paseo de Miraconcha, 9 , Barrio Área Romántica , Distrito Centro-Miraconcha , Donostia-San Sebastián , Donostialdea, Guipúzcoa ",Barrio Área Romántica,"Donostialdea, Guipúzcoa",170,,2019-04-01,3000,1,4.0,0,0,1,False,False,True,False,False,False,False,False,False,False,False,True,False,False,False,False,False,False,False,False,False,False,False,False,False,False,False,False,False,False,False,False,False
Anuncio actualizado el 15 de febrero,0,0,2.0,0,0,,,planta 1ª exterior,0,0,84294266,16,1,Donostia-San Sebastián,Distrito Centro-Miraconcha," Arrasate , Barrio Área Romántica , Distrito Centro-Miraconcha , Donostia-San Sebastián , Donostialdea, Guipúzcoa ",Barrio Área Romántica,"Donostialdea, Guipúzcoa",100,98,2019-04-01,2200,1,2.0,0,0,0,False,False,True,False,False,False,True,False,False,False,False,False,False,False,False,False,False,False,False,False,False,False,False,False,False,False,False,False,False,False,False,False,False
Anuncio actualizado el 5 de marzo,0,1,1.0,1,0,,,planta 2ª exterior,0,0,84305397,16,0,Hondarribia,Calle Nagusi," Calle Nagusi , Hondarribia , Bajo Bidasoa, Guipúzcoa ",,"Bajo Bidasoa, Guipúzcoa",63,53,2019-04-01,825,0,3.0,0,0,0,False,False,True,False,False,False,False,False,False,False,False,False,False,False,False,True,False,False,False,False,False,False,False,False,False,False,False,False,False,False,False,False,False
Anuncio actualizado el 17 de marzo,0,0,1.0,0,0,,,bajo exterior,0,0,84352177,20,0,Donostia-San Sebastián,Distrito Antiguo," Heriz Pasealekua, 8 , Distrito Antiguo , Donostia-San Sebastián , Donostialdea, Guipúzcoa ","Heriz Pasealekua, 8","Donostialdea, Guipúzcoa",55,,2019-04-01,790,0,0.0,0,0,0,False,False,True,False,False,False,False,False,False,False,False,False,False,False,False,False,False,True,False,False,False,False,False,False,False,False,False,False,False,False,False,False,False
Anuncio actualizado el 31 de marzo,0,0,2.0,1,0,,en trámite,planta 2ª exterior,0,1,30957659,16,0,Donostia-San Sebastián,Distrito Antiguo," heriz pasealekua, 110 , Distrito Antiguo , Donostia-San Sebastián , Donostialdea, Guipúzcoa ","heriz pasealekua, 110","Donostialdea, Guipúzcoa",90,85,2019-04-01,1000,0,3.0,0,0,1,False,False,True,False,False,False,False,False,False,False,False,False,False,False,False,False,False,False,False,False,False,False,False,False,False,False,False,False,False,True,False,False,False
Anuncio actualizado el 15 de marzo,0,0,1.0,0,0,,no indicado,bajo exterior,0,0,84674568,16,0,Mendaro,"Calle Alderdi-Eder Kalea, 1"," Calle Alderdi-Eder Kalea, 1 , Mendaro , Bajo Deba, Guipúzcoa ",,"Bajo Deba, Guipúzcoa",85,,2019-04-01,580,1,3.0,0,0,0,False,False,True,False,False,False,False,False,False,False,False,True,False,False,False,False,False,False,False,False,False,False,False,False,False,False,False,False,False,False,False,True,False
Anuncio actualizado el 25 de febrero,0,0,1.0,0,0,,en trámite,planta 2ª exterior,0,0,84430550,16,0,Anoeta,Urb. Iturburu," Iturburu , Urb. Iturburu , Anoeta , Tolosaldea, Guipúzcoa ",Iturburu,"Tolosaldea, Guipúzcoa",86,,2019-04-01,600,0,3.0,0,0,1,False,False,True,False,False,False,False,False,False,False,False,False,False,False,False,False,False,False,False,False,False,False,False,False,False,False,False,False,False,False,False,False,False
Anuncio actualizado el 20 de marzo,0,0,1.0,0,0,,,planta 4ª exterior,0,0,34784537,16,1,Donostia-San Sebastián,Distrito Antiguo," Calle Erregezaintza, 8 , Distrito Antiguo , Donostia-San Sebastián , Donostialdea, Guipúzcoa ","Calle Erregezaintza, 8","Donostialdea, Guipúzcoa",48,42,2019-04-01,1800,0,2.0,0,0,0,False,False,True,False,False,False,False,False,False,False,False,False,False,False,False,False,False,False,False,False,False,False,False,False,False,False,False,True,False,False,False,False,False
Anuncio actualizado el 25 de marzo,0,0,1.0,0,0,,en trámite,planta 1ª exterior,1,0,33668247,16,1,Legazpia,"Itxaropen Auzoa, 11"," Itxaropen Auzoa, 11 , Legazpia , Goierri, Guipúzcoa ",,"Goierri, Guipúzcoa",70,,2019-04-01,550,0,3.0,1,0,0,False,False,True,False,False,False,False,False,False,False,False,False,False,False,False,False,False,False,False,False,False,False,False,False,False,False,False,False,False,False,False,False,False
Anuncio actualizado el 29 de marzo,0,0,1.0,1,0,,,planta 2ª exterior,1,1,84706961,16,1,Donostia-San Sebastián,Distrito Aiete," Aiete Pasealekua, 57 , Distrito Aiete , Donostia-San Sebastián , Donostialdea, Guipúzcoa ","Aiete Pasealekua, 57","Donostialdea, Guipúzcoa",45,,2019-04-01,850,0,1.0,0,0,0,False,False,True,False,False,False,False,False,False,False,False,False,False,False,False,False,False,False,False,False,False,False,False,False,False,False,False,False,False,False,False,False,False
Anuncio actualizado el 20 de febrero,0,0,1.0,0,0,,en trámite,planta 1ª exterior,0,0,83965875,16,0,Donostia-San Sebastián,Distrito Añorga," añorga txiki , Distrito Añorga , Donostia-San Sebastián , Donostialdea, Guipúzcoa ",añorga txiki,"Donostialdea, Guipúzcoa",75,65,2019-04-01,800,0,2.0,0,0,0,False,False,True,False,False,False,False,False,False,False,False,True,False,False,False,False,False,False,False,False,False,False,False,False,False,False,False,True,False,False,False,False,False
Anuncio actualizado el 27 de febrero,0,1,1.0,1,0,1929,en trámite,planta 2ª exterior,0,0,84457662,16,1,Donostia-San Sebastián,Distrito Parte Vieja," Treinta y Uno de Agosto , Distrito Parte Vieja , Donostia-San Sebastián , Donostialdea, Guipúzcoa ",Treinta y Uno de Agosto,"Donostialdea, Guipúzcoa",70,60,2019-04-01,850,1,3.0,0,0,0,False,False,True,False,False,False,False,False,False,False,False,False,False,False,False,False,False,False,False,False,False,False,False,False,False,False,False,True,False,False,False,False,False
Anuncio actualizado el 12 de marzo,0,1,2.0,1,0,,no indicado,planta 16ª exterior,0,0,84631964,16,1,Donostia-San Sebastián,Distrito Altza-Bidebieta," , Barrio Bidebieta , Distrito Altza-Bidebieta , Donostia-San Sebastián , Donostialdea, Guipúzcoa ",Barrio Bidebieta,"Donostialdea, Guipúzcoa",91,90,2019-04-01,800,0,3.0,0,0,0,False,False,True,False,False,False,False,False,False,False,False,False,False,False,False,True,False,False,False,False,False,False,False,False,False,False,False,False,False,False,False,False,True
Anuncio actualizado el 23 de marzo,0,0,1.0,0,0,,en trámite,planta 1ª exterior,0,0,84647462,16,0,Donostia-San Sebastián,Distrito Intxaurrondo," , Distrito Intxaurrondo , Donostia-San Sebastián , Donostialdea, Guipúzcoa ",,"Donostialdea, Guipúzcoa",50,,2019-04-01,800,0,2.0,0,0,0,False,False,True,False,False,False,False,False,False,False,False,False,False,False,False,False,False,False,False,False,False,False,False,False,False,False,False,False,False,False,False,False,False
Anuncio actualizado el 23 de marzo,0,0,1.0,0,0,1957,,planta 7ª,0,0,84764712,16,1,Donostia-San Sebastián,Distrito Gros," , Distrito Gros , Donostia-San Sebastián , Donostialdea, Guipúzcoa ",,"Donostialdea, Guipúzcoa",46,36,2019-04-01,850,1,1.0,0,0,0,False,False,True,False,False,False,False,False,False,False,False,False,False,False,False,False,False,True,False,False,False,False,False,False,False,False,False,False,False,False,False,False,False
Anuncio actualizado el 22 de febrero,0,0,2.0,0,0,,,planta 4ª exterior,0,0,84385687,16,1,Donostia-San Sebastián,Distrito Gros," Peña y Goñi , Distrito Gros , Donostia-San Sebastián , Donostialdea, Guipúzcoa ",Peña y Goñi,"Donostialdea, Guipúzcoa",100,99,2019-04-01,1550,0,3.0,0,0,0,False,False,True,False,False,False,False,False,False,True,False,False,False,False,False,False,False,False,False,False,False,False,False,False,False,False,False,False,False,False,False,False,False
Anuncio actualizado el 23 de marzo,0,0,2.0,1,0,1983,no indicado,planta 10ª exterior,0,0,84182204,16,1,Irun,Distrito Palmera - Dumboa - Arbes," , Distrito Palmera - Dumboa - Arbes , Irun , Bajo Bidasoa, Guipúzcoa ",,"Bajo Bidasoa, Guipúzcoa",80,,2019-04-01,800,1,3.0,0,0,0,False,False,True,False,False,False,False,False,False,False,False,False,False,False,False,False,False,False,False,True,False,False,False,False,False,False,False,False,False,False,False,False,False
Anuncio actualizado el 12 de marzo,0,0,2.0,0,0,,en trámite,,0,0,84634838,16,0,Lezo,," , Lezo , Donostialdea, Guipúzcoa ",,"Donostialdea, Guipúzcoa",84,80,2019-04-01,700,0,3.0,0,0,0,False,False,False,False,False,False,False,False,False,False,False,False,False,False,False,False,False,False,False,False,False,False,False,False,False,False,False,False,False,False,False,False,False
Anuncio actualizado el 20 de marzo,0,0,1.0,0,0,,en trámite,exterior,0,0,84712920,16,1,Renteria / Errenteria,Distrito Capuchinos - Galtzaraborda," , Distrito Capuchinos - Galtzaraborda , Renteria / Errenteria , Donostialdea, Guipúzcoa ",,"Donostialdea, Guipúzcoa",55,50,2019-04-01,660,0,2.0,0,0,0,False,False,True,False,False,False,False,False,False,False,False,False,False,False,False,False,False,False,False,False,False,False,False,False,False,False,False,False,False,False,False,False,False
Anuncio actualizado el 17 de octubre,0,0,1.0,1,0,,en trámite,planta 3ª interior,0,0,35806612,16,1,Donostia-San Sebastián,Distrito Ategorrieta," Calle San Francisco , Distrito Ategorrieta , Donostia-San Sebastián , Donostialdea, Guipúzcoa ",Calle San Francisco,"Donostialdea, Guipúzcoa",100,85,2019-04-01,1100,0,3.0,0,0,1,False,False,True,False,False,False,False,False,False,False,False,False,False,False,False,False,False,False,False,False,False,False,False,False,False,False,False,False,False,False,False,False,False
Anuncio actualizado el 27 de diciembre,0,0,2.0,0,0,1900,en trámite,planta 6ª exterior,0,0,81954991,16,1,Donostia-San Sebastián,Distrito Antiguo," Paseo de Hériz , Distrito Antiguo , Donostia-San Sebastián , Donostialdea, Guipúzcoa ",Paseo de Hériz,"Donostialdea, Guipúzcoa",65,60,2019-04-01,900,0,2.0,0,0,1,False,False,True,False,False,False,False,False,False,False,False,False,False,False,False,False,False,False,False,False,False,False,False,False,False,False,False,False,False,False,False,False,False
Anuncio actualizado el 7 de febrero,0,0,2.0,0,0,,,planta 1ª exterior,0,0,34429800,16,1,Donostia-San Sebastián,Distrito Ibaeta," Calle Zarauz , Urb. Lorea , Distrito Ibaeta , Donostia-San Sebastián , Donostialdea, Guipúzcoa ",Urb. Lorea,"Donostialdea, Guipúzcoa",110,100,2019-04-01,1400,0,3.0,0,1,1,False,False,True,False,False,False,True,False,False,False,False,False,False,False,False,False,False,False,False,False,False,False,False,False,False,False,False,False,False,False,False,False,False
Anuncio actualizado el 26 de noviembre,0,0,1.0,0,0,,,planta 1ª exterior,0,0,82828610,16,1,Donostia-San Sebastián,Distrito Centro-Miraconcha," Calle Loiola , Barrio Área Romántica , Distrito Centro-Miraconcha , Donostia-San Sebastián , Donostialdea, Guipúzcoa ",Barrio Área Romántica,"Donostialdea, Guipúzcoa",62,51,2019-04-01,1500,0,1.0,0,0,1,False,False,True,False,False,False,False,False,False,False,False,False,False,False,False,False,False,False,False,False,False,False,False,False,False,False,False,False,False,True,False,False,False
Anuncio actualizado el 23 de enero,0,1,2.0,1,0,,,bajo exterior,1,0,83558543,16,0,Donostia-San Sebastián,Distrito Centro-Miraconcha," Aldapeta , Barrio Amara Zaharra-Arbaizenea , Distrito Centro-Miraconcha , Donostia-San Sebastián , Donostialdea, Guipúzcoa ",Barrio Amara Zaharra-Arbaizenea,"Donostialdea, Guipúzcoa",85,77,2019-04-01,1400,0,2.0,1,0,0,False,False,True,False,False,False,False,False,False,False,False,True,False,False,False,False,False,False,False,False,False,False,False,False,False,False,False,False,False,False,False,False,False
Anuncio actualizado el 6 de febrero,0,0,2.0,0,0,,,planta 3ª exterior,0,0,28438194,16,1,Donostia-San Sebastián,Distrito Amara," Avenida Madrid , Barrio Zona Anoeta , Distrito Amara , Donostia-San Sebastián , Donostialdea, Guipúzcoa ",Barrio Zona Anoeta,"Donostialdea, Guipúzcoa",135,125,2019-04-01,1100,0,3.0,0,0,0,False,False,True,False,False,False,False,False,False,False,False,False,False,False,False,False,False,False,False,False,False,False,False,False,False,False,False,False,False,True,False,False,False
Anuncio actualizado el 20 de febrero,0,0,1.0,0,0,,,planta 2ª exterior,0,1,83902852,16,1,Donostia-San Sebastián,Distrito Ibaeta," , Distrito Ibaeta , Donostia-San Sebastián , Donostialdea, Guipúzcoa ",,"Donostialdea, Guipúzcoa",55,,2019-04-01,950,0,1.0,0,1,0,False,False,True,False,False,False,False,True,False,False,False,False,False,False,False,False,False,False,False,False,False,False,True,False,False,False,False,False,False,False,False,False,False
Anuncio actualizado el 6 de febrero,0,0,1.0,1,0,,en trámite,planta 6ª exterior,0,0,25822661,16,1,Donostia-San Sebastián,Distrito Gros," Calle Oiartzun , Distrito Gros , Donostia-San Sebastián , Donostialdea, Guipúzcoa ",Calle Oiartzun,"Donostialdea, Guipúzcoa",40,38,2019-04-01,900,0,1.0,0,0,1,False,False,True,False,False,False,False,False,False,False,False,False,False,False,False,False,False,False,False,False,False,False,False,False,False,False,False,False,False,False,True,False,False
Anuncio actualizado el 6 de febrero,0,1,2.0,1,0,,,planta 2ª exterior,0,0,81854860,16,1,Donostia-San Sebastián,Distrito Amara," Avenida Isabel II , Barrio Zona Anoeta , Distrito Amara , Donostia-San Sebastián , Donostialdea, Guipúzcoa ",Barrio Zona Anoeta,"Donostialdea, Guipúzcoa",95,94,2019-04-01,1200,0,3.0,0,0,0,False,False,True,False,False,False,False,False,False,False,False,False,False,False,False,False,False,True,False,False,False,False,False,False,False,False,False,False,False,False,False,False,False
Anuncio actualizado el 7 de febrero,0,0,1.0,0,0,,,planta 5ª interior,0,0,33205073,16,0,Donostia-San Sebastián,Distrito Parte Vieja," Calle fermin calbeton , Distrito Parte Vieja , Donostia-San Sebastián , Donostialdea, Guipúzcoa ",Calle fermin calbeton,"Donostialdea, Guipúzcoa",75,70,2019-04-01,890,0,2.0,0,0,0,False,False,True,False,False,False,False,False,False,True,False,False,False,False,False,False,False,False,False,False,False,False,False,False,False,False,False,False,False,False,False,False,False
Anuncio actualizado el 15 de febrero,0,1,2.0,0,0,,,planta 4ª exterior,1,0,84267212,16,1,Donostia-San Sebastián,Distrito Centro-Miraconcha," Paseo Miraconcha , Barrio Miraconcha , Distrito Centro-Miraconcha , Donostia-San Sebastián , Donostialdea, Guipúzcoa ",Barrio Miraconcha,"Donostialdea, Guipúzcoa",120,118,2019-04-01,2300,0,3.0,0,0,0,False,False,True,False,False,False,False,False,False,False,False,True,False,False,False,False,False,False,False,False,False,False,False,False,False,False,False,False,False,False,False,False,False
Anuncio actualizado el 27 de marzo,0,0,1.0,0,0,,en trámite,planta 4ª exterior,0,0,29728960,16,1,Pasaia,Euskadi Etorbidea," Euskadi Etorbidea , Pasaia , Donostialdea, Guipúzcoa ",,"Donostialdea, Guipúzcoa",33,30,2019-04-01,620,0,1.0,0,0,0,False,False,True,False,False,False,False,False,False,False,False,False,False,False,False,False,False,False,False,True,False,False,False,False,False,False,False,False,False,False,False,False,False
Anuncio actualizado el 27 de septiembre,0,1,3.0,1,0,,en trámite,4 plantas,1,1,81336845,22,,Donostia-San Sebastián,Distrito Ibaeta," Calle Isidro Ansorena , Distrito Ibaeta , Donostia-San Sebastián , Donostialdea, Guipúzcoa ",Calle Isidro Ansorena,"Donostialdea, Guipúzcoa",100,300,2019-04-01,1950,0,5.0,0,1,1,False,False,True,False,False,False,False,False,False,False,False,False,False,False,False,False,False,False,False,True,False,False,False,False,False,False,False,False,False,False,False,False,False
Anuncio actualizado el 14 de marzo,0,1,3.0,1,0,,,3 plantas,0,0,82141732,22,,Donostia-San Sebastián,Distrito Ibaeta," Jose ARTETXE , Urb. SI APLICA , Distrito Ibaeta , Donostia-San Sebastián , Donostialdea, Guipúzcoa ",Urb. SI APLICA,"Donostialdea, Guipúzcoa",100,285,2019-04-01,1800,1,5.0,0,1,1,False,False,True,False,False,False,False,False,False,False,False,False,False,False,False,False,False,False,False,False,False,False,False,False,False,False,False,False,False,False,False,False,True
Anuncio actualizado el 21 de marzo,0,0,1.0,1,0,2018,,planta 2ª exterior,0,0,84081846,16,1,Hondarribia,almirante alonso," almirante alonso , Hondarribia , Bajo Bidasoa, Guipúzcoa ",,"Bajo Bidasoa, Guipúzcoa",50,,2019-04-01,800,0,2.0,1,0,0,False,False,True,False,False,False,False,False,False,False,False,True,False,False,False,False,False,False,False,False,False,False,False,False,False,False,False,False,False,False,False,False,False
Anuncio actualizado el 6 de febrero,0,0,2.0,1,0,,en trámite,planta 2ª exterior,0,0,84171156,16,0,Donostia-San Sebastián,Distrito Altza-Bidebieta," lauaizeta , Barrio Altza , Distrito Altza-Bidebieta , Donostia-San Sebastián , Donostialdea, Guipúzcoa ",Barrio Altza,"Donostialdea, Guipúzcoa",70,67,2019-04-01,780,0,3.0,0,0,0,False,False,True,False,False,False,False,False,False,False,False,True,False,False,False,False,False,False,False,False,False,False,False,False,False,False,False,False,False,False,False,False,False
Anuncio actualizado el 27 de marzo,0,1,2.0,0,0,,en trámite,planta 2ª exterior,0,0,84195766,16,1,Donostia-San Sebastián,Distrito Gros," , Distrito Gros , Donostia-San Sebastián , Donostialdea, Guipúzcoa ",,"Donostialdea, Guipúzcoa",120,100,2019-04-01,1500,1,4.0,0,0,0,False,False,True,False,False,False,False,False,False,False,False,True,False,False,False,False,False,False,False,False,False,False,False,False,False,False,False,False,False,False,False,False,False
Anuncio actualizado el 31 de marzo,0,0,1.0,0,0,,,planta 1ª exterior,0,0,27296144,16,1,Donostia-San Sebastián,Distrito Centro-Miraconcha," Paseo Pio Baroja , Barrio Miraconcha , Distrito Centro-Miraconcha , Donostia-San Sebastián , Donostialdea, Guipúzcoa ",Barrio Miraconcha,"Donostialdea, Guipúzcoa",50,43,2019-04-01,825,0,1.0,0,0,0,False,False,True,False,False,False,False,False,False,False,False,False,False,False,False,False,False,False,False,False,False,False,False,False,False,False,False,False,False,False,False,False,False
Anuncio actualizado el 26 de marzo,0,1,1.0,1,0,,en trámite,planta 2ª exterior,0,0,84401274,16,1,Donostia-San Sebastián,Distrito Altza-Bidebieta," Serapio Mujika , Barrio Bidebieta , Distrito Altza-Bidebieta , Donostia-San Sebastián , Donostialdea, Guipúzcoa ",Barrio Bidebieta,"Donostialdea, Guipúzcoa",55,49,2019-04-01,750,0,3.0,0,0,0,False,False,True,False,False,False,False,True,False,False,False,False,False,False,False,False,False,False,False,False,False,False,False,False,False,False,False,False,False,False,False,False,False
Anuncio actualizado el 26 de marzo,0,0,1.0,0,0,,en trámite,planta 7ª exterior,0,0,39983454,16,1,Donostia-San Sebastián,Distrito Gros," Calle Renteria , Distrito Gros , Donostia-San Sebastián , Donostialdea, Guipúzcoa ",Calle Renteria,"Donostialdea, Guipúzcoa",45,40,2019-04-01,700,0,1.0,0,0,0,False,False,True,False,False,False,False,False,False,False,False,False,False,False,False,False,False,False,False,False,False,False,False,False,False,False,False,False,False,False,False,False,False
Anuncio actualizado el 18 de marzo,0,0,1.0,1,0,,no indicado,planta 1ª exterior,1,0,29494269,16,1,Donostia-San Sebastián,Distrito Intxaurrondo," Zubiaurre Ibilbidea, 70 B , Distrito Intxaurrondo , Donostia-San Sebastián , Donostialdea, Guipúzcoa ","Zubiaurre Ibilbidea, 70 B","Donostialdea, Guipúzcoa",50,,2019-04-01,900,0,2.0,0,0,0,False,False,True,False,False,False,False,False,False,False,False,True,False,False,False,False,False,False,False,False,False,False,False,False,False,False,False,False,False,False,False,False,False
Anuncio actualizado el 31 de marzo,0,0,2.0,1,0,,en trámite,planta 2ª exterior,0,1,30766344,16,0,Donostia-San Sebastián,Distrito Antiguo," de heriz ibilbidea, 110 , Distrito Antiguo , Donostia-San Sebastián , Donostialdea, Guipúzcoa ","de heriz ibilbidea, 110","Donostialdea, Guipúzcoa",90,89,2019-04-01,1000,0,3.0,0,0,1,False,False,True,False,False,False,False,False,False,False,False,False,False,False,False,False,False,False,False,False,False,False,False,False,False,False,False,False,False,False,False,False,False
Anuncio actualizado el 10 de marzo,0,1,1.0,1,0,,en trámite,planta 2ª exterior,0,0,84601213,16,0,Eskoriatza,"Gastañadui, 7"," Gastañadui, 7 , Eskoriatza , Alto Deba, Guipúzcoa ",,"Alto Deba, Guipúzcoa",90,85,2019-04-01,550,0,3.0,0,0,0,False,False,True,False,False,False,False,False,False,False,False,False,False,False,False,False,False,True,False,False,False,False,False,False,False,False,False,False,False,False,False,False,False
Anuncio actualizado el 15 de marzo,1,0,1.0,1,0,,inmueble exento,planta 9ª exterior,0,0,35467024,18,1,Lasarte-Oria,"Calle iñigo de loyola, 17"," Calle iñigo de loyola, 17 , Lasarte-Oria , Donostialdea, Guipúzcoa ",,"Donostialdea, Guipúzcoa",65,,2019-04-01,770,0,1.0,1,0,1,False,False,True,False,False,False,False,False,False,False,False,False,False,False,False,False,False,False,False,False,False,False,False,False,False,False,False,True,False,False,False,False,False
Anuncio actualizado el 17 de marzo,0,0,2.0,0,0,,,planta 2ª exterior,0,0,31052192,16,1,Getaria,"Calle elkano, 10 -12"," Calle elkano, 10 -12 , Getaria , Urola Kosta, Guipúzcoa ",,"Urola Kosta, Guipúzcoa",80,,2019-04-01,900,0,3.0,0,0,0,False,False,True,False,False,False,False,False,False,False,False,False,False,False,False,False,False,True,False,False,False,False,False,False,False,False,False,False,False,False,False,False,False
Anuncio actualizado el 20 de marzo,0,0,1.0,1,0,,no indicado,planta 3ª exterior,0,0,2139405,16,0,Beasain,"Calle Jose Migel Iturrioz, 9"," Calle Jose Migel Iturrioz, 9 , Beasain , Goierri, Guipúzcoa ",,"Goierri, Guipúzcoa",70,,2019-04-01,750,0,1.0,1,0,0,False,False,True,False,False,False,False,False,False,False,False,False,False,False,False,False,False,False,False,False,False,False,False,False,False,False,False,False,False,False,False,False,False
Anuncio actualizado el 26 de marzo,0,0,2.0,1,0,,,planta 2ª exterior,1,0,38671815,16,1,Donostia-San Sebastián,Distrito Centro-Miraconcha," Calle Arrasate, 9 , Barrio Área Romántica , Distrito Centro-Miraconcha , Donostia-San Sebastián , Donostialdea, Guipúzcoa ",Barrio Área Romántica,"Donostialdea, Guipúzcoa",75,70,2019-04-01,1350,0,2.0,0,0,0,False,False,True,False,False,False,False,False,False,False,False,False,False,False,False,False,False,True,False,False,False,False,False,False,False,False,False,False,False,False,False,False,False
Anuncio actualizado el 25 de marzo,0,0,1.0,1,0,,,planta 2ª exterior,0,0,84420130,16,1,Donostia-San Sebastián,Distrito Gros," Calle Txofre , Distrito Gros , Donostia-San Sebastián , Donostialdea, Guipúzcoa ",Calle Txofre,"Donostialdea, Guipúzcoa",55,50,2019-04-01,850,0,1.0,0,0,0,False,False,True,False,False,False,False,False,False,False,False,True,False,False,False,False,False,False,False,False,False,False,False,False,False,False,False,False,False,False,False,False,False
Anuncio actualizado el 15 de marzo,0,0,1.0,0,0,,en trámite,planta 6ª exterior,0,0,84478285,16,1,Donostia-San Sebastián,Distrito Centro-Miraconcha," Calle Etxaide , Barrio Área Romántica , Distrito Centro-Miraconcha , Donostia-San Sebastián , Donostialdea, Guipúzcoa ",Barrio Área Romántica,"Donostialdea, Guipúzcoa",41,,2019-04-01,960,0,1.0,1,0,1,False,False,True,False,False,False,False,False,False,False,False,False,False,False,False,False,False,True,False,False,False,False,False,False,False,False,False,False,False,False,False,False,False
Anuncio actualizado el 13 de marzo,0,0,2.0,1,0,,en trámite,planta 2ª exterior,1,0,84652253,16,1,Lasarte-Oria,"Hipodromo Etorbidea-Avda del Hipodromo, Lasarte-Oria"," Hipodromo Etorbidea-Avda del Hipodromo, Lasarte-Oria , Lasarte-Oria , Donostialdea, Guipúzcoa ",,"Donostialdea, Guipúzcoa",65,,2019-04-01,800,0,2.0,1,0,1,False,False,True,False,False,False,False,False,False,False,False,False,False,False,False,False,False,True,False,False,False,False,False,False,False,False,False,False,False,False,False,False,False
Anuncio actualizado el 25 de octubre,0,0,2.0,0,0,,en trámite,planta 2ª exterior,0,0,32113132,16,1,Bergara,"ibargarai, 5"," ibargarai, 5 , Bergara , Alto Deba, Guipúzcoa ",,"Alto Deba, Guipúzcoa",110,95,2019-04-01,900,0,3.0,0,0,0,False,False,True,False,False,False,False,False,False,False,False,False,False,False,False,False,False,False,False,False,False,False,False,False,False,False,False,False,False,False,False,False,False
Anuncio actualizado el 12 de diciembre,0,1,4.0,0,0,,en trámite,planta 3ª exterior,1,1,82255969,18,1,Donostia-San Sebastián,Distrito Ategorrieta," , Distrito Ategorrieta , Donostia-San Sebastián , Donostialdea, Guipúzcoa ",,"Donostialdea, Guipúzcoa",163,,2019-04-01,2200,0,4.0,1,1,1,False,False,True,False,False,False,False,False,False,False,False,False,False,False,False,False,False,False,False,False,False,False,False,False,False,False,False,False,False,False,False,False,False
Anuncio actualizado el 22 de enero,0,0,2.0,0,0,2009,en trámite,planta 3ª exterior,0,0,40450094,16,1,Zaldibia,"santa fe 44, 3 b"," santa fe 44, 3 b , Zaldibia , Goierri, Guipúzcoa ",,"Goierri, Guipúzcoa",95,80,2019-04-01,550,0,3.0,0,0,0,False,False,True,False,False,False,False,False,False,False,False,False,False,False,False,False,False,False,False,False,False,False,False,False,False,False,False,False,False,False,False,False,False
Anuncio actualizado el 25 de enero,0,0,1.0,0,0,,no indicado,,0,0,37913416,16,1,Donostia-San Sebastián,Distrito Gros," , Distrito Gros , Donostia-San Sebastián , Donostialdea, Guipúzcoa ",,"Donostialdea, Guipúzcoa",65,,2019-04-01,900,0,1.0,0,0,0,False,False,False,False,False,False,False,False,False,False,False,False,False,False,False,False,False,False,False,False,False,False,False,False,False,False,False,False,False,False,False,False,False
Anuncio actualizado el 4 de enero,0,0,1.0,0,0,,no indicado,planta 1ª exterior,0,0,28615579,16,1,Donostia-San Sebastián,Distrito Gros," , Distrito Gros , Donostia-San Sebastián , Donostialdea, Guipúzcoa ",,"Donostialdea, Guipúzcoa",65,,2019-04-01,900,0,2.0,0,0,0,False,False,True,False,False,False,False,False,False,False,False,False,False,False,False,False,False,False,False,False,True,False,False,False,False,False,False,False,False,False,False,False,False
Anuncio actualizado el 28 de marzo,0,1,1.0,0,0,,en trámite,planta 1ª exterior,0,0,27382026,16,0,Donostia-San Sebastián,Distrito Intxaurrondo," , Distrito Intxaurrondo , Donostia-San Sebastián , Donostialdea, Guipúzcoa ",,"Donostialdea, Guipúzcoa",70,65,2019-04-01,660,0,3.0,0,0,0,False,False,True,False,False,False,False,False,False,False,False,False,False,False,False,True,False,True,False,False,False,False,False,False,False,False,False,False,False,False,False,False,False
Anuncio actualizado el 26 de marzo,0,0,2.0,0,0,,,planta 1ª,0,0,84100447,16,0,Donostia-San Sebastián,Distrito Parte Vieja," , Distrito Parte Vieja , Donostia-San Sebastián , Donostialdea, Guipúzcoa ",,"Donostialdea, Guipúzcoa",105,95,2019-04-01,1200,0,4.0,0,0,0,False,False,False,False,False,False,False,False,False,False,False,False,False,False,False,False,False,False,False,False,False,False,False,False,False,False,False,False,False,False,False,False,False
Anuncio actualizado el 5 de marzo,0,0,1.0,0,0,,en trámite,planta 2ª,0,0,84287578,16,0,Donostia-San Sebastián,Distrito Centro-Miraconcha," , Barrio Área Romántica , Distrito Centro-Miraconcha , Donostia-San Sebastián , Donostialdea, Guipúzcoa ",Barrio Área Romántica,"Donostialdea, Guipúzcoa",52,50,2019-04-01,1100,0,1.0,0,0,0,False,False,True,False,False,False,False,False,False,False,False,False,False,False,False,False,False,False,False,False,False,False,False,False,False,False,False,False,False,True,False,False,False
Anuncio actualizado el 12 de marzo,0,0,1.0,1,0,1920,en trámite,planta 4ª interior,0,0,84615726,16,1,Donostia-San Sebastián,Distrito Centro-Miraconcha," Avenida de La Libertad, 27 , Barrio Área Romántica , Distrito Centro-Miraconcha , Donostia-San Sebastián , Donostialdea, Guipúzcoa ",Barrio Área Romántica,"Donostialdea, Guipúzcoa",50,40,2019-04-01,850,0,1.0,0,0,0,False,False,True,False,False,False,False,False,False,False,False,True,False,False,False,False,False,False,False,False,False,False,False,False,False,False,False,False,False,True,False,False,False
Anuncio actualizado el 18 de febrero,0,1,1.0,1,0,,en trámite,planta 3ª exterior,0,0,81472551,16,1,Donostia-San Sebastián,Distrito Centro-Miraconcha," Txurruca , Barrio Área Romántica , Distrito Centro-Miraconcha , Donostia-San Sebastián , Donostialdea, Guipúzcoa ",Barrio Área Romántica,"Donostialdea, Guipúzcoa",70,65,2019-04-01,1200,0,1.0,0,0,0,False,False,True,False,False,False,False,False,False,False,False,True,False,False,False,False,False,False,False,True,False,False,False,False,False,False,False,False,False,False,False,False,False
Anuncio actualizado el 24 de septiembre,0,0,1.0,0,0,,en trámite,planta 1ª exterior,0,0,82474852,16,1,Donostia-San Sebastián,Distrito Centro-Miraconcha," Calle Loyola , Barrio Área Romántica , Distrito Centro-Miraconcha , Donostia-San Sebastián , Donostialdea, Guipúzcoa ",Barrio Área Romántica,"Donostialdea, Guipúzcoa",50,,2019-04-01,1500,0,1.0,0,0,0,False,False,True,False,False,False,False,False,False,False,False,False,False,False,False,False,False,False,False,False,False,False,False,False,False,False,False,False,False,False,False,False,False
Anuncio actualizado el 29 de marzo,0,0,1.0,0,0,,,planta 2ª,0,0,81231015,16,1,Donostia-San Sebastián,Distrito Centro-Miraconcha," , Barrio Área Romántica , Distrito Centro-Miraconcha , Donostia-San Sebastián , Donostialdea, Guipúzcoa ",Barrio Área Romántica,"Donostialdea, Guipúzcoa",52,43,2019-04-01,1100,0,1.0,0,0,0,False,False,False,False,False,False,False,False,False,False,False,False,False,False,False,False,False,False,False,False,False,False,False,False,False,False,False,False,False,False,False,False,False
Anuncio actualizado el 28 de marzo,0,0,2.0,1,0,1950,en trámite,planta 5ª exterior,0,0,34381933,16,1,Pasaia,nafarroa hiribidea," nafarroa hiribidea , Pasaia , Donostialdea, Guipúzcoa ",,"Donostialdea, Guipúzcoa",120,100,2019-04-01,800,0,3.0,0,0,0,False,False,True,False,False,False,False,False,False,False,False,False,False,False,False,False,False,False,False,False,False,False,False,True,False,False,False,False,False,False,False,False,False
Anuncio actualizado el 12 de marzo,0,0,3.0,1,0,,en trámite,planta 7ª exterior,1,0,37136515,16,1,Donostia-San Sebastián,Distrito Amara," Sancho el Sabio Hiribidea , Barrio Amara , Distrito Amara , Donostia-San Sebastián , Donostialdea, Guipúzcoa ",Barrio Amara,"Donostialdea, Guipúzcoa",185,180,2019-04-01,1600,0,4.0,0,0,1,False,False,True,False,False,False,False,False,False,False,False,False,False,False,False,False,False,False,False,False,False,False,False,False,False,False,False,False,False,True,False,False,False
Anuncio actualizado el 16 de marzo,0,0,1.0,1,0,,en trámite,planta 1ª exterior,0,0,84447121,16,1,Donostia-San Sebastián,Distrito Amara," riberas de loyola , Barrio Riberas , Distrito Amara , Donostia-San Sebastián , Donostialdea, Guipúzcoa ",Barrio Riberas,"Donostialdea, Guipúzcoa",130,100,2019-04-01,1200,1,2.0,0,0,1,False,False,True,False,False,False,False,False,False,False,False,True,False,False,False,False,False,False,False,False,False,False,False,False,False,False,False,False,False,False,False,False,False
Anuncio actualizado el 21 de marzo,0,1,1.0,1,0,1967,,planta 2ª exterior,0,0,84545878,16,0,Irun,Distrito Pinar - Anaka - Belaskoenea," MONTE ALDABE , Distrito Pinar - Anaka - Belaskoenea , Irun , Bajo Bidasoa, Guipúzcoa ",MONTE ALDABE,"Bajo Bidasoa, Guipúzcoa",80,74,2019-04-01,690,0,2.0,0,0,0,False,False,True,False,False,False,False,False,False,False,False,True,False,False,False,False,False,False,False,False,True,False,False,False,False,False,False,False,False,False,False,False,False
Anuncio actualizado el 11 de marzo,0,0,1.0,0,0,,,planta 6ª exterior,0,0,34431124,16,1,Donostia-San Sebastián,Distrito Centro-Miraconcha," Calle etxaide , Barrio Área Romántica , Distrito Centro-Miraconcha , Donostia-San Sebastián , Donostialdea, Guipúzcoa ",Barrio Área Romántica,"Donostialdea, Guipúzcoa",40,,2019-04-01,950,0,1.0,0,0,0,False,False,False,False,False,False,False,False,False,False,False,False,False,False,False,False,False,False,False,False,False,False,False,False,False,False,False,False,False,False,False,False,False
Anuncio actualizado el 12 de marzo,0,1,1.0,0,0,,en trámite,planta 1ª exterior,0,0,1572289,16,1,Donostia-San Sebastián,Distrito Gros," Calle San Blas , Distrito Gros , Donostia-San Sebastián , Donostialdea, Guipúzcoa ",Calle San Blas,"Donostialdea, Guipúzcoa",40,,2019-04-01,700,0,1.0,0,0,0,False,False,True,False,False,False,False,False,False,False,False,False,False,False,False,False,False,False,False,False,False,False,False,False,False,False,False,False,False,False,False,False,False
Anuncio actualizado el 14 de marzo,0,1,1.0,0,0,,,planta 9ª exterior,0,0,28037336,16,1,Donostia-San Sebastián,Distrito Amara," Avenida Felipe IV , Barrio Amara , Distrito Amara , Donostia-San Sebastián , Donostialdea, Guipúzcoa ",Barrio Amara,"Donostialdea, Guipúzcoa",70,65,2019-04-01,950,0,3.0,0,0,0,False,False,True,False,False,False,False,False,False,False,False,True,False,False,False,False,False,False,False,False,False,False,False,False,False,False,False,False,False,True,False,False,False
Anuncio actualizado el 21 de marzo,0,0,2.0,0,0,,,planta 5ª exterior,0,0,82196075,16,1,Donostia-San Sebastián,Distrito Centro-Miraconcha," Calle Hondarribia , Barrio Área Romántica , Distrito Centro-Miraconcha , Donostia-San Sebastián , Donostialdea, Guipúzcoa ",Barrio Área Romántica,"Donostialdea, Guipúzcoa",100,90,2019-04-01,1300,0,3.0,0,0,1,False,False,True,False,False,False,False,False,False,False,False,False,False,False,False,False,False,True,False,False,False,False,False,False,False,False,False,False,False,False,False,False,False
Anuncio actualizado el 18 de julio,0,1,1.0,1,0,,,planta 5ª exterior,0,0,81758273,16,1,Donostia-San Sebastián,Distrito Centro-Miraconcha," Hondarribia , Barrio Área Romántica , Distrito Centro-Miraconcha , Donostia-San Sebastián , Donostialdea, Guipúzcoa ",Barrio Área Romántica,"Donostialdea, Guipúzcoa",78,70,2019-04-01,2650,0,2.0,0,0,0,False,False,True,False,False,False,False,False,False,False,False,False,False,False,False,False,False,False,False,False,False,False,False,False,False,False,False,False,False,False,False,False,False
Anuncio actualizado el 20 de noviembre,0,1,1.0,1,0,,en trámite,planta 6ª exterior,0,0,82659339,16,1,Donostia-San Sebastián,Distrito Centro-Miraconcha," Andia , Barrio Área Romántica , Distrito Centro-Miraconcha , Donostia-San Sebastián , Donostialdea, Guipúzcoa ",Barrio Área Romántica,"Donostialdea, Guipúzcoa",68,60,2019-04-01,1400,1,1.0,0,0,0,False,False,True,False,False,False,False,True,False,False,False,False,False,False,False,False,False,False,False,False,False,False,False,False,False,False,False,False,False,False,False,False,False
Anuncio actualizado el 7 de enero,0,1,2.0,1,0,1997,en trámite,planta 2ª exterior,1,0,38927366,16,1,Irun,Distrito Centro - Mendibil - Santiago," Plaza Istillaga , Distrito Centro - Mendibil - Santiago , Irun , Bajo Bidasoa, Guipúzcoa ",Plaza Istillaga,"Bajo Bidasoa, Guipúzcoa",110,107,2019-04-01,900,0,3.0,0,0,0,False,False,True,False,False,False,False,False,False,False,False,False,False,False,False,False,False,False,False,False,False,False,False,False,False,False,False,False,False,False,False,False,False
Anuncio actualizado el 21 de enero,0,0,1.0,0,0,,,planta 3ª exterior,0,0,83904916,16,1,Donostia-San Sebastián,Distrito Parte Vieja," perujuantxu , Distrito Parte Vieja , Donostia-San Sebastián , Donostialdea, Guipúzcoa ",perujuantxu,"Donostialdea, Guipúzcoa",83,75,2019-04-01,1400,0,2.0,0,0,0,False,False,True,False,False,False,False,True,False,False,False,False,False,False,False,False,False,False,False,False,False,False,False,False,False,False,False,False,False,False,False,False,False
Anuncio actualizado el 5 de marzo,0,0,2.0,0,0,2006,en trámite,bajo exterior,1,0,84096355,16,1,Orio,Calle Antilla," Calle Antilla , Orio , Urola Kosta, Guipúzcoa ",,"Urola Kosta, Guipúzcoa",90,80,2019-04-01,1200,0,3.0,0,0,1,False,False,True,False,False,False,False,False,False,False,False,False,False,False,False,False,False,False,False,False,False,False,False,False,False,False,False,False,False,False,False,False,False
Anuncio actualizado el 5 de marzo,0,0,2.0,0,0,,en trámite,planta 3ª,0,0,84284473,16,0,Donostia-San Sebastián,Distrito Parte Vieja," Calle Etxague Jenerala , Distrito Parte Vieja , Donostia-San Sebastián , Donostialdea, Guipúzcoa ",Calle Etxague Jenerala,"Donostialdea, Guipúzcoa",90,80,2019-04-01,1300,0,3.0,0,0,0,False,False,True,False,False,False,False,False,False,False,False,False,False,False,False,False,False,False,False,False,False,False,False,False,False,False,False,False,False,False,False,False,False
Anuncio actualizado el 29 de marzo,0,1,1.0,1,0,1978,en trámite,planta 6ª exterior,0,0,84350836,16,1,Irun,Distrito Centro - Mendibil - Santiago," Virgen Milagrosa , Distrito Centro - Mendibil - Santiago , Irun , Bajo Bidasoa, Guipúzcoa ",Virgen Milagrosa,"Bajo Bidasoa, Guipúzcoa",85,78,2019-04-01,800,0,3.0,0,0,0,False,False,True,False,False,False,False,False,False,False,False,True,False,False,False,False,False,False,False,False,False,False,False,False,False,False,False,False,False,False,False,False,False
Anuncio actualizado el 4 de marzo,0,1,1.0,1,0,1972,en trámite,planta 2ª exterior,0,0,84460928,16,1,Donostia-San Sebastián,Distrito Amara," , Barrio Zona Anoeta , Distrito Amara , Donostia-San Sebastián , Donostialdea, Guipúzcoa ",Barrio Zona Anoeta,"Donostialdea, Guipúzcoa",70,62,2019-04-01,850,1,2.0,0,0,0,False,False,True,False,False,False,False,False,False,False,False,True,False,False,False,False,False,True,False,False,False,False,False,False,False,False,False,False,False,False,False,False,False
Anuncio actualizado el 1 de marzo,0,0,1.0,1,0,,en trámite,planta 2ª exterior,0,0,84499400,16,1,Irun,Distrito Centro - Mendibil - Santiago," Vega de Eguzkiza Kalea, Irún , Distrito Centro - Mendibil - Santiago , Irun , Bajo Bidasoa, Guipúzcoa ","Vega de Eguzkiza Kalea, Irún","Bajo Bidasoa, Guipúzcoa",60,55,2019-04-01,700,0,2.0,0,0,0,False,False,True,False,False,False,False,False,False,False,False,False,False,False,False,False,False,False,False,False,False,False,False,False,False,False,False,False,False,False,False,False,False
Anuncio actualizado el 7 de marzo,0,0,1.0,1,0,1996,en trámite,1 planta,1,1,39968691,17,,Oiartzun,Pikabene," Pikabene , Oiartzun , Donostialdea, Guipúzcoa ",,"Donostialdea, Guipúzcoa",100,91,2019-04-01,1800,0,4.0,1,0,1,False,False,True,False,False,False,False,False,False,False,False,False,False,False,False,False,False,False,False,False,False,False,False,False,False,True,False,False,False,False,False,False,False
Anuncio actualizado el 27 de marzo,0,0,4.0,0,0,,,,0,0,83319635,17,,Antzuola,," , Antzuola , Alto Deba, Guipúzcoa ",,"Alto Deba, Guipúzcoa",144,,2019-04-01,640,0,3.0,0,0,0,False,False,True,False,False,False,False,False,False,False,False,False,False,False,False,False,False,False,False,False,False,False,False,False,False,False,False,False,False,False,False,False,False
Anuncio actualizado el 10 de enero,0,0,2.0,1,0,1966,en trámite,planta 6ª exterior,0,0,83792380,16,1,Donostia-San Sebastián,Distrito Amara," Urb. San Marcial , Barrio Zona Anoeta , Distrito Amara , Donostia-San Sebastián , Donostialdea, Guipúzcoa ",Barrio Zona Anoeta,"Donostialdea, Guipúzcoa",85,75,2019-04-01,1200,0,3.0,0,0,1,False,False,True,False,True,False,False,False,False,False,False,False,False,False,False,False,False,False,False,False,False,False,False,False,False,False,False,False,False,True,False,False,False
Anuncio actualizado el 16 de marzo,0,0,2.0,0,0,,en trámite,planta 2ª exterior,0,1,83821732,16,1,Donostia-San Sebastián,Distrito Aiete," , Distrito Aiete , Donostia-San Sebastián , Donostialdea, Guipúzcoa ",,"Donostialdea, Guipúzcoa",97,81,2019-04-01,1300,0,3.0,0,0,1,False,False,True,False,False,False,False,False,False,False,False,False,False,False,False,False,False,False,False,False,False,False,False,False,False,False,False,False,False,False,False,False,False
Anuncio actualizado el 4 de marzo,0,1,1.0,1,0,1979,en trámite,planta 4ª exterior,0,0,84394420,16,1,Donostia-San Sebastián,Distrito Amara," amezketa , Barrio Amara , Distrito Amara , Donostia-San Sebastián , Donostialdea, Guipúzcoa ",Barrio Amara,"Donostialdea, Guipúzcoa",65,59,2019-04-01,900,0,2.0,0,0,0,False,False,True,False,False,False,False,False,False,False,False,False,False,False,False,False,False,False,False,True,False,False,False,False,False,False,False,False,False,False,False,False,False
Anuncio actualizado el 11 de marzo,0,1,1.0,1,0,,,planta 8ª exterior,0,0,84170578,16,1,Donostia-San Sebastián,Distrito Amara," Avenida de Madrid , Barrio Zona Anoeta , Distrito Amara , Donostia-San Sebastián , Donostialdea, Guipúzcoa ",Barrio Zona Anoeta,"Donostialdea, Guipúzcoa",83,80,2019-04-01,1100,0,3.0,1,0,0,False,False,True,False,False,False,False,True,False,False,False,False,False,False,False,False,False,False,False,False,False,False,False,False,False,False,False,True,False,False,False,False,False
Anuncio actualizado el 12 de marzo,0,0,1.0,0,0,,en trámite,planta 1ª exterior,0,0,84436532,16,0,Donostia-San Sebastián,Distrito Ibaeta," , Distrito Ibaeta , Donostia-San Sebastián , Donostialdea, Guipúzcoa ",,"Donostialdea, Guipúzcoa",73,70,2019-04-01,1100,0,3.0,0,0,0,False,False,False,False,False,False,False,False,False,False,False,False,False,False,False,False,False,False,False,False,True,False,False,False,False,False,False,False,False,False,False,False,False
Anuncio actualizado el 12 de marzo,0,0,1.0,0,0,,en trámite,planta 1ª exterior,0,0,84628776,16,0,Pasaia,donibane s/n," donibane s/n , Pasaia , Donostialdea, Guipúzcoa ",,"Donostialdea, Guipúzcoa",58,57,2019-04-01,700,0,2.0,0,0,0,False,False,True,False,False,False,False,False,False,False,False,False,False,False,False,True,False,False,False,False,False,False,False,False,False,False,False,False,False,False,False,False,False
Anuncio actualizado el 28 de febrero,1,0,1.0,0,0,,,bajo exterior,0,1,84169217,20,0,Donostia-San Sebastián,Distrito Ibaeta," Camino Pillotegi Bidea, 12 , Distrito Ibaeta , Donostia-San Sebastián , Donostialdea, Guipúzcoa ","Camino Pillotegi Bidea, 12","Donostialdea, Guipúzcoa",46,45,2019-04-01,700,0,0.0,0,0,0,False,False,True,False,False,False,False,False,False,False,False,False,False,False,False,False,False,False,False,False,False,False,False,False,False,False,False,False,False,False,False,False,False
Anuncio actualizado el 29 de marzo,0,0,1.0,0,0,,en trámite,planta 4ª,1,0,84860503,16,0,Donostia-San Sebastián,Distrito Centro-Miraconcha," , Barrio Área Romántica , Distrito Centro-Miraconcha , Donostia-San Sebastián , Donostialdea, Guipúzcoa ",Barrio Área Romántica,"Donostialdea, Guipúzcoa",40,,2019-04-01,1200,0,1.0,0,0,0,False,False,False,False,False,False,False,False,False,False,False,False,False,False,False,False,False,False,False,False,False,False,False,False,False,False,False,False,False,False,False,False,False
Anuncio actualizado el 24 de marzo,0,0,4.0,1,0,,,planta 9ª exterior,1,1,40400870,16,1,Hondarribia,Urb. Iterlimen," Ramon Iribarren Pasealekua Ibilbidea, 12 , Urb. Iterlimen , Hondarribia , Bajo Bidasoa, Guipúzcoa ","Ramon Iribarren Pasealekua Ibilbidea, 12","Bajo Bidasoa, Guipúzcoa",160,130,2019-04-01,5000,0,5.0,0,0,1,False,False,True,False,False,False,False,False,False,False,False,False,False,False,False,False,False,False,False,False,False,False,False,False,False,False,False,False,False,False,False,False,False
Anuncio actualizado el 22 de enero,0,0,4.0,0,0,,en trámite,,0,0,81951778,23,,Donostia-San Sebastián,Distrito Ategorrieta," , Distrito Ategorrieta , Donostia-San Sebastián , Donostialdea, Guipúzcoa ",,"Donostialdea, Guipúzcoa",250,240,2019-04-01,3000,0,4.0,0,0,0,False,False,True,False,False,False,False,False,False,False,False,False,False,False,False,False,False,False,False,False,False,False,False,False,False,False,False,False,False,False,False,False,False
Anuncio actualizado el 12 de marzo,0,0,3.0,1,0,,en trámite,planta 2ª exterior,1,0,33657390,18,1,Donostia-San Sebastián,Distrito Centro-Miraconcha," , Barrio Miraconcha , Distrito Centro-Miraconcha , Donostia-San Sebastián , Donostialdea, Guipúzcoa ",Barrio Miraconcha,"Donostialdea, Guipúzcoa",200,,2019-04-01,1600,0,4.0,0,0,1,False,False,True,False,False,False,False,False,False,False,False,False,False,False,False,False,False,False,False,False,False,False,False,False,False,False,False,False,False,True,False,False,False
Anuncio actualizado el 26 de noviembre,0,0,1.0,0,0,,en trámite,planta 6ª exterior,0,0,82590051,16,1,Donostia-San Sebastián,Distrito Centro-Miraconcha," , Barrio Área Romántica , Distrito Centro-Miraconcha , Donostia-San Sebastián , Donostialdea, Guipúzcoa ",Barrio Área Romántica,"Donostialdea, Guipúzcoa",46,,2019-04-01,900,0,1.0,0,0,1,False,False,True,False,False,False,False,False,False,False,False,False,False,False,False,False,False,False,False,False,False,False,False,False,False,False,False,True,False,False,False,False,False
Anuncio actualizado el 14 de marzo,0,0,2.0,0,0,2008,en trámite,planta 2ª exterior,0,0,82939459,16,1,Donostia-San Sebastián,Distrito Egia," , Distrito Egia , Donostia-San Sebastián , Donostialdea, Guipúzcoa ",,"Donostialdea, Guipúzcoa",80,75,2019-04-01,1200,0,2.0,0,0,1,False,False,True,False,False,False,False,False,False,False,False,False,False,False,False,False,False,False,False,False,False,False,False,False,False,False,False,False,False,False,False,False,False
Anuncio actualizado el 25 de marzo,0,0,2.0,1,0,,en trámite,planta 2ª exterior,1,0,83598414,18,1,Donostia-San Sebastián,Distrito Antiguo," Itsasargi Pasealekua, 40 , Distrito Antiguo , Donostia-San Sebastián , Donostialdea, Guipúzcoa ","Itsasargi Pasealekua, 40","Donostialdea, Guipúzcoa",130,,2019-04-01,2200,0,3.0,0,0,1,False,False,True,False,False,False,False,False,False,False,False,False,False,False,False,False,False,False,False,False,False,False,False,False,False,False,False,False,False,True,False,False,False
Anuncio actualizado el 5 de marzo,0,0,1.0,0,0,,en trámite,planta 1ª exterior,0,0,83691977,16,0,Donostia-San Sebastián,Distrito Parte Vieja," , Distrito Parte Vieja , Donostia-San Sebastián , Donostialdea, Guipúzcoa ",,"Donostialdea, Guipúzcoa",60,46,2019-04-01,1000,0,1.0,0,0,0,False,False,True,False,False,False,False,False,False,False,False,False,False,False,False,False,False,False,False,False,False,False,False,False,False,False,False,False,False,False,False,False,False
Anuncio actualizado el 19 de febrero,0,0,2.0,0,0,,en trámite,planta 3ª,0,0,82650315,16,1,Donostia-San Sebastián,Distrito Centro-Miraconcha," , Barrio Área Romántica , Distrito Centro-Miraconcha , Donostia-San Sebastián , Donostialdea, Guipúzcoa ",Barrio Área Romántica,"Donostialdea, Guipúzcoa",85,80,2019-04-01,2000,0,2.0,1,0,0,False,False,True,False,False,False,False,False,False,False,False,False,False,False,False,False,False,False,False,False,False,False,False,False,False,False,False,True,False,False,False,False,False
Anuncio actualizado el 8 de marzo,1,0,1.0,1,0,,,planta 2ª exterior,0,0,36058642,16,0,Donostia-San Sebastián,Distrito Miramon-Zorroaga," , Distrito Miramon-Zorroaga , Donostia-San Sebastián , Donostialdea, Guipúzcoa ",,"Donostialdea, Guipúzcoa",75,,2019-04-01,850,0,3.0,1,0,0,False,False,True,False,False,False,False,False,False,False,False,False,False,False,False,False,False,False,False,False,False,False,False,False,False,False,False,False,False,False,False,False,False
Anuncio actualizado el 29 de marzo,0,0,1.0,0,0,,,planta 4ª interior,0,0,38640264,21,0,Beasain,"Calle Jose Migel Iturriotz, 20"," Calle Jose Migel Iturriotz, 20 , Beasain , Goierri, Guipúzcoa ",,"Goierri, Guipúzcoa",75,60,2019-04-01,600,0,2.0,0,0,0,False,False,True,False,False,False,False,False,False,False,False,False,False,False,False,False,False,False,False,False,False,False,False,False,False,False,False,False,False,False,True,False,False
Anuncio actualizado el 27 de marzo,0,0,1.0,0,0,,,planta 5ª,0,0,82289976,16,1,Donostia-San Sebastián,Distrito Centro-Miraconcha," , Barrio Área Romántica , Distrito Centro-Miraconcha , Donostia-San Sebastián , Donostialdea, Guipúzcoa ",Barrio Área Romántica,"Donostialdea, Guipúzcoa",95,90,2019-04-01,1200,0,3.0,0,0,1,False,False,True,False,False,False,False,False,False,False,False,False,False,False,False,False,False,False,False,False,False,False,False,False,False,False,False,False,False,True,False,False,False
Anuncio actualizado el 8 de febrero,0,0,1.0,1,0,,en trámite,planta 4ª exterior,1,0,84194435,16,1,Donostia-San Sebastián,Distrito Centro-Miraconcha," Caller Arrasate , Barrio Área Romántica , Distrito Centro-Miraconcha , Donostia-San Sebastián , Donostialdea, Guipúzcoa ",Barrio Área Romántica,"Donostialdea, Guipúzcoa",45,,2019-04-01,1200,0,1.0,0,0,0,False,False,True,False,False,False,False,False,False,False,False,False,False,False,False,False,False,False,False,False,False,False,False,False,False,False,False,False,False,False,False,False,False
Anuncio actualizado el 29 de marzo,0,1,1.0,0,0,,en trámite,planta 7ª exterior,0,0,84491207,16,1,Donostia-San Sebastián,Distrito Gros," , Distrito Gros , Donostia-San Sebastián , Donostialdea, Guipúzcoa ",,"Donostialdea, Guipúzcoa",50,44,2019-04-01,900,0,1.0,0,0,0,False,False,True,False,False,False,False,False,False,False,False,True,False,False,False,False,False,False,False,False,False,False,False,False,False,False,False,False,False,False,False,False,False
Anuncio actualizado el 8 de marzo,0,1,1.0,1,0,,en trámite,planta 4ª exterior,0,0,84518402,16,1,Donostia-San Sebastián,Distrito Ibaeta," Avenida zarautz , Distrito Ibaeta , Donostia-San Sebastián , Donostialdea, Guipúzcoa ",Avenida zarautz,"Donostialdea, Guipúzcoa",50,,2019-04-01,950,0,1.0,0,1,0,False,False,True,False,True,False,False,False,False,False,False,False,False,False,False,False,False,False,False,False,False,False,False,False,False,False,False,True,False,False,False,False,False
Anuncio actualizado el 20 de marzo,0,0,2.0,1,0,1950,en trámite,planta 6ª exterior,0,0,84549151,21,1,Donostia-San Sebastián,Distrito Gros," ramon maria lili , Distrito Gros , Donostia-San Sebastián , Donostialdea, Guipúzcoa ",ramon maria lili,"Donostialdea, Guipúzcoa",80,70,2019-04-01,1480,0,2.0,0,0,1,False,False,True,False,False,False,False,True,False,False,False,False,False,False,False,False,False,False,False,False,False,False,False,False,False,False,False,True,False,False,False,False,False
Anuncio actualizado el 29 de marzo,0,0,2.0,1,0,,,planta 2ª,0,0,27863457,16,1,Donostia-San Sebastián,Distrito Egia," , Distrito Egia , Donostia-San Sebastián , Donostialdea, Guipúzcoa ",,"Donostialdea, Guipúzcoa",77,70,2019-04-01,1200,0,2.0,0,0,0,False,False,True,False,False,False,False,False,False,False,False,False,False,False,False,False,False,False,False,False,False,False,False,False,False,False,False,False,False,False,False,False,False
Anuncio actualizado el 27 de marzo,0,0,1.0,0,0,,en trámite,planta 2ª interior,0,0,1025014,16,1,Donostia-San Sebastián,Distrito Gros," Calle Zemoria , Distrito Gros , Donostia-San Sebastián , Donostialdea, Guipúzcoa ",Calle Zemoria,"Donostialdea, Guipúzcoa",45,,2019-04-01,600,0,1.0,0,0,0,False,False,True,False,False,False,False,False,False,False,False,False,False,False,False,True,False,False,False,False,False,False,False,False,False,False,False,False,False,False,False,False,False
Anuncio actualizado el 14 de marzo,0,1,2.0,0,0,,,planta 2ª exterior,1,1,37985705,16,1,Donostia-San Sebastián,Distrito Intxaurrondo," Zubiaurre , Distrito Intxaurrondo , Donostia-San Sebastián , Donostialdea, Guipúzcoa ",Zubiaurre,"Donostialdea, Guipúzcoa",85,,2019-04-01,950,1,3.0,0,0,0,False,False,True,False,False,False,False,False,False,False,False,True,False,False,False,False,False,False,False,False,True,False,False,False,False,False,False,False,False,False,False,False,False
Anuncio actualizado el 15 de marzo,0,0,2.0,0,0,,,planta 3ª exterior,0,0,84665089,16,1,Donostia-San Sebastián,Distrito Centro-Miraconcha," Bergara , Barrio Área Romántica , Distrito Centro-Miraconcha , Donostia-San Sebastián , Donostialdea, Guipúzcoa ",Barrio Área Romántica,"Donostialdea, Guipúzcoa",110,105,2019-04-01,1800,0,2.0,0,0,1,False,False,True,False,True,False,False,False,False,False,False,False,False,False,False,False,False,False,False,False,False,False,False,False,False,False,False,False,False,False,False,False,False
Anuncio actualizado el 23 de marzo,0,0,2.0,0,0,1966,en trámite,planta 5ª exterior,0,0,84755564,16,1,Donostia-San Sebastián,Distrito Amara," , Barrio Amara , Distrito Amara , Donostia-San Sebastián , Donostialdea, Guipúzcoa ",Barrio Amara,"Donostialdea, Guipúzcoa",74,70,2019-04-01,1100,0,3.0,0,0,0,False,False,True,False,False,False,False,False,False,False,False,False,False,False,False,False,False,False,False,False,False,False,False,False,False,False,False,False,False,False,False,False,True
Anuncio actualizado el 8 de enero,0,0,2.0,0,0,1970,en trámite,planta 7ª exterior,0,0,81460245,16,1,Donostia-San Sebastián,Distrito Centro-Miraconcha," , Barrio Área Romántica , Distrito Centro-Miraconcha , Donostia-San Sebastián , Donostialdea, Guipúzcoa ",Barrio Área Romántica,"Donostialdea, Guipúzcoa",75,,2019-04-01,1950,0,2.0,0,0,1,False,False,True,False,False,False,False,False,False,False,False,False,False,False,False,False,False,False,False,False,False,False,False,False,False,False,False,False,False,False,False,False,False
Anuncio actualizado el 5 de febrero,0,0,1.0,0,0,1940,en trámite,planta 4ª exterior,0,0,82036675,16,1,Donostia-San Sebastián,Distrito Parte Vieja," , Distrito Parte Vieja , Donostia-San Sebastián , Donostialdea, Guipúzcoa ",,"Donostialdea, Guipúzcoa",93,,2019-04-01,1400,0,2.0,0,0,0,False,False,False,False,False,False,False,False,False,False,False,False,False,False,False,False,False,False,False,False,False,False,False,False,False,False,False,False,False,False,False,False,False
Anuncio actualizado el 27 de marzo,0,0,1.0,0,0,,en trámite,,0,0,31807000,16,0,Donostia-San Sebastián,Distrito Antiguo," , Distrito Antiguo , Donostia-San Sebastián , Donostialdea, Guipúzcoa ",,"Donostialdea, Guipúzcoa",120,110,2019-04-01,1100,0,2.0,0,0,0,False,False,True,False,False,False,False,False,False,False,False,False,False,False,False,False,False,False,False,False,False,False,False,False,False,False,False,False,False,False,False,False,False
Anuncio actualizado el 21 de marzo,0,1,2.0,0,0,1926,,planta 3ª exterior,0,0,82937816,16,1,Donostia-San Sebastián,Distrito Gros," Zurríola Hiribidea , Distrito Gros , Donostia-San Sebastián , Donostialdea, Guipúzcoa ",Zurríola Hiribidea,"Donostialdea, Guipúzcoa",75,70,2019-04-01,1350,0,2.0,0,0,0,False,False,True,False,False,False,False,False,False,False,False,True,False,False,False,False,False,False,False,True,False,False,False,False,False,False,False,False,False,False,False,False,False
Anuncio actualizado el 5 de marzo,0,0,1.0,0,0,,en trámite,planta 2ª interior,0,0,83021216,16,1,Donostia-San Sebastián,Distrito Centro-Miraconcha," Calle Santa Katalina , Barrio Área Romántica , Distrito Centro-Miraconcha , Donostia-San Sebastián , Donostialdea, Guipúzcoa ",Barrio Área Romántica,"Donostialdea, Guipúzcoa",60,58,2019-04-01,990,0,1.0,0,0,0,False,False,True,False,False,False,False,False,False,False,False,False,False,False,False,False,False,False,False,False,False,False,False,False,False,False,False,False,False,False,False,False,False
Anuncio actualizado el 15 de marzo,0,0,1.0,1,0,,en trámite,planta 6ª exterior,0,0,83047792,16,1,Donostia-San Sebastián,Distrito Gros," karkizano , Distrito Gros , Donostia-San Sebastián , Donostialdea, Guipúzcoa ",karkizano,"Donostialdea, Guipúzcoa",45,25,2019-04-01,900,0,1.0,0,0,1,False,False,True,False,False,False,False,False,False,True,False,False,False,False,False,False,False,False,False,False,False,False,False,False,False,False,False,True,False,False,False,False,False
Anuncio actualizado el 29 de marzo,0,0,1.0,0,0,1920,,planta 1ª exterior,0,0,38805310,16,1,Donostia-San Sebastián,Distrito Parte Vieja," , Distrito Parte Vieja , Donostia-San Sebastián , Donostialdea, Guipúzcoa ",,"Donostialdea, Guipúzcoa",55,46,2019-04-01,1000,0,1.0,0,0,0,False,False,True,False,False,False,False,False,False,False,False,False,False,False,False,False,False,False,False,False,True,False,False,False,False,False,False,False,False,False,False,False,False
Anuncio actualizado el 5 de marzo,0,0,2.0,0,0,2002,,planta 3ª exterior,1,0,31673693,16,1,Astigarraga,," , Astigarraga , Donostialdea, Guipúzcoa ",,"Donostialdea, Guipúzcoa",65,,2019-04-01,900,0,3.0,1,0,1,False,False,True,False,False,False,False,False,False,False,False,False,False,False,False,False,False,False,False,False,False,False,False,False,False,False,False,False,False,False,False,False,False
Anuncio actualizado el 5 de marzo,0,0,1.0,0,0,1976,,planta 3ª exterior,0,0,81554435,16,1,Donostia-San Sebastián,Distrito Gros," , Distrito Gros , Donostia-San Sebastián , Donostialdea, Guipúzcoa ",,"Donostialdea, Guipúzcoa",55,50,2019-04-01,850,0,1.0,0,0,0,False,False,True,False,False,False,False,False,False,False,False,False,False,False,False,False,False,False,False,False,False,False,False,False,False,False,False,False,False,False,False,False,False
Anuncio actualizado el 22 de marzo,0,0,1.0,0,0,1900,,planta 3ª,0,0,82131650,16,1,Donostia-San Sebastián,Distrito Parte Vieja," , Distrito Parte Vieja , Donostia-San Sebastián , Donostialdea, Guipúzcoa ",,"Donostialdea, Guipúzcoa",60,53,2019-04-01,975,0,2.0,0,0,0,False,False,True,False,False,False,False,False,False,False,False,False,False,False,False,False,False,False,False,False,False,False,True,False,False,False,False,False,False,False,False,False,False
Anuncio actualizado el 28 de marzo,0,0,2.0,0,0,1971,en trámite,planta 2ª exterior,0,0,84469752,16,1,Lasarte-Oria,," , Lasarte-Oria , Donostialdea, Guipúzcoa ",,"Donostialdea, Guipúzcoa",90,86,2019-04-01,750,0,3.0,0,0,1,False,False,True,False,False,False,False,False,False,True,False,False,False,False,False,False,False,False,False,False,False,False,False,False,False,False,False,False,False,False,True,False,False
Anuncio actualizado el 4 de marzo,0,1,1.0,0,0,1900,,planta 1ª exterior,0,0,39942855,16,1,Donostia-San Sebastián,Distrito Parte Vieja," General Etxagüe , Distrito Parte Vieja , Donostia-San Sebastián , Donostialdea, Guipúzcoa ",General Etxagüe,"Donostialdea, Guipúzcoa",63,55,2019-04-01,1200,0,2.0,0,0,0,False,False,True,False,False,False,False,False,False,False,False,False,False,False,False,False,False,False,False,False,False,False,False,False,False,False,False,False,False,False,False,False,False
Anuncio actualizado el 5 de marzo,0,0,1.0,1,0,,,planta 2ª exterior,0,0,37882590,16,1,Irun,Distrito Lapice - Larreaundi - Olaberria - Meaka," Calle perujaran , Distrito Lapice - Larreaundi - Olaberria - Meaka , Irun , Bajo Bidasoa, Guipúzcoa ",Calle perujaran,"Bajo Bidasoa, Guipúzcoa",75,72,2019-04-01,700,0,3.0,0,0,0,False,False,True,False,False,False,False,False,False,False,False,False,False,False,False,False,False,False,False,False,False,False,False,False,False,False,False,False,False,True,False,False,False
Anuncio actualizado el 12 de marzo,0,0,3.0,1,0,1984,en trámite,planta 3ª exterior,0,0,36003844,16,1,Irun,Distrito Centro - Mendibil - Santiago," Calle Francisco de Gainza , Distrito Centro - Mendibil - Santiago , Irun , Bajo Bidasoa, Guipúzcoa ",Calle Francisco de Gainza,"Bajo Bidasoa, Guipúzcoa",150,136,2019-04-01,900,0,3.0,0,0,0,False,False,True,False,False,False,False,False,False,False,False,False,False,False,False,False,False,False,False,False,False,False,False,False,False,False,False,False,False,False,False,False,False
Anuncio actualizado el 27 de marzo,0,0,1.0,0,0,1966,en trámite,planta 15ª exterior,0,0,84644437,16,1,Donostia-San Sebastián,Distrito Altza-Bidebieta," Julio Urkixo pasalekua , Barrio Bidebieta , Distrito Altza-Bidebieta , Donostia-San Sebastián , Donostialdea, Guipúzcoa ",Barrio Bidebieta,"Donostialdea, Guipúzcoa",50,44,2019-04-01,700,0,3.0,0,0,0,False,False,True,False,False,False,False,False,False,False,False,False,False,False,False,False,False,False,False,False,False,False,False,False,False,False,False,False,False,False,False,False,False
Anuncio actualizado el 25 de marzo,0,0,2.0,0,0,,en trámite,planta 4ª exterior,0,0,84741458,16,1,Donostia-San Sebastián,Distrito Antiguo," Calle maria de azkue , Distrito Antiguo , Donostia-San Sebastián , Donostialdea, Guipúzcoa ",Calle maria de azkue,"Donostialdea, Guipúzcoa",125,115,2019-04-01,1300,0,3.0,0,0,1,False,False,True,False,False,False,False,False,False,False,False,False,False,False,False,False,False,False,False,False,False,False,False,False,False,False,False,False,False,False,False,False,False
Anuncio actualizado el 16 de enero,0,1,2.0,1,0,1979,en trámite,planta 3ª exterior,1,0,83195407,16,0,Hondarribia,"Zuloaga, 16"," Zuloaga, 16 , Hondarribia , Bajo Bidasoa, Guipúzcoa ",,"Bajo Bidasoa, Guipúzcoa",67,,2019-04-01,1000,0,3.0,0,0,0,False,False,True,False,False,False,False,False,False,False,False,False,False,False,False,True,False,False,True,False,False,False,False,False,False,False,False,False,False,False,False,False,False
Anuncio actualizado el 29 de marzo,0,0,1.0,1,0,1935,en trámite,planta 2ª exterior,0,0,84379995,16,1,Donostia-San Sebastián,Distrito Gros," Secundino Esnaola , Distrito Gros , Donostia-San Sebastián , Donostialdea, Guipúzcoa ",Secundino Esnaola,"Donostialdea, Guipúzcoa",50,45,2019-04-01,825,0,1.0,0,0,0,False,False,True,False,False,False,False,False,False,False,False,False,False,False,False,True,False,True,False,False,False,False,False,False,False,False,False,False,False,False,False,False,False
Anuncio actualizado el 21 de marzo,0,0,2.0,0,0,,en trámite,planta 2ª exterior,0,0,84515828,16,1,Donostia-San Sebastián,Distrito Aiete," Plaza Hirudamatxo, 4 , Distrito Aiete , Donostia-San Sebastián , Donostialdea, Guipúzcoa ","Plaza Hirudamatxo, 4","Donostialdea, Guipúzcoa",90,,2019-04-01,1200,0,2.0,0,0,0,False,False,True,False,False,False,False,False,False,False,False,False,False,False,False,False,False,False,False,False,False,False,False,False,False,False,False,False,False,False,False,False,False
Anuncio actualizado el 8 de marzo,1,0,1.0,0,0,,en trámite,planta 1ª exterior,0,0,84582509,16,1,Donostia-San Sebastián,Distrito Intxaurrondo," Calle Zubiaurre Pasealekua, 68 , Distrito Intxaurrondo , Donostia-San Sebastián , Donostialdea, Guipúzcoa ","Calle Zubiaurre Pasealekua, 68","Donostialdea, Guipúzcoa",50,,2019-04-01,900,0,2.0,0,0,0,False,False,True,False,False,False,False,False,False,False,False,False,False,False,False,False,False,False,False,False,False,False,False,False,False,False,False,False,False,False,False,False,False
Anuncio actualizado el 15 de marzo,0,1,1.0,1,0,1936,en trámite,planta 2ª exterior,0,0,84661419,16,0,Irun,Distrito Centro - Mendibil - Santiago," Sālis Hiribidea, Irún , Distrito Centro - Mendibil - Santiago , Irun , Bajo Bidasoa, Guipúzcoa ","Sālis Hiribidea, Irún","Bajo Bidasoa, Guipúzcoa",70,60,2019-04-01,750,0,2.0,0,0,0,False,False,True,False,False,False,False,False,False,False,False,True,False,False,False,False,False,False,False,False,False,False,False,False,True,False,False,False,False,False,False,False,False
Anuncio actualizado el 28 de marzo,0,1,2.0,1,0,2018,no indicado,planta 2ª exterior,0,0,84676123,16,1,Irun,Distrito Centro - Mendibil - Santiago," Calle Aldapeta , Distrito Centro - Mendibil - Santiago , Irun , Bajo Bidasoa, Guipúzcoa ",Calle Aldapeta,"Bajo Bidasoa, Guipúzcoa",80,70,2019-04-01,1150,1,2.0,1,0,1,False,False,False,False,False,False,False,True,False,False,False,False,False,False,False,False,False,False,False,False,False,False,False,False,False,False,False,False,False,True,False,False,False
Anuncio actualizado el 28 de marzo,0,0,2.0,1,0,2005,no indicado,planta 2ª,1,0,84676122,21,1,Irun,Distrito Centro - Mendibil - Santiago," Calle Gudari , Distrito Centro - Mendibil - Santiago , Irun , Bajo Bidasoa, Guipúzcoa ",Calle Gudari,"Bajo Bidasoa, Guipúzcoa",130,106,2019-04-01,1500,1,3.0,1,0,1,False,False,False,False,False,False,False,True,False,False,False,False,False,False,False,False,False,False,False,False,False,False,False,False,False,False,False,True,False,False,False,False,False
Anuncio actualizado el 25 de marzo,1,0,1.0,1,0,,,planta 6ª exterior,0,0,83756539,21,1,Donostia-San Sebastián,Distrito Parte Vieja," Calle 31 de Agosto, 27 , Distrito Parte Vieja , Donostia-San Sebastián , Donostialdea, Guipúzcoa ","Calle 31 de Agosto, 27","Donostialdea, Guipúzcoa",55,45,2019-04-01,990,0,1.0,0,0,0,False,False,True,False,False,False,False,False,False,True,False,False,False,False,False,False,False,False,False,False,False,False,False,False,False,False,False,False,False,True,False,False,False
Anuncio actualizado el 1 de abril,0,0,1.0,0,0,,,planta 7ª exterior,0,0,84326007,16,1,Renteria / Errenteria,Distrito Capuchinos - Galtzaraborda," Calle Sorgintzulo, 16 Sin númer , Distrito Capuchinos - Galtzaraborda , Renteria / Errenteria , Donostialdea, Guipúzcoa ","Calle Sorgintzulo, 16 Sin númer","Donostialdea, Guipúzcoa",56,52,2019-04-01,700,1,2.0,0,0,1,False,False,True,False,False,False,False,False,False,False,False,False,False,False,False,False,False,False,False,False,False,False,False,False,False,False,False,False,False,True,False,False,False
Anuncio actualizado el 25 de marzo,0,0,2.0,1,0,,no indicado,planta 1ª exterior,0,1,28821269,16,1,Aia,"Calle Aitzpea, 14"," Calle Aitzpea, 14 , Aia , Urola Kosta, Guipúzcoa ",,"Urola Kosta, Guipúzcoa",192,85,2019-04-01,750,0,2.0,1,0,1,False,False,True,False,False,False,False,False,False,False,False,False,False,False,False,False,False,False,False,False,False,False,False,False,False,False,False,False,False,True,False,False,False
Anuncio actualizado el 24 de marzo,0,0,1.0,0,0,,,entreplanta exterior,0,0,27401631,16,1,Lasarte-Oria,"Calle Mayor, 75"," Calle Mayor, 75 , Lasarte-Oria , Donostialdea, Guipúzcoa ",,"Donostialdea, Guipúzcoa",80,78,2019-04-01,900,0,3.0,0,0,0,False,False,True,False,False,False,False,False,False,False,False,False,False,False,False,False,False,False,False,False,False,False,False,False,False,False,False,False,False,False,False,False,False
Anuncio actualizado el 25 de marzo,1,0,3.0,1,0,,,3 plantas,1,1,26385800,17,,Hondarribia,Urb. Golf Hondarribia," Camino Jaitzubia Auzoa, 51 , Urb. Golf Hondarribia , Hondarribia , Bajo Bidasoa, Guipúzcoa ","Camino Jaitzubia Auzoa, 51","Bajo Bidasoa, Guipúzcoa",3674,,2019-04-01,4557,0,5.0,1,1,1,False,False,True,False,False,False,False,True,False,False,False,False,False,False,False,False,False,True,False,False,False,False,False,False,False,False,False,False,False,False,False,False,False
Anuncio actualizado el 8 de noviembre,0,0,1.0,0,0,,no indicado,planta 5ª exterior,0,0,82482545,16,1,Donostia-San Sebastián,Distrito Gros," Carquizano, 5 , Distrito Gros , Donostia-San Sebastián , Donostialdea, Guipúzcoa ","Carquizano, 5","Donostialdea, Guipúzcoa",33,,2019-04-01,900,0,1.0,0,0,1,False,False,True,False,False,False,False,False,False,False,False,False,False,False,False,False,False,False,False,False,False,False,False,False,False,False,False,False,False,False,False,False,False
Anuncio actualizado el 20 de marzo,1,0,1.0,1,0,,,planta 5ª exterior,0,0,82694982,21,1,Donostia-San Sebastián,Distrito Parte Vieja," Calle Mari, 21 , Distrito Parte Vieja , Donostia-San Sebastián , Donostialdea, Guipúzcoa ","Calle Mari, 21","Donostialdea, Guipúzcoa",75,62,2019-04-01,2700,0,0.0,0,0,0,False,False,True,False,False,False,False,False,False,False,False,False,False,False,False,False,False,False,False,False,False,False,False,False,False,False,False,False,False,False,False,False,False
Anuncio actualizado el 22 de marzo,0,0,4.0,1,0,,,,0,0,82942600,23,,Antzuola,," , Antzuola , Alto Deba, Guipúzcoa ",,"Alto Deba, Guipúzcoa",143,,2019-04-01,640,0,3.0,0,0,0,False,False,True,False,False,False,False,False,False,False,False,False,False,False,False,False,False,False,False,False,False,False,False,False,False,False,False,False,False,False,False,False,False
Anuncio actualizado el 21 de febrero,0,1,2.0,0,0,1974,no indicado,planta 2ª,0,0,83219668,16,1,Irun,Distrito Centro - Mendibil - Santiago," , Distrito Centro - Mendibil - Santiago , Irun , Bajo Bidasoa, Guipúzcoa ",,"Bajo Bidasoa, Guipúzcoa",135,112,2019-04-01,900,0,3.0,0,0,0,False,False,True,False,False,False,False,False,False,False,False,False,False,False,False,False,False,False,False,True,False,False,False,False,False,False,False,False,False,False,False,False,False
Anuncio actualizado el 27 de enero,0,0,2.0,1,0,,no indicado,planta 1ª exterior,1,1,447804,16,0,Donostia-San Sebastián,Distrito Aiete," Calle Escritora Karmele Saint-Martin, 1 , Distrito Aiete , Donostia-San Sebastián , Donostialdea, Guipúzcoa ","Calle Escritora Karmele Saint-Martin, 1","Donostialdea, Guipúzcoa",75,,2019-04-01,1100,0,2.0,0,1,1,False,False,True,False,False,False,False,False,False,False,False,False,False,False,False,False,False,False,False,False,False,False,False,False,False,False,False,False,False,False,False,False,False
Anuncio actualizado el 20 de marzo,0,1,2.0,1,0,,,planta 3ª exterior,0,1,38914290,16,0,Donostia-San Sebastián,Distrito Antiguo," Calle Portuene, 22 , Distrito Antiguo , Donostia-San Sebastián , Donostialdea, Guipúzcoa ","Calle Portuene, 22","Donostialdea, Guipúzcoa",68,,2019-04-01,925,0,2.0,0,0,1,False,False,True,False,False,False,False,False,False,False,False,True,False,False,False,False,False,False,True,False,False,False,False,False,False,False,False,False,False,False,False,False,False
Anuncio actualizado el 5 de marzo,0,0,2.0,1,0,,,planta 2ª exterior,1,1,83736562,16,0,Donostia-San Sebastián,Distrito Intxaurrondo," Calle Intxaurrondo, 55 , Distrito Intxaurrondo , Donostia-San Sebastián , Donostialdea, Guipúzcoa ","Calle Intxaurrondo, 55","Donostialdea, Guipúzcoa",150,,2019-04-01,1400,0,4.0,0,0,0,False,False,True,False,False,False,False,False,False,False,False,False,True,False,False,False,False,False,False,False,False,False,False,False,False,False,False,False,False,False,False,False,False
Anuncio actualizado el 19 de febrero,0,0,1.0,1,0,,,planta 2ª exterior,0,0,84170817,16,1,Donostia-San Sebastián,Distrito Amara," Plaza Ferrerias , Barrio Zona Anoeta , Distrito Amara , Donostia-San Sebastián , Donostialdea, Guipúzcoa ",Barrio Zona Anoeta,"Donostialdea, Guipúzcoa",73,70,2019-04-01,1000,0,2.0,0,0,1,False,False,True,False,False,False,False,False,False,False,False,True,False,False,False,False,False,False,False,False,False,False,False,False,False,False,False,False,False,False,False,False,False
Anuncio actualizado el 25 de marzo,0,0,2.0,0,0,,en trámite,planta 1ª exterior,0,1,84632564,16,1,Donostia-San Sebastián,Distrito Igeldo," Etume Bidea, 23 -13 , Distrito Igeldo , Donostia-San Sebastián , Donostialdea, Guipúzcoa ","Etume Bidea, 23 -13","Donostialdea, Guipúzcoa",95,90,2019-04-01,950,0,2.0,0,1,1,False,False,True,False,False,False,False,False,False,True,False,False,False,False,False,False,False,True,False,False,False,False,False,False,False,False,False,False,False,False,False,False,False
Anuncio actualizado el 12 de marzo,0,1,2.0,1,0,1979,en trámite,planta 2ª exterior,0,0,84635299,16,1,Donostia-San Sebastián,Distrito Gros," Urb. GROS , Distrito Gros , Donostia-San Sebastián , Donostialdea, Guipúzcoa ",Urb. GROS,"Donostialdea, Guipúzcoa",88,77,2019-04-01,1100,0,3.0,0,0,0,False,False,True,False,False,False,False,False,False,False,False,True,False,False,False,False,False,False,False,False,False,False,False,False,False,False,False,False,False,False,False,False,False
Anuncio actualizado el 28 de marzo,0,0,1.0,0,0,,en trámite,planta 3ª exterior,0,0,84829641,16,0,Donostia-San Sebastián,Distrito Altza-Bidebieta," , Barrio Altza , Distrito Altza-Bidebieta , Donostia-San Sebastián , Donostialdea, Guipúzcoa ",Barrio Altza,"Donostialdea, Guipúzcoa",90,80,2019-04-01,850,0,3.0,0,0,0,False,False,True,False,False,False,False,True,False,False,False,False,False,False,False,False,False,False,False,False,False,False,False,False,False,False,False,False,False,False,False,False,False
Anuncio actualizado el 23 de marzo,0,1,2.0,1,0,1949,en trámite,planta 1ª exterior,0,0,40004247,16,1,Irun,Distrito Centro - Mendibil - Santiago," Paseo Colón , Distrito Centro - Mendibil - Santiago , Irun , Bajo Bidasoa, Guipúzcoa ",Paseo Colón,"Bajo Bidasoa, Guipúzcoa",150,135,2019-04-01,2000,0,5.0,0,0,0,False,False,True,False,False,False,False,False,False,False,False,False,False,False,False,False,False,True,False,False,False,False,False,False,False,False,False,False,False,False,False,False,False
Anuncio actualizado el 7 de marzo,0,1,2.0,1,0,1974,en trámite,planta 2ª exterior,0,0,40159400,16,1,Irun,Distrito Centro - Mendibil - Santiago," LUIS MARIANO , Distrito Centro - Mendibil - Santiago , Irun , Bajo Bidasoa, Guipúzcoa ",LUIS MARIANO,"Bajo Bidasoa, Guipúzcoa",130,112,2019-04-01,900,0,4.0,1,0,0,False,False,True,False,False,False,False,False,False,False,False,True,False,False,False,False,False,False,False,True,False,False,False,False,False,False,False,False,False,False,False,False,False
Anuncio actualizado el 5 de marzo,0,0,2.0,1,0,,,planta 2ª exterior,0,0,83110115,16,0,Donostia-San Sebastián,Distrito Intxaurrondo," Alcalde Jose Elosegi , Distrito Intxaurrondo , Donostia-San Sebastián , Donostialdea, Guipúzcoa ",Alcalde Jose Elosegi,"Donostialdea, Guipúzcoa",145,135,2019-04-01,1300,0,3.0,0,0,0,False,False,True,False,False,False,False,False,False,False,False,True,False,False,False,False,False,False,False,False,False,False,False,False,False,False,False,False,False,False,False,False,False
Anuncio actualizado el 29 de marzo,0,0,2.0,0,0,1920,,planta 5ª exterior,0,0,83890437,16,1,Donostia-San Sebastián,Distrito Centro-Miraconcha," Calle Getaria , Barrio Área Romántica , Distrito Centro-Miraconcha , Donostia-San Sebastián , Donostialdea, Guipúzcoa ",Barrio Área Romántica,"Donostialdea, Guipúzcoa",100,90,2019-04-01,1400,0,3.0,0,0,1,False,False,True,False,False,False,False,False,False,False,False,False,False,False,False,False,False,False,False,False,False,False,False,False,False,False,False,False,False,True,False,False,False
Anuncio actualizado el 19 de febrero,0,0,1.0,0,0,,,planta 6ª exterior,0,0,81302221,16,1,Donostia-San Sebastián,Distrito Amara," Avenida Isabel II , Barrio Zona Anoeta , Distrito Amara , Donostia-San Sebastián , Donostialdea, Guipúzcoa ",Barrio Zona Anoeta,"Donostialdea, Guipúzcoa",70,68,2019-04-01,900,0,3.0,0,0,1,False,False,True,False,False,False,False,False,False,False,False,False,False,False,False,False,False,False,False,False,False,False,False,False,False,False,False,False,False,False,False,False,True
Anuncio actualizado el 27 de febrero,0,1,2.0,0,0,,en trámite,planta 2ª exterior,1,0,84451655,16,1,Donostia-San Sebastián,Distrito Centro-Miraconcha," arrasate s/n , Barrio Área Romántica , Distrito Centro-Miraconcha , Donostia-San Sebastián , Donostialdea, Guipúzcoa ",Barrio Área Romántica,"Donostialdea, Guipúzcoa",70,60,2019-04-01,1350,0,2.0,0,0,0,False,False,True,False,False,False,False,True,False,False,False,False,False,False,False,False,False,False,False,False,False,False,False,False,False,False,False,False,False,False,False,False,False
Anuncio actualizado el 25 de marzo,0,1,1.0,0,0,,,planta 4ª exterior,0,0,84681694,16,0,Irun,Distrito Lapice - Larreaundi - Olaberria - Meaka," Urb. LAPICE , Distrito Lapice - Larreaundi - Olaberria - Meaka , Irun , Bajo Bidasoa, Guipúzcoa ",Urb. LAPICE,"Bajo Bidasoa, Guipúzcoa",70,65,2019-04-01,650,0,2.0,0,0,0,False,False,True,False,False,False,False,True,False,False,False,False,False,False,False,False,False,False,False,False,False,False,False,False,False,False,False,False,False,False,False,False,False
Anuncio actualizado el 21 de marzo,0,0,1.0,1,0,,en trámite,planta 1ª exterior,0,0,84749192,16,0,Renteria / Errenteria,Distrito Centro," Beheko Kalea, Rentería , Distrito Centro , Renteria / Errenteria , Donostialdea, Guipúzcoa ","Beheko Kalea, Rentería","Donostialdea, Guipúzcoa",70,58,2019-04-01,800,0,2.0,1,0,0,False,False,True,False,False,False,False,False,False,True,False,False,False,False,False,False,False,True,False,False,False,False,False,False,False,False,False,False,False,False,False,False,False
Anuncio actualizado el 22 de marzo,0,1,1.0,1,0,,en trámite,planta 5ª exterior,0,0,84770183,16,1,Irun,Distrito Lapice - Larreaundi - Olaberria - Meaka," Miguel de Ambulodi s/n , Distrito Lapice - Larreaundi - Olaberria - Meaka , Irun , Bajo Bidasoa, Guipúzcoa ",Miguel de Ambulodi s/n,"Bajo Bidasoa, Guipúzcoa",70,65,2019-04-01,670,0,2.0,0,0,0,False,False,True,False,False,False,False,False,False,False,False,True,False,False,False,False,False,False,False,False,False,False,False,False,False,True,False,False,False,False,False,False,False
Anuncio actualizado el 22 de marzo,0,0,1.0,0,0,,en trámite,planta 2ª exterior,0,0,84775882,16,0,Irun,Distrito Centro - Mendibil - Santiago," Uranzu s/n , Distrito Centro - Mendibil - Santiago , Irun , Bajo Bidasoa, Guipúzcoa ",Uranzu s/n,"Bajo Bidasoa, Guipúzcoa",68,60,2019-04-01,660,0,2.0,0,0,0,False,False,True,False,False,False,False,False,False,True,False,False,False,False,False,False,False,False,False,False,False,False,False,False,False,False,False,False,False,False,False,False,False
Anuncio actualizado el 25 de marzo,0,0,1.0,0,0,,en trámite,exterior,0,0,84803331,16,0,Pasaia,," , Pasaia , Donostialdea, Guipúzcoa ",,"Donostialdea, Guipúzcoa",70,65,2019-04-01,650,0,2.0,0,0,0,False,False,False,False,False,False,False,False,False,False,False,False,False,False,False,False,False,False,False,False,False,False,False,False,False,False,False,False,False,False,False,False,False
Anuncio actualizado el 26 de marzo,0,0,1.0,1,0,,en trámite,planta 1ª exterior,0,0,84818511,16,1,Donostia-San Sebastián,Distrito Gros," , Distrito Gros , Donostia-San Sebastián , Donostialdea, Guipúzcoa ",,"Donostialdea, Guipúzcoa",78,,2019-04-01,900,0,2.0,1,0,0,False,False,True,False,False,False,False,False,False,False,False,True,False,False,False,False,False,False,False,False,False,False,False,False,False,False,False,False,False,False,False,False,False
Anuncio actualizado el 29 de enero,0,0,2.0,0,0,1974,en trámite,planta 7ª exterior,0,0,83348769,16,1,Irun,Distrito Centro - Mendibil - Santiago," Luis Mariano Kalea, Irún, 12 , Distrito Centro - Mendibil - Santiago , Irun , Bajo Bidasoa, Guipúzcoa ","Luis Mariano Kalea, Irún, 12","Bajo Bidasoa, Guipúzcoa",77,,2019-04-01,1100,1,3.0,0,0,1,False,False,True,False,False,False,False,False,False,False,False,True,False,False,False,False,False,False,False,False,False,False,False,False,False,False,False,False,False,False,False,False,False
Anuncio actualizado el 28 de marzo,1,0,4.0,1,0,,,2 plantas,1,1,84529404,17,,Oiartzun,"Mendin Gain Etxadia Etxetaldea, 4"," Mendin Gain Etxadia Etxetaldea, 4 , Oiartzun , Donostialdea, Guipúzcoa ",,"Donostialdea, Guipúzcoa",1000,,2019-04-01,1700,0,3.0,1,0,1,False,False,True,False,False,False,False,False,False,False,False,False,False,False,False,False,False,False,False,False,False,False,False,False,False,False,False,False,False,False,False,False,False
Anuncio actualizado el 6 de marzo,0,1,2.0,1,0,,,planta 3ª exterior,1,0,84558453,16,1,Donostia-San Sebastián,Distrito Ibaeta," Amezketa Bidea, 19 , Distrito Ibaeta , Donostia-San Sebastián , Donostialdea, Guipúzcoa ","Amezketa Bidea, 19","Donostialdea, Guipúzcoa",90,,2019-04-01,1300,0,3.0,0,0,0,False,False,True,False,False,False,False,False,False,False,False,False,False,False,False,False,False,False,False,True,False,False,False,False,False,False,False,False,False,False,False,False,False
Anuncio actualizado el 31 de marzo,0,1,1.0,0,0,,,planta 5ª exterior,0,0,39219193,16,1,Irun,Distrito Centro - Mendibil - Santiago," Calle Sebastian Errazu, 7 5ºD , Distrito Centro - Mendibil - Santiago , Irun , Bajo Bidasoa, Guipúzcoa ","Calle Sebastian Errazu, 7 5ºD","Bajo Bidasoa, Guipúzcoa",115,,2019-04-01,850,1,3.0,0,0,0,False,False,True,False,False,False,False,False,False,False,False,False,False,False,False,False,False,False,False,False,False,False,False,False,False,False,False,False,False,True,False,False,False
Anuncio actualizado el 28 de marzo,0,0,1.0,0,0,,en trámite,planta 6ª,0,0,84683561,16,1,Donostia-San Sebastián,Distrito Egia," , Distrito Egia , Donostia-San Sebastián , Donostialdea, Guipúzcoa ",,"Donostialdea, Guipúzcoa",50,,2019-04-01,950,0,1.0,1,0,1,False,False,True,False,False,False,False,False,False,False,False,False,False,False,False,False,False,False,False,False,False,False,False,False,False,False,False,False,False,True,False,False,False
Anuncio actualizado el 9 de marzo,0,0,2.0,0,0,,,planta 3ª exterior,0,0,38315890,16,1,Astigarraga,," , Astigarraga , Donostialdea, Guipúzcoa ",,"Donostialdea, Guipúzcoa",67,,2019-04-01,800,0,2.0,0,0,1,False,False,True,False,False,False,False,False,False,False,False,False,False,False,False,False,False,False,False,False,False,False,False,False,False,False,False,True,False,False,False,False,False
Anuncio actualizado el 5 de marzo,0,0,1.0,0,0,,,planta 3ª exterior,0,0,40165791,16,1,Donostia-San Sebastián,Distrito Centro-Miraconcha," , Barrio Área Romántica , Distrito Centro-Miraconcha , Donostia-San Sebastián , Donostialdea, Guipúzcoa ",Barrio Área Romántica,"Donostialdea, Guipúzcoa",83,72,2019-04-01,1050,0,2.0,0,0,0,False,False,True,False,False,False,False,False,False,False,False,False,False,False,False,False,False,False,False,False,False,False,False,False,False,False,False,False,False,False,False,False,False
Anuncio actualizado el 24 de marzo,0,1,2.0,1,0,,en trámite,planta 2ª exterior,1,0,83956814,16,1,Donostia-San Sebastián,Distrito Gros," Calle Segundo Izpizua, 16 , Distrito Gros , Donostia-San Sebastián , Donostialdea, Guipúzcoa ","Calle Segundo Izpizua, 16","Donostialdea, Guipúzcoa",140,125,2019-04-01,1350,1,3.0,1,0,0,False,False,True,False,True,False,False,False,False,False,False,False,False,False,False,False,False,False,False,False,False,False,False,False,False,False,False,False,False,False,False,False,False
Anuncio actualizado el 14 de marzo,0,0,2.0,0,0,,en trámite,planta 2ª exterior,0,0,37680742,16,1,Donostia-San Sebastián,Distrito Centro-Miraconcha," Calle Arroka , Barrio Amara Zaharra-Arbaizenea , Distrito Centro-Miraconcha , Donostia-San Sebastián , Donostialdea, Guipúzcoa ",Barrio Amara Zaharra-Arbaizenea,"Donostialdea, Guipúzcoa",90,85,2019-04-01,975,0,3.0,0,0,0,False,False,True,False,False,False,False,False,False,False,False,False,False,False,False,False,False,True,False,False,False,False,False,False,False,False,False,False,False,False,False,False,False
Anuncio actualizado el 11 de marzo,0,0,2.0,1,0,,en trámite,bajo exterior,0,0,82296735,16,0,Donostia-San Sebastián,Distrito Ategorrieta," Calle zemoriya , Distrito Ategorrieta , Donostia-San Sebastián , Donostialdea, Guipúzcoa ",Calle zemoriya,"Donostialdea, Guipúzcoa",125,120,2019-04-01,1250,0,4.0,0,0,1,False,False,True,False,False,False,False,False,False,False,False,False,False,False,False,True,False,True,False,False,False,False,False,False,False,False,False,False,False,False,False,False,False
Anuncio actualizado el 15 de marzo,0,0,1.0,1,0,,en trámite,planta 6ª exterior,0,0,84278603,21,1,Donostia-San Sebastián,Distrito Gros," oiartzun , Distrito Gros , Donostia-San Sebastián , Donostialdea, Guipúzcoa ",oiartzun,"Donostialdea, Guipúzcoa",45,40,2019-04-01,920,0,1.0,0,0,1,False,False,True,False,False,False,False,False,False,False,False,True,False,False,False,False,False,True,False,False,False,False,False,False,False,False,False,False,False,False,False,False,False
Anuncio actualizado el 29 de marzo,0,0,3.0,1,0,,en trámite,planta 2ª exterior,0,1,33323793,16,1,Donostia-San Sebastián,Distrito Antiguo," Paseo mikeletes , Distrito Antiguo , Donostia-San Sebastián , Donostialdea, Guipúzcoa ",Paseo mikeletes,"Donostialdea, Guipúzcoa",125,120,2019-04-01,1300,0,3.0,0,1,1,False,False,True,False,False,False,False,False,False,False,False,True,False,False,False,False,False,False,False,False,False,False,False,False,False,False,False,False,False,False,False,False,False
Anuncio actualizado el 23 de marzo,0,1,2.0,0,0,2005,en trámite,planta 2ª exterior,0,0,84765196,16,1,Donostia-San Sebastián,Distrito Centro-Miraconcha," , Barrio Área Romántica , Distrito Centro-Miraconcha , Donostia-San Sebastián , Donostialdea, Guipúzcoa ",Barrio Área Romántica,"Donostialdea, Guipúzcoa",66,,2019-04-01,1350,0,2.0,0,0,0,False,False,True,False,False,False,False,False,False,False,False,False,False,False,False,False,False,False,False,False,False,False,False,False,False,False,False,False,False,False,False,False,False
Anuncio actualizado el 25 de marzo,0,1,1.0,1,0,,no indicado,planta 2ª exterior,0,0,26100274,16,0,Lasarte-Oria,"Calle Larrekoetxe Bidea, 7"," Calle Larrekoetxe Bidea, 7 , Lasarte-Oria , Donostialdea, Guipúzcoa ",,"Donostialdea, Guipúzcoa",90,86,2019-04-01,780,0,3.0,0,0,1,False,False,True,False,False,False,False,False,False,False,False,False,False,False,False,False,False,False,False,False,False,False,False,False,True,False,False,False,False,False,False,False,False
Anuncio actualizado el 28 de marzo,0,1,2.0,1,0,,,planta 3ª exterior,0,1,84743873,16,1,Zarautz,"Torre Luzeako Parkea, 2"," Torre Luzeako Parkea, 2 , Zarautz , Urola Kosta, Guipúzcoa ",,"Urola Kosta, Guipúzcoa",98,92,2019-04-01,800,1,3.0,0,0,1,False,False,True,False,False,False,False,False,False,True,False,False,False,False,False,False,False,False,False,False,False,False,False,False,False,False,False,False,False,True,False,False,False
Anuncio actualizado el 31 de marzo,0,1,1.0,1,0,,inmueble exento,planta 4ª exterior,0,0,84711567,16,1,Donostia-San Sebastián,Distrito Centro-Miraconcha," Calle Andia, 7 , Barrio Área Romántica , Distrito Centro-Miraconcha , Donostia-San Sebastián , Donostialdea, Guipúzcoa ",Barrio Área Romántica,"Donostialdea, Guipúzcoa",75,70,2019-04-01,6500,0,2.0,0,0,0,False,False,True,False,False,False,False,True,False,False,False,False,False,False,False,False,False,False,False,False,False,False,False,False,False,False,False,False,False,False,False,False,False
Anuncio actualizado el 26 de marzo,0,1,2.0,0,0,,en trámite,planta 3ª exterior,0,0,37142059,16,1,Donostia-San Sebastián,Distrito Gros," Calle Agirre Miramon, 8 , Distrito Gros , Donostia-San Sebastián , Donostialdea, Guipúzcoa ","Calle Agirre Miramon, 8","Donostialdea, Guipúzcoa",90,,2019-04-01,1200,0,2.0,0,0,0,False,False,True,False,False,False,False,False,False,False,False,True,False,False,False,False,False,False,False,False,False,False,False,False,False,False,False,True,False,False,False,False,False
Anuncio actualizado el 27 de marzo,0,0,1.0,0,0,,,planta 3ª interior,0,0,84788218,16,1,Donostia-San Sebastián,Distrito Gros," Kolon Pasealekua, 13 , Distrito Gros , Donostia-San Sebastián , Donostialdea, Guipúzcoa ","Kolon Pasealekua, 13","Donostialdea, Guipúzcoa",48,,2019-04-01,1200,0,2.0,0,0,0,False,False,True,False,False,False,False,False,False,False,False,False,False,False,False,False,False,False,False,False,False,False,False,False,False,False,False,False,False,False,False,False,False
Anuncio actualizado el 17 de enero,0,0,2.0,0,0,,no indicado,,0,0,32126677,16,,Donostia-San Sebastián,Distrito Centro-Miraconcha," Calle Getaria , Barrio Área Romántica , Distrito Centro-Miraconcha , Donostia-San Sebastián , Donostialdea, Guipúzcoa ",Barrio Área Romántica,"Donostialdea, Guipúzcoa",65,,2019-04-01,1000,0,2.0,0,0,0,False,False,False,False,False,False,False,False,False,False,False,False,False,False,False,False,False,False,False,False,False,False,False,False,False,False,False,False,False,False,False,False,False
Anuncio actualizado el 17 de enero,0,0,3.0,0,0,1960,no indicado,,0,0,39501766,16,,Donostia-San Sebastián,Distrito Centro-Miraconcha," Calle Zubieta , Barrio Área Romántica , Distrito Centro-Miraconcha , Donostia-San Sebastián , Donostialdea, Guipúzcoa ",Barrio Área Romántica,"Donostialdea, Guipúzcoa",185,,2019-04-01,3000,0,4.0,0,0,0,False,False,False,False,False,False,False,False,False,False,False,False,False,False,False,False,False,False,False,False,False,False,False,False,False,False,False,False,False,False,False,False,False
Anuncio actualizado el 31 de enero,1,0,1.0,0,0,1900,en trámite,planta 6ª exterior,0,0,81684830,21,1,Donostia-San Sebastián,Distrito Centro-Miraconcha," Calle Loiola , Barrio Área Romántica , Distrito Centro-Miraconcha , Donostia-San Sebastián , Donostialdea, Guipúzcoa ",Barrio Área Romántica,"Donostialdea, Guipúzcoa",45,42,2019-04-01,950,0,1.0,0,0,0,False,False,True,False,False,False,False,False,False,False,False,False,False,False,False,False,False,False,False,True,False,False,False,False,False,False,False,False,False,False,False,False,False
Anuncio actualizado el 5 de marzo,0,0,2.0,0,0,,en trámite,planta 3ª exterior,0,0,82485664,16,1,Donostia-San Sebastián,Distrito Parte Vieja," Calle Etxague Jenerala , Distrito Parte Vieja , Donostia-San Sebastián , Donostialdea, Guipúzcoa ",Calle Etxague Jenerala,"Donostialdea, Guipúzcoa",90,80,2019-04-01,1300,0,3.0,0,0,1,False,False,True,False,False,False,False,False,False,False,False,False,False,False,False,False,False,False,False,False,False,False,False,False,False,False,False,False,False,False,False,False,False
Anuncio actualizado el 5 de marzo,0,0,2.0,0,0,2006,en trámite,bajo exterior,0,1,35463706,16,1,Orio,Calle antilla," Calle antilla , Orio , Urola Kosta, Guipúzcoa ",,"Urola Kosta, Guipúzcoa",90,80,2019-04-01,1200,0,3.0,0,0,1,False,False,True,False,False,False,False,False,False,False,False,False,False,False,False,False,False,False,False,False,False,False,False,False,False,False,False,False,False,False,False,False,False
Anuncio actualizado el 1 de marzo,0,0,2.0,0,0,,no indicado,,0,0,82929818,16,,Donostia-San Sebastián,Distrito Gros," Kolon Pasealekua , Distrito Gros , Donostia-San Sebastián , Donostialdea, Guipúzcoa ",Kolon Pasealekua,"Donostialdea, Guipúzcoa",100,,2019-04-01,1400,0,3.0,0,0,0,False,False,False,False,False,False,False,False,False,False,False,False,False,False,False,False,False,False,False,False,False,False,False,False,False,False,False,False,False,False,False,False,False
Anuncio actualizado el 26 de noviembre,0,0,1.0,0,0,,en trámite,planta 3ª exterior,0,0,29025695,16,1,Donostia-San Sebastián,Distrito Centro-Miraconcha," Calle okendo , Barrio Área Romántica , Distrito Centro-Miraconcha , Donostia-San Sebastián , Donostialdea, Guipúzcoa ",Barrio Área Romántica,"Donostialdea, Guipúzcoa",80,75,2019-04-01,1400,0,3.0,0,0,1,False,False,True,False,False,False,False,False,False,False,False,False,False,False,False,False,False,False,False,False,False,False,False,False,False,False,False,False,False,False,True,False,False
Anuncio actualizado el 20 de marzo,0,0,1.0,1,0,,en trámite,planta 4ª exterior,0,0,83340759,16,1,Pasaia,," , Pasaia , Donostialdea, Guipúzcoa ",,"Donostialdea, Guipúzcoa",52,50,2019-04-01,750,0,1.0,0,0,1,False,False,True,False,False,False,False,False,False,False,False,True,False,False,False,False,False,False,False,False,False,False,False,False,False,False,False,False,False,False,False,False,False
Anuncio actualizado el 29 de marzo,0,0,2.0,1,0,,en trámite,planta 4ª exterior,0,0,30074256,16,1,Donostia-San Sebastián,Distrito Gros," Avenida de Navarra , Distrito Gros , Donostia-San Sebastián , Donostialdea, Guipúzcoa ",Avenida de Navarra,"Donostialdea, Guipúzcoa",115,105,2019-04-01,1250,0,3.0,0,0,1,False,False,True,False,False,False,False,False,False,False,False,False,False,False,False,False,False,True,False,False,False,False,False,False,False,False,False,False,False,False,False,False,False
Anuncio actualizado el 28 de marzo,0,0,2.0,0,0,,no indicado,,0,0,83763470,16,,Donostia-San Sebastián,Distrito Gros," Kolon Pasealekua , Distrito Gros , Donostia-San Sebastián , Donostialdea, Guipúzcoa ",Kolon Pasealekua,"Donostialdea, Guipúzcoa",90,,2019-04-01,1200,0,2.0,0,0,0,False,False,False,False,False,False,False,False,False,False,False,False,False,False,False,False,False,False,False,False,False,False,False,False,False,False,False,False,False,False,False,False,False
Anuncio actualizado el 16 de febrero,0,0,1.0,0,0,1953,no indicado,,0,0,84026365,16,,Donostia-San Sebastián,Distrito Centro-Miraconcha," Calle San Roke , Barrio Amara Zaharra-Arbaizenea , Distrito Centro-Miraconcha , Donostia-San Sebastián , Donostialdea, Guipúzcoa ",Barrio Amara Zaharra-Arbaizenea,"Donostialdea, Guipúzcoa",67,,2019-04-01,1100,0,2.0,0,0,0,False,False,False,False,False,False,False,False,False,False,False,False,False,False,False,False,False,False,False,False,False,False,False,False,False,False,False,False,False,False,False,False,False
Anuncio actualizado el 21 de marzo,0,0,1.0,0,0,,,planta 4ª,0,0,84053280,16,1,Donostia-San Sebastián,Distrito Centro-Miraconcha," Askatasunaren Hiribidea , Barrio Área Romántica , Distrito Centro-Miraconcha , Donostia-San Sebastián , Donostialdea, Guipúzcoa ",Barrio Área Romántica,"Donostialdea, Guipúzcoa",70,60,2019-04-01,1300,0,2.0,0,0,1,False,False,True,False,False,False,False,False,False,False,False,False,False,False,False,False,False,False,False,False,False,False,False,False,False,False,False,False,False,False,False,False,False
Anuncio actualizado el 27 de febrero,0,1,2.0,0,0,1949,en trámite,planta 2ª exterior,0,0,81214803,16,1,Irun,Distrito Centro - Mendibil - Santiago," Colon Ibilbidea , Distrito Centro - Mendibil - Santiago , Irun , Bajo Bidasoa, Guipúzcoa ",Colon Ibilbidea,"Bajo Bidasoa, Guipúzcoa",150,,2019-04-01,1500,0,5.0,1,0,0,False,False,True,False,False,False,False,False,False,False,False,False,False,False,False,False,False,False,False,False,False,False,False,False,False,False,False,False,False,True,False,False,False
Anuncio actualizado el 15 de marzo,0,1,2.0,1,0,1980,,planta 2ª exterior,0,0,82338755,16,1,Donostia-San Sebastián,Distrito Centro-Miraconcha," Calle San Martzial , Barrio Área Romántica , Distrito Centro-Miraconcha , Donostia-San Sebastián , Donostialdea, Guipúzcoa ",Barrio Área Romántica,"Donostialdea, Guipúzcoa",72,64,2019-04-01,990,0,2.0,0,0,0,False,False,True,False,False,False,False,True,False,False,False,False,False,False,False,False,False,False,False,False,False,False,False,False,False,False,False,False,False,False,False,False,False
Anuncio actualizado el 25 de marzo,0,1,2.0,0,0,2018,en trámite,planta 4ª exterior,1,0,84138612,16,1,Donostia-San Sebastián,Distrito Loiola-Martutene," Kristobaldegi , Distrito Loiola-Martutene , Donostia-San Sebastián , Donostialdea, Guipúzcoa ",Kristobaldegi,"Donostialdea, Guipúzcoa",75,72,2019-04-01,1100,1,3.0,1,0,0,False,False,True,False,False,False,False,True,False,False,False,False,False,False,False,False,False,False,False,False,False,False,False,False,False,False,False,True,False,False,False,False,False
Anuncio actualizado el 5 de febrero,0,1,1.0,1,0,1930,en trámite,planta 1ª exterior,0,0,84150495,16,0,Donostia-San Sebastián,Distrito Parte Vieja," Muelle , Distrito Parte Vieja , Donostia-San Sebastián , Donostialdea, Guipúzcoa ",Muelle,"Donostialdea, Guipúzcoa",70,60,2019-04-01,1000,0,1.0,0,0,0,False,False,True,False,False,False,False,False,False,False,False,True,False,False,False,False,False,False,False,False,False,False,False,False,False,False,False,False,False,True,False,False,False
Anuncio actualizado el 20 de marzo,1,1,1.0,1,0,,,planta 6ª exterior,0,0,84295304,16,1,Donostia-San Sebastián,Distrito Centro-Miraconcha," Bergara , Barrio Área Romántica , Distrito Centro-Miraconcha , Donostia-San Sebastián , Donostialdea, Guipúzcoa ",Barrio Área Romántica,"Donostialdea, Guipúzcoa",57,50,2019-04-01,1200,1,1.0,0,0,0,False,False,True,False,False,False,False,False,False,False,False,False,False,False,False,False,False,False,True,False,False,False,False,False,False,False,False,False,False,False,False,False,False
Anuncio actualizado el 26 de marzo,0,1,1.0,1,0,1900,en trámite,planta 2ª exterior,0,0,84325327,16,0,Hondarribia,Calle mendelu," Calle mendelu , Hondarribia , Bajo Bidasoa, Guipúzcoa ",,"Bajo Bidasoa, Guipúzcoa",105,100,2019-04-01,700,0,3.0,0,0,0,False,False,True,False,False,False,False,True,False,False,False,False,False,False,False,False,False,False,False,False,True,False,False,False,False,False,False,False,False,False,False,False,False
Anuncio actualizado el 17 de marzo,0,0,1.0,1,0,,,planta 1ª exterior,1,1,84332501,16,1,Donostia-San Sebastián,Distrito Amara," Riberas de Loiola s/n , Barrio Riberas , Distrito Amara , Donostia-San Sebastián , Donostialdea, Guipúzcoa ",Barrio Riberas,"Donostialdea, Guipúzcoa",73,67,2019-04-01,1180,0,2.0,0,0,1,False,False,True,False,False,False,False,False,False,False,False,False,False,False,False,False,False,False,False,False,False,False,False,False,False,False,False,False,False,True,False,False,False
Anuncio actualizado el 7 de marzo,1,0,1.0,0,0,1936,en trámite,planta 6ª exterior,0,0,84363859,21,1,Donostia-San Sebastián,Distrito Gros," San Frantzisko , Distrito Gros , Donostia-San Sebastián , Donostialdea, Guipúzcoa ",San Frantzisko,"Donostialdea, Guipúzcoa",50,,2019-04-01,1200,0,2.0,0,0,1,False,False,True,False,False,False,False,True,False,False,False,False,False,False,False,False,False,False,False,False,False,True,False,False,False,False,False,False,False,False,False,False,False
Anuncio actualizado el 22 de marzo,0,1,2.0,1,0,,,planta 2ª exterior,1,0,84375592,16,1,Donostia-San Sebastián,Distrito Centro-Miraconcha," Calle San Bartolome, 22 , Barrio Área Romántica , Distrito Centro-Miraconcha , Donostia-San Sebastián , Donostialdea, Guipúzcoa ",Barrio Área Romántica,"Donostialdea, Guipúzcoa",120,,2019-04-01,2000,0,3.0,0,0,0,False,False,True,False,False,False,False,False,False,False,False,True,False,False,False,False,False,False,False,False,False,False,False,False,False,False,False,False,False,False,False,False,False
Anuncio actualizado el 26 de marzo,0,1,1.0,1,0,1966,en trámite,planta 9ª exterior,0,0,40176037,16,1,Donostia-San Sebastián,Distrito Amara," De Felipe IV Hiribidea , Barrio Amara , Distrito Amara , Donostia-San Sebastián , Donostialdea, Guipúzcoa ",Barrio Amara,"Donostialdea, Guipúzcoa",61,55,2019-04-01,950,1,3.0,0,0,1,False,False,True,False,False,False,False,True,False,False,False,False,False,False,False,False,False,False,False,False,False,False,False,False,False,False,False,False,False,False,False,False,False
Anuncio actualizado el 28 de febrero,0,0,1.0,1,0,1990,,planta 2ª exterior,1,0,39711367,16,1,Donostia-San Sebastián,Distrito Ibaeta," Beriyo , Distrito Ibaeta , Donostia-San Sebastián , Donostialdea, Guipúzcoa ",Beriyo,"Donostialdea, Guipúzcoa",50,45,2019-04-01,900,1,1.0,1,1,0,False,False,True,False,False,False,False,False,False,False,False,False,False,False,False,False,False,True,False,False,False,False,False,False,False,False,False,False,False,False,False,False,False
Anuncio actualizado el 8 de marzo,0,0,2.0,1,0,,en trámite,planta 3ª exterior,1,0,31221260,16,1,Donostia-San Sebastián,Distrito Antiguo," Plaza txalupaguillene, 3 0 , Distrito Antiguo , Donostia-San Sebastián , Donostialdea, Guipúzcoa ","Plaza txalupaguillene, 3 0","Donostialdea, Guipúzcoa",80,72,2019-04-01,900,0,2.0,1,0,0,False,False,True,False,False,False,False,False,False,False,False,False,False,False,False,False,False,False,False,False,False,False,False,False,False,False,False,False,False,True,False,False,False
Anuncio actualizado el 31 de marzo,0,0,1.0,1,0,,en trámite,planta 3ª exterior,0,1,34542309,21,0,Irun,Distrito Jaizubia - Urdanibia - Puiana," Calle tonpes, 9 , Urb. Barrio Urdanibia (Club Deportivo Ugalde) , Distrito Jaizubia - Urdanibia - Puiana , Irun , Bajo Bidasoa, Guipúzcoa ",Urb. Barrio Urdanibia (Club Deportivo Ugalde),"Bajo Bidasoa, Guipúzcoa",89,86,2019-04-01,750,0,2.0,0,1,0,False,False,True,False,False,False,False,False,False,True,False,False,False,False,False,False,False,False,True,False,False,False,False,False,False,False,False,False,False,False,False,False,False
Anuncio actualizado el 31 de marzo,0,0,1.0,0,0,,en trámite,planta 1ª exterior,0,0,81377276,16,1,Donostia-San Sebastián,Distrito Loiola-Martutene," Calle Aralar Mendia, 34 , Distrito Loiola-Martutene , Donostia-San Sebastián , Donostialdea, Guipúzcoa ","Calle Aralar Mendia, 34","Donostialdea, Guipúzcoa",60,,2019-04-01,800,0,2.0,0,0,0,False,False,True,False,False,False,False,False,False,False,False,False,False,False,False,False,False,False,False,False,False,False,False,False,False,False,False,False,False,False,False,False,False
Anuncio actualizado el 31 de marzo,1,1,2.0,1,0,,no indicado,planta 6ª exterior,0,0,84592668,16,1,Donostia-San Sebastián,Distrito Centro-Miraconcha," Calle Urbieta, 48 , Barrio Área Romántica , Distrito Centro-Miraconcha , Donostia-San Sebastián , Donostialdea, Guipúzcoa ",Barrio Área Romántica,"Donostialdea, Guipúzcoa",80,73,2019-04-01,1200,0,2.0,1,0,0,False,False,True,False,False,False,False,False,False,False,False,False,False,False,False,False,False,False,False,False,False,False,False,False,False,False,False,False,False,False,False,False,False
Anuncio actualizado el 18 de marzo,1,0,2.0,1,0,,,planta 5ª exterior,0,0,84633618,16,1,Donostia-San Sebastián,Distrito Centro-Miraconcha," Calle Txurruka, 5 , Barrio Área Romántica , Distrito Centro-Miraconcha , Donostia-San Sebastián , Donostialdea, Guipúzcoa ",Barrio Área Romántica,"Donostialdea, Guipúzcoa",64,52,2019-04-01,1100,0,2.0,0,0,1,False,False,True,False,False,False,False,False,False,False,False,False,False,False,False,False,False,False,False,False,False,False,False,False,False,False,False,False,False,False,False,False,False
Anuncio actualizado el 31 de marzo,0,0,2.0,1,0,,en trámite,planta 1ª exterior,0,0,33853756,16,1,Donostia-San Sebastián,Distrito Gros," Calle padre larroca, 7 , Distrito Gros , Donostia-San Sebastián , Donostialdea, Guipúzcoa ","Calle padre larroca, 7","Donostialdea, Guipúzcoa",110,100,2019-04-01,1600,1,3.0,0,0,1,False,False,True,False,False,False,False,False,False,False,False,False,False,False,False,False,False,True,False,False,False,False,False,False,False,False,False,False,False,False,False,False,False
Anuncio actualizado el 25 de marzo,0,0,2.0,0,0,,no indicado,planta 2ª exterior,1,1,84685161,16,1,Hondarribia,"Loraitz-Bi Etxetaldea, 2 B"," Loraitz-Bi Etxetaldea, 2 B , Hondarribia , Bajo Bidasoa, Guipúzcoa ",,"Bajo Bidasoa, Guipúzcoa",110,,2019-04-01,1200,0,3.0,0,0,1,False,False,True,False,False,False,False,False,False,False,False,True,False,False,False,False,False,True,False,False,False,False,False,False,False,False,False,False,False,False,False,False,False
Anuncio actualizado el 31 de marzo,0,1,1.0,0,0,,no indicado,planta 2ª exterior,0,0,84702304,16,1,Donostia-San Sebastián,Distrito Parte Vieja," Calle General Jauregi, 3 , Distrito Parte Vieja , Donostia-San Sebastián , Donostialdea, Guipúzcoa ","Calle General Jauregi, 3","Donostialdea, Guipúzcoa",72,65,2019-04-01,1200,0,1.0,0,0,0,False,False,True,False,False,False,False,False,False,False,False,False,False,False,False,False,False,False,False,False,False,False,False,False,False,False,False,True,False,False,False,False,False
Anuncio actualizado el 24 de marzo,0,0,1.0,1,0,,,planta 4ª exterior,1,0,84738826,16,1,Donostia-San Sebastián,Distrito Centro-Miraconcha," Estella Lizarra, 15 , Barrio Amara Zaharra-Arbaizenea , Distrito Centro-Miraconcha , Donostia-San Sebastián , Donostialdea, Guipúzcoa ",Barrio Amara Zaharra-Arbaizenea,"Donostialdea, Guipúzcoa",65,60,2019-04-01,1150,0,2.0,1,0,0,False,False,True,False,False,False,False,False,False,False,False,False,False,False,False,False,False,False,False,False,False,False,False,False,False,False,False,False,False,False,False,False,True
Anuncio actualizado el 22 de marzo,0,1,2.0,1,0,,en trámite,planta 1ª exterior,0,0,84767379,16,1,Lezo,"Polentzarrene Kalea, Lezo"," Polentzarrene Kalea, Lezo , Lezo , Donostialdea, Guipúzcoa ",,"Donostialdea, Guipúzcoa",90,80,2019-04-01,850,1,2.0,0,0,0,False,False,True,False,False,False,False,False,False,True,False,False,False,False,False,False,False,False,False,False,False,False,False,False,False,False,False,False,False,True,False,False,False
Anuncio actualizado el 25 de marzo,0,0,2.0,1,0,,no indicado,planta 1ª exterior,0,0,37633263,16,1,Oñati,"Calle San Martin, 5"," Calle San Martin, 5 , Oñati , Alto Deba, Guipúzcoa ",,"Alto Deba, Guipúzcoa",90,,2019-04-01,650,0,3.0,0,0,1,False,False,True,False,False,False,False,False,False,False,False,False,False,False,False,False,False,False,False,False,False,False,False,False,False,False,False,False,False,False,False,False,False
Anuncio actualizado el 27 de noviembre,0,0,1.0,0,0,,,planta 4ª exterior,0,0,35577228,16,1,Donostia-San Sebastián,Distrito Centro-Miraconcha," Calle zubieta , Barrio Área Romántica , Distrito Centro-Miraconcha , Donostia-San Sebastián , Donostialdea, Guipúzcoa ",Barrio Área Romántica,"Donostialdea, Guipúzcoa",60,54,2019-04-01,1400,0,2.0,0,0,1,False,False,True,False,False,False,False,False,False,False,False,False,False,False,False,False,False,False,False,False,False,False,True,False,False,False,False,False,False,False,False,False,False
Anuncio actualizado el 10 de febrero,0,0,4.0,0,0,,inmueble exento,,0,1,29615630,23,,Donostia-San Sebastián,Distrito Altza-Bidebieta," , Barrio Miracruz , Distrito Altza-Bidebieta , Donostia-San Sebastián , Donostialdea, Guipúzcoa ",Barrio Miracruz,"Donostialdea, Guipúzcoa",270,,2019-04-01,1700,0,4.0,0,1,1,False,False,True,False,False,False,False,False,False,False,False,False,False,False,False,False,False,False,False,False,False,False,False,False,False,False,False,False,False,False,False,False,False
Anuncio actualizado el 20 de marzo,0,0,3.0,0,0,,no indicado,planta 5ª exterior,0,0,30259259,16,1,Donostia-San Sebastián,Distrito Gros," Calle Gran Vía , Distrito Gros , Donostia-San Sebastián , Donostialdea, Guipúzcoa ",Calle Gran Vía,"Donostialdea, Guipúzcoa",150,140,2019-04-01,2100,0,4.0,0,0,1,False,False,True,False,False,False,False,False,False,False,False,False,False,False,False,False,False,False,False,False,False,False,False,False,False,False,False,True,False,False,False,False,False
Anuncio actualizado el 29 de marzo,0,0,1.0,0,0,,,planta 1ª exterior,0,0,37280257,16,0,Donostia-San Sebastián,Distrito Altza-Bidebieta," Oleta Galtzada , Barrio Altza , Distrito Altza-Bidebieta , Donostia-San Sebastián , Donostialdea, Guipúzcoa ",Barrio Altza,"Donostialdea, Guipúzcoa",70,65,2019-04-01,750,0,2.0,0,0,0,False,False,True,False,False,False,False,False,False,False,False,False,False,False,False,False,False,False,False,False,False,False,False,False,False,False,False,False,False,False,False,False,False
Anuncio actualizado el 29 de marzo,0,0,1.0,1,0,1900,en trámite,planta 3ª exterior,0,0,84829685,16,0,Donostia-San Sebastián,Distrito Parte Vieja," Urb. ESTERLINES , Distrito Parte Vieja , Donostia-San Sebastián , Donostialdea, Guipúzcoa ",Urb. ESTERLINES,"Donostialdea, Guipúzcoa",55,54,2019-04-01,1000,0,1.0,0,0,0,False,False,True,False,False,False,False,False,False,True,False,False,False,False,False,False,False,False,False,False,False,False,False,False,False,False,False,True,False,False,False,False,False
Anuncio actualizado el 27 de febrero,0,0,1.0,1,0,,,planta 3ª exterior,0,0,39185098,16,1,Donostia-San Sebastián,Distrito Centro-Miraconcha," Fuenterrabia , Barrio Área Romántica , Distrito Centro-Miraconcha , Donostia-San Sebastián , Donostialdea, Guipúzcoa ",Barrio Área Romántica,"Donostialdea, Guipúzcoa",68,60,2019-04-01,1100,0,2.0,0,0,0,False,False,True,False,False,False,False,False,False,False,False,False,False,False,False,False,False,False,False,False,False,False,False,False,False,False,False,False,False,False,False,False,False
Anuncio actualizado el 20 de marzo,0,0,1.0,1,0,,en trámite,planta 6ª exterior,0,0,82727728,18,1,Donostia-San Sebastián,Distrito Gros," Jose Arana , Distrito Gros , Donostia-San Sebastián , Donostialdea, Guipúzcoa ",Jose Arana,"Donostialdea, Guipúzcoa",80,75,2019-04-01,1000,0,2.0,0,0,1,False,False,True,False,False,False,False,False,False,False,False,True,False,False,False,False,False,False,False,False,False,False,False,False,False,False,False,False,False,False,False,False,False
Anuncio actualizado el 17 de octubre,0,1,1.0,1,0,,en trámite,planta 3ª exterior,0,0,82737615,16,1,Donostia-San Sebastián,Distrito Centro-Miraconcha," Bengoetxea, 3 , Barrio Área Romántica , Distrito Centro-Miraconcha , Donostia-San Sebastián , Donostialdea, Guipúzcoa ",Barrio Área Romántica,"Donostialdea, Guipúzcoa",80,75,2019-04-01,1920,0,2.0,0,0,0,False,False,True,False,False,False,False,False,False,False,False,True,False,False,False,False,False,False,False,False,False,False,False,False,False,False,False,False,False,False,False,False,False
Anuncio actualizado el 1 de febrero,0,1,1.0,1,0,2003,en trámite,planta 4ª exterior,0,0,83023263,16,1,Donostia-San Sebastián,Distrito Centro-Miraconcha," Zubieta, 7 , Barrio Área Romántica , Distrito Centro-Miraconcha , Donostia-San Sebastián , Donostialdea, Guipúzcoa ",Barrio Área Romántica,"Donostialdea, Guipúzcoa",70,55,2019-04-01,1400,1,2.0,0,0,0,False,False,True,False,False,False,False,False,False,False,False,True,False,False,False,False,False,False,False,False,False,False,False,False,False,False,False,False,False,False,False,False,False
Anuncio actualizado el 9 de marzo,0,0,2.0,1,0,1918,en trámite,planta 3ª exterior,0,0,83595532,16,1,Donostia-San Sebastián,Distrito Centro-Miraconcha," Calle marina , Barrio Área Romántica , Distrito Centro-Miraconcha , Donostia-San Sebastián , Donostialdea, Guipúzcoa ",Barrio Área Romántica,"Donostialdea, Guipúzcoa",115,100,2019-04-01,3000,0,4.0,0,0,0,False,False,True,False,False,False,False,True,False,False,False,False,False,False,False,False,False,False,False,False,False,False,False,False,False,False,False,False,False,False,False,False,False
Anuncio actualizado el 11 de febrero,1,1,4.0,1,0,1999,en trámite,1 planta,1,1,84228229,17,,Hondarribia,Santiagotxo s/n," Santiagotxo s/n , Hondarribia , Bajo Bidasoa, Guipúzcoa ",,"Bajo Bidasoa, Guipúzcoa",2896,271,2019-04-01,3000,1,4.0,1,1,1,False,False,True,False,False,False,False,True,False,False,False,False,False,False,False,False,False,False,False,False,False,False,False,False,False,True,False,False,False,False,False,False,False
Anuncio actualizado el 11 de marzo,0,0,1.0,1,0,,en trámite,planta 2ª exterior,0,0,84451793,16,0,Hondarribia,," , Hondarribia , Bajo Bidasoa, Guipúzcoa ",,"Bajo Bidasoa, Guipúzcoa",85,80,2019-04-01,1000,0,3.0,0,0,0,False,False,True,False,False,False,False,False,False,False,False,True,False,False,False,False,False,False,False,False,False,False,False,False,False,False,False,True,False,False,False,False,False
Anuncio actualizado el 30 de marzo,0,0,1.0,0,0,,en trámite,planta 10ª exterior,0,0,84682618,16,1,Donostia-San Sebastián,Distrito Altza-Bidebieta," , Barrio Bidebieta , Distrito Altza-Bidebieta , Donostia-San Sebastián , Donostialdea, Guipúzcoa ",Barrio Bidebieta,"Donostialdea, Guipúzcoa",50,,2019-04-01,700,0,3.0,0,0,0,False,False,True,False,False,False,False,False,False,False,False,False,False,False,False,False,False,False,False,False,False,False,False,False,False,False,False,False,False,False,False,False,False
Anuncio actualizado el 22 de marzo,0,1,2.0,1,0,2019,en trámite,exterior,0,0,84758005,16,1,Irun,Distrito Centro - Mendibil - Santiago," Calle Aldapeta , Distrito Centro - Mendibil - Santiago , Irun , Bajo Bidasoa, Guipúzcoa ",Calle Aldapeta,"Bajo Bidasoa, Guipúzcoa",71,67,2019-04-01,1100,1,2.0,1,0,1,False,False,False,False,False,False,False,True,False,False,False,False,False,False,False,False,False,False,False,False,False,False,False,False,False,False,False,True,False,False,False,False,False
Anuncio actualizado el 25 de marzo,0,0,2.0,0,0,,,planta 2ª exterior,0,0,33622111,16,1,Donostia-San Sebastián,Distrito Antiguo," Calle aizkorri , Distrito Antiguo , Donostia-San Sebastián , Donostialdea, Guipúzcoa ",Calle aizkorri,"Donostialdea, Guipúzcoa",65,60,2019-04-01,1200,0,3.0,0,0,0,False,False,True,False,False,False,False,False,False,False,False,False,False,False,False,False,False,False,False,False,False,False,False,False,False,False,False,False,False,False,False,False,False
Anuncio actualizado el 27 de marzo,0,0,1.0,0,0,,,planta 5ª exterior,0,0,81180150,16,1,Donostia-San Sebastián,Distrito Amara," Avenida Madrid Etorbidea , Barrio Amara , Distrito Amara , Donostia-San Sebastián , Donostialdea, Guipúzcoa ",Barrio Amara,"Donostialdea, Guipúzcoa",80,,2019-04-01,900,0,3.0,0,0,1,False,False,True,False,False,False,False,False,False,False,False,False,False,False,False,False,False,False,False,False,False,False,False,False,False,False,False,True,False,False,False,False,False
Anuncio actualizado el 6 de marzo,0,0,1.0,0,0,,,planta 3ª exterior,0,0,39718687,16,1,Donostia-San Sebastián,Distrito Centro-Miraconcha," , Barrio Amara Zaharra-Arbaizenea , Distrito Centro-Miraconcha , Donostia-San Sebastián , Donostialdea, Guipúzcoa ",Barrio Amara Zaharra-Arbaizenea,"Donostialdea, Guipúzcoa",50,41,2019-04-01,950,0,1.0,0,0,0,False,False,False,False,False,False,False,False,False,False,False,False,False,False,False,False,False,False,False,False,False,False,False,False,False,False,False,False,False,False,False,False,False
Anuncio actualizado el 29 de marzo,0,0,3.0,1,0,,,planta 4ª exterior,1,0,40499506,18,1,Astigarraga,"Calle nagusia, 16"," Calle nagusia, 16 , Astigarraga , Donostialdea, Guipúzcoa ",,"Donostialdea, Guipúzcoa",125,122,2019-04-01,1225,0,3.0,1,0,1,False,False,True,False,False,False,False,False,False,False,False,True,False,False,False,False,False,False,False,False,False,False,False,False,False,False,False,False,False,False,False,False,False
Anuncio actualizado el 21 de marzo,0,0,1.0,0,0,,,planta 1ª exterior,0,0,82670877,16,1,Donostia-San Sebastián,Distrito Centro-Miraconcha," , Barrio Área Romántica , Distrito Centro-Miraconcha , Donostia-San Sebastián , Donostialdea, Guipúzcoa ",Barrio Área Romántica,"Donostialdea, Guipúzcoa",56,50,2019-04-01,1500,0,1.0,0,0,0,False,False,False,False,False,False,False,False,False,False,False,False,False,False,False,False,False,False,False,False,False,False,False,False,False,False,False,False,False,False,False,False,False
Anuncio actualizado el 6 de marzo,0,0,1.0,0,0,,,planta 3ª,0,0,83192254,16,1,Donostia-San Sebastián,Distrito Gros," , Distrito Gros , Donostia-San Sebastián , Donostialdea, Guipúzcoa ",,"Donostialdea, Guipúzcoa",60,54,2019-04-01,1050,0,2.0,0,0,1,False,False,True,False,False,False,False,False,False,False,False,False,False,False,False,False,False,False,False,False,False,False,False,False,False,False,False,True,False,False,False,False,False
Anuncio actualizado el 5 de marzo,0,0,1.0,0,0,1969,,planta 5ª exterior,0,0,38930010,16,1,Donostia-San Sebastián,Distrito Centro-Miraconcha," , Barrio Área Romántica , Distrito Centro-Miraconcha , Donostia-San Sebastián , Donostialdea, Guipúzcoa ",Barrio Área Romántica,"Donostialdea, Guipúzcoa",55,50,2019-04-01,1450,0,1.0,0,0,0,False,False,True,False,False,False,False,False,False,False,False,False,False,False,False,False,False,False,False,True,False,False,False,False,False,False,False,False,False,False,False,False,False
Anuncio actualizado el 5 de febrero,0,1,2.0,1,0,2000,,planta 2ª interior,0,0,83524544,16,1,Donostia-San Sebastián,Distrito Gros," , Distrito Gros , Donostia-San Sebastián , Donostialdea, Guipúzcoa ",,"Donostialdea, Guipúzcoa",65,62,2019-04-01,950,1,2.0,0,0,0,False,False,True,False,False,False,False,False,False,False,False,True,False,False,False,False,False,False,False,False,False,False,False,False,False,False,False,False,False,False,False,False,False
Anuncio actualizado el 20 de febrero,1,1,1.0,1,0,1975,en trámite,planta 2ª exterior,0,0,81456292,16,1,Urnieta,"Azkorte, 7"," Azkorte, 7 , Urnieta , Donostialdea, Guipúzcoa ",,"Donostialdea, Guipúzcoa",75,70,2019-04-01,750,1,2.0,1,0,0,False,False,True,False,False,False,False,False,False,True,False,False,False,False,False,False,False,False,False,False,False,False,False,False,False,False,False,False,False,False,True,False,False
Anuncio actualizado el 11 de marzo,0,0,2.0,0,0,,en trámite,entreplanta,0,0,82633858,16,0,Donostia-San Sebastián,Distrito Antiguo," Calle Juan de Garai, 3 , Distrito Antiguo , Donostia-San Sebastián , Donostialdea, Guipúzcoa ","Calle Juan de Garai, 3","Donostialdea, Guipúzcoa",86,78,2019-04-01,1200,0,3.0,0,0,0,False,False,True,False,False,False,False,False,False,False,False,False,False,False,False,False,False,False,False,False,False,False,False,False,False,False,False,False,False,False,False,False,False
Anuncio actualizado el 20 de marzo,0,1,1.0,0,0,,en trámite,planta 1ª exterior,0,0,84495309,16,1,Donostia-San Sebastián,Distrito Amara," EUSTASIO AMILIBIA , Barrio Amara , Distrito Amara , Donostia-San Sebastián , Donostialdea, Guipúzcoa ",Barrio Amara,"Donostialdea, Guipúzcoa",67,60,2019-04-01,900,0,2.0,0,0,0,False,False,True,False,False,False,False,False,False,False,False,True,False,False,False,False,False,False,False,False,False,False,False,False,False,False,False,False,False,False,False,False,False
Anuncio actualizado el 16 de marzo,0,0,1.0,1,0,,en trámite,planta 3ª exterior,0,0,40501691,16,1,Donostia-San Sebastián,Distrito Antiguo," AIZGORRI , Distrito Antiguo , Donostia-San Sebastián , Donostialdea, Guipúzcoa ",AIZGORRI,"Donostialdea, Guipúzcoa",80,75,2019-04-01,1260,0,3.0,0,0,1,False,False,True,False,False,False,False,False,False,False,False,False,False,False,False,False,False,False,False,False,False,False,False,False,False,False,False,False,False,True,False,False,False
Anuncio actualizado el 28 de marzo,1,0,2.0,1,0,,,planta 6ª exterior,0,0,84782789,16,1,Donostia-San Sebastián,Distrito Centro-Miraconcha," SAN MARTIN , Barrio Área Romántica , Distrito Centro-Miraconcha , Donostia-San Sebastián , Donostialdea, Guipúzcoa ",Barrio Área Romántica,"Donostialdea, Guipúzcoa",78,75,2019-04-01,1200,1,2.0,0,0,1,False,False,True,False,False,False,False,False,False,False,False,True,False,False,False,False,False,False,False,False,False,False,False,False,False,False,False,False,False,True,False,False,False
Anuncio actualizado el 25 de marzo,0,0,2.0,0,0,,en trámite,planta 3ª exterior,0,0,84801800,16,1,Donostia-San Sebastián,Distrito Intxaurrondo," Valencia , Distrito Intxaurrondo , Donostia-San Sebastián , Donostialdea, Guipúzcoa ",Valencia,"Donostialdea, Guipúzcoa",95,90,2019-04-01,850,0,3.0,0,0,1,False,False,True,False,False,False,False,False,False,False,False,True,False,False,False,False,False,False,False,False,False,False,False,False,False,False,False,False,False,True,False,False,False
Anuncio actualizado el 28 de marzo,0,1,2.0,1,0,,no indicado,planta 3ª exterior,1,0,84848574,16,0,Aia,Calle MAHASTISORO," Calle MAHASTISORO , Aia , Urola Kosta, Guipúzcoa ",,"Urola Kosta, Guipúzcoa",85,80,2019-04-01,700,0,3.0,0,0,0,False,False,True,False,False,False,False,False,False,False,False,True,False,False,False,False,False,False,False,False,False,False,False,False,False,False,False,False,False,False,False,False,False
Anuncio actualizado el 28 de marzo,0,0,1.0,0,0,,no indicado,planta 2ª exterior,0,0,84852172,16,0,Donostia-San Sebastián,Distrito Intxaurrondo," LIZARDI , Distrito Intxaurrondo , Donostia-San Sebastián , Donostialdea, Guipúzcoa ",LIZARDI,"Donostialdea, Guipúzcoa",51,50,2019-04-01,750,0,2.0,0,0,0,False,False,True,False,False,False,False,True,False,False,False,False,False,False,False,False,False,False,False,False,False,False,False,False,False,False,False,False,False,False,False,False,False
Anuncio actualizado el 29 de marzo,0,0,1.0,1,0,,,planta 1ª exterior,0,0,39607291,16,0,Pasaia,Plaza Morales Oliver," Plaza Morales Oliver , Pasaia , Donostialdea, Guipúzcoa ",,"Donostialdea, Guipúzcoa",53,52,2019-04-01,725,0,2.0,0,0,0,False,False,True,False,False,False,False,False,False,False,False,False,False,False,False,False,False,False,False,False,False,False,False,False,False,False,False,False,False,False,False,False,False
Anuncio actualizado el 7 de febrero,0,0,1.0,1,0,1950,,planta 7ª exterior,0,0,37614513,16,1,Donostia-San Sebastián,Distrito Amara," Errondo Pasealekua , Urb. No , Barrio Amara , Distrito Amara , Donostia-San Sebastián , Donostialdea, Guipúzcoa ",Barrio Amara,"Donostialdea, Guipúzcoa",66,60,2019-04-01,2000,0,2.0,0,0,0,False,False,True,False,False,False,False,False,False,False,False,False,False,False,False,False,False,False,False,False,False,False,False,False,False,False,False,True,False,False,False,False,False
Anuncio actualizado el 5 de marzo,0,0,2.0,0,0,1949,,planta 1ª,0,0,38197608,16,1,Irun,Distrito Centro - Mendibil - Santiago," colon ibilbidea , Distrito Centro - Mendibil - Santiago , Irun , Bajo Bidasoa, Guipúzcoa ",colon ibilbidea,"Bajo Bidasoa, Guipúzcoa",139,134,2019-04-01,2000,0,4.0,0,0,0,False,False,True,False,False,False,False,False,False,False,False,False,False,False,False,False,False,False,False,False,False,False,False,False,False,False,False,False,False,False,False,False,False
Anuncio actualizado el 25 de febrero,0,0,1.0,0,0,,en trámite,entreplanta,0,0,30304307,16,1,Donostia-San Sebastián,Distrito Centro-Miraconcha," Calle hernani , Barrio Área Romántica , Distrito Centro-Miraconcha , Donostia-San Sebastián , Donostialdea, Guipúzcoa ",Barrio Área Romántica,"Donostialdea, Guipúzcoa",55,,2019-04-01,1100,0,1.0,0,0,1,False,False,True,False,False,False,False,False,False,False,False,False,False,False,False,False,False,True,False,False,False,False,False,False,False,False,False,False,False,False,False,False,False
Anuncio actualizado el 25 de septiembre,1,0,1.0,0,0,1975,en trámite,planta 8ª exterior,0,0,35652652,16,1,Hernani,etxeberri auzoa," etxeberri auzoa , Hernani , Donostialdea, Guipúzcoa ",,"Donostialdea, Guipúzcoa",105,92,2019-04-01,900,0,3.0,0,0,1,False,False,True,False,False,False,False,False,False,False,False,False,False,False,False,False,False,False,False,False,False,False,False,False,False,False,False,False,False,True,False,False,False
Anuncio actualizado el 18 de febrero,0,1,2.0,0,0,1904,,planta 3ª exterior,0,0,36165728,16,1,Donostia-San Sebastián,Distrito Centro-Miraconcha," Calle Bergara , Urb. CENTRO , Barrio Área Romántica , Distrito Centro-Miraconcha , Donostia-San Sebastián , Donostialdea, Guipúzcoa ",Barrio Área Romántica,"Donostialdea, Guipúzcoa",68,60,2019-04-01,1400,0,2.0,0,0,0,False,False,True,False,False,False,False,False,False,False,False,True,False,False,False,False,False,True,False,False,False,False,False,False,False,False,False,False,False,False,False,False,False
Anuncio actualizado el 9 de enero,0,1,2.0,1,0,2000,en trámite,planta 2ª interior,0,0,83781746,16,1,Donostia-San Sebastián,Distrito Gros," Renteria , Distrito Gros , Donostia-San Sebastián , Donostialdea, Guipúzcoa ",Renteria,"Donostialdea, Guipúzcoa",65,55,2019-04-01,1000,1,2.0,0,0,0,False,False,True,False,False,False,False,False,False,False,False,True,False,False,False,False,False,False,False,False,False,False,False,False,False,False,False,False,False,False,False,False,False
Anuncio actualizado el 28 de marzo,0,0,2.0,1,0,1993,,planta 4ª exterior,1,0,83801235,16,1,Donostia-San Sebastián,Distrito Amara," Toribio Alzaga , Barrio Zona Anoeta , Distrito Amara , Donostia-San Sebastián , Donostialdea, Guipúzcoa ",Barrio Zona Anoeta,"Donostialdea, Guipúzcoa",120,98,2019-04-01,1300,0,3.0,0,0,0,False,False,True,False,False,False,False,True,False,False,False,False,False,False,False,False,False,False,False,False,False,False,False,False,False,False,False,True,False,False,False,False,False
Anuncio actualizado el 14 de marzo,0,0,1.0,0,0,,,planta 6ª exterior,0,0,83945765,21,1,Donostia-San Sebastián,Distrito Centro-Miraconcha," URDANETA , Urb. CENTRO , Barrio Área Romántica , Distrito Centro-Miraconcha , Donostia-San Sebastián , Donostialdea, Guipúzcoa ",Barrio Área Romántica,"Donostialdea, Guipúzcoa",42,36,2019-04-01,900,0,1.0,0,0,1,False,False,True,False,False,False,False,False,False,True,False,False,False,False,False,False,False,False,False,False,False,False,False,False,False,False,False,False,False,True,False,False,False
Anuncio actualizado el 14 de marzo,0,0,2.0,1,0,1974,,planta 1ª exterior,0,0,84096655,16,1,Donostia-San Sebastián,Distrito Centro-Miraconcha," Arrasate , Barrio Área Romántica , Distrito Centro-Miraconcha , Donostia-San Sebastián , Donostialdea, Guipúzcoa ",Barrio Área Romántica,"Donostialdea, Guipúzcoa",110,98,2019-04-01,2200,1,2.0,1,0,0,False,False,True,False,False,True,False,False,False,False,False,False,False,False,False,False,False,True,False,False,False,False,False,False,False,False,False,False,False,False,False,False,False
Anuncio actualizado el 11 de marzo,0,0,2.0,1,0,1994,,planta 4ª exterior,1,0,84425163,16,1,Donostia-San Sebastián,Distrito Amara," Toribio Alazaga , Barrio Zona Anoeta , Distrito Amara , Donostia-San Sebastián , Donostialdea, Guipúzcoa ",Barrio Zona Anoeta,"Donostialdea, Guipúzcoa",120,100,2019-04-01,1300,0,3.0,0,0,0,False,False,True,False,False,False,False,True,False,False,False,False,False,False,False,False,False,False,False,False,False,False,False,False,False,False,False,True,False,False,False,False,False
Anuncio actualizado el 21 de marzo,0,0,2.0,1,0,,en trámite,planta 2ª exterior,0,0,84480618,16,1,Donostia-San Sebastián,Distrito Altza-Bidebieta," TXINGURRI, 16 b , Barrio Altza , Distrito Altza-Bidebieta , Donostia-San Sebastián , Donostialdea, Guipúzcoa ",Barrio Altza,"Donostialdea, Guipúzcoa",90,80,2019-04-01,950,1,3.0,0,0,1,False,False,True,False,False,False,False,False,False,True,False,False,False,False,False,False,False,True,False,False,False,False,False,False,False,False,False,False,False,False,False,False,False
Anuncio actualizado el 26 de marzo,0,0,1.0,0,0,,,planta 5ª interior,0,0,35016866,16,1,Donostia-San Sebastián,Distrito Centro-Miraconcha," Calle peñaflorida , Barrio Área Romántica , Distrito Centro-Miraconcha , Donostia-San Sebastián , Donostialdea, Guipúzcoa ",Barrio Área Romántica,"Donostialdea, Guipúzcoa",80,75,2019-04-01,1200,0,3.0,0,0,0,False,False,True,False,False,False,False,False,False,False,False,False,False,False,False,False,False,False,False,False,False,False,False,False,False,False,False,False,False,True,False,False,False
Anuncio actualizado el 17 de marzo,0,0,2.0,0,0,2007,no indicado,,1,0,84657874,16,,Donostia-San Sebastián,Distrito Gros," Kale Berria , Distrito Gros , Donostia-San Sebastián , Donostialdea, Guipúzcoa ",Kale Berria,"Donostialdea, Guipúzcoa",65,,2019-04-01,1150,0,2.0,0,0,0,False,False,False,False,False,False,False,False,False,False,False,False,False,False,False,False,False,False,False,False,False,False,False,False,False,False,False,False,False,False,False,False,False
Anuncio actualizado el 25 de marzo,0,0,1.0,0,0,,en trámite,,0,0,84796651,16,0,Donostia-San Sebastián,Distrito Antiguo," De Zumalakarregi Hiribidea , Distrito Antiguo , Donostia-San Sebastián , Donostialdea, Guipúzcoa ",De Zumalakarregi Hiribidea,"Donostialdea, Guipúzcoa",70,60,2019-04-01,1200,0,2.0,0,0,0,False,False,True,False,False,False,False,False,False,False,False,False,False,False,False,False,False,False,False,False,False,False,False,False,False,False,False,False,False,False,False,False,False
Anuncio actualizado el 29 de marzo,0,0,4.0,0,0,,en trámite,,1,1,84869999,23,,Legorreta,," , Legorreta , Tolosaldea, Guipúzcoa ",,"Tolosaldea, Guipúzcoa",250,230,2019-04-01,1700,0,6.0,0,0,1,False,False,True,False,False,False,False,False,False,False,False,False,False,False,False,False,False,False,False,False,False,False,False,False,False,False,False,False,False,False,False,False,False
Anuncio actualizado el 5 de marzo,0,0,1.0,0,0,,,planta 3ª exterior,0,0,39381193,16,0,Donostia-San Sebastián,Distrito Centro-Miraconcha," Calle Easo , Barrio Área Romántica , Distrito Centro-Miraconcha , Donostia-San Sebastián , Donostialdea, Guipúzcoa ",Barrio Área Romántica,"Donostialdea, Guipúzcoa",50,41,2019-04-01,900,0,1.0,0,0,0,False,False,True,False,False,False,False,False,False,False,False,False,False,False,False,False,False,True,False,False,False,False,False,False,False,False,False,False,False,False,False,False,False
Anuncio actualizado el 22 de marzo,0,0,4.0,0,0,,en trámite,planta 5ª exterior,0,0,82099148,16,1,Donostia-San Sebastián,Distrito Parte Vieja," Calle Aldamar , Distrito Parte Vieja , Donostia-San Sebastián , Donostialdea, Guipúzcoa ",Calle Aldamar,"Donostialdea, Guipúzcoa",130,100,2019-04-01,1700,0,4.0,0,0,1,False,False,True,False,False,False,False,False,False,False,False,False,False,False,False,False,False,True,False,False,False,False,False,False,False,False,False,False,False,False,False,False,False
Anuncio actualizado el 18 de diciembre,0,0,2.0,0,0,1919,en trámite,planta 1ª exterior,0,0,82345678,16,1,Donostia-San Sebastián,Distrito Centro-Miraconcha," Calle San Martin , Barrio Área Romántica , Distrito Centro-Miraconcha , Donostia-San Sebastián , Donostialdea, Guipúzcoa ",Barrio Área Romántica,"Donostialdea, Guipúzcoa",100,85,2019-04-01,2000,0,2.0,0,0,1,False,False,True,False,False,False,False,False,False,False,False,False,False,False,False,False,False,False,False,True,False,False,False,False,False,False,False,False,False,False,False,False,False
Anuncio actualizado el 5 de marzo,0,0,2.0,0,0,1999,,planta 2ª exterior,0,0,35386735,16,1,Donostia-San Sebastián,Distrito Centro-Miraconcha," Plaza mendeurren , Barrio Área Romántica , Distrito Centro-Miraconcha , Donostia-San Sebastián , Donostialdea, Guipúzcoa ",Barrio Área Romántica,"Donostialdea, Guipúzcoa",65,60,2019-04-01,1050,0,2.0,0,0,0,False,False,True,False,False,False,False,False,False,False,False,False,False,False,False,False,False,False,False,False,True,False,False,False,False,False,False,False,False,False,False,False,False
Anuncio actualizado el 5 de marzo,0,0,3.0,0,0,1979,en trámite,planta 2ª exterior,1,0,83242729,16,1,Zumaia,Julio Beobide Ibilbidea," Julio Beobide Ibilbidea , Zumaia , Urola Kosta, Guipúzcoa ",,"Urola Kosta, Guipúzcoa",110,,2019-04-01,1450,0,3.0,0,0,1,False,False,True,False,False,False,False,False,False,False,False,False,False,False,False,False,False,True,False,False,False,False,False,False,False,False,False,False,False,False,False,False,False
Anuncio actualizado el 5 de marzo,0,0,3.0,0,0,,en trámite,planta 5ª exterior,0,0,83242736,16,0,Donostia-San Sebastián,Distrito Centro-Miraconcha," Calle Bergara , Barrio Área Romántica , Distrito Centro-Miraconcha , Donostia-San Sebastián , Donostialdea, Guipúzcoa ",Barrio Área Romántica,"Donostialdea, Guipúzcoa",170,158,2019-04-01,1750,0,3.0,0,0,1,False,False,True,False,False,False,False,False,False,False,False,False,False,False,False,False,False,False,False,False,False,False,False,False,False,False,False,False,False,False,False,False,True
Anuncio actualizado el 5 de marzo,0,0,3.0,0,0,,,planta 6ª exterior,1,0,83246927,16,1,Donostia-San Sebastián,Distrito Centro-Miraconcha," Mirakontxa Pasealekua , Barrio Área Romántica , Distrito Centro-Miraconcha , Donostia-San Sebastián , Donostialdea, Guipúzcoa ",Barrio Área Romántica,"Donostialdea, Guipúzcoa",160,154,2019-04-01,2800,0,4.0,1,0,1,False,False,True,False,False,False,False,False,False,False,False,False,False,False,False,False,False,False,False,False,False,False,False,False,False,False,False,False,False,False,False,False,False
Anuncio actualizado el 21 de diciembre,0,1,2.0,1,0,,en trámite,planta 2ª exterior,0,0,83656107,16,1,Irun,Distrito Centro - Mendibil - Santiago," Luis Mariano , Distrito Centro - Mendibil - Santiago , Irun , Bajo Bidasoa, Guipúzcoa ",Luis Mariano,"Bajo Bidasoa, Guipúzcoa",120,112,2019-04-01,1300,0,4.0,0,0,0,False,False,True,False,False,False,False,False,False,False,False,True,False,False,False,False,False,False,False,False,False,False,False,False,False,False,False,False,False,False,False,False,False
Anuncio actualizado el 25 de febrero,0,0,2.0,0,0,2007,en trámite,planta 1ª,0,0,83942491,16,1,Donostia-San Sebastián,Distrito Centro-Miraconcha," Calle Urbieta , Barrio Área Romántica , Distrito Centro-Miraconcha , Donostia-San Sebastián , Donostialdea, Guipúzcoa ",Barrio Área Romántica,"Donostialdea, Guipúzcoa",68,62,2019-04-01,1050,0,2.0,0,0,0,False,False,True,False,False,False,False,False,False,False,False,False,False,False,False,False,False,False,False,True,False,False,False,False,False,False,False,False,False,False,False,False,False
Anuncio actualizado el 5 de marzo,0,1,1.0,0,0,1967,,planta 2ª exterior,0,0,84188481,16,1,Lasarte-Oria,Calle Erribera," Calle Erribera , Lasarte-Oria , Donostialdea, Guipúzcoa ",,"Donostialdea, Guipúzcoa",67,64,2019-04-01,750,0,2.0,0,0,0,False,False,True,False,False,False,False,False,False,True,False,False,False,False,False,False,False,False,False,False,False,False,False,False,False,False,False,False,False,True,False,False,False
Anuncio actualizado el 18 de marzo,0,0,2.0,0,0,1977,,planta 2ª exterior,0,0,84328366,16,1,Donostia-San Sebastián,Distrito Antiguo," Pío Baroja Pasealekua , Distrito Antiguo , Donostia-San Sebastián , Donostialdea, Guipúzcoa ",Pío Baroja Pasealekua,"Donostialdea, Guipúzcoa",140,120,2019-04-01,1400,0,3.0,0,0,1,False,False,True,False,False,False,False,False,False,False,False,False,False,False,False,False,False,False,False,False,False,False,False,False,False,False,False,False,False,True,False,False,False
Anuncio actualizado el 22 de marzo,0,0,2.0,0,0,2006,en trámite,planta 3ª exterior,1,0,84341236,18,1,Orio,Calle Antilla," Calle Antilla , Orio , Urola Kosta, Guipúzcoa ",,"Urola Kosta, Guipúzcoa",138,114,2019-04-01,1050,0,3.0,0,0,1,False,False,True,False,False,False,False,False,False,False,False,False,False,False,False,False,False,False,False,False,False,False,False,False,False,False,False,False,False,False,False,False,False
Anuncio actualizado el 21 de febrero,0,0,3.0,0,0,,en trámite,planta 5ª,0,0,84378474,16,1,Donostia-San Sebastián,Distrito Centro-Miraconcha," Calle Bergara , Barrio Área Romántica , Distrito Centro-Miraconcha , Donostia-San Sebastián , Donostialdea, Guipúzcoa ",Barrio Área Romántica,"Donostialdea, Guipúzcoa",160,145,2019-04-01,1750,0,3.0,0,0,1,False,False,True,False,False,False,False,False,False,False,False,False,False,False,False,False,False,False,False,False,False,False,False,False,False,False,False,False,False,False,False,False,True
Anuncio actualizado el 25 de febrero,1,0,2.0,0,0,,en trámite,planta 2ª,0,0,39366329,16,1,Donostia-San Sebastián,Distrito Centro-Miraconcha," Calle manterola , Barrio Área Romántica , Distrito Centro-Miraconcha , Donostia-San Sebastián , Donostialdea, Guipúzcoa ",Barrio Área Romántica,"Donostialdea, Guipúzcoa",48,42,2019-04-01,875,0,1.0,0,0,1,False,False,True,False,False,False,False,False,False,False,False,False,False,False,False,False,False,False,False,False,False,False,False,False,False,False,False,True,False,False,False,False,False
Anuncio actualizado el 22 de marzo,0,0,1.0,0,0,2007,en trámite,planta 1ª exterior,0,0,84445344,16,1,Donostia-San Sebastián,Distrito Amara," Barcelona Hiribidea , Barrio Riberas , Distrito Amara , Donostia-San Sebastián , Donostialdea, Guipúzcoa ",Barrio Riberas,"Donostialdea, Guipúzcoa",95,85,2019-04-01,1200,0,2.0,0,0,1,False,False,True,False,False,False,False,False,False,False,False,False,False,False,False,False,False,False,False,False,False,False,False,False,False,False,False,False,False,False,False,False,False
Anuncio actualizado el 18 de marzo,0,1,1.0,1,0,1907,,planta 2ª exterior,0,0,84547114,16,1,Donostia-San Sebastián,Distrito Centro-Miraconcha," Calle Larramendi , Barrio Área Romántica , Distrito Centro-Miraconcha , Donostia-San Sebastián , Donostialdea, Guipúzcoa ",Barrio Área Romántica,"Donostialdea, Guipúzcoa",75,68,2019-04-01,1100,1,2.0,0,0,1,False,False,True,False,False,False,False,True,False,False,False,False,False,False,False,False,False,False,False,False,False,False,False,False,False,False,False,False,False,False,False,False,False
Anuncio actualizado el 13 de marzo,0,0,2.0,1,0,,en trámite,planta 6ª exterior,0,0,84636767,16,1,Donostia-San Sebastián,Distrito Gros," RAMON Mª LILI , Distrito Gros , Donostia-San Sebastián , Donostialdea, Guipúzcoa ",RAMON Mª LILI,"Donostialdea, Guipúzcoa",70,65,2019-04-01,1500,1,2.0,0,0,1,False,False,True,False,False,True,False,False,False,False,False,False,False,False,False,False,False,False,False,False,False,False,False,False,False,False,False,False,False,False,False,False,True
Anuncio actualizado el 18 de marzo,0,0,2.0,1,0,2004,en trámite,planta 2ª exterior,1,0,84674522,16,1,Donostia-San Sebastián,Distrito Gros," Paseo de Francia, Gros , Distrito Gros , Donostia-San Sebastián , Donostialdea, Guipúzcoa ","Paseo de Francia, Gros","Donostialdea, Guipúzcoa",80,78,2019-04-01,1200,0,2.0,0,0,1,False,False,True,False,False,False,False,False,False,False,False,False,False,False,False,False,False,False,False,False,False,False,False,False,False,False,False,False,False,False,False,False,False
Anuncio actualizado el 18 de marzo,0,0,2.0,1,0,1970,no indicado,planta 5ª exterior,0,0,84707639,16,1,Donostia-San Sebastián,Distrito Centro-Miraconcha," San bartolome , Barrio Área Romántica , Distrito Centro-Miraconcha , Donostia-San Sebastián , Donostialdea, Guipúzcoa ",Barrio Área Romántica,"Donostialdea, Guipúzcoa",85,75,2019-04-01,2950,0,2.0,0,0,1,False,False,True,False,False,False,False,True,False,False,False,False,False,False,False,False,False,False,False,False,True,False,False,False,False,False,False,False,False,False,False,False,False
Anuncio actualizado el 21 de marzo,1,1,1.0,1,0,,,planta 6ª exterior,0,0,84742598,16,1,Donostia-San Sebastián,Distrito Centro-Miraconcha," Calle Bergara , Barrio Área Romántica , Distrito Centro-Miraconcha , Donostia-San Sebastián , Donostialdea, Guipúzcoa ",Barrio Área Romántica,"Donostialdea, Guipúzcoa",57,45,2019-04-01,1200,0,1.0,0,0,0,False,False,True,False,False,False,False,False,False,False,False,False,False,False,False,False,False,False,True,False,False,False,False,False,False,False,False,False,False,False,False,False,False
Anuncio actualizado el 26 de febrero,0,0,1.0,1,0,1950,,planta 5ª interior,0,0,1113727,16,1,Donostia-San Sebastián,Distrito Parte Vieja," Urb. Si , Distrito Parte Vieja , Donostia-San Sebastián , Donostialdea, Guipúzcoa ",Urb. Si,"Donostialdea, Guipúzcoa",50,45,2019-04-01,795,0,1.0,0,0,0,False,False,True,False,False,False,False,False,False,False,False,False,False,False,False,False,False,False,False,False,False,False,False,False,False,False,False,False,False,True,False,False,False
Anuncio actualizado el 5 de marzo,0,0,2.0,0,0,,en trámite,planta 1ª exterior,0,0,81348468,16,1,Donostia-San Sebastián,Distrito Parte Vieja," , Distrito Parte Vieja , Donostia-San Sebastián , Donostialdea, Guipúzcoa ",,"Donostialdea, Guipúzcoa",125,113,2019-04-01,1900,0,3.0,0,0,0,False,False,True,False,False,False,False,False,False,False,False,False,False,False,False,False,False,False,False,False,False,False,False,False,False,False,False,False,False,False,False,False,True
Anuncio actualizado el 5 de marzo,0,0,2.0,0,0,,en trámite,planta 1ª exterior,0,0,81835636,16,1,Donostia-San Sebastián,Distrito Gros," , Distrito Gros , Donostia-San Sebastián , Donostialdea, Guipúzcoa ",,"Donostialdea, Guipúzcoa",125,112,2019-04-01,1800,0,3.0,0,0,1,False,False,True,False,False,False,False,False,False,False,False,False,False,False,False,False,False,False,False,False,False,False,False,False,False,False,False,False,False,False,False,False,False
Anuncio actualizado el 5 de marzo,0,0,2.0,0,0,1949,en trámite,planta 2ª,0,0,81836023,16,1,Donostia-San Sebastián,Distrito Gros," , Distrito Gros , Donostia-San Sebastián , Donostialdea, Guipúzcoa ",,"Donostialdea, Guipúzcoa",125,115,2019-04-01,1800,0,3.0,0,0,0,False,False,True,False,False,False,False,False,False,False,False,False,False,False,False,False,False,False,False,False,False,False,False,False,False,False,False,False,False,False,False,False,False
Anuncio actualizado el 5 de marzo,0,0,1.0,0,0,,en trámite,planta 3ª,0,0,34154397,16,1,Donostia-San Sebastián,Distrito Gros," , Distrito Gros , Donostia-San Sebastián , Donostialdea, Guipúzcoa ",,"Donostialdea, Guipúzcoa",50,45,2019-04-01,850,0,1.0,0,0,1,False,False,True,False,False,False,False,False,False,False,False,False,False,False,False,False,False,True,False,False,False,False,False,False,False,False,False,False,False,False,False,False,False
Anuncio actualizado el 5 de marzo,0,0,1.0,0,0,,,planta 1ª exterior,0,0,33289964,16,1,Donostia-San Sebastián,Distrito Egia," , Distrito Egia , Donostia-San Sebastián , Donostialdea, Guipúzcoa ",,"Donostialdea, Guipúzcoa",72,65,2019-04-01,1100,0,2.0,0,0,0,False,False,True,False,False,False,False,False,False,False,False,False,False,False,False,False,False,False,False,False,False,False,False,False,False,False,False,True,False,False,False,False,False
Anuncio actualizado el 5 de marzo,0,0,1.0,0,0,1907,,planta 2ª exterior,0,0,83219555,16,1,Donostia-San Sebastián,Distrito Centro-Miraconcha," , Barrio Área Romántica , Distrito Centro-Miraconcha , Donostia-San Sebastián , Donostialdea, Guipúzcoa ",Barrio Área Romántica,"Donostialdea, Guipúzcoa",78,68,2019-04-01,1100,0,2.0,0,0,1,False,False,True,False,False,False,False,False,False,False,False,False,False,False,False,False,False,False,False,False,False,False,True,False,False,False,False,False,False,False,False,False,False
Anuncio actualizado el 17 de diciembre,0,0,1.0,1,0,,en trámite,planta 2ª interior,0,0,83577300,16,1,Donostia-San Sebastián,Distrito Centro-Miraconcha," Calle guetaria , Barrio Área Romántica , Distrito Centro-Miraconcha , Donostia-San Sebastián , Donostialdea, Guipúzcoa ",Barrio Área Romántica,"Donostialdea, Guipúzcoa",66,61,2019-04-01,1090,1,2.0,0,0,0,False,False,True,False,False,False,False,False,False,True,False,False,False,False,False,False,False,False,False,False,False,False,False,False,False,False,False,False,False,False,False,False,False
Anuncio actualizado el 16 de enero,0,1,1.0,0,0,,en trámite,planta 4ª exterior,0,0,83860682,16,1,Donostia-San Sebastián,Distrito Centro-Miraconcha," Calle marina , Barrio Área Romántica , Distrito Centro-Miraconcha , Donostia-San Sebastián , Donostialdea, Guipúzcoa ",Barrio Área Romántica,"Donostialdea, Guipúzcoa",50,45,2019-04-01,1200,0,2.0,0,0,0,False,False,True,False,False,False,False,False,False,True,False,False,False,False,False,False,False,False,False,False,False,False,True,False,False,False,False,False,False,False,False,False,False
Anuncio actualizado el 5 de marzo,0,0,1.0,0,0,1907,en trámite,planta 2ª,0,0,83958440,16,1,Donostia-San Sebastián,Distrito Centro-Miraconcha," , Barrio Área Romántica , Distrito Centro-Miraconcha , Donostia-San Sebastián , Donostialdea, Guipúzcoa ",Barrio Área Romántica,"Donostialdea, Guipúzcoa",65,56,2019-04-01,900,0,2.0,0,0,1,False,False,True,False,False,False,False,False,False,False,False,False,False,False,False,False,False,False,False,False,False,False,False,False,False,False,False,False,False,False,True,False,False
Anuncio actualizado el 5 de marzo,0,0,3.0,0,0,,en trámite,planta 4ª,0,0,81880020,16,1,Donostia-San Sebastián,Distrito Gros," , Distrito Gros , Donostia-San Sebastián , Donostialdea, Guipúzcoa ",,"Donostialdea, Guipúzcoa",144,124,2019-04-01,1900,0,4.0,0,0,0,False,False,True,False,False,False,False,False,False,False,False,False,False,False,False,False,False,False,False,False,True,False,False,False,False,False,False,False,False,False,False,False,False
Anuncio actualizado el 9 de marzo,0,0,2.0,0,0,1983,,planta 5ª exterior,0,0,84117851,16,1,Donostia-San Sebastián,Distrito Centro-Miraconcha," , Barrio Área Romántica , Distrito Centro-Miraconcha , Donostia-San Sebastián , Donostialdea, Guipúzcoa ",Barrio Área Romántica,"Donostialdea, Guipúzcoa",89,80,2019-04-01,1400,0,3.0,0,0,1,False,False,True,False,False,False,False,False,False,False,False,False,False,False,False,False,False,True,False,False,False,False,False,False,False,False,False,False,False,False,False,False,False
Anuncio actualizado el 20 de marzo,0,0,1.0,1,0,,en trámite,planta 6ª exterior,0,0,84301933,21,1,Donostia-San Sebastián,Distrito Gros," usandizaga, 12 , Distrito Gros , Donostia-San Sebastián , Donostialdea, Guipúzcoa ","usandizaga, 12","Donostialdea, Guipúzcoa",50,42,2019-04-01,950,1,2.0,0,0,1,False,False,True,False,False,False,False,True,False,False,False,False,False,False,False,False,False,False,False,False,False,False,True,False,False,False,False,False,False,False,False,False,False
Anuncio actualizado el 13 de marzo,0,1,1.0,1,0,1955,en trámite,planta 3ª exterior,0,0,84340732,16,0,Irun,Distrito Lapice - Larreaundi - Olaberria - Meaka," , Distrito Lapice - Larreaundi - Olaberria - Meaka , Irun , Bajo Bidasoa, Guipúzcoa ",,"Bajo Bidasoa, Guipúzcoa",83,77,2019-04-01,700,0,2.0,1,0,0,False,False,True,False,False,False,False,False,False,True,False,False,False,False,False,False,False,False,False,False,False,False,False,False,False,False,False,False,False,False,False,True,False
Anuncio actualizado el 1 de marzo,0,0,1.0,1,0,2007,,planta 1ª exterior,0,0,39729479,16,1,Irun,Distrito Centro - Mendibil - Santiago," Larrechipi , Distrito Centro - Mendibil - Santiago , Irun , Bajo Bidasoa, Guipúzcoa ",Larrechipi,"Bajo Bidasoa, Guipúzcoa",60,50,2019-04-01,690,1,1.0,0,0,0,False,False,True,False,False,False,False,True,False,False,False,False,False,False,False,False,False,False,False,True,False,False,False,False,False,False,False,False,False,False,False,False,False
Anuncio actualizado el 22 de marzo,0,1,2.0,1,0,,en trámite,planta 2ª exterior,0,0,84586155,16,1,Donostia-San Sebastián,Distrito Gros," Segundo Izpizua , Distrito Gros , Donostia-San Sebastián , Donostialdea, Guipúzcoa ",Segundo Izpizua,"Donostialdea, Guipúzcoa",90,80,2019-04-01,1390,0,3.0,0,0,0,False,False,True,False,False,False,False,False,False,False,False,True,False,False,False,False,False,True,False,False,False,False,False,False,False,False,False,False,False,False,False,False,False
Anuncio actualizado el 11 de marzo,0,1,1.0,0,0,,en trámite,planta 2ª exterior,0,0,84611756,16,0,Donostia-San Sebastián,Distrito Altza-Bidebieta," Erroteta , Barrio Altza , Distrito Altza-Bidebieta , Donostia-San Sebastián , Donostialdea, Guipúzcoa ",Barrio Altza,"Donostialdea, Guipúzcoa",70,65,2019-04-01,775,0,2.0,0,0,0,False,False,True,False,False,False,False,False,False,False,False,True,False,False,False,False,False,False,False,False,False,False,False,False,False,False,False,False,False,False,False,False,False
Anuncio actualizado el 13 de marzo,0,0,2.0,0,0,,,planta 3ª,0,0,84644051,16,,Donostia-San Sebastián,Distrito Amara," Calle Ternuako Arrantzaleen , Barrio Zona Anoeta , Distrito Amara , Donostia-San Sebastián , Donostialdea, Guipúzcoa ",Barrio Zona Anoeta,"Donostialdea, Guipúzcoa",85,,2019-04-01,1200,0,3.0,0,0,0,False,False,False,False,False,False,False,False,False,False,False,False,False,False,False,False,False,False,False,False,False,False,False,False,False,False,False,False,False,False,False,False,False
Anuncio actualizado el 16 de marzo,0,1,2.0,0,0,,en trámite,planta 7ª,0,0,84644052,16,1,Pasaia,Plaza Axular," Plaza Axular , Pasaia , Donostialdea, Guipúzcoa ",,"Donostialdea, Guipúzcoa",65,,2019-04-01,800,0,3.0,0,0,0,False,False,True,False,False,False,False,True,False,False,False,False,False,False,False,False,False,False,False,False,False,False,False,False,False,False,False,False,False,False,False,False,False
Anuncio actualizado el 13 de marzo,0,1,1.0,0,0,,en trámite,planta 2ª,0,0,84644053,16,1,Pasaia,Euskadi Hiribidea," Euskadi Hiribidea , Pasaia , Donostialdea, Guipúzcoa ",,"Donostialdea, Guipúzcoa",60,,2019-04-01,700,0,2.0,0,0,0,False,False,True,False,False,False,False,False,False,False,False,False,False,False,False,False,False,False,False,False,False,False,False,False,False,False,False,False,False,False,False,False,False
Anuncio actualizado el 17 de marzo,0,0,1.0,0,0,,en trámite,planta 6ª exterior,0,0,84660329,21,1,Donostia-San Sebastián,Distrito Centro-Miraconcha," Calle Etxaide , Barrio Área Romántica , Distrito Centro-Miraconcha , Donostia-San Sebastián , Donostialdea, Guipúzcoa ",Barrio Área Romántica,"Donostialdea, Guipúzcoa",35,,2019-04-01,960,0,1.0,0,0,0,False,False,False,False,False,False,False,True,False,False,False,False,False,False,False,False,False,False,False,False,False,False,False,False,False,False,False,False,False,False,False,False,False
Anuncio actualizado el 16 de marzo,0,1,2.0,0,0,,,planta 1ª exterior,0,0,84692500,16,,Irun,Distrito Jaizubia - Urdanibia - Puiana," Calle Kaskotegi , Distrito Jaizubia - Urdanibia - Puiana , Irun , Bajo Bidasoa, Guipúzcoa ",Calle Kaskotegi,"Bajo Bidasoa, Guipúzcoa",60,,2019-04-01,1100,0,3.0,0,0,0,False,False,True,False,False,False,False,True,False,False,False,False,False,False,False,False,False,False,False,False,False,False,False,False,False,False,False,False,False,False,False,False,False
Anuncio actualizado el 23 de marzo,0,0,1.0,0,0,,en trámite,planta 3ª exterior,0,0,84757148,16,0,Donostia-San Sebastián,Distrito Parte Vieja," Calle Santa Korda , Distrito Parte Vieja , Donostia-San Sebastián , Donostialdea, Guipúzcoa ",Calle Santa Korda,"Donostialdea, Guipúzcoa",60,52,2019-04-01,850,0,1.0,0,0,1,False,False,True,False,False,False,False,False,False,False,False,False,False,False,False,False,False,False,False,False,False,False,False,False,False,False,False,False,False,True,False,False,False
Anuncio actualizado el 5 de diciembre,0,1,4.0,1,1,,en trámite,2 plantas,0,1,81941716,24,,Donostia-San Sebastián,Distrito Ategorrieta," Paseo de ulia, 200 , Distrito Ategorrieta , Donostia-San Sebastián , Donostialdea, Guipúzcoa ","Paseo de ulia, 200","Donostialdea, Guipúzcoa",100,195,2019-04-01,3000,0,4.0,1,0,0,False,False,True,False,False,False,False,False,False,False,False,False,False,False,False,False,False,False,False,False,False,False,False,False,False,False,False,False,False,True,False,False,False
Anuncio actualizado el 1 de septiembre,0,1,1.0,1,0,,en trámite,planta 4ª exterior,0,0,82184973,16,1,Donostia-San Sebastián,Distrito Altza-Bidebieta," Paseo Casares, 7 , Barrio Altza , Distrito Altza-Bidebieta , Donostia-San Sebastián , Donostialdea, Guipúzcoa ",Barrio Altza,"Donostialdea, Guipúzcoa",78,70,2019-04-01,800,0,3.0,0,0,0,False,False,True,False,False,False,False,False,False,True,False,False,False,False,False,False,False,True,False,False,False,False,False,False,False,False,False,False,False,False,False,False,False
Anuncio actualizado el 21 de marzo,0,0,2.0,0,0,1971,,planta 1ª exterior,0,0,82272681,16,1,Donostia-San Sebastián,Distrito Antiguo," Heriz Pasealekua , Distrito Antiguo , Donostia-San Sebastián , Donostialdea, Guipúzcoa ",Heriz Pasealekua,"Donostialdea, Guipúzcoa",95,90,2019-04-01,1250,0,4.0,0,0,1,False,False,True,False,False,False,False,False,False,False,False,True,False,False,False,False,False,False,False,False,False,False,False,True,False,False,False,False,False,False,False,False,False
Anuncio actualizado el 21 de marzo,0,1,2.0,0,0,1935,en trámite,planta 2ª exterior,0,0,83159226,16,1,Donostia-San Sebastián,Distrito Gros," Calle Agirre Miramon , Distrito Gros , Donostia-San Sebastián , Donostialdea, Guipúzcoa ",Calle Agirre Miramon,"Donostialdea, Guipúzcoa",105,100,2019-04-01,1500,0,4.0,0,0,0,False,False,True,False,False,False,False,False,False,False,False,True,False,False,False,False,False,False,False,False,False,False,False,False,False,False,False,False,False,True,False,False,False
Anuncio actualizado el 20 de marzo,0,0,2.0,1,0,2007,en trámite,planta 1ª exterior,1,0,84353956,16,1,Donostia-San Sebastián,Distrito Amara," Avenida barcelona , Barrio Riberas , Distrito Amara , Donostia-San Sebastián , Donostialdea, Guipúzcoa ",Barrio Riberas,"Donostialdea, Guipúzcoa",105,94,2019-04-01,1300,1,3.0,0,0,1,False,False,True,False,False,False,False,False,False,False,False,True,False,False,False,False,False,False,True,False,False,False,False,False,False,False,False,False,False,False,False,False,False
Anuncio actualizado el 22 de marzo,0,0,2.0,0,0,,,planta 7ª exterior,0,0,35144221,16,1,Donostia-San Sebastián,Distrito Centro-Miraconcha," Calle san bartolome, 18 -20 , Barrio Área Romántica , Distrito Centro-Miraconcha , Donostia-San Sebastián , Donostialdea, Guipúzcoa ",Barrio Área Romántica,"Donostialdea, Guipúzcoa",96,86,2019-04-01,1200,0,2.0,0,0,0,False,False,True,False,False,False,False,False,False,False,False,False,False,False,False,False,False,False,False,False,False,False,False,False,False,False,False,False,False,False,False,False,True
Anuncio actualizado el 5 de marzo,0,0,2.0,0,0,1966,en trámite,planta 6ª,0,0,84403377,16,1,Donostia-San Sebastián,Distrito Amara," , Barrio Zona Anoeta , Distrito Amara , Donostia-San Sebastián , Donostialdea, Guipúzcoa ",Barrio Zona Anoeta,"Donostialdea, Guipúzcoa",85,82,2019-04-01,1200,0,3.0,0,0,1,False,False,True,False,False,False,False,False,False,False,False,False,False,False,False,False,False,False,False,False,False,False,False,False,False,False,False,False,False,False,False,False,False
Anuncio actualizado el 5 de marzo,0,0,1.0,0,0,1999,en trámite,planta 2ª,0,0,81261075,16,1,Donostia-San Sebastián,Distrito Centro-Miraconcha," , Barrio Área Romántica , Distrito Centro-Miraconcha , Donostia-San Sebastián , Donostialdea, Guipúzcoa ",Barrio Área Romántica,"Donostialdea, Guipúzcoa",49,43,2019-04-01,1150,0,1.0,1,0,1,False,False,True,False,False,False,False,False,False,False,False,False,False,False,False,False,False,False,False,False,False,False,True,False,False,False,False,False,False,False,False,False,False
Anuncio actualizado el 23 de marzo,0,0,4.0,1,0,,en trámite,planta 5ª exterior,0,0,84424651,16,1,Donostia-San Sebastián,Distrito Parte Vieja," Calle Aldamar, 3 , Distrito Parte Vieja , Donostia-San Sebastián , Donostialdea, Guipúzcoa ","Calle Aldamar, 3","Donostialdea, Guipúzcoa",105,,2019-04-01,1700,0,4.0,0,0,0,False,False,True,False,False,False,False,False,False,False,False,False,False,False,False,False,False,False,False,False,False,False,False,False,False,False,False,False,False,False,False,False,False
Anuncio actualizado el 26 de marzo,1,1,1.0,1,0,,,planta 5ª exterior,0,0,84811143,16,1,Donostia-San Sebastián,Distrito Gros," bermingham , Distrito Gros , Donostia-San Sebastián , Donostialdea, Guipúzcoa ",bermingham,"Donostialdea, Guipúzcoa",75,,2019-04-01,1200,1,2.0,0,0,0,False,False,True,False,False,False,False,True,False,False,False,False,False,False,False,False,False,True,False,False,False,False,False,False,False,False,False,False,False,False,False,False,False
Anuncio actualizado el 27 de marzo,0,0,1.0,0,0,,,planta 9ª exterior,0,0,84828875,16,1,Donostia-San Sebastián,Distrito Altza-Bidebieta," JULIO URQUIJO , Barrio Bidebieta , Distrito Altza-Bidebieta , Donostia-San Sebastián , Donostialdea, Guipúzcoa ",Barrio Bidebieta,"Donostialdea, Guipúzcoa",55,50,2019-04-01,750,0,3.0,0,0,0,False,False,True,False,False,False,False,True,False,False,False,False,False,False,False,False,False,False,False,False,False,False,False,False,False,False,False,True,False,False,False,False,False
Anuncio actualizado el 28 de marzo,0,0,1.0,1,0,1950,en trámite,planta 2ª exterior,0,0,84852707,16,0,Donostia-San Sebastián,Distrito Loiola-Martutene," Paseo martutene , Distrito Loiola-Martutene , Donostia-San Sebastián , Donostialdea, Guipúzcoa ",Paseo martutene,"Donostialdea, Guipúzcoa",120,110,2019-04-01,800,0,4.0,1,0,0,False,False,True,False,False,False,False,True,False,False,False,False,False,False,False,False,False,False,False,False,False,False,False,False,False,True,False,False,False,False,False,False,False
Anuncio actualizado el 29 de marzo,0,0,1.0,0,0,1900,,planta 4ª exterior,0,0,84869475,16,1,Donostia-San Sebastián,Distrito Parte Vieja," , Distrito Parte Vieja , Donostia-San Sebastián , Donostialdea, Guipúzcoa ",,"Donostialdea, Guipúzcoa",71,64,2019-04-01,1100,0,2.0,0,0,1,False,False,True,False,False,False,False,False,False,False,False,False,False,False,False,False,False,False,False,False,False,False,False,False,False,False,False,True,False,False,False,False,False
Anuncio actualizado el 1 de marzo,0,1,2.0,0,0,,en trámite,planta 2ª exterior,0,0,83002734,16,1,Irun,Distrito Centro - Mendibil - Santiago," Luis Mariano Kalea, Irún , Distrito Centro - Mendibil - Santiago , Irun , Bajo Bidasoa, Guipúzcoa ","Luis Mariano Kalea, Irún","Bajo Bidasoa, Guipúzcoa",130,120,2019-04-01,900,1,3.0,0,0,0,False,False,True,False,True,False,False,False,False,False,False,False,False,False,False,False,False,False,False,True,False,False,False,False,False,False,False,False,False,False,False,False,False
Anuncio actualizado el 19 de febrero,0,0,2.0,1,0,2000,,planta 2ª exterior,1,0,35896980,16,1,Irun,Distrito Centro - Mendibil - Santiago," Gudari s/n , Distrito Centro - Mendibil - Santiago , Irun , Bajo Bidasoa, Guipúzcoa ",Gudari s/n,"Bajo Bidasoa, Guipúzcoa",100,90,2019-04-01,1150,1,3.0,1,0,1,False,False,True,False,False,False,False,True,False,False,False,False,False,False,False,False,False,False,False,False,False,False,False,False,False,False,False,False,False,False,False,True,False
Anuncio actualizado el 18 de marzo,0,1,1.0,1,0,1965,en trámite,planta 8ª exterior,0,0,84229791,16,1,Donostia-San Sebastián,Distrito Amara," Madrid Etorbidea , Barrio Zona Anoeta , Distrito Amara , Donostia-San Sebastián , Donostialdea, Guipúzcoa ",Barrio Zona Anoeta,"Donostialdea, Guipúzcoa",89,80,2019-04-01,1100,1,3.0,0,0,1,False,False,True,False,False,False,False,True,False,False,False,False,False,False,False,False,False,False,False,False,False,False,False,False,False,False,False,True,False,False,False,False,False
Anuncio actualizado el 17 de marzo,0,0,2.0,0,0,,en trámite,planta 9ª exterior,0,0,84651418,21,1,Donostia-San Sebastián,Distrito Centro-Miraconcha," , Barrio Área Romántica , Distrito Centro-Miraconcha , Donostia-San Sebastián , Donostialdea, Guipúzcoa ",Barrio Área Romántica,"Donostialdea, Guipúzcoa",110,97,2019-04-01,2600,0,2.0,0,0,1,False,False,True,False,False,False,False,False,False,False,False,False,False,False,False,False,False,False,False,False,False,False,False,False,False,False,False,False,False,False,False,False,False
Anuncio actualizado el 26 de marzo,0,0,2.0,1,0,2002,,planta 2ª exterior,1,0,84738268,16,1,Donostia-San Sebastián,Distrito Egia," Francia , Distrito Egia , Donostia-San Sebastián , Donostialdea, Guipúzcoa ",Francia,"Donostialdea, Guipúzcoa",75,70,2019-04-01,1200,0,2.0,0,0,1,False,False,True,False,False,False,False,False,False,False,False,True,False,False,False,False,False,False,False,False,False,False,False,False,False,False,False,False,False,False,False,False,False
Anuncio actualizado el 31 de marzo,0,0,1.0,0,0,,,bajo exterior,0,0,38602536,20,0,Donostia-San Sebastián,Distrito Egia," Egia Galtzada, 14 , Distrito Egia , Donostia-San Sebastián , Donostialdea, Guipúzcoa ","Egia Galtzada, 14","Donostialdea, Guipúzcoa",25,24,2019-04-01,670,0,0.0,0,0,0,False,False,True,False,False,False,False,False,False,False,False,False,False,False,False,False,False,False,False,False,False,False,False,False,False,False,False,True,False,False,False,False,False
Anuncio actualizado el 26 de marzo,0,0,1.0,0,0,1974,en trámite,planta 3ª,0,0,84809937,16,1,Donostia-San Sebastián,Distrito Ibaeta," Calle Zarautz , Distrito Ibaeta , Donostia-San Sebastián , Donostialdea, Guipúzcoa ",Calle Zarautz,"Donostialdea, Guipúzcoa",80,70,2019-04-01,1050,0,3.0,0,0,1,False,False,True,False,False,False,False,False,False,False,False,False,False,False,False,False,False,True,False,False,False,False,False,False,False,False,False,False,False,False,False,False,False
Anuncio actualizado el 13 de febrero,0,1,2.0,1,0,1991,en trámite,planta 1ª exterior,1,0,83667643,16,1,Irun,Distrito Centro - Mendibil - Santiago," Calle Jose Joaquin Tadeo Murguia, 1 , Distrito Centro - Mendibil - Santiago , Irun , Bajo Bidasoa, Guipúzcoa ","Calle Jose Joaquin Tadeo Murguia, 1","Bajo Bidasoa, Guipúzcoa",111,,2019-04-01,950,1,3.0,1,0,0,False,False,True,False,False,False,False,False,False,True,False,False,False,False,False,False,False,False,False,False,False,False,False,False,False,False,False,False,False,False,True,False,False
Anuncio actualizado el 1 de febrero,0,0,2.0,1,0,,no indicado,planta 2ª exterior,1,0,33091699,16,1,Donostia-San Sebastián,Distrito Gros," Calle zabaleta, 49 , Distrito Gros , Donostia-San Sebastián , Donostialdea, Guipúzcoa ","Calle zabaleta, 49","Donostialdea, Guipúzcoa",92,82,2019-04-01,1500,0,3.0,0,0,1,False,False,True,False,False,False,False,False,False,False,False,False,False,False,False,False,False,False,False,False,False,False,False,False,False,False,False,False,False,False,False,False,False
Anuncio actualizado el 4 de octubre,0,0,3.0,0,0,,no indicado,planta 2ª exterior,0,0,82197025,18,0,Donostia-San Sebastián,Distrito Antiguo," Paseo de Marbil s/n , Distrito Antiguo , Donostia-San Sebastián , Donostialdea, Guipúzcoa ",Paseo de Marbil s/n,"Donostialdea, Guipúzcoa",167,,2019-04-01,2500,0,3.0,0,0,1,False,False,True,False,False,False,False,True,False,False,False,False,False,False,False,False,False,False,False,True,False,False,False,False,False,False,False,False,False,False,False,False,False
Anuncio actualizado el 21 de diciembre,0,1,3.0,0,0,,no indicado,planta 3ª exterior,0,0,82482701,16,1,Donostia-San Sebastián,Distrito Parte Vieja," Salamanca, 8 , Distrito Parte Vieja , Donostia-San Sebastián , Donostialdea, Guipúzcoa ","Salamanca, 8","Donostialdea, Guipúzcoa",168,,2019-04-01,2500,0,5.0,0,0,0,False,False,True,False,False,False,False,False,False,False,False,False,False,False,False,False,False,False,False,False,False,False,False,False,False,False,False,False,False,False,False,False,False
Anuncio actualizado el 13 de marzo,0,1,2.0,1,0,,,bajo exterior,1,1,83899147,16,1,Donostia-San Sebastián,Distrito Centro-Miraconcha," Aldapeta Galtzada, 9 , Barrio Amara Zaharra-Arbaizenea , Distrito Centro-Miraconcha , Donostia-San Sebastián , Donostialdea, Guipúzcoa ",Barrio Amara Zaharra-Arbaizenea,"Donostialdea, Guipúzcoa",91,77,2019-04-01,1400,0,2.0,1,1,1,False,False,True,False,False,False,False,True,False,False,False,False,False,False,False,False,False,True,False,False,False,False,False,False,False,False,False,False,False,False,False,False,False
Anuncio actualizado el 31 de enero,0,1,2.0,1,0,,no indicado,planta 2ª exterior,1,1,84061069,16,1,Donostia-San Sebastián,Distrito Centro-Miraconcha," Calle Izaburu, 45 , Barrio Miraconcha , Distrito Centro-Miraconcha , Donostia-San Sebastián , Donostialdea, Guipúzcoa ",Barrio Miraconcha,"Donostialdea, Guipúzcoa",140,125,2019-04-01,1850,0,4.0,1,1,1,False,False,True,False,False,False,False,True,False,False,False,False,False,False,False,False,False,False,False,False,False,False,False,False,False,False,False,False,False,False,False,False,False
Anuncio actualizado el 25 de marzo,0,0,1.0,0,0,,no indicado,planta 1ª exterior,0,0,84088520,16,1,Donostia-San Sebastián,Distrito Gros," Paseo de Francia, 1 , Distrito Gros , Donostia-San Sebastián , Donostialdea, Guipúzcoa ","Paseo de Francia, 1","Donostialdea, Guipúzcoa",60,55,2019-04-01,3800,0,2.0,0,0,0,False,False,True,False,False,False,False,False,False,True,False,False,False,False,False,False,False,False,False,False,False,False,False,False,False,False,False,False,False,True,False,False,False
Anuncio actualizado el 11 de marzo,0,0,3.0,1,0,,,planta 6ª exterior,0,0,81141803,16,1,Donostia-San Sebastián,Distrito Gros," Calle Zabaleta, 12 , Distrito Gros , Donostia-San Sebastián , Donostialdea, Guipúzcoa ","Calle Zabaleta, 12","Donostialdea, Guipúzcoa",135,115,2019-04-01,3390,0,4.0,0,0,1,False,False,True,False,False,False,False,False,False,False,False,False,False,False,False,False,False,False,False,False,True,False,False,False,False,False,False,False,False,False,False,False,False
Anuncio actualizado el 12 de marzo,0,0,2.0,1,0,,,planta 3ª exterior,0,1,27898718,16,1,Altzola,"Calle Bainuetxeko Zumardia Aldapa, 3"," Calle Bainuetxeko Zumardia Aldapa, 3 , Altzola , Bajo Deba, Guipúzcoa ",,"Bajo Deba, Guipúzcoa",60,57,2019-04-01,550,1,2.0,0,0,1,False,False,True,False,False,False,False,False,False,True,False,False,False,False,False,False,False,False,False,False,False,False,False,False,False,False,False,False,False,False,True,False,False
Anuncio actualizado el 8 de marzo,0,0,2.0,0,0,,en trámite,planta 3ª exterior,0,0,84548493,16,1,Donostia-San Sebastián,Distrito Amara," Antso Jakituna Hiribidea , Barrio Amara , Distrito Amara , Donostia-San Sebastián , Donostialdea, Guipúzcoa ",Barrio Amara,"Donostialdea, Guipúzcoa",129,108,2019-04-01,1150,0,3.0,0,0,1,False,False,True,False,False,False,False,False,False,False,False,False,False,False,False,False,False,False,False,False,False,False,False,False,False,False,False,True,False,False,False,False,False
Anuncio actualizado el 12 de marzo,0,0,2.0,1,0,,en trámite,planta 1ª exterior,1,0,33104320,16,1,Donostia-San Sebastián,Distrito Antiguo," mikeletes , Distrito Antiguo , Donostia-San Sebastián , Donostialdea, Guipúzcoa ",mikeletes,"Donostialdea, Guipúzcoa",115,110,2019-04-01,1200,0,3.0,0,0,0,False,False,True,False,False,False,False,False,False,False,False,False,False,False,False,False,False,False,False,False,False,False,False,False,False,False,False,False,False,False,False,False,False
Anuncio actualizado el 8 de marzo,0,0,2.0,0,0,,en trámite,planta 6ª exterior,0,0,35095478,16,1,Donostia-San Sebastián,Distrito Centro-Miraconcha," Calle manterola , Barrio Área Romántica , Distrito Centro-Miraconcha , Donostia-San Sebastián , Donostialdea, Guipúzcoa ",Barrio Área Romántica,"Donostialdea, Guipúzcoa",80,70,2019-04-01,1200,0,3.0,0,0,1,False,False,True,False,False,False,False,False,False,False,False,False,False,False,False,False,False,True,False,False,False,False,False,False,False,False,False,False,False,False,False,False,False
Anuncio actualizado el 20 de marzo,1,1,1.0,1,0,,,planta 6ª exterior,0,0,84611700,16,1,Donostia-San Sebastián,Distrito Centro-Miraconcha," Calle Bergara , Barrio Área Romántica , Distrito Centro-Miraconcha , Donostia-San Sebastián , Donostialdea, Guipúzcoa ",Barrio Área Romántica,"Donostialdea, Guipúzcoa",57,45,2019-04-01,1200,1,1.0,0,0,0,False,False,True,False,False,False,False,False,False,False,False,False,False,False,False,False,False,False,True,False,False,False,False,False,False,False,False,False,False,False,False,False,False
Anuncio actualizado el 11 de marzo,0,0,2.0,0,0,,en trámite,planta 4ª,0,0,84618669,16,1,Donostia-San Sebastián,Distrito Centro-Miraconcha," Estella Lizarra , Barrio Amara Zaharra-Arbaizenea , Distrito Centro-Miraconcha , Donostia-San Sebastián , Donostialdea, Guipúzcoa ",Barrio Amara Zaharra-Arbaizenea,"Donostialdea, Guipúzcoa",65,64,2019-04-01,1200,0,2.0,0,0,1,False,False,True,False,False,False,False,False,False,False,False,False,False,False,False,False,False,False,False,False,False,False,False,False,False,False,False,False,False,True,False,False,False
Anuncio actualizado el 13 de marzo,0,0,1.0,1,0,,,planta 2ª exterior,0,0,84619770,16,1,Donostia-San Sebastián,Distrito Centro-Miraconcha," ARROKA , Urb. CENTRO , Barrio Amara Zaharra-Arbaizenea , Distrito Centro-Miraconcha , Donostia-San Sebastián , Donostialdea, Guipúzcoa ",Barrio Amara Zaharra-Arbaizenea,"Donostialdea, Guipúzcoa",72,64,2019-04-01,900,0,1.0,0,0,0,False,False,True,False,False,False,False,False,False,False,False,True,False,False,False,False,False,False,False,False,False,False,False,False,False,False,False,False,False,False,False,False,False
Anuncio actualizado el 27 de marzo,0,1,1.0,0,0,,,planta 1ª exterior,0,0,84642329,16,1,Donostia-San Sebastián,Distrito Centro-Miraconcha," LERSUNDI GENERALA , Urb. CENTRO - MIRACONCHA , Barrio Área Romántica , Distrito Centro-Miraconcha , Donostia-San Sebastián , Donostialdea, Guipúzcoa ",Barrio Área Romántica,"Donostialdea, Guipúzcoa",105,90,2019-04-01,1100,0,3.0,0,0,0,False,False,True,False,False,False,False,False,False,True,False,False,False,False,False,False,False,False,False,False,False,False,False,False,False,False,False,False,False,False,False,False,False
Anuncio actualizado el 13 de marzo,0,0,1.0,0,0,,,planta 3ª interior,0,0,40547687,16,1,Donostia-San Sebastián,Distrito Centro-Miraconcha," BERGARA , Urb. CENTRO , Barrio Área Romántica , Distrito Centro-Miraconcha , Donostia-San Sebastián , Donostialdea, Guipúzcoa ",Barrio Área Romántica,"Donostialdea, Guipúzcoa",62,54,2019-04-01,900,1,2.0,0,0,0,False,False,True,False,False,False,False,False,False,False,False,True,False,False,False,False,False,False,False,False,False,False,False,False,False,False,False,False,False,False,False,False,False
Anuncio actualizado el 13 de marzo,0,1,2.0,1,0,,,planta 2ª exterior,0,0,84652021,16,1,Astigarraga,Urb. ERGOBIA," JUANGITENEA , Urb. ERGOBIA , Astigarraga , Donostialdea, Guipúzcoa ",JUANGITENEA,"Donostialdea, Guipúzcoa",80,72,2019-04-01,860,1,2.0,0,0,0,False,False,True,False,False,False,False,False,False,False,False,True,False,False,False,False,False,False,False,False,False,False,False,False,False,False,False,False,False,False,False,False,False
Anuncio actualizado el 23 de marzo,0,0,1.0,0,0,,en trámite,exterior,0,1,84712917,16,1,Donostia-San Sebastián,Distrito Loiola-Martutene," Kristobaldegi Bidea , Distrito Loiola-Martutene , Donostia-San Sebastián , Donostialdea, Guipúzcoa ",Kristobaldegi Bidea,"Donostialdea, Guipúzcoa",60,50,2019-04-01,900,0,2.0,0,0,1,False,False,True,False,False,False,False,False,False,False,False,False,False,False,False,False,False,False,False,True,False,False,False,False,False,False,False,False,False,False,False,False,False
Anuncio actualizado el 20 de marzo,0,0,2.0,0,0,,en trámite,planta 8ª,0,0,39876159,16,1,Donostia-San Sebastián,Distrito Amara," antso jakituna hiribidea , Barrio Amara , Distrito Amara , Donostia-San Sebastián , Donostialdea, Guipúzcoa ",Barrio Amara,"Donostialdea, Guipúzcoa",83,,2019-04-01,1500,0,3.0,0,0,1,False,False,True,False,False,False,False,False,False,False,False,False,False,False,False,False,False,False,False,False,False,False,False,False,False,False,False,False,False,False,False,False,False
Anuncio actualizado el 21 de marzo,0,1,1.0,0,0,,,planta 1ª exterior,0,0,84755919,16,0,Donostia-San Sebastián,Distrito Ategorrieta," Travesía TRAVESÍA RODIL , Urb. ATEGORRIETA , Distrito Ategorrieta , Donostia-San Sebastián , Donostialdea, Guipúzcoa ",Urb. ATEGORRIETA,"Donostialdea, Guipúzcoa",90,82,2019-04-01,880,0,3.0,0,0,0,False,False,True,False,False,False,False,True,False,False,False,False,False,False,False,False,False,False,False,False,False,False,False,False,False,False,False,False,False,False,False,False,False
Anuncio actualizado el 27 de marzo,0,1,1.0,1,0,1977,en trámite,planta 3ª exterior,0,0,84752408,16,1,Irun,Distrito Centro - Mendibil - Santiago," Sālis Hiribidea, Irún , Distrito Centro - Mendibil - Santiago , Irun , Bajo Bidasoa, Guipúzcoa ","Sālis Hiribidea, Irún","Bajo Bidasoa, Guipúzcoa",40,35,2019-04-01,600,0,1.0,1,0,0,False,False,True,False,False,False,False,False,False,True,False,False,False,False,False,False,False,False,False,False,False,False,False,False,False,False,False,False,False,False,True,False,False
Anuncio actualizado el 29 de marzo,0,1,1.0,1,0,,en trámite,planta 3ª exterior,0,0,84863362,16,0,Legazpia,"Domingo Agirre Enparantza Plaza, Legazpi (Legazpia)"," Domingo Agirre Enparantza Plaza, Legazpi (Legazpia) , Legazpia , Goierri, Guipúzcoa ",,"Goierri, Guipúzcoa",73,70,2019-04-01,550,0,3.0,0,0,0,False,False,True,False,False,False,False,False,False,False,False,True,False,False,False,False,False,False,False,False,False,False,False,False,False,False,False,False,False,True,False,False,False
Anuncio actualizado el 13 de diciembre,0,0,4.0,1,0,,en trámite,planta 2ª exterior,1,1,83030123,18,1,Donostia-San Sebastián,Distrito Ategorrieta," Paseo de Ulia , Distrito Ategorrieta , Donostia-San Sebastián , Donostialdea, Guipúzcoa ",Paseo de Ulia,"Donostialdea, Guipúzcoa",163,,2019-04-01,2200,0,4.0,1,1,1,False,False,True,False,False,False,False,False,False,False,False,True,False,False,False,False,False,False,False,False,False,False,False,False,False,False,False,False,False,False,False,False,False
Anuncio actualizado el 23 de marzo,0,0,1.0,0,0,,en trámite,planta 2ª exterior,1,0,84073893,16,1,Astigarraga,Ergobia Ibilbidea," Ergobia Ibilbidea , Astigarraga , Donostialdea, Guipúzcoa ",,"Donostialdea, Guipúzcoa",65,60,2019-04-01,750,0,2.0,0,0,1,False,False,True,False,False,False,False,False,False,False,False,False,False,False,False,False,False,False,False,False,False,False,False,False,False,False,False,False,False,False,False,False,False
Anuncio actualizado el 19 de febrero,0,0,1.0,1,0,1900,en trámite,planta 5ª exterior,0,0,84169285,21,1,Donostia-San Sebastián,Distrito Centro-Miraconcha," Calle Autonomia , Barrio Amara Zaharra-Arbaizenea , Distrito Centro-Miraconcha , Donostia-San Sebastián , Donostialdea, Guipúzcoa ",Barrio Amara Zaharra-Arbaizenea,"Donostialdea, Guipúzcoa",70,60,2019-04-01,1200,1,2.0,0,0,0,False,False,True,False,False,False,False,False,False,False,False,True,False,False,False,False,False,True,False,False,False,False,False,False,False,False,False,False,False,False,False,False,False
Anuncio actualizado el 7 de febrero,0,1,2.0,1,0,1980,en trámite,planta 2ª exterior,1,1,84192148,16,1,Donostia-San Sebastián,Distrito Antiguo," Paseo del Faro , Distrito Antiguo , Donostia-San Sebastián , Donostialdea, Guipúzcoa ",Paseo del Faro,"Donostialdea, Guipúzcoa",125,105,2019-04-01,1400,1,3.0,0,1,0,False,False,True,False,False,False,False,False,False,False,False,True,False,False,False,False,False,False,False,False,False,False,False,False,False,False,False,False,False,False,False,True,False
Anuncio actualizado el 27 de marzo,0,0,2.0,1,0,2015,,planta 3ª exterior,1,0,84596754,16,1,Donostia-San Sebastián,Distrito Amara," Ibiltokia de Bizkaia , Barrio Amara , Distrito Amara , Donostia-San Sebastián , Donostialdea, Guipúzcoa ",Barrio Amara,"Donostialdea, Guipúzcoa",101,87,2019-04-01,1500,0,3.0,0,1,1,False,False,True,False,False,False,False,False,False,False,False,False,False,False,False,False,False,False,True,False,False,False,False,False,False,False,False,False,False,False,False,False,False
Anuncio actualizado el 23 de marzo,0,0,2.0,0,0,1972,en trámite,planta 6ª exterior,1,0,84712276,16,1,Donostia-San Sebastián,Distrito Centro-Miraconcha," Calle Easo , Barrio Área Romántica , Distrito Centro-Miraconcha , Donostia-San Sebastián , Donostialdea, Guipúzcoa ",Barrio Área Romántica,"Donostialdea, Guipúzcoa",90,87,2019-04-01,1550,0,4.0,0,0,1,False,False,True,False,False,False,False,False,False,False,False,False,False,False,False,False,False,False,False,False,False,False,False,False,False,False,False,False,False,False,False,False,True
Anuncio actualizado el 20 de marzo,0,1,1.0,1,0,,en trámite,planta 1ª exterior,0,0,84595961,16,1,Donostia-San Sebastián,Distrito Gros," ramon maria lili , Distrito Gros , Donostia-San Sebastián , Donostialdea, Guipúzcoa ",ramon maria lili,"Donostialdea, Guipúzcoa",95,70,2019-04-01,1700,1,2.0,0,0,1,False,False,True,False,False,False,False,False,False,True,False,False,False,False,False,False,False,False,False,False,False,False,False,False,False,False,False,True,False,False,False,False,False
Anuncio actualizado el 18 de marzo,0,0,2.0,0,0,,en trámite,planta 3ª,0,0,84611233,16,1,Donostia-San Sebastián,Distrito Loiola-Martutene," , Distrito Loiola-Martutene , Donostia-San Sebastián , Donostialdea, Guipúzcoa ",,"Donostialdea, Guipúzcoa",76,69,2019-04-01,1000,0,3.0,0,0,1,False,False,True,False,False,False,False,False,False,False,False,False,False,False,False,False,False,False,False,False,False,False,False,False,False,False,False,False,False,False,False,False,True
Anuncio actualizado el 15 de marzo,0,0,1.0,0,0,,en trámite,planta 6ª exterior,0,0,84670365,16,1,Donostia-San Sebastián,Distrito Centro-Miraconcha," Calle Etxaide, 4 , Barrio Área Romántica , Distrito Centro-Miraconcha , Donostia-San Sebastián , Donostialdea, Guipúzcoa ",Barrio Área Romántica,"Donostialdea, Guipúzcoa",48,,2019-04-01,960,0,1.0,0,0,0,False,False,True,False,False,False,False,False,False,False,False,False,False,False,False,False,False,False,False,False,False,False,False,False,False,False,False,False,False,False,False,False,False
Anuncio actualizado el 26 de marzo,0,0,2.0,1,0,1979,,planta 3ª exterior,1,0,84026460,16,0,Orio,"Calle Iturbide, 19"," Calle Iturbide, 19 , Orio , Urola Kosta, Guipúzcoa ",,"Urola Kosta, Guipúzcoa",90,85,2019-04-01,800,0,3.0,0,0,0,False,False,True,False,False,False,False,False,False,False,False,True,False,False,False,False,False,False,False,False,False,False,False,False,False,False,False,False,False,True,False,False,False
Anuncio actualizado el 15 de marzo,0,0,2.0,1,0,,en trámite,planta 4ª exterior,0,0,83951301,16,1,Irun,Distrito Centro - Mendibil - Santiago," Paseo DE COLON , Urb. CENTRO , Distrito Centro - Mendibil - Santiago , Irun , Bajo Bidasoa, Guipúzcoa ",Urb. CENTRO,"Bajo Bidasoa, Guipúzcoa",105,,2019-04-01,1100,1,4.0,0,0,0,False,False,True,False,False,False,False,False,False,False,False,True,False,False,False,False,False,False,False,False,False,False,False,False,False,False,False,False,False,False,False,False,False
Anuncio actualizado el 5 de marzo,0,1,2.0,1,0,,no indicado,planta 4ª exterior,0,0,84533804,16,1,Donostia-San Sebastián,Distrito Centro-Miraconcha," San Bartolome , Barrio Área Romántica , Distrito Centro-Miraconcha , Donostia-San Sebastián , Donostialdea, Guipúzcoa ",Barrio Área Romántica,"Donostialdea, Guipúzcoa",92,80,2019-04-01,3000,0,4.0,0,0,0,False,False,True,False,False,False,False,True,False,False,False,False,False,False,False,False,False,False,False,False,False,False,False,False,False,False,False,False,False,True,False,False,False
Anuncio actualizado el 29 de marzo,0,0,1.0,1,0,,,bajo exterior,0,1,84858524,20,0,Donostia-San Sebastián,Distrito Altza-Bidebieta," Uba Bidea, 15 , Barrio Altza , Distrito Altza-Bidebieta , Donostia-San Sebastián , Donostialdea, Guipúzcoa ",Barrio Altza,"Donostialdea, Guipúzcoa",35,,2019-04-01,550,0,0.0,0,0,1,False,False,True,False,False,False,False,False,False,False,False,False,False,False,False,False,False,False,False,False,False,False,False,False,False,False,False,False,False,True,False,False,False
Anuncio actualizado el 29 de marzo,0,0,1.0,1,0,1968,no indicado,planta 5ª exterior,0,0,82262914,16,1,Donostia-San Sebastián,Distrito Altza-Bidebieta," , Barrio Altza , Distrito Altza-Bidebieta , Donostia-San Sebastián , Donostialdea, Guipúzcoa ",Barrio Altza,"Donostialdea, Guipúzcoa",60,52,2019-04-01,750,0,2.0,0,0,0,False,False,True,False,False,False,False,False,False,False,False,False,False,False,False,False,False,False,True,False,False,False,False,False,False,False,False,False,False,False,False,False,False
Anuncio actualizado el 5 de marzo,0,0,2.0,0,0,,,planta 7ª exterior,0,0,81831018,16,1,Donostia-San Sebastián,Distrito Centro-Miraconcha," Plaza Zubieta , Barrio Área Romántica , Distrito Centro-Miraconcha , Donostia-San Sebastián , Donostialdea, Guipúzcoa ",Barrio Área Romántica,"Donostialdea, Guipúzcoa",59,50,2019-04-01,1150,0,1.0,0,0,1,False,False,True,False,False,False,False,False,False,False,False,False,False,False,False,False,False,False,False,False,False,False,False,False,False,False,False,False,False,False,False,False,True
Anuncio actualizado el 5 de marzo,1,0,2.0,0,0,,,planta 7ª exterior,0,0,30845640,18,1,Donostia-San Sebastián,Distrito Centro-Miraconcha," Calle Urbieta , Barrio Área Romántica , Distrito Centro-Miraconcha , Donostia-San Sebastián , Donostialdea, Guipúzcoa ",Barrio Área Romántica,"Donostialdea, Guipúzcoa",90,,2019-04-01,1400,0,3.0,0,0,0,False,False,True,False,False,False,False,False,False,False,False,False,False,False,False,False,False,False,False,False,False,False,False,False,False,False,False,False,False,False,False,False,False
Anuncio actualizado el 21 de febrero,1,1,1.0,1,0,1850,,planta 5ª exterior,0,0,33819397,18,1,Donostia-San Sebastián,Distrito Parte Vieja," Mayor , Distrito Parte Vieja , Donostia-San Sebastián , Donostialdea, Guipúzcoa ",Mayor,"Donostialdea, Guipúzcoa",72,45,2019-04-01,980,0,2.0,0,0,0,False,False,True,False,False,False,False,False,False,False,False,False,False,False,False,False,False,False,False,False,False,False,False,False,False,False,False,False,False,True,False,False,False
Anuncio actualizado el 21 de febrero,0,1,2.0,0,0,1959,en trámite,planta 1ª exterior,0,0,82817824,16,1,Donostia-San Sebastián,Distrito Gros," Bermingham , Distrito Gros , Donostia-San Sebastián , Donostialdea, Guipúzcoa ",Bermingham,"Donostialdea, Guipúzcoa",130,128,2019-04-01,1800,0,4.0,0,0,0,False,False,True,False,False,False,False,False,False,False,False,True,False,False,False,False,False,False,False,False,False,False,False,False,False,False,False,False,False,False,False,False,False
Anuncio actualizado el 21 de febrero,0,1,3.0,0,0,1959,en trámite,planta 4ª exterior,0,0,83328614,16,1,Donostia-San Sebastián,Distrito Gros," Bermingham , Distrito Gros , Donostia-San Sebastián , Donostialdea, Guipúzcoa ",Bermingham,"Donostialdea, Guipúzcoa",130,128,2019-04-01,1800,0,4.0,1,0,0,False,False,True,False,False,False,False,False,False,False,False,True,False,False,False,False,False,False,False,False,False,False,False,False,False,False,False,False,False,False,False,False,False
Anuncio actualizado el 18 de marzo,0,1,1.0,1,0,,en trámite,interior,0,0,83769739,21,1,Donostia-San Sebastián,Distrito Gros," Ramón María Lili Pasealekua , Distrito Gros , Donostia-San Sebastián , Donostialdea, Guipúzcoa ",Ramón María Lili Pasealekua,"Donostialdea, Guipúzcoa",60,50,2019-04-01,1400,0,1.0,0,0,1,False,False,True,False,False,False,False,False,False,False,False,False,False,False,False,False,False,False,False,False,False,False,False,False,False,False,False,False,False,False,False,False,True
Anuncio actualizado el 21 de febrero,0,0,2.0,1,0,1922,en trámite,planta 1ª exterior,0,0,84185851,16,1,Donostia-San Sebastián,Distrito Parte Vieja," Igentea , Distrito Parte Vieja , Donostia-San Sebastián , Donostialdea, Guipúzcoa ",Igentea,"Donostialdea, Guipúzcoa",125,105,2019-04-01,1900,0,3.0,0,0,0,False,False,True,False,False,True,False,False,False,False,False,False,False,False,False,False,False,False,False,False,False,False,False,False,False,False,False,True,False,False,False,False,False
Anuncio actualizado el 25 de marzo,0,0,1.0,0,0,2017,en trámite,entreplanta exterior,0,0,37919581,16,1,Donostia-San Sebastián,Distrito Amara," , Barrio Riberas , Distrito Amara , Donostia-San Sebastián , Donostialdea, Guipúzcoa ",Barrio Riberas,"Donostialdea, Guipúzcoa",62,52,2019-04-01,850,0,1.0,1,0,0,False,False,True,False,False,False,False,False,False,False,False,False,False,False,False,False,False,False,False,False,False,False,False,False,False,False,False,False,False,False,False,False,False
Anuncio actualizado el 20 de marzo,0,1,2.0,1,0,1976,en trámite,planta 7ª exterior,0,0,84678309,16,1,Irun,Distrito Palmera - Dumboa - Arbes," alzukaitz , Distrito Palmera - Dumboa - Arbes , Irun , Bajo Bidasoa, Guipúzcoa ",alzukaitz,"Bajo Bidasoa, Guipúzcoa",75,72,2019-04-01,750,0,2.0,0,0,0,False,False,True,False,False,False,False,False,False,True,False,False,False,False,False,False,False,False,False,False,False,False,False,False,False,False,False,False,False,False,False,False,True
Anuncio actualizado el 25 de marzo,0,0,1.0,0,0,,en trámite,planta 4ª exterior,0,0,84805015,16,1,Donostia-San Sebastián,Distrito Antiguo," , Distrito Antiguo , Donostia-San Sebastián , Donostialdea, Guipúzcoa ",,"Donostialdea, Guipúzcoa",72,65,2019-04-01,900,0,2.0,0,0,0,False,False,True,False,False,False,False,False,False,False,False,False,False,False,False,False,False,True,False,False,False,False,False,False,False,False,False,False,False,False,False,False,False
Anuncio actualizado el 27 de marzo,0,0,1.0,0,0,1955,en trámite,planta 2ª exterior,0,0,84826698,16,0,Donostia-San Sebastián,Distrito Intxaurrondo," , Distrito Intxaurrondo , Donostia-San Sebastián , Donostialdea, Guipúzcoa ",,"Donostialdea, Guipúzcoa",59,50,2019-04-01,750,0,1.0,0,0,0,False,False,True,False,False,False,False,False,False,False,False,False,False,False,False,False,False,False,False,True,False,False,False,False,False,False,False,False,False,False,False,False,False
Anuncio actualizado el 27 de marzo,0,0,1.0,1,0,1970,en trámite,planta 2ª exterior,1,0,84830829,16,1,Lasarte-Oria,," , Lasarte-Oria , Donostialdea, Guipúzcoa ",,"Donostialdea, Guipúzcoa",75,72,2019-04-01,730,0,2.0,0,0,0,False,False,True,False,False,False,False,False,False,True,False,False,False,False,False,False,False,False,False,False,True,False,False,False,False,False,False,False,False,False,False,False,False
Anuncio actualizado el 29 de marzo,0,0,1.0,0,0,,en trámite,planta 4ª exterior,0,0,84866956,16,1,Donostia-San Sebastián,Distrito Centro-Miraconcha," Calle Getaria , Barrio Área Romántica , Distrito Centro-Miraconcha , Donostia-San Sebastián , Donostialdea, Guipúzcoa ",Barrio Área Romántica,"Donostialdea, Guipúzcoa",73,70,2019-04-01,1000,0,2.0,0,0,1,False,False,True,False,False,False,False,False,False,False,False,False,False,False,False,False,False,False,False,False,False,False,False,False,False,False,False,False,False,False,False,False,False
Anuncio actualizado el 21 de marzo,0,0,1.0,0,0,,en trámite,planta 3ª exterior,0,1,81202309,16,0,Donostia-San Sebastián,Distrito Egia," , Distrito Egia , Donostia-San Sebastián , Donostialdea, Guipúzcoa ",,"Donostialdea, Guipúzcoa",50,,2019-04-01,850,0,2.0,0,0,0,False,False,True,False,False,False,False,False,False,True,False,False,False,False,False,False,False,False,False,False,False,False,False,False,False,False,False,False,False,False,False,False,False
Anuncio actualizado el 13 de marzo,0,0,2.0,1,0,1990,en trámite,planta 3ª exterior,0,0,83844287,16,1,Donostia-San Sebastián,Distrito Antiguo," Escolta Real , Distrito Antiguo , Donostia-San Sebastián , Donostialdea, Guipúzcoa ",Escolta Real,"Donostialdea, Guipúzcoa",108,98,2019-04-01,1200,1,3.0,0,0,1,False,False,True,False,False,False,False,False,False,False,False,True,False,False,False,False,False,False,False,False,True,False,False,False,False,False,False,False,False,False,False,False,False
Anuncio actualizado el 7 de febrero,0,0,1.0,1,0,2009,en trámite,planta 6ª exterior,0,0,84194491,16,1,Donostia-San Sebastián,Distrito Parte Vieja," Salamanca Pasealekua , Distrito Parte Vieja , Donostia-San Sebastián , Donostialdea, Guipúzcoa ",Salamanca Pasealekua,"Donostialdea, Guipúzcoa",90,79,2019-04-01,2000,1,2.0,0,0,1,False,False,True,False,False,False,False,False,False,False,False,True,False,False,False,False,False,False,False,False,True,False,False,False,False,False,False,False,False,False,False,False,False
Anuncio actualizado el 24 de marzo,0,1,2.0,0,0,,en trámite,planta 4ª interior,0,0,81673041,16,1,Donostia-San Sebastián,Distrito Gros," Calle Peña y Goñi, 11 , Distrito Gros , Donostia-San Sebastián , Donostialdea, Guipúzcoa ","Calle Peña y Goñi, 11","Donostialdea, Guipúzcoa",100,85,2019-04-01,1475,0,3.0,0,0,0,False,False,True,False,False,False,False,False,False,False,False,False,False,False,False,False,False,True,False,False,False,False,False,False,False,False,False,False,False,False,False,False,False
Anuncio actualizado el 28 de enero,0,0,3.0,0,0,,en trámite,planta 4ª,0,0,83876176,16,1,Donostia-San Sebastián,Distrito Centro-Miraconcha," Calle Arrasate , Barrio Área Romántica , Distrito Centro-Miraconcha , Donostia-San Sebastián , Donostialdea, Guipúzcoa ",Barrio Área Romántica,"Donostialdea, Guipúzcoa",140,135,2019-04-01,1500,0,3.0,1,0,1,False,False,True,False,False,False,False,False,False,False,False,False,False,False,False,False,False,False,False,False,False,False,False,False,False,False,False,False,False,True,False,False,False
Anuncio actualizado el 13 de marzo,0,1,1.0,0,0,1900,en trámite,planta 2ª exterior,0,0,84647403,16,0,Tolosa,Calle Korreo," Calle Korreo , Tolosa , Tolosaldea, Guipúzcoa ",,"Tolosaldea, Guipúzcoa",50,45,2019-04-01,600,0,1.0,0,0,0,False,False,True,False,False,False,False,False,False,False,False,False,False,False,False,False,False,False,False,False,False,False,False,False,False,False,False,True,False,False,False,False,False
Anuncio actualizado el 28 de septiembre,0,1,1.0,0,0,,en trámite,planta 3ª exterior,0,0,82546589,16,0,Donostia-San Sebastián,Distrito Parte Vieja," Calle Fermin Calbeton s/n , Distrito Parte Vieja , Donostia-San Sebastián , Donostialdea, Guipúzcoa ",Calle Fermin Calbeton s/n,"Donostialdea, Guipúzcoa",60,55,2019-04-01,900,0,1.0,0,0,0,False,False,True,False,False,False,False,False,False,False,False,False,False,False,False,False,False,False,False,False,False,False,False,False,False,False,False,False,False,True,False,False,False
Anuncio actualizado el 30 de marzo,0,0,1.0,0,0,1968,,planta 1ª exterior,0,1,39891531,16,0,Donostia-San Sebastián,Distrito Antiguo," , Distrito Antiguo , Donostia-San Sebastián , Donostialdea, Guipúzcoa ",,"Donostialdea, Guipúzcoa",74,,2019-04-01,900,0,3.0,0,0,1,False,False,True,False,False,False,False,False,False,False,False,False,False,False,False,False,False,False,False,False,False,False,False,False,False,False,False,False,False,False,False,False,False
Anuncio actualizado el 31 de marzo,1,1,2.0,1,0,,,planta 2ª exterior,0,0,81595988,16,1,Donostia-San Sebastián,Distrito Gros," Calle Usandizaga, 6 , Distrito Gros , Donostia-San Sebastián , Donostialdea, Guipúzcoa ","Calle Usandizaga, 6","Donostialdea, Guipúzcoa",75,,2019-04-01,1950,1,3.0,0,0,0,False,False,True,False,False,False,False,True,False,False,False,False,False,False,False,False,False,False,False,False,False,False,False,False,False,False,False,False,False,True,False,False,False
Anuncio actualizado el 24 de marzo,0,1,2.0,1,0,,no indicado,planta 3ª exterior,0,1,84520136,16,1,Astigarraga,"Arrobitxulo Bidea, 13"," Arrobitxulo Bidea, 13 , Astigarraga , Donostialdea, Guipúzcoa ",,"Donostialdea, Guipúzcoa",80,75,2019-04-01,900,1,2.0,0,0,0,False,False,True,False,False,False,False,False,False,False,False,True,False,False,False,False,False,False,False,False,False,False,False,False,False,False,False,False,False,True,False,False,False
Anuncio actualizado el 5 de marzo,0,0,3.0,0,0,1995,,,1,1,36549539,23,,Donostia-San Sebastián,Distrito Ibaeta," , Distrito Ibaeta , Donostia-San Sebastián , Donostialdea, Guipúzcoa ",,"Donostialdea, Guipúzcoa",252,,2019-04-01,1800,0,4.0,0,1,1,False,False,True,False,False,False,False,False,False,False,False,False,False,False,False,False,False,False,False,False,False,False,False,False,False,False,False,False,False,False,False,False,False
Anuncio actualizado el 5 de marzo,1,0,2.0,0,0,,,planta 5ª,0,0,82396373,21,1,Donostia-San Sebastián,Distrito Centro-Miraconcha," , Barrio Área Romántica , Distrito Centro-Miraconcha , Donostia-San Sebastián , Donostialdea, Guipúzcoa ",Barrio Área Romántica,"Donostialdea, Guipúzcoa",75,73,2019-04-01,1500,0,3.0,0,0,1,False,False,True,False,False,False,False,False,False,False,False,False,False,False,False,False,False,False,False,False,False,False,False,False,False,False,False,True,False,False,False,False,False
Anuncio actualizado el 4 de enero,0,0,2.0,0,0,1954,en trámite,planta 6ª exterior,0,0,36203143,16,1,Donostia-San Sebastián,Distrito Centro-Miraconcha," , Barrio Área Romántica , Distrito Centro-Miraconcha , Donostia-San Sebastián , Donostialdea, Guipúzcoa ",Barrio Área Romántica,"Donostialdea, Guipúzcoa",100,90,2019-04-01,1450,0,3.0,1,0,1,False,False,True,False,False,False,False,False,False,False,False,False,False,False,False,False,False,False,False,True,False,False,False,False,False,False,False,False,False,False,False,False,False
Anuncio actualizado el 5 de marzo,0,0,3.0,0,0,2004,en trámite,,0,1,32149145,23,,Donostia-San Sebastián,Distrito Miramon-Zorroaga," , Distrito Miramon-Zorroaga , Donostia-San Sebastián , Donostialdea, Guipúzcoa ",,"Donostialdea, Guipúzcoa",400,253,2019-04-01,3000,0,4.0,0,1,1,False,False,True,False,False,False,False,False,False,False,False,False,False,False,False,False,False,False,False,False,False,False,False,False,False,False,False,False,False,False,False,False,False
Anuncio actualizado el 18 de febrero,0,0,2.0,0,0,,en trámite,planta 4ª exterior,1,0,84253078,16,1,Donostia-San Sebastián,Distrito Centro-Miraconcha," , Barrio Miraconcha , Distrito Centro-Miraconcha , Donostia-San Sebastián , Donostialdea, Guipúzcoa ",Barrio Miraconcha,"Donostialdea, Guipúzcoa",130,119,2019-04-01,2300,0,3.0,0,0,1,False,False,True,False,False,False,False,False,False,False,False,False,False,False,False,False,False,False,False,False,True,False,False,False,False,False,False,False,False,False,False,False,False
Anuncio actualizado el 29 de marzo,0,0,2.0,0,0,,,planta 2ª exterior,0,0,34663889,16,1,Donostia-San Sebastián,Distrito Amara," , Barrio Amara , Distrito Amara , Donostia-San Sebastián , Donostialdea, Guipúzcoa ",Barrio Amara,"Donostialdea, Guipúzcoa",80,72,2019-04-01,1100,0,3.0,0,0,1,False,False,True,False,False,False,False,False,False,False,False,False,False,False,False,False,False,False,False,False,True,False,False,False,False,False,False,False,False,False,False,False,False
Anuncio actualizado el 12 de enero,0,1,3.0,1,0,2003,en trámite,2 plantas,1,1,39397219,19,,Donostia-San Sebastián,Distrito Altza-Bidebieta," Berra Bidea , Barrio Altza , Distrito Altza-Bidebieta , Donostia-San Sebastián , Donostialdea, Guipúzcoa ",Barrio Altza,"Donostialdea, Guipúzcoa",168,152,2019-04-01,1800,0,3.0,1,0,1,False,False,True,False,False,False,False,False,False,False,False,False,False,False,False,False,False,False,False,False,False,False,False,False,False,False,False,False,False,False,False,False,False
Anuncio actualizado el 12 de marzo,0,0,1.0,0,0,1900,,planta 7ª exterior,0,0,39720517,21,1,Donostia-San Sebastián,Distrito Centro-Miraconcha," Calle loiola , Barrio Área Romántica , Distrito Centro-Miraconcha , Donostia-San Sebastián , Donostialdea, Guipúzcoa ",Barrio Área Romántica,"Donostialdea, Guipúzcoa",48,40,2019-04-01,950,0,1.0,0,0,0,False,False,True,False,False,False,False,False,False,False,False,False,False,False,False,False,False,False,False,False,False,False,True,False,False,False,False,False,False,False,False,False,False
Anuncio actualizado el 1 de junio,0,1,2.0,1,0,1980,en trámite,planta 15ª exterior,0,0,40455272,16,1,Donostia-San Sebastián,Distrito Altza-Bidebieta," Julio Urkijo Ibilbidea , Barrio Bidebieta , Distrito Altza-Bidebieta , Donostia-San Sebastián , Donostialdea, Guipúzcoa ",Barrio Bidebieta,"Donostialdea, Guipúzcoa",90,86,2019-04-01,900,1,3.0,1,0,1,False,False,True,False,False,False,False,False,False,False,False,False,False,False,False,False,False,False,False,False,False,False,False,False,False,True,False,False,False,False,False,False,False
Anuncio actualizado el 25 de febrero,0,0,1.0,0,0,1960,,planta 5ª interior,0,0,82206528,16,1,Donostia-San Sebastián,Distrito Parte Vieja," Mayor , Urb. Si , Distrito Parte Vieja , Donostia-San Sebastián , Donostialdea, Guipúzcoa ",Urb. Si,"Donostialdea, Guipúzcoa",55,48,2019-04-01,795,1,1.0,0,0,0,False,False,True,False,False,False,False,False,False,False,False,True,False,False,False,False,False,False,False,False,False,False,False,False,False,False,False,False,False,True,False,False,False
Anuncio actualizado el 5 de marzo,0,0,2.0,0,0,,en trámite,planta 3ª exterior,0,0,82658212,16,1,Donostia-San Sebastián,Distrito Gros," Calle Segundo Izpizua , Distrito Gros , Donostia-San Sebastián , Donostialdea, Guipúzcoa ",Calle Segundo Izpizua,"Donostialdea, Guipúzcoa",125,115,2019-04-01,1800,0,4.0,0,0,0,False,False,True,False,False,False,False,False,False,False,False,False,False,False,False,False,False,False,False,False,True,False,False,False,False,False,False,False,False,False,False,False,False
Anuncio actualizado el 5 de marzo,0,0,1.0,0,0,,en trámite,planta 1ª exterior,0,1,82878666,16,1,Donostia-San Sebastián,Distrito Centro-Miraconcha," Calle San Martin , Barrio Área Romántica , Distrito Centro-Miraconcha , Donostia-San Sebastián , Donostialdea, Guipúzcoa ",Barrio Área Romántica,"Donostialdea, Guipúzcoa",109,85,2019-04-01,2100,0,2.0,1,0,1,False,False,True,False,False,False,False,False,False,False,False,False,False,False,False,False,False,False,False,False,False,False,True,False,False,False,False,False,False,False,False,False,False
Anuncio actualizado el 5 de marzo,0,0,1.0,0,0,1975,,planta 5ª,0,0,30507998,16,1,Donostia-San Sebastián,Distrito Centro-Miraconcha," Ondaribi'ko Karika , Barrio Área Romántica , Distrito Centro-Miraconcha , Donostia-San Sebastián , Donostialdea, Guipúzcoa ",Barrio Área Romántica,"Donostialdea, Guipúzcoa",59,50,2019-04-01,850,0,1.0,0,0,0,False,False,True,False,False,False,False,False,False,False,False,False,False,False,False,False,False,False,False,False,False,False,False,False,False,False,False,True,False,False,False,False,False
Anuncio actualizado el 26 de marzo,0,0,4.0,1,0,,en trámite,planta 2ª exterior,1,0,29205197,16,0,Donostia-San Sebastián,Distrito Centro-Miraconcha," Cuesta Aldapeta , Barrio Amara Zaharra-Arbaizenea , Distrito Centro-Miraconcha , Donostia-San Sebastián , Donostialdea, Guipúzcoa ",Barrio Amara Zaharra-Arbaizenea,"Donostialdea, Guipúzcoa",290,287,2019-04-01,1700,0,5.0,0,0,1,False,False,True,False,False,False,False,False,False,False,False,False,False,False,False,False,False,False,False,False,False,False,False,False,False,False,False,False,False,False,False,False,False
Anuncio actualizado el 19 de marzo,0,1,1.0,1,0,1980,en trámite,planta 4ª exterior,0,0,40026994,16,1,Donostia-San Sebastián,Distrito Gros," Calle Marino Tabuyo , Urb. Si , Distrito Gros , Donostia-San Sebastián , Donostialdea, Guipúzcoa ",Urb. Si,"Donostialdea, Guipúzcoa",73,68,2019-04-01,950,1,2.0,0,0,1,False,False,True,False,False,False,False,False,False,False,False,False,False,False,False,False,False,False,False,False,False,False,False,False,False,False,False,True,False,False,False,False,False
Anuncio actualizado el 14 de enero,0,1,1.0,1,0,1968,,planta 3ª exterior,0,0,83842194,16,0,Donostia-San Sebastián,Distrito Intxaurrondo," Los Luises , Urb. Si , Distrito Intxaurrondo , Donostia-San Sebastián , Donostialdea, Guipúzcoa ",Urb. Si,"Donostialdea, Guipúzcoa",68,65,2019-04-01,815,0,3.0,0,0,1,False,False,True,False,False,False,False,False,False,False,False,True,False,False,False,False,False,False,False,False,False,False,False,False,False,True,False,False,False,False,False,False,False
Anuncio actualizado el 31 de enero,0,0,2.0,1,0,,en trámite,planta 2ª exterior,0,0,84088587,16,1,Donostia-San Sebastián,Distrito Parte Vieja," IJENTEA , Urb. CENTRO - PARTE VIEJA , Distrito Parte Vieja , Donostia-San Sebastián , Donostialdea, Guipúzcoa ",Urb. CENTRO - PARTE VIEJA,"Donostialdea, Guipúzcoa",125,115,2019-04-01,1900,1,3.0,0,0,0,False,False,True,False,False,False,False,False,False,False,False,True,False,False,False,False,False,False,False,False,False,False,False,False,False,False,False,False,False,False,False,False,False
Anuncio actualizado el 8 de febrero,0,1,1.0,1,0,,,planta 2ª exterior,0,0,84200140,16,0,Irun,Distrito Centro - Mendibil - Santiago," Paseo COLON , Distrito Centro - Mendibil - Santiago , Irun , Bajo Bidasoa, Guipúzcoa ",Paseo COLON,"Bajo Bidasoa, Guipúzcoa",90,,2019-04-01,745,0,3.0,0,0,0,False,False,True,False,False,False,False,False,False,False,False,True,False,False,False,False,False,False,False,False,False,False,False,False,False,False,False,False,False,False,False,False,True
Anuncio actualizado el 12 de marzo,0,0,1.0,0,0,,en trámite,planta 3ª exterior,0,0,30587642,16,1,Donostia-San Sebastián,Distrito Amara," de Felipe IV Hiribidea , Barrio Amara , Distrito Amara , Donostia-San Sebastián , Donostialdea, Guipúzcoa ",Barrio Amara,"Donostialdea, Guipúzcoa",110,108,2019-04-01,1100,0,3.0,0,0,0,False,False,True,False,False,False,False,False,False,False,False,False,False,False,False,False,False,False,False,False,False,False,False,False,False,False,False,False,False,False,False,False,False
Anuncio actualizado el 27 de marzo,0,1,1.0,1,0,,en trámite,planta 2ª exterior,0,0,82323797,16,1,Donostia-San Sebastián,Distrito Centro-Miraconcha," Churruca , Barrio Área Romántica , Distrito Centro-Miraconcha , Donostia-San Sebastián , Donostialdea, Guipúzcoa ",Barrio Área Romántica,"Donostialdea, Guipúzcoa",62,60,2019-04-01,1000,0,2.0,0,0,0,False,False,True,False,False,False,False,True,False,False,False,False,False,False,False,False,False,False,False,False,False,False,False,False,False,False,False,False,False,False,False,False,False
Anuncio actualizado el 11 de marzo,0,0,1.0,1,0,1970,en trámite,planta 7ª exterior,0,0,84436098,16,1,Donostia-San Sebastián,Distrito Gros," Carquizano , Urb. Si , Distrito Gros , Donostia-San Sebastián , Donostialdea, Guipúzcoa ",Urb. Si,"Donostialdea, Guipúzcoa",63,60,2019-04-01,900,0,2.0,0,0,0,False,False,True,False,False,False,False,False,False,True,False,False,False,False,False,False,False,False,False,False,False,False,False,False,False,False,False,False,False,True,False,False,False
Anuncio actualizado el 23 de marzo,0,0,2.0,0,0,2009,no indicado,,1,0,84744904,16,1,Donostia-San Sebastián,Distrito Aiete," , Distrito Aiete , Donostia-San Sebastián , Donostialdea, Guipúzcoa ",,"Donostialdea, Guipúzcoa",85,76,2019-04-01,1550,0,2.0,0,0,0,False,False,False,False,False,False,False,False,False,False,False,False,False,False,False,False,False,False,False,False,False,False,False,False,False,False,False,False,False,False,False,False,False
Anuncio actualizado el 26 de marzo,0,1,2.0,1,0,,en trámite,planta 2ª exterior,1,0,84769359,16,1,Donostia-San Sebastián,Distrito Gros," Segundo Ispizua , Distrito Gros , Donostia-San Sebastián , Donostialdea, Guipúzcoa ",Segundo Ispizua,"Donostialdea, Guipúzcoa",120,110,2019-04-01,1500,1,3.0,1,0,0,False,False,True,False,False,False,False,False,False,False,False,True,False,False,False,False,False,False,False,False,False,False,False,False,False,False,False,True,False,False,False,False,False
Anuncio actualizado el 31 de marzo,0,1,1.0,0,0,,en trámite,planta 3ª exterior,0,0,84859945,16,0,Hernani,"Calle Lizeaga, Hernani"," Calle Lizeaga, Hernani , Hernani , Donostialdea, Guipúzcoa ",,"Donostialdea, Guipúzcoa",75,70,2019-04-01,750,0,3.0,0,0,0,False,False,True,False,False,False,False,False,False,False,False,True,False,False,False,False,False,False,False,False,False,False,False,False,False,False,False,False,False,False,True,False,False
Anuncio actualizado el 18 de marzo,0,0,3.0,1,0,,en trámite,planta 3ª exterior,0,0,40559392,16,1,Donostia-San Sebastián,Distrito Centro-Miraconcha," Calle Hondarribia , Barrio Área Romántica , Distrito Centro-Miraconcha , Donostia-San Sebastián , Donostialdea, Guipúzcoa ",Barrio Área Romántica,"Donostialdea, Guipúzcoa",115,109,2019-04-01,2200,0,4.0,0,0,0,False,False,True,False,False,False,False,True,False,False,False,False,False,False,False,False,False,False,False,False,True,False,False,False,False,False,False,False,False,False,False,False,False
Anuncio actualizado el 12 de febrero,0,1,2.0,1,0,2008,,planta 2ª exterior,1,0,1191361,16,1,Donostia-San Sebastián,Distrito Centro-Miraconcha," , Barrio Área Romántica , Distrito Centro-Miraconcha , Donostia-San Sebastián , Donostialdea, Guipúzcoa ",Barrio Área Romántica,"Donostialdea, Guipúzcoa",80,75,2019-04-01,1200,1,2.0,0,0,1,False,False,True,False,False,False,False,False,False,False,False,True,False,False,False,False,False,False,True,False,False,False,False,False,False,False,False,False,False,False,False,False,False
Anuncio actualizado el 5 de marzo,1,0,2.0,0,0,1940,en trámite,planta 2ª exterior,0,0,35381891,16,1,Donostia-San Sebastián,Distrito Centro-Miraconcha," Calle zubieta , Barrio Área Romántica , Distrito Centro-Miraconcha , Donostia-San Sebastián , Donostialdea, Guipúzcoa ",Barrio Área Romántica,"Donostialdea, Guipúzcoa",97,88,2019-04-01,1450,0,4.0,0,0,1,False,False,True,False,False,False,False,False,False,False,False,False,False,False,False,False,False,False,False,False,False,False,False,False,False,False,False,False,False,False,True,False,False
Anuncio actualizado el 22 de marzo,0,1,1.0,0,0,1971,en trámite,planta 4ª exterior,0,0,84591985,16,0,Irun,Distrito Azken Portu - Behobia," Maria Juncal Labandibar Kalea, Irún , Distrito Azken Portu - Behobia , Irun , Bajo Bidasoa, Guipúzcoa ","Maria Juncal Labandibar Kalea, Irún","Bajo Bidasoa, Guipúzcoa",70,65,2019-04-01,650,0,2.0,0,0,0,False,False,True,False,False,False,False,False,False,False,False,True,False,False,False,False,False,False,False,False,False,False,False,True,False,False,False,False,False,False,False,False,False
Anuncio actualizado el 25 de marzo,0,0,1.0,1,0,1976,en trámite,planta 4ª exterior,0,0,81274468,20,1,Donostia-San Sebastián,Distrito Centro-Miraconcha," Easo , Barrio Área Romántica , Distrito Centro-Miraconcha , Donostia-San Sebastián , Donostialdea, Guipúzcoa ",Barrio Área Romántica,"Donostialdea, Guipúzcoa",35,30,2019-04-01,700,0,0.0,0,0,0,False,False,True,False,False,False,False,False,False,False,False,False,False,False,False,False,False,False,False,False,False,False,False,False,False,False,False,False,False,True,False,False,False
Anuncio actualizado el 25 de marzo,0,0,2.0,0,0,2006,,bajo exterior,1,1,84803335,16,1,Orio,Calle Antilla," Calle Antilla , Orio , Urola Kosta, Guipúzcoa ",,"Urola Kosta, Guipúzcoa",85,80,2019-04-01,1200,0,3.0,0,0,1,False,False,True,False,False,False,False,False,False,False,False,False,False,False,False,False,False,False,False,False,False,False,False,False,False,False,False,False,False,False,False,False,False
Anuncio actualizado el 5 de marzo,1,0,3.0,0,0,1981,en trámite,planta 2ª exterior,0,0,84233255,16,1,Donostia-San Sebastián,Distrito Centro-Miraconcha," , Barrio Área Romántica , Distrito Centro-Miraconcha , Donostia-San Sebastián , Donostialdea, Guipúzcoa ",Barrio Área Romántica,"Donostialdea, Guipúzcoa",240,214,2019-04-01,4000,0,4.0,0,0,1,False,False,True,False,False,False,False,False,False,False,False,False,False,False,False,False,False,False,False,False,False,False,False,False,False,False,False,False,False,False,False,False,False
Anuncio actualizado el 5 de marzo,1,0,2.0,0,0,1920,,planta 6ª exterior,0,0,84272723,16,1,Donostia-San Sebastián,Distrito Centro-Miraconcha," , Barrio Área Romántica , Distrito Centro-Miraconcha , Donostia-San Sebastián , Donostialdea, Guipúzcoa ",Barrio Área Romántica,"Donostialdea, Guipúzcoa",80,65,2019-04-01,1200,0,2.0,0,0,1,False,False,True,False,False,False,False,False,False,False,False,False,False,False,False,False,False,False,False,False,False,False,False,False,False,False,False,False,False,True,False,False,False
Anuncio actualizado el 20 de marzo,0,0,1.0,0,0,1960,en trámite,planta 9ª exterior,0,0,84626187,21,1,Donostia-San Sebastián,Distrito Amara," De Felipe IV Hiribidea , Barrio Amara , Distrito Amara , Donostia-San Sebastián , Donostialdea, Guipúzcoa ",Barrio Amara,"Donostialdea, Guipúzcoa",58,51,2019-04-01,1050,0,3.0,0,0,1,False,False,True,False,False,False,False,False,False,False,False,False,False,False,False,False,False,False,False,False,False,False,False,False,False,False,False,False,False,True,False,False,False
Anuncio actualizado el 31 de marzo,0,1,1.0,1,0,1960,en trámite,planta 9ª exterior,0,0,40121997,21,1,Donostia-San Sebastián,Distrito Amara," De Felipe IV Hiribidea , Barrio Amara , Distrito Amara , Donostia-San Sebastián , Donostialdea, Guipúzcoa ",Barrio Amara,"Donostialdea, Guipúzcoa",57,51,2019-04-01,950,1,3.0,0,0,1,False,False,True,False,False,False,False,True,False,False,False,False,False,False,False,False,False,True,False,False,False,False,False,False,False,False,False,False,False,False,False,False,False
Anuncio actualizado el 24 de marzo,0,0,1.0,1,0,1996,en trámite,1 planta,1,0,84791291,17,,Oiartzun,Pikabene," Pikabene , Oiartzun , Donostialdea, Guipúzcoa ",,"Donostialdea, Guipúzcoa",500,91,2019-04-01,1800,0,4.0,0,0,1,False,False,True,False,False,False,False,False,False,False,False,True,False,False,False,False,False,False,False,False,False,False,False,False,False,True,False,False,False,False,False,False,False
Anuncio actualizado el 24 de marzo,0,1,2.0,0,0,,,planta 1ª exterior,0,0,84767973,16,1,Donostia-San Sebastián,Distrito Gros," Jose Arana , Distrito Gros , Donostia-San Sebastián , Donostialdea, Guipúzcoa ",Jose Arana,"Donostialdea, Guipúzcoa",90,85,2019-04-01,1200,0,3.0,0,0,0,False,False,True,False,False,False,False,False,False,False,False,True,False,False,False,False,False,True,False,False,False,False,False,False,False,False,False,False,False,False,False,False,False
Anuncio actualizado el 26 de marzo,0,0,2.0,0,0,,en trámite,planta 2ª exterior,0,0,84819458,16,0,Hernani,," , Hernani , Donostialdea, Guipúzcoa ",,"Donostialdea, Guipúzcoa",100,,2019-04-01,1200,0,4.0,0,0,1,False,False,True,False,False,False,False,False,False,False,False,False,False,False,False,False,False,False,False,False,False,False,False,False,False,False,False,False,False,False,True,False,False
Anuncio actualizado el 28 de marzo,0,1,1.0,0,0,,,planta 1ª exterior,0,0,84843301,16,0,Donostia-San Sebastián,Distrito Altza-Bidebieta," Oleta Galtzada , Barrio Altza , Distrito Altza-Bidebieta , Donostia-San Sebastián , Donostialdea, Guipúzcoa ",Barrio Altza,"Donostialdea, Guipúzcoa",70,65,2019-04-01,750,0,2.0,0,0,0,False,False,True,False,False,False,False,False,False,False,False,True,False,False,False,False,False,False,False,False,False,False,False,False,False,False,False,False,False,False,False,False,False
Anuncio actualizado el 29 de marzo,0,0,1.0,0,0,2004,en trámite,planta 4ª exterior,1,0,84867304,16,1,Donostia-San Sebastián,Distrito Antiguo," De Zumalakarregi Hiribidea , Distrito Antiguo , Donostia-San Sebastián , Donostialdea, Guipúzcoa ",De Zumalakarregi Hiribidea,"Donostialdea, Guipúzcoa",55,50,2019-04-01,1200,0,1.0,0,0,0,False,False,True,False,False,False,False,False,False,False,False,False,False,False,False,False,False,False,False,False,False,False,True,False,False,False,False,False,False,False,False,False,False
Anuncio actualizado el 30 de marzo,0,0,1.0,0,0,,en trámite,planta 5ª,0,0,84858455,16,1,Pasaia,Euskadi Hiribidea," Euskadi Hiribidea , Pasaia , Donostialdea, Guipúzcoa ",,"Donostialdea, Guipúzcoa",50,,2019-04-01,700,0,2.0,0,0,0,False,False,False,False,False,False,False,True,False,False,False,False,False,False,False,False,False,False,False,False,False,False,False,False,False,False,False,False,False,False,False,False,False
Anuncio actualizado el 13 de marzo,0,0,1.0,1,0,2017,,planta 4ª exterior,1,0,39735533,16,1,Donostia-San Sebastián,Distrito Centro-Miraconcha," , Barrio Área Romántica , Distrito Centro-Miraconcha , Donostia-San Sebastián , Donostialdea, Guipúzcoa ",Barrio Área Romántica,"Donostialdea, Guipúzcoa",65,,2019-04-01,1400,1,2.0,1,0,0,False,False,True,False,False,False,False,False,False,False,True,False,False,False,False,False,False,False,False,False,False,False,False,False,False,False,False,False,False,False,False,False,True
Anuncio actualizado el 11 de marzo,0,1,2.0,1,0,2017,,planta 7ª exterior,1,0,84252247,16,1,Donostia-San Sebastián,Distrito Centro-Miraconcha," , Barrio Área Romántica , Distrito Centro-Miraconcha , Donostia-San Sebastián , Donostialdea, Guipúzcoa ",Barrio Área Romántica,"Donostialdea, Guipúzcoa",120,93,2019-04-01,1500,0,3.0,1,0,1,False,False,True,False,True,False,False,False,False,False,False,False,False,False,False,False,False,False,False,False,False,False,False,False,False,False,False,False,False,False,False,False,True
Anuncio actualizado el 29 de marzo,0,0,1.0,0,0,,,planta 9ª exterior,0,0,30772001,16,1,Donostia-San Sebastián,Distrito Amara," de felipe iv hiribidea , Barrio Amara , Distrito Amara , Donostia-San Sebastián , Donostialdea, Guipúzcoa ",Barrio Amara,"Donostialdea, Guipúzcoa",65,60,2019-04-01,950,0,3.0,0,0,1,False,False,True,False,False,False,False,False,False,False,False,True,False,False,False,False,False,False,False,False,False,False,False,False,False,False,False,False,False,False,False,False,False
Anuncio actualizado el 21 de marzo,1,0,2.0,0,0,,inmueble exento,planta 1ª exterior,0,0,84499610,18,0,Donostia-San Sebastián,Distrito Altza-Bidebieta," TXINGURRI , Urb. ALZA , Barrio Altza , Distrito Altza-Bidebieta , Donostia-San Sebastián , Donostialdea, Guipúzcoa ",Barrio Altza,"Donostialdea, Guipúzcoa",108,99,2019-04-01,1000,0,2.0,1,0,0,False,False,True,False,False,False,False,True,False,False,False,False,False,False,False,False,False,False,False,False,False,False,False,False,False,False,False,False,False,False,False,False,False
Anuncio actualizado el 21 de marzo,0,1,1.0,1,0,,,planta 2ª exterior,0,0,84500017,16,1,Donostia-San Sebastián,Distrito Centro-Miraconcha," BENGOETXEA , Urb. CENTRO , Barrio Área Romántica , Distrito Centro-Miraconcha , Donostia-San Sebastián , Donostialdea, Guipúzcoa ",Barrio Área Romántica,"Donostialdea, Guipúzcoa",47,44,2019-04-01,1100,0,1.0,1,0,0,False,False,True,False,False,False,False,False,False,False,False,True,False,False,False,False,False,False,False,False,False,False,False,False,False,False,False,False,False,False,False,False,False
Anuncio actualizado el 29 de marzo,0,0,2.0,0,0,,,planta 1ª exterior,0,0,84532496,16,1,Donostia-San Sebastián,Distrito Amara," Avenida Carlos I , Barrio Amara , Distrito Amara , Donostia-San Sebastián , Donostialdea, Guipúzcoa ",Barrio Amara,"Donostialdea, Guipúzcoa",105,100,2019-04-01,1400,0,4.0,0,0,0,False,False,True,False,True,False,False,False,False,False,False,False,False,False,False,False,False,False,False,False,False,False,False,False,False,False,False,True,False,False,False,False,False
Anuncio actualizado el 5 de marzo,0,0,1.0,0,0,,en trámite,planta 3ª interior,0,0,84533681,16,1,Donostia-San Sebastián,Distrito Gros," Paseo Colon , Distrito Gros , Donostia-San Sebastián , Donostialdea, Guipúzcoa ",Paseo Colon,"Donostialdea, Guipúzcoa",48,,2019-04-01,1200,0,2.0,0,0,0,False,False,True,False,False,False,False,True,False,False,False,False,False,False,False,False,False,False,False,False,False,False,False,False,False,False,False,False,False,False,False,False,False
Anuncio actualizado el 27 de marzo,0,1,3.0,1,0,1973,en trámite,planta 3ª exterior,1,1,84702992,16,1,Donostia-San Sebastián,Distrito Antiguo," Camino de Marbil , Urb. Camino de Marbil , Distrito Antiguo , Donostia-San Sebastián , Donostialdea, Guipúzcoa ",Urb. Camino de Marbil,"Donostialdea, Guipúzcoa",160,140,2019-04-01,1800,0,4.0,1,1,1,False,False,True,False,False,False,False,False,False,False,False,True,False,False,False,False,False,False,False,False,False,False,False,False,False,False,False,False,False,False,False,False,False
Anuncio actualizado el 13 de marzo,0,0,1.0,1,0,1977,en trámite,planta 2ª exterior,0,0,84581138,16,1,Irun,Distrito Palmera - Dumboa - Arbes," poxpologile , Distrito Palmera - Dumboa - Arbes , Irun , Bajo Bidasoa, Guipúzcoa ",poxpologile,"Bajo Bidasoa, Guipúzcoa",80,73,2019-04-01,800,0,3.0,0,0,1,False,False,True,False,False,False,False,False,False,False,False,True,False,False,False,False,False,False,False,False,False,False,False,True,False,False,False,False,False,False,False,False,False
Anuncio actualizado el 14 de marzo,0,0,1.0,1,0,,,planta 5ª exterior,0,0,84618427,16,1,Donostia-San Sebastián,Distrito Centro-Miraconcha," SAN MARCIAL , Urb. CENTRO , Barrio Área Romántica , Distrito Centro-Miraconcha , Donostia-San Sebastián , Donostialdea, Guipúzcoa ",Barrio Área Romántica,"Donostialdea, Guipúzcoa",88,82,2019-04-01,1200,0,2.0,0,0,0,False,False,True,False,False,False,False,False,False,False,False,True,False,False,False,False,False,False,False,False,False,False,False,False,False,False,False,False,False,False,False,False,False
Anuncio actualizado el 11 de marzo,0,0,2.0,0,0,,,planta 2ª exterior,0,0,84620063,16,1,Donostia-San Sebastián,Distrito Gros," SEGUNDO ISPIZUA , Urb. GROS , Distrito Gros , Donostia-San Sebastián , Donostialdea, Guipúzcoa ",Urb. GROS,"Donostialdea, Guipúzcoa",132,122,2019-04-01,1800,0,3.0,0,0,0,False,False,True,False,False,False,False,False,False,False,False,True,False,False,False,False,False,False,False,False,False,False,False,False,False,False,False,False,False,False,True,False,False
Anuncio actualizado el 13 de marzo,0,0,1.0,0,0,1957,en trámite,planta 5ª exterior,0,0,84643222,21,1,Irun,Distrito Centro - Mendibil - Santiago," Legazpi Kalea, Irún , Distrito Centro - Mendibil - Santiago , Irun , Bajo Bidasoa, Guipúzcoa ","Legazpi Kalea, Irún","Bajo Bidasoa, Guipúzcoa",70,55,2019-04-01,675,1,2.0,0,0,0,False,False,True,False,False,False,False,False,False,True,False,False,False,False,False,False,False,False,False,False,False,False,False,False,False,False,False,False,False,False,False,False,False
Anuncio actualizado el 13 de marzo,0,0,2.0,0,0,,,planta 3ª exterior,0,0,84649589,16,1,Donostia-San Sebastián,Distrito Gros," SEGUNDO ISPIZUA , Urb. GROS - ZURRIOLA , Distrito Gros , Donostia-San Sebastián , Donostialdea, Guipúzcoa ",Urb. GROS - ZURRIOLA,"Donostialdea, Guipúzcoa",126,115,2019-04-01,1800,0,4.0,0,0,0,False,False,True,False,False,False,False,False,False,False,False,True,False,False,False,False,False,False,False,False,False,False,False,False,False,False,False,False,False,False,False,False,False
Anuncio actualizado el 13 de marzo,0,1,2.0,0,0,,,planta 1ª exterior,0,0,84650335,16,1,Donostia-San Sebastián,Distrito Gros," SEGUNDO ISPIZUA , Urb. GROS - ZURRIOLA , Distrito Gros , Donostia-San Sebastián , Donostialdea, Guipúzcoa ",Urb. GROS - ZURRIOLA,"Donostialdea, Guipúzcoa",124,112,2019-04-01,1800,0,3.0,0,0,0,False,False,True,False,False,False,False,False,False,False,False,True,False,False,False,False,False,False,False,False,False,False,False,False,False,False,False,False,False,False,False,False,False
Anuncio actualizado el 22 de marzo,0,0,3.0,0,0,,,planta 4ª exterior,0,0,84650700,16,1,Donostia-San Sebastián,Distrito Gros," BERMINGHAM , Urb. GROS - ZURRIOLA , Distrito Gros , Donostia-San Sebastián , Donostialdea, Guipúzcoa ",Urb. GROS - ZURRIOLA,"Donostialdea, Guipúzcoa",142,128,2019-04-01,1800,0,4.0,0,0,0,False,False,True,False,False,False,False,False,False,False,False,True,False,False,False,False,False,False,False,False,False,False,False,False,False,False,False,False,False,False,False,False,False
Anuncio actualizado el 14 de marzo,0,0,2.0,1,0,,,planta 2ª exterior,1,0,84661505,16,0,Donostia-San Sebastián,Distrito Aiete," ANDOAIN , Urb. AYETE , Distrito Aiete , Donostia-San Sebastián , Donostialdea, Guipúzcoa ",Urb. AYETE,"Donostialdea, Guipúzcoa",172,150,2019-04-01,1360,0,4.0,0,0,1,False,False,True,False,False,False,False,False,False,False,False,True,False,False,False,False,False,False,False,False,False,False,False,False,False,False,False,False,False,False,False,False,False
Anuncio actualizado el 21 de marzo,0,0,1.0,0,0,1945,en trámite,planta 2ª exterior,0,0,81412499,16,0,Donostia-San Sebastián,Distrito Ategorrieta," Bordatxipi Pasealekua , Distrito Ategorrieta , Donostia-San Sebastián , Donostialdea, Guipúzcoa ",Bordatxipi Pasealekua,"Donostialdea, Guipúzcoa",95,90,2019-04-01,950,0,3.0,1,0,0,False,False,True,False,False,False,False,False,False,False,False,False,False,False,False,False,False,False,False,False,False,False,False,False,False,False,False,False,False,False,False,False,False
Anuncio actualizado el 25 de marzo,0,0,2.0,0,0,,en trámite,planta 3ª exterior,0,0,84778361,16,1,Donostia-San Sebastián,Distrito Gros," Calle Agirre Miramon , Distrito Gros , Donostia-San Sebastián , Donostialdea, Guipúzcoa ",Calle Agirre Miramon,"Donostialdea, Guipúzcoa",100,,2019-04-01,1300,0,3.0,0,0,1,False,False,True,False,False,False,False,False,False,False,False,False,False,False,False,False,False,False,False,False,False,False,False,False,False,False,False,False,False,False,True,False,False
Anuncio actualizado el 29 de marzo,0,0,2.0,0,0,1969,en trámite,planta 2ª exterior,0,0,84817905,16,1,Donostia-San Sebastián,Distrito Antiguo," , Distrito Antiguo , Donostia-San Sebastián , Donostialdea, Guipúzcoa ",,"Donostialdea, Guipúzcoa",95,93,2019-04-01,950,0,3.0,0,0,1,False,False,True,False,False,False,False,False,False,False,False,False,False,False,False,False,False,False,False,False,False,False,False,False,False,False,False,False,False,False,False,False,False
Anuncio actualizado el 29 de marzo,0,0,1.0,0,0,1962,,planta 3ª exterior,0,0,84867311,16,0,Donostia-San Sebastián,Distrito Altza-Bidebieta," , Barrio Altza , Distrito Altza-Bidebieta , Donostia-San Sebastián , Donostialdea, Guipúzcoa ",Barrio Altza,"Donostialdea, Guipúzcoa",58,,2019-04-01,700,0,1.0,0,0,1,False,False,False,False,False,False,False,False,False,False,False,False,False,False,False,False,False,False,False,False,False,False,False,False,False,False,False,False,False,False,False,False,False
Anuncio actualizado el 6 de febrero,0,0,1.0,0,0,,en trámite,planta 4ª exterior,0,0,39110373,16,1,Donostia-San Sebastián,Distrito Antiguo," Escolta real , Distrito Antiguo , Donostia-San Sebastián , Donostialdea, Guipúzcoa ",Escolta real,"Donostialdea, Guipúzcoa",55,45,2019-04-01,900,0,2.0,0,0,0,False,False,True,False,False,False,False,False,False,True,False,False,False,False,False,False,False,False,False,False,False,False,False,False,False,False,False,True,False,False,False,False,False
Anuncio actualizado el 5 de septiembre,0,0,2.0,1,0,1970,en trámite,planta 1ª exterior,0,1,81132079,16,1,Hondarribia,Urb. SI," URBANIZACION ERREZUBI , Urb. SI , Hondarribia , Bajo Bidasoa, Guipúzcoa ",URBANIZACION ERREZUBI,"Bajo Bidasoa, Guipúzcoa",90,76,2019-04-01,1250,0,3.0,0,0,1,False,False,True,False,False,False,False,False,False,False,False,False,False,False,False,False,False,False,False,False,False,False,False,False,False,False,False,False,False,True,False,False,False
Anuncio actualizado el 29 de marzo,0,0,2.0,0,0,1960,,planta 1ª,0,0,84188512,16,1,Donostia-San Sebastián,Distrito Amara," Madrid Etorbidea , Barrio Amara , Distrito Amara , Donostia-San Sebastián , Donostialdea, Guipúzcoa ",Barrio Amara,"Donostialdea, Guipúzcoa",195,150,2019-04-01,1200,0,4.0,0,0,1,False,False,True,False,False,False,False,False,False,False,False,False,False,False,False,False,False,False,False,False,False,False,False,False,False,False,False,False,False,False,False,False,True
Anuncio actualizado el 22 de marzo,0,0,3.0,0,0,1950,,planta 4ª exterior,0,0,36337165,16,1,Donostia-San Sebastián,Distrito Antiguo," De Zumalakarregi Hiribidea , Distrito Antiguo , Donostia-San Sebastián , Donostialdea, Guipúzcoa ",De Zumalakarregi Hiribidea,"Donostialdea, Guipúzcoa",190,160,2019-04-01,1600,0,4.0,0,0,0,False,False,True,False,False,False,False,False,False,False,False,False,False,False,False,False,False,False,False,False,False,False,False,False,False,False,False,True,False,False,False,False,False
Anuncio actualizado el 25 de marzo,0,1,2.0,0,0,2018,en trámite,planta 4ª exterior,1,0,84795899,16,1,Donostia-San Sebastián,Distrito Loiola-Martutene," Kristobaldegi , Distrito Loiola-Martutene , Donostia-San Sebastián , Donostialdea, Guipúzcoa ",Kristobaldegi,"Donostialdea, Guipúzcoa",75,72,2019-04-01,1100,1,3.0,1,0,0,False,False,True,False,False,False,False,False,False,False,False,True,False,False,False,False,False,False,False,False,False,False,False,False,False,False,False,False,False,False,False,False,False
Anuncio actualizado el 28 de marzo,0,0,1.0,0,0,,en trámite,bajo exterior,0,0,33202670,16,0,Donostia-San Sebastián,Distrito Antiguo," escolta real , Distrito Antiguo , Donostia-San Sebastián , Donostialdea, Guipúzcoa ",escolta real,"Donostialdea, Guipúzcoa",50,,2019-04-01,700,0,2.0,0,0,0,False,False,True,False,False,False,False,False,False,False,False,False,False,False,False,False,False,False,False,False,False,False,False,False,False,False,False,False,False,False,False,False,False
Anuncio actualizado el 29 de marzo,0,0,1.0,0,0,,en trámite,planta 1ª,0,0,84853429,16,1,Donostia-San Sebastián,Distrito Amara," Calle Balleneros , Barrio Amara , Distrito Amara , Donostia-San Sebastián , Donostialdea, Guipúzcoa ",Barrio Amara,"Donostialdea, Guipúzcoa",60,57,2019-04-01,850,0,3.0,0,0,1,False,False,True,False,False,False,False,False,False,False,False,False,False,False,False,False,False,False,False,False,False,False,False,False,False,False,False,False,False,False,False,False,False
Anuncio actualizado el 27 de marzo,0,0,1.0,1,0,,,planta 4ª interior,0,0,35524235,16,1,Pasaia,Calle Maiatzaren Lehena," Calle Maiatzaren Lehena , Pasaia , Donostialdea, Guipúzcoa ",,"Donostialdea, Guipúzcoa",50,42,2019-04-01,650,0,2.0,0,0,0,False,False,True,False,False,False,False,False,False,False,False,False,False,False,False,False,False,True,False,False,False,False,False,False,False,False,False,False,False,False,False,False,False
Anuncio actualizado el 18 de marzo,0,0,1.0,1,0,,en trámite,exterior,0,0,82355418,16,1,Donostia-San Sebastián,Distrito Gros," Calle Usandizaga , Distrito Gros , Donostia-San Sebastián , Donostialdea, Guipúzcoa ",Calle Usandizaga,"Donostialdea, Guipúzcoa",75,65,2019-04-01,1300,0,2.0,0,0,0,False,False,False,False,False,False,False,False,False,False,False,False,False,False,False,False,False,False,False,False,False,False,False,False,False,False,False,False,False,False,False,False,False
Anuncio actualizado el 5 de marzo,0,0,2.0,0,0,,,planta 2ª exterior,0,0,82582230,16,1,Donostia-San Sebastián,Distrito Centro-Miraconcha," Calle Hondarribia , Barrio Área Romántica , Distrito Centro-Miraconcha , Donostia-San Sebastián , Donostialdea, Guipúzcoa ",Barrio Área Romántica,"Donostialdea, Guipúzcoa",60,58,2019-04-01,1100,0,2.0,0,0,1,False,False,True,False,False,False,False,False,False,False,False,False,False,False,False,False,False,False,False,False,False,False,False,False,False,False,False,False,False,False,False,False,False
Anuncio actualizado el 18 de marzo,1,1,1.0,1,0,,en trámite,interior,0,0,83589354,16,1,Donostia-San Sebastián,Distrito Centro-Miraconcha," Calle Bergara , Barrio Área Romántica , Distrito Centro-Miraconcha , Donostia-San Sebastián , Donostialdea, Guipúzcoa ",Barrio Área Romántica,"Donostialdea, Guipúzcoa",60,54,2019-04-01,1300,0,2.0,1,0,1,False,False,True,False,False,False,False,True,False,False,False,False,False,False,False,False,False,False,False,False,True,False,False,False,False,False,False,False,False,False,False,False,False
Anuncio actualizado el 18 de marzo,0,1,1.0,1,0,,en trámite,interior,0,0,83769728,16,1,Donostia-San Sebastián,Distrito Centro-Miraconcha," Calle Prim , Barrio Área Romántica , Distrito Centro-Miraconcha , Donostia-San Sebastián , Donostialdea, Guipúzcoa ",Barrio Área Romántica,"Donostialdea, Guipúzcoa",55,45,2019-04-01,1200,0,1.0,0,0,1,False,False,True,False,False,False,False,False,False,False,False,False,False,False,False,False,False,True,False,False,False,False,False,False,False,False,False,False,False,False,False,False,False
Anuncio actualizado el 20 de febrero,0,0,1.0,1,0,,en trámite,planta 4ª exterior,0,0,39196090,16,1,Donostia-San Sebastián,Distrito Centro-Miraconcha," Paseo De Los Fueros , Barrio Área Romántica , Distrito Centro-Miraconcha , Donostia-San Sebastián , Donostialdea, Guipúzcoa ",Barrio Área Romántica,"Donostialdea, Guipúzcoa",85,75,2019-04-01,1300,0,2.0,0,0,0,False,False,True,False,False,False,False,False,False,False,False,False,False,False,False,False,False,False,False,False,False,False,False,False,False,False,False,False,False,False,False,False,False
Anuncio actualizado el 21 de marzo,0,0,2.0,0,0,1974,en trámite,planta 2ª exterior,0,1,38570751,16,1,Donostia-San Sebastián,Distrito Centro-Miraconcha," , Barrio Área Romántica , Distrito Centro-Miraconcha , Donostia-San Sebastián , Donostialdea, Guipúzcoa ",Barrio Área Romántica,"Donostialdea, Guipúzcoa",125,110,2019-04-01,1700,0,3.0,0,0,1,False,False,True,False,False,False,False,False,False,False,False,False,False,False,False,False,False,False,False,False,False,False,False,False,False,False,False,False,False,False,False,False,True
Anuncio actualizado el 25 de marzo,0,0,1.0,0,0,1988,en trámite,planta 2ª,0,1,84750906,16,1,Donostia-San Sebastián,Distrito Centro-Miraconcha," , Barrio Área Romántica , Distrito Centro-Miraconcha , Donostia-San Sebastián , Donostialdea, Guipúzcoa ",Barrio Área Romántica,"Donostialdea, Guipúzcoa",50,43,2019-04-01,1250,0,1.0,0,0,1,False,False,True,False,False,False,False,False,False,False,False,False,False,False,False,False,False,False,False,False,False,False,False,False,False,False,False,False,False,False,False,False,True
Anuncio actualizado el 29 de marzo,0,0,2.0,0,0,,,planta 1ª exterior,1,0,84870012,16,1,Donostia-San Sebastián,Distrito Amara," Riberas de loyola , Barrio Riberas , Distrito Amara , Donostia-San Sebastián , Donostialdea, Guipúzcoa ",Barrio Riberas,"Donostialdea, Guipúzcoa",85,72,2019-04-01,1100,0,2.0,1,0,1,False,False,True,False,False,False,False,False,False,False,False,False,False,False,False,False,False,True,False,False,False,False,False,False,False,False,False,False,False,False,False,False,False
Anuncio actualizado el 7 de marzo,0,1,1.0,0,0,,inmueble exento,planta 2ª exterior,0,0,29767149,21,0,Hondarribia,"San Pedro, 47"," San Pedro, 47 , Hondarribia , Bajo Bidasoa, Guipúzcoa ",,"Bajo Bidasoa, Guipúzcoa",35,,2019-04-01,700,0,2.0,0,0,0,False,False,True,False,False,False,False,False,False,False,False,True,False,False,False,False,False,False,False,False,False,False,False,False,False,False,False,True,False,False,False,False,False
Anuncio actualizado el 26 de marzo,0,0,2.0,0,0,1900,en trámite,planta 3ª,0,0,84739418,16,1,Donostia-San Sebastián,Distrito Parte Vieja," Calle Etxague Jenerala , Distrito Parte Vieja , Donostia-San Sebastián , Donostialdea, Guipúzcoa ",Calle Etxague Jenerala,"Donostialdea, Guipúzcoa",85,,2019-04-01,1300,0,3.0,0,0,1,False,False,True,False,False,False,False,False,False,False,False,False,False,False,False,False,False,False,False,True,False,False,False,False,False,False,False,False,False,False,False,False,False
Anuncio actualizado el 28 de marzo,0,0,1.0,0,0,1900,en trámite,planta 3ª,0,0,84796642,16,1,Donostia-San Sebastián,Distrito Parte Vieja," , Distrito Parte Vieja , Donostia-San Sebastián , Donostialdea, Guipúzcoa ",,"Donostialdea, Guipúzcoa",83,75,2019-04-01,950,0,2.0,0,0,1,False,False,True,False,False,False,False,False,False,False,False,False,False,False,False,False,False,False,False,False,False,False,True,False,False,False,False,False,False,False,False,False,False
Anuncio actualizado el 25 de marzo,0,1,1.0,1,0,,en trámite,planta 2ª exterior,0,0,84797742,16,1,Donostia-San Sebastián,Distrito Centro-Miraconcha," Autonomia, 8 , Urb. Donostia- San Sebastian , Barrio Amara Zaharra-Arbaizenea , Distrito Centro-Miraconcha , Donostia-San Sebastián , Donostialdea, Guipúzcoa ",Barrio Amara Zaharra-Arbaizenea,"Donostialdea, Guipúzcoa",92,80,2019-04-01,1100,1,2.0,0,0,0,False,False,True,False,False,False,False,False,False,False,False,True,False,False,False,False,False,True,False,False,False,False,False,False,False,False,False,False,False,False,False,False,False
Anuncio actualizado el 18 de marzo,0,1,2.0,0,0,,en trámite,interior,0,0,82309681,16,1,Donostia-San Sebastián,Distrito Centro-Miraconcha," Foru Pasealekua, 5 , Barrio Área Romántica , Distrito Centro-Miraconcha , Donostia-San Sebastián , Donostialdea, Guipúzcoa ",Barrio Área Romántica,"Donostialdea, Guipúzcoa",100,93,2019-04-01,1400,0,2.0,0,0,1,False,False,False,False,False,False,False,False,False,False,False,False,False,False,False,False,False,False,False,False,False,False,False,False,False,False,False,False,False,False,False,False,False
Anuncio actualizado el 18 de marzo,1,1,2.0,1,0,,en trámite,interior,0,0,82531094,16,1,Donostia-San Sebastián,Distrito Gros," Calle Zabaleta, 36 , Distrito Gros , Donostia-San Sebastián , Donostialdea, Guipúzcoa ","Calle Zabaleta, 36","Donostialdea, Guipúzcoa",100,80,2019-04-01,1600,0,3.0,0,0,1,False,False,True,False,False,False,False,False,False,False,False,False,False,False,False,False,False,False,False,False,False,False,False,False,False,False,False,False,False,False,False,False,False
Anuncio actualizado el 18 de marzo,0,1,2.0,1,0,,en trámite,interior,0,0,82531097,16,1,Donostia-San Sebastián,Distrito Centro-Miraconcha," Calle San Bartolome, 34 , Barrio Área Romántica , Distrito Centro-Miraconcha , Donostia-San Sebastián , Donostialdea, Guipúzcoa ",Barrio Área Romántica,"Donostialdea, Guipúzcoa",70,60,2019-04-01,1450,0,3.0,0,0,1,False,False,True,False,False,False,False,False,False,False,False,False,False,False,False,False,False,False,False,False,False,False,False,False,False,False,False,False,False,False,False,False,False
Anuncio actualizado el 18 de marzo,1,0,2.0,1,0,,en trámite,exterior,0,0,82569376,16,1,Donostia-San Sebastián,Distrito Centro-Miraconcha," Calle Easo, 19 , Barrio Área Romántica , Distrito Centro-Miraconcha , Donostia-San Sebastián , Donostialdea, Guipúzcoa ",Barrio Área Romántica,"Donostialdea, Guipúzcoa",84,73,2019-04-01,1400,0,2.0,0,0,0,False,False,True,False,False,False,False,False,False,False,False,False,False,False,False,False,False,False,False,False,False,False,False,False,False,False,False,False,False,False,False,False,False
Anuncio actualizado el 18 de marzo,0,1,2.0,1,0,,en trámite,exterior,0,0,82773431,16,1,Donostia-San Sebastián,Distrito Centro-Miraconcha," Calle Arrasate, 9 , Barrio Área Romántica , Distrito Centro-Miraconcha , Donostia-San Sebastián , Donostialdea, Guipúzcoa ",Barrio Área Romántica,"Donostialdea, Guipúzcoa",69,60,2019-04-01,1350,0,2.0,0,0,1,False,False,True,False,False,False,False,False,False,False,False,False,False,False,False,False,False,False,False,False,False,False,False,False,False,False,False,False,False,False,False,False,False
Anuncio actualizado el 18 de marzo,0,0,2.0,1,0,,en trámite,interior,0,0,82773434,16,1,Donostia-San Sebastián,Distrito Parte Vieja," Salamanca Pasealekua, 2 , Distrito Parte Vieja , Donostia-San Sebastián , Donostialdea, Guipúzcoa ","Salamanca Pasealekua, 2","Donostialdea, Guipúzcoa",75,65,2019-04-01,1500,0,3.0,0,0,0,False,False,True,False,False,False,False,False,False,False,False,False,False,False,False,False,False,False,False,False,False,False,False,False,False,False,False,False,False,False,False,False,False
Anuncio actualizado el 18 de marzo,0,0,2.0,1,0,,en trámite,exterior,0,0,83345117,16,1,Donostia-San Sebastián,Distrito Centro-Miraconcha," Calle Txurruka, 14 , Barrio Área Romántica , Distrito Centro-Miraconcha , Donostia-San Sebastián , Donostialdea, Guipúzcoa ",Barrio Área Romántica,"Donostialdea, Guipúzcoa",75,64,2019-04-01,1400,0,2.0,0,0,0,False,False,True,False,False,False,False,False,False,False,False,False,False,False,False,False,False,False,False,False,False,False,False,False,False,False,False,False,False,False,False,False,False
Anuncio actualizado el 18 de marzo,0,1,2.0,1,0,,en trámite,exterior,0,0,83345119,16,1,Donostia-San Sebastián,Distrito Centro-Miraconcha," Calle Arrasate, 1 , Barrio Área Romántica , Distrito Centro-Miraconcha , Donostia-San Sebastián , Donostialdea, Guipúzcoa ",Barrio Área Romántica,"Donostialdea, Guipúzcoa",83,70,2019-04-01,1300,0,2.0,0,0,1,False,False,True,False,False,False,False,False,False,False,False,False,False,False,False,False,False,False,False,False,False,False,False,False,False,False,False,False,False,False,False,False,False
Anuncio actualizado el 18 de marzo,0,0,2.0,1,0,,en trámite,exterior,0,0,83561498,16,1,Donostia-San Sebastián,Distrito Centro-Miraconcha," Calle Txurruka, 14 , Barrio Área Romántica , Distrito Centro-Miraconcha , Donostia-San Sebastián , Donostialdea, Guipúzcoa ",Barrio Área Romántica,"Donostialdea, Guipúzcoa",102,92,2019-04-01,1500,0,3.0,0,0,0,False,False,True,False,False,False,False,True,False,False,False,False,False,False,False,False,False,False,False,False,False,False,False,False,False,False,False,False,False,True,False,False,False
Anuncio actualizado el 18 de marzo,0,1,2.0,1,0,,en trámite,exterior,0,0,83561534,16,1,Donostia-San Sebastián,Distrito Centro-Miraconcha," Calle Txurruka, 5 , Barrio Área Romántica , Distrito Centro-Miraconcha , Donostia-San Sebastián , Donostialdea, Guipúzcoa ",Barrio Área Romántica,"Donostialdea, Guipúzcoa",60,52,2019-04-01,1400,0,2.0,0,0,1,False,False,True,False,False,False,False,False,False,False,False,False,False,False,False,False,False,False,False,False,False,False,False,False,False,False,False,True,False,False,False,False,False
Anuncio actualizado el 18 de marzo,0,0,1.0,1,0,,en trámite,exterior,0,0,83561536,16,1,Donostia-San Sebastián,Distrito Centro-Miraconcha," Calle San Martin, 25 , Barrio Área Romántica , Distrito Centro-Miraconcha , Donostia-San Sebastián , Donostialdea, Guipúzcoa ",Barrio Área Romántica,"Donostialdea, Guipúzcoa",62,52,2019-04-01,1400,0,2.0,0,0,0,False,False,True,False,False,False,False,True,False,False,False,False,False,False,False,False,False,False,False,True,False,False,False,False,False,False,False,False,False,False,False,False,False
Anuncio actualizado el 18 de marzo,0,0,1.0,1,0,,en trámite,interior,0,0,83592019,16,1,Donostia-San Sebastián,Distrito Centro-Miraconcha," Askatasunaren Hiribidea, 38 , Barrio Área Romántica , Distrito Centro-Miraconcha , Donostia-San Sebastián , Donostialdea, Guipúzcoa ",Barrio Área Romántica,"Donostialdea, Guipúzcoa",55,45,2019-04-01,1200,0,1.0,0,0,0,False,False,True,False,False,False,False,False,False,False,False,False,False,False,False,False,False,True,False,False,False,False,False,False,False,False,False,False,False,False,False,False,False
Anuncio actualizado el 18 de marzo,0,1,1.0,1,0,,en trámite,exterior,0,0,83592025,16,1,Donostia-San Sebastián,Distrito Parte Vieja," Calle Gaztelubide, 21 , Distrito Parte Vieja , Donostia-San Sebastián , Donostialdea, Guipúzcoa ","Calle Gaztelubide, 21","Donostialdea, Guipúzcoa",45,37,2019-04-01,1000,0,1.0,0,0,1,False,False,True,False,False,False,False,True,False,False,False,False,False,False,False,False,False,False,False,False,True,False,False,False,False,False,False,False,False,False,False,False,False
Anuncio actualizado el 18 de marzo,0,1,1.0,1,0,,en trámite,exterior,0,0,83769726,16,1,Donostia-San Sebastián,Distrito Centro-Miraconcha," Mirakontxa Pasealekua, 24 , Barrio Miraconcha , Distrito Centro-Miraconcha , Donostia-San Sebastián , Donostialdea, Guipúzcoa ",Barrio Miraconcha,"Donostialdea, Guipúzcoa",48,41,2019-04-01,1150,0,1.0,0,0,1,False,False,True,False,False,False,False,False,False,False,False,False,False,False,False,False,False,False,False,False,False,False,False,False,False,False,False,False,False,True,False,False,False
Anuncio actualizado el 18 de marzo,0,1,1.0,1,0,,en trámite,planta 1ª interior,0,0,83769740,16,1,Donostia-San Sebastián,Distrito Parte Vieja," Salamanca Pasealekua, 13 , Distrito Parte Vieja , Donostia-San Sebastián , Donostialdea, Guipúzcoa ","Salamanca Pasealekua, 13","Donostialdea, Guipúzcoa",55,47,2019-04-01,1150,0,1.0,0,0,1,False,False,True,False,False,False,False,False,False,False,False,False,False,False,False,False,False,False,False,False,False,False,False,False,False,False,False,False,False,False,False,False,True
Anuncio actualizado el 18 de marzo,0,1,2.0,1,0,,en trámite,planta 3ª interior,0,0,81207553,16,1,Donostia-San Sebastián,Distrito Gros," Calle Mirakruz, 28 B , Distrito Gros , Donostia-San Sebastián , Donostialdea, Guipúzcoa ","Calle Mirakruz, 28 B","Donostialdea, Guipúzcoa",105,98,2019-04-01,1500,0,3.0,0,0,1,False,False,True,False,False,False,False,False,False,False,False,False,False,False,False,False,False,False,False,False,False,False,False,False,False,False,False,False,False,False,False,False,False
Anuncio actualizado el 12 de marzo,0,1,2.0,1,0,1979,,planta 2ª exterior,0,0,84095754,16,1,Donostia-San Sebastián,Distrito Gros," Galtzada Nagusia , Distrito Gros , Donostia-San Sebastián , Donostialdea, Guipúzcoa ",Galtzada Nagusia,"Donostialdea, Guipúzcoa",80,74,2019-04-01,1100,0,3.0,0,0,0,False,False,True,False,False,False,False,False,False,False,False,True,False,False,False,False,False,False,False,False,False,False,False,False,False,False,False,False,False,False,False,False,False
Anuncio actualizado el 31 de enero,0,0,1.0,0,0,1988,no indicado,planta 2ª,0,0,84106891,16,1,Donostia-San Sebastián,Distrito Centro-Miraconcha," Calle Zubieta, 48 , Barrio Área Romántica , Distrito Centro-Miraconcha , Donostia-San Sebastián , Donostialdea, Guipúzcoa ",Barrio Área Romántica,"Donostialdea, Guipúzcoa",45,43,2019-04-01,1250,0,1.0,0,0,1,False,False,False,False,False,False,False,False,False,False,False,False,False,False,False,False,False,False,False,False,False,False,False,False,False,False,False,False,False,False,False,False,False
Anuncio actualizado el 23 de marzo,0,0,1.0,1,0,,en trámite,planta 7ª exterior,0,0,84380553,21,1,Donostia-San Sebastián,Distrito Centro-Miraconcha," Calle Osasun Iturria, 8 , Barrio Amara Zaharra-Arbaizenea , Distrito Centro-Miraconcha , Donostia-San Sebastián , Donostialdea, Guipúzcoa ",Barrio Amara Zaharra-Arbaizenea,"Donostialdea, Guipúzcoa",100,80,2019-04-01,1100,0,2.0,0,0,0,False,False,True,False,False,False,False,True,False,False,False,False,False,False,False,False,False,False,False,False,False,False,False,False,False,False,False,False,False,False,False,False,False
Anuncio actualizado el 15 de marzo,0,0,2.0,1,0,1940,,planta 4ª exterior,0,0,84517857,16,0,Irun,Distrito Centro - Mendibil - Santiago," Mayor, 3 , Distrito Centro - Mendibil - Santiago , Irun , Bajo Bidasoa, Guipúzcoa ","Mayor, 3","Bajo Bidasoa, Guipúzcoa",200,190,2019-04-01,850,0,3.0,0,0,0,False,False,True,False,False,False,False,True,False,False,False,False,False,False,False,False,False,False,False,False,False,False,False,True,False,False,False,False,False,False,False,False,False
Anuncio actualizado el 25 de marzo,0,0,1.0,0,0,,,planta 7ª exterior,0,0,84800502,16,1,Donostia-San Sebastián,Distrito Añorga," , Distrito Añorga , Donostia-San Sebastián , Donostialdea, Guipúzcoa ",,"Donostialdea, Guipúzcoa",95,80,2019-04-01,900,0,3.0,0,0,1,False,False,True,False,False,False,False,False,False,False,False,False,False,False,False,False,False,False,False,False,False,False,False,False,False,False,False,False,False,True,False,False,False
Anuncio actualizado el 26 de marzo,0,0,2.0,0,0,,en trámite,planta 1ª exterior,0,0,84809905,16,1,Donostia-San Sebastián,Distrito Centro-Miraconcha," , Barrio Área Romántica , Distrito Centro-Miraconcha , Donostia-San Sebastián , Donostialdea, Guipúzcoa ",Barrio Área Romántica,"Donostialdea, Guipúzcoa",60,55,2019-04-01,1250,0,1.0,0,0,0,False,False,True,False,False,False,False,False,False,False,False,False,False,False,False,False,False,True,False,False,False,False,False,False,False,False,False,False,False,False,False,False,False
Anuncio actualizado el 29 de marzo,0,0,2.0,0,0,,en trámite,planta 2ª exterior,0,0,84849671,16,1,Donostia-San Sebastián,Distrito Centro-Miraconcha," , Barrio Miraconcha , Distrito Centro-Miraconcha , Donostia-San Sebastián , Donostialdea, Guipúzcoa ",Barrio Miraconcha,"Donostialdea, Guipúzcoa",85,80,2019-04-01,1400,0,2.0,0,0,0,False,False,True,False,False,False,False,False,False,False,False,False,False,False,False,False,False,False,False,True,False,False,False,False,False,False,False,False,False,False,False,False,False
Anuncio actualizado el 30 de marzo,0,0,1.0,0,0,,en trámite,planta 1ª exterior,0,0,81670958,16,1,Donostia-San Sebastián,Distrito Centro-Miraconcha," , Barrio Área Romántica , Distrito Centro-Miraconcha , Donostia-San Sebastián , Donostialdea, Guipúzcoa ",Barrio Área Romántica,"Donostialdea, Guipúzcoa",60,55,2019-04-01,1300,0,1.0,0,0,1,False,False,False,False,False,False,False,False,False,False,False,False,False,False,False,False,False,False,False,False,False,False,False,False,False,False,False,False,False,False,False,False,False
Anuncio actualizado el 30 de marzo,0,0,2.0,0,0,1900,en trámite,planta 4ª exterior,0,0,82351370,16,1,Donostia-San Sebastián,Distrito Parte Vieja," , Distrito Parte Vieja , Donostia-San Sebastián , Donostialdea, Guipúzcoa ",,"Donostialdea, Guipúzcoa",75,67,2019-04-01,1100,0,2.0,0,0,0,False,False,True,False,False,False,False,False,False,False,False,False,False,False,False,False,False,False,False,False,False,False,False,False,False,False,False,False,False,False,False,False,False
Anuncio actualizado el 30 de marzo,0,0,1.0,1,0,1825,en trámite,planta 3ª exterior,0,0,83454038,16,0,Donostia-San Sebastián,Distrito Parte Vieja," , Distrito Parte Vieja , Donostia-San Sebastián , Donostialdea, Guipúzcoa ",,"Donostialdea, Guipúzcoa",127,115,2019-04-01,1450,0,2.0,0,0,0,False,False,True,False,False,False,False,False,False,False,False,False,False,False,False,False,False,False,False,False,False,False,False,False,False,False,False,False,False,False,False,False,False
Anuncio actualizado el 30 de marzo,0,0,2.0,1,0,1890,,planta 4ª exterior,0,0,82078354,16,1,Donostia-San Sebastián,Distrito Parte Vieja," , Distrito Parte Vieja , Donostia-San Sebastián , Donostialdea, Guipúzcoa ",,"Donostialdea, Guipúzcoa",105,95,2019-04-01,1400,0,3.0,0,0,0,False,False,True,False,False,False,False,False,False,False,False,False,False,False,False,False,False,False,False,False,False,False,False,False,False,False,False,True,False,False,False,False,False
Anuncio actualizado el 30 de marzo,0,0,2.0,1,0,1976,,planta 17ª exterior,0,1,83742727,16,1,Donostia-San Sebastián,Distrito Amara," , Barrio Amara , Distrito Amara , Donostia-San Sebastián , Donostialdea, Guipúzcoa ",Barrio Amara,"Donostialdea, Guipúzcoa",80,73,2019-04-01,1200,0,3.0,0,0,1,False,False,True,False,True,False,False,False,False,False,False,False,False,False,False,False,False,False,False,False,False,False,False,False,False,False,False,False,False,True,False,False,False
Anuncio actualizado el 6 de marzo,0,0,2.0,0,0,1977,,planta 2ª exterior,0,1,84205910,16,0,Donostia-San Sebastián,Distrito Altza-Bidebieta," , Barrio Miracruz , Distrito Altza-Bidebieta , Donostia-San Sebastián , Donostialdea, Guipúzcoa ",Barrio Miracruz,"Donostialdea, Guipúzcoa",145,130,2019-04-01,1300,0,3.0,0,0,0,False,False,True,False,False,False,False,False,False,False,False,False,False,False,False,False,False,False,False,False,False,False,False,False,False,False,False,False,False,False,False,False,False
Anuncio actualizado el 30 de marzo,0,0,1.0,1,0,,en trámite,planta 2ª exterior,1,0,37736727,20,1,Donostia-San Sebastián,Distrito Egia," , Distrito Egia , Donostia-San Sebastián , Donostialdea, Guipúzcoa ",,"Donostialdea, Guipúzcoa",70,,2019-04-01,900,0,0.0,0,0,0,False,False,False,False,False,False,False,False,False,False,False,False,False,False,False,False,False,False,False,False,False,False,False,False,False,False,False,False,False,False,False,False,False
Anuncio actualizado el 30 de marzo,0,0,2.0,1,0,1945,en trámite,planta 1ª exterior,0,0,81578863,16,1,Donostia-San Sebastián,Distrito Antiguo," , Distrito Antiguo , Donostia-San Sebastián , Donostialdea, Guipúzcoa ",,"Donostialdea, Guipúzcoa",140,122,2019-04-01,1500,0,4.0,0,0,0,False,False,True,False,False,False,False,False,False,False,False,False,False,False,False,False,False,False,False,False,False,False,False,False,False,False,False,False,False,False,False,False,False
Anuncio actualizado el 26 de febrero,0,0,1.0,1,0,2010,en trámite,planta 3ª exterior,0,0,84447099,16,1,Donostia-San Sebastián,Distrito Centro-Miraconcha," loyola , Barrio Área Romántica , Distrito Centro-Miraconcha , Donostia-San Sebastián , Donostialdea, Guipúzcoa ",Barrio Área Romántica,"Donostialdea, Guipúzcoa",55,50,2019-04-01,1300,1,1.0,1,0,0,False,False,True,False,False,True,False,False,False,False,False,False,False,False,False,False,False,False,False,False,False,False,False,False,False,False,False,False,False,True,False,False,False
Anuncio actualizado el 30 de marzo,0,0,2.0,1,0,1954,en trámite,planta 7ª exterior,0,0,84466241,21,1,Donostia-San Sebastián,Distrito Gros," , Distrito Gros , Donostia-San Sebastián , Donostialdea, Guipúzcoa ",,"Donostialdea, Guipúzcoa",100,,2019-04-01,1500,0,3.0,1,0,1,False,False,True,False,False,False,False,False,False,False,False,False,False,False,False,False,False,False,False,False,False,False,False,False,False,False,False,False,False,True,False,False,False
Anuncio actualizado el 30 de marzo,0,0,2.0,0,0,1967,en trámite,planta 1ª exterior,0,0,84469715,16,1,Donostia-San Sebastián,Distrito Amara," , Barrio Amara , Distrito Amara , Donostia-San Sebastián , Donostialdea, Guipúzcoa ",Barrio Amara,"Donostialdea, Guipúzcoa",110,100,2019-04-01,1300,0,3.0,0,0,0,False,False,True,False,False,False,False,False,False,False,False,False,False,False,False,False,False,False,False,False,False,False,False,False,False,False,False,False,False,False,False,False,False
Anuncio actualizado el 25 de marzo,0,0,1.0,0,0,1991,,planta 5ª,0,0,84579776,16,1,Donostia-San Sebastián,Distrito Centro-Miraconcha," , Barrio Área Romántica , Distrito Centro-Miraconcha , Donostia-San Sebastián , Donostialdea, Guipúzcoa ",Barrio Área Romántica,"Donostialdea, Guipúzcoa",44,40,2019-04-01,950,0,1.0,0,0,0,False,False,True,False,False,False,False,False,False,False,False,False,False,False,False,False,False,False,False,False,False,False,False,False,False,False,False,True,False,False,False,False,False
Anuncio actualizado el 22 de marzo,0,0,1.0,1,0,,,planta 2ª exterior,0,0,38849569,16,1,Donostia-San Sebastián,Distrito Centro-Miraconcha," Calle zubieta , Barrio Área Romántica , Distrito Centro-Miraconcha , Donostia-San Sebastián , Donostialdea, Guipúzcoa ",Barrio Área Romántica,"Donostialdea, Guipúzcoa",58,43,2019-04-01,1200,0,1.0,0,0,1,False,False,True,False,False,False,False,False,False,False,False,False,False,False,False,False,False,False,False,False,False,False,False,False,False,False,False,False,False,False,True,False,False
Anuncio actualizado el 26 de marzo,0,0,3.0,0,0,1957,en trámite,planta 2ª exterior,0,0,83802063,16,1,Donostia-San Sebastián,Distrito Centro-Miraconcha," Plaza Zaragoza , Barrio Área Romántica , Distrito Centro-Miraconcha , Donostia-San Sebastián , Donostialdea, Guipúzcoa ",Barrio Área Romántica,"Donostialdea, Guipúzcoa",230,195,2019-04-01,2000,0,5.0,0,0,1,False,False,True,False,False,False,False,False,False,False,False,False,False,False,False,False,False,False,False,False,False,False,False,False,False,False,False,False,False,False,False,False,False
Anuncio actualizado el 6 de marzo,0,0,1.0,1,0,1970,,planta 6ª exterior,0,0,1393968,16,1,Donostia-San Sebastián,Distrito Centro-Miraconcha," Calle San Bartolome , Barrio Área Romántica , Distrito Centro-Miraconcha , Donostia-San Sebastián , Donostialdea, Guipúzcoa ",Barrio Área Romántica,"Donostialdea, Guipúzcoa",55,50,2019-04-01,1000,0,2.0,0,0,0,False,False,True,False,False,False,False,False,False,True,False,False,False,False,False,False,False,False,False,False,False,False,False,False,False,False,False,True,False,False,False,False,False
Anuncio actualizado el 31 de marzo,0,0,1.0,1,0,,,entreplanta exterior,0,0,84157705,16,1,Donostia-San Sebastián,Distrito Parte Vieja," Calle San Juan, 14 , Distrito Parte Vieja , Donostia-San Sebastián , Donostialdea, Guipúzcoa ","Calle San Juan, 14","Donostialdea, Guipúzcoa",75,,2019-04-01,1800,1,3.0,0,0,0,False,False,True,False,False,False,False,False,False,True,False,False,False,False,False,False,False,False,False,False,False,False,False,False,False,False,False,False,False,False,False,False,False
Anuncio actualizado el 21 de febrero,0,0,1.0,0,0,,en trámite,bajo exterior,0,0,29157068,16,0,Donostia-San Sebastián,Distrito Antiguo," Paseo de Heriz , Distrito Antiguo , Donostia-San Sebastián , Donostialdea, Guipúzcoa ",Paseo de Heriz,"Donostialdea, Guipúzcoa",55,,2019-04-01,790,0,1.0,0,0,0,False,False,True,False,False,False,False,False,False,False,False,False,False,False,False,False,False,False,False,False,False,False,False,False,False,False,False,False,False,False,False,False,False
Anuncio actualizado el 28 de marzo,0,0,2.0,1,0,1974,,planta 1ª exterior,0,0,84665669,16,1,Donostia-San Sebastián,Distrito Centro-Miraconcha," Arrasate , Barrio Área Romántica , Distrito Centro-Miraconcha , Donostia-San Sebastián , Donostialdea, Guipúzcoa ",Barrio Área Romántica,"Donostialdea, Guipúzcoa",110,100,2019-04-01,2200,1,2.0,0,0,0,False,False,True,False,False,True,False,False,False,False,False,False,False,False,False,False,False,False,False,False,False,False,False,False,False,False,False,True,False,False,False,False,False
Anuncio actualizado el 15 de marzo,0,0,2.0,1,0,2017,,planta 1ª exterior,1,0,84681692,16,1,Donostia-San Sebastián,Distrito Amara," Avenida barcelona , Barrio Riberas , Distrito Amara , Donostia-San Sebastián , Donostialdea, Guipúzcoa ",Barrio Riberas,"Donostialdea, Guipúzcoa",105,95,2019-04-01,1400,0,3.0,1,0,1,False,False,True,False,False,False,False,False,False,False,False,True,False,False,False,False,False,True,False,False,False,False,False,False,False,False,False,False,False,False,False,False,False
Anuncio actualizado el 27 de marzo,0,0,2.0,0,0,1995,en trámite,planta 1ª exterior,1,0,84795248,16,1,Donostia-San Sebastián,Distrito Intxaurrondo," Baratzategui , Distrito Intxaurrondo , Donostia-San Sebastián , Donostialdea, Guipúzcoa ",Baratzategui,"Donostialdea, Guipúzcoa",72,68,2019-04-01,850,0,2.0,1,0,0,False,False,True,False,False,False,False,True,False,False,False,False,False,False,False,False,False,False,False,False,False,False,False,False,False,False,False,False,False,False,False,False,False
Anuncio actualizado el 29 de marzo,0,0,1.0,0,0,,,planta 1ª,0,0,84866954,16,1,Donostia-San Sebastián,Distrito Gros," Calle Jose Miguel Barandiaran , Distrito Gros , Donostia-San Sebastián , Donostialdea, Guipúzcoa ",Calle Jose Miguel Barandiaran,"Donostialdea, Guipúzcoa",100,90,2019-04-01,1200,0,3.0,0,0,1,False,False,False,True,False,False,False,False,False,False,False,False,False,False,False,False,False,False,False,False,False,False,False,False,False,False,False,True,False,False,False,False,False
Anuncio actualizado el 30 de marzo,0,0,1.0,0,0,,en trámite,planta 2ª exterior,0,1,84818875,16,0,Donostia-San Sebastián,Distrito Altza-Bidebieta," , Barrio Altza , Distrito Altza-Bidebieta , Donostia-San Sebastián , Donostialdea, Guipúzcoa ",Barrio Altza,"Donostialdea, Guipúzcoa",75,,2019-04-01,780,0,3.0,1,0,0,False,False,True,False,False,False,False,False,False,False,False,False,False,False,False,False,False,False,False,False,False,False,False,False,False,False,False,False,False,False,False,False,False
Anuncio actualizado el 5 de marzo,0,0,1.0,0,0,1993,en trámite,planta 6ª exterior,0,0,82763146,16,1,Donostia-San Sebastián,Distrito Centro-Miraconcha," Calle Easo , Barrio Área Romántica , Distrito Centro-Miraconcha , Donostia-San Sebastián , Donostialdea, Guipúzcoa ",Barrio Área Romántica,"Donostialdea, Guipúzcoa",60,50,2019-04-01,850,0,1.0,0,0,1,False,False,True,False,False,False,False,False,False,False,False,False,False,False,False,False,False,False,False,False,False,False,False,False,False,False,False,False,False,False,False,False,True
Anuncio actualizado el 19 de noviembre,0,1,2.0,1,0,2017,,planta 3ª exterior,0,0,39782299,16,1,Donostia-San Sebastián,Distrito Centro-Miraconcha," Prim , Barrio Área Romántica , Distrito Centro-Miraconcha , Donostia-San Sebastián , Donostialdea, Guipúzcoa ",Barrio Área Romántica,"Donostialdea, Guipúzcoa",103,90,2019-04-01,2500,0,3.0,1,0,0,False,False,True,False,False,False,False,True,False,False,False,False,False,False,False,False,False,True,False,False,False,False,False,False,False,False,False,False,False,False,False,False,False
Anuncio actualizado el 29 de noviembre,0,0,1.0,0,0,,en trámite,planta 4ª interior,0,0,40006664,16,1,Donostia-San Sebastián,Distrito Centro-Miraconcha," Calle Urdaneta s/n , Barrio Área Romántica , Distrito Centro-Miraconcha , Donostia-San Sebastián , Donostialdea, Guipúzcoa ",Barrio Área Romántica,"Donostialdea, Guipúzcoa",70,67,2019-04-01,1500,0,3.0,0,0,0,False,False,True,False,False,False,False,False,False,False,False,False,False,False,False,False,False,False,False,False,False,False,False,False,False,False,False,False,False,False,False,False,False
Anuncio actualizado el 6 de marzo,0,0,2.0,0,0,1949,,planta 1ª exterior,0,0,40325191,16,1,Irun,Distrito Centro - Mendibil - Santiago," Colon Ibilbidea , Distrito Centro - Mendibil - Santiago , Irun , Bajo Bidasoa, Guipúzcoa ",Colon Ibilbidea,"Bajo Bidasoa, Guipúzcoa",150,135,2019-04-01,2000,0,5.0,0,0,0,False,False,False,False,False,False,False,False,False,False,False,False,False,False,False,False,False,False,False,False,False,False,False,False,False,False,False,False,False,False,False,False,True
Anuncio actualizado el 26 de marzo,0,1,1.0,1,0,1900,en trámite,planta 4ª exterior,0,0,39510777,16,1,Donostia-San Sebastián,Distrito Centro-Miraconcha," Calle Hondarribia , Barrio Área Romántica , Distrito Centro-Miraconcha , Donostia-San Sebastián , Donostialdea, Guipúzcoa ",Barrio Área Romántica,"Donostialdea, Guipúzcoa",75,60,2019-04-01,1000,0,2.0,0,0,0,False,False,True,False,False,False,False,False,False,False,False,True,False,False,False,False,False,False,False,False,False,False,False,False,False,False,False,True,False,False,False,False,False
Anuncio actualizado el 26 de marzo,0,0,1.0,0,0,,,planta 5ª exterior,0,0,83787637,16,1,Donostia-San Sebastián,Distrito Centro-Miraconcha," Calle Prim , Barrio Área Romántica , Distrito Centro-Miraconcha , Donostia-San Sebastián , Donostialdea, Guipúzcoa ",Barrio Área Romántica,"Donostialdea, Guipúzcoa",47,40,2019-04-01,950,0,1.0,0,0,0,False,False,True,False,False,False,False,False,False,False,False,False,False,False,False,False,False,False,False,False,False,False,False,False,False,False,False,True,False,False,False,False,False
Anuncio actualizado el 25 de marzo,0,1,3.0,1,0,1991,,4 plantas,1,1,84800699,22,,Donostia-San Sebastián,Distrito Centro-Miraconcha," Calle Belizalde s/n , Barrio Amara Zaharra-Arbaizenea , Distrito Centro-Miraconcha , Donostia-San Sebastián , Donostialdea, Guipúzcoa ",Barrio Amara Zaharra-Arbaizenea,"Donostialdea, Guipúzcoa",160,170,2019-04-01,1500,0,4.0,1,0,1,False,False,True,False,False,False,False,False,False,False,False,True,False,False,False,False,False,False,False,False,False,False,False,False,False,False,False,False,False,False,False,False,False
Anuncio actualizado el 16 de octubre,0,0,1.0,1,0,,,planta 4ª exterior,1,0,81190145,16,1,Donostia-San Sebastián,Distrito Centro-Miraconcha," Avenida de la Libertad s/n , Barrio Área Romántica , Distrito Centro-Miraconcha , Donostia-San Sebastián , Donostialdea, Guipúzcoa ",Barrio Área Romántica,"Donostialdea, Guipúzcoa",55,50,2019-04-01,1250,0,1.0,1,0,0,False,False,True,False,False,False,False,False,False,False,False,True,False,False,False,False,False,False,False,False,False,False,True,False,False,False,False,False,False,False,False,False,False
Anuncio actualizado el 23 de enero,0,1,2.0,0,0,1981,,planta 2ª exterior,1,0,83217958,16,1,Donostia-San Sebastián,Distrito Gros," Paseo de francia , Distrito Gros , Donostia-San Sebastián , Donostialdea, Guipúzcoa ",Paseo de francia,"Donostialdea, Guipúzcoa",110,95,2019-04-01,1700,1,2.0,0,0,0,False,False,True,False,False,False,False,False,False,False,False,True,False,False,False,False,False,False,False,False,False,False,False,False,False,False,False,False,False,False,True,False,False
Anuncio actualizado el 4 de febrero,0,1,1.0,1,0,1960,,planta 1ª exterior,0,0,81629245,16,1,Donostia-San Sebastián,Distrito Altza-Bidebieta," Avenida Pasajes San Pedro , Urb. Si , Barrio Bidebieta , Distrito Altza-Bidebieta , Donostia-San Sebastián , Donostialdea, Guipúzcoa ",Barrio Bidebieta,"Donostialdea, Guipúzcoa",70,60,2019-04-01,800,1,3.0,0,0,0,False,False,True,False,False,False,False,False,False,False,False,False,False,False,False,False,False,False,True,False,False,False,False,False,False,False,False,False,False,False,False,False,False
Anuncio actualizado el 29 de marzo,0,0,5.0,0,0,,,planta 1ª exterior,1,0,84644241,16,0,Donostia-San Sebastián,Distrito Ibaeta," Arriola Pasealekua , Distrito Ibaeta , Donostia-San Sebastián , Donostialdea, Guipúzcoa ",Arriola Pasealekua,"Donostialdea, Guipúzcoa",300,261,2019-04-01,1600,0,5.0,0,0,1,False,False,True,False,False,False,False,False,False,False,False,False,False,False,False,False,False,False,False,False,False,False,False,False,False,False,False,False,False,False,True,False,False
Anuncio actualizado el 21 de marzo,0,1,1.0,1,0,,,planta 2ª exterior,0,0,84754229,16,0,Usurbil,santuenea," santuenea , Usurbil , Donostialdea, Guipúzcoa ",,"Donostialdea, Guipúzcoa",50,,2019-04-01,645,0,1.0,0,0,0,False,False,True,False,False,False,False,False,False,False,False,True,False,False,False,False,False,False,False,False,False,False,True,False,False,False,False,False,False,False,False,False,False
Anuncio actualizado el 24 de marzo,0,1,2.0,0,0,,en trámite,planta 2ª exterior,0,0,84768099,16,1,Donostia-San Sebastián,Distrito Gros," Txofre , Distrito Gros , Donostia-San Sebastián , Donostialdea, Guipúzcoa ",Txofre,"Donostialdea, Guipúzcoa",90,85,2019-04-01,1200,0,3.0,0,0,0,False,False,True,False,False,False,False,False,False,False,False,True,False,False,False,False,False,False,False,False,False,False,False,False,False,False,False,False,False,False,False,False,False
Anuncio actualizado el 24 de marzo,0,0,2.0,0,0,,en trámite,planta 5ª exterior,0,0,84767721,16,1,Donostia-San Sebastián,Distrito Amara," Catalina de Erauso , Barrio Amara , Distrito Amara , Donostia-San Sebastián , Donostialdea, Guipúzcoa ",Barrio Amara,"Donostialdea, Guipúzcoa",140,130,2019-04-01,1400,0,5.0,0,0,0,False,False,True,False,False,False,False,False,False,False,False,False,False,False,False,False,False,False,False,False,False,False,False,False,False,False,False,False,False,False,False,False,False
Anuncio actualizado el 26 de marzo,0,0,2.0,0,0,1957,,planta 4ª,0,0,82821750,16,1,Donostia-San Sebastián,Distrito Amara," Calle José María Salaberría , Barrio Amara , Distrito Amara , Donostia-San Sebastián , Donostialdea, Guipúzcoa ",Barrio Amara,"Donostialdea, Guipúzcoa",75,65,2019-04-01,975,0,3.0,0,0,1,False,False,True,False,False,False,False,False,False,False,False,False,False,False,False,False,False,False,False,False,False,False,False,False,False,False,False,True,False,False,False,False,False
Anuncio actualizado el 9 de noviembre,1,0,4.0,0,0,1987,,3 plantas,1,1,83023868,17,,Donostia-San Sebastián,Distrito Añorga," Aingeru Zaindaria Bidea , Distrito Añorga , Donostia-San Sebastián , Donostialdea, Guipúzcoa ",Aingeru Zaindaria Bidea,"Donostialdea, Guipúzcoa",10100,,2019-04-01,3000,0,6.0,0,1,0,False,False,True,False,False,False,False,False,False,False,False,False,False,False,False,False,False,False,False,False,False,False,False,False,False,False,False,False,False,False,False,False,False
Anuncio actualizado el 18 de febrero,0,1,1.0,1,0,,,planta 1ª exterior,0,0,83980356,16,1,Pasaia,euskadi etorbidea," euskadi etorbidea , Pasaia , Donostialdea, Guipúzcoa ",,"Donostialdea, Guipúzcoa",85,73,2019-04-01,810,0,2.0,0,0,0,False,False,True,False,False,False,False,False,False,False,False,True,False,False,False,False,False,False,False,False,False,False,False,False,False,False,False,False,False,False,True,False,False
Anuncio actualizado el 12 de diciembre,0,1,2.0,0,0,,en trámite,planta 2ª exterior,0,0,81607906,16,1,Donostia-San Sebastián,Distrito Antiguo," Calle Matia s/n , Distrito Antiguo , Donostia-San Sebastián , Donostialdea, Guipúzcoa ",Calle Matia s/n,"Donostialdea, Guipúzcoa",85,80,2019-04-01,1600,0,3.0,0,0,0,False,False,True,False,False,False,False,False,False,False,False,True,False,False,False,False,False,False,False,False,False,False,False,False,False,False,False,False,False,False,False,False,False
Anuncio actualizado el 18 de marzo,1,0,2.0,0,0,1960,en trámite,planta 8ª exterior,0,0,82926207,16,1,Donostia-San Sebastián,Distrito Centro-Miraconcha," Calle Zubieta , Barrio Área Romántica , Distrito Centro-Miraconcha , Donostia-San Sebastián , Donostialdea, Guipúzcoa ",Barrio Área Romántica,"Donostialdea, Guipúzcoa",170,158,2019-04-01,2300,0,3.0,0,0,1,False,False,True,False,False,False,False,False,False,False,False,False,False,False,False,False,False,False,False,False,False,False,False,False,False,False,False,False,False,False,False,False,False
Anuncio actualizado el 28 de marzo,0,1,2.0,1,0,1981,,planta 2ª exterior,1,0,83764223,16,1,Donostia-San Sebastián,Distrito Gros," Paseo de francia, 1 , Distrito Gros , Donostia-San Sebastián , Donostialdea, Guipúzcoa ","Paseo de francia, 1","Donostialdea, Guipúzcoa",110,95,2019-04-01,1700,1,2.0,0,0,0,False,False,True,False,False,False,False,False,False,False,False,True,False,False,False,False,False,False,False,False,False,False,False,False,False,False,False,True,False,False,False,False,False
Anuncio actualizado el 27 de marzo,0,1,1.0,1,0,1976,en trámite,planta 8ª exterior,0,0,84818759,16,1,Donostia-San Sebastián,Distrito Altza-Bidebieta," LARRATXO , Barrio Altza , Distrito Altza-Bidebieta , Donostia-San Sebastián , Donostialdea, Guipúzcoa ",Barrio Altza,"Donostialdea, Guipúzcoa",80,73,2019-04-01,800,0,3.0,1,0,0,False,False,True,False,False,False,False,False,False,False,False,False,False,False,False,False,False,False,False,False,False,False,False,False,False,False,False,True,False,False,False,False,False
Anuncio actualizado el 18 de marzo,0,0,4.0,1,0,,en trámite,exterior,0,0,82917642,16,1,Donostia-San Sebastián,Distrito Antiguo," Del Faro Ibilbidea, 22 , Distrito Antiguo , Donostia-San Sebastián , Donostialdea, Guipúzcoa ","Del Faro Ibilbidea, 22","Donostialdea, Guipúzcoa",103,90,2019-04-01,2200,0,3.0,0,0,0,False,False,True,False,False,False,False,False,False,False,False,False,False,False,False,False,False,False,False,False,False,False,False,False,False,False,False,False,False,False,True,False,False
Anuncio actualizado el 18 de marzo,0,1,3.0,1,0,,en trámite,exterior,0,0,83561516,16,1,Donostia-San Sebastián,Distrito Gros," Ramón María Lili Pasealekua, 9 , Distrito Gros , Donostia-San Sebastián , Donostialdea, Guipúzcoa ","Ramón María Lili Pasealekua, 9","Donostialdea, Guipúzcoa",160,139,2019-04-01,3600,0,4.0,0,0,1,False,False,True,False,False,False,False,True,False,False,False,False,False,False,False,False,False,False,False,False,False,False,False,False,False,False,False,True,False,False,False,False,False
Anuncio actualizado el 18 de marzo,0,1,2.0,1,0,,en trámite,exterior,0,0,83561518,16,1,Donostia-San Sebastián,Distrito Egia," Urumea Pasealekua, 13 , Distrito Egia , Donostia-San Sebastián , Donostialdea, Guipúzcoa ","Urumea Pasealekua, 13","Donostialdea, Guipúzcoa",100,82,2019-04-01,1550,0,3.0,0,1,1,False,False,True,False,False,False,False,False,False,False,False,False,False,False,False,False,False,False,False,False,False,False,False,False,False,False,False,True,False,False,False,False,False
Anuncio actualizado el 18 de marzo,0,0,3.0,1,0,,en trámite,exterior,0,0,83561532,16,1,Donostia-San Sebastián,Distrito Parte Vieja," Calle Enbeltran, 14 -16 , Distrito Parte Vieja , Donostia-San Sebastián , Donostialdea, Guipúzcoa ","Calle Enbeltran, 14 -16","Donostialdea, Guipúzcoa",115,100,2019-04-01,1800,0,4.0,0,0,0,False,False,True,False,False,False,False,True,False,False,False,False,False,False,False,False,False,False,False,False,False,False,False,False,False,False,False,False,False,False,False,False,False
Anuncio actualizado el 18 de marzo,0,1,2.0,1,0,,en trámite,exterior,0,0,83561533,16,1,Donostia-San Sebastián,Distrito Centro-Miraconcha," Calle Amara, 20 , Barrio Amara Zaharra-Arbaizenea , Distrito Centro-Miraconcha , Donostia-San Sebastián , Donostialdea, Guipúzcoa ",Barrio Amara Zaharra-Arbaizenea,"Donostialdea, Guipúzcoa",72,62,2019-04-01,1350,0,2.0,0,0,1,False,False,True,False,True,False,False,False,False,False,False,False,False,False,False,False,False,True,False,False,False,False,False,False,False,False,False,False,False,False,False,False,False
Anuncio actualizado el 18 de marzo,0,1,3.0,1,0,,en trámite,exterior,0,0,83592022,16,1,Donostia-San Sebastián,Distrito Centro-Miraconcha," Calle San Martin, 29 , Barrio Área Romántica , Distrito Centro-Miraconcha , Donostia-San Sebastián , Donostialdea, Guipúzcoa ",Barrio Área Romántica,"Donostialdea, Guipúzcoa",90,83,2019-04-01,1800,0,3.0,0,0,1,False,False,True,False,False,False,False,True,False,False,False,False,False,False,False,False,False,False,False,True,False,False,False,False,False,False,False,False,False,False,False,False,False
Anuncio actualizado el 18 de marzo,0,1,1.0,1,0,,en trámite,exterior,0,0,83592023,16,1,Donostia-San Sebastián,Distrito Gros," Zurríola Hiribidea, 24 , Distrito Gros , Donostia-San Sebastián , Donostialdea, Guipúzcoa ","Zurríola Hiribidea, 24","Donostialdea, Guipúzcoa",120,98,2019-04-01,2200,0,2.0,0,0,1,False,False,True,False,False,False,False,True,False,False,False,False,False,False,False,False,False,False,False,True,False,False,False,False,False,False,False,False,False,False,False,False,False
Anuncio actualizado el 18 de marzo,0,0,3.0,1,0,,en trámite,exterior,0,0,83592028,16,1,Donostia-San Sebastián,Distrito Parte Vieja," Calle Enbeltran, 14 -16 , Distrito Parte Vieja , Donostia-San Sebastián , Donostialdea, Guipúzcoa ","Calle Enbeltran, 14 -16","Donostialdea, Guipúzcoa",150,138,2019-04-01,1800,0,4.0,0,0,0,False,False,True,False,False,False,False,True,False,False,False,False,False,False,False,False,False,False,False,False,True,False,False,False,False,False,False,False,False,False,False,False,False
Anuncio actualizado el 25 de marzo,0,0,2.0,0,0,1900,,planta 5ª,0,0,83907316,16,1,Donostia-San Sebastián,Distrito Centro-Miraconcha," Calle Hernani, 7 , Barrio Área Romántica , Distrito Centro-Miraconcha , Donostia-San Sebastián , Donostialdea, Guipúzcoa ",Barrio Área Romántica,"Donostialdea, Guipúzcoa",242,214,2019-04-01,2400,0,4.0,1,0,0,False,False,False,True,False,False,False,False,False,False,False,False,False,False,False,False,False,False,False,False,False,False,False,False,False,False,False,True,False,False,False,False,False
Anuncio actualizado el 18 de marzo,0,1,2.0,1,0,,en trámite,interior,0,0,84480168,21,1,Donostia-San Sebastián,Distrito Centro-Miraconcha," Calle Urbieta, 10 -16 , Barrio Área Romántica , Distrito Centro-Miraconcha , Donostia-San Sebastián , Donostialdea, Guipúzcoa ",Barrio Área Romántica,"Donostialdea, Guipúzcoa",80,74,2019-04-01,1450,0,2.0,0,0,1,False,False,True,False,False,False,False,False,False,False,False,False,False,False,False,False,False,False,False,False,False,False,False,False,False,False,False,False,False,False,False,False,False
Anuncio actualizado el 30 de marzo,0,0,2.0,1,0,1954,en trámite,planta 7ª exterior,0,0,84554078,21,1,Donostia-San Sebastián,Distrito Gros," , Distrito Gros , Donostia-San Sebastián , Donostialdea, Guipúzcoa ",,"Donostialdea, Guipúzcoa",100,95,2019-04-01,1250,0,3.0,1,0,1,False,False,True,False,False,False,False,False,False,False,False,False,False,False,False,False,False,False,False,False,False,False,False,False,False,False,False,False,False,True,False,False,False
Anuncio actualizado el 22 de marzo,0,0,2.0,1,0,2018,,planta 1ª exterior,0,0,82274035,16,1,Irun,Distrito Centro - Mendibil - Santiago," Plaza Istillaga , Distrito Centro - Mendibil - Santiago , Irun , Bajo Bidasoa, Guipúzcoa ",Plaza Istillaga,"Bajo Bidasoa, Guipúzcoa",62,55,2019-04-01,950,1,2.0,0,0,1,False,False,True,False,False,False,False,True,False,False,False,False,False,False,False,False,False,False,False,False,False,False,False,False,False,False,False,True,False,False,False,False,False
Anuncio actualizado el 28 de marzo,0,1,2.0,1,0,2004,en trámite,planta 3ª exterior,0,0,84847229,18,1,Irun,Distrito Centro - Mendibil - Santiago," Papinea Kalea, Irún , Distrito Centro - Mendibil - Santiago , Irun , Bajo Bidasoa, Guipúzcoa ","Papinea Kalea, Irún","Bajo Bidasoa, Guipúzcoa",90,85,2019-04-01,800,0,3.0,0,0,0,False,False,True,False,False,False,False,False,False,False,False,True,False,False,False,False,False,False,False,False,False,False,False,False,False,False,False,False,False,True,False,False,False
Anuncio actualizado el 13 de febrero,1,0,1.0,1,0,,,planta 7ª exterior,0,0,84153777,21,1,Donostia-San Sebastián,Distrito Centro-Miraconcha," Loiola , Barrio Área Romántica , Distrito Centro-Miraconcha , Donostia-San Sebastián , Donostialdea, Guipúzcoa ",Barrio Área Romántica,"Donostialdea, Guipúzcoa",42,,2019-04-01,950,0,1.0,0,0,0,False,False,True,False,False,False,False,False,False,False,False,False,False,False,False,False,False,False,False,False,False,False,False,False,False,True,False,False,False,False,False,False,False
Anuncio actualizado el 9 de febrero,0,0,3.0,1,0,,,,1,1,36137694,22,,Donostia-San Sebastián,Distrito Ibaeta," Calle Jose de Artetxe , Distrito Ibaeta , Donostia-San Sebastián , Donostialdea, Guipúzcoa ",Calle Jose de Artetxe,"Donostialdea, Guipúzcoa",252,,2019-04-01,1800,0,4.0,1,1,1,False,False,True,False,False,False,False,False,False,False,False,False,False,False,False,False,False,False,False,False,True,False,False,False,False,False,False,False,False,False,False,False,False
Anuncio actualizado el 5 de febrero,0,0,1.0,1,0,,,planta 2ª exterior,0,0,84040943,16,1,Donostia-San Sebastián,Distrito Centro-Miraconcha," Zubieta , Barrio Área Romántica , Distrito Centro-Miraconcha , Donostia-San Sebastián , Donostialdea, Guipúzcoa ",Barrio Área Romántica,"Donostialdea, Guipúzcoa",45,43,2019-04-01,1250,0,1.0,0,0,1,False,False,True,False,False,False,False,False,False,False,False,True,False,False,False,False,False,False,False,False,False,False,False,False,False,False,False,False,False,False,False,False,False
Anuncio actualizado el 29 de marzo,0,0,1.0,1,0,,,planta 2ª exterior,0,0,84327775,16,1,Donostia-San Sebastián,Distrito Centro-Miraconcha," Bengoetxea , Barrio Área Romántica , Distrito Centro-Miraconcha , Donostia-San Sebastián , Donostialdea, Guipúzcoa ",Barrio Área Romántica,"Donostialdea, Guipúzcoa",45,43,2019-04-01,1050,0,1.0,0,0,0,False,False,True,False,False,False,False,False,False,False,False,True,False,False,False,False,False,False,False,False,False,False,False,False,False,False,False,False,False,False,False,False,False
Anuncio actualizado el 29 de marzo,0,0,1.0,1,0,2009,,planta 1ª exterior,1,0,84569337,16,1,Donostia-San Sebastián,Distrito Intxaurrondo," ZUBIAURRE , Distrito Intxaurrondo , Donostia-San Sebastián , Donostialdea, Guipúzcoa ",ZUBIAURRE,"Donostialdea, Guipúzcoa",50,,2019-04-01,800,1,2.0,0,0,0,False,False,True,False,False,False,False,False,False,False,False,True,False,False,False,False,False,False,False,False,False,False,False,False,False,False,False,False,False,False,False,False,True
Anuncio actualizado el 18 de marzo,0,0,2.0,1,0,2011,,planta 2ª exterior,1,0,84553466,16,1,Astigarraga,Plaza txokotxo," Plaza txokotxo , Astigarraga , Donostialdea, Guipúzcoa ",,"Donostialdea, Guipúzcoa",100,85,2019-04-01,950,1,3.0,0,0,1,False,False,True,False,False,False,False,False,False,False,False,True,False,False,False,False,False,False,False,False,False,False,False,False,False,False,False,False,False,False,True,False,False
Anuncio actualizado el 12 de marzo,0,0,1.0,1,0,2005,,planta 3ª exterior,1,0,84626882,21,1,Pasaia,Calle donibane," Calle donibane , Pasaia , Donostialdea, Guipúzcoa ",,"Donostialdea, Guipúzcoa",54,43,2019-04-01,750,0,1.0,1,0,0,False,False,True,False,False,False,False,False,False,False,False,True,False,False,False,False,False,False,False,False,False,False,False,False,False,False,False,False,False,False,False,False,False
Anuncio actualizado el 30 de marzo,0,0,3.0,0,0,1959,en trámite,planta 8ª exterior,0,0,39675386,16,1,Donostia-San Sebastián,Distrito Amara," antso jakituna hiribidea , Barrio Amara , Distrito Amara , Donostia-San Sebastián , Donostialdea, Guipúzcoa ",Barrio Amara,"Donostialdea, Guipúzcoa",170,,2019-04-01,3500,0,4.0,0,0,0,False,False,True,False,False,False,False,False,False,False,False,False,False,False,False,False,False,False,False,False,False,False,False,False,False,False,False,False,False,False,False,False,False
Anuncio actualizado el 25 de marzo,0,0,2.0,0,0,,en trámite,bajo exterior,0,0,33092870,18,1,Donostia-San Sebastián,Distrito Antiguo," Calle serrano anguita , Distrito Antiguo , Donostia-San Sebastián , Donostialdea, Guipúzcoa ",Calle serrano anguita,"Donostialdea, Guipúzcoa",130,115,2019-04-01,1700,0,5.0,0,0,0,False,False,True,False,False,False,False,False,False,False,False,False,False,False,False,False,False,False,False,False,False,False,False,False,False,False,False,False,False,False,False,False,False
Anuncio actualizado el 27 de marzo,0,1,1.0,0,0,1920,en trámite,planta 2ª exterior,0,0,39390370,16,1,Donostia-San Sebastián,Distrito Centro-Miraconcha," San Bartolome , Barrio Área Romántica , Distrito Centro-Miraconcha , Donostia-San Sebastián , Donostialdea, Guipúzcoa ",Barrio Área Romántica,"Donostialdea, Guipúzcoa",90,85,2019-04-01,900,0,3.0,0,0,0,False,False,True,False,False,False,False,False,False,False,False,False,False,False,False,False,False,False,False,False,False,False,False,False,False,False,False,False,False,False,False,False,False
Anuncio actualizado el 29 de marzo,0,0,2.0,0,0,1970,en trámite,planta 3ª exterior,0,0,84867298,16,1,Donostia-San Sebastián,Distrito Centro-Miraconcha," Calle Andia, 5 , Barrio Área Romántica , Distrito Centro-Miraconcha , Donostia-San Sebastián , Donostialdea, Guipúzcoa ",Barrio Área Romántica,"Donostialdea, Guipúzcoa",110,95,2019-04-01,2000,0,3.0,0,0,1,False,False,True,False,False,False,False,False,False,False,False,False,False,False,False,False,False,False,False,False,False,False,True,False,False,False,False,False,False,False,False,False,False
Anuncio actualizado el 4 de marzo,0,0,1.0,0,0,,,planta 6ª exterior,0,0,35413393,16,1,Donostia-San Sebastián,Distrito Centro-Miraconcha," Etxaide , Barrio Área Romántica , Distrito Centro-Miraconcha , Donostia-San Sebastián , Donostialdea, Guipúzcoa ",Barrio Área Romántica,"Donostialdea, Guipúzcoa",48,,2019-04-01,960,0,1.0,0,0,0,False,False,True,False,False,False,False,False,False,False,False,False,False,False,False,False,False,False,False,False,True,False,False,False,False,False,False,False,False,False,False,False,False
Anuncio actualizado el 11 de marzo,0,0,1.0,0,0,,en trámite,planta 4ª exterior,0,0,84592903,16,1,Donostia-San Sebastián,Distrito Ibaeta," Avenida Zarautz , Distrito Ibaeta , Donostia-San Sebastián , Donostialdea, Guipúzcoa ",Avenida Zarautz,"Donostialdea, Guipúzcoa",46,,2019-04-01,950,0,1.0,0,0,1,False,False,True,False,False,True,False,False,False,False,False,False,False,False,False,False,False,False,False,False,False,False,False,False,False,False,False,False,False,False,False,False,False
Anuncio actualizado el 22 de marzo,0,0,1.0,0,0,,,planta 2ª exterior,0,0,84690691,16,1,Donostia-San Sebastián,Distrito Centro-Miraconcha," Santa Catalina , Barrio Área Romántica , Distrito Centro-Miraconcha , Donostia-San Sebastián , Donostialdea, Guipúzcoa ",Barrio Área Romántica,"Donostialdea, Guipúzcoa",58,,2019-04-01,990,0,1.0,0,0,0,False,False,True,False,False,False,False,False,False,False,False,True,False,False,False,False,False,False,False,False,False,False,False,False,False,False,False,False,False,False,False,False,False
Anuncio actualizado el 5 de marzo,0,0,2.0,0,0,1993,en trámite,planta 1ª exterior,1,1,84034445,16,1,Donostia-San Sebastián,Distrito Centro-Miraconcha," Beloka Pasealekua , Barrio Amara Zaharra-Arbaizenea , Distrito Centro-Miraconcha , Donostia-San Sebastián , Donostialdea, Guipúzcoa ",Barrio Amara Zaharra-Arbaizenea,"Donostialdea, Guipúzcoa",90,77,2019-04-01,1400,0,2.0,1,1,1,False,False,True,False,False,False,False,False,False,False,False,False,False,False,False,False,False,True,False,False,False,False,False,False,False,False,False,False,False,False,False,False,False
Anuncio actualizado el 6 de febrero,0,0,1.0,1,0,2005,,planta 7ª exterior,0,0,84173962,16,1,Donostia-San Sebastián,Distrito Centro-Miraconcha," Calle Loyola s/n , Barrio Área Romántica , Distrito Centro-Miraconcha , Donostia-San Sebastián , Donostialdea, Guipúzcoa ",Barrio Área Romántica,"Donostialdea, Guipúzcoa",50,42,2019-04-01,950,0,1.0,0,0,0,False,False,True,False,False,False,False,False,False,True,False,False,False,False,False,False,False,False,False,False,False,False,False,False,False,False,False,False,False,False,False,False,False
Anuncio actualizado el 1 de enero,0,1,2.0,1,0,,,planta 1ª exterior,0,0,82731347,16,1,Donostia-San Sebastián,Distrito Centro-Miraconcha," Calle San Marcial s/n , Barrio Área Romántica , Distrito Centro-Miraconcha , Donostia-San Sebastián , Donostialdea, Guipúzcoa ",Barrio Área Romántica,"Donostialdea, Guipúzcoa",120,110,2019-04-01,1400,0,3.0,0,0,1,False,False,True,False,False,False,False,False,False,True,False,False,False,False,False,False,False,False,False,False,False,False,False,True,False,False,False,False,False,False,False,False,False
Anuncio actualizado el 12 de marzo,0,0,1.0,0,0,,en trámite,planta 4ª exterior,1,0,84531502,16,1,Donostia-San Sebastián,Distrito Ibaeta," Arriola Pasealekua , Distrito Ibaeta , Donostia-San Sebastián , Donostialdea, Guipúzcoa ",Arriola Pasealekua,"Donostialdea, Guipúzcoa",72,65,2019-04-01,950,0,2.0,1,0,1,False,False,True,False,False,False,False,False,False,False,False,False,False,False,False,False,False,True,False,False,False,False,False,False,False,False,False,False,False,False,False,False,False
Anuncio actualizado el 18 de febrero,0,0,2.0,1,0,,,planta 2ª interior,0,0,81569822,16,1,Donostia-San Sebastián,Distrito Centro-Miraconcha," , Barrio Área Romántica , Distrito Centro-Miraconcha , Donostia-San Sebastián , Donostialdea, Guipúzcoa ",Barrio Área Romántica,"Donostialdea, Guipúzcoa",75,65,2019-04-01,1400,0,2.0,0,0,0,False,False,True,False,False,False,False,False,False,False,False,False,False,False,False,False,False,False,False,False,False,False,False,False,False,False,False,False,False,False,False,False,False
Anuncio actualizado el 9 de marzo,0,0,2.0,1,0,,en trámite,planta 1ª exterior,0,0,83591860,16,0,Donostia-San Sebastián,Distrito Parte Vieja," Calle campanario , Urb. Parte vieja , Distrito Parte Vieja , Donostia-San Sebastián , Donostialdea, Guipúzcoa ",Urb. Parte vieja,"Donostialdea, Guipúzcoa",110,100,2019-04-01,2500,0,4.0,0,0,0,False,False,True,False,False,False,False,False,False,False,False,True,False,False,False,False,False,False,False,False,False,False,True,False,False,False,False,False,False,False,False,False,False
Anuncio actualizado el 13 de marzo,0,0,1.0,1,0,2000,en trámite,planta 2ª exterior,0,0,35144215,20,1,Donostia-San Sebastián,Distrito Ibaeta," portuetxe, 59 , Distrito Ibaeta , Donostia-San Sebastián , Donostialdea, Guipúzcoa ","portuetxe, 59","Donostialdea, Guipúzcoa",60,55,2019-04-01,750,1,0.0,0,0,0,False,False,True,False,False,False,False,False,False,False,False,False,False,False,False,False,False,True,False,False,False,False,False,False,False,False,False,False,False,False,False,False,False
Anuncio actualizado el 8 de enero,0,1,2.0,1,0,1993,,planta 1ª exterior,1,1,83762623,16,1,Donostia-San Sebastián,Distrito Centro-Miraconcha," Calle Aldapeta Galtzada s/n , Barrio Amara Zaharra-Arbaizenea , Distrito Centro-Miraconcha , Donostia-San Sebastián , Donostialdea, Guipúzcoa ",Barrio Amara Zaharra-Arbaizenea,"Donostialdea, Guipúzcoa",90,78,2019-04-01,1400,1,2.0,1,1,1,False,False,True,False,False,False,False,False,False,False,False,True,False,False,False,False,False,False,False,False,False,False,False,False,False,False,False,False,False,False,True,False,False
Anuncio actualizado el 27 de marzo,0,0,2.0,1,0,,,planta 2ª exterior,0,0,28634469,16,1,Donostia-San Sebastián,Distrito Egia," Paseo Francia , Distrito Egia , Donostia-San Sebastián , Donostialdea, Guipúzcoa ",Paseo Francia,"Donostialdea, Guipúzcoa",85,80,2019-04-01,1200,1,2.0,0,0,1,False,False,True,False,False,False,False,False,False,False,False,True,False,False,False,False,False,False,True,False,False,False,False,False,False,False,False,False,False,False,False,False,False
Anuncio actualizado el 8 de marzo,0,0,2.0,0,0,,,planta 2ª exterior,0,0,81569815,16,1,Donostia-San Sebastián,Distrito Centro-Miraconcha," , Barrio Área Romántica , Distrito Centro-Miraconcha , Donostia-San Sebastián , Donostialdea, Guipúzcoa ",Barrio Área Romántica,"Donostialdea, Guipúzcoa",74,64,2019-04-01,1600,0,2.0,0,0,0,False,False,True,False,False,False,False,False,False,False,False,False,False,False,False,False,False,False,False,False,False,False,False,False,False,False,False,False,False,False,False,False,False
Anuncio actualizado el 26 de febrero,0,1,1.0,1,0,,no indicado,planta 2ª exterior,0,0,31256386,16,1,Donostia-San Sebastián,Distrito Centro-Miraconcha," Calle prim , Barrio Área Romántica , Distrito Centro-Miraconcha , Donostia-San Sebastián , Donostialdea, Guipúzcoa ",Barrio Área Romántica,"Donostialdea, Guipúzcoa",45,,2019-04-01,900,0,1.0,0,0,0,False,False,True,False,False,False,False,False,False,False,False,False,False,False,False,False,False,False,False,False,False,False,False,False,False,False,False,False,False,False,False,False,False
Anuncio actualizado el 26 de febrero,0,0,2.0,1,0,,,planta 2ª exterior,0,0,82270932,16,1,Donostia-San Sebastián,Distrito Centro-Miraconcha," Hondarribia , Barrio Área Romántica , Distrito Centro-Miraconcha , Donostia-San Sebastián , Donostialdea, Guipúzcoa ",Barrio Área Romántica,"Donostialdea, Guipúzcoa",89,84,2019-04-01,1900,1,2.0,1,0,0,False,False,True,False,False,False,False,False,False,False,False,True,False,False,False,False,False,False,False,False,False,False,False,False,False,False,False,True,False,False,False,False,False
Anuncio actualizado el 28 de diciembre,0,0,4.0,0,0,1966,,planta 1ª exterior,0,0,82246815,16,1,Donostia-San Sebastián,Distrito Centro-Miraconcha," , Barrio Área Romántica , Distrito Centro-Miraconcha , Donostia-San Sebastián , Donostialdea, Guipúzcoa ",Barrio Área Romántica,"Donostialdea, Guipúzcoa",230,200,2019-04-01,2500,0,4.0,0,0,1,False,False,True,False,False,False,False,False,False,False,False,False,False,False,False,False,False,False,False,False,False,False,False,False,False,False,False,False,False,False,False,False,False
Anuncio actualizado el 27 de marzo,0,0,1.0,0,0,,no indicado,planta 5ª exterior,0,0,84835523,16,1,Donostia-San Sebastián,Distrito Centro-Miraconcha," Calle orvieta, 3 , Barrio Área Romántica , Distrito Centro-Miraconcha , Donostia-San Sebastián , Donostialdea, Guipúzcoa ",Barrio Área Romántica,"Donostialdea, Guipúzcoa",65,,2019-04-01,1500,0,2.0,0,0,0,False,False,True,False,False,False,False,False,False,False,False,False,False,False,False,False,False,False,False,False,False,False,False,False,False,False,False,False,False,False,False,False,False
Anuncio actualizado el 21 de marzo,0,1,2.0,0,0,,en trámite,planta 7ª exterior,0,0,84743091,16,1,Donostia-San Sebastián,Distrito Centro-Miraconcha," , Barrio Área Romántica , Distrito Centro-Miraconcha , Donostia-San Sebastián , Donostialdea, Guipúzcoa ",Barrio Área Romántica,"Donostialdea, Guipúzcoa",60,,2019-04-01,950,0,2.0,0,0,0,False,False,True,False,False,False,False,False,False,False,False,False,False,False,False,False,False,False,False,False,False,False,False,False,False,False,False,True,False,False,False,False,False
Anuncio actualizado el 27 de marzo,0,1,2.0,1,0,,en trámite,planta 7ª exterior,0,0,84801567,16,1,Donostia-San Sebastián,Distrito Amara," CARLOS I , Barrio Amara , Distrito Amara , Donostia-San Sebastián , Donostialdea, Guipúzcoa ",Barrio Amara,"Donostialdea, Guipúzcoa",80,70,2019-04-01,900,0,2.0,0,0,0,False,False,True,False,False,True,False,False,False,False,False,False,False,False,False,False,False,False,False,False,False,False,False,False,False,False,False,True,False,False,False,False,False
Anuncio actualizado el 25 de marzo,0,0,3.0,1,0,,en trámite,entreplanta exterior,0,0,84802763,16,1,Donostia-San Sebastián,Distrito Centro-Miraconcha," Plaza gipuzkoa , Barrio Área Romántica , Distrito Centro-Miraconcha , Donostia-San Sebastián , Donostialdea, Guipúzcoa ",Barrio Área Romántica,"Donostialdea, Guipúzcoa",185,180,2019-04-01,2000,0,5.0,0,0,1,False,False,True,False,False,False,False,False,False,False,False,True,False,False,False,False,False,False,False,False,False,False,False,False,False,False,False,False,False,False,False,False,False
Anuncio actualizado el 26 de marzo,0,0,3.0,1,0,1966,no indicado,planta 1ª exterior,0,0,32462731,16,1,Donostia-San Sebastián,Distrito Centro-Miraconcha," Calle hernani , Barrio Área Romántica , Distrito Centro-Miraconcha , Donostia-San Sebastián , Donostialdea, Guipúzcoa ",Barrio Área Romántica,"Donostialdea, Guipúzcoa",170,155,2019-04-01,2800,0,3.0,0,0,0,False,False,True,False,False,False,False,False,False,False,False,False,False,False,False,False,False,False,False,False,False,False,False,False,False,False,False,False,False,False,False,False,False
Anuncio actualizado el 27 de marzo,0,1,2.0,1,0,,,planta 4ª exterior,0,0,84806816,16,1,Donostia-San Sebastián,Distrito Gros," Calle José Arana, 13 , Distrito Gros , Donostia-San Sebastián , Donostialdea, Guipúzcoa ","Calle José Arana, 13","Donostialdea, Guipúzcoa",82,75,2019-04-01,1150,0,3.0,0,0,1,False,False,True,False,False,False,False,False,False,False,False,False,False,False,False,False,False,False,False,False,False,False,True,False,False,False,False,False,False,False,False,False,False
Anuncio actualizado el 26 de marzo,0,0,1.0,1,0,,en trámite,planta 2ª exterior,0,0,84818307,16,1,Donostia-San Sebastián,Distrito Amara," autonomia , Barrio Amara , Distrito Amara , Donostia-San Sebastián , Donostialdea, Guipúzcoa ",Barrio Amara,"Donostialdea, Guipúzcoa",75,70,2019-04-01,900,0,2.0,0,0,0,False,False,True,False,False,False,False,True,False,False,False,False,False,False,False,False,False,False,False,False,False,False,False,False,False,False,False,False,False,True,False,False,False
Anuncio actualizado el 26 de marzo,0,1,1.0,1,0,1965,en trámite,planta 4ª exterior,0,0,84819149,16,1,Donostia-San Sebastián,Distrito Egia," Tejería , Distrito Egia , Donostia-San Sebastián , Donostialdea, Guipúzcoa ",Tejería,"Donostialdea, Guipúzcoa",70,67,2019-04-01,900,0,3.0,0,0,0,False,False,True,False,False,False,False,False,False,True,False,False,False,False,False,False,False,False,False,False,False,False,False,False,False,False,False,False,False,True,False,False,False
Anuncio actualizado el 26 de marzo,0,0,1.0,1,0,,en trámite,planta 1ª exterior,0,0,84819740,16,0,Renteria / Errenteria,Distrito Capuchinos - Galtzaraborda," Parque , Distrito Capuchinos - Galtzaraborda , Renteria / Errenteria , Donostialdea, Guipúzcoa ",Parque,"Donostialdea, Guipúzcoa",50,48,2019-04-01,690,0,1.0,0,0,0,False,False,True,False,False,False,False,False,False,True,False,False,False,False,False,False,False,False,False,True,False,False,False,False,False,False,False,False,False,False,False,False,False
Anuncio actualizado el 28 de marzo,0,1,1.0,1,0,2002,en trámite,planta 1ª exterior,0,0,84844304,16,1,Hondarribia,"Eguzki, 1"," Eguzki, 1 , Hondarribia , Bajo Bidasoa, Guipúzcoa ",,"Bajo Bidasoa, Guipúzcoa",52,50,2019-04-01,700,0,1.0,0,0,0,False,False,True,False,False,False,False,True,False,False,False,False,False,False,False,False,False,False,False,False,False,False,False,False,False,False,False,True,False,False,False,False,False
Anuncio actualizado el 28 de marzo,0,1,1.0,0,0,,,planta 4ª exterior,0,0,82388625,16,1,Donostia-San Sebastián,Distrito Centro-Miraconcha," Calle Moraza, 1 , Barrio Área Romántica , Distrito Centro-Miraconcha , Donostia-San Sebastián , Donostialdea, Guipúzcoa ",Barrio Área Romántica,"Donostialdea, Guipúzcoa",41,40,2019-04-01,1100,0,1.0,0,0,0,False,False,True,False,False,False,False,False,False,False,False,False,False,False,False,False,False,False,False,False,False,False,False,False,False,False,False,True,False,False,False,False,False
Anuncio actualizado el 29 de marzo,0,0,3.0,0,0,,,planta 5ª exterior,0,0,82473506,18,1,Beasain,"Calle San Inazio, 14"," Calle San Inazio, 14 , Beasain , Goierri, Guipúzcoa ",,"Goierri, Guipúzcoa",138,120,2019-04-01,850,0,3.0,0,0,1,False,False,True,False,False,False,False,False,False,False,False,False,False,False,False,False,False,False,False,False,False,False,True,False,False,False,False,False,False,False,False,False,False
Anuncio actualizado el 29 de marzo,0,1,2.0,0,0,,en trámite,planta 1ª exterior,0,0,84854654,16,1,Donostia-San Sebastián,Distrito Centro-Miraconcha," Calle San Bartolome, 33 , Barrio Área Romántica , Distrito Centro-Miraconcha , Donostia-San Sebastián , Donostialdea, Guipúzcoa ",Barrio Área Romántica,"Donostialdea, Guipúzcoa",120,,2019-04-01,1550,0,3.0,0,0,0,False,False,True,False,False,False,False,False,False,False,False,False,False,False,False,False,False,False,False,False,False,False,False,False,False,False,False,False,False,False,False,False,False
Anuncio actualizado el 29 de marzo,0,1,2.0,1,0,2006,,planta 4ª exterior,1,0,84862431,18,1,Astigarraga,Urb. CENTRO," NAGUSIA , Urb. CENTRO , Astigarraga , Donostialdea, Guipúzcoa ",NAGUSIA,"Donostialdea, Guipúzcoa",126,110,2019-04-01,1200,1,3.0,1,0,0,False,False,True,False,False,False,False,False,False,False,False,True,False,False,False,False,False,False,False,False,False,False,True,False,False,False,False,False,False,False,False,False,False
Anuncio actualizado el 29 de marzo,0,1,1.0,1,0,,en trámite,planta 1ª exterior,0,0,84866029,16,0,Irun,Distrito Pinar - Anaka - Belaskoenea," , Distrito Pinar - Anaka - Belaskoenea , Irun , Bajo Bidasoa, Guipúzcoa ",,"Bajo Bidasoa, Guipúzcoa",65,58,2019-04-01,720,0,2.0,0,0,0,False,False,True,False,False,False,False,False,False,False,False,False,True,False,False,False,False,True,False,False,False,False,False,False,False,False,False,False,False,False,False,False,False
Anuncio actualizado el 29 de marzo,0,0,2.0,0,0,,en trámite,planta 1ª exterior,0,0,84870377,16,1,Donostia-San Sebastián,Distrito Centro-Miraconcha," San Bartolomé , Barrio Área Romántica , Distrito Centro-Miraconcha , Donostia-San Sebastián , Donostialdea, Guipúzcoa ",Barrio Área Romántica,"Donostialdea, Guipúzcoa",130,120,2019-04-01,1550,0,3.0,0,0,0,False,False,True,False,False,False,False,False,False,False,False,True,False,False,False,False,False,False,False,False,False,False,False,False,False,False,False,False,False,False,False,False,False
Anuncio actualizado el 30 de marzo,0,0,2.0,0,0,1960,no indicado,,1,0,84873493,16,1,Hondarribia,," , Hondarribia , Bajo Bidasoa, Guipúzcoa ",,"Bajo Bidasoa, Guipúzcoa",97,84,2019-04-01,1150,0,3.0,0,0,1,False,False,False,False,False,False,False,False,False,False,False,False,False,False,False,False,False,False,False,False,False,False,False,False,False,False,False,False,False,False,False,False,False
Anuncio actualizado el 30 de marzo,0,0,1.0,0,0,1900,no indicado,,0,0,32676935,16,,Donostia-San Sebastián,Distrito Parte Vieja," General Jauregi Kalea , Distrito Parte Vieja , Donostia-San Sebastián , Donostialdea, Guipúzcoa ",General Jauregi Kalea,"Donostialdea, Guipúzcoa",62,,2019-04-01,1200,0,2.0,0,0,0,False,False,False,False,False,False,False,False,False,False,False,False,False,False,False,False,False,False,False,False,False,False,False,False,False,False,False,False,False,False,False,False,False
Anuncio actualizado el 30 de marzo,0,0,1.0,0,0,,,planta 1ª,0,0,34812776,16,1,Donostia-San Sebastián,Distrito Centro-Miraconcha," , Barrio Amara Zaharra-Arbaizenea , Distrito Centro-Miraconcha , Donostia-San Sebastián , Donostialdea, Guipúzcoa ",Barrio Amara Zaharra-Arbaizenea,"Donostialdea, Guipúzcoa",45,40,2019-04-01,900,0,1.0,0,0,0,False,False,False,False,False,False,False,False,False,False,False,False,False,False,False,False,False,False,False,False,False,False,False,False,False,False,False,False,False,False,False,False,False
Anuncio actualizado el 31 de marzo,1,1,2.0,1,0,,en trámite,planta 1ª exterior,1,0,1120889,16,1,Donostia-San Sebastián,Distrito Gros," Calle Jose Maria Soroa Kalea, 6 , Distrito Gros , Donostia-San Sebastián , Donostialdea, Guipúzcoa ","Calle Jose Maria Soroa Kalea, 6","Donostialdea, Guipúzcoa",80,78,2019-04-01,650,0,3.0,0,0,0,False,False,True,False,False,False,False,False,False,False,False,True,False,False,False,False,False,False,False,True,False,False,False,False,False,False,False,False,False,False,False,False,False
Anuncio actualizado el 30 de marzo,0,0,1.0,0,0,,,planta 1ª exterior,0,0,32807339,16,0,Donostia-San Sebastián,Distrito Antiguo," Calle juan de garai , Distrito Antiguo , Donostia-San Sebastián , Donostialdea, Guipúzcoa ",Calle juan de garai,"Donostialdea, Guipúzcoa",65,,2019-04-01,1070,0,3.0,0,0,0,False,False,True,False,False,False,False,False,False,False,False,True,False,False,False,False,False,False,False,False,False,False,True,False,False,False,False,False,False,False,False,False,False
Anuncio actualizado el 1 de abril,0,0,1.0,0,0,,en trámite,planta 2ª exterior,0,0,33301743,16,1,Donostia-San Sebastián,Distrito Amara," Avenida de isabel ii , Barrio Amara , Distrito Amara , Donostia-San Sebastián , Donostialdea, Guipúzcoa ",Barrio Amara,"Donostialdea, Guipúzcoa",60,55,2019-04-01,600,0,2.0,0,0,0,False,False,True,False,False,False,False,False,False,False,False,False,False,False,False,False,False,True,False,False,False,False,False,False,False,False,False,False,False,False,False,False,False
Anuncio actualizado el 30 de marzo,0,0,1.0,1,0,,,planta 2ª exterior,0,0,30658596,16,0,Donostia-San Sebastián,Distrito Antiguo," Calle escolta real , Distrito Antiguo , Donostia-San Sebastián , Donostialdea, Guipúzcoa ",Calle escolta real,"Donostialdea, Guipúzcoa",80,,2019-04-01,1050,0,3.0,0,0,0,False,False,True,False,False,False,False,False,False,False,False,False,False,False,False,False,False,False,False,False,False,False,False,False,True,False,False,False,False,False,False,False,False
Anuncio actualizado el 1 de abril,0,0,1.0,0,0,1900,,planta 2ª exterior,0,1,84321598,16,1,Donostia-San Sebastián,Distrito Centro-Miraconcha," , Barrio Área Romántica , Distrito Centro-Miraconcha , Donostia-San Sebastián , Donostialdea, Guipúzcoa ",Barrio Área Romántica,"Donostialdea, Guipúzcoa",50,43,2019-04-01,1050,0,1.0,0,0,1,False,False,True,False,False,False,False,False,False,False,False,False,False,False,False,False,False,False,False,True,False,False,False,False,False,False,False,False,False,False,False,False,False
Anuncio actualizado el 30 de marzo,0,0,2.0,1,0,1998,en trámite,planta 1ª exterior,1,1,39194047,16,1,Donostia-San Sebastián,Distrito Aiete," , Distrito Aiete , Donostia-San Sebastián , Donostialdea, Guipúzcoa ",,"Donostialdea, Guipúzcoa",95,84,2019-04-01,1300,0,3.0,0,0,1,False,False,True,False,False,False,False,False,False,False,False,False,False,False,False,False,False,False,False,False,False,False,False,False,False,False,False,False,False,False,True,False,False
Anuncio actualizado el 5 de marzo,1,0,2.0,0,0,1900,,planta 1ª exterior,0,0,83856542,16,1,Donostia-San Sebastián,Distrito Centro-Miraconcha," , Barrio Área Romántica , Distrito Centro-Miraconcha , Donostia-San Sebastián , Donostialdea, Guipúzcoa ",Barrio Área Romántica,"Donostialdea, Guipúzcoa",100,85,2019-04-01,1400,0,3.0,0,0,1,False,False,True,False,False,False,False,False,False,False,False,False,False,False,False,False,False,False,False,False,True,False,False,False,False,False,False,False,False,False,False,False,False
Anuncio actualizado el 11 de marzo,0,0,1.0,1,0,2019,,planta 1ª exterior,1,0,84396188,16,1,Donostia-San Sebastián,Distrito Amara," , Barrio Riberas , Distrito Amara , Donostia-San Sebastián , Donostialdea, Guipúzcoa ",Barrio Riberas,"Donostialdea, Guipúzcoa",73,,2019-04-01,1180,1,2.0,0,0,1,False,False,True,False,False,False,False,False,False,False,False,True,False,False,False,False,False,False,False,False,False,False,False,False,False,False,False,False,False,True,False,False,False
Anuncio actualizado el 5 de marzo,0,0,1.0,0,0,2008,en trámite,planta 2ª exterior,0,0,84399008,16,1,Donostia-San Sebastián,Distrito Centro-Miraconcha," Calle Garibai , Barrio Área Romántica , Distrito Centro-Miraconcha , Donostia-San Sebastián , Donostialdea, Guipúzcoa ",Barrio Área Romántica,"Donostialdea, Guipúzcoa",90,83,2019-04-01,1100,0,2.0,0,0,1,False,False,True,False,False,False,False,False,False,False,False,False,False,False,False,False,False,False,False,False,False,False,False,False,False,False,False,True,False,False,False,False,False
Anuncio actualizado el 25 de febrero,0,0,2.0,0,0,2019,en trámite,planta 5ª exterior,1,0,84305122,16,1,Donostia-San Sebastián,Distrito Loiola-Martutene," , Distrito Loiola-Martutene , Donostia-San Sebastián , Donostialdea, Guipúzcoa ",,"Donostialdea, Guipúzcoa",87,,2019-04-01,1200,0,3.0,1,1,1,False,False,True,False,False,False,False,False,False,False,False,False,False,False,False,False,False,False,False,False,False,False,False,False,False,False,False,False,False,False,False,False,False
Anuncio actualizado el 6 de marzo,0,0,1.0,0,0,,en trámite,planta 1ª exterior,0,0,84558917,16,1,Donostia-San Sebastián,Distrito Intxaurrondo," , Distrito Intxaurrondo , Donostia-San Sebastián , Donostialdea, Guipúzcoa ",,"Donostialdea, Guipúzcoa",50,,2019-04-01,900,0,2.0,0,0,0,False,False,True,False,False,False,False,False,False,False,False,False,False,False,False,False,False,False,False,False,False,False,False,False,False,False,False,False,False,False,False,False,False
