price,bath_num,room_num,house_type,house_id,m2_real,m2_useful,loc_city,loc_zone,construct_date,garage
212000,3.0,5.0,0,83082391,302,200,Guillena,"Sierra norte, Sevilla",2007,1
280000,3.0,5.0,1,39747404,500,,Almadén de la Plata,"Sierra norte, Sevilla",,1
50000,1.0,2.0,2,81496837,200,,El Pedroso,"Sierra norte, Sevilla",,0
90000,1.0,3.0,2,81791682,200,,Guadalcanal,"Sierra norte, Sevilla",,1
125000,3.0,4.0,3,81884725,120,,Castilblanco de los Arroyos,"Sierra norte, Sevilla",,0
78000,1.0,3.0,3,81928510,150,,La Puebla de los Infantes,"Sierra norte, Sevilla",,0
30000,1.0,2.0,1,82099385,100,,Almadén de la Plata,"Sierra norte, Sevilla",,0
95000,1.0,3.0,2,82119031,134,,Aznalcollar,"Sierra norte, Sevilla",,0
425000,1.0,3.0,4,82612772,15000,,Constantina,"Sierra norte, Sevilla",,0
110000,2.0,4.0,1,82836585,75,,Almadén de la Plata,"Sierra norte, Sevilla",,0
145000,2.0,5.0,5,81845760,800,,Constantina,"Sierra norte, Sevilla",,1
250000,1.0,2.0,5,81919006,30000,,Cazalla de la Sierra,"Sierra norte, Sevilla",,0
85000,2.0,5.0,2,37477539,120,,Castilblanco de los Arroyos,"Sierra norte, Sevilla",,0
95000,1.0,3.0,1,82387079,164,,Aznalcollar,"Sierra norte, Sevilla",,0
16000,1.0,2.0,2,82821786,70,,Guadalcanal,"Sierra norte, Sevilla",,1
380000,3.0,5.0,1,83635448,300,,Cazalla de la Sierra,"Sierra norte, Sevilla",,0
90000,2.0,5.0,2,36676852,124,,El Real de la Jara,"Sierra norte, Sevilla",,0
55000,2.0,4.0,1,82101258,100,,Las Navas de la Concepcion,"Sierra norte, Sevilla",,0
78131,2.0,5.0,1,338528,230,,El Real de la Jara,"Sierra norte, Sevilla",,1
48000,1.0,2.0,2,28979848,120,,Las Navas de la Concepcion,"Sierra norte, Sevilla",,0
90000,1.0,3.0,2,35172125,95,,Castilblanco de los Arroyos,"Sierra norte, Sevilla",,0
19000,1.0,1.0,1,1682351,3000,,Castilblanco de los Arroyos,"Sierra norte, Sevilla",,1
570000,3.0,3.0,1,37545550,860,,El Castillo de las Guardas,"Sierra norte, Sevilla",,1
72000,1.0,3.0,6,35147486,240,,La Puebla de los Infantes,"Sierra norte, Sevilla",,0
79000,3.0,4.0,6,379494,97,87,El Garrobo,"Sierra norte, Sevilla",,1
150000,2.0,4.0,1,26856836,100,150,El Castillo de las Guardas,"Sierra norte, Sevilla",,1
100000,1.0,4.0,2,36849155,195,,El Pedroso,"Sierra norte, Sevilla",,0
100000,2.0,3.0,2,38052790,101,,El Castillo de las Guardas,"Sierra norte, Sevilla",,0
95000,2.0,3.0,6,39159978,180,,El Ronquillo,"Sierra norte, Sevilla",,0
115000,2.0,3.0,5,82602079,1000,,Castilblanco de los Arroyos,"Sierra norte, Sevilla",,0
49000,2.0,2.0,2,39951655,90,70,Cazalla de la Sierra,"Sierra norte, Sevilla",,0
32000,1.0,3.0,7,82686914,150,,El Ronquillo,"Sierra norte, Sevilla",1950,0
95000,1.0,3.0,3,1891471,79,73,Constantina,"Sierra norte, Sevilla",,1
56000,1.0,3.0,3,25508294,100,99,Aznalcollar,"Sierra norte, Sevilla",,0
120000,3.0,3.0,6,28354257,160,110,Gerena,"Sierra norte, Sevilla",,1
185000,1.0,3.0,6,32455309,120,,Guadalcanal,"Sierra norte, Sevilla",,1
36000,1.0,2.0,2,32927847,250,80,El Ronquillo,"Sierra norte, Sevilla",,0
80000,1.0,4.0,1,28188725,300,140,El Pedroso,"Sierra norte, Sevilla",,1
165000,2.0,3.0,2,37478817,280,,Castilblanco de los Arroyos,"Sierra norte, Sevilla",,0
265000,2.0,3.0,1,81876823,10000,,Las Navas de la Concepcion,"Sierra norte, Sevilla",,1
150000,1.0,4.0,8,81993051,200,150,El Castillo de las Guardas,"Sierra norte, Sevilla",,1
75000,1.0,2.0,3,82031805,65,,Cazalla de la Sierra,"Sierra norte, Sevilla",,0
175000,2.0,3.0,6,82655760,30,,Guillena,"Sierra norte, Sevilla",,0
78930,2.0,3.0,3,35969161,105,,Guillena,"Sierra norte, Sevilla",2007,0
77000,1.0,2.0,1,27282833,135,130,El Pedroso,"Sierra norte, Sevilla",,0
36000,1.0,2.0,2,34757364,50,,Constantina,"Sierra norte, Sevilla",,0
140000,2.0,4.0,2,35165829,144,,El Castillo de las Guardas,"Sierra norte, Sevilla",,0
165000,2.0,3.0,1,37513639,190,,Aznalcollar,"Sierra norte, Sevilla",,1
95000,1.0,3.0,3,37517558,90,,Castilblanco de los Arroyos,"Sierra norte, Sevilla",,1
187000,2.0,4.0,1,28994886,8000,,Castilblanco de los Arroyos,"Sierra norte, Sevilla",,0
80000,1.0,3.0,1,35193227,120,90,El Pedroso,"Sierra norte, Sevilla",,1
48000,1.0,2.0,3,39138566,72,,Guillena,"Sierra norte, Sevilla",,0
260000,1.0,2.0,5,82315168,15000,,Guillena,"Sierra norte, Sevilla",,0
350000,2.0,4.0,5,28634627,30000,140,Guadalcanal,"Sierra norte, Sevilla",,0
55000,1.0,2.0,1,1795389,64,60,El Castillo de las Guardas,"Sierra norte, Sevilla",,0
80000,2.0,4.0,6,313071,120,,Cazalla de la Sierra,"Sierra norte, Sevilla",,0
79000,2.0,2.0,6,1976886,80,,Cazalla de la Sierra,"Sierra norte, Sevilla",,0
65000,1.0,1.0,5,29265702,60,55,Castilblanco de los Arroyos,"Sierra norte, Sevilla",,0
105000,3.0,3.0,6,29326908,150,149,Gerena,"Sierra norte, Sevilla",,1
118000,3.0,4.0,6,26119106,105,95,Gerena,"Sierra norte, Sevilla",,1
250000,2.0,4.0,1,30302144,1100,180,Guillena,"Sierra norte, Sevilla",,1
80000,2.0,5.0,1,31003250,2500,,Castilblanco de los Arroyos,"Sierra norte, Sevilla",,0
60000,1.0,1.0,8,32433037,1000,,Castilblanco de los Arroyos,"Sierra norte, Sevilla",,0
90000,2.0,4.0,6,33823593,110,90,Cazalla de la Sierra,"Sierra norte, Sevilla",,0
90000,2.0,3.0,6,34326211,180,160,Gerena,"Sierra norte, Sevilla",,0
120000,2.0,4.0,2,35173848,172,,Almadén de la Plata,"Sierra norte, Sevilla",,0
170000,2.0,4.0,1,402207,60000,,Almadén de la Plata,"Sierra norte, Sevilla",,0
62000,2.0,4.0,6,35241348,50,,El Castillo de las Guardas,"Sierra norte, Sevilla",,0
135000,2.0,4.0,6,35336003,120,,La Puebla de los Infantes,"Sierra norte, Sevilla",,0
100000,2.0,3.0,6,339586,94,,Guillena,"Sierra norte, Sevilla",,0
60000,2.0,3.0,6,25778949,88,83,El Pedroso,"Sierra norte, Sevilla",,0
75000,1.0,3.0,8,37300237,1700,,Guillena,"Sierra norte, Sevilla",,0
75000,1.0,3.0,2,37487927,130,,Aznalcollar,"Sierra norte, Sevilla",,0
70000,2.0,3.0,1,37528724,121,,Constantina,"Sierra norte, Sevilla",,1
95000,1.0,3.0,2,37562298,100,,Aznalcollar,"Sierra norte, Sevilla",,0
130000,1.0,5.0,2,37577058,200,,Castilblanco de los Arroyos,"Sierra norte, Sevilla",,0
250000,2.0,4.0,2,37587446,200,,Aznalcollar,"Sierra norte, Sevilla",,0
100000,1.0,2.0,2,37682174,170,,El Garrobo,"Sierra norte, Sevilla",,0
65000,1.0,3.0,2,30775035,125,,Guadalcanal,"Sierra norte, Sevilla",,0
150000,2.0,6.0,1,38068231,332,,Cazalla de la Sierra,"Sierra norte, Sevilla",,1
90000,2.0,4.0,2,38560817,170,,Aznalcollar,"Sierra norte, Sevilla",,0
132000,3.0,4.0,6,39290703,150,,Gerena,"Sierra norte, Sevilla",,1
110000,2.0,3.0,8,40399302,125,120,Cazalla de la Sierra,"Sierra norte, Sevilla",,1
240000,2.0,3.0,5,40480690,55000,,Gerena,"Sierra norte, Sevilla",,0
100000,2.0,3.0,3,36141506,120,100,Constantina,"Sierra norte, Sevilla",,0
65000,1.0,3.0,2,82045355,80,,Almadén de la Plata,"Sierra norte, Sevilla",,0
215000,1.0,3.0,5,82056162,105,,El Madroño,"Sierra norte, Sevilla",,0
180000,2.0,2.0,1,82430175,150,,Guillena,"Sierra norte, Sevilla",,0
45000,1.0,2.0,2,82501594,60,,Constantina,"Sierra norte, Sevilla",,0
72000,1.0,3.0,6,82539721,120,,El Pedroso,"Sierra norte, Sevilla",,0
26000,2.0,4.0,5,82540906,1550,,Castilblanco de los Arroyos,"Sierra norte, Sevilla",,0
125000,3.0,5.0,2,34245532,216,,Las Navas de la Concepcion,"Sierra norte, Sevilla",,0
210000,1.0,4.0,1,37199569,1200,,El Castillo de las Guardas,"Sierra norte, Sevilla",,1
125000,3.0,4.0,6,1874686,1500,160,Guadalcanal,"Sierra norte, Sevilla",,0
120000,2.0,4.0,6,82585680,120,,Castilblanco de los Arroyos,"Sierra norte, Sevilla",,0
155000,2.0,3.0,0,1889932,205,190,El Pedroso,"Sierra norte, Sevilla",,0
325000,2.0,3.0,5,30968484,50000,360,Constantina,"Sierra norte, Sevilla",,0
110000,1.0,4.0,2,32572936,112,,Cazalla de la Sierra,"Sierra norte, Sevilla",,0
95000,1.0,6.0,1,32599736,200,180,Constantina,"Sierra norte, Sevilla",,0
150000,1.0,3.0,1,1754110,150,135,El Garrobo,"Sierra norte, Sevilla",,1
76800,2.0,3.0,9,34548388,134,124,Cazalla de la Sierra,"Sierra norte, Sevilla",,0
125000,3.0,4.0,1,34935884,300,299,El Real de la Jara,"Sierra norte, Sevilla",,0
180000,3.0,5.0,2,35175371,142,123,El Castillo de las Guardas,"Sierra norte, Sevilla",,0
90000,2.0,3.0,0,1981560,115,100,El Castillo de las Guardas,"Sierra norte, Sevilla",,1
130000,3.0,5.0,1,37437091,130,,Cazalla de la Sierra,"Sierra norte, Sevilla",,0
280000,2.0,5.0,1,37648815,2426,,Guillena,"Sierra norte, Sevilla",,1
300000,3.0,6.0,1,82168292,900,190,Castilblanco de los Arroyos,"Sierra norte, Sevilla",,1
120000,4.0,4.0,8,82703692,500,,El Castillo de las Guardas,"Sierra norte, Sevilla",,1
80000,1.0,3.0,5,81281085,120,100,Guillena,"Sierra norte, Sevilla",,0
204000,2.0,5.0,1,28848001,1200,250,Guillena,"Sierra norte, Sevilla",,0
125000,2.0,3.0,3,39197868,75,,Cazalla de la Sierra,"Sierra norte, Sevilla",,0
79000,2.0,3.0,3,39329158,70,,Guillena,"Sierra norte, Sevilla",,1
180000,1.0,3.0,1,82253224,1000,,Constantina,"Sierra norte, Sevilla",,1
200000,1.0,5.0,5,82382863,45000,,Constantina,"Sierra norte, Sevilla",1950,1
240000,2.0,5.0,3,81990166,480,,La Puebla de los Infantes,"Sierra norte, Sevilla",1998,0
135000,2.0,3.0,6,34257734,80,80,Guillena,"Sierra norte, Sevilla",,1
85000,3.0,3.0,1,28852816,120,105,Gerena,"Sierra norte, Sevilla",,0
160000,2.0,4.0,2,36804339,130,,Castilblanco de los Arroyos,"Sierra norte, Sevilla",,1
150000,3.0,4.0,1,81386689,223,,Guillena,"Sierra norte, Sevilla",,1
130000,2.0,2.0,8,25575288,200,130,Almadén de la Plata,"Sierra norte, Sevilla",,0
120000,1.0,3.0,5,82147119,70,,El Pedroso,"Sierra norte, Sevilla",,0
100000,3.0,3.0,0,81916405,217,100,El Real de la Jara,"Sierra norte, Sevilla",,1
80000,2.0,3.0,1,34875074,1000,,Castilblanco de los Arroyos,"Sierra norte, Sevilla",,1
82000,1.0,2.0,0,83806825,128,99,Cazalla de la Sierra,"Sierra norte, Sevilla",,0
34000,1.0,2.0,0,84169539,67,45,Constantina,"Sierra norte, Sevilla",,0
66000,1.0,3.0,2,35170304,120,,El Castillo de las Guardas,"Sierra norte, Sevilla",,0
64000,2.0,2.0,1,40389317,600,,Guillena,"Sierra norte, Sevilla",,0
95000,3.0,4.0,0,83090056,150,,El Real de la Jara,"Sierra norte, Sevilla",,1
90000,2.0,5.0,3,29059962,135,130,El Pedroso,"Sierra norte, Sevilla",,0
10000,1.0,4.0,2,83562950,90,,La Puebla de los Infantes,"Sierra norte, Sevilla",,0
54000,1.0,3.0,2,83607582,150,,Guillena,"Sierra norte, Sevilla",,0
65000,1.0,3.0,2,83698647,70,,Constantina,"Sierra norte, Sevilla",,0
100000,1.0,3.0,1,83745843,1200,,Castilblanco de los Arroyos,"Sierra norte, Sevilla",,0
75000,2.0,3.0,2,83957220,180,,Cazalla de la Sierra,"Sierra norte, Sevilla",,0
360000,4.0,4.0,1,84053976,300,,Cazalla de la Sierra,"Sierra norte, Sevilla",,0
35000,1.0,2.0,1,84169056,100,,Almadén de la Plata,"Sierra norte, Sevilla",,0
110000,1.0,2.0,1,84228535,10000,,Guillena,"Sierra norte, Sevilla",,1
100000,2.0,4.0,1,84249504,1100,,Guillena,"Sierra norte, Sevilla",,0
50000,0.0,0.0,2,84420057,130,,Constantina,"Sierra norte, Sevilla",,0
50000,2.0,4.0,5,84444431,1000,,Castilblanco de los Arroyos,"Sierra norte, Sevilla",,0
130000,3.0,4.0,1,84478772,160,,Constantina,"Sierra norte, Sevilla",,0
35000,1.0,2.0,1,84526720,110,,El Castillo de las Guardas,"Sierra norte, Sevilla",,0
100000,1.0,3.0,3,39164821,78,,Guillena,"Sierra norte, Sevilla",,0
78000,2.0,4.0,2,39300171,200,,Cazalla de la Sierra,"Sierra norte, Sevilla",,0
70000,2.0,5.0,2,81333377,160,,Constantina,"Sierra norte, Sevilla",,0
30000,1.0,1.0,2,83165638,230,,El Pedroso,"Sierra norte, Sevilla",,0
40000,1.0,1.0,2,83423629,240,,Guillena,"Sierra norte, Sevilla",,0
30000,1.0,4.0,2,83456007,80,,Castilblanco de los Arroyos,"Sierra norte, Sevilla",,0
116000,2.0,3.0,6,83584317,150,,Guillena,"Sierra norte, Sevilla",,0
95000,2.0,3.0,3,83832537,120,100,Constantina,"Sierra norte, Sevilla",,1
75000,1.0,2.0,5,84299051,1000,,Castilblanco de los Arroyos,"Sierra norte, Sevilla",,1
36000,1.0,3.0,2,84301411,144,,Gerena,"Sierra norte, Sevilla",,1
195000,1.0,3.0,1,84392906,80,,El Castillo de las Guardas,"Sierra norte, Sevilla",,0
140000,1.0,4.0,1,25585348,500,,Alanis,"Sierra norte, Sevilla",,0
30000,1.0,3.0,1,84650092,170,,Aznalcollar,"Sierra norte, Sevilla",,0
65000,1.0,2.0,2,84664933,130,,Aznalcollar,"Sierra norte, Sevilla",,0
67000,1.0,2.0,6,84807088,55,,Cazalla de la Sierra,"Sierra norte, Sevilla",,0
80000,1.0,2.0,1,84870238,80,,Constantina,"Sierra norte, Sevilla",,0
92000,2.0,3.0,1,84870837,150,,Aznalcollar,"Sierra norte, Sevilla",,0
97000,1.0,4.0,3,81170415,116,,Gerena,"Sierra norte, Sevilla",,0
81400,1.0,3.0,1,36729601,79,,Castilblanco de los Arroyos,"Sierra norte, Sevilla",,0
34000,1.0,2.0,6,84309514,67,,Constantina,"Sierra norte, Sevilla",,0
85000,2.0,3.0,6,84309582,120,,San Nicolas del Puerto,"Sierra norte, Sevilla",,0
58000,1.0,3.0,2,84675111,70,,Almadén de la Plata,"Sierra norte, Sevilla",,0
450000,2.0,3.0,1,31534936,6500,200,Castilblanco de los Arroyos,"Sierra norte, Sevilla",,1
300000,3.0,9.0,1,36981619,254,,Gerena,"Sierra norte, Sevilla",,0
200000,2.0,5.0,1,30876483,5000,150,Castilblanco de los Arroyos,"Sierra norte, Sevilla",,1
215000,2.0,2.0,3,84415831,130,114,Guillena,"Sierra norte, Sevilla",,1
75000,1.0,2.0,5,84940046,1000,,Castilblanco de los Arroyos,"Sierra norte, Sevilla",,0
85000,2.0,3.0,6,84183599,120,103,San Nicolas del Puerto,"Sierra norte, Sevilla",,0
88270,3.0,3.0,6,82623403,96,79,Guillena,"Sierra norte, Sevilla",,0
34000,1.0,2.0,6,83910433,67,45,Constantina,"Sierra norte, Sevilla",,0
60000,1.0,3.0,1,85007242,130,,Aznalcollar,"Sierra norte, Sevilla",,0
84000,2.0,3.0,0,85053041,98,,El Ronquillo,"Sierra norte, Sevilla",,0
98000,2.0,3.0,10,33956152,94,78,Guillena,"Sierra norte, Sevilla",,0
106000,1.0,3.0,1,37232664,96,,Guillena,"Sierra norte, Sevilla",,0
105000,2.0,3.0,2,39138167,120,,Gerena,"Sierra norte, Sevilla",,1
130000,2.0,4.0,1,82610364,130,,Castilblanco de los Arroyos,"Sierra norte, Sevilla",,1
60000,2.0,5.0,1,82953703,60,,Castilblanco de los Arroyos,"Sierra norte, Sevilla",,0
106000,3.0,3.0,6,37579942,120,,Gerena,"Sierra norte, Sevilla",,1
145000,2.0,3.0,1,38482833,116,,Guillena,"Sierra norte, Sevilla",2011,0
280000,2.0,5.0,1,29403376,1400,,Guillena,"Sierra norte, Sevilla",,1
62000,2.0,2.0,3,83648808,67,,El Garrobo,"Sierra norte, Sevilla",,0
142300,2.0,4.0,6,84419572,161,,Guillena,"Sierra norte, Sevilla",,1
60000,2.0,3.0,1,339665,80,,Cazalla de la Sierra,"Sierra norte, Sevilla",,0
120000,2.0,3.0,6,401117,100,,Guillena,"Sierra norte, Sevilla",,0
127000,2.0,4.0,6,28808038,145,,Guillena,"Sierra norte, Sevilla",,0
125000,2.0,3.0,6,28951113,12,,Cazalla de la Sierra,"Sierra norte, Sevilla",,1
40000,1.0,1.0,3,29202892,30,,Guillena,"Sierra norte, Sevilla",,0
80000,2.0,3.0,6,30081439,95,,Cazalla de la Sierra,"Sierra norte, Sevilla",,0
58000,1.0,2.0,2,36640744,1000,,Castilblanco de los Arroyos,"Sierra norte, Sevilla",,0
37000,1.0,3.0,2,36685814,105,,Guadalcanal,"Sierra norte, Sevilla",,0
190000,2.0,4.0,1,29568586,185,,Guillena,"Sierra norte, Sevilla",,1
55000,1.0,2.0,3,37682367,56,,Constantina,"Sierra norte, Sevilla",,0
60000,1.0,2.0,2,40062473,141,,La Puebla de los Infantes,"Sierra norte, Sevilla",,0
95000,2.0,4.0,1,81296618,150,,Alanis,"Sierra norte, Sevilla",,0
110000,3.0,3.0,0,81727221,120,,El Real de la Jara,"Sierra norte, Sevilla",,0
45000,2.0,2.0,3,81340282,78,66,El Pedroso,"Sierra norte, Sevilla",2008,1
1700000,6.0,8.0,1,82639074,2700,700,Castilblanco de los Arroyos,"Sierra norte, Sevilla",,1
60000,1.0,2.0,2,83001570,70,,Guillena,"Sierra norte, Sevilla",,0
96000,1.0,3.0,6,83021555,84,,El Pedroso,"Sierra norte, Sevilla",,0
96000,2.0,4.0,6,32677261,94,,Castilblanco de los Arroyos,"Sierra norte, Sevilla",,0
74000,3.0,4.0,0,36792691,120,98,El Garrobo,"Sierra norte, Sevilla",,1
110000,1.0,1.0,5,36883497,110000,,Gerena,"Sierra norte, Sevilla",,0
100000,1.0,3.0,1,407165,200,100,Guadalcanal,"Sierra norte, Sevilla",,0
96000,2.0,5.0,6,38056535,120,,Castilblanco de los Arroyos,"Sierra norte, Sevilla",,0
24500,1.0,2.0,2,39651423,70,50,Constantina,"Sierra norte, Sevilla",,0
35000,1.0,3.0,2,40140690,106,86,El Pedroso,"Sierra norte, Sevilla",,0
50000,2.0,5.0,1,40412303,300,,Castilblanco de los Arroyos,"Sierra norte, Sevilla",,0
45000,3.0,7.0,2,40516546,168,,El Pedroso,"Sierra norte, Sevilla",,0
70000,1.0,2.0,2,81194528,75,,Guillena,"Sierra norte, Sevilla",,0
43000,1.0,2.0,6,82968247,67,,Guillena,"Sierra norte, Sevilla",,0
50000,1.0,3.0,1,83818341,240,,Alanis,"Sierra norte, Sevilla",,0
72000,2.0,4.0,1,30934651,130,,Guillena,"Sierra norte, Sevilla",,0
149900,3.0,3.0,6,83279445,96,,Gerena,"Sierra norte, Sevilla",,1
80000,2.0,4.0,6,1824047,160,120,Castilblanco de los Arroyos,"Sierra norte, Sevilla",,1
89900,3.0,4.0,0,2143563,153,,El Real de la Jara,"Sierra norte, Sevilla",,1
180000,2.0,6.0,1,27808413,256,,La Puebla de los Infantes,"Sierra norte, Sevilla",,0
80000,1.0,3.0,5,28612926,850,100,Guillena,"Sierra norte, Sevilla",,1
95000,2.0,3.0,1,29363989,150,70,Alanis,"Sierra norte, Sevilla",,0
115000,1.0,3.0,1,30501574,1015,,Guillena,"Sierra norte, Sevilla",,0
120000,2.0,4.0,6,31514470,121,,El Ronquillo,"Sierra norte, Sevilla",,0
8000,1.0,4.0,2,32295217,90,,La Puebla de los Infantes,"Sierra norte, Sevilla",,0
40000,1.0,4.0,2,29590182,90,,El Castillo de las Guardas,"Sierra norte, Sevilla",,0
120000,3.0,3.0,6,28326163,120,117,Gerena,"Sierra norte, Sevilla",,1
99000,2.0,3.0,6,35594779,120,115,Guillena,"Sierra norte, Sevilla",2004,0
60000,1.0,2.0,3,35930270,49,,El Pedroso,"Sierra norte, Sevilla",,0
75000,2.0,4.0,1,29737558,176,,Castilblanco de los Arroyos,"Sierra norte, Sevilla",,1
75000,1.0,3.0,1,37513863,172,,Guillena,"Sierra norte, Sevilla",,0
132000,2.0,6.0,2,37578219,250,,Castilblanco de los Arroyos,"Sierra norte, Sevilla",,0
130000,3.0,4.0,6,37582131,130,,El Real de la Jara,"Sierra norte, Sevilla",2004,1
210000,2.0,3.0,1,37666683,1100,,Castilblanco de los Arroyos,"Sierra norte, Sevilla",,1
100000,1.0,3.0,1,38670239,1000,60,Guillena,"Sierra norte, Sevilla",,1
114192,2.0,4.0,2,39151952,180,,Constantina,"Sierra norte, Sevilla",,0
130000,1.0,4.0,2,39423991,300,,La Puebla de los Infantes,"Sierra norte, Sevilla",,0
130000,2.0,2.0,4,39432242,10000,124,Cazalla de la Sierra,"Sierra norte, Sevilla",,0
120000,2.0,4.0,1,39433631,169,,Castilblanco de los Arroyos,"Sierra norte, Sevilla",,1
130000,3.0,4.0,0,82238262,124,,Gerena,"Sierra norte, Sevilla",,1
48000,1.0,4.0,2,82424485,120,,Constantina,"Sierra norte, Sevilla",,0
90000,1.0,4.0,0,82605771,110,,El Pedroso,"Sierra norte, Sevilla",,0
29995,1.0,3.0,6,82673569,1000,,Castilblanco de los Arroyos,"Sierra norte, Sevilla",,0
120000,1.0,2.0,5,82901376,20000,98,La Puebla de los Infantes,"Sierra norte, Sevilla",,0
45000,1.0,3.0,2,82932799,120,,El Real de la Jara,"Sierra norte, Sevilla",1984,0
42000,1.0,3.0,2,83291181,90,,Almadén de la Plata,"Sierra norte, Sevilla",,0
225000,2.0,5.0,1,83297394,200,,Constantina,"Sierra norte, Sevilla",,1
125000,3.0,4.0,0,1680270,153,100,El Real de la Jara,"Sierra norte, Sevilla",,0
260000,4.0,8.0,6,330129,600,,Constantina,"Sierra norte, Sevilla",,1
74000,1.0,2.0,3,412809,75,,Constantina,"Sierra norte, Sevilla",,0
175000,2.0,2.0,3,27411626,100,90,Guillena,"Sierra norte, Sevilla",,1
110000,3.0,2.0,6,27922622,150,75,El Castillo de las Guardas,"Sierra norte, Sevilla",,1
60000,1.0,3.0,2,27929851,150,135,Guadalcanal,"Sierra norte, Sevilla",,0
162000,3.0,4.0,0,28102801,244,250,Guillena,"Sierra norte, Sevilla",,1
105000,3.0,3.0,0,28281665,144,,Gerena,"Sierra norte, Sevilla",,1
90000,1.0,3.0,2,29244458,116,86,Gerena,"Sierra norte, Sevilla",,0
85000,2.0,3.0,2,30624726,70,,El Ronquillo,"Sierra norte, Sevilla",,1
95000,1.0,5.0,6,26716709,150,130,Alanis,"Sierra norte, Sevilla",,1
50000,2.0,1.0,11,29048502,124,85,Alanis,"Sierra norte, Sevilla",,0
84150,2.0,5.0,2,35020674,100,,Cazalla de la Sierra,"Sierra norte, Sevilla",,0
115000,2.0,4.0,0,35213880,120,,Castilblanco de los Arroyos,"Sierra norte, Sevilla",,1
105000,2.0,4.0,6,35243187,47,,Cazalla de la Sierra,"Sierra norte, Sevilla",,0
180000,3.0,4.0,1,325902,450,,El Castillo de las Guardas,"Sierra norte, Sevilla",,0
115000,3.0,3.0,0,36635851,200,,El Real de la Jara,"Sierra norte, Sevilla",2010,0
240000,2.0,4.0,1,36667284,1200,,El Castillo de las Guardas,"Sierra norte, Sevilla",,0
130000,3.0,4.0,2,36854870,120,,Gerena,"Sierra norte, Sevilla",,0
69000,1.0,1.0,1,37691366,6000,,Castilblanco de los Arroyos,"Sierra norte, Sevilla",,1
149500,2.0,5.0,4,37695875,10000,,Alanis,"Sierra norte, Sevilla",,1
98000,2.0,4.0,1,38327965,130,50,Castilblanco de los Arroyos,"Sierra norte, Sevilla",,1
124000,1.0,3.0,1,39016284,1015,,Guillena,"Sierra norte, Sevilla",,0
23000,1.0,1.0,2,30794650,66,,La Puebla de los Infantes,"Sierra norte, Sevilla",,0
100000,2.0,3.0,6,35239249,98,,El Ronquillo,"Sierra norte, Sevilla",,0
63000,1.0,4.0,2,39138654,100,,La Puebla de los Infantes,"Sierra norte, Sevilla",,0
60000,1.0,2.0,3,39207256,74,,Guillena,"Sierra norte, Sevilla",,1
55000,2.0,4.0,1,39978868,1000,,Castilblanco de los Arroyos,"Sierra norte, Sevilla",,0
66000,1.0,3.0,3,40029974,97,88,Cazalla de la Sierra,"Sierra norte, Sevilla",,0
120000,2.0,4.0,6,40158078,100,,Aznalcollar,"Sierra norte, Sevilla",,0
175000,1.0,3.0,1,40483515,850,110,Castilblanco de los Arroyos,"Sierra norte, Sevilla",,1
40000,2.0,4.0,5,81148791,800,,Castilblanco de los Arroyos,"Sierra norte, Sevilla",,0
110000,2.0,3.0,6,30584410,120,,Almadén de la Plata,"Sierra norte, Sevilla",,1
42000,1.0,2.0,2,81867638,127,,El Garrobo,"Sierra norte, Sevilla",,0
45000,1.0,2.0,3,82777500,62,,Guillena,"Sierra norte, Sevilla",,0
110000,2.0,3.0,6,82818838,150,,El Ronquillo,"Sierra norte, Sevilla",,0
94000,2.0,2.0,3,83026923,100,,Guillena,"Sierra norte, Sevilla",,0
59000,1.0,2.0,2,83213798,98,90,Las Navas de la Concepcion,"Sierra norte, Sevilla",2016,0
90000,1.0,3.0,1,83452585,100,,Cazalla de la Sierra,"Sierra norte, Sevilla",,1
90000,1.0,3.0,3,36855241,70,,Constantina,"Sierra norte, Sevilla",,1
40000,1.0,1.0,2,39172353,60,,Guadalcanal,"Sierra norte, Sevilla",,0
125000,2.0,3.0,1,33390310,950,,Guillena,"Sierra norte, Sevilla",,1
70000,1.0,4.0,1,84534153,150,,Las Navas de la Concepcion,"Sierra norte, Sevilla",,1
118948,1.0,2.0,1,40054835,172,83,Guillena,"Sierra norte, Sevilla",,0
123000,3.0,4.0,6,40294293,135,120,El Pedroso,"Sierra norte, Sevilla",,1
97800,2.0,3.0,1,83449379,106,,El Ronquillo,"Sierra norte, Sevilla",,0
59000,1.0,2.0,3,84827393,62,,Guillena,"Sierra norte, Sevilla",,0
150000,2.0,3.0,6,84832710,115,,El Ronquillo,"Sierra norte, Sevilla",,0
75000,2.0,3.0,6,84724366,90,,El Real de la Jara,"Sierra norte, Sevilla",,0
80000,1.0,2.0,1,84870816,80,,Constantina,"Sierra norte, Sevilla",,0
135000,2.0,3.0,1,1687141,595,90,Castilblanco de los Arroyos,"Sierra norte, Sevilla",,1
69000,1.0,2.0,1,1694005,1800,,Castilblanco de los Arroyos,"Sierra norte, Sevilla",,1
169000,2.0,3.0,6,1751061,312,154,Guillena,"Sierra norte, Sevilla",2006,1
95000,3.0,3.0,6,1791893,120,93,Gerena,"Sierra norte, Sevilla",,1
85000,1.0,3.0,6,1803764,200,130,La Puebla de los Infantes,"Sierra norte, Sevilla",,0
108000,3.0,4.0,6,1846828,122,120,Gerena,"Sierra norte, Sevilla",,1
115000,2.0,6.0,1,391947,3000,,Castilblanco de los Arroyos,"Sierra norte, Sevilla",,0
36000,1.0,3.0,3,2040345,120,,La Puebla de los Infantes,"Sierra norte, Sevilla",,0
180000,1.0,3.0,0,2067446,362,332,Guillena,"Sierra norte, Sevilla",,0
105000,2.0,3.0,6,417247,80,,Constantina,"Sierra norte, Sevilla",,0
90000,2.0,3.0,1,2085289,450,95,El Castillo de las Guardas,"Sierra norte, Sevilla",,1
60000,1.0,2.0,0,2106500,95,78,Cazalla de la Sierra,"Sierra norte, Sevilla",,0
56000,2.0,4.0,1,2111576,144,,Cazalla de la Sierra,"Sierra norte, Sevilla",,1
150000,2.0,3.0,11,2118603,105,90,Guillena,"Sierra norte, Sevilla",,1
125000,3.0,3.0,6,2141268,157,100,El Real de la Jara,"Sierra norte, Sevilla",,1
20000,2.0,2.0,3,444193,65,60,El Ronquillo,"Sierra norte, Sevilla",,1
390000,3.0,5.0,1,25385882,400,245,Guillena,"Sierra norte, Sevilla",,1
260000,3.0,5.0,6,25889096,200,,Guillena,"Sierra norte, Sevilla",,0
185000,3.0,3.0,6,25937163,30,127,Gerena,"Sierra norte, Sevilla",,1
43575,1.0,3.0,1,26801280,230,,El Real de la Jara,"Sierra norte, Sevilla",,0
120000,2.0,3.0,6,26866571,110,90,El Pedroso,"Sierra norte, Sevilla",,0
70000,2.0,2.0,0,27307704,90,70,Constantina,"Sierra norte, Sevilla",,0
115000,2.0,2.0,2,27337169,650,130,El Garrobo,"Sierra norte, Sevilla",,1
100000,1.0,1.0,8,28563690,1600,70,Castilblanco de los Arroyos,"Sierra norte, Sevilla",,1
55500,1.0,2.0,3,28578190,50,48,El Pedroso,"Sierra norte, Sevilla",,0
80000,2.0,3.0,8,28674803,235,,Almadén de la Plata,"Sierra norte, Sevilla",,1
135000,2.0,4.0,1,29331287,120,,Castilblanco de los Arroyos,"Sierra norte, Sevilla",,0
85000,2.0,3.0,8,29361576,105,,El Ronquillo,"Sierra norte, Sevilla",,1
91000,2.0,3.0,6,29452215,90,,Alanis,"Sierra norte, Sevilla",,1
170000,2.0,3.0,1,29501555,1000,120,Guillena,"Sierra norte, Sevilla",,1
72000,2.0,3.0,5,29980183,2000,,Castilblanco de los Arroyos,"Sierra norte, Sevilla",,1
55000,2.0,3.0,5,30042749,2070,,La Puebla de los Infantes,"Sierra norte, Sevilla",,1
210000,1.0,4.0,8,30031906,6500,140,Castilblanco de los Arroyos,"Sierra norte, Sevilla",,0
85000,2.0,5.0,1,30234066,155,,San Nicolas del Puerto,"Sierra norte, Sevilla",,0
60000,1.0,5.0,1,30263741,320,250,Las Navas de la Concepcion,"Sierra norte, Sevilla",,0
80000,2.0,4.0,2,30369326,130,,Cazalla de la Sierra,"Sierra norte, Sevilla",,0
48000,1.0,2.0,2,30502676,200,90,Castilblanco de los Arroyos,"Sierra norte, Sevilla",,1
150000,2.0,4.0,2,30531639,481,,Almadén de la Plata,"Sierra norte, Sevilla",,1
104000,1.0,3.0,1,30753675,120,,Gerena,"Sierra norte, Sevilla",,1
189900,2.0,3.0,1,30997066,800,110,Guillena,"Sierra norte, Sevilla",,1
120000,2.0,3.0,2,31031583,95,90,El Pedroso,"Sierra norte, Sevilla",,0
120000,3.0,5.0,11,31178876,160,,El Pedroso,"Sierra norte, Sevilla",,0
290000,2.0,5.0,1,32018408,544,,Gerena,"Sierra norte, Sevilla",,0
116000,2.0,4.0,0,32028250,152,,Castilblanco de los Arroyos,"Sierra norte, Sevilla",,1
180000,2.0,6.0,2,32073648,280,,Constantina,"Sierra norte, Sevilla",,0
160000,2.0,3.0,3,32250755,102,97,Guillena,"Sierra norte, Sevilla",,0
116000,2.0,4.0,6,26689699,160,140,Alanis,"Sierra norte, Sevilla",,0
150000,1.0,3.0,1,28125056,158,,Gerena,"Sierra norte, Sevilla",,0
85000,1.0,3.0,1,32753826,1600,,Castilblanco de los Arroyos,"Sierra norte, Sevilla",,0
45000,1.0,2.0,2,32852223,200,170,El Real de la Jara,"Sierra norte, Sevilla",,0
80000,2.0,4.0,1,32854594,120,100,El Pedroso,"Sierra norte, Sevilla",,0
120000,2.0,5.0,1,32896416,120,100,Constantina,"Sierra norte, Sevilla",,0
123000,3.0,4.0,6,33234289,140,,El Pedroso,"Sierra norte, Sevilla",,1
99000,2.0,5.0,1,33342513,240,,El Pedroso,"Sierra norte, Sevilla",,0
30000,2.0,2.0,1,33455018,78,,Constantina,"Sierra norte, Sevilla",,0
315000,1.0,4.0,8,33494473,220,,El Castillo de las Guardas,"Sierra norte, Sevilla",,0
105000,2.0,3.0,3,27871164,115,90,Guillena,"Sierra norte, Sevilla",,0
80000,1.0,3.0,1,33786493,152,,Constantina,"Sierra norte, Sevilla",,0
145000,2.0,5.0,2,34256635,250,150,Gerena,"Sierra norte, Sevilla",1992,1
120000,2.0,3.0,6,34351383,110,,Castilblanco de los Arroyos,"Sierra norte, Sevilla",,0
100000,2.0,3.0,6,34806038,95,,Guillena,"Sierra norte, Sevilla",,0
60000,1.0,2.0,2,35003561,150,90,El Real de la Jara,"Sierra norte, Sevilla",,0
72000,2.0,5.0,6,35182648,100,,Cazalla de la Sierra,"Sierra norte, Sevilla",,0
57000,1.0,3.0,1,35186177,80,76,Constantina,"Sierra norte, Sevilla",,0
55000,1.0,2.0,5,35137413,1500,55,Castilblanco de los Arroyos,"Sierra norte, Sevilla",,0
75000,3.0,6.0,2,31770426,250,,El Pedroso,"Sierra norte, Sevilla",,0
135000,2.0,3.0,1,35679221,1100,130,Guillena,"Sierra norte, Sevilla",,0
72000,1.0,2.0,2,35755670,75,,El Pedroso,"Sierra norte, Sevilla",,0
65000,1.0,3.0,2,35880590,334,,Castilblanco de los Arroyos,"Sierra norte, Sevilla",,0
60000,1.0,2.0,2,36716198,110,,Almadén de la Plata,"Sierra norte, Sevilla",,0
105000,2.0,5.0,1,36781574,80,60,Alanis,"Sierra norte, Sevilla",,0
59000,2.0,5.0,6,28873137,143,120,El Pedroso,"Sierra norte, Sevilla",,0
55000,1.0,3.0,1,37669682,98,,El Pedroso,"Sierra norte, Sevilla",,0
220000,5.0,7.0,1,37690350,4000,,El Castillo de las Guardas,"Sierra norte, Sevilla",,1
130000,2.0,5.0,6,38097895,220,170,Guillena,"Sierra norte, Sevilla",2005,1
125000,2.0,3.0,2,38195909,353,,El Pedroso,"Sierra norte, Sevilla",,0
195000,2.0,4.0,1,38444692,689,180,El Castillo de las Guardas,"Sierra norte, Sevilla",2009,1
170000,2.0,4.0,1,38903700,1000,,El Castillo de las Guardas,"Sierra norte, Sevilla",,1
96000,2.0,3.0,2,39138531,397,,La Puebla de los Infantes,"Sierra norte, Sevilla",,1
400000,3.0,4.0,1,39159707,15000,,Castilblanco de los Arroyos,"Sierra norte, Sevilla",,0
110000,2.0,3.0,6,39196712,125,112,Cazalla de la Sierra,"Sierra norte, Sevilla",,0
80000,1.0,3.0,3,30098194,120,110,Cazalla de la Sierra,"Sierra norte, Sevilla",1978,0
150000,1.0,3.0,8,39311172,7000,,Castilblanco de los Arroyos,"Sierra norte, Sevilla",2005,1
100000,2.0,3.0,3,39412262,105,103,Cazalla de la Sierra,"Sierra norte, Sevilla",,0
80000,1.0,3.0,2,39431251,220,,El Real de la Jara,"Sierra norte, Sevilla",,0
59000,2.0,3.0,6,39460877,85,70,El Castillo de las Guardas,"Sierra norte, Sevilla",,0
75000,1.0,4.0,1,39526833,1000,,Castilblanco de los Arroyos,"Sierra norte, Sevilla",,0
75000,1.0,4.0,8,39528173,1000,,Castilblanco de los Arroyos,"Sierra norte, Sevilla",,0
220000,3.0,5.0,0,36500955,245,,Guillena,"Sierra norte, Sevilla",,1
120000,1.0,3.0,1,39622681,132,,Castilblanco de los Arroyos,"Sierra norte, Sevilla",,1
99000,3.0,4.0,1,39642077,400,,El Castillo de las Guardas,"Sierra norte, Sevilla",,1
120000,2.0,5.0,2,39726541,230,,San Nicolas del Puerto,"Sierra norte, Sevilla",,0
160000,2.0,3.0,1,39783531,1000,,Guillena,"Sierra norte, Sevilla",,1
45000,1.0,2.0,6,39831047,200,,Guadalcanal,"Sierra norte, Sevilla",,0
180000,3.0,6.0,2,39925749,70,240,Gerena,"Sierra norte, Sevilla",,0
60000,1.0,2.0,1,33455056,70,,Constantina,"Sierra norte, Sevilla",,0
126000,1.0,3.0,1,40052909,1000,,Alanis,"Sierra norte, Sevilla",,1
134777,1.0,2.0,5,40132665,15000,,El Pedroso,"Sierra norte, Sevilla",,0
240000,2.0,5.0,4,40158327,50000,,Cazalla de la Sierra,"Sierra norte, Sevilla",,0
102000,1.0,3.0,2,40289492,200,,El Real de la Jara,"Sierra norte, Sevilla",,0
92000,2.0,3.0,6,81373259,110,95,Guillena,"Sierra norte, Sevilla",2001,0
150000,2.0,4.0,2,81469086,200,,Guadalcanal,"Sierra norte, Sevilla",,0
74950,1.0,1.0,3,36887617,60,40,Guillena,"Sierra norte, Sevilla",2010,1
130000,2.0,7.0,2,81884367,168,,El Ronquillo,"Sierra norte, Sevilla",,0
108000,1.0,3.0,1,81916669,600,,Castilblanco de los Arroyos,"Sierra norte, Sevilla",,0
35000,1.0,2.0,2,81924082,100,,Guadalcanal,"Sierra norte, Sevilla",,0
170750,3.0,6.0,2,82041287,216,180,Constantina,"Sierra norte, Sevilla",,1
130000,2.0,4.0,2,82048172,275,165,Cazalla de la Sierra,"Sierra norte, Sevilla",,0
95000,2.0,3.0,6,82140632,105,95,Alanis,"Sierra norte, Sevilla",2010,1
110000,2.0,5.0,6,82246616,100,172,Guillena,"Sierra norte, Sevilla",2004,0
150000,2.0,4.0,1,82365187,1000,,Constantina,"Sierra norte, Sevilla",,0
219500,3.0,5.0,8,82383204,20500,180,La Puebla de los Infantes,"Sierra norte, Sevilla",,1
150000,1.0,2.0,5,37432112,5000,,La Puebla de los Infantes,"Sierra norte, Sevilla",2005,1
70000,1.0,3.0,1,82643504,2500,90,Castilblanco de los Arroyos,"Sierra norte, Sevilla",,1
55000,1.0,4.0,1,82717944,100,,Alanis,"Sierra norte, Sevilla",,0
76000,1.0,5.0,2,82894331,190,,Las Navas de la Concepcion,"Sierra norte, Sevilla",,0
145000,2.0,4.0,3,82961398,120,105,Constantina,"Sierra norte, Sevilla",,1
119500,2.0,3.0,1,30753857,120,98,Guillena,"Sierra norte, Sevilla",,0
48500,2.0,4.0,6,82970450,225,,Guadalcanal,"Sierra norte, Sevilla",,0
150000,2.0,3.0,1,82975780,1250,,Guillena,"Sierra norte, Sevilla",1972,1
50000,2.0,3.0,2,83044368,78,,El Real de la Jara,"Sierra norte, Sevilla",,0
52000,1.0,5.0,1,83184318,210,200,Constantina,"Sierra norte, Sevilla",,0
195000,2.0,3.0,1,83188031,2491,,El Garrobo,"Sierra norte, Sevilla",,0
75000,2.0,3.0,2,35198951,94,,El Garrobo,"Sierra norte, Sevilla",,1
330000,1.0,4.0,1,83339668,1300,,Castilblanco de los Arroyos,"Sierra norte, Sevilla",,0
150000,3.0,4.0,0,28745998,200,113,El Real de la Jara,"Sierra norte, Sevilla",,1
175000,2.0,2.0,3,28596113,142,100,Guillena,"Sierra norte, Sevilla",,0
80000,2.0,4.0,2,83661117,145,,Almadén de la Plata,"Sierra norte, Sevilla",,0
45000,1.0,3.0,1,83738950,100,74,El Real de la Jara,"Sierra norte, Sevilla",,1
56000,1.0,2.0,2,37475598,312,73,El Madroño,"Sierra norte, Sevilla",,0
52000,1.0,3.0,2,83814111,90,121,Alanis,"Sierra norte, Sevilla",,0
150000,2.0,4.0,1,83843428,650,100,Castilblanco de los Arroyos,"Sierra norte, Sevilla",2002,1
76000,2.0,3.0,6,83920390,94,75,El Castillo de las Guardas,"Sierra norte, Sevilla",,1
65000,1.0,3.0,3,84083768,90,,El Pedroso,"Sierra norte, Sevilla",,0
92000,3.0,4.0,0,33853808,208,,Castilblanco de los Arroyos,"Sierra norte, Sevilla",,1
150000,2.0,4.0,1,36658713,1100,,Gerena,"Sierra norte, Sevilla",,1
55000,1.0,5.0,2,84147052,170,166,Cazalla de la Sierra,"Sierra norte, Sevilla",,0
50000,2.0,4.0,2,26039134,155,,El Real de la Jara,"Sierra norte, Sevilla",,0
116000,3.0,3.0,6,28871042,100,,El Pedroso,"Sierra norte, Sevilla",,1
89000,2.0,2.0,2,34884518,98,,La Puebla de los Infantes,"Sierra norte, Sevilla",,0
65000,1.0,2.0,3,39138501,70,,Cazalla de la Sierra,"Sierra norte, Sevilla",,1
120000,2.0,4.0,0,26730735,118,98,Almadén de la Plata,"Sierra norte, Sevilla",,0
180000,4.0,8.0,2,39418658,300,,Cazalla de la Sierra,"Sierra norte, Sevilla",,0
350000,3.0,5.0,1,417411,300,,Cazalla de la Sierra,"Sierra norte, Sevilla",,0
90000,1.0,3.0,5,84443776,2000,,Castilblanco de los Arroyos,"Sierra norte, Sevilla",,1
65000,2.0,2.0,1,84498210,96,94,El Pedroso,"Sierra norte, Sevilla",,0
60000,1.0,3.0,2,84501397,150,,El Castillo de las Guardas,"Sierra norte, Sevilla",,0
120000,3.0,3.0,6,84526370,101,86,Gerena,"Sierra norte, Sevilla",2007,1
80000,1.0,1.0,6,84522729,68,60,Cazalla de la Sierra,"Sierra norte, Sevilla",2017,0
55000,0.0,0.0,10,84539453,59,,El Castillo de las Guardas,"Sierra norte, Sevilla",1900,0
175000,3.0,3.0,6,2079555,140,160,Constantina,"Sierra norte, Sevilla",,0
80000,1.0,3.0,1,377069,126,,El Ronquillo,"Sierra norte, Sevilla",,0
55000,1.0,2.0,2,82533720,70,,Guillena,"Sierra norte, Sevilla",,0
59000,1.0,2.0,8,84608782,60,,El Pedroso,"Sierra norte, Sevilla",,0
119800,2.0,3.0,1,84524322,150,,Guillena,"Sierra norte, Sevilla",,1
144100,2.0,0.0,12,31694819,128,,Guillena,"Sierra norte, Sevilla",,1
37518,1.0,1.0,3,38827215,45,,El Garrobo,"Sierra norte, Sevilla",,0
80800,2.0,3.0,10,81726929,168,146,Guillena,"Sierra norte, Sevilla",,0
107500,2.0,4.0,6,81988146,116,,Gerena,"Sierra norte, Sevilla",,0
140000,1.0,4.0,1,82534275,2300,,Castilblanco de los Arroyos,"Sierra norte, Sevilla",,1
225000,2.0,3.0,8,82800117,200,,Castilblanco de los Arroyos,"Sierra norte, Sevilla",,1
82500,2.0,3.0,0,83212644,102,84,San Nicolas del Puerto,"Sierra norte, Sevilla",,1
76000,2.0,3.0,0,84392398,102,84,San Nicolas del Puerto,"Sierra norte, Sevilla",,1
130000,2.0,3.0,1,84616007,1000,,Guillena,"Sierra norte, Sevilla",,1
150000,3.0,4.0,8,84632814,2500,,Castilblanco de los Arroyos,"Sierra norte, Sevilla",,0
92000,1.0,2.0,6,84635246,82,,Cazalla de la Sierra,"Sierra norte, Sevilla",,0
80000,1.0,2.0,3,84697850,73,63,Guillena,"Sierra norte, Sevilla",,0
168500,3.0,4.0,1,81377531,7900,95,Castilblanco de los Arroyos,"Sierra norte, Sevilla",2008,1
57600,2.0,3.0,10,34835488,90,,Castilblanco de los Arroyos,"Sierra norte, Sevilla",,0
146600,4.0,7.0,6,32583050,370,270,Cazalla de la Sierra,"Sierra norte, Sevilla",,0
260000,1.0,3.0,1,36889105,1000,191,Guillena,"Sierra norte, Sevilla",,0
81000,1.0,3.0,1,36730587,110,,Gerena,"Sierra norte, Sevilla",,0
37518,1.0,1.0,3,36535426,46,,El Garrobo,"Sierra norte, Sevilla",,0
57600,2.0,3.0,1,39834272,90,,Castilblanco de los Arroyos,"Sierra norte, Sevilla",,0
153000,2.0,5.0,6,39855134,212,198,Aznalcollar,"Sierra norte, Sevilla",,0
57000,2.0,3.0,1,39946587,112,,El Garrobo,"Sierra norte, Sevilla",,0
85000,1.0,3.0,3,81726604,92,,Guillena,"Sierra norte, Sevilla",,0
22300,1.0,1.0,1,81910707,90,,Gerena,"Sierra norte, Sevilla",,0
106164,1.0,2.0,3,81971749,135,91,Guillena,"Sierra norte, Sevilla",,1
51000,1.0,2.0,3,32534761,73,,Guillena,"Sierra norte, Sevilla",,0
51000,1.0,2.0,3,82846483,73,,Guillena,"Sierra norte, Sevilla",,0
60000,1.0,2.0,3,83089039,73,60,Guillena,"Sierra norte, Sevilla",,0
102400,2.0,4.0,1,83319314,120,,Guillena,"Sierra norte, Sevilla",,0
78500,1.0,3.0,10,32535308,75,,Guillena,"Sierra norte, Sevilla",,0
78500,1.0,3.0,1,83863391,75,,Guillena,"Sierra norte, Sevilla",,1
97800,2.0,4.0,1,84152228,122,,Aznalcollar,"Sierra norte, Sevilla",,0
59000,2.0,4.0,6,84258602,82,80,Constantina,"Sierra norte, Sevilla",1902,0
150000,2.0,3.0,1,84258619,230,200,El Ronquillo,"Sierra norte, Sevilla",,0
159500,2.0,4.0,0,37431860,180,,Castilblanco de los Arroyos,"Sierra norte, Sevilla",,1
18000,1.0,1.0,6,39012198,154,,Gerena,"Sierra norte, Sevilla",,0
106000,2.0,3.0,0,39263954,600,,Guillena,"Sierra norte, Sevilla",,1
51994,1.0,2.0,3,82474013,73,,Guillena,"Sierra norte, Sevilla",,0
119000,3.0,4.0,6,1901822,125,105,Gerena,"Sierra norte, Sevilla",,1
85000,3.0,8.0,2,84791438,298,,Constantina,"Sierra norte, Sevilla",,0
189000,3.0,5.0,6,32820962,187,155,Guillena,"Sierra norte, Sevilla",,1
179900,3.0,5.0,6,32820964,187,157,Guillena,"Sierra norte, Sevilla",,1
335400,3.0,5.0,1,32993972,286,251,Guillena,"Sierra norte, Sevilla",,1
81000,1.0,3.0,10,37527318,86,86,Gerena,"Sierra norte, Sevilla",1985,1
180000,3.0,4.0,1,39158530,716,,El Garrobo,"Sierra norte, Sevilla",,0
22300,2.0,3.0,10,81752177,90,,Gerena,"Sierra norte, Sevilla",,0
199000,3.0,5.0,6,83843337,190,161,Guillena,"Sierra norte, Sevilla",,1
335400,3.0,6.0,1,83843338,286,251,Guillena,"Sierra norte, Sevilla",,1
70000,1.0,2.0,3,84591408,73,,Guillena,"Sierra norte, Sevilla",,1
69000,1.0,1.0,8,38557659,6000,,Castilblanco de los Arroyos,"Sierra norte, Sevilla",,0
1000000,3.0,7.0,4,81161238,1,140000,El Castillo de las Guardas,"Sierra norte, Sevilla",,0
237000,4.0,4.0,1,83921054,1700,300,Guillena,"Sierra norte, Sevilla",2005,1
595000,5.0,5.0,5,84318376,150000,460,El Castillo de las Guardas,"Sierra norte, Sevilla",,1
115000,2.0,3.0,6,84611060,125,115,El Pedroso,"Sierra norte, Sevilla",,0
61800,2.0,3.0,3,84929592,109,90,Castilblanco de los Arroyos,"Sierra norte, Sevilla",,0
172100,3.0,3.0,0,84930143,226,,Guillena,"Sierra norte, Sevilla",,0
172100,3.0,3.0,0,84930653,226,,Guillena,"Sierra norte, Sevilla",,0
172100,3.0,3.0,0,84930628,226,,Guillena,"Sierra norte, Sevilla",,0
172100,3.0,3.0,0,84930688,226,,Guillena,"Sierra norte, Sevilla",,0
172100,3.0,3.0,0,84930734,226,,Guillena,"Sierra norte, Sevilla",,0
172100,3.0,3.0,0,84930753,226,,Guillena,"Sierra norte, Sevilla",,0
172100,3.0,3.0,0,84930776,226,,Guillena,"Sierra norte, Sevilla",,0
172100,3.0,3.0,0,84930803,226,,Guillena,"Sierra norte, Sevilla",,0
59100,1.0,1.0,3,82363211,78,51,Aznalcollar,"Sierra norte, Sevilla",,1
120000,2.0,6.0,5,83597613,14000,180,El Ronquillo,"Sierra norte, Sevilla",,0
172500,3.0,6.0,1,28933511,910,,Gerena,"Sierra norte, Sevilla",,1
75000,2.0,3.0,6,30074398,120,,Constantina,"Sierra norte, Sevilla",,0
103000,2.0,3.0,6,30550238,100,,Gerena,"Sierra norte, Sevilla",,0
93000,1.0,4.0,6,31628584,374,,Gerena,"Sierra norte, Sevilla",,0
125000,2.0,4.0,6,32089580,100,,Gerena,"Sierra norte, Sevilla",,1
108000,3.0,4.0,1,32338166,448,,El Castillo de las Guardas,"Sierra norte, Sevilla",,1
111000,2.0,3.0,6,32402608,100,,Gerena,"Sierra norte, Sevilla",,0
230000,2.0,3.0,9,33644203,100,,Guillena,"Sierra norte, Sevilla",,1
46000,0.0,4.0,6,33865377,180,,El Castillo de las Guardas,"Sierra norte, Sevilla",,0
125000,3.0,3.0,6,34312200,120,,Gerena,"Sierra norte, Sevilla",,1
116000,3.0,6.0,6,34747492,406,,Gerena,"Sierra norte, Sevilla",,1
157000,2.0,3.0,1,35383593,750,,El Garrobo,"Sierra norte, Sevilla",,1
125000,1.0,3.0,0,35827878,700,,Guillena,"Sierra norte, Sevilla",,0
170000,2.0,3.0,9,36223198,100,,Guillena,"Sierra norte, Sevilla",,1
90000,3.0,4.0,6,36350578,123,109,Gerena,"Sierra norte, Sevilla",,1
106000,3.0,3.0,6,36669215,120,,Gerena,"Sierra norte, Sevilla",,1
132000,2.0,3.0,6,37778869,95,,Guillena,"Sierra norte, Sevilla",,0
106000,1.0,3.0,6,37779173,400,,Gerena,"Sierra norte, Sevilla",,0
125000,2.0,3.0,1,37796899,700,,El Castillo de las Guardas,"Sierra norte, Sevilla",,1
143500,2.0,2.0,3,37898293,90,,Guillena,"Sierra norte, Sevilla",,1
85000,2.0,4.0,6,38111011,309,,El Garrobo,"Sierra norte, Sevilla",,0
185000,2.0,3.0,9,38476841,100,,Guillena,"Sierra norte, Sevilla",,1
135000,2.0,5.0,6,38951727,160,,Guillena,"Sierra norte, Sevilla",,1
114000,2.0,4.0,6,25581227,140,,Gerena,"Sierra norte, Sevilla",,0
250000,1.0,3.0,6,39264881,500,,Gerena,"Sierra norte, Sevilla",,1
140000,2.0,3.0,10,39269872,100,120,Aznalcollar,"Sierra norte, Sevilla",,0
280000,3.0,5.0,1,39678360,2426,,Guillena,"Sierra norte, Sevilla",,1
94000,3.0,4.0,6,40191545,120,,Gerena,"Sierra norte, Sevilla",,1
200000,2.0,3.0,1,40191747,673,,El Garrobo,"Sierra norte, Sevilla",,1
131000,2.0,4.0,11,40337628,125,,Gerena,"Sierra norte, Sevilla",,0
120000,1.0,3.0,1,81991655,900,,Guillena,"Sierra norte, Sevilla",,1
690000,3.0,5.0,5,82008333,426,,El Castillo de las Guardas,"Sierra norte, Sevilla",,1
120000,3.0,4.0,6,30739930,110,,Gerena,"Sierra norte, Sevilla",,1
120000,1.0,3.0,6,82307750,325,,Aznalcollar,"Sierra norte, Sevilla",,0
100000,1.0,3.0,2,82370144,590,180,El Garrobo,"Sierra norte, Sevilla",,0
106000,3.0,3.0,6,1181774,114,,Gerena,"Sierra norte, Sevilla",,0
210000,2.0,4.0,1,82513367,800,,Cazalla de la Sierra,"Sierra norte, Sevilla",,1
60000,1.0,4.0,6,82836717,120,,Gerena,"Sierra norte, Sevilla",,0
149500,2.0,5.0,1,35997725,8000,100,Alanis,"Sierra norte, Sevilla",,1
90000,2.0,3.0,6,83559969,268,,Aznalcollar,"Sierra norte, Sevilla",,0
120000,3.0,4.0,0,83953448,124,,Gerena,"Sierra norte, Sevilla",,1
135000,2.0,4.0,0,84366604,177,,Gerena,"Sierra norte, Sevilla",,1
75000,2.0,3.0,11,84366967,90,,Guillena,"Sierra norte, Sevilla",,0
58500,1.0,2.0,3,81170515,53,,Aznalcollar,"Sierra norte, Sevilla",,0
85000,2.0,3.0,0,34790945,200,100,El Real de la Jara,"Sierra norte, Sevilla",,0
100000,2.0,3.0,6,32565978,220,,Guillena,"Sierra norte, Sevilla",,1
121000,2.0,6.0,10,82553569,117,85,Castilblanco de los Arroyos,"Sierra norte, Sevilla",,0
99800,3.0,3.0,6,83429972,116,98,Gerena,"Sierra norte, Sevilla",,0
153000,2.0,5.0,10,84703141,212,198,Aznalcollar,"Sierra norte, Sevilla",1970,0
60000,1.0,2.0,3,84705944,73,60,Guillena,"Sierra norte, Sevilla",1992,1
35000,1.0,3.0,0,35935885,200,,Castilblanco de los Arroyos,"Sierra norte, Sevilla",,0
85000,1.0,3.0,6,37031589,70,63,Cazalla de la Sierra,"Sierra norte, Sevilla",,0
150000,3.0,4.0,0,37583900,200,,El Real de la Jara,"Sierra norte, Sevilla",,1
95000,2.0,4.0,10,39779856,141,122,Castilblanco de los Arroyos,"Sierra norte, Sevilla",1998,1
170000,2.0,4.0,1,30479879,1050,,Guillena,"Sierra norte, Sevilla",,0
360000,3.0,3.0,8,34849367,200,,El Pedroso,"Sierra norte, Sevilla",,1
108000,2.0,4.0,0,82943632,180,,Castilblanco de los Arroyos,"Sierra norte, Sevilla",,1
100000,2.0,4.0,1,82967709,205,187,La Puebla de los Infantes,"Sierra norte, Sevilla",,0
90000,3.0,4.0,1,83452574,400,,Cazalla de la Sierra,"Sierra norte, Sevilla",,1
62000,1.0,1.0,10,84038978,3186,55,Castilblanco de los Arroyos,"Sierra norte, Sevilla",2000,0
140000,2.0,3.0,6,84307968,140,,Guillena,"Sierra norte, Sevilla",2007,0
145000,2.0,3.0,3,84517592,82,75,Castilblanco de los Arroyos,"Sierra norte, Sevilla",1974,1
96000,2.0,2.0,3,84947650,110,83,Guillena,"Sierra norte, Sevilla",,1
102700,2.0,3.0,3,37727541,110,,Gerena,"Sierra norte, Sevilla",,0
80900,1.0,3.0,10,33956132,106,,Guillena,"Sierra norte, Sevilla",,0
992000,2.0,3.0,10,81282457,1,,Castilblanco de los Arroyos,"Sierra norte, Sevilla",,0
70000,2.0,3.0,6,37067436,102,95,Aznalcollar,"Sierra norte, Sevilla",,0
220000,3.0,5.0,1,83222065,412,194,El Castillo de las Guardas,"Sierra norte, Sevilla",2009,1
74000,2.0,3.0,3,83713562,102,,San Nicolas del Puerto,"Sierra norte, Sevilla",,0
73000,2.0,3.0,3,83713564,102,,San Nicolas del Puerto,"Sierra norte, Sevilla",,0
73000,2.0,3.0,3,83713561,102,,San Nicolas del Puerto,"Sierra norte, Sevilla",,0
73000,2.0,3.0,3,83713563,102,,San Nicolas del Puerto,"Sierra norte, Sevilla",,0
73000,2.0,3.0,3,83713953,102,,San Nicolas del Puerto,"Sierra norte, Sevilla",,0
73000,2.0,3.0,3,83714123,102,,San Nicolas del Puerto,"Sierra norte, Sevilla",,0
73000,2.0,3.0,3,83713098,102,,San Nicolas del Puerto,"Sierra norte, Sevilla",,0
73000,2.0,3.0,3,83713097,102,,San Nicolas del Puerto,"Sierra norte, Sevilla",,0
73000,2.0,3.0,3,83713206,102,,San Nicolas del Puerto,"Sierra norte, Sevilla",,0
73000,2.0,3.0,3,83712936,102,,San Nicolas del Puerto,"Sierra norte, Sevilla",,0
73000,2.0,3.0,3,83712938,102,,San Nicolas del Puerto,"Sierra norte, Sevilla",,0
73000,2.0,3.0,3,83712937,102,,San Nicolas del Puerto,"Sierra norte, Sevilla",,0
73000,2.0,3.0,3,83712940,102,,San Nicolas del Puerto,"Sierra norte, Sevilla",,0
73000,2.0,3.0,3,83712939,102,,San Nicolas del Puerto,"Sierra norte, Sevilla",,0
76000,2.0,3.0,3,83712935,102,,San Nicolas del Puerto,"Sierra norte, Sevilla",,0
73000,2.0,3.0,3,83712941,102,,San Nicolas del Puerto,"Sierra norte, Sevilla",,0
73000,2.0,3.0,3,83713083,102,,San Nicolas del Puerto,"Sierra norte, Sevilla",,0
74000,2.0,3.0,3,83713286,102,,San Nicolas del Puerto,"Sierra norte, Sevilla",,0
73000,2.0,3.0,3,83713311,102,,San Nicolas del Puerto,"Sierra norte, Sevilla",,0
73000,2.0,3.0,3,83713570,102,,San Nicolas del Puerto,"Sierra norte, Sevilla",,0
73000,2.0,3.0,3,83713571,102,,San Nicolas del Puerto,"Sierra norte, Sevilla",,0
73000,2.0,3.0,3,83713636,102,,San Nicolas del Puerto,"Sierra norte, Sevilla",,0
73000,2.0,3.0,3,83713789,102,,San Nicolas del Puerto,"Sierra norte, Sevilla",,0
74000,2.0,3.0,3,83713785,102,,San Nicolas del Puerto,"Sierra norte, Sevilla",,0
73000,2.0,3.0,3,83713786,102,,San Nicolas del Puerto,"Sierra norte, Sevilla",,0
73000,2.0,3.0,3,83713808,102,,San Nicolas del Puerto,"Sierra norte, Sevilla",,0
73000,2.0,3.0,3,83713986,102,,San Nicolas del Puerto,"Sierra norte, Sevilla",,0
73000,2.0,3.0,3,83713239,102,,San Nicolas del Puerto,"Sierra norte, Sevilla",,0
73000,2.0,3.0,3,83713293,102,,San Nicolas del Puerto,"Sierra norte, Sevilla",,0
73000,2.0,3.0,3,83713294,102,,San Nicolas del Puerto,"Sierra norte, Sevilla",,0
74000,2.0,3.0,3,83713295,102,,San Nicolas del Puerto,"Sierra norte, Sevilla",,0
73000,2.0,3.0,3,83713319,102,,San Nicolas del Puerto,"Sierra norte, Sevilla",,0
73000,2.0,3.0,3,83714341,102,,San Nicolas del Puerto,"Sierra norte, Sevilla",,0
73000,2.0,3.0,3,83714342,102,,San Nicolas del Puerto,"Sierra norte, Sevilla",,0
73000,2.0,3.0,3,83714343,102,,San Nicolas del Puerto,"Sierra norte, Sevilla",,0
73000,2.0,3.0,3,83713508,102,,San Nicolas del Puerto,"Sierra norte, Sevilla",,0
65000,2.0,2.0,6,32035897,80,70,El Castillo de las Guardas,"Sierra norte, Sevilla",,0
199900,2.0,3.0,1,36038948,1000,,Castilblanco de los Arroyos,"Sierra norte, Sevilla",,1
110000,2.0,3.0,6,32190583,160,96,Guillena,"Sierra norte, Sevilla",2006,0
125000,2.0,2.0,11,1942314,118,100,Cazalla de la Sierra,"Sierra norte, Sevilla",,0
143000,1.0,2.0,3,2036057,99,85,Guillena,"Sierra norte, Sevilla",,1
120000,1.0,5.0,1,25892130,1485,140,Castilblanco de los Arroyos,"Sierra norte, Sevilla",,1
57000,2.0,0.0,3,26654818,126,120,Constantina,"Sierra norte, Sevilla",,0
140000,2.0,4.0,8,27412526,200,150,Constantina,"Sierra norte, Sevilla",,0
210000,3.0,5.0,1,27423441,412,194,El Castillo de las Guardas,"Sierra norte, Sevilla",,1
118000,2.0,3.0,1,27507587,105,92,Guillena,"Sierra norte, Sevilla",,0
380000,2.0,5.0,1,28591315,1400,220,Guillena,"Sierra norte, Sevilla",1994,1
239000,3.0,6.0,0,30390272,350,,Guillena,"Sierra norte, Sevilla",,1
312518,2.0,4.0,1,32260566,600,,Cazalla de la Sierra,"Sierra norte, Sevilla",,1
110000,3.0,3.0,6,32549164,120,,Gerena,"Sierra norte, Sevilla",,1
145000,2.0,3.0,6,32590777,95,,Guillena,"Sierra norte, Sevilla",,0
95000,2.0,4.0,2,33523774,309,,El Garrobo,"Sierra norte, Sevilla",,0
196000,1.0,7.0,2,34068532,6300,,San Nicolas del Puerto,"Sierra norte, Sevilla",,1
110000,1.0,3.0,3,34077331,80,,Cazalla de la Sierra,"Sierra norte, Sevilla",,0
108000,2.0,4.0,0,34084794,150,140,Castilblanco de los Arroyos,"Sierra norte, Sevilla",,1
210000,2.0,4.0,1,33977322,1000,150,El Castillo de las Guardas,"Sierra norte, Sevilla",,0
160000,3.0,6.0,2,34334123,280,180,El Garrobo,"Sierra norte, Sevilla",,0
135000,2.0,4.0,6,29587927,200,,El Castillo de las Guardas,"Sierra norte, Sevilla",,0
90000,2.0,4.0,6,35296314,107,,El Ronquillo,"Sierra norte, Sevilla",,0
100000,2.0,3.0,3,35363950,115,90,Aznalcollar,"Sierra norte, Sevilla",1996,0
80000,2.0,4.0,8,35360805,2000,180,Castilblanco de los Arroyos,"Sierra norte, Sevilla",,1
175000,2.0,3.0,9,35415575,200,150,Guillena,"Sierra norte, Sevilla",,1
225000,3.0,5.0,1,35526123,212,,Guillena,"Sierra norte, Sevilla",,1
72000,2.0,3.0,1,35958472,107,,Gerena,"Sierra norte, Sevilla",,0
160000,1.0,3.0,1,36369737,550,80,Castilblanco de los Arroyos,"Sierra norte, Sevilla",,1
200000,2.0,5.0,8,36941940,500,,El Madroño,"Sierra norte, Sevilla",,1
120000,2.0,4.0,8,37590503,1200,140,Castilblanco de los Arroyos,"Sierra norte, Sevilla",,1
126000,1.0,3.0,3,37854648,106,100,Guillena,"Sierra norte, Sevilla",,0
68000,2.0,4.0,6,38129301,160,,Guillena,"Sierra norte, Sevilla",,0
80000,2.0,4.0,6,32094971,215,,Castilblanco de los Arroyos,"Sierra norte, Sevilla",2007,1
180000,1.0,4.0,4,39118495,42500,,El Ronquillo,"Sierra norte, Sevilla",,1
120000,2.0,6.0,1,25081509,364,,Constantina,"Sierra norte, Sevilla",,1
118000,2.0,3.0,3,35027412,100,,Guillena,"Sierra norte, Sevilla",,0
130000,2.0,3.0,1,39424674,4000,,Guillena,"Sierra norte, Sevilla",,1
120000,1.0,3.0,5,39579667,6100,,El Ronquillo,"Sierra norte, Sevilla",,1
290000,3.0,5.0,1,25345060,420,,Guillena,"Sierra norte, Sevilla",,1
120000,2.0,4.0,6,40359447,112,,Guillena,"Sierra norte, Sevilla",,0
112000,2.0,3.0,2,40530528,120,,Cazalla de la Sierra,"Sierra norte, Sevilla",2003,1
30000,2.0,2.0,2,81124565,100,,Alanis,"Sierra norte, Sevilla",,0
156000,2.0,3.0,1,81167408,150,140,Constantina,"Sierra norte, Sevilla",2010,0
40000,1.0,3.0,2,81187969,115,103,El Pedroso,"Sierra norte, Sevilla",,0
104000,2.0,3.0,6,81398587,144,,Alanis,"Sierra norte, Sevilla",1957,0
110000,2.0,4.0,6,81546613,115,95,El Pedroso,"Sierra norte, Sevilla",,0
200000,2.0,3.0,1,81561941,2300,198,Guillena,"Sierra norte, Sevilla",,1
28000,1.0,2.0,2,39413346,50,,Guillena,"Sierra norte, Sevilla",,0
150000,2.0,4.0,1,34925847,160,,El Pedroso,"Sierra norte, Sevilla",2000,0
50000,1.0,3.0,2,82757506,110,100,Castilblanco de los Arroyos,"Sierra norte, Sevilla",,0
94500,1.0,3.0,0,83788548,120,,El Pedroso,"Sierra norte, Sevilla",,0
72000,1.0,3.0,8,28912641,1292,,Castilblanco de los Arroyos,"Sierra norte, Sevilla",,0
195000,4.0,4.0,8,84082419,240,,El Castillo de las Guardas,"Sierra norte, Sevilla",,1
102200,3.0,5.0,11,25469105,220,215,Cazalla de la Sierra,"Sierra norte, Sevilla",,0
60000,1.0,3.0,2,84337847,120,,El Castillo de las Guardas,"Sierra norte, Sevilla",,0
98000,2.0,4.0,6,38420090,120,115,Guillena,"Sierra norte, Sevilla",,0
131000,1.0,3.0,6,84643278,140,,Guillena,"Sierra norte, Sevilla",,1
195000,4.0,5.0,6,84679647,100,,Guillena,"Sierra norte, Sevilla",,0
175000,2.0,4.0,6,84830176,301,,Gerena,"Sierra norte, Sevilla",,0
58000,1.0,2.0,3,84826170,91,,Aznalcollar,"Sierra norte, Sevilla",2012,1
102400,2.0,4.0,10,85010494,120,102,Guillena,"Sierra norte, Sevilla",,0
75000,1.0,3.0,6,81606935,109,,La Puebla de los Infantes,"Sierra norte, Sevilla",,1
60000,1.0,2.0,3,82331986,73,60,Guillena,"Sierra norte, Sevilla",1992,0
58500,1.0,2.0,3,40444004,53,,Aznalcollar,"Sierra norte, Sevilla",,0
1300000,6.0,6.0,4,36286454,280000,335,Cazalla de la Sierra,"Sierra norte, Sevilla",,0
245000,3.0,3.0,10,84902637,226,166,Guillena,"Sierra norte, Sevilla",,0
70000,1.0,2.0,5,83545409,3000,,Castilblanco de los Arroyos,"Sierra norte, Sevilla",2012,0
100000,3.0,3.0,0,28563739,200,100,El Real de la Jara,"Sierra norte, Sevilla",,1
182200,1.0,2.0,3,34453426,198,190,Constantina,"Sierra norte, Sevilla",,0
42000,1.0,2.0,2,37767300,214,,Castilblanco de los Arroyos,"Sierra norte, Sevilla",,0
52000,1.0,3.0,10,81337436,129,,Aznalcollar,"Sierra norte, Sevilla",1930,0
69000,2.0,4.0,3,81780312,110,100,Constantina,"Sierra norte, Sevilla",,0
66000,1.0,3.0,1,83235923,124,,Cazalla de la Sierra,"Sierra norte, Sevilla",,1
23000,1.0,1.0,1,83787302,90,,Aznalcollar,"Sierra norte, Sevilla",,0
89000,2.0,3.0,1,36417330,700,145,Castilblanco de los Arroyos,"Sierra norte, Sevilla",,1
82000,2.0,2.0,1,1608109,85,,El Castillo de las Guardas,"Sierra norte, Sevilla",2006,1
135000,1.0,2.0,9,2158100,100,70,Guillena,"Sierra norte, Sevilla",2008,1
130000,2.0,3.0,9,2174800,185,116,Gerena,"Sierra norte, Sevilla",,1
42000,1.0,2.0,5,25063481,15800,62,Almadén de la Plata,"Sierra norte, Sevilla",,0
49000,1.0,1.0,6,25191093,300,,El Castillo de las Guardas,"Sierra norte, Sevilla",,0
120000,1.0,3.0,2,26482963,1500,100,El Castillo de las Guardas,"Sierra norte, Sevilla",,1
98000,1.0,1.0,3,26679447,60,50,Guillena,"Sierra norte, Sevilla",,0
64900,1.0,2.0,6,26793213,75,70,Cazalla de la Sierra,"Sierra norte, Sevilla",,0
160000,2.0,4.0,1,27010168,200,170,Constantina,"Sierra norte, Sevilla",,0
140000,3.0,4.0,6,27080481,121,116,Gerena,"Sierra norte, Sevilla",,1
120000,2.0,2.0,1,27334353,1100,110,Guillena,"Sierra norte, Sevilla",,0
115000,2.0,4.0,6,27830873,140,110,Cazalla de la Sierra,"Sierra norte, Sevilla",,0
180000,1.0,3.0,1,28369555,1000,,Constantina,"Sierra norte, Sevilla",,1
126000,2.0,3.0,1,29372616,555,240,Aznalcollar,"Sierra norte, Sevilla",,1
120000,3.0,3.0,0,29505146,125,105,Gerena,"Sierra norte, Sevilla",,1
490000,3.0,4.0,1,29560767,5000,230,Guillena,"Sierra norte, Sevilla",,1
165000,3.0,3.0,8,31489879,165,,El Pedroso,"Sierra norte, Sevilla",,0
129000,2.0,4.0,1,35179678,140,,La Puebla de los Infantes,"Sierra norte, Sevilla",,0
100000,1.0,2.0,3,35549721,99,75,El Pedroso,"Sierra norte, Sevilla",2009,0
125000,2.0,3.0,3,36647603,96,81,Guillena,"Sierra norte, Sevilla",,0
137000,3.0,3.0,0,36651736,200,,El Real de la Jara,"Sierra norte, Sevilla",,0
398000,2.0,3.0,5,36792860,35000,50,Aznalcollar,"Sierra norte, Sevilla",,1
49864,2.0,3.0,5,37286242,1860,40,Castilblanco de los Arroyos,"Sierra norte, Sevilla",,0
225000,3.0,4.0,8,37506954,3000,,San Nicolas del Puerto,"Sierra norte, Sevilla",,1
190000,1.0,1.0,5,38176010,62046,,Constantina,"Sierra norte, Sevilla",,0
120000,1.0,6.0,2,39175841,350,,Guadalcanal,"Sierra norte, Sevilla",,1
87000,3.0,3.0,6,39252122,110,96,Gerena,"Sierra norte, Sevilla",,0
124500,2.0,3.0,11,39421931,110,90,Guillena,"Sierra norte, Sevilla",,1
120000,2.0,3.0,0,39432629,250,100,San Nicolas del Puerto,"Sierra norte, Sevilla",2008,1
80000,1.0,2.0,5,40045936,15000,,Guadalcanal,"Sierra norte, Sevilla",,0
55000,1.0,3.0,3,40185898,100,82,Alanis,"Sierra norte, Sevilla",,0
180000,1.0,4.0,2,40521206,250,,Almadén de la Plata,"Sierra norte, Sevilla",,0
800000,7.0,8.0,5,81142315,35000,,Cazalla de la Sierra,"Sierra norte, Sevilla",,1
70000,1.0,3.0,3,81619139,100,,El Pedroso,"Sierra norte, Sevilla",,0
115000,2.0,3.0,6,81644791,125,100,Cazalla de la Sierra,"Sierra norte, Sevilla",,0
38000,1.0,1.0,5,81711606,8500,23,Las Navas de la Concepcion,"Sierra norte, Sevilla",2012,0
275000,3.0,3.0,1,37867884,800,,Constantina,"Sierra norte, Sevilla",,1
109900,3.0,3.0,6,28518380,40,120,Gerena,"Sierra norte, Sevilla",,1
107000,3.0,3.0,6,82297772,106,131,Guillena,"Sierra norte, Sevilla",,1
140000,1.0,3.0,5,82369774,25000,96,El Ronquillo,"Sierra norte, Sevilla",,0
300000,5.0,5.0,2,82561507,294,272,El Castillo de las Guardas,"Sierra norte, Sevilla",,0
150000,2.0,3.0,5,82550021,8050,50,Castilblanco de los Arroyos,"Sierra norte, Sevilla",,0
120000,2.0,5.0,6,82950933,115,130,Guillena,"Sierra norte, Sevilla",2005,1
75000,1.0,3.0,8,82984171,1500,100,El Castillo de las Guardas,"Sierra norte, Sevilla",,0
110000,2.0,4.0,2,82990733,150,,El Real de la Jara,"Sierra norte, Sevilla",,0
97800,2.0,3.0,10,83390133,106,,El Ronquillo,"Sierra norte, Sevilla",,0
150000,1.0,2.0,2,83601077,200000,,Las Navas de la Concepcion,"Sierra norte, Sevilla",,0
125000,1.0,3.0,1,83761038,147,,El Garrobo,"Sierra norte, Sevilla",,0
375000,2.0,4.0,2,83814158,307,,Almadén de la Plata,"Sierra norte, Sevilla",2002,1
125000,2.0,4.0,1,37583407,650,,El Castillo de las Guardas,"Sierra norte, Sevilla",,1
65000,1.0,1.0,2,83916891,90,65,El Pedroso,"Sierra norte, Sevilla",,0
115000,3.0,4.0,6,1872607,120,,Gerena,"Sierra norte, Sevilla",,0
60000,2.0,3.0,2,84297924,153,,El Real de la Jara,"Sierra norte, Sevilla",,0
59000,1.0,2.0,3,84324237,65,60,Guillena,"Sierra norte, Sevilla",,0
300000,3.0,3.0,2,84323298,1300,,Guillena,"Sierra norte, Sevilla",,1
64000,1.0,2.0,3,84343609,65,,Guillena,"Sierra norte, Sevilla",,0
330000,4.0,3.0,6,31575554,60,,Cazalla de la Sierra,"Sierra norte, Sevilla",,1
300000,3.0,3.0,1,84518536,1300,,Guillena,"Sierra norte, Sevilla",,1
75000,1.0,1.0,3,84538688,70,,Guillena,"Sierra norte, Sevilla",,0
93000,3.0,3.0,2,28915209,150,,Gerena,"Sierra norte, Sevilla",,1
196700,2.0,3.0,1,82846491,311,,Guillena,"Sierra norte, Sevilla",,0
51600,2.0,3.0,1,82846523,100,,El Garrobo,"Sierra norte, Sevilla",,1
125000,3.0,4.0,6,30305864,133,,Gerena,"Sierra norte, Sevilla",,1
219500,3.0,5.0,6,39666894,210,190,Guillena,"Sierra norte, Sevilla",2006,1
120000,2.0,2.0,0,84450601,119,,El Castillo de las Guardas,"Sierra norte, Sevilla",,0
58000,1.0,3.0,2,84725395,80,,El Real de la Jara,"Sierra norte, Sevilla",,0
65000,2.0,2.0,6,412533,70,,El Castillo de las Guardas,"Sierra norte, Sevilla",2005,0
105000,2.0,3.0,6,84909653,140,,Guillena,"Sierra norte, Sevilla",,0
115000,2.0,3.0,6,39441198,117,,Guillena,"Sierra norte, Sevilla",,1
98000,1.0,1.0,3,1657119,47,40,Guillena,"Sierra norte, Sevilla",,0
86000,1.0,0.0,3,1977128,72,70,Constantina,"Sierra norte, Sevilla",2008,0
112000,2.0,3.0,1,415817,450,115,El Castillo de las Guardas,"Sierra norte, Sevilla",,0
90000,1.0,2.0,3,1614517,68,55,Guillena,"Sierra norte, Sevilla",,0
175000,2.0,3.0,3,25474683,180,165,Guillena,"Sierra norte, Sevilla",,1
75000,1.0,3.0,3,30091979,75,63,El Pedroso,"Sierra norte, Sevilla",,0
275000,2.0,3.0,8,31351594,2000,130,Guillena,"Sierra norte, Sevilla",,1
55622,1.0,2.0,6,31518680,137,125,Aznalcollar,"Sierra norte, Sevilla",,0
91121,2.0,2.0,6,33112189,132,111,Castilblanco de los Arroyos,"Sierra norte, Sevilla",,0
119000,2.0,4.0,6,34228295,30,,Almadén de la Plata,"Sierra norte, Sevilla",,0
129000,2.0,3.0,1,35448617,680,,Castilblanco de los Arroyos,"Sierra norte, Sevilla",2000,0
42000,1.0,2.0,3,37141881,65,,Guillena,"Sierra norte, Sevilla",,1
60000,1.0,4.0,2,38426085,280,,Cazalla de la Sierra,"Sierra norte, Sevilla",,0
59100,1.0,1.0,3,82363244,78,51,Aznalcollar,"Sierra norte, Sevilla",,1
72688,1.0,2.0,6,82609579,87,69,Guillena,"Sierra norte, Sevilla",,0
81382,1.0,3.0,6,83848940,91,73,Guillena,"Sierra norte, Sevilla",,0
52600,2.0,3.0,6,84173964,100,78,El Ronquillo,"Sierra norte, Sevilla",2005,0
8000,0.0,1.0,2,82637712,59,,Constantina,"Sierra norte, Sevilla",,0
127000,1.0,3.0,1,84519959,550,,Castilblanco de los Arroyos,"Sierra norte, Sevilla",,0
82000,1.0,2.0,3,84926421,73,,Guillena,"Sierra norte, Sevilla",,0
130000,1.0,3.0,2,84945015,335,,Gerena,"Sierra norte, Sevilla",,1
400000,5.0,6.0,2,84976729,700,487,La Puebla de los Infantes,"Sierra norte, Sevilla",,0
21000,1.0,2.0,3,31882003,60,,Guillena,"Sierra norte, Sevilla",,0
44000,1.0,3.0,3,82775117,95,92,Guadalcanal,"Sierra norte, Sevilla",,1
125000,1.0,6.0,2,81194038,500,,El Pedroso,"Sierra norte, Sevilla",,1
140494,1.0,3.0,3,82181090,234,140,Almadén de la Plata,"Sierra norte, Sevilla",,0
92990,2.0,3.0,6,83675211,148,95,Gerena,"Sierra norte, Sevilla",2001,1
218300,2.0,4.0,6,82064473,204,162,Guillena,"Sierra norte, Sevilla",2005,0
85000,2.0,3.0,1,84505878,106,,El Ronquillo,"Sierra norte, Sevilla",,1
120000,2.0,5.0,2,39885638,300,,El Castillo de las Guardas,"Sierra norte, Sevilla",,0
21300,1.0,2.0,6,35194106,90,72,El Pedroso,"Sierra norte, Sevilla",,0
61700,2.0,5.0,6,35194434,141,,El Castillo de las Guardas,"Sierra norte, Sevilla",,0
26500,1.0,1.0,3,36819246,56,41,El Castillo de las Guardas,"Sierra norte, Sevilla",,0
82900,2.0,3.0,6,36933258,125,,El Garrobo,"Sierra norte, Sevilla",,0
42100,1.0,2.0,6,36879082,89,74,Almadén de la Plata,"Sierra norte, Sevilla",,0
51600,2.0,3.0,10,37335744,103,82,La Puebla de los Infantes,"Sierra norte, Sevilla",,0
395000,4.0,6.0,1,36224733,502,252,Guillena,"Sierra norte, Sevilla",,1
37000,1.0,1.0,3,38569778,61,44,Alanis,"Sierra norte, Sevilla",,0
42900,1.0,3.0,3,39791290,80,49,La Puebla de los Infantes,"Sierra norte, Sevilla",,0
79700,2.0,3.0,6,81136463,127,103,Gerena,"Sierra norte, Sevilla",,0
80000,2.0,4.0,6,82591457,75,,El Pedroso,"Sierra norte, Sevilla",,0
52600,2.0,3.0,6,31909474,99,78,El Ronquillo,"Sierra norte, Sevilla",,1
81400,1.0,3.0,1,82987198,477,66,Castilblanco de los Arroyos,"Sierra norte, Sevilla",2004,0
260000,1.0,3.0,8,84603119,8000,90,Castilblanco de los Arroyos,"Sierra norte, Sevilla",,0
84000,2.0,3.0,10,84743412,98,,Guillena,"Sierra norte, Sevilla",,0
57000,1.0,2.0,3,84956018,67,,El Castillo de las Guardas,"Sierra norte, Sevilla",,0
275000,2.0,4.0,1,25579386,190,,Guillena,"Sierra norte, Sevilla",,1
146000,1.0,2.0,9,36249092,115,,Guillena,"Sierra norte, Sevilla",,0
380000,4.0,3.0,1,37005237,26862,,El Castillo de las Guardas,"Sierra norte, Sevilla",,1
210000,2.0,3.0,1,39327269,1000,,Guillena,"Sierra norte, Sevilla",,1
175000,2.0,7.0,1,81399219,900,,Guillena,"Sierra norte, Sevilla",,1
102400,2.0,4.0,10,83298521,120,,Guillena,"Sierra norte, Sevilla",,0
270000,3.0,4.0,6,83449515,194,,Guillena,"Sierra norte, Sevilla",,0
178000,2.0,3.0,8,83851603,7000,,Castilblanco de los Arroyos,"Sierra norte, Sevilla",2002,1
117400,2.0,3.0,6,83922553,123,,Gerena,"Sierra norte, Sevilla",2007,0
105000,0.0,3.0,10,84063733,103,,El Pedroso,"Sierra norte, Sevilla",1940,0
97800,2.0,4.0,10,84126733,122,,Aznalcollar,"Sierra norte, Sevilla",,0
93000,3.0,4.0,6,32566296,158,112,Gerena,"Sierra norte, Sevilla",,1
45849,2.0,3.0,6,33490535,87,70,Guillena,"Sierra norte, Sevilla",,0
71300,2.0,2.0,6,31699804,115,98,Cazalla de la Sierra,"Sierra norte, Sevilla",,0
41000,1.0,1.0,3,31775817,92,72,Cazalla de la Sierra,"Sierra norte, Sevilla",,0
108900,1.0,4.0,6,32449192,161,,Gerena,"Sierra norte, Sevilla",,1
81300,1.0,3.0,6,32449191,132,,Gerena,"Sierra norte, Sevilla",,1
41900,1.0,3.0,6,31718735,120,105,Aznalcollar,"Sierra norte, Sevilla",,0
73400,1.0,3.0,10,33460579,90,,El Castillo de las Guardas,"Sierra norte, Sevilla",,1
58500,1.0,4.0,0,35524817,155,120,Cazalla de la Sierra,"Sierra norte, Sevilla",,0
55500,1.0,3.0,10,31719333,111,92,Aznalcollar,"Sierra norte, Sevilla",,0
17600,1.0,1.0,10,31698344,52,43,Constantina,"Sierra norte, Sevilla",,0
275000,3.0,4.0,10,40198956,256,217,Guillena,"Sierra norte, Sevilla",2007,0
78900,1.0,3.0,10,40495814,275,,El Madroño,"Sierra norte, Sevilla",,1
41000,1.0,1.0,3,82146570,92,72,Cazalla de la Sierra,"Sierra norte, Sevilla",,0
80900,1.0,3.0,1,83904607,1000,107,Guillena,"Sierra norte, Sevilla",2005,0
71300,1.0,2.0,6,84273400,86,98,Cazalla de la Sierra,"Sierra norte, Sevilla",2007,0
219000,3.0,5.0,10,84576489,50000,,Cazalla de la Sierra,"Sierra norte, Sevilla",,0
219000,3.0,5.0,10,84576490,50000,,Cazalla de la Sierra,"Sierra norte, Sevilla",,0
699000,4.0,5.0,10,84576528,160000,,El Castillo de las Guardas,"Sierra norte, Sevilla",,0
130000,2.0,2.0,10,84951698,106,,El Pedroso,"Sierra norte, Sevilla",2008,0
77130,1.0,2.0,3,36533824,73,,Guillena,"Sierra norte, Sevilla",,0
190000,1.0,3.0,5,28205432,10000,104,El Pedroso,"Sierra norte, Sevilla",,1
83999,2.0,3.0,8,34845329,60,,Alanis,"Sierra norte, Sevilla",,0
190000,3.0,5.0,0,82191403,335,,Guillena,"Sierra norte, Sevilla",,1
90000,2.0,5.0,6,82320459,375,,Las Navas de la Concepcion,"Sierra norte, Sevilla",1993,0
160000,1.0,3.0,6,83545148,125,110,Gerena,"Sierra norte, Sevilla",2009,1
65650,1.0,4.0,6,83965153,126,,El Garrobo,"Sierra norte, Sevilla",,0
295000,2.0,5.0,6,84205052,381,335,Gerena,"Sierra norte, Sevilla",,1
81382,1.0,3.0,6,84717964,72,91,Guillena,"Sierra norte, Sevilla",,0
5000,0.0,1.0,2,82637750,63,,Constantina,"Sierra norte, Sevilla",,0
87100,3.0,4.0,6,84617018,120,97,Gerena,"Sierra norte, Sevilla",2009,0
20800,1.0,3.0,6,84957049,48,,Aznalcollar,"Sierra norte, Sevilla",,0
98814,2.0,3.0,6,29456657,128,105,Guillena,"Sierra norte, Sevilla",,0
830000,4.0,7.0,5,31709163,385000,,El Pedroso,"Sierra norte, Sevilla",,0
73458,1.0,2.0,6,34339499,105,87,Gerena,"Sierra norte, Sevilla",,0
83693,2.0,3.0,6,34355853,127,105,Gerena,"Sierra norte, Sevilla",,0
85000,2.0,3.0,3,34655691,85,,Guillena,"Sierra norte, Sevilla",,0
123000,2.0,3.0,2,35232728,275,170,Cazalla de la Sierra,"Sierra norte, Sevilla",,1
77520,2.0,3.0,6,35753249,113,100,Gerena,"Sierra norte, Sevilla",,0
76496,2.0,3.0,6,35753251,112,94,Gerena,"Sierra norte, Sevilla",,0
72367,2.0,3.0,0,39250826,112,,Gerena,"Sierra norte, Sevilla",,1
84000,2.0,3.0,1,84688746,98,,Guillena,"Sierra norte, Sevilla",,1
107500,3.0,3.0,6,84696814,116,,Gerena,"Sierra norte, Sevilla",2007,1
43900,1.0,3.0,3,32757356,130,109,El Ronquillo,"Sierra norte, Sevilla",,0
213000,2.0,4.0,1,84848768,320,217,Guillena,"Sierra norte, Sevilla",,1
127000,2.0,4.0,6,29614599,145,,Guillena,"Sierra norte, Sevilla",,0
121000,1.0,2.0,1,30235661,128,,Guillena,"Sierra norte, Sevilla",,1
95000,1.0,3.0,1,33985741,1125,90,Guillena,"Sierra norte, Sevilla",1976,1
35700,1.0,3.0,3,31720087,107,,Aznalcollar,"Sierra norte, Sevilla",,0
83900,2.0,3.0,6,36485271,114,96,Gerena,"Sierra norte, Sevilla",,0
39800,1.0,1.0,3,37099334,73,,Guillena,"Sierra norte, Sevilla",,0
80000,2.0,4.0,6,81582235,61,,Guillena,"Sierra norte, Sevilla",,0
88000,2.0,2.0,6,81830468,80,,Guillena,"Sierra norte, Sevilla",,0
60000,1.0,2.0,3,82293331,75,60,Guillena,"Sierra norte, Sevilla",1992,1
45500,1.0,1.0,3,82559855,81,52,Aznalcollar,"Sierra norte, Sevilla",,1
830000,4.0,7.0,5,82832147,40000,478,El Pedroso,"Sierra norte, Sevilla",,0
188800,3.0,2.0,10,82912084,409,,La Puebla de los Infantes,"Sierra norte, Sevilla",,1
107600,3.0,3.0,6,82930414,178,,Guillena,"Sierra norte, Sevilla",,1
107600,3.0,3.0,6,82957666,178,,Guillena,"Sierra norte, Sevilla",,1
107600,3.0,3.0,6,82957667,178,,Guillena,"Sierra norte, Sevilla",,1
107600,3.0,3.0,6,82957668,178,,Guillena,"Sierra norte, Sevilla",,1
107600,3.0,3.0,6,82957669,178,,Guillena,"Sierra norte, Sevilla",,1
110700,3.0,4.0,6,82957671,221,,Guillena,"Sierra norte, Sevilla",,1
110700,3.0,4.0,6,82957672,182,,Guillena,"Sierra norte, Sevilla",,1
107600,3.0,3.0,6,82957673,178,,Guillena,"Sierra norte, Sevilla",,1
107600,3.0,3.0,6,82957674,178,,Guillena,"Sierra norte, Sevilla",,1
107600,3.0,3.0,6,82957675,178,,Guillena,"Sierra norte, Sevilla",,1
107600,3.0,3.0,6,82957676,178,,Guillena,"Sierra norte, Sevilla",,1
107600,3.0,3.0,6,82957677,178,,Guillena,"Sierra norte, Sevilla",,1
264192,3.0,5.0,1,81399066,421,217,Guillena,"Sierra norte, Sevilla",2010,0
90000,1.0,2.0,10,83725917,1400,78,Guillena,"Sierra norte, Sevilla",2004,0
90000,2.0,4.0,10,83847930,190,214,Constantina,"Sierra norte, Sevilla",1933,1
110000,2.0,3.0,5,83896464,46607,,El Castillo de las Guardas,"Sierra norte, Sevilla",,0
1900000,5.0,5.0,1,84477554,450000,,Constantina,"Sierra norte, Sevilla",,1
84000,2.0,3.0,10,84671154,98,,Guillena,"Sierra norte, Sevilla",,0
210000,3.0,5.0,0,84756305,320,,Guillena,"Sierra norte, Sevilla",,1
76000,1.0,5.0,6,32131577,180,,El Castillo de las Guardas,"Sierra norte, Sevilla",,0
86000,2.0,3.0,0,39209729,70,,Gerena,"Sierra norte, Sevilla",,1
120000,2.0,3.0,6,83954551,110,,Gerena,"Sierra norte, Sevilla",,1
37000,1.0,0.0,12,83904684,62,44,Alanis,"Sierra norte, Sevilla",,0
185400,3.0,3.0,0,84872717,300,184,Cazalla de la Sierra,"Sierra norte, Sevilla",2008,0
108000,1.0,2.0,5,84972574,10000,,El Pedroso,"Sierra norte, Sevilla",,0
110000,2.0,3.0,11,29955315,130,120,Constantina,"Sierra norte, Sevilla",,0
41000,1.0,1.0,3,84607451,55,50,El Pedroso,"Sierra norte, Sevilla",2009,0
180000,2.0,5.0,1,2043190,500,400,Alanis,"Sierra norte, Sevilla",,1
57000,2.0,3.0,1,2114229,130,,La Puebla de los Infantes,"Sierra norte, Sevilla",,0
250000,3.0,3.0,1,2133647,1020,190,Guillena,"Sierra norte, Sevilla",,1
135000,3.0,5.0,6,25325182,123,114,Gerena,"Sierra norte, Sevilla",,0
150000,1.0,3.0,3,27570500,90,89,Constantina,"Sierra norte, Sevilla",,0
140000,2.0,3.0,6,27634172,149,94,El Pedroso,"Sierra norte, Sevilla",,1
125000,2.0,3.0,6,27922599,150,67,El Castillo de las Guardas,"Sierra norte, Sevilla",,0
93000,1.0,4.0,6,28844085,160,,El Pedroso,"Sierra norte, Sevilla",1990,0
148000,3.0,3.0,6,29437547,120,110,Gerena,"Sierra norte, Sevilla",2007,1
240000,2.0,3.0,1,29800671,940,,El Castillo de las Guardas,"Sierra norte, Sevilla",,0
64000,1.0,2.0,1,30305097,73,,Guillena,"Sierra norte, Sevilla",,0
62000,2.0,4.0,1,30522430,1000,,Castilblanco de los Arroyos,"Sierra norte, Sevilla",,1
248000,3.0,6.0,1,30846162,280,,Cazalla de la Sierra,"Sierra norte, Sevilla",,0
355000,1.0,4.0,8,31031697,75000,150,Constantina,"Sierra norte, Sevilla",,1
95000,1.0,4.0,2,31053876,325,,Aznalcollar,"Sierra norte, Sevilla",,0
140000,2.0,4.0,6,31371017,140,,Guillena,"Sierra norte, Sevilla",,1
142000,3.0,3.0,0,31882127,200,,El Real de la Jara,"Sierra norte, Sevilla",2009,1
120000,3.0,3.0,0,32584194,200,,El Real de la Jara,"Sierra norte, Sevilla",,1
159000,2.0,3.0,1,32613502,1280,,Guillena,"Sierra norte, Sevilla",,1
140000,2.0,4.0,2,31475510,200,,Guillena,"Sierra norte, Sevilla",,0
80000,2.0,3.0,0,33723336,50,160,Castilblanco de los Arroyos,"Sierra norte, Sevilla",,1
320000,1.0,5.0,1,33872514,9800,120,Guadalcanal,"Sierra norte, Sevilla",,1
220000,2.0,4.0,1,33975959,1600,170,El Castillo de las Guardas,"Sierra norte, Sevilla",,1
75500,2.0,4.0,6,34246661,160,92,Castilblanco de los Arroyos,"Sierra norte, Sevilla",,0
150000,2.0,3.0,1,34537416,551,100,Castilblanco de los Arroyos,"Sierra norte, Sevilla",,1
135000,3.0,4.0,3,34968563,176,146,Guillena,"Sierra norte, Sevilla",,0
80000,2.0,3.0,8,35052712,350,100,Castilblanco de los Arroyos,"Sierra norte, Sevilla",,0
135000,2.0,2.0,11,35101271,110,,Guillena,"Sierra norte, Sevilla",2011,0
108000,3.0,6.0,1,35429869,895,,Castilblanco de los Arroyos,"Sierra norte, Sevilla",,1
126000,2.0,3.0,6,35605140,124,116,Guillena,"Sierra norte, Sevilla",,0
179000,3.0,7.0,6,36398017,208,158,Guillena,"Sierra norte, Sevilla",2005,1
179500,2.0,3.0,3,36860419,100,,Guillena,"Sierra norte, Sevilla",,1
155000,2.0,4.0,1,37764076,171,,Alanis,"Sierra norte, Sevilla",,0
225600,3.0,5.0,6,31111998,200,,Guillena,"Sierra norte, Sevilla",,1
150000,2.0,4.0,1,37914245,3000,,Castilblanco de los Arroyos,"Sierra norte, Sevilla",,1
200000,1.0,4.0,1,37970227,350,,Gerena,"Sierra norte, Sevilla",,0
150000,3.0,8.0,2,38181126,662,250,Almadén de la Plata,"Sierra norte, Sevilla",,1
113000,2.0,4.0,0,38222848,111,,La Puebla de los Infantes,"Sierra norte, Sevilla",,0
160000,2.0,3.0,1,38298888,900,,El Garrobo,"Sierra norte, Sevilla",,0
180000,3.0,4.0,1,36640943,650,160,Guillena,"Sierra norte, Sevilla",,1
125000,2.0,3.0,0,39557840,200,100,El Real de la Jara,"Sierra norte, Sevilla",2009,1
160000,2.0,5.0,2,39611371,2808,124,Guillena,"Sierra norte, Sevilla",1980,1
160000,3.0,6.0,1,29501542,176,,Cazalla de la Sierra,"Sierra norte, Sevilla",1991,0
400000,2.0,4.0,1,40319613,2036,,Castilblanco de los Arroyos,"Sierra norte, Sevilla",,1
375000,3.0,4.0,1,81385453,1300,380,Guillena,"Sierra norte, Sevilla",,1
220000,2.0,4.0,2,81619518,720,,El Ronquillo,"Sierra norte, Sevilla",,0
375000,3.0,4.0,5,81719493,140000,,Constantina,"Sierra norte, Sevilla",,1
650000,3.0,7.0,4,81995526,170000,230,Almadén de la Plata,"Sierra norte, Sevilla",,0
120000,1.0,7.0,2,82214618,120,,Constantina,"Sierra norte, Sevilla",,0
195000,3.0,4.0,1,82643582,1200,,Guillena,"Sierra norte, Sevilla",,1
240000,2.0,3.0,5,82933421,20000,,Cazalla de la Sierra,"Sierra norte, Sevilla",,0
105000,2.0,4.0,0,82943633,180,100,Castilblanco de los Arroyos,"Sierra norte, Sevilla",,1
375000,3.0,4.0,1,82961163,1000,190,Castilblanco de los Arroyos,"Sierra norte, Sevilla",,1
280000,3.0,5.0,0,83050862,324,,Guillena,"Sierra norte, Sevilla",,0
149000,2.0,4.0,6,83174014,160,123,Castilblanco de los Arroyos,"Sierra norte, Sevilla",2010,1
126000,2.0,5.0,1,83446034,313,190,El Ronquillo,"Sierra norte, Sevilla",,1
120000,3.0,8.0,5,83600419,4854,243,El Castillo de las Guardas,"Sierra norte, Sevilla",1990,1
120000,1.0,3.0,1,83829159,800,105,El Garrobo,"Sierra norte, Sevilla",,0
105000,1.0,3.0,8,83962346,330,80,El Castillo de las Guardas,"Sierra norte, Sevilla",,0
130000,2.0,3.0,1,36819408,140,120,Guillena,"Sierra norte, Sevilla",,1
69900,1.0,4.0,5,84074974,2000,,Castilblanco de los Arroyos,"Sierra norte, Sevilla",,1
98795,2.0,4.0,1,84330559,168,,Castilblanco de los Arroyos,"Sierra norte, Sevilla",,1
220000,2.0,4.0,6,84608463,330,,Aznalcollar,"Sierra norte, Sevilla",,1
90000,2.0,3.0,5,84925485,50000,850,El Ronquillo,"Sierra norte, Sevilla",1997,0
103000,2.0,3.0,0,28144558,72,142,Guillena,"Sierra norte, Sevilla",1998,0
330000,4.0,7.0,1,84720939,504,280,Guillena,"Sierra norte, Sevilla",2005,0
159075,2.0,3.0,5,38767616,25000,,El Ronquillo,"Sierra norte, Sevilla",,0
150000,3.0,3.0,6,84925487,156,138,Gerena,"Sierra norte, Sevilla",2011,1
3834000,6.0,8.0,5,81509984,426000,,Aznalcollar,"Sierra norte, Sevilla",,0
189000,2.0,2.0,5,30591213,91000,91000,El Castillo de las Guardas,"Sierra norte, Sevilla",,0
125000,2.0,4.0,6,31481928,120,,Guillena,"Sierra norte, Sevilla",,1
395000,4.0,6.0,1,84181939,590,242,Guillena,"Sierra norte, Sevilla",2006,1
120000,3.0,3.0,6,84431011,106,95,Gerena,"Sierra norte, Sevilla",2008,0
85000,2.0,3.0,10,84764572,106,,El Ronquillo,"Sierra norte, Sevilla",,0
65650,1.0,4.0,6,84875369,126,,El Garrobo,"Sierra norte, Sevilla",,0
160000,2.0,4.0,1,82131302,10000,,Alanis,"Sierra norte, Sevilla",,1
120000,1.0,6.0,2,82897570,383,,Guadalcanal,"Sierra norte, Sevilla",,1
108700,2.0,3.0,6,84163622,132,85,El Ronquillo,"Sierra norte, Sevilla",2008,0
135000,1.0,4.0,1,81819132,174,,El Ronquillo,"Sierra norte, Sevilla",,0
71100,2.0,3.0,2,83944783,117,,Aznalcollar,"Sierra norte, Sevilla",,1
57600,2.0,3.0,2,83952839,90,,Castilblanco de los Arroyos,"Sierra norte, Sevilla",,0
120000,3.0,3.0,0,84636126,400,126,El Castillo de las Guardas,"Sierra norte, Sevilla",,1
300000,3.0,5.0,8,84882766,240,,Constantina,"Sierra norte, Sevilla",,1
138000,3.0,4.0,6,1899393,120,120,Guillena,"Sierra norte, Sevilla",,1
139000,2.0,2.0,3,2101459,129,97,Guillena,"Sierra norte, Sevilla",,1
35000,1.0,5.0,1,25469177,76,145,Constantina,"Sierra norte, Sevilla",,0
150000,3.0,4.0,6,27159370,109,95,Almadén de la Plata,"Sierra norte, Sevilla",,1
120200,2.0,2.0,3,39203603,128,,Guillena,"Sierra norte, Sevilla",,1
121100,2.0,2.0,3,39203605,128,,Guillena,"Sierra norte, Sevilla",,1
399994,1.0,7.0,5,82076591,150600,237,Constantina,"Sierra norte, Sevilla",1887,1
196700,2.0,3.0,10,82416102,311,,Guillena,"Sierra norte, Sevilla",,0
55163,1.0,1.0,6,40212643,100,,Cazalla de la Sierra,"Sierra norte, Sevilla",,0
200000,2.0,3.0,9,29740775,121,89,Guillena,"Sierra norte, Sevilla",2007,1
350000,4.0,6.0,8,83393487,5594,,La Puebla de los Infantes,"Sierra norte, Sevilla",2001,0
380000,5.0,5.0,8,84421961,40000,,Guillena,"Sierra norte, Sevilla",,1
84000,1.0,4.0,6,32294665,129,102,Guillena,"Sierra norte, Sevilla",,0
108000,2.0,4.0,6,31126992,166,,Castilblanco de los Arroyos,"Sierra norte, Sevilla",,1
90000,2.0,3.0,6,33822548,90,,Cazalla de la Sierra,"Sierra norte, Sevilla",,1
165000,2.0,5.0,1,83629561,2800,,Guillena,"Sierra norte, Sevilla",,1
192000,3.0,5.0,0,83676341,318,,Guillena,"Sierra norte, Sevilla",,1
180000,2.0,4.0,1,37825038,451,,El Ronquillo,"Sierra norte, Sevilla",,1
99000,2.0,2.0,2,38041447,144,90,Cazalla de la Sierra,"Sierra norte, Sevilla",,0
71835,1.0,3.0,3,25688236,108,,Guillena,"Sierra norte, Sevilla",,0
106500,2.0,5.0,1,30004185,800,115,Guillena,"Sierra norte, Sevilla",,1
160000,2.0,3.0,1,33942392,745,117,Guillena,"Sierra norte, Sevilla",2004,0
117000,1.0,3.0,1,82052677,814,,Guillena,"Sierra norte, Sevilla",1985,0
120000,2.0,4.0,0,82157537,151,,Castilblanco de los Arroyos,"Sierra norte, Sevilla",,0
207000,1.0,3.0,10,82217072,1202,82,Castilblanco de los Arroyos,"Sierra norte, Sevilla",,0
40000,1.0,3.0,1,84518732,1000,90,Castilblanco de los Arroyos,"Sierra norte, Sevilla",,1
140000,2.0,4.0,6,84036996,120,110,Guillena,"Sierra norte, Sevilla",,1
170000,3.0,3.0,1,34050745,550,,El Castillo de las Guardas,"Sierra norte, Sevilla",,1
89900,1.0,2.0,1,36056787,2500,,Castilblanco de los Arroyos,"Sierra norte, Sevilla",2006,1
215000,2.0,4.0,1,38569567,900,,Guillena,"Sierra norte, Sevilla",1990,0
45500,1.0,1.0,3,82559863,81,51,Aznalcollar,"Sierra norte, Sevilla",,1
144100,1.0,2.0,3,33462470,129,98,Guillena,"Sierra norte, Sevilla",2007,1
47200,1.0,2.0,3,83211620,65,47,El Pedroso,"Sierra norte, Sevilla",,0
50700,1.0,2.0,3,83211623,68,50,El Pedroso,"Sierra norte, Sevilla",,0
51500,1.0,2.0,3,83211625,74,51,El Pedroso,"Sierra norte, Sevilla",,0
290000,3.0,5.0,6,83313203,211,,Castilblanco de los Arroyos,"Sierra norte, Sevilla",,1
130000,2.0,4.0,10,39857005,378,315,Gerena,"Sierra norte, Sevilla",1993,0
320000,3.0,5.0,1,84051734,401,,Guillena,"Sierra norte, Sevilla",2007,0
112000,3.0,4.0,6,84696795,116,,Gerena,"Sierra norte, Sevilla",,1
60000,1.0,2.0,3,37503415,75,,Guillena,"Sierra norte, Sevilla",,1
290000,3.0,4.0,1,82400163,262,,El Castillo de las Guardas,"Sierra norte, Sevilla",,0
70300,3.0,3.0,6,82940330,114,,Gerena,"Sierra norte, Sevilla",,0
59000,1.0,0.0,12,39987854,45,40,El Castillo de las Guardas,"Sierra norte, Sevilla",2004,0
350000,4.0,6.0,1,37142592,500,,Guillena,"Sierra norte, Sevilla",2005,1
100000,2.0,4.0,6,82770469,150,187,Cazalla de la Sierra,"Sierra norte, Sevilla",1940,0
68000,1.0,3.0,2,82779277,114,,Guillena,"Sierra norte, Sevilla",,0
220000,2.0,4.0,1,82950815,500,250,El Pedroso,"Sierra norte, Sevilla",2009,1
375000,1.0,4.0,5,83218614,80000,190,El Castillo de las Guardas,"Sierra norte, Sevilla",1970,1
36000,1.0,1.0,1,83951948,700,,El Garrobo,"Sierra norte, Sevilla",2012,0
105000,2.0,3.0,1,84177834,3000,90,Guillena,"Sierra norte, Sevilla",1980,1
175000,2.0,5.0,8,37546930,2800,,Guillena,"Sierra norte, Sevilla",1980,1
106000,3.0,4.0,0,83725744,155,110,El Real de la Jara,"Sierra norte, Sevilla",2008,1
66300,2.0,4.0,6,82097038,102,89,Castilblanco de los Arroyos,"Sierra norte, Sevilla",,0
99800,3.0,4.0,6,84469398,120,98,Gerena,"Sierra norte, Sevilla",2007,0
240000,3.0,4.0,10,37713603,300,,El Castillo de las Guardas,"Sierra norte, Sevilla",,0
350000,4.0,6.0,10,82257944,538,,Guillena,"Sierra norte, Sevilla",,1
107260,2.0,4.0,0,83859140,150,94,Castilblanco de los Arroyos,"Sierra norte, Sevilla",2006,1
81400,1.0,3.0,1,84055365,79,66,Castilblanco de los Arroyos,"Sierra norte, Sevilla",,0
257250,3.0,5.0,1,84264625,450,210,Guillena,"Sierra norte, Sevilla",2007,1
81000,3.0,3.0,0,84333901,204,98,El Real de la Jara,"Sierra norte, Sevilla",2008,1
265000,3.0,5.0,1,81173175,1057,220,Guillena,"Sierra norte, Sevilla",,1
117156,1.0,1.0,1,82786436,1038,68,Gerena,"Sierra norte, Sevilla",1993,1
350000,4.0,6.0,1,84925144,530,,Guillena,"Sierra norte, Sevilla",2008,1
82260,1.0,3.0,10,84969030,126,108,El Ronquillo,"Sierra norte, Sevilla",2009,0
675000,2.0,4.0,5,84977092,14000,,Castilblanco de los Arroyos,"Sierra norte, Sevilla",,1
55000,2.0,4.0,1,30260231,63,,El Garrobo,"Sierra norte, Sevilla",,0
375000,5.0,8.0,2,35053956,392,,El Castillo de las Guardas,"Sierra norte, Sevilla",,0
300000,4.0,9.0,5,38437048,10000,,Castilblanco de los Arroyos,"Sierra norte, Sevilla",,0
115000,2.0,3.0,8,38605864,137,,La Puebla de los Infantes,"Sierra norte, Sevilla",,0
287000,2.0,5.0,2,40300850,500,400,Cazalla de la Sierra,"Sierra norte, Sevilla",,1
135000,2.0,2.0,2,82063795,740,,Almadén de la Plata,"Sierra norte, Sevilla",,1
115000,2.0,4.0,1,32445776,800,130,El Castillo de las Guardas,"Sierra norte, Sevilla",,1
120000,2.0,5.0,2,84104217,260,200,Aznalcollar,"Sierra norte, Sevilla",,1
239000,3.0,5.0,0,84580523,300,245,Guillena,"Sierra norte, Sevilla",,1
99900,2.0,2.0,3,36323231,124,92,Guillena,"Sierra norte, Sevilla",,1
96000,2.0,2.0,3,36323232,110,83,Guillena,"Sierra norte, Sevilla",,1
145000,1.0,3.0,1,26102335,570,100,Castilblanco de los Arroyos,"Sierra norte, Sevilla",,1
85000,2.0,4.0,8,25202843,3000,95,Castilblanco de los Arroyos,"Sierra norte, Sevilla",2005,1
121000,2.0,3.0,1,40229182,582,100,Castilblanco de los Arroyos,"Sierra norte, Sevilla",2004,1
3000000,6.0,8.0,4,84647855,2,,El Real de la Jara,"Sierra norte, Sevilla",,0
93000,3.0,4.0,6,82940232,159,,Gerena,"Sierra norte, Sevilla",,1
65000,1.0,1.0,8,83938784,7250,,Castilblanco de los Arroyos,"Sierra norte, Sevilla",,1
100000,1.0,1.0,5,38126141,40000,40,Guadalcanal,"Sierra norte, Sevilla",2001,0
60000,1.0,3.0,8,83638301,3000,75,Castilblanco de los Arroyos,"Sierra norte, Sevilla",2000,1
291000,3.0,5.0,1,84393067,405,270,Guillena,"Sierra norte, Sevilla",2007,1
54000,1.0,2.0,2,84995843,70,62,El Castillo de las Guardas,"Sierra norte, Sevilla",,0
95000,2.0,3.0,6,25077708,63,115,El Pedroso,"Sierra norte, Sevilla",,0
70000,1.0,3.0,2,40486645,1200,,El Castillo de las Guardas,"Sierra norte, Sevilla",,0
204000,3.0,5.0,0,40434990,314,191,Guillena,"Sierra norte, Sevilla",2006,1
83900,3.0,3.0,6,83092886,123,,Gerena,"Sierra norte, Sevilla",2007,0
175000,2.0,6.0,10,84950629,2000,,El Garrobo,"Sierra norte, Sevilla",,0
395000,4.0,7.0,1,39658232,504,292,Guillena,"Sierra norte, Sevilla",2011,1
3000000,8.0,9.0,1,83534171,900000,,El Pedroso,"Sierra norte, Sevilla",,1
285000,2.0,4.0,1,81618346,1165,,Castilblanco de los Arroyos,"Sierra norte, Sevilla",2000,1
107600,2.0,3.0,6,83249714,93,,Guillena,"Sierra norte, Sevilla",2011,0
70300,3.0,3.0,6,83092538,123,,Gerena,"Sierra norte, Sevilla",2007,0
58000,2.0,2.0,10,83471560,74,70,Guillena,"Sierra norte, Sevilla",1990,0
290000,5.0,6.0,1,83429702,502,241,Guillena,"Sierra norte, Sevilla",2005,0
178000,1.0,4.0,1,85037828,7200,,Castilblanco de los Arroyos,"Sierra norte, Sevilla",,0
106000,2.0,4.0,10,82210026,144,123,El Ronquillo,"Sierra norte, Sevilla",2003,0
52000,1.0,3.0,3,84170312,105,90,El Ronquillo,"Sierra norte, Sevilla",1972,0
133500,2.0,3.0,10,85028022,156,95,Cazalla de la Sierra,"Sierra norte, Sevilla",,0
113500,2.0,3.0,10,85028023,135,108,Cazalla de la Sierra,"Sierra norte, Sevilla",,0
132000,2.0,3.0,10,85028024,152,93,Cazalla de la Sierra,"Sierra norte, Sevilla",,0
107000,2.0,3.0,10,85028026,121,95,Cazalla de la Sierra,"Sierra norte, Sevilla",,0
45000,1.0,3.0,6,33288700,80,,Constantina,"Sierra norte, Sevilla",,0
105000,1.0,3.0,1,37500982,800,,El Garrobo,"Sierra norte, Sevilla",,0
520000,2.0,4.0,1,84894295,1413,,Gerena,"Sierra norte, Sevilla",2006,1
490000,4.0,5.0,1,35155328,10000,,Guillena,"Sierra norte, Sevilla",2008,1
148000,2.0,3.0,1,37030471,1564,180,El Castillo de las Guardas,"Sierra norte, Sevilla",1985,1
179000,4.0,5.0,6,83821644,210,158,Guillena,"Sierra norte, Sevilla",2005,1
130000,3.0,3.0,6,39881888,114,96,Gerena,"Sierra norte, Sevilla",2008,1
199000,2.0,3.0,1,85040459,582,,Castilblanco de los Arroyos,"Sierra norte, Sevilla",,0
2300000,11.0,12.0,5,84942212,590000,2500,Gerena,"Sierra norte, Sevilla",,1
39800,1.0,2.0,3,84620299,73,,Guillena,"Sierra norte, Sevilla",1992,0
103200,2.0,2.0,3,32993978,124,97,Guillena,"Sierra norte, Sevilla",,1
230000,1.0,5.0,1,83775664,35000,190,Constantina,"Sierra norte, Sevilla",,0
73458,2.0,3.0,6,84729732,105,87,Gerena,"Sierra norte, Sevilla",2008,1
35000,1.0,4.0,6,36479205,10,,Cazalla de la Sierra,"Sierra norte, Sevilla",,0
160000,2.0,4.0,13,36091638,250,150,Constantina,"Sierra norte, Sevilla",1980,0
264200,3.0,5.0,1,81793333,421,200,Guillena,"Sierra norte, Sevilla",2007,1
84680,1.0,3.0,3,84597302,74,68,Guillena,"Sierra norte, Sevilla",2008,1
60000,1.0,2.0,3,84865866,73,61,Guillena,"Sierra norte, Sevilla",1992,0
295000,4.0,6.0,1,82084778,538,,Guillena,"Sierra norte, Sevilla",,1
83000,1.0,2.0,3,37006958,71,61,El Pedroso,"Sierra norte, Sevilla",2011,1
140000,2.0,4.0,10,84472307,161,134,Guillena,"Sierra norte, Sevilla",2004,0
98990,1.0,4.0,6,82636637,203,,El Pedroso,"Sierra norte, Sevilla",,0
62000,1.0,3.0,10,84182388,1000,65,Guillena,"Sierra norte, Sevilla",2005,0
208000,2.0,2.0,1,82508448,1414,100,Guillena,"Sierra norte, Sevilla",1980,1
75000,1.0,4.0,1,84087091,1068,,Castilblanco de los Arroyos,"Sierra norte, Sevilla",1972,1
180000,2.0,5.0,1,33028314,600,148,Cazalla de la Sierra,"Sierra norte, Sevilla",1985,0
85425,3.0,3.0,1,82637839,105,,Guillena,"Sierra norte, Sevilla",,0
149000,1.0,3.0,1,84095725,576,,El Castillo de las Guardas,"Sierra norte, Sevilla",1992,1
60000,1.0,3.0,6,84394485,47,,Constantina,"Sierra norte, Sevilla",1920,0
190000,1.0,3.0,6,83637132,240,,Guillena,"Sierra norte, Sevilla",2000,0
180000,2.0,5.0,10,84917080,500,263,Alanis,"Sierra norte, Sevilla",1984,1
210000,2.0,3.0,1,40139995,1000,,Guillena,"Sierra norte, Sevilla",,0
470000,4.0,6.0,1,84629023,600,380,Guillena,"Sierra norte, Sevilla",,1
140000,3.0,3.0,6,83165948,175,,Guillena,"Sierra norte, Sevilla",,1
220300,3.0,5.0,6,33188031,200,162,Guillena,"Sierra norte, Sevilla",2012,1
292000,4.0,5.0,1,33188032,500,248,Guillena,"Sierra norte, Sevilla",2012,1
128540,2.0,2.0,3,33188035,111,84,Guillena,"Sierra norte, Sevilla",2012,1
110000,1.0,3.0,10,84423174,130,90,El Castillo de las Guardas,"Sierra norte, Sevilla",1982,0
125000,1.0,3.0,1,82801908,585,110,Castilblanco de los Arroyos,"Sierra norte, Sevilla",2010,1
190000,2.0,3.0,1,81308348,95,,Castilblanco de los Arroyos,"Sierra norte, Sevilla",,0
184000,2.0,4.0,6,81636479,93,,Gerena,"Sierra norte, Sevilla",,0
121000,2.0,3.0,6,81678505,93,100,El Pedroso,"Sierra norte, Sevilla",2002,1
175000,2.0,6.0,1,82398947,2097,140,Guillena,"Sierra norte, Sevilla",1985,1
120000,1.0,3.0,1,38529583,2394,135,El Castillo de las Guardas,"Sierra norte, Sevilla",1970,0
73000,2.0,3.0,0,82591668,102,,San Nicolas del Puerto,"Sierra norte, Sevilla",,0
178650,3.0,4.0,10,39255173,212,183,Guillena,"Sierra norte, Sevilla",2007,1
210000,2.0,3.0,1,39829932,1000,,Guillena,"Sierra norte, Sevilla",,0
520000,3.0,5.0,5,40128130,150000,,El Castillo de las Guardas,"Sierra norte, Sevilla",1977,0
1500000,1.0,2.0,5,83772557,1,,Almadén de la Plata,"Sierra norte, Sevilla",,0
925000,4.0,6.0,1,83940906,76000,,El Garrobo,"Sierra norte, Sevilla",2002,1
89500,2.0,4.0,10,34446541,140,125,Cazalla de la Sierra,"Sierra norte, Sevilla",2004,0
79000,1.0,1.0,3,30003887,45,39,Cazalla de la Sierra,"Sierra norte, Sevilla",2010,0
240000,3.0,4.0,1,84533132,400,,El Castillo de las Guardas,"Sierra norte, Sevilla",2004,0
295000,2.0,4.0,1,81671861,1800,94,El Castillo de las Guardas,"Sierra norte, Sevilla",1985,1
1950000,11.0,12.0,5,83971178,590000,,Gerena,"Sierra norte, Sevilla",,1
85000,2.0,3.0,6,84948630,103,95,El Castillo de las Guardas,"Sierra norte, Sevilla",2006,0
350000,2.0,7.0,1,82590289,606,,Constantina,"Sierra norte, Sevilla",1971,1
96000,1.0,7.0,8,31280620,179,,Cazalla de la Sierra,"Sierra norte, Sevilla",1950,1
230000,5.0,8.0,10,85040000,278,408,Guadalcanal,"Sierra norte, Sevilla",1940,0
285000,3.0,4.0,10,84149208,310,300,Gerena,"Sierra norte, Sevilla",,1
104000,2.0,4.0,10,84528997,147,146,Guillena,"Sierra norte, Sevilla",,0
265000,3.0,5.0,1,84696599,1057,200,Guillena,"Sierra norte, Sevilla",,1
145000,2.0,3.0,10,84707913,1200,220,Guillena,"Sierra norte, Sevilla",,1
149000,1.0,3.0,5,83224430,13337,,Constantina,"Sierra norte, Sevilla",,0
239000,3.0,6.0,0,85049074,315,170,Guillena,"Sierra norte, Sevilla",,1
249000,3.0,5.0,6,83750345,150,,Guillena,"Sierra norte, Sevilla",2006,0
197000,3.0,5.0,6,32820958,190,161,Guillena,"Sierra norte, Sevilla",,1
195000,3.0,5.0,6,32820960,183,156,Guillena,"Sierra norte, Sevilla",,1
188000,3.0,5.0,6,29969194,182,155,Guillena,"Sierra norte, Sevilla",,1
173200,2.0,3.0,9,33198164,117,87,Guillena,"Sierra norte, Sevilla",2012,1
335400,4.0,6.0,1,33198152,630,248,Guillena,"Sierra norte, Sevilla",2012,1
96000,2.0,2.0,3,82732231,111,84,Guillena,"Sierra norte, Sevilla",2012,1
price,0.0,0.0,14,house_id,m2_real,m2_useful,loc_city,loc_zone,construct_date,1
330000,2.0,3.0,1,81445741,401,160,Tomares,"Aljarafe, Sevilla",1986,1
184000,2.0,3.0,3,39006342,90,85,Tomares,"Aljarafe, Sevilla",,1
325000,4.0,4.0,0,36320339,190,132,Tomares,"Aljarafe, Sevilla",,1
150000,3.0,3.0,2,29587854,240,200,Tomares,"Aljarafe, Sevilla",,0
100000,1.0,3.0,3,81138448,90,,Tomares,"Aljarafe, Sevilla",,0
270000,3.0,4.0,6,39476906,200,170,Tomares,"Aljarafe, Sevilla",,1
240000,2.0,3.0,6,38396395,120,100,Tomares,"Aljarafe, Sevilla",,0
162000,2.0,4.0,6,40527208,107,,Tomares,"Aljarafe, Sevilla",,0
170000,3.0,3.0,11,33645955,110,100,Tomares,"Aljarafe, Sevilla",,1
255000,3.0,3.0,6,84986113,141,,Tomares,"Aljarafe, Sevilla",,1
135000,1.0,2.0,1,85027813,110,,Tomares,"Aljarafe, Sevilla",,0
180000,3.0,3.0,10,83683820,14124,129,Tomares,"Aljarafe, Sevilla",2003,1
239000,2.0,4.0,3,84064727,155,,Tomares,"Aljarafe, Sevilla",,1
360000,1.0,5.0,1,37755959,200,,Tomares,"Aljarafe, Sevilla",,1
98000,1.0,3.0,3,81919044,90,,Tomares,"Aljarafe, Sevilla",1980,0
105000,1.0,2.0,2,83645303,80,,Tomares,"Aljarafe, Sevilla",,0
450000,2.0,5.0,1,83243605,819,,Tomares,"Aljarafe, Sevilla",,1
135000,1.0,3.0,3,83746184,88,,Tomares,"Aljarafe, Sevilla",,1
139000,2.0,4.0,3,35157693,110,,Tomares,"Aljarafe, Sevilla",2012,1
125000,0.0,0.0,1,29348677,126,,Tomares,"Aljarafe, Sevilla",,0
225000,3.0,3.0,6,40151249,115,,Tomares,"Aljarafe, Sevilla",,1
170000,2.0,3.0,3,361693,110,90,Tomares,"Aljarafe, Sevilla",,0
360000,3.0,4.0,1,28893350,150,,Tomares,"Aljarafe, Sevilla",,1
160000,2.0,3.0,11,2064636,113,104,Tomares,"Aljarafe, Sevilla",,1
285000,4.0,5.0,6,26849919,239,,Tomares,"Aljarafe, Sevilla",,1
141000,2.0,2.0,3,40419947,75,,Tomares,"Aljarafe, Sevilla",,1
1150000,4.0,7.0,1,82723250,6200,,Tomares,"Aljarafe, Sevilla",,0
128000,1.0,3.0,3,84164153,74,66,Tomares,"Aljarafe, Sevilla",2007,1
260000,3.0,5.0,6,84426134,220,160,Tomares,"Aljarafe, Sevilla",1986,0
850000,3.0,6.0,1,84607127,2024,,Tomares,"Aljarafe, Sevilla",,1
189950,2.0,4.0,6,84572435,180,,Tomares,"Aljarafe, Sevilla",,0
108000,1.0,2.0,3,37044895,80,,Tomares,"Aljarafe, Sevilla",,1
92000,1.0,3.0,1,83554590,76,,Tomares,"Aljarafe, Sevilla",,0
87500,1.0,3.0,3,38550619,70,60,Tomares,"Aljarafe, Sevilla",,0
210000,3.0,4.0,6,84804455,170,,Tomares,"Aljarafe, Sevilla",,1
689000,4.0,6.0,1,84470205,420,,Tomares,"Aljarafe, Sevilla",,1
430000,4.0,6.0,1,38772038,850,,Tomares,"Aljarafe, Sevilla",,1
349170,3.0,4.0,1,82852432,275,155,Tomares,"Aljarafe, Sevilla",,0
225000,2.0,3.0,6,81379935,188,,Tomares,"Aljarafe, Sevilla",2004,1
737000,5.0,8.0,10,84875493,810,702,Tomares,"Aljarafe, Sevilla",,0
300000,4.0,4.0,6,39485503,152,238,Tomares,"Aljarafe, Sevilla",1992,1
224800,2.0,4.0,0,84737425,251,,Tomares,"Aljarafe, Sevilla",1986,1
190000,2.0,4.0,6,82703976,80,,Tomares,"Aljarafe, Sevilla",1984,0
330000,2.0,3.0,1,83944883,420,,Tomares,"Aljarafe, Sevilla",,0
244000,3.0,3.0,6,84106933,157,,Tomares,"Aljarafe, Sevilla",,1
205000,3.0,5.0,6,84799306,119,100,Tomares,"Aljarafe, Sevilla",1995,0
86000,1.0,3.0,3,40047857,70,,Tomares,"Aljarafe, Sevilla",,0
60000,1.0,2.0,3,84158813,71,58,Tomares,"Aljarafe, Sevilla",1980,0
350000,4.0,4.0,0,84855244,214,192,Tomares,"Aljarafe, Sevilla",1995,1
220000,2.0,3.0,3,322162,119,,Tomares,"Aljarafe, Sevilla",,0
465000,4.0,6.0,1,317337,850,357,Tomares,"Aljarafe, Sevilla",,1
195000,1.0,2.0,3,83487777,120,85,Tomares,"Aljarafe, Sevilla",,0
125000,1.0,3.0,6,83744522,114,90,Tomares,"Aljarafe, Sevilla",,0
86000,1.0,2.0,3,84060299,70,65,Tomares,"Aljarafe, Sevilla",,0
290000,3.0,4.0,6,84287456,134,120,Tomares,"Aljarafe, Sevilla",2007,1
397000,3.0,5.0,6,84605777,220,,Tomares,"Aljarafe, Sevilla",,1
254900,3.0,4.0,6,84621723,146,135,Tomares,"Aljarafe, Sevilla",1993,1
239000,2.0,4.0,3,84829075,155,128,Tomares,"Aljarafe, Sevilla",,1
165000,2.0,3.0,3,1626443,115,90,Tomares,"Aljarafe, Sevilla",,1
360000,2.0,4.0,1,84854029,821,,Tomares,"Aljarafe, Sevilla",1987,0
237000,2.0,3.0,9,1931109,116,90,Tomares,"Aljarafe, Sevilla",,1
585000,3.0,5.0,1,26944545,1852,353,Tomares,"Aljarafe, Sevilla",,1
250000,3.0,4.0,6,38077818,130,,Tomares,"Aljarafe, Sevilla",,1
198000,2.0,4.0,3,31545463,120,118,Tomares,"Aljarafe, Sevilla",,1
79000,1.0,2.0,3,83602438,80,,Tomares,"Aljarafe, Sevilla",,0
166500,2.0,3.0,3,29394193,105,,Tomares,"Aljarafe, Sevilla",,1
166500,2.0,3.0,3,29059749,105,,Tomares,"Aljarafe, Sevilla",,1
390000,4.0,5.0,1,84030925,1000,,Tomares,"Aljarafe, Sevilla",,1
255000,3.0,3.0,6,84104652,150,,Tomares,"Aljarafe, Sevilla",,1
92000,1.0,3.0,10,83496410,76,,Tomares,"Aljarafe, Sevilla",,0
600000,6.0,7.0,0,83871062,411,395,Tomares,"Aljarafe, Sevilla",1992,1
187000,2.0,4.0,6,84733901,203,107,Tomares,"Aljarafe, Sevilla",1969,0
190000,3.0,3.0,11,84361536,135,,Tomares,"Aljarafe, Sevilla",2005,1
550000,4.0,5.0,3,84317325,250,,Tomares,"Aljarafe, Sevilla",2008,1
270000,2.0,4.0,3,84398200,163,,Tomares,"Aljarafe, Sevilla",,0
320000,3.0,5.0,6,82334231,310,,Tomares,"Aljarafe, Sevilla",,0
288000,3.0,4.0,1,28789419,147,130,Tomares,"Aljarafe, Sevilla",,1
495000,3.0,5.0,1,31253950,1949,,Tomares,"Aljarafe, Sevilla",,1
142000,1.0,2.0,3,84418750,66,52,Tomares,"Aljarafe, Sevilla",2005,1
655000,4.0,5.0,1,38741359,900,,Tomares,"Aljarafe, Sevilla",,1
700000,4.0,5.0,10,39185417,800,,Tomares,"Aljarafe, Sevilla",,0
285000,3.0,4.0,6,30943230,155,134,Tomares,"Aljarafe, Sevilla",,1
258000,2.0,5.0,3,82614614,200,,Tomares,"Aljarafe, Sevilla",2005,1
620000,4.0,5.0,10,82958726,500,,Tomares,"Aljarafe, Sevilla",2006,0
195000,2.0,4.0,6,83203121,97,118,Tomares,"Aljarafe, Sevilla",1984,1
689000,3.0,3.0,1,83243623,817,,Tomares,"Aljarafe, Sevilla",,1
1250000,4.0,7.0,10,83467297,6183,351,Tomares,"Aljarafe, Sevilla",1970,0
285000,3.0,4.0,6,83766601,155,,Tomares,"Aljarafe, Sevilla",,1
275000,4.0,4.0,6,84526344,200,,Tomares,"Aljarafe, Sevilla",,1
360000,2.0,4.0,1,84347667,733,,Tomares,"Aljarafe, Sevilla",1990,1
199500,2.0,4.0,3,1799310,110,95,Tomares,"Aljarafe, Sevilla",,1
495000,3.0,4.0,1,81399080,300,,Tomares,"Aljarafe, Sevilla",,1
394000,3.0,5.0,6,84180838,188,,Tomares,"Aljarafe, Sevilla",,0
290000,3.0,4.0,1,84582369,210,,Tomares,"Aljarafe, Sevilla",,1
185000,2.0,2.0,3,84549155,114,88,Tomares,"Aljarafe, Sevilla",2005,1
85000,1.0,2.0,3,83604920,60,52,Tomares,"Aljarafe, Sevilla",,0
175000,2.0,4.0,3,84520818,120,90,Tomares,"Aljarafe, Sevilla",2011,1
360000,3.0,5.0,6,84546778,145,190,Tomares,"Aljarafe, Sevilla",1992,1
235000,2.0,4.0,3,39471944,143,,Tomares,"Aljarafe, Sevilla",,1
262500,3.0,4.0,0,35773167,163,,Tomares,"Aljarafe, Sevilla",,1
699000,2.0,3.0,1,38794285,1667,510,Tomares,"Aljarafe, Sevilla",2009,1
149900,2.0,4.0,6,81169442,120,100,Tomares,"Aljarafe, Sevilla",1988,1
225000,3.0,4.0,6,83101061,100,,Tomares,"Aljarafe, Sevilla",1985,1
299000,2.0,3.0,9,84762659,165,125,Tomares,"Aljarafe, Sevilla",,1
170000,2.0,3.0,3,84800490,110,,Tomares,"Aljarafe, Sevilla",,1
60000,1.0,2.0,3,37976781,71,58,Tomares,"Aljarafe, Sevilla",,0
465000,4.0,4.0,1,83443298,714,,Tomares,"Aljarafe, Sevilla",,0
747000,3.0,5.0,1,84734290,1500,,Tomares,"Aljarafe, Sevilla",1970,1
209000,1.0,4.0,6,83061531,200,112,Tomares,"Aljarafe, Sevilla",1969,1
350000,3.0,6.0,6,1691907,380,280,Tomares,"Aljarafe, Sevilla",,1
100000,1.0,2.0,3,2119137,70,67,Tomares,"Aljarafe, Sevilla",,0
699000,6.0,7.0,1,339013,1667,500,Tomares,"Aljarafe, Sevilla",,1
155000,1.0,2.0,3,32800085,75,70,Tomares,"Aljarafe, Sevilla",,0
357000,3.0,6.0,6,36194163,210,,Tomares,"Aljarafe, Sevilla",,1
320000,3.0,4.0,0,39265198,60,,Tomares,"Aljarafe, Sevilla",,1
339000,3.0,4.0,1,81741801,275,,Tomares,"Aljarafe, Sevilla",,1
275000,2.0,3.0,6,82554351,178,,Tomares,"Aljarafe, Sevilla",1991,1
165000,2.0,3.0,3,31675840,103,,Tomares,"Aljarafe, Sevilla",2002,1
177500,3.0,3.0,11,84057379,137,110,Tomares,"Aljarafe, Sevilla",2003,1
680000,3.0,5.0,1,84202542,500,,Tomares,"Aljarafe, Sevilla",2006,0
300000,4.0,3.0,1,82191881,207,,Tomares,"Aljarafe, Sevilla",,1
215000,3.0,4.0,0,84820898,110,110,Tomares,"Aljarafe, Sevilla",,1
290000,2.0,5.0,6,84896062,207,,Tomares,"Aljarafe, Sevilla",1974,0
200000,2.0,3.0,1,38852798,155,120,Tomares,"Aljarafe, Sevilla",,1
700000,3.0,5.0,10,37713598,900,,Tomares,"Aljarafe, Sevilla",,1
268019,3.0,5.0,10,84816918,222,,Tomares,"Aljarafe, Sevilla",1992,1
238000,3.0,4.0,6,38022538,147,,Tomares,"Aljarafe, Sevilla",2005,1
290000,4.0,5.0,6,84116292,142,200,Tomares,"Aljarafe, Sevilla",,1
344999,3.0,5.0,1,548081,370,340,Tomares,"Aljarafe, Sevilla",,1
246000,4.0,5.0,6,82626757,124,163,Tomares,"Aljarafe, Sevilla",,0
83500,1.0,2.0,3,84115460,60,55,Tomares,"Aljarafe, Sevilla",1976,0
235000,3.0,3.0,6,84781531,140,,Tomares,"Aljarafe, Sevilla",1990,1
295000,3.0,5.0,6,84926494,180,,Tomares,"Aljarafe, Sevilla",1989,1
197014,2.0,3.0,3,37403949,99,85,Tomares,"Aljarafe, Sevilla",,1
208974,2.0,3.0,3,37404106,104,97,Tomares,"Aljarafe, Sevilla",,1
211374,2.0,3.0,3,37405210,118,99,Tomares,"Aljarafe, Sevilla",,1
280000,3.0,6.0,6,81246262,143,168,Tomares,"Aljarafe, Sevilla",1991,0
750000,5.0,6.0,1,82626088,900,371,Tomares,"Aljarafe, Sevilla",,1
330000,3.0,5.0,6,84183830,177,,Tomares,"Aljarafe, Sevilla",,1
520000,3.0,5.0,1,83945907,450,239,Tomares,"Aljarafe, Sevilla",1989,0
199500,3.0,4.0,6,81879309,112,,Tomares,"Aljarafe, Sevilla",1990,0
103000,2.0,3.0,3,84205671,92,,Tomares,"Aljarafe, Sevilla",1981,0
236850,2.0,4.0,11,83968974,126,97,Tomares,"Aljarafe, Sevilla",2005,1
238000,2.0,4.0,6,39344720,147,,Tomares,"Aljarafe, Sevilla",,0
500000,4.0,5.0,1,39887801,1598,330,Tomares,"Aljarafe, Sevilla",1988,0
218000,2.0,2.0,3,39598386,85,,Tomares,"Aljarafe, Sevilla",,0
147000,2.0,2.0,3,84376823,90,,Tomares,"Aljarafe, Sevilla",,1
499500,2.0,5.0,1,84470631,1650,,Tomares,"Aljarafe, Sevilla",,1
174400,1.0,3.0,3,84779591,73,58,Tomares,"Aljarafe, Sevilla",,0
290000,4.0,6.0,0,40208372,189,160,Tomares,"Aljarafe, Sevilla",1990,1
750000,4.0,4.0,1,82589012,1397,200,Tomares,"Aljarafe, Sevilla",1985,1
210000,4.0,4.0,0,82898524,185,140,Tomares,"Aljarafe, Sevilla",1994,1
162000,2.0,2.0,9,84393256,80,,Tomares,"Aljarafe, Sevilla",,1
187000,2.0,3.0,3,84893891,112,,Tomares,"Aljarafe, Sevilla",,0
158000,2.0,3.0,3,84893709,106,,Tomares,"Aljarafe, Sevilla",,0
182000,2.0,3.0,3,84893890,109,,Tomares,"Aljarafe, Sevilla",,0
177000,2.0,3.0,3,84893867,109,,Tomares,"Aljarafe, Sevilla",,0
172000,2.0,3.0,3,84894535,109,,Tomares,"Aljarafe, Sevilla",,0
130000,2.0,2.0,3,84893152,100,,Tomares,"Aljarafe, Sevilla",,0
162000,2.0,3.0,3,84893710,108,,Tomares,"Aljarafe, Sevilla",,0
177000,2.0,3.0,3,84894518,136,,Tomares,"Aljarafe, Sevilla",,0
225000,2.0,3.0,9,84893158,145,,Tomares,"Aljarafe, Sevilla",,0
162000,2.0,3.0,3,84893711,112,,Tomares,"Aljarafe, Sevilla",,0
189000,2.0,3.0,3,84893155,128,,Tomares,"Aljarafe, Sevilla",,0
180000,2.0,3.0,3,84893153,126,,Tomares,"Aljarafe, Sevilla",,0
195000,2.0,3.0,3,84893157,128,,Tomares,"Aljarafe, Sevilla",,0
192000,2.0,3.0,11,84893889,123,,Tomares,"Aljarafe, Sevilla",,0
187000,2.0,3.0,3,84893154,126,,Tomares,"Aljarafe, Sevilla",,0
152000,2.0,2.0,3,84894536,96,,Tomares,"Aljarafe, Sevilla",,0
142000,2.0,2.0,3,84894530,96,,Tomares,"Aljarafe, Sevilla",,0
147000,2.0,2.0,3,84894533,96,,Tomares,"Aljarafe, Sevilla",,0
192000,2.0,3.0,3,84893156,126,,Tomares,"Aljarafe, Sevilla",,0
177000,2.0,3.0,3,84893868,112,,Tomares,"Aljarafe, Sevilla",,0
157000,2.0,2.0,3,84894539,103,,Tomares,"Aljarafe, Sevilla",,0
167000,2.0,3.0,3,84894532,109,,Tomares,"Aljarafe, Sevilla",,0
162000,2.0,3.0,3,84893703,114,,Tomares,"Aljarafe, Sevilla",,0
182000,2.0,3.0,3,84893161,128,,Tomares,"Aljarafe, Sevilla",,0
172000,2.0,3.0,3,84894352,129,,Tomares,"Aljarafe, Sevilla",,0
172000,2.0,3.0,3,84893866,110,,Tomares,"Aljarafe, Sevilla",,0
152000,2.0,3.0,3,84893702,103,,Tomares,"Aljarafe, Sevilla",,0
167000,2.0,3.0,3,84894531,110,,Tomares,"Aljarafe, Sevilla",,0
157000,2.0,3.0,3,84893561,110,,Tomares,"Aljarafe, Sevilla",,0
128000,2.0,2.0,3,84892989,99,,Tomares,"Aljarafe, Sevilla",,0
160000,2.0,3.0,3,84893698,110,,Tomares,"Aljarafe, Sevilla",,0
177000,2.0,3.0,3,84894537,110,,Tomares,"Aljarafe, Sevilla",,0
212000,2.0,3.0,9,84894541,114,,Tomares,"Aljarafe, Sevilla",,0
182000,2.0,3.0,3,84894540,117,,Tomares,"Aljarafe, Sevilla",,0
170000,2.0,3.0,3,84893877,112,,Tomares,"Aljarafe, Sevilla",,0
167000,2.0,3.0,3,84893712,110,,Tomares,"Aljarafe, Sevilla",,0
215000,2.0,3.0,11,84894538,136,,Tomares,"Aljarafe, Sevilla",,0
207000,2.0,3.0,11,84893879,134,,Tomares,"Aljarafe, Sevilla",,0
162000,2.0,3.0,3,84894529,109,,Tomares,"Aljarafe, Sevilla",,0
170000,2.0,3.0,3,84893714,109,,Tomares,"Aljarafe, Sevilla",,0
162000,2.0,3.0,3,84893713,106,,Tomares,"Aljarafe, Sevilla",,0
200000,2.0,3.0,3,84893159,134,,Tomares,"Aljarafe, Sevilla",,0
167000,2.0,3.0,3,84893878,106,,Tomares,"Aljarafe, Sevilla",,0
172000,2.0,3.0,3,84894534,110,,Tomares,"Aljarafe, Sevilla",,0
216000,3.0,5.0,6,40109118,130,120,Tomares,"Aljarafe, Sevilla",2005,1
430000,3.0,3.0,1,83756531,660,181,Tomares,"Aljarafe, Sevilla",1982,1
79000,1.0,3.0,3,84740884,84,64,Tomares,"Aljarafe, Sevilla",,0
170000,2.0,3.0,3,37686482,105,83,Tomares,"Aljarafe, Sevilla",2001,1
197014,2.0,3.0,3,37398330,100,,Tomares,"Aljarafe, Sevilla",,1
195709,2.0,2.0,3,37398397,105,,Tomares,"Aljarafe, Sevilla",,1
211374,2.0,3.0,3,37398511,119,,Tomares,"Aljarafe, Sevilla",,1
260000,2.0,4.0,6,39481231,145,,Tomares,"Aljarafe, Sevilla",,1
225000,2.0,3.0,6,40550706,115,,Tomares,"Aljarafe, Sevilla",,1
179000,1.0,2.0,3,84701818,120,115,Tomares,"Aljarafe, Sevilla",,1
199022,2.0,3.0,3,37404211,104,97,Tomares,"Aljarafe, Sevilla",,1
339000,3.0,4.0,1,84770029,275,155,Tomares,"Aljarafe, Sevilla",2003,1
225000,3.0,4.0,3,84893980,149,,Tomares,"Aljarafe, Sevilla",1974,1
183000,2.0,3.0,6,84554734,113,100,Tomares,"Aljarafe, Sevilla",1987,1
699000,5.0,5.0,1,32552490,1667,,Tomares,"Aljarafe, Sevilla",,1
699000,6.0,7.0,1,83244632,1667,500,Tomares,"Aljarafe, Sevilla",1995,1
179104,2.0,3.0,3,84626673,112,99,Tomares,"Aljarafe, Sevilla",2019,1
1800000,4.0,7.0,1,27258610,1170,450,Tomares,"Aljarafe, Sevilla",1970,1
218924,2.0,3.0,9,37399180,114,,Tomares,"Aljarafe, Sevilla",,1
178000,3.0,3.0,11,82085002,125,103,Tomares,"Aljarafe, Sevilla",,1
181000,2.0,3.0,3,84561663,110,90,Tomares,"Aljarafe, Sevilla",,1
205000,3.0,5.0,6,83927730,120,,Tomares,"Aljarafe, Sevilla",,0
218924,2.0,3.0,3,37397904,119,104,Tomares,"Aljarafe, Sevilla",2018,1
180500,2.0,3.0,3,84376813,116,,Tomares,"Aljarafe, Sevilla",,1
166000,2.0,3.0,3,84376812,112,,Tomares,"Aljarafe, Sevilla",,1
180000,2.0,3.0,3,84376808,112,,Tomares,"Aljarafe, Sevilla",,1
175500,2.0,3.0,3,84376809,116,,Tomares,"Aljarafe, Sevilla",,1
170000,2.0,3.0,3,84376523,115,,Tomares,"Aljarafe, Sevilla",,1
231000,2.0,4.0,3,84376824,142,,Tomares,"Aljarafe, Sevilla",,1
183500,2.0,3.0,3,84376817,116,,Tomares,"Aljarafe, Sevilla",,1
165000,2.0,3.0,3,84376815,112,,Tomares,"Aljarafe, Sevilla",,1
184000,2.0,3.0,3,84376822,112,,Tomares,"Aljarafe, Sevilla",,1
174000,2.0,3.0,3,84376816,112,,Tomares,"Aljarafe, Sevilla",,1
186000,2.0,3.0,3,84376831,112,,Tomares,"Aljarafe, Sevilla",,1
162000,2.0,2.0,9,84988086,80,,Tomares,"Aljarafe, Sevilla",,1
299500,3.0,4.0,6,83837315,290,193,Tomares,"Aljarafe, Sevilla",1990,1
279000,3.0,4.0,6,84402408,250,150,Tomares,"Aljarafe, Sevilla",1990,1
145000,1.0,2.0,6,83979992,117,,Tomares,"Aljarafe, Sevilla",2018,0
310000,3.0,4.0,0,28974916,157,,Tomares,"Aljarafe, Sevilla",,1
259000,2.0,3.0,9,84757513,130,110,Tomares,"Aljarafe, Sevilla",2006,1
1400000,6.0,5.0,1,37671537,1268,661,Tomares,"Aljarafe, Sevilla",2007,1
155000,2.0,4.0,6,82520361,81,103,Tomares,"Aljarafe, Sevilla",1986,1
2500000,5.0,7.0,1,37550007,1800,,Tomares,"Aljarafe, Sevilla",2005,1
365000,4.0,5.0,1,84961468,289,,Tomares,"Aljarafe, Sevilla",2002,0
680000,3.0,5.0,1,84999110,520,,Tomares,"Aljarafe, Sevilla",2006,1
174400,2.0,6.0,11,82150247,177,134,Tomares,"Aljarafe, Sevilla",2007,0
270000,3.0,5.0,0,85051550,182,235,Tomares,"Aljarafe, Sevilla",1989,1
199500,3.0,4.0,6,84993532,216,,Tomares,"Aljarafe, Sevilla",1990,0
198000,2.0,3.0,6,27256475,130,,Tomares,"Aljarafe, Sevilla",1995,0
349900,4.0,6.0,6,85051796,278,230,Tomares,"Aljarafe, Sevilla",1991,1
87600,1.0,3.0,3,82150037,97,73,Tomares,"Aljarafe, Sevilla",2007,0
240000,3.0,4.0,10,81998131,154,127,Tomares,"Aljarafe, Sevilla",2003,1
79000,1.0,3.0,3,84566496,84,,Tomares,"Aljarafe, Sevilla",1968,0
75000,1.0,3.0,10,40549642,64,54,Tomares,"Aljarafe, Sevilla",1954,0
180000,2.0,3.0,3,37576205,103,90,Tomares,"Aljarafe, Sevilla",,1
70000,1.0,3.0,3,39772047,72,56,Tomares,"Aljarafe, Sevilla",1990,0
235000,3.0,4.0,1,39798122,50,,Tomares,"Aljarafe, Sevilla",2003,1
208000,1.0,2.0,10,84989644,100,,Tomares,"Aljarafe, Sevilla",,0
98500,1.0,2.0,6,82706353,65,,Tomares,"Aljarafe, Sevilla",,0
189800,1.0,4.0,6,83339757,203,,Tomares,"Aljarafe, Sevilla",,0
92000,1.0,3.0,10,84729719,97,80,Tomares,"Aljarafe, Sevilla",1974,0
254900,3.0,4.0,6,82692618,146,135,Tomares,"Aljarafe, Sevilla",1993,1
178000,2.0,4.0,3,83925763,129,,Tomares,"Aljarafe, Sevilla",1974,0
344999,2.0,5.0,10,38045298,202,340,Tomares,"Aljarafe, Sevilla",1995,0
244900,3.0,4.0,6,81142150,129,128,Tomares,"Aljarafe, Sevilla",2000,1
318999,3.0,5.0,10,82660842,290,,Tomares,"Aljarafe, Sevilla",1987,0
218000,3.0,4.0,10,83059404,180,,Tomares,"Aljarafe, Sevilla",1990,0
390000,3.0,5.0,1,36807872,1004,,Tomares,"Aljarafe, Sevilla",,0
169900,2.0,3.0,3,82425203,125,93,Tomares,"Aljarafe, Sevilla",2005,1
510000,3.0,5.0,1,82830554,1200,400,Tomares,"Aljarafe, Sevilla",1979,1
510000,3.0,5.0,1,83426583,1200,400,Tomares,"Aljarafe, Sevilla",1979,1
169900,2.0,3.0,3,83426586,125,93,Tomares,"Aljarafe, Sevilla",2005,1
265000,2.0,4.0,0,84147457,258,,Tomares,"Aljarafe, Sevilla",,1
285000,3.0,5.0,6,37079720,151,215,Tomares,"Aljarafe, Sevilla",1994,1
180000,2.0,4.0,0,84947685,197,,Tomares,"Aljarafe, Sevilla",1990,0
235000,3.0,4.0,0,84752035,135,112,Tomares,"Aljarafe, Sevilla",2002,1
350000,4.0,4.0,0,84248390,215,192,Tomares,"Aljarafe, Sevilla",1995,1
234841,4.0,4.0,6,84115976,223,220,Tomares,"Aljarafe, Sevilla",,0
224500,2.0,4.0,0,84176823,150,,Tomares,"Aljarafe, Sevilla",,1
249500,2.0,4.0,6,84968463,200,180,Tomares,"Aljarafe, Sevilla",1987,1
217400,3.0,4.0,6,85026718,120,100,Tomares,"Aljarafe, Sevilla",1995,0
265000,3.0,6.0,0,84954572,290,175,Tomares,"Aljarafe, Sevilla",,1
388999,3.0,5.0,1,83442458,287,,Tomares,"Aljarafe, Sevilla",2002,0
561000,4.0,5.0,1,84636340,500,,Tomares,"Aljarafe, Sevilla",,1
115000,2.0,3.0,3,84761693,80,68,Tomares,"Aljarafe, Sevilla",1986,0
330000,2.0,3.0,1,82719908,410,,Tomares,"Aljarafe, Sevilla",,0
199500,3.0,4.0,6,82142550,112,200,Tomares,"Aljarafe, Sevilla",1990,0
197000,3.0,3.0,10,82236338,100,124,Tomares,"Aljarafe, Sevilla",2001,1
530000,4.0,5.0,1,84290137,1452,250,Tomares,"Aljarafe, Sevilla",1999,1
225000,3.0,4.0,3,82994960,149,,Tomares,"Aljarafe, Sevilla",,1
395000,3.0,6.0,10,39460415,750,,Tomares,"Aljarafe, Sevilla",1984,0
149000,2.0,3.0,3,84684369,119,,Tomares,"Aljarafe, Sevilla",1974,1
209900,1.0,2.0,3,83470451,100,90,Tomares,"Aljarafe, Sevilla",,0
175500,2.0,3.0,3,84200629,116,,Tomares,"Aljarafe, Sevilla",2020,1
170000,2.0,3.0,3,84189725,115,,Tomares,"Aljarafe, Sevilla",2020,1
175500,2.0,3.0,3,84243011,116,,Tomares,"Aljarafe, Sevilla",2020,1
160000,2.0,3.0,3,84243171,112,,Tomares,"Aljarafe, Sevilla",2020,1
166000,2.0,3.0,3,84243591,112,,Tomares,"Aljarafe, Sevilla",2020,1
180500,2.0,3.0,3,84247571,116,,Tomares,"Aljarafe, Sevilla",2020,1
165000,2.0,3.0,3,84248216,112,,Tomares,"Aljarafe, Sevilla",2020,1
174000,2.0,3.0,3,84297339,112,,Tomares,"Aljarafe, Sevilla",2020,1
183500,2.0,3.0,3,84297527,116,,Tomares,"Aljarafe, Sevilla",2020,1
180000,2.0,3.0,3,84298055,107,,Tomares,"Aljarafe, Sevilla",2020,1
223000,2.0,4.0,3,84298248,140,,Tomares,"Aljarafe, Sevilla",2020,1
180000,2.0,3.0,3,84298407,112,,Tomares,"Aljarafe, Sevilla",2020,1
598000,5.0,5.0,1,82768591,1236,,Tomares,"Aljarafe, Sevilla",1976,1
265000,4.0,4.0,6,84991921,180,,Tomares,"Aljarafe, Sevilla",,1
160000,2.0,3.0,3,84376811,112,,Tomares,"Aljarafe, Sevilla",,1
138000,2.0,2.0,3,84376820,90,,Tomares,"Aljarafe, Sevilla",,1
223000,2.0,4.0,3,84376829,140,,Tomares,"Aljarafe, Sevilla",,1
300000,2.0,4.0,3,84067815,170,,Tomares,"Aljarafe, Sevilla",2003,1
229000,3.0,4.0,6,84887655,204,90,Tomares,"Aljarafe, Sevilla",1995,1
315000,4.0,4.0,0,84991384,222,226,Tomares,"Aljarafe, Sevilla",1989,1
199500,3.0,4.0,6,84947192,112,190,Tomares,"Aljarafe, Sevilla",1990,0
250000,3.0,6.0,0,85041677,170,,Tomares,"Aljarafe, Sevilla",1985,1
162000,2.0,2.0,3,82428731,83,60,Tomares,"Aljarafe, Sevilla",1995,1
259000,2.0,3.0,3,85036545,132,100,Tomares,"Aljarafe, Sevilla",2005,1
189900,1.0,4.0,10,85050263,129,108,Tomares,"Aljarafe, Sevilla",,0
price,0.0,0.0,14,house_id,m2_real,m2_useful,loc_city,loc_zone,construct_date,1
199000,2.0,5.0,10,84621784,200,150,San Juan de Aznalfarache,"Aljarafe, Sevilla",1920,0
325000,3.0,4.0,6,37760992,190,,San Juan de Aznalfarache,"Aljarafe, Sevilla",,0
200000,2.0,3.0,2,81264226,130,,San Juan de Aznalfarache,"Aljarafe, Sevilla",,1
84000,1.0,1.0,3,1762840,50,,San Juan de Aznalfarache,"Aljarafe, Sevilla",,0
150000,1.0,2.0,2,82018908,120,,San Juan de Aznalfarache,"Aljarafe, Sevilla",,0
59500,1.0,1.0,2,30288914,160,,San Juan de Aznalfarache,"Aljarafe, Sevilla",,1
110000,1.0,2.0,3,31927948,70,,San Juan de Aznalfarache,"Aljarafe, Sevilla",,0
60000,1.0,3.0,3,81625630,60,,San Juan de Aznalfarache,"Aljarafe, Sevilla",,0
170000,1.0,2.0,3,34965216,75,60,San Juan de Aznalfarache,"Aljarafe, Sevilla",2003,1
96000,1.0,3.0,3,38196803,88,,San Juan de Aznalfarache,"Aljarafe, Sevilla",,0
100000,2.0,2.0,3,82560307,85,,San Juan de Aznalfarache,"Aljarafe, Sevilla",,1
138000,2.0,4.0,1,26721762,225,175,San Juan de Aznalfarache,"Aljarafe, Sevilla",,0
55000,1.0,3.0,3,39404421,70,,San Juan de Aznalfarache,"Aljarafe, Sevilla",,0
62150,1.0,3.0,3,83807047,98,86,San Juan de Aznalfarache,"Aljarafe, Sevilla",,0
65000,1.0,1.0,3,30086048,50,,San Juan de Aznalfarache,"Aljarafe, Sevilla",,1
65000,2.0,2.0,3,82967053,75,,San Juan de Aznalfarache,"Aljarafe, Sevilla",,0
190000,2.0,3.0,3,82984469,110,,San Juan de Aznalfarache,"Aljarafe, Sevilla",,1
100000,2.0,3.0,3,83000264,70,,San Juan de Aznalfarache,"Aljarafe, Sevilla",,0
119900,1.0,4.0,6,83198846,100,,San Juan de Aznalfarache,"Aljarafe, Sevilla",,0
60000,1.0,2.0,2,84230914,80,,San Juan de Aznalfarache,"Aljarafe, Sevilla",,0
90000,1.0,3.0,3,324163,70,50,San Juan de Aznalfarache,"Aljarafe, Sevilla",,0
85000,1.0,3.0,3,1712466,85,71,San Juan de Aznalfarache,"Aljarafe, Sevilla",,0
43000,1.0,3.0,3,84647626,50,,San Juan de Aznalfarache,"Aljarafe, Sevilla",,1
62150,1.0,3.0,1,40002631,98,,San Juan de Aznalfarache,"Aljarafe, Sevilla",,0
175400,2.0,4.0,3,82398205,119,89,San Juan de Aznalfarache,"Aljarafe, Sevilla",,0
30883,1.0,1.0,3,38625753,54,45,San Juan de Aznalfarache,"Aljarafe, Sevilla",,0
56000,1.0,3.0,3,84970913,61,,San Juan de Aznalfarache,"Aljarafe, Sevilla",,0
45500,1.0,2.0,3,84970982,59,,San Juan de Aznalfarache,"Aljarafe, Sevilla",,0
70500,1.0,1.0,3,84971030,62,,San Juan de Aznalfarache,"Aljarafe, Sevilla",,0
62150,1.0,3.0,10,39888326,98,86,San Juan de Aznalfarache,"Aljarafe, Sevilla",,0
34100,1.0,2.0,3,82748907,61,49,San Juan de Aznalfarache,"Aljarafe, Sevilla",,0
56000,1.0,3.0,3,84825236,60,53,San Juan de Aznalfarache,"Aljarafe, Sevilla",,0
70500,1.0,1.0,3,84393529,62,49,San Juan de Aznalfarache,"Aljarafe, Sevilla",,0
56000,2.0,2.0,3,82833334,65,,San Juan de Aznalfarache,"Aljarafe, Sevilla",1960,0
70900,1.0,3.0,3,29076788,80,,San Juan de Aznalfarache,"Aljarafe, Sevilla",,0
175000,3.0,3.0,6,29435818,116,,San Juan de Aznalfarache,"Aljarafe, Sevilla",,1
48000,1.0,3.0,3,29285278,70,,San Juan de Aznalfarache,"Aljarafe, Sevilla",,0
66000,2.0,2.0,3,82833331,65,,San Juan de Aznalfarache,"Aljarafe, Sevilla",,0
40000,1.0,3.0,3,83781166,60,,San Juan de Aznalfarache,"Aljarafe, Sevilla",,0
63000,1.0,3.0,3,84448717,80,75,San Juan de Aznalfarache,"Aljarafe, Sevilla",,0
45000,1.0,2.0,3,81329193,75,65,San Juan de Aznalfarache,"Aljarafe, Sevilla",,0
40000,1.0,3.0,3,83851129,65,,San Juan de Aznalfarache,"Aljarafe, Sevilla",,0
58500,1.0,3.0,3,84701678,72,59,San Juan de Aznalfarache,"Aljarafe, Sevilla",1970,0
50000,2.0,2.0,1,83898789,1,,San Juan de Aznalfarache,"Aljarafe, Sevilla",,0
72000,1.0,2.0,3,30948501,89,77,San Juan de Aznalfarache,"Aljarafe, Sevilla",,0
103000,1.0,2.0,3,1929445,80,72,San Juan de Aznalfarache,"Aljarafe, Sevilla",,0
136000,1.0,4.0,3,33839404,98,,San Juan de Aznalfarache,"Aljarafe, Sevilla",,0
65000,1.0,3.0,11,39702590,80,,San Juan de Aznalfarache,"Aljarafe, Sevilla",,0
70000,1.0,2.0,6,35601247,75,,San Juan de Aznalfarache,"Aljarafe, Sevilla",,0
155000,1.0,3.0,6,38195709,100,,San Juan de Aznalfarache,"Aljarafe, Sevilla",,0
62200,1.0,2.0,3,40053148,75,65,San Juan de Aznalfarache,"Aljarafe, Sevilla",,0
80000,1.0,3.0,6,81484344,175,,San Juan de Aznalfarache,"Aljarafe, Sevilla",,0
199000,3.0,4.0,6,38366751,200,,San Juan de Aznalfarache,"Aljarafe, Sevilla",,1
63000,1.0,2.0,3,83348235,60,,San Juan de Aznalfarache,"Aljarafe, Sevilla",,0
145000,2.0,3.0,6,83548206,300,120,San Juan de Aznalfarache,"Aljarafe, Sevilla",,0
44900,1.0,2.0,3,83778099,58,,San Juan de Aznalfarache,"Aljarafe, Sevilla",,0
70000,1.0,3.0,3,83892758,80,,San Juan de Aznalfarache,"Aljarafe, Sevilla",,0
79000,1.0,2.0,2,38909267,100,,San Juan de Aznalfarache,"Aljarafe, Sevilla",,0
65000,2.0,2.0,3,84743487,80,,San Juan de Aznalfarache,"Aljarafe, Sevilla",,0
65000,2.0,2.0,3,84950170,73,70,San Juan de Aznalfarache,"Aljarafe, Sevilla",,0
95000,2.0,4.0,3,25011557,150,130,San Juan de Aznalfarache,"Aljarafe, Sevilla",,0
100000,1.0,3.0,3,29149595,93,88,San Juan de Aznalfarache,"Aljarafe, Sevilla",,0
65000,1.0,3.0,3,32857764,96,80,San Juan de Aznalfarache,"Aljarafe, Sevilla",,0
65000,1.0,2.0,3,33788893,65,56,San Juan de Aznalfarache,"Aljarafe, Sevilla",,0
60000,1.0,3.0,3,36576402,74,,San Juan de Aznalfarache,"Aljarafe, Sevilla",,0
220000,3.0,4.0,6,38833368,160,95,San Juan de Aznalfarache,"Aljarafe, Sevilla",,1
70000,1.0,3.0,3,38884572,85,,San Juan de Aznalfarache,"Aljarafe, Sevilla",,0
95000,1.0,2.0,3,445809,82,80,San Juan de Aznalfarache,"Aljarafe, Sevilla",,0
185000,1.0,2.0,3,26203235,95,80,San Juan de Aznalfarache,"Aljarafe, Sevilla",,1
43000,1.0,3.0,3,81809598,55,54,San Juan de Aznalfarache,"Aljarafe, Sevilla",,1
55000,1.0,2.0,3,39469810,72,58,San Juan de Aznalfarache,"Aljarafe, Sevilla",,0
220000,3.0,5.0,11,29502996,200,180,San Juan de Aznalfarache,"Aljarafe, Sevilla",,1
60000,1.0,3.0,3,84085700,80,75,San Juan de Aznalfarache,"Aljarafe, Sevilla",,0
65000,1.0,3.0,3,84260987,59,,San Juan de Aznalfarache,"Aljarafe, Sevilla",,0
46000,1.0,3.0,3,84384636,65,60,San Juan de Aznalfarache,"Aljarafe, Sevilla",1960,0
41600,1.0,3.0,3,37884900,49,48,San Juan de Aznalfarache,"Aljarafe, Sevilla",,0
65000,1.0,3.0,3,82912133,75,56,San Juan de Aznalfarache,"Aljarafe, Sevilla",,0
50000,1.0,3.0,3,84168669,75,64,San Juan de Aznalfarache,"Aljarafe, Sevilla",,0
136000,2.0,3.0,6,38280304,120,115,San Juan de Aznalfarache,"Aljarafe, Sevilla",,0
160000,1.0,2.0,3,83723735,65,55,San Juan de Aznalfarache,"Aljarafe, Sevilla",,1
95500,2.0,3.0,6,39917229,98,86,San Juan de Aznalfarache,"Aljarafe, Sevilla",,0
58500,1.0,3.0,3,34705994,72,59,San Juan de Aznalfarache,"Aljarafe, Sevilla",,0
78672,1.0,2.0,3,83449239,72,,San Juan de Aznalfarache,"Aljarafe, Sevilla",,0
65885,1.0,2.0,3,36532016,81,,San Juan de Aznalfarache,"Aljarafe, Sevilla",,0
52900,1.0,3.0,3,83965287,68,,San Juan de Aznalfarache,"Aljarafe, Sevilla",,0
70900,1.0,3.0,3,27480366,78,61,San Juan de Aznalfarache,"Aljarafe, Sevilla",,0
118000,1.0,2.0,3,84409590,71,58,San Juan de Aznalfarache,"Aljarafe, Sevilla",,0
110000,2.0,2.0,3,84447667,117,85,San Juan de Aznalfarache,"Aljarafe, Sevilla",1998,1
79900,1.0,3.0,6,37672916,203,,San Juan de Aznalfarache,"Aljarafe, Sevilla",,0
99000,1.0,3.0,3,40208624,80,70,San Juan de Aznalfarache,"Aljarafe, Sevilla",,0
118000,3.0,3.0,3,84615372,115,110,San Juan de Aznalfarache,"Aljarafe, Sevilla",,0
68360,1.0,3.0,3,33020632,86,69,San Juan de Aznalfarache,"Aljarafe, Sevilla",1974,0
207000,2.0,6.0,6,35600734,211,,San Juan de Aznalfarache,"Aljarafe, Sevilla",,1
150000,2.0,4.0,3,38888517,127,,San Juan de Aznalfarache,"Aljarafe, Sevilla",,1
45200,1.0,3.0,3,38485895,67,54,San Juan de Aznalfarache,"Aljarafe, Sevilla",1970,0
89000,2.0,4.0,6,82787255,160,,San Juan de Aznalfarache,"Aljarafe, Sevilla",,0
58000,1.0,2.0,6,82848103,60,100,San Juan de Aznalfarache,"Aljarafe, Sevilla",,0
146000,2.0,6.0,6,84339551,150,169,San Juan de Aznalfarache,"Aljarafe, Sevilla",1975,0
83000,1.0,3.0,3,84458442,85,80,San Juan de Aznalfarache,"Aljarafe, Sevilla",1980,0
175000,2.0,3.0,3,82656506,87,,San Juan de Aznalfarache,"Aljarafe, Sevilla",,1
182500,2.0,3.0,3,28999029,135,115,San Juan de Aznalfarache,"Aljarafe, Sevilla",,0
33400,1.0,2.0,3,84567847,50,,San Juan de Aznalfarache,"Aljarafe, Sevilla",,0
55000,1.0,3.0,3,37853557,70,65,San Juan de Aznalfarache,"Aljarafe, Sevilla",,0
73000,1.0,2.0,3,31785105,80,66,San Juan de Aznalfarache,"Aljarafe, Sevilla",,0
156000,2.0,4.0,0,40366349,138,,San Juan de Aznalfarache,"Aljarafe, Sevilla",1997,0
52000,1.0,3.0,3,81273447,78,68,San Juan de Aznalfarache,"Aljarafe, Sevilla",,0
156000,2.0,4.0,0,81625881,138,,San Juan de Aznalfarache,"Aljarafe, Sevilla",,0
62500,1.0,3.0,3,81744180,82,,San Juan de Aznalfarache,"Aljarafe, Sevilla",,0
50000,1.0,1.0,3,82117330,65,60,San Juan de Aznalfarache,"Aljarafe, Sevilla",,0
39000,1.0,0.0,12,38352170,55,50,San Juan de Aznalfarache,"Aljarafe, Sevilla",1969,0
126000,1.0,4.0,6,83192956,128,115,San Juan de Aznalfarache,"Aljarafe, Sevilla",1989,0
125000,2.0,5.0,3,83332199,186,,San Juan de Aznalfarache,"Aljarafe, Sevilla",1982,0
55000,1.0,3.0,11,83441142,86,,San Juan de Aznalfarache,"Aljarafe, Sevilla",1960,0
85000,2.0,2.0,3,83695523,95,85,San Juan de Aznalfarache,"Aljarafe, Sevilla",1989,0
35000,1.0,3.0,3,83928872,54,,San Juan de Aznalfarache,"Aljarafe, Sevilla",1969,0
39000,1.0,3.0,3,84179337,58,,San Juan de Aznalfarache,"Aljarafe, Sevilla",1970,0
59900,1.0,3.0,6,84193827,54,,San Juan de Aznalfarache,"Aljarafe, Sevilla",1964,0
45000,1.0,2.0,3,84573594,66,,San Juan de Aznalfarache,"Aljarafe, Sevilla",1970,0
48900,1.0,3.0,3,82195514,59,51,San Juan de Aznalfarache,"Aljarafe, Sevilla",,0
37000,1.0,3.0,3,83066237,80,64,San Juan de Aznalfarache,"Aljarafe, Sevilla",,0
51000,1.0,3.0,3,83474289,83,67,San Juan de Aznalfarache,"Aljarafe, Sevilla",,0
33400,1.0,2.0,3,84559292,50,,San Juan de Aznalfarache,"Aljarafe, Sevilla",,0
180000,2.0,4.0,6,37563923,200,,San Juan de Aznalfarache,"Aljarafe, Sevilla",,0
48900,1.0,3.0,3,83027062,88,62,San Juan de Aznalfarache,"Aljarafe, Sevilla",,0
38000,1.0,3.0,3,83456976,49,,San Juan de Aznalfarache,"Aljarafe, Sevilla",,0
166000,1.0,2.0,3,2060024,91,,San Juan de Aznalfarache,"Aljarafe, Sevilla",,1
269000,1.0,3.0,11,2053781,170,90,San Juan de Aznalfarache,"Aljarafe, Sevilla",2003,1
195000,2.0,3.0,3,35755486,97,,San Juan de Aznalfarache,"Aljarafe, Sevilla",,1
60000,1.0,4.0,3,81215884,80,72,San Juan de Aznalfarache,"Aljarafe, Sevilla",,0
40000,1.0,3.0,3,83078604,70,50,San Juan de Aznalfarache,"Aljarafe, Sevilla",,0
37000,1.0,3.0,3,83254627,80,65,San Juan de Aznalfarache,"Aljarafe, Sevilla",1968,0
34990,1.0,2.0,3,84413252,50,,San Juan de Aznalfarache,"Aljarafe, Sevilla",,0
63000,1.0,3.0,3,84704641,70,65,San Juan de Aznalfarache,"Aljarafe, Sevilla",,0
82000,2.0,3.0,0,83845947,95,,San Juan de Aznalfarache,"Aljarafe, Sevilla",,0
37050,1.0,2.0,3,81476402,53,45,San Juan de Aznalfarache,"Aljarafe, Sevilla",,0
90700,2.0,2.0,10,84764759,94,,San Juan de Aznalfarache,"Aljarafe, Sevilla",1900,0
78672,1.0,2.0,3,83919625,71,57,San Juan de Aznalfarache,"Aljarafe, Sevilla",,0
85900,1.0,3.0,3,84862111,92,,San Juan de Aznalfarache,"Aljarafe, Sevilla",1980,0
167000,2.0,3.0,3,84921411,90,,San Juan de Aznalfarache,"Aljarafe, Sevilla",2004,0
195000,2.0,3.0,3,1766161,100,,San Juan de Aznalfarache,"Aljarafe, Sevilla",,1
200000,1.0,2.0,3,1618235,95,,San Juan de Aznalfarache,"Aljarafe, Sevilla",,1
63000,1.0,4.0,11,39974209,82,,San Juan de Aznalfarache,"Aljarafe, Sevilla",,0
120000,2.0,2.0,3,82596244,87,64,San Juan de Aznalfarache,"Aljarafe, Sevilla",2007,1
65000,1.0,3.0,3,82605758,85,76,San Juan de Aznalfarache,"Aljarafe, Sevilla",1983,0
99900,2.0,3.0,3,30231416,95,90,San Juan de Aznalfarache,"Aljarafe, Sevilla",,0
48000,1.0,3.0,3,84145421,65,54,San Juan de Aznalfarache,"Aljarafe, Sevilla",,0
75000,1.0,3.0,3,84519016,80,,San Juan de Aznalfarache,"Aljarafe, Sevilla",,0
125000,2.0,4.0,3,84185127,110,,San Juan de Aznalfarache,"Aljarafe, Sevilla",,0
132000,3.0,4.0,11,84973889,102,70,San Juan de Aznalfarache,"Aljarafe, Sevilla",,1
249000,2.0,3.0,3,315188,90,,San Juan de Aznalfarache,"Aljarafe, Sevilla",,1
42336,1.0,3.0,3,25688250,42,36,San Juan de Aznalfarache,"Aljarafe, Sevilla",,0
28000,1.0,1.0,6,82495057,115,,San Juan de Aznalfarache,"Aljarafe, Sevilla",1976,1
152100,2.0,3.0,10,39426513,205,,San Juan de Aznalfarache,"Aljarafe, Sevilla",,1
100000,2.0,4.0,3,40322351,92,,San Juan de Aznalfarache,"Aljarafe, Sevilla",,0
45000,1.0,2.0,3,83202452,59,,San Juan de Aznalfarache,"Aljarafe, Sevilla",,0
40000,1.0,3.0,3,84266339,60,50,San Juan de Aznalfarache,"Aljarafe, Sevilla",,0
315000,3.0,3.0,6,84795887,70,153,San Juan de Aznalfarache,"Aljarafe, Sevilla",,1
48900,1.0,3.0,6,33841024,81,68,San Juan de Aznalfarache,"Aljarafe, Sevilla",,0
47300,1.0,2.0,3,38020450,71,,San Juan de Aznalfarache,"Aljarafe, Sevilla",,0
45800,1.0,3.0,3,39063099,74,,San Juan de Aznalfarache,"Aljarafe, Sevilla",,0
152100,2.0,3.0,6,39403436,205,,San Juan de Aznalfarache,"Aljarafe, Sevilla",,1
48900,1.0,3.0,3,81588313,78,64,San Juan de Aznalfarache,"Aljarafe, Sevilla",,0
30400,1.0,3.0,3,81832436,55,44,San Juan de Aznalfarache,"Aljarafe, Sevilla",,0
41800,1.0,3.0,3,83727982,108,85,San Juan de Aznalfarache,"Aljarafe, Sevilla",,0
62000,1.0,3.0,3,84291354,59,53,San Juan de Aznalfarache,"Aljarafe, Sevilla",1970,0
110000,2.0,2.0,0,84792177,105,92,San Juan de Aznalfarache,"Aljarafe, Sevilla",,0
219000,3.0,4.0,6,84791455,120,,San Juan de Aznalfarache,"Aljarafe, Sevilla",,1
214900,2.0,3.0,9,82348404,105,95,San Juan de Aznalfarache,"Aljarafe, Sevilla",2017,1
96000,1.0,3.0,3,33547047,86,,San Juan de Aznalfarache,"Aljarafe, Sevilla",,0
150000,1.0,6.0,6,36373362,213,,San Juan de Aznalfarache,"Aljarafe, Sevilla",,0
65000,1.0,3.0,3,37977132,76,,San Juan de Aznalfarache,"Aljarafe, Sevilla",1960,0
152250,1.0,2.0,10,39063640,96,,San Juan de Aznalfarache,"Aljarafe, Sevilla",,0
110000,2.0,3.0,11,81178267,100,90,San Juan de Aznalfarache,"Aljarafe, Sevilla",1980,1
119000,1.0,6.0,6,83036650,123,146,San Juan de Aznalfarache,"Aljarafe, Sevilla",1975,0
88000,2.0,4.0,3,83418294,95,,San Juan de Aznalfarache,"Aljarafe, Sevilla",1989,0
80000,1.0,3.0,3,83465990,82,,San Juan de Aznalfarache,"Aljarafe, Sevilla",1974,0
69900,1.0,3.0,3,84243343,65,,San Juan de Aznalfarache,"Aljarafe, Sevilla",1975,0
108000,2.0,3.0,6,84368319,50,,San Juan de Aznalfarache,"Aljarafe, Sevilla",2009,0
49900,1.0,3.0,3,84437904,62,,San Juan de Aznalfarache,"Aljarafe, Sevilla",1974,0
47100,1.0,3.0,3,31719209,87,66,San Juan de Aznalfarache,"Aljarafe, Sevilla",,0
109400,2.0,3.0,11,35303698,186,158,San Juan de Aznalfarache,"Aljarafe, Sevilla",,1
23500,1.0,0.0,12,37472828,46,,San Juan de Aznalfarache,"Aljarafe, Sevilla",,0
240000,2.0,4.0,6,38073057,75,,San Juan de Aznalfarache,"Aljarafe, Sevilla",2000,1
45000,1.0,1.0,3,39134903,58,,San Juan de Aznalfarache,"Aljarafe, Sevilla",,0
167000,2.0,3.0,3,82026068,89,86,San Juan de Aznalfarache,"Aljarafe, Sevilla",,0
35400,1.0,2.0,6,31765446,96,83,San Juan de Aznalfarache,"Aljarafe, Sevilla",,0
30400,1.0,2.0,3,83457732,55,,San Juan de Aznalfarache,"Aljarafe, Sevilla",,0
22700,1.0,1.0,3,83935693,49,38,San Juan de Aznalfarache,"Aljarafe, Sevilla",,0
179000,2.0,4.0,10,84038057,176,147,San Juan de Aznalfarache,"Aljarafe, Sevilla",2002,1
60000,1.0,3.0,3,84223893,80,72,San Juan de Aznalfarache,"Aljarafe, Sevilla",1975,0
180000,2.0,3.0,3,84727108,110,,San Juan de Aznalfarache,"Aljarafe, Sevilla",,1
63000,1.0,3.0,3,83715613,71,,San Juan de Aznalfarache,"Aljarafe, Sevilla",,0
58500,1.0,3.0,3,83660642,85,,San Juan de Aznalfarache,"Aljarafe, Sevilla",,0
126000,2.0,3.0,3,82284995,132,111,San Juan de Aznalfarache,"Aljarafe, Sevilla",,0
56000,1.0,3.0,3,29063897,96,95,San Juan de Aznalfarache,"Aljarafe, Sevilla",,0
185000,3.0,4.0,6,84188940,110,,San Juan de Aznalfarache,"Aljarafe, Sevilla",,0
78672,1.0,3.0,3,84983556,67,,San Juan de Aznalfarache,"Aljarafe, Sevilla",,0
235000,3.0,4.0,0,36375149,100,112,San Juan de Aznalfarache,"Aljarafe, Sevilla",2003,0
124990,2.0,3.0,3,84197525,84,70,San Juan de Aznalfarache,"Aljarafe, Sevilla",1998,1
124990,2.0,3.0,3,84637758,84,70,San Juan de Aznalfarache,"Aljarafe, Sevilla",1998,1
127000,2.0,3.0,6,84836683,109,,San Juan de Aznalfarache,"Aljarafe, Sevilla",1960,1
143000,1.0,2.0,3,84869594,73,61,San Juan de Aznalfarache,"Aljarafe, Sevilla",2004,0
33400,1.0,2.0,3,84127393,58,,San Juan de Aznalfarache,"Aljarafe, Sevilla",,0
315000,3.0,3.0,6,84785240,70,153,San Juan de Aznalfarache,"Aljarafe, Sevilla",2006,1
125000,2.0,4.0,3,84957220,90,89,San Juan de Aznalfarache,"Aljarafe, Sevilla",,0
39500,1.0,3.0,3,84966627,58,50,San Juan de Aznalfarache,"Aljarafe, Sevilla",1969,0
58000,1.0,3.0,3,84973553,87,75,San Juan de Aznalfarache,"Aljarafe, Sevilla",1977,0
45500,1.0,2.0,3,84334790,58,46,San Juan de Aznalfarache,"Aljarafe, Sevilla",,0
220000,3.0,4.0,6,1936886,264,138,San Juan de Aznalfarache,"Aljarafe, Sevilla",,0
229500,3.0,5.0,11,26040949,192,163,San Juan de Aznalfarache,"Aljarafe, Sevilla",,1
185000,2.0,3.0,3,26071311,86,,San Juan de Aznalfarache,"Aljarafe, Sevilla",,1
150000,1.0,2.0,3,32712422,70,67,San Juan de Aznalfarache,"Aljarafe, Sevilla",,1
90700,2.0,2.0,10,83898132,94,,San Juan de Aznalfarache,"Aljarafe, Sevilla",,0
33400,1.0,2.0,3,84107929,58,,San Juan de Aznalfarache,"Aljarafe, Sevilla",,0
299000,2.0,3.0,9,84220674,200,105,San Juan de Aznalfarache,"Aljarafe, Sevilla",2018,1
70500,1.0,1.0,3,84308452,62,49,San Juan de Aznalfarache,"Aljarafe, Sevilla",,0
64900,1.0,3.0,3,84713206,50,,San Juan de Aznalfarache,"Aljarafe, Sevilla",1975,0
145000,2.0,3.0,3,84778635,131,,San Juan de Aznalfarache,"Aljarafe, Sevilla",1980,0
110000,2.0,2.0,3,84890536,115,,San Juan de Aznalfarache,"Aljarafe, Sevilla",1998,1
123000,1.0,2.0,3,84964241,87,,San Juan de Aznalfarache,"Aljarafe, Sevilla",,1
45000,1.0,3.0,6,34412681,40,65,San Juan de Aznalfarache,"Aljarafe, Sevilla",1966,0
167000,2.0,3.0,3,82778389,90,,San Juan de Aznalfarache,"Aljarafe, Sevilla",,0
70000,1.0,2.0,3,30587789,72,59,San Juan de Aznalfarache,"Aljarafe, Sevilla",,0
52900,1.0,3.0,3,84124750,65,58,San Juan de Aznalfarache,"Aljarafe, Sevilla",,0
315000,3.0,3.0,6,27302947,170,150,San Juan de Aznalfarache,"Aljarafe, Sevilla",2006,1
222260,3.0,4.0,10,81958195,163,143,San Juan de Aznalfarache,"Aljarafe, Sevilla",1990,1
167000,2.0,3.0,3,83090796,89,73,San Juan de Aznalfarache,"Aljarafe, Sevilla",2004,1
74900,1.0,4.0,3,84818931,90,,San Juan de Aznalfarache,"Aljarafe, Sevilla",,0
116900,1.0,2.0,6,84526567,86,74,San Juan de Aznalfarache,"Aljarafe, Sevilla",2019,1
65885,1.0,2.0,3,37827144,80,68,San Juan de Aznalfarache,"Aljarafe, Sevilla",,0
285000,3.0,3.0,6,84323018,175,160,San Juan de Aznalfarache,"Aljarafe, Sevilla",,1
38500,1.0,3.0,3,83456224,73,,San Juan de Aznalfarache,"Aljarafe, Sevilla",,0
150000,2.0,2.0,3,39857366,84,64,San Juan de Aznalfarache,"Aljarafe, Sevilla",2005,0
46930,1.0,3.0,3,83473337,65,55,San Juan de Aznalfarache,"Aljarafe, Sevilla",,0
70900,1.0,3.0,3,27559393,79,62,San Juan de Aznalfarache,"Aljarafe, Sevilla",1985,0
70900,1.0,3.0,3,84362704,80,62,San Juan de Aznalfarache,"Aljarafe, Sevilla",1985,0
24500,1.0,2.0,3,84645644,46,,San Juan de Aznalfarache,"Aljarafe, Sevilla",1960,0
35000,1.0,2.0,6,84960072,100,80,San Juan de Aznalfarache,"Aljarafe, Sevilla",,0
175000,2.0,3.0,3,36055291,120,,San Juan de Aznalfarache,"Aljarafe, Sevilla",,1
177000,2.0,3.0,3,36055326,124,,San Juan de Aznalfarache,"Aljarafe, Sevilla",,1
188500,2.0,3.0,3,36055356,105,,San Juan de Aznalfarache,"Aljarafe, Sevilla",,1
228000,3.0,4.0,6,82242459,120,,San Juan de Aznalfarache,"Aljarafe, Sevilla",,1
99900,2.0,4.0,3,82484509,125,115,San Juan de Aznalfarache,"Aljarafe, Sevilla",1981,0
79000,1.0,4.0,6,84540363,63,,San Juan de Aznalfarache,"Aljarafe, Sevilla",1959,0
59000,1.0,3.0,3,84991504,60,,San Juan de Aznalfarache,"Aljarafe, Sevilla",1967,0
28400,1.0,2.0,3,81774091,46,37,San Juan de Aznalfarache,"Aljarafe, Sevilla",,0
200000,2.0,4.0,3,84741624,120,,San Juan de Aznalfarache,"Aljarafe, Sevilla",2005,1
73000,1.0,3.0,3,84974375,68,65,San Juan de Aznalfarache,"Aljarafe, Sevilla",,0
70000,1.0,3.0,3,84902789,98,70,San Juan de Aznalfarache,"Aljarafe, Sevilla",,0
38500,1.0,4.0,3,81454463,73,61,San Juan de Aznalfarache,"Aljarafe, Sevilla",,0
45200,1.0,3.0,3,39762261,55,,San Juan de Aznalfarache,"Aljarafe, Sevilla",,0
90700,2.0,2.0,6,84494551,67,,San Juan de Aznalfarache,"Aljarafe, Sevilla",,0
168000,2.0,3.0,3,32922216,119,104,San Juan de Aznalfarache,"Aljarafe, Sevilla",,1
52000,1.0,3.0,3,84971824,78,,San Juan de Aznalfarache,"Aljarafe, Sevilla",,0
102260,2.0,5.0,10,39963506,237,225,San Juan de Aznalfarache,"Aljarafe, Sevilla",,0
73100,1.0,1.0,2,83955310,77,,San Juan de Aznalfarache,"Aljarafe, Sevilla",,0
146000,2.0,3.0,3,81432142,110,,San Juan de Aznalfarache,"Aljarafe, Sevilla",,1
157500,2.0,4.0,3,81432143,115,,San Juan de Aznalfarache,"Aljarafe, Sevilla",,1
144000,2.0,2.0,3,81432145,105,,San Juan de Aznalfarache,"Aljarafe, Sevilla",,1
142000,2.0,4.0,3,35559970,117,102,San Juan de Aznalfarache,"Aljarafe, Sevilla",,1
109400,2.0,3.0,3,83904679,187,159,San Juan de Aznalfarache,"Aljarafe, Sevilla",2003,0
205500,3.0,2.0,6,84437639,160,,San Juan de Aznalfarache,"Aljarafe, Sevilla",,1
212000,3.0,3.0,6,84437674,160,,San Juan de Aznalfarache,"Aljarafe, Sevilla",,1
212000,3.0,4.0,6,84437691,160,,San Juan de Aznalfarache,"Aljarafe, Sevilla",,1
200000,2.0,4.0,3,84608343,125,,San Juan de Aznalfarache,"Aljarafe, Sevilla",2003,1
47300,1.0,2.0,3,85033129,72,,San Juan de Aznalfarache,"Aljarafe, Sevilla",,0
40000,1.0,3.0,3,84960711,60,50,San Juan de Aznalfarache,"Aljarafe, Sevilla",,0
230000,3.0,4.0,6,85002578,110,95,San Juan de Aznalfarache,"Aljarafe, Sevilla",,1
205000,2.0,3.0,3,85002882,110,95,San Juan de Aznalfarache,"Aljarafe, Sevilla",,1
196000,2.0,3.0,3,85008276,110,95,San Juan de Aznalfarache,"Aljarafe, Sevilla",,1
183000,2.0,3.0,3,36639813,97,,San Juan de Aznalfarache,"Aljarafe, Sevilla",,1
145000,2.0,3.0,3,84648314,106,,San Juan de Aznalfarache,"Aljarafe, Sevilla",,1
211000,2.0,3.0,3,36639759,102,,San Juan de Aznalfarache,"Aljarafe, Sevilla",,1
52000,1.0,2.0,3,85049889,65,,San Juan de Aznalfarache,"Aljarafe, Sevilla",,0
161740,1.0,4.0,6,82899275,413,,San Juan de Aznalfarache,"Aljarafe, Sevilla",1920,1
35000,1.0,3.0,6,85035711,100,,San Juan de Aznalfarache,"Aljarafe, Sevilla",,0
116000,2.0,3.0,3,85012949,100,,San Juan de Aznalfarache,"Aljarafe, Sevilla",,0
180000,2.0,3.0,3,85012770,110,,San Juan de Aznalfarache,"Aljarafe, Sevilla",,0
99000,1.0,3.0,3,85041454,80,70,San Juan de Aznalfarache,"Aljarafe, Sevilla",,0
158000,2.0,3.0,3,32340491,135,,San Juan de Aznalfarache,"Aljarafe, Sevilla",1980,0
132000,2.0,3.0,3,84904256,105,,San Juan de Aznalfarache,"Aljarafe, Sevilla",1998,0
151000,2.0,3.0,3,85047737,125,87,San Juan de Aznalfarache,"Aljarafe, Sevilla",2007,1
220000,3.0,5.0,11,40369387,192,,San Juan de Aznalfarache,"Aljarafe, Sevilla",1992,1
45200,1.0,2.0,3,82439585,72,65,San Juan de Aznalfarache,"Aljarafe, Sevilla",1974,0
29900,1.0,3.0,3,82313594,60,50,San Juan de Aznalfarache,"Aljarafe, Sevilla",1969,0
65900,1.0,4.0,3,83426597,72,65,San Juan de Aznalfarache,"Aljarafe, Sevilla",1975,0
49900,1.0,3.0,3,82313593,71,65,San Juan de Aznalfarache,"Aljarafe, Sevilla",1969,0
36500,1.0,2.0,3,84729712,50,,San Juan de Aznalfarache,"Aljarafe, Sevilla",1970,0
45500,1.0,2.0,3,84784520,59,46,San Juan de Aznalfarache,"Aljarafe, Sevilla",,0
50000,1.0,2.0,3,84839601,52,40,San Juan de Aznalfarache,"Aljarafe, Sevilla",1959,0
58500,1.0,3.0,3,84865864,72,60,San Juan de Aznalfarache,"Aljarafe, Sevilla",,0
44500,1.0,3.0,3,82955966,58,,San Juan de Aznalfarache,"Aljarafe, Sevilla",,0
138775,3.0,3.0,6,84538137,119,,San Juan de Aznalfarache,"Aljarafe, Sevilla",,1
37000,1.0,3.0,3,82672016,65,,San Juan de Aznalfarache,"Aljarafe, Sevilla",1970,0
70900,1.0,3.0,3,84341198,72,,San Juan de Aznalfarache,"Aljarafe, Sevilla",,0
67990,1.0,3.0,10,83335689,78,57,San Juan de Aznalfarache,"Aljarafe, Sevilla",1965,0
78990,1.0,3.0,3,83335691,84,79,San Juan de Aznalfarache,"Aljarafe, Sevilla",1977,0
167000,2.0,3.0,3,82060476,89,,San Juan de Aznalfarache,"Aljarafe, Sevilla",2004,0
149900,2.0,4.0,3,32964904,118,89,San Juan de Aznalfarache,"Aljarafe, Sevilla",1995,0
70900,1.0,3.0,3,84332573,83,70,San Juan de Aznalfarache,"Aljarafe, Sevilla",1980,0
33400,1.0,2.0,3,84714661,51,,San Juan de Aznalfarache,"Aljarafe, Sevilla",1974,0
65885,1.0,2.0,3,84764543,81,,San Juan de Aznalfarache,"Aljarafe, Sevilla",1975,0
167000,2.0,3.0,3,81893797,90,,San Juan de Aznalfarache,"Aljarafe, Sevilla",,0
146400,2.0,3.0,3,82398206,100,73,San Juan de Aznalfarache,"Aljarafe, Sevilla",,0
89000,2.0,3.0,10,83552414,95,85,San Juan de Aznalfarache,"Aljarafe, Sevilla",1970,0
250000,3.0,5.0,6,84053513,184,,San Juan de Aznalfarache,"Aljarafe, Sevilla",,1
40000,1.0,3.0,3,84496585,60,,San Juan de Aznalfarache,"Aljarafe, Sevilla",,0
218000,3.0,4.0,10,83059534,180,,San Juan de Aznalfarache,"Aljarafe, Sevilla",1990,0
180000,2.0,3.0,3,82316395,95,,San Juan de Aznalfarache,"Aljarafe, Sevilla",,0
47500,1.0,3.0,3,82542310,55,,San Juan de Aznalfarache,"Aljarafe, Sevilla",1974,0
180000,2.0,4.0,0,84943905,197,,San Juan de Aznalfarache,"Aljarafe, Sevilla",1990,1
70900,1.0,3.0,3,85026198,78,,San Juan de Aznalfarache,"Aljarafe, Sevilla",1985,0
116900,2.0,2.0,11,84538147,86,,San Juan de Aznalfarache,"Aljarafe, Sevilla",,1
149900,2.0,4.0,3,84654484,140,120,San Juan de Aznalfarache,"Aljarafe, Sevilla",1975,0
140000,1.0,3.0,10,82941500,192,115,San Juan de Aznalfarache,"Aljarafe, Sevilla",1930,0
525000,3.0,4.0,10,83319261,404,,San Juan de Aznalfarache,"Aljarafe, Sevilla",,0
146000,2.0,3.0,3,34141358,113,86,San Juan de Aznalfarache,"Aljarafe, Sevilla",2019,1
178000,2.0,3.0,3,82244162,129,,San Juan de Aznalfarache,"Aljarafe, Sevilla",2003,0
49900,1.0,2.0,6,83960826,52,,San Juan de Aznalfarache,"Aljarafe, Sevilla",1964,0
205500,3.0,3.0,6,82032973,135,160,San Juan de Aznalfarache,"Aljarafe, Sevilla",2018,1
175000,2.0,3.0,3,84962842,96,,San Juan de Aznalfarache,"Aljarafe, Sevilla",2004,1
46000,1.0,3.0,3,83698113,78,,San Juan de Aznalfarache,"Aljarafe, Sevilla",1965,0
228000,2.0,4.0,6,81884450,119,,San Juan de Aznalfarache,"Aljarafe, Sevilla",,1
228000,3.0,4.0,6,81307589,130,,San Juan de Aznalfarache,"Aljarafe, Sevilla",,0
70900,1.0,3.0,3,84679720,81,,San Juan de Aznalfarache,"Aljarafe, Sevilla",,0
120000,2.0,4.0,3,82934537,110,90,San Juan de Aznalfarache,"Aljarafe, Sevilla",,0
145500,2.0,3.0,3,37033870,100,,San Juan de Aznalfarache,"Aljarafe, Sevilla",,1
168500,2.0,3.0,3,84648297,169,,San Juan de Aznalfarache,"Aljarafe, Sevilla",,1
149000,2.0,3.0,3,30486730,102,,San Juan de Aznalfarache,"Aljarafe, Sevilla",,1
68000,1.0,3.0,6,85018374,64,,San Juan de Aznalfarache,"Aljarafe, Sevilla",1960,0
330000,4.0,5.0,1,81414183,250,,San Juan de Aznalfarache,"Aljarafe, Sevilla",,1
price,0.0,0.0,14,house_id,m2_real,m2_useful,loc_city,loc_zone,construct_date,1
223000,2.0,3.0,11,84315082,119,88,Mairena del Aljarafe,"Aljarafe, Sevilla",2008,1
240000,3.0,8.0,2,82828405,320,,Mairena del Aljarafe,"Aljarafe, Sevilla",,0
135000,2.0,4.0,3,37422941,109,90,Mairena del Aljarafe,"Aljarafe, Sevilla",,0
245000,2.0,4.0,3,82104102,130,,Mairena del Aljarafe,"Aljarafe, Sevilla",,1
170000,2.0,3.0,3,27500131,97,88,Mairena del Aljarafe,"Aljarafe, Sevilla",,1
90000,1.0,3.0,3,37841028,80,79,Mairena del Aljarafe,"Aljarafe, Sevilla",,0
625000,3.0,5.0,1,38185889,1300,,Mairena del Aljarafe,"Aljarafe, Sevilla",,1
160000,2.0,3.0,3,81986791,100,90,Mairena del Aljarafe,"Aljarafe, Sevilla",,1
170000,3.0,4.0,6,26662975,126,98,Mairena del Aljarafe,"Aljarafe, Sevilla",,1
180000,2.0,3.0,3,26675519,88,,Mairena del Aljarafe,"Aljarafe, Sevilla",,0
300000,3.0,4.0,1,36866023,1300,,Mairena del Aljarafe,"Aljarafe, Sevilla",,1
115000,1.0,3.0,3,2135921,108,85,Mairena del Aljarafe,"Aljarafe, Sevilla",,0
199000,2.0,4.0,6,35512074,100,,Mairena del Aljarafe,"Aljarafe, Sevilla",2003,1
75000,1.0,3.0,3,82748989,85,,Mairena del Aljarafe,"Aljarafe, Sevilla",,0
390000,4.0,7.0,1,31550162,560,,Mairena del Aljarafe,"Aljarafe, Sevilla",,1
1000000,7.0,9.0,1,2008330,1575,630,Mairena del Aljarafe,"Aljarafe, Sevilla",,1
230000,2.0,3.0,3,36922016,100,,Mairena del Aljarafe,"Aljarafe, Sevilla",,1
210000,2.0,4.0,6,82213218,113,,Mairena del Aljarafe,"Aljarafe, Sevilla",,1
135000,2.0,3.0,3,82475707,100,85,Mairena del Aljarafe,"Aljarafe, Sevilla",2004,0
255000,3.0,5.0,6,35465339,145,,Mairena del Aljarafe,"Aljarafe, Sevilla",,0
74000,1.0,2.0,3,28198057,95,,Mairena del Aljarafe,"Aljarafe, Sevilla",,0
70000,1.0,3.0,3,1978322,75,70,Mairena del Aljarafe,"Aljarafe, Sevilla",,0
235000,2.0,3.0,3,83291643,120,,Mairena del Aljarafe,"Aljarafe, Sevilla",,1
60000,1.0,3.0,3,27569530,65,,Mairena del Aljarafe,"Aljarafe, Sevilla",,0
40000,1.0,3.0,2,83196329,133,,Mairena del Aljarafe,"Aljarafe, Sevilla",,0
220000,2.0,4.0,6,84559431,184,,Mairena del Aljarafe,"Aljarafe, Sevilla",,0
135000,2.0,4.0,3,33537187,110,90,Mairena del Aljarafe,"Aljarafe, Sevilla",,0
599000,2.0,5.0,1,32967800,1776,,Mairena del Aljarafe,"Aljarafe, Sevilla",,1
349000,2.0,5.0,1,34541821,1200,,Mairena del Aljarafe,"Aljarafe, Sevilla",,1
85000,1.0,1.0,3,83898842,64,,Mairena del Aljarafe,"Aljarafe, Sevilla",,1
196573,2.0,3.0,3,82759624,114,,Mairena del Aljarafe,"Aljarafe, Sevilla",,0
380000,4.0,5.0,3,27942057,210,,Mairena del Aljarafe,"Aljarafe, Sevilla",,1
450000,2.0,5.0,1,82740733,1000,,Mairena del Aljarafe,"Aljarafe, Sevilla",1989,0
150000,2.0,2.0,3,2142636,70,65,Mairena del Aljarafe,"Aljarafe, Sevilla",,1
106000,1.0,3.0,3,84720596,80,,Mairena del Aljarafe,"Aljarafe, Sevilla",,0
440000,4.0,6.0,1,29962065,340,,Mairena del Aljarafe,"Aljarafe, Sevilla",,1
63000,1.0,2.0,3,33522905,82,64,Mairena del Aljarafe,"Aljarafe, Sevilla",,0
45000,1.0,2.0,3,36220542,59,55,Mairena del Aljarafe,"Aljarafe, Sevilla",,0
186000,2.0,4.0,6,37638246,149,,Mairena del Aljarafe,"Aljarafe, Sevilla",,0
217000,3.0,3.0,6,38068458,144,,Mairena del Aljarafe,"Aljarafe, Sevilla",,1
373000,3.0,4.0,1,38302754,1290,,Mairena del Aljarafe,"Aljarafe, Sevilla",,0
176000,2.0,3.0,6,38890432,125,,Mairena del Aljarafe,"Aljarafe, Sevilla",,0
200000,3.0,6.0,6,38930380,320,,Mairena del Aljarafe,"Aljarafe, Sevilla",,1
185000,2.0,3.0,3,39010242,104,84,Mairena del Aljarafe,"Aljarafe, Sevilla",,1
50000,1.0,3.0,3,40399974,80,72,Mairena del Aljarafe,"Aljarafe, Sevilla",,0
110000,1.0,3.0,3,82696914,90,,Mairena del Aljarafe,"Aljarafe, Sevilla",,0
173000,3.0,4.0,6,36203095,130,,Mairena del Aljarafe,"Aljarafe, Sevilla",,0
37200,1.0,3.0,3,81476918,56,49,Mairena del Aljarafe,"Aljarafe, Sevilla",,0
350000,4.0,5.0,6,84637261,270,169,Mairena del Aljarafe,"Aljarafe, Sevilla",,1
46500,1.0,3.0,3,84713163,75,,Mairena del Aljarafe,"Aljarafe, Sevilla",,0
169000,2.0,2.0,3,84905663,85,72,Mairena del Aljarafe,"Aljarafe, Sevilla",,1
187000,2.0,3.0,3,29272496,115,,Mairena del Aljarafe,"Aljarafe, Sevilla",,1
58500,2.0,3.0,3,83292488,77,,Mairena del Aljarafe,"Aljarafe, Sevilla",,0
350000,3.0,4.0,3,1805090,180,,Mairena del Aljarafe,"Aljarafe, Sevilla",,1
305000,3.0,4.0,6,1905174,40,,Mairena del Aljarafe,"Aljarafe, Sevilla",,1
65000,1.0,3.0,3,2047191,94,80,Mairena del Aljarafe,"Aljarafe, Sevilla",,0
150000,2.0,4.0,3,2176424,194,140,Mairena del Aljarafe,"Aljarafe, Sevilla",,0
175000,2.0,5.0,3,425042,150,135,Mairena del Aljarafe,"Aljarafe, Sevilla",,0
690000,2.0,5.0,1,27957429,1584,260,Mairena del Aljarafe,"Aljarafe, Sevilla",,1
177000,2.0,3.0,1,30891949,3944,70,Mairena del Aljarafe,"Aljarafe, Sevilla",,0
252500,3.0,4.0,0,32872132,400,,Mairena del Aljarafe,"Aljarafe, Sevilla",,1
190000,1.0,2.0,8,38668312,2000,68,Mairena del Aljarafe,"Aljarafe, Sevilla",,0
260000,2.0,5.0,1,40155494,1500,,Mairena del Aljarafe,"Aljarafe, Sevilla",2000,1
240000,2.0,3.0,3,1640673,124,,Mairena del Aljarafe,"Aljarafe, Sevilla",,1
88000,1.0,3.0,3,82369662,70,,Mairena del Aljarafe,"Aljarafe, Sevilla",,0
175000,2.0,4.0,6,82398187,107,,Mairena del Aljarafe,"Aljarafe, Sevilla",,1
160000,2.0,2.0,3,26557002,80,68,Mairena del Aljarafe,"Aljarafe, Sevilla",,1
185000,2.0,2.0,3,83537775,90,,Mairena del Aljarafe,"Aljarafe, Sevilla",,1
235000,3.0,5.0,0,83816325,167,,Mairena del Aljarafe,"Aljarafe, Sevilla",,1
248000,3.0,5.0,1,83829307,535,165,Mairena del Aljarafe,"Aljarafe, Sevilla",,1
290000,3.0,4.0,6,84055383,129,100,Mairena del Aljarafe,"Aljarafe, Sevilla",,0
95000,2.0,3.0,3,84081478,80,67,Mairena del Aljarafe,"Aljarafe, Sevilla",,0
180000,2.0,3.0,6,84255776,450,130,Mairena del Aljarafe,"Aljarafe, Sevilla",,0
188200,2.0,3.0,3,84251980,112,87,Mairena del Aljarafe,"Aljarafe, Sevilla",,1
207000,2.0,3.0,3,84660387,135,109,Mairena del Aljarafe,"Aljarafe, Sevilla",,1
62500,1.0,3.0,3,84743928,75,,Mairena del Aljarafe,"Aljarafe, Sevilla",,0
115000,1.0,3.0,3,84777173,90,,Mairena del Aljarafe,"Aljarafe, Sevilla",,0
45000,1.0,2.0,3,39991535,60,,Mairena del Aljarafe,"Aljarafe, Sevilla",,0
400000,2.0,4.0,1,81855530,1000,,Mairena del Aljarafe,"Aljarafe, Sevilla",,0
235000,2.0,3.0,1,84145604,336,,Mairena del Aljarafe,"Aljarafe, Sevilla",,0
143000,2.0,3.0,3,36736140,90,,Mairena del Aljarafe,"Aljarafe, Sevilla",,0
320000,3.0,5.0,2,37529640,208,,Mairena del Aljarafe,"Aljarafe, Sevilla",2007,1
170000,2.0,2.0,3,81909796,98,89,Mairena del Aljarafe,"Aljarafe, Sevilla",2009,1
160000,2.0,3.0,3,82293281,115,,Mairena del Aljarafe,"Aljarafe, Sevilla",,1
91400,1.0,1.0,3,82591403,52,43,Mairena del Aljarafe,"Aljarafe, Sevilla",2004,1
71000,1.0,4.0,3,84500890,84,73,Mairena del Aljarafe,"Aljarafe, Sevilla",,0
152000,2.0,4.0,6,84701611,130,,Mairena del Aljarafe,"Aljarafe, Sevilla",,0
169000,2.0,3.0,3,37220520,99,85,Mairena del Aljarafe,"Aljarafe, Sevilla",2006,1
400000,2.0,4.0,1,82457117,311,,Mairena del Aljarafe,"Aljarafe, Sevilla",,0
189000,2.0,3.0,3,82537995,130,116,Mairena del Aljarafe,"Aljarafe, Sevilla",2006,0
225000,1.0,3.0,1,84393213,750,138,Mairena del Aljarafe,"Aljarafe, Sevilla",1991,0
58000,1.0,3.0,3,84706697,80,75,Mairena del Aljarafe,"Aljarafe, Sevilla",,0
257500,3.0,5.0,6,1014285,160,,Mairena del Aljarafe,"Aljarafe, Sevilla",,1
174000,2.0,2.0,3,28292865,90,,Mairena del Aljarafe,"Aljarafe, Sevilla",,1
240000,3.0,4.0,6,28915341,180,110,Mairena del Aljarafe,"Aljarafe, Sevilla",,1
215000,2.0,4.0,3,29162707,125,,Mairena del Aljarafe,"Aljarafe, Sevilla",,1
275000,2.0,4.0,1,83957487,1045,,Mairena del Aljarafe,"Aljarafe, Sevilla",,1
250000,2.0,3.0,1,84421640,260,,Mairena del Aljarafe,"Aljarafe, Sevilla",,1
45000,1.0,2.0,6,40571111,83,82,Mairena del Aljarafe,"Aljarafe, Sevilla",1971,0
220000,2.0,3.0,3,84230592,130,,Mairena del Aljarafe,"Aljarafe, Sevilla",,1
60000,1.0,3.0,2,84920390,100,155,Mairena del Aljarafe,"Aljarafe, Sevilla",,0
210000,3.0,5.0,1,83154491,146,,Mairena del Aljarafe,"Aljarafe, Sevilla",1988,1
80000,1.0,3.0,3,83851772,90,75,Mairena del Aljarafe,"Aljarafe, Sevilla",,0
145000,3.0,4.0,3,36688004,150,,Mairena del Aljarafe,"Aljarafe, Sevilla",1974,0
1250000,5.0,5.0,3,37786636,709,650,Mairena del Aljarafe,"Aljarafe, Sevilla",1995,1
156000,2.0,4.0,6,34746178,128,,Mairena del Aljarafe,"Aljarafe, Sevilla",,0
176500,1.0,5.0,6,38606448,161,,Mairena del Aljarafe,"Aljarafe, Sevilla",,0
200000,3.0,4.0,6,39407754,174,,Mairena del Aljarafe,"Aljarafe, Sevilla",,1
189000,2.0,4.0,3,82312786,130,115,Mairena del Aljarafe,"Aljarafe, Sevilla",2006,0
39000,1.0,3.0,3,82736552,58,50,Mairena del Aljarafe,"Aljarafe, Sevilla",1970,0
207000,2.0,3.0,3,83535687,110,,Mairena del Aljarafe,"Aljarafe, Sevilla",,1
130000,1.0,1.0,3,83787687,56,,Mairena del Aljarafe,"Aljarafe, Sevilla",,1
210000,2.0,4.0,6,84267125,160,,Mairena del Aljarafe,"Aljarafe, Sevilla",,0
215000,2.0,3.0,9,84588397,115,,Mairena del Aljarafe,"Aljarafe, Sevilla",,1
140000,2.0,4.0,6,82664239,105,89,Mairena del Aljarafe,"Aljarafe, Sevilla",1988,0
189000,2.0,4.0,3,82735081,136,130,Mairena del Aljarafe,"Aljarafe, Sevilla",,0
205000,2.0,3.0,3,82777966,95,90,Mairena del Aljarafe,"Aljarafe, Sevilla",,1
155000,2.0,3.0,3,82811804,96,90,Mairena del Aljarafe,"Aljarafe, Sevilla",,1
200000,2.0,3.0,3,82917088,115,110,Mairena del Aljarafe,"Aljarafe, Sevilla",,1
153000,1.0,2.0,3,37571598,80,76,Mairena del Aljarafe,"Aljarafe, Sevilla",1995,0
409000,4.0,4.0,1,84684544,500,230,Mairena del Aljarafe,"Aljarafe, Sevilla",,1
622000,3.0,4.0,1,38072898,1200,,Mairena del Aljarafe,"Aljarafe, Sevilla",,1
155000,2.0,2.0,3,39373790,95,,Mairena del Aljarafe,"Aljarafe, Sevilla",,1
116000,1.0,2.0,3,82688585,80,,Mairena del Aljarafe,"Aljarafe, Sevilla",,1
135600,2.0,3.0,3,82689932,90,,Mairena del Aljarafe,"Aljarafe, Sevilla",,1
165000,2.0,2.0,3,83178958,87,75,Mairena del Aljarafe,"Aljarafe, Sevilla",,1
330000,2.0,4.0,3,84122496,170,,Mairena del Aljarafe,"Aljarafe, Sevilla",1992,1
350000,3.0,4.0,1,84247448,1400,360,Mairena del Aljarafe,"Aljarafe, Sevilla",,0
275000,3.0,5.0,6,84359988,100,,Mairena del Aljarafe,"Aljarafe, Sevilla",,0
318000,4.0,6.0,0,84869693,283,,Mairena del Aljarafe,"Aljarafe, Sevilla",,0
122000,1.0,1.0,3,84985125,56,,Mairena del Aljarafe,"Aljarafe, Sevilla",,0
289000,3.0,3.0,11,27557395,170,146,Mairena del Aljarafe,"Aljarafe, Sevilla",,1
650000,3.0,4.0,1,29826902,1200,,Mairena del Aljarafe,"Aljarafe, Sevilla",,1
1000000,4.0,3.0,1,35817086,1000,,Mairena del Aljarafe,"Aljarafe, Sevilla",,0
89000,1.0,3.0,3,38268315,70,,Mairena del Aljarafe,"Aljarafe, Sevilla",,0
210000,2.0,4.0,1,38547618,280,220,Mairena del Aljarafe,"Aljarafe, Sevilla",,1
170000,3.0,3.0,6,38646154,124,,Mairena del Aljarafe,"Aljarafe, Sevilla",,1
350000,2.0,3.0,3,39086580,140,130,Mairena del Aljarafe,"Aljarafe, Sevilla",,1
180000,1.0,4.0,2,40020817,2000,,Mairena del Aljarafe,"Aljarafe, Sevilla",,0
115000,1.0,4.0,3,82422398,85,,Mairena del Aljarafe,"Aljarafe, Sevilla",,0
207000,2.0,3.0,3,29205469,120,90,Mairena del Aljarafe,"Aljarafe, Sevilla",,1
145870,2.0,3.0,3,82934467,96,70,Mairena del Aljarafe,"Aljarafe, Sevilla",2011,1
205000,2.0,3.0,9,83217488,122,110,Mairena del Aljarafe,"Aljarafe, Sevilla",2008,1
180000,2.0,4.0,6,83836340,130,115,Mairena del Aljarafe,"Aljarafe, Sevilla",1998,1
150000,2.0,4.0,6,83887119,190,176,Mairena del Aljarafe,"Aljarafe, Sevilla",1990,0
265000,2.0,3.0,9,37933963,140,120,Mairena del Aljarafe,"Aljarafe, Sevilla",,0
185000,3.0,3.0,6,36776880,144,121,Mairena del Aljarafe,"Aljarafe, Sevilla",,1
189000,2.0,4.0,3,84079609,130,,Mairena del Aljarafe,"Aljarafe, Sevilla",,0
198000,2.0,2.0,3,84218117,90,,Mairena del Aljarafe,"Aljarafe, Sevilla",2008,1
295000,3.0,5.0,6,84262625,240,,Mairena del Aljarafe,"Aljarafe, Sevilla",,1
200000,2.0,3.0,6,84304435,300,,Mairena del Aljarafe,"Aljarafe, Sevilla",,1
390000,4.0,6.0,1,28190696,1050,300,Mairena del Aljarafe,"Aljarafe, Sevilla",,1
790000,5.0,5.0,1,84684846,1260,,Mairena del Aljarafe,"Aljarafe, Sevilla",1982,1
33000,1.0,2.0,3,84845769,55,49,Mairena del Aljarafe,"Aljarafe, Sevilla",1970,0
705000,3.0,4.0,1,35092138,5000,330,Mairena del Aljarafe,"Aljarafe, Sevilla",1970,1
177000,1.0,2.0,1,35874978,4000,100,Mairena del Aljarafe,"Aljarafe, Sevilla",,0
750000,3.0,5.0,1,38020844,1000,,Mairena del Aljarafe,"Aljarafe, Sevilla",1997,0
525000,5.0,6.0,1,38136482,1145,,Mairena del Aljarafe,"Aljarafe, Sevilla",1984,1
136000,1.0,2.0,6,36701426,102,,Mairena del Aljarafe,"Aljarafe, Sevilla",,0
360000,3.0,4.0,1,39524314,476,166,Mairena del Aljarafe,"Aljarafe, Sevilla",2001,1
430000,4.0,4.0,1,83077941,1721,310,Mairena del Aljarafe,"Aljarafe, Sevilla",1989,1
300000,2.0,3.0,3,84299256,160,120,Mairena del Aljarafe,"Aljarafe, Sevilla",,1
240000,2.0,4.0,6,84738527,160,,Mairena del Aljarafe,"Aljarafe, Sevilla",,0
158845,2.0,3.0,3,84636106,114,,Mairena del Aljarafe,"Aljarafe, Sevilla",,1
215100,2.0,4.0,3,84857097,168,,Mairena del Aljarafe,"Aljarafe, Sevilla",,0
265000,2.0,3.0,9,84858364,140,,Mairena del Aljarafe,"Aljarafe, Sevilla",,0
170000,2.0,3.0,3,25132909,90,,Mairena del Aljarafe,"Aljarafe, Sevilla",,1
410000,4.0,4.0,1,31366365,502,,Mairena del Aljarafe,"Aljarafe, Sevilla",,1
236000,3.0,5.0,6,1609793,120,180,Mairena del Aljarafe,"Aljarafe, Sevilla",,1
394000,4.0,4.0,3,35839730,240,210,Mairena del Aljarafe,"Aljarafe, Sevilla",,1
180000,2.0,2.0,3,37806039,95,76,Mairena del Aljarafe,"Aljarafe, Sevilla",,1
600000,5.0,6.0,1,81254598,350,320,Mairena del Aljarafe,"Aljarafe, Sevilla",,1
219000,2.0,4.0,1,32818876,387,,Mairena del Aljarafe,"Aljarafe, Sevilla",,1
115000,1.0,4.0,3,81716713,85,,Mairena del Aljarafe,"Aljarafe, Sevilla",,0
360000,3.0,5.0,1,81911309,890,,Mairena del Aljarafe,"Aljarafe, Sevilla",,1
318000,3.0,6.0,0,82285653,275,,Mairena del Aljarafe,"Aljarafe, Sevilla",,0
230000,3.0,4.0,6,82560175,147,,Mairena del Aljarafe,"Aljarafe, Sevilla",,1
380000,3.0,4.0,1,82916407,550,,Mairena del Aljarafe,"Aljarafe, Sevilla",,0
175000,2.0,2.0,3,83611709,87,,Mairena del Aljarafe,"Aljarafe, Sevilla",,1
49500,1.0,2.0,3,40509673,72,60,Mairena del Aljarafe,"Aljarafe, Sevilla",1976,0
650000,3.0,4.0,1,1912802,1000,280,Mairena del Aljarafe,"Aljarafe, Sevilla",,1
238000,3.0,4.0,0,84364789,171,,Mairena del Aljarafe,"Aljarafe, Sevilla",2000,1
165000,1.0,3.0,9,29594711,85,70,Mairena del Aljarafe,"Aljarafe, Sevilla",,1
720000,5.0,5.0,1,32466289,340,,Mairena del Aljarafe,"Aljarafe, Sevilla",,0
149000,2.0,2.0,3,32945651,90,,Mairena del Aljarafe,"Aljarafe, Sevilla",,1
226000,2.0,4.0,3,37310076,130,,Mairena del Aljarafe,"Aljarafe, Sevilla",,1
168000,2.0,2.0,3,82652327,85,72,Mairena del Aljarafe,"Aljarafe, Sevilla",,1
169000,2.0,3.0,6,84324142,115,,Mairena del Aljarafe,"Aljarafe, Sevilla",,0
290000,3.0,4.0,0,82672677,175,,Mairena del Aljarafe,"Aljarafe, Sevilla",,1
192000,3.0,3.0,6,39162610,138,119,Mairena del Aljarafe,"Aljarafe, Sevilla",1996,1
320000,3.0,4.0,0,82747142,228,121,Mairena del Aljarafe,"Aljarafe, Sevilla",1990,1
189000,2.0,3.0,3,83435473,150,,Mairena del Aljarafe,"Aljarafe, Sevilla",,0
172000,2.0,2.0,3,84606288,86,69,Mairena del Aljarafe,"Aljarafe, Sevilla",2006,1
226000,2.0,3.0,3,84835520,116,84,Mairena del Aljarafe,"Aljarafe, Sevilla",2007,1
350000,2.0,4.0,3,84218539,180,,Mairena del Aljarafe,"Aljarafe, Sevilla",1991,1
200000,2.0,3.0,3,82840574,120,,Mairena del Aljarafe,"Aljarafe, Sevilla",,1
37795,1.0,2.0,3,37277421,63,55,Mairena del Aljarafe,"Aljarafe, Sevilla",,0
160000,2.0,2.0,3,83922486,92,,Mairena del Aljarafe,"Aljarafe, Sevilla",,1
145000,3.0,3.0,6,31089197,118,95,Mairena del Aljarafe,"Aljarafe, Sevilla",,1
395000,3.0,6.0,1,36005941,388,,Mairena del Aljarafe,"Aljarafe, Sevilla",,1
202000,3.0,4.0,6,38912361,125,,Mairena del Aljarafe,"Aljarafe, Sevilla",,1
200000,2.0,3.0,3,82237149,110,,Mairena del Aljarafe,"Aljarafe, Sevilla",,1
172000,2.0,3.0,3,83780385,98,,Mairena del Aljarafe,"Aljarafe, Sevilla",,1
91400,1.0,1.0,3,83893858,52,,Mairena del Aljarafe,"Aljarafe, Sevilla",,1
224000,2.0,3.0,3,84267923,107,83,Mairena del Aljarafe,"Aljarafe, Sevilla",,0
211000,2.0,2.0,3,84267925,101,78,Mairena del Aljarafe,"Aljarafe, Sevilla",,0
174000,2.0,2.0,3,84267927,101,78,Mairena del Aljarafe,"Aljarafe, Sevilla",,0
214000,2.0,2.0,3,84267929,102,79,Mairena del Aljarafe,"Aljarafe, Sevilla",,0
169000,2.0,2.0,3,84267930,101,78,Mairena del Aljarafe,"Aljarafe, Sevilla",,0
270000,2.0,2.0,3,84267931,93,69,Mairena del Aljarafe,"Aljarafe, Sevilla",,0
258000,2.0,3.0,3,84391831,111,85,Mairena del Aljarafe,"Aljarafe, Sevilla",,0
199000,2.0,3.0,3,84391833,109,84,Mairena del Aljarafe,"Aljarafe, Sevilla",,0
266000,2.0,3.0,3,84391834,111,83,Mairena del Aljarafe,"Aljarafe, Sevilla",,0
226000,2.0,3.0,3,84391836,111,85,Mairena del Aljarafe,"Aljarafe, Sevilla",,0
216000,2.0,3.0,3,84391837,111,85,Mairena del Aljarafe,"Aljarafe, Sevilla",,0
327000,2.0,4.0,3,84391838,124,93,Mairena del Aljarafe,"Aljarafe, Sevilla",,0
240000,3.0,3.0,6,2148772,150,,Mairena del Aljarafe,"Aljarafe, Sevilla",,0
200000,2.0,3.0,3,83027364,105,95,Mairena del Aljarafe,"Aljarafe, Sevilla",2006,1
215000,3.0,4.0,1,83836862,491,190,Mairena del Aljarafe,"Aljarafe, Sevilla",1991,1
219000,2.0,3.0,0,84036835,170,125,Mairena del Aljarafe,"Aljarafe, Sevilla",1976,0
290000,3.0,6.0,1,84173731,609,273,Mairena del Aljarafe,"Aljarafe, Sevilla",,1
175000,3.0,5.0,6,84211654,240,218,Mairena del Aljarafe,"Aljarafe, Sevilla",1991,1
360000,3.0,6.0,1,84374998,1350,,Mairena del Aljarafe,"Aljarafe, Sevilla",1984,1
131000,2.0,3.0,3,40369629,90,,Mairena del Aljarafe,"Aljarafe, Sevilla",,1
1400000,6.0,5.0,1,1260322,1172,,Mairena del Aljarafe,"Aljarafe, Sevilla",,1
495000,4.0,5.0,1,31391680,400,,Mairena del Aljarafe,"Aljarafe, Sevilla",,1
205000,2.0,7.0,6,35683488,160,288,Mairena del Aljarafe,"Aljarafe, Sevilla",1985,0
280000,3.0,4.0,1,36749478,500,210,Mairena del Aljarafe,"Aljarafe, Sevilla",,0
197500,3.0,4.0,6,38166142,270,,Mairena del Aljarafe,"Aljarafe, Sevilla",,1
1000000,3.0,5.0,10,32657984,1700,,Mairena del Aljarafe,"Aljarafe, Sevilla",,0
518000,3.0,5.0,1,40186118,1017,,Mairena del Aljarafe,"Aljarafe, Sevilla",2005,1
185000,3.0,3.0,0,81555509,141,,Mairena del Aljarafe,"Aljarafe, Sevilla",,1
210000,1.0,3.0,1,81555652,810,,Mairena del Aljarafe,"Aljarafe, Sevilla",,1
198220,1.0,2.0,1,81590012,1016,,Mairena del Aljarafe,"Aljarafe, Sevilla",,1
190000,3.0,4.0,0,81745709,133,,Mairena del Aljarafe,"Aljarafe, Sevilla",,1
160000,2.0,5.0,6,81776020,116,,Mairena del Aljarafe,"Aljarafe, Sevilla",,0
135000,2.0,3.0,3,82151070,148,,Mairena del Aljarafe,"Aljarafe, Sevilla",,0
399000,3.0,5.0,1,82162542,1055,,Mairena del Aljarafe,"Aljarafe, Sevilla",,1
149500,2.0,2.0,3,82988430,88,,Mairena del Aljarafe,"Aljarafe, Sevilla",2008,1
172300,2.0,3.0,3,83093257,136,,Mairena del Aljarafe,"Aljarafe, Sevilla",2019,1
163200,2.0,2.0,3,83093442,106,,Mairena del Aljarafe,"Aljarafe, Sevilla",2019,1
157200,2.0,3.0,3,83093715,114,,Mairena del Aljarafe,"Aljarafe, Sevilla",2019,1
1000000,5.0,5.0,1,83332209,1640,,Mairena del Aljarafe,"Aljarafe, Sevilla",1991,1
212000,2.0,4.0,6,83346677,105,,Mairena del Aljarafe,"Aljarafe, Sevilla",,1
205000,2.0,4.0,6,83696237,130,,Mairena del Aljarafe,"Aljarafe, Sevilla",,1
318500,3.0,5.0,0,83733829,430,,Mairena del Aljarafe,"Aljarafe, Sevilla",,1
175000,1.0,4.0,6,84064323,101,,Mairena del Aljarafe,"Aljarafe, Sevilla",,1
220000,2.0,5.0,6,84068403,108,,Mairena del Aljarafe,"Aljarafe, Sevilla",,1
320000,2.0,4.0,1,84078823,944,,Mairena del Aljarafe,"Aljarafe, Sevilla",,1
210000,2.0,3.0,3,84193793,100,,Mairena del Aljarafe,"Aljarafe, Sevilla",,1
340000,3.0,4.0,0,84530963,238,,Mairena del Aljarafe,"Aljarafe, Sevilla",,1
185000,3.0,3.0,6,37912978,75,125,Mairena del Aljarafe,"Aljarafe, Sevilla",2005,1
360000,3.0,4.0,1,81874412,500,,Mairena del Aljarafe,"Aljarafe, Sevilla",,0
46500,1.0,2.0,3,83239221,61,48,Mairena del Aljarafe,"Aljarafe, Sevilla",,0
690000,2.0,5.0,1,83775761,1580,350,Mairena del Aljarafe,"Aljarafe, Sevilla",,1
120000,2.0,4.0,3,37904645,120,,Mairena del Aljarafe,"Aljarafe, Sevilla",1993,1
215000,3.0,4.0,6,84625233,135,,Mairena del Aljarafe,"Aljarafe, Sevilla",1988,0
195000,2.0,2.0,9,82981697,90,,Mairena del Aljarafe,"Aljarafe, Sevilla",,1
45000,1.0,3.0,3,84958634,55,54,Mairena del Aljarafe,"Aljarafe, Sevilla",,0
690000,2.0,5.0,1,37947247,1600,,Mairena del Aljarafe,"Aljarafe, Sevilla",,1
158000,2.0,2.0,3,81277018,90,80,Mairena del Aljarafe,"Aljarafe, Sevilla",1980,1
159900,2.0,3.0,3,83154854,100,90,Mairena del Aljarafe,"Aljarafe, Sevilla",2007,1
149000,2.0,4.0,6,83253256,133,,Mairena del Aljarafe,"Aljarafe, Sevilla",,1
190000,3.0,3.0,6,83269933,160,,Mairena del Aljarafe,"Aljarafe, Sevilla",,0
195000,2.0,2.0,3,722960,95,78,Mairena del Aljarafe,"Aljarafe, Sevilla",2006,1
215100,2.0,4.0,3,84874321,168,136,Mairena del Aljarafe,"Aljarafe, Sevilla",,0
234000,2.0,2.0,3,84886608,98,75,Mairena del Aljarafe,"Aljarafe, Sevilla",,0
229000,2.0,2.0,3,84886611,95,73,Mairena del Aljarafe,"Aljarafe, Sevilla",,0
203000,2.0,3.0,3,84886616,112,86,Mairena del Aljarafe,"Aljarafe, Sevilla",,0
350000,2.0,4.0,3,84886617,120,90,Mairena del Aljarafe,"Aljarafe, Sevilla",,0
203000,2.0,3.0,3,84886618,109,84,Mairena del Aljarafe,"Aljarafe, Sevilla",,0
213000,2.0,2.0,3,84886620,101,78,Mairena del Aljarafe,"Aljarafe, Sevilla",,0
216000,2.0,3.0,3,84886621,108,83,Mairena del Aljarafe,"Aljarafe, Sevilla",,0
220000,2.0,3.0,3,84886623,112,86,Mairena del Aljarafe,"Aljarafe, Sevilla",,0
377000,2.0,4.0,3,84886624,136,102,Mairena del Aljarafe,"Aljarafe, Sevilla",,0
234000,2.0,2.0,3,84886626,99,76,Mairena del Aljarafe,"Aljarafe, Sevilla",,0
215000,2.0,2.0,3,84886628,101,78,Mairena del Aljarafe,"Aljarafe, Sevilla",,0
214000,2.0,3.0,3,84886629,112,86,Mairena del Aljarafe,"Aljarafe, Sevilla",,0
221000,2.0,3.0,3,84886631,108,83,Mairena del Aljarafe,"Aljarafe, Sevilla",,0
219000,2.0,3.0,3,84886634,115,88,Mairena del Aljarafe,"Aljarafe, Sevilla",,0
209000,2.0,2.0,3,84886636,102,79,Mairena del Aljarafe,"Aljarafe, Sevilla",,0
320000,2.0,4.0,3,84886639,120,90,Mairena del Aljarafe,"Aljarafe, Sevilla",,0
210000,2.0,3.0,3,84886649,112,86,Mairena del Aljarafe,"Aljarafe, Sevilla",,0
211000,2.0,3.0,3,84886651,108,83,Mairena del Aljarafe,"Aljarafe, Sevilla",,0
207000,2.0,3.0,3,84886645,112,86,Mairena del Aljarafe,"Aljarafe, Sevilla",,0
221000,2.0,3.0,3,84886648,115,88,Mairena del Aljarafe,"Aljarafe, Sevilla",,0
208000,2.0,2.0,3,84886656,102,79,Mairena del Aljarafe,"Aljarafe, Sevilla",,0
208000,2.0,3.0,3,84886657,111,85,Mairena del Aljarafe,"Aljarafe, Sevilla",,0
208000,2.0,3.0,3,84886668,108,83,Mairena del Aljarafe,"Aljarafe, Sevilla",,0
168000,2.0,2.0,3,84886670,101,78,Mairena del Aljarafe,"Aljarafe, Sevilla",,0
252000,2.0,3.0,3,84886681,108,83,Mairena del Aljarafe,"Aljarafe, Sevilla",,0
220000,2.0,3.0,3,84886675,110,86,Mairena del Aljarafe,"Aljarafe, Sevilla",,0
237000,2.0,3.0,3,84886683,107,83,Mairena del Aljarafe,"Aljarafe, Sevilla",,0
224000,2.0,3.0,3,84886689,115,88,Mairena del Aljarafe,"Aljarafe, Sevilla",,0
199000,2.0,3.0,3,84888930,106,,Mairena del Aljarafe,"Aljarafe, Sevilla",,1
155000,2.0,2.0,3,84942623,75,,Mairena del Aljarafe,"Aljarafe, Sevilla",,1
200000,2.0,3.0,3,83176656,106,90,Mairena del Aljarafe,"Aljarafe, Sevilla",2008,1
88000,1.0,4.0,3,84784882,87,,Mairena del Aljarafe,"Aljarafe, Sevilla",,0
195000,2.0,3.0,0,84791916,200,145,Mairena del Aljarafe,"Aljarafe, Sevilla",2003,1
1355000,5.0,5.0,1,1287729,1180,495,Mairena del Aljarafe,"Aljarafe, Sevilla",,1
700000,3.0,3.0,1,28282873,1200,319,Mairena del Aljarafe,"Aljarafe, Sevilla",,1
1700000,10.0,8.0,1,28939425,2220,,Mairena del Aljarafe,"Aljarafe, Sevilla",,1
700000,4.0,3.0,1,30056298,1200,,Mairena del Aljarafe,"Aljarafe, Sevilla",,1
332000,3.0,5.0,1,38478284,439,,Mairena del Aljarafe,"Aljarafe, Sevilla",1997,1
1355000,5.0,5.0,1,38814964,1171,,Mairena del Aljarafe,"Aljarafe, Sevilla",,1
295000,2.0,5.0,0,38883285,270,,Mairena del Aljarafe,"Aljarafe, Sevilla",,1
545900,3.0,4.0,1,39330124,1000,,Mairena del Aljarafe,"Aljarafe, Sevilla",,1
225000,3.0,4.0,6,81398639,175,,Mairena del Aljarafe,"Aljarafe, Sevilla",,1
500000,5.0,6.0,1,83362006,500,,Mairena del Aljarafe,"Aljarafe, Sevilla",,1
218000,2.0,3.0,6,83464890,280,,Mairena del Aljarafe,"Aljarafe, Sevilla",,0
189000,2.0,3.0,3,83466613,116,93,Mairena del Aljarafe,"Aljarafe, Sevilla",2006,0
420000,6.0,7.0,1,83675635,610,490,Mairena del Aljarafe,"Aljarafe, Sevilla",2000,1
189000,2.0,3.0,3,84660949,130,,Mairena del Aljarafe,"Aljarafe, Sevilla",,0
250000,2.0,5.0,6,84794771,118,,Mairena del Aljarafe,"Aljarafe, Sevilla",,1
198220,1.0,4.0,6,84803524,128,,Mairena del Aljarafe,"Aljarafe, Sevilla",,1
189000,2.0,4.0,6,84805303,170,,Mairena del Aljarafe,"Aljarafe, Sevilla",1992,1
165000,2.0,2.0,3,84149331,88,67,Mairena del Aljarafe,"Aljarafe, Sevilla",,0
210000,3.0,4.0,0,81324903,180,100,Mairena del Aljarafe,"Aljarafe, Sevilla",,1
315000,2.0,4.0,3,38052844,160,130,Mairena del Aljarafe,"Aljarafe, Sevilla",,1
420000,3.0,6.0,0,38985946,360,,Mairena del Aljarafe,"Aljarafe, Sevilla",2011,1
440000,4.0,5.0,1,81344111,913,,Mairena del Aljarafe,"Aljarafe, Sevilla",1998,1
117260,1.0,3.0,3,81640281,104,90,Mairena del Aljarafe,"Aljarafe, Sevilla",,0
335000,4.0,5.0,1,82876259,216,170,Mairena del Aljarafe,"Aljarafe, Sevilla",2003,0
195000,1.0,2.0,3,83110511,87,80,Mairena del Aljarafe,"Aljarafe, Sevilla",1992,1
170000,2.0,2.0,3,83242860,85,,Mairena del Aljarafe,"Aljarafe, Sevilla",,1
299000,3.0,4.0,6,83463602,225,160,Mairena del Aljarafe,"Aljarafe, Sevilla",2003,1
305000,2.0,3.0,9,84304945,136,102,Mairena del Aljarafe,"Aljarafe, Sevilla",2007,1
244000,2.0,3.0,6,84740751,250,,Mairena del Aljarafe,"Aljarafe, Sevilla",1980,1
220000,2.0,3.0,3,38110413,200,,Mairena del Aljarafe,"Aljarafe, Sevilla",,1
330000,2.0,3.0,3,37900455,161,114,Mairena del Aljarafe,"Aljarafe, Sevilla",1991,1
190000,2.0,2.0,3,83526248,90,80,Mairena del Aljarafe,"Aljarafe, Sevilla",,1
505000,4.0,8.0,1,28653917,475,350,Mairena del Aljarafe,"Aljarafe, Sevilla",,1
360000,4.0,5.0,6,29078117,279,167,Mairena del Aljarafe,"Aljarafe, Sevilla",,1
500000,4.0,7.0,1,29556882,2500,,Mairena del Aljarafe,"Aljarafe, Sevilla",,1
139950,3.0,4.0,3,36138985,165,138,Mairena del Aljarafe,"Aljarafe, Sevilla",,0
150000,2.0,2.0,3,37069253,75,65,Mairena del Aljarafe,"Aljarafe, Sevilla",,1
420000,4.0,6.0,0,34843679,360,,Mairena del Aljarafe,"Aljarafe, Sevilla",,1
495000,3.0,4.0,1,36008142,1000,,Mairena del Aljarafe,"Aljarafe, Sevilla",,1
239500,2.0,3.0,3,31032122,120,,Mairena del Aljarafe,"Aljarafe, Sevilla",,1
189000,2.0,4.0,3,82131126,137,130,Mairena del Aljarafe,"Aljarafe, Sevilla",,0
179000,3.0,4.0,6,82648678,200,170,Mairena del Aljarafe,"Aljarafe, Sevilla",,1
240000,2.0,4.0,6,82727529,160,110,Mairena del Aljarafe,"Aljarafe, Sevilla",1990,1
215000,2.0,3.0,3,81892504,110,88,Mairena del Aljarafe,"Aljarafe, Sevilla",2008,1
399000,5.0,7.0,1,38374752,400,,Mairena del Aljarafe,"Aljarafe, Sevilla",,1
380000,4.0,5.0,1,35057378,600,230,Mairena del Aljarafe,"Aljarafe, Sevilla",,1
380000,4.0,7.0,0,83942383,250,360,Mairena del Aljarafe,"Aljarafe, Sevilla",,1
227000,3.0,3.0,6,84222502,183,159,Mairena del Aljarafe,"Aljarafe, Sevilla",,1
293500,3.0,6.0,1,84524445,900,225,Mairena del Aljarafe,"Aljarafe, Sevilla",,1
189000,2.0,3.0,3,84736019,114,,Mairena del Aljarafe,"Aljarafe, Sevilla",2006,0
1000000,4.0,3.0,1,36466911,10000,,Mairena del Aljarafe,"Aljarafe, Sevilla",,1
320000,3.0,5.0,1,81748937,500,360,Mairena del Aljarafe,"Aljarafe, Sevilla",1990,1
262500,2.0,4.0,3,83800376,136,,Mairena del Aljarafe,"Aljarafe, Sevilla",,1
175500,2.0,3.0,3,83800374,99,,Mairena del Aljarafe,"Aljarafe, Sevilla",,1
168500,2.0,2.0,3,83800050,97,,Mairena del Aljarafe,"Aljarafe, Sevilla",,1
267500,2.0,4.0,3,83800377,137,,Mairena del Aljarafe,"Aljarafe, Sevilla",,1
150000,2.0,4.0,6,84278782,70,144,Mairena del Aljarafe,"Aljarafe, Sevilla",1990,1
149000,2.0,4.0,1,26390226,133,200,Mairena del Aljarafe,"Aljarafe, Sevilla",,1
360000,4.0,5.0,1,38525893,216,128,Mairena del Aljarafe,"Aljarafe, Sevilla",2003,1
185000,3.0,3.0,6,81271984,150,,Mairena del Aljarafe,"Aljarafe, Sevilla",,1
153000,2.0,3.0,3,83350138,94,,Mairena del Aljarafe,"Aljarafe, Sevilla",,0
216505,2.0,4.0,3,83350157,135,,Mairena del Aljarafe,"Aljarafe, Sevilla",,0
137670,2.0,2.0,3,83350115,84,,Mairena del Aljarafe,"Aljarafe, Sevilla",,0
185070,2.0,3.0,3,83350166,114,,Mairena del Aljarafe,"Aljarafe, Sevilla",,0
189000,2.0,3.0,3,84818803,130,,Mairena del Aljarafe,"Aljarafe, Sevilla",,0
225000,2.0,4.0,1,84843995,2500,180,Mairena del Aljarafe,"Aljarafe, Sevilla",2000,0
207000,2.0,3.0,3,85001209,120,,Mairena del Aljarafe,"Aljarafe, Sevilla",,1
373000,2.0,5.0,1,81592319,1200,,Mairena del Aljarafe,"Aljarafe, Sevilla",,1
560000,2.0,8.0,1,84181079,1263,,Mairena del Aljarafe,"Aljarafe, Sevilla",,1
215000,2.0,3.0,3,84649488,121,108,Mairena del Aljarafe,"Aljarafe, Sevilla",1991,1
170000,2.0,2.0,3,84683417,83,74,Mairena del Aljarafe,"Aljarafe, Sevilla",2006,1
360000,3.0,4.0,1,84743380,895,155,Mairena del Aljarafe,"Aljarafe, Sevilla",1994,0
310000,3.0,4.0,1,84983247,500,,Mairena del Aljarafe,"Aljarafe, Sevilla",,0
137000,2.0,5.0,3,33274677,140,130,Mairena del Aljarafe,"Aljarafe, Sevilla",,1
1355000,6.0,5.0,1,28749605,1171,500,Mairena del Aljarafe,"Aljarafe, Sevilla",,1
211000,2.0,4.0,1,32158684,248,150,Mairena del Aljarafe,"Aljarafe, Sevilla",,0
85000,1.0,1.0,3,36292834,64,50,Mairena del Aljarafe,"Aljarafe, Sevilla",,1
260000,2.0,6.0,1,81480291,1480,156,Mairena del Aljarafe,"Aljarafe, Sevilla",,1
147000,2.0,4.0,6,81580244,130,90,Mairena del Aljarafe,"Aljarafe, Sevilla",1990,1
320000,3.0,5.0,0,82309077,228,,Mairena del Aljarafe,"Aljarafe, Sevilla",,1
179000,3.0,4.0,6,82420889,120,,Mairena del Aljarafe,"Aljarafe, Sevilla",,1
360000,3.0,5.0,1,35404105,470,180,Mairena del Aljarafe,"Aljarafe, Sevilla",,1
296000,4.0,4.0,6,84054004,95,,Mairena del Aljarafe,"Aljarafe, Sevilla",,0
290000,3.0,4.0,0,84095966,173,,Mairena del Aljarafe,"Aljarafe, Sevilla",,1
420000,3.0,6.0,0,40031043,360,,Mairena del Aljarafe,"Aljarafe, Sevilla",2011,1
183000,2.0,4.0,6,82818560,200,105,Mairena del Aljarafe,"Aljarafe, Sevilla",,1
165000,2.0,2.0,3,81752339,90,,Mairena del Aljarafe,"Aljarafe, Sevilla",2006,1
183000,2.0,3.0,3,84188077,115,100,Mairena del Aljarafe,"Aljarafe, Sevilla",,1
189000,2.0,2.0,9,84580064,90,87,Mairena del Aljarafe,"Aljarafe, Sevilla",,1
229000,2.0,4.0,6,84592113,199,165,Mairena del Aljarafe,"Aljarafe, Sevilla",2009,1
183000,2.0,3.0,3,84596422,155,120,Mairena del Aljarafe,"Aljarafe, Sevilla",,1
215100,2.0,4.0,3,84875691,168,,Mairena del Aljarafe,"Aljarafe, Sevilla",,0
164000,2.0,2.0,3,40147925,75,65,Mairena del Aljarafe,"Aljarafe, Sevilla",2008,1
295000,3.0,4.0,0,82111455,260,166,Mairena del Aljarafe,"Aljarafe, Sevilla",2018,1
550000,6.0,6.0,1,82626965,1500,580,Mairena del Aljarafe,"Aljarafe, Sevilla",,1
175000,3.0,3.0,6,82968873,170,,Mairena del Aljarafe,"Aljarafe, Sevilla",,1
250000,2.0,4.0,3,25943430,130,,Mairena del Aljarafe,"Aljarafe, Sevilla",2007,1
230000,2.0,4.0,3,84415319,124,102,Mairena del Aljarafe,"Aljarafe, Sevilla",,1
215100,2.0,4.0,3,84875077,168,136,Mairena del Aljarafe,"Aljarafe, Sevilla",,0
1250000,3.0,5.0,1,39767324,1500,,Mairena del Aljarafe,"Aljarafe, Sevilla",,1
499000,5.0,6.0,1,84047798,1126,380,Mairena del Aljarafe,"Aljarafe, Sevilla",1990,1
190000,2.0,4.0,6,84882890,175,,Mairena del Aljarafe,"Aljarafe, Sevilla",1994,1
159000,2.0,2.0,3,82924916,95,65,Mairena del Aljarafe,"Aljarafe, Sevilla",,1
247000,2.0,4.0,0,32922049,153,,Mairena del Aljarafe,"Aljarafe, Sevilla",,1
166500,2.0,3.0,3,82308244,98,,Mairena del Aljarafe,"Aljarafe, Sevilla",,1
189000,2.0,4.0,3,82337551,131,,Mairena del Aljarafe,"Aljarafe, Sevilla",2006,0
217000,2.0,4.0,6,82391438,130,95,Mairena del Aljarafe,"Aljarafe, Sevilla",1990,1
189000,2.0,3.0,3,82560817,136,,Mairena del Aljarafe,"Aljarafe, Sevilla",2008,0
740000,4.0,5.0,1,83767898,2832,,Mairena del Aljarafe,"Aljarafe, Sevilla",1980,1
165000,2.0,3.0,3,83970704,106,,Mairena del Aljarafe,"Aljarafe, Sevilla",2000,1
300000,2.0,3.0,3,84322780,120,,Mairena del Aljarafe,"Aljarafe, Sevilla",2009,1
260000,3.0,3.0,6,84575002,127,,Mairena del Aljarafe,"Aljarafe, Sevilla",2002,1
290000,3.0,4.0,0,84753337,177,,Mairena del Aljarafe,"Aljarafe, Sevilla",,1
78000,2.0,3.0,3,84520527,108,87,Mairena del Aljarafe,"Aljarafe, Sevilla",,0
205000,2.0,2.0,3,83239489,86,63,Mairena del Aljarafe,"Aljarafe, Sevilla",2006,1
575000,4.0,6.0,1,39999343,1004,,Mairena del Aljarafe,"Aljarafe, Sevilla",1994,1
122000,2.0,2.0,3,84611268,80,,Mairena del Aljarafe,"Aljarafe, Sevilla",,1
199500,3.0,4.0,6,81651501,96,115,Mairena del Aljarafe,"Aljarafe, Sevilla",2006,0
1300000,4.0,5.0,1,83623459,670,,Mairena del Aljarafe,"Aljarafe, Sevilla",,0
140000,2.0,5.0,3,84996438,137,,Mairena del Aljarafe,"Aljarafe, Sevilla",1974,0
500000,5.0,6.0,1,82970135,1075,,Mairena del Aljarafe,"Aljarafe, Sevilla",1980,1
105000,2.0,3.0,3,84940326,100,,Mairena del Aljarafe,"Aljarafe, Sevilla",1981,0
209900,2.0,3.0,3,84975243,98,93,Mairena del Aljarafe,"Aljarafe, Sevilla",,1
625000,3.0,5.0,1,26680667,370,,Mairena del Aljarafe,"Aljarafe, Sevilla",,1
255000,1.0,3.0,1,84830679,1000,106,Mairena del Aljarafe,"Aljarafe, Sevilla",,1
210000,3.0,4.0,0,82898150,220,120,Mairena del Aljarafe,"Aljarafe, Sevilla",2004,0
425000,2.0,4.0,1,84145070,1320,,Mairena del Aljarafe,"Aljarafe, Sevilla",,1
425000,2.0,4.0,1,84557697,1320,,Mairena del Aljarafe,"Aljarafe, Sevilla",,1
200000,2.0,4.0,6,84974837,140,,Mairena del Aljarafe,"Aljarafe, Sevilla",,1
495000,5.0,5.0,1,83559870,1071,363,Mairena del Aljarafe,"Aljarafe, Sevilla",1982,1
110000,2.0,4.0,3,84409792,114,,Mairena del Aljarafe,"Aljarafe, Sevilla",,0
325890,2.0,4.0,9,40004501,150,,Mairena del Aljarafe,"Aljarafe, Sevilla",2007,1
189000,2.0,4.0,3,83571881,130,,Mairena del Aljarafe,"Aljarafe, Sevilla",,1
260000,2.0,6.0,1,84264131,1479,150,Mairena del Aljarafe,"Aljarafe, Sevilla",,1
490000,3.0,4.0,1,84797328,1500,217,Mairena del Aljarafe,"Aljarafe, Sevilla",,1
230000,3.0,4.0,0,84921644,180,100,Mairena del Aljarafe,"Aljarafe, Sevilla",,1
247000,3.0,4.0,6,82823042,242,,Mairena del Aljarafe,"Aljarafe, Sevilla",,1
252000,3.0,4.0,6,82823048,243,,Mairena del Aljarafe,"Aljarafe, Sevilla",,1
284000,3.0,4.0,0,82823076,246,,Mairena del Aljarafe,"Aljarafe, Sevilla",,1
306000,3.0,4.0,0,82823103,241,,Mairena del Aljarafe,"Aljarafe, Sevilla",,1
157100,2.0,2.0,3,81200142,86,,Mairena del Aljarafe,"Aljarafe, Sevilla",,1
156000,2.0,2.0,3,84852916,82,,Mairena del Aljarafe,"Aljarafe, Sevilla",2006,0
999999,5.0,7.0,1,30776786,2300,,Mairena del Aljarafe,"Aljarafe, Sevilla",,1
159900,2.0,2.0,3,83422774,92,82,Mairena del Aljarafe,"Aljarafe, Sevilla",2008,1
549000,4.0,4.0,1,83441569,1405,488,Mairena del Aljarafe,"Aljarafe, Sevilla",1984,1
325000,3.0,5.0,1,83588527,470,,Mairena del Aljarafe,"Aljarafe, Sevilla",1997,1
190000,2.0,2.0,9,84971971,90,,Mairena del Aljarafe,"Aljarafe, Sevilla",,1
93296,1.0,3.0,3,1260859,97,87,Mairena del Aljarafe,"Aljarafe, Sevilla",,0
370000,4.0,4.0,1,81625042,525,,Mairena del Aljarafe,"Aljarafe, Sevilla",,1
169900,2.0,4.0,3,83348216,128,,Mairena del Aljarafe,"Aljarafe, Sevilla",,1
360000,3.0,5.0,1,84557279,607,175,Mairena del Aljarafe,"Aljarafe, Sevilla",,1
200000,3.0,3.0,6,84939335,185,,Mairena del Aljarafe,"Aljarafe, Sevilla",,1
126000,2.0,3.0,3,84945637,80,63,Mairena del Aljarafe,"Aljarafe, Sevilla",,1
163300,2.0,2.0,3,82482754,106,,Mairena del Aljarafe,"Aljarafe, Sevilla",,1
189000,2.0,2.0,9,84658122,90,80,Mairena del Aljarafe,"Aljarafe, Sevilla",,1
690000,2.0,5.0,1,83229597,1580,,Mairena del Aljarafe,"Aljarafe, Sevilla",,1
230000,2.0,3.0,3,83893352,114,96,Mairena del Aljarafe,"Aljarafe, Sevilla",1991,0
250000,3.0,5.0,6,84295679,123,,Mairena del Aljarafe,"Aljarafe, Sevilla",2003,1
245000,2.0,4.0,3,83886772,133,,Mairena del Aljarafe,"Aljarafe, Sevilla",2008,1
330000,3.0,5.0,1,81348514,500,150,Mairena del Aljarafe,"Aljarafe, Sevilla",1990,1
525000,3.0,4.0,1,84988407,1004,,Mairena del Aljarafe,"Aljarafe, Sevilla",,1
301000,2.0,3.0,9,84999062,117,,Mairena del Aljarafe,"Aljarafe, Sevilla",2007,1
498000,3.0,6.0,1,81205836,1570,,Mairena del Aljarafe,"Aljarafe, Sevilla",1977,1
259000,2.0,3.0,3,84761983,110,,Mairena del Aljarafe,"Aljarafe, Sevilla",2007,1
210000,3.0,3.0,0,84837277,236,,Mairena del Aljarafe,"Aljarafe, Sevilla",,0
171900,2.0,3.0,3,84961920,116,,Mairena del Aljarafe,"Aljarafe, Sevilla",,1
286900,3.0,4.0,3,40474769,134,,Mairena del Aljarafe,"Aljarafe, Sevilla",,1
168930,2.0,3.0,3,82566860,115,,Mairena del Aljarafe,"Aljarafe, Sevilla",,1
128088,1.0,2.0,3,84866143,84,64,Mairena del Aljarafe,"Aljarafe, Sevilla",2019,1
280000,3.0,4.0,0,488704,180,160,Mairena del Aljarafe,"Aljarafe, Sevilla",,1
193000,2.0,3.0,3,83068806,106,,Mairena del Aljarafe,"Aljarafe, Sevilla",,1
205000,3.0,4.0,6,85002377,125,95,Mairena del Aljarafe,"Aljarafe, Sevilla",,1
207000,2.0,3.0,3,85008196,109,90,Mairena del Aljarafe,"Aljarafe, Sevilla",,1
85000,1.0,1.0,3,85017209,62,,Mairena del Aljarafe,"Aljarafe, Sevilla",2004,1
320000,3.0,4.0,0,82237475,228,121,Mairena del Aljarafe,"Aljarafe, Sevilla",1989,1
162000,2.0,2.0,3,84889868,76,58,Mairena del Aljarafe,"Aljarafe, Sevilla",2010,0
205000,2.0,3.0,3,83203592,119,,Mairena del Aljarafe,"Aljarafe, Sevilla",2008,1
850000,7.0,6.0,1,40032260,960,750,Mairena del Aljarafe,"Aljarafe, Sevilla",2004,1
212625,2.0,3.0,3,84986432,108,93,Mairena del Aljarafe,"Aljarafe, Sevilla",,0
284000,2.0,3.0,9,84986516,107,89,Mairena del Aljarafe,"Aljarafe, Sevilla",,0
199500,3.0,4.0,0,85014216,170,100,Mairena del Aljarafe,"Aljarafe, Sevilla",,1
91400,1.0,1.0,3,85047584,52,43,Mairena del Aljarafe,"Aljarafe, Sevilla",,1
380000,3.0,5.0,1,85014482,1350,,Mairena del Aljarafe,"Aljarafe, Sevilla",,1
200000,2.0,3.0,10,85027138,256,119,Mairena del Aljarafe,"Aljarafe, Sevilla",2006,1
215000,3.0,4.0,6,85017745,134,,Mairena del Aljarafe,"Aljarafe, Sevilla",1988,1
1500000,3.0,5.0,1,82674122,1165,,Mairena del Aljarafe,"Aljarafe, Sevilla",,1
372000,3.0,4.0,1,85050301,607,242,Mairena del Aljarafe,"Aljarafe, Sevilla",,0
189000,2.0,3.0,3,85017709,131,,Mairena del Aljarafe,"Aljarafe, Sevilla",,0
290000,3.0,4.0,0,85015176,177,,Mairena del Aljarafe,"Aljarafe, Sevilla",,1
209900,2.0,3.0,3,85014974,108,,Mairena del Aljarafe,"Aljarafe, Sevilla",,1
153000,1.0,2.0,3,85050633,97,,Mairena del Aljarafe,"Aljarafe, Sevilla",1992,0
390000,3.0,5.0,1,85049331,451,270,Mairena del Aljarafe,"Aljarafe, Sevilla",1991,1
360000,3.0,5.0,1,85014732,610,,Mairena del Aljarafe,"Aljarafe, Sevilla",,1
89000,1.0,3.0,3,85052230,87,,Mairena del Aljarafe,"Aljarafe, Sevilla",,0
430000,4.0,4.0,1,83131753,975,300,Mairena del Aljarafe,"Aljarafe, Sevilla",1991,1
1355000,6.0,5.0,1,33084572,519,,Mairena del Aljarafe,"Aljarafe, Sevilla",2004,1
1250000,6.0,5.0,1,32823553,1500,,Mairena del Aljarafe,"Aljarafe, Sevilla",1996,1
130000,1.0,4.0,3,81667734,112,94,Mairena del Aljarafe,"Aljarafe, Sevilla",,0
48300,1.0,3.0,3,83545674,70,,Mairena del Aljarafe,"Aljarafe, Sevilla",,0
229990,2.0,4.0,6,81490345,123,108,Mairena del Aljarafe,"Aljarafe, Sevilla",,1
89400,2.0,4.0,3,84898530,85,75,Mairena del Aljarafe,"Aljarafe, Sevilla",1978,0
84500,1.0,3.0,3,84638805,100,,Mairena del Aljarafe,"Aljarafe, Sevilla",1999,0
160000,2.0,2.0,3,81667736,90,72,Mairena del Aljarafe,"Aljarafe, Sevilla",,1
248000,2.0,3.0,3,82094642,115,87,Mairena del Aljarafe,"Aljarafe, Sevilla",,0
141750,2.0,3.0,3,82556657,100,,Mairena del Aljarafe,"Aljarafe, Sevilla",,0
55900,1.0,3.0,3,39818167,55,45,Mairena del Aljarafe,"Aljarafe, Sevilla",,0
50000,1.0,3.0,3,83847106,64,53,Mairena del Aljarafe,"Aljarafe, Sevilla",1970,0
145000,2.0,2.0,3,83903078,68,,Mairena del Aljarafe,"Aljarafe, Sevilla",,1
119500,1.0,2.0,3,84719123,66,,Mairena del Aljarafe,"Aljarafe, Sevilla",,0
42500,1.0,2.0,3,25333557,59,55,Mairena del Aljarafe,"Aljarafe, Sevilla",,0
45000,1.0,3.0,3,83109156,55,,Mairena del Aljarafe,"Aljarafe, Sevilla",1970,0
169999,2.0,4.0,10,82376543,110,,Mairena del Aljarafe,"Aljarafe, Sevilla",1985,0
320000,3.0,5.0,0,82481657,224,,Mairena del Aljarafe,"Aljarafe, Sevilla",1989,1
130000,1.0,2.0,6,82778484,135,,Mairena del Aljarafe,"Aljarafe, Sevilla",1998,1
68500,1.0,2.0,6,84620481,106,,Mairena del Aljarafe,"Aljarafe, Sevilla",,0
210000,3.0,5.0,6,84893783,110,,Mairena del Aljarafe,"Aljarafe, Sevilla",1993,1
1250000,6.0,5.0,1,38809307,1500,469,Mairena del Aljarafe,"Aljarafe, Sevilla",1995,1
317000,4.0,5.0,1,83012019,448,127,Mairena del Aljarafe,"Aljarafe, Sevilla",1989,1
249000,2.0,3.0,6,84236607,101,147,Mairena del Aljarafe,"Aljarafe, Sevilla",,1
189000,2.0,4.0,3,83871989,136,130,Mairena del Aljarafe,"Aljarafe, Sevilla",,0
207000,2.0,3.0,3,84420762,120,,Mairena del Aljarafe,"Aljarafe, Sevilla",2008,1
175000,3.0,3.0,6,38647510,125,,Mairena del Aljarafe,"Aljarafe, Sevilla",,0
165000,2.0,2.0,3,83891404,103,,Mairena del Aljarafe,"Aljarafe, Sevilla",2006,1
164000,2.0,2.0,3,84267924,101,78,Mairena del Aljarafe,"Aljarafe, Sevilla",,0
163000,2.0,2.0,3,84391832,101,78,Mairena del Aljarafe,"Aljarafe, Sevilla",,0
160000,2.0,2.0,3,84391835,101,78,Mairena del Aljarafe,"Aljarafe, Sevilla",,0
195000,2.0,3.0,3,83632547,89,,Mairena del Aljarafe,"Aljarafe, Sevilla",2008,1
154000,2.0,3.0,3,84202325,90,87,Mairena del Aljarafe,"Aljarafe, Sevilla",,1
49500,1.0,3.0,3,84300396,58,,Mairena del Aljarafe,"Aljarafe, Sevilla",,0
189000,2.0,4.0,3,82206763,130,,Mairena del Aljarafe,"Aljarafe, Sevilla",,0
71800,1.0,3.0,3,85015175,93,,Mairena del Aljarafe,"Aljarafe, Sevilla",,0
400000,3.0,5.0,1,82420869,1036,,Mairena del Aljarafe,"Aljarafe, Sevilla",1988,1
171000,2.0,2.0,3,83688786,85,,Mairena del Aljarafe,"Aljarafe, Sevilla",2006,1
680000,4.0,5.0,1,84381164,500,420,Mairena del Aljarafe,"Aljarafe, Sevilla",1990,1
499999,6.0,7.0,1,39852505,1500,580,Mairena del Aljarafe,"Aljarafe, Sevilla",1994,0
209999,3.0,4.0,6,83332231,146,,Mairena del Aljarafe,"Aljarafe, Sevilla",1988,0
122950,2.0,6.0,0,83862481,225,150,Mairena del Aljarafe,"Aljarafe, Sevilla",1966,1
189999,2.0,4.0,0,84303917,179,,Mairena del Aljarafe,"Aljarafe, Sevilla",1999,0
399000,3.0,3.0,1,37186768,650,,Mairena del Aljarafe,"Aljarafe, Sevilla",1995,1
530000,5.0,7.0,1,39784992,1365,393,Mairena del Aljarafe,"Aljarafe, Sevilla",2003,0
154900,2.0,6.0,1,81712399,2720,100,Mairena del Aljarafe,"Aljarafe, Sevilla",1990,0
490000,3.0,4.0,1,82430130,947,230,Mairena del Aljarafe,"Aljarafe, Sevilla",1989,1
240000,2.0,5.0,6,82743056,218,180,Mairena del Aljarafe,"Aljarafe, Sevilla",1989,1
200000,2.0,3.0,3,83101562,105,,Mairena del Aljarafe,"Aljarafe, Sevilla",,1
214990,2.0,3.0,3,83648326,107,90,Mairena del Aljarafe,"Aljarafe, Sevilla",2005,1
180000,2.0,2.0,3,945788,86,,Mairena del Aljarafe,"Aljarafe, Sevilla",2006,1
210000,2.0,4.0,6,84496214,127,,Mairena del Aljarafe,"Aljarafe, Sevilla",,1
700000,4.0,3.0,1,81219396,1273,,Mairena del Aljarafe,"Aljarafe, Sevilla",1989,1
920000,4.0,4.0,1,33755618,1250,,Mairena del Aljarafe,"Aljarafe, Sevilla",2005,1
179000,3.0,4.0,6,83110905,140,105,Mairena del Aljarafe,"Aljarafe, Sevilla",,1
46500,1.0,2.0,3,83425269,62,,Mairena del Aljarafe,"Aljarafe, Sevilla",,0
190000,2.0,2.0,9,83869235,100,90,Mairena del Aljarafe,"Aljarafe, Sevilla",,0
320000,3.0,5.0,0,82804125,228,130,Mairena del Aljarafe,"Aljarafe, Sevilla",1989,1
360000,3.0,5.0,10,84685101,211,,Mairena del Aljarafe,"Aljarafe, Sevilla",1986,0
149999,2.0,2.0,3,84991270,84,,Mairena del Aljarafe,"Aljarafe, Sevilla",2008,1
63000,1.0,3.0,3,39246697,83,65,Mairena del Aljarafe,"Aljarafe, Sevilla",1980,0
295000,2.0,3.0,9,83967139,140,120,Mairena del Aljarafe,"Aljarafe, Sevilla",,1
189000,2.0,3.0,3,84720446,131,,Mairena del Aljarafe,"Aljarafe, Sevilla",2006,0
325000,3.0,5.0,1,83611171,420,,Mairena del Aljarafe,"Aljarafe, Sevilla",,0
1060500,6.0,6.0,1,84789717,977,,Mairena del Aljarafe,"Aljarafe, Sevilla",2005,0
214520,2.0,4.0,10,84811149,269,140,Mairena del Aljarafe,"Aljarafe, Sevilla",1979,1
198470,2.0,3.0,6,82934288,115,112,Mairena del Aljarafe,"Aljarafe, Sevilla",2002,0
162260,2.0,4.0,10,84730207,119,,Mairena del Aljarafe,"Aljarafe, Sevilla",1989,0
178000,3.0,4.0,6,84754295,150,90,Mairena del Aljarafe,"Aljarafe, Sevilla",1997,1
186000,3.0,4.0,6,84764744,105,89,Mairena del Aljarafe,"Aljarafe, Sevilla",1990,1
155000,2.0,2.0,3,40489031,90,,Mairena del Aljarafe,"Aljarafe, Sevilla",1980,1
180000,2.0,2.0,3,82293850,88,,Mairena del Aljarafe,"Aljarafe, Sevilla",2006,1
418000,3.0,4.0,1,82415520,500,180,Mairena del Aljarafe,"Aljarafe, Sevilla",,0
190000,2.0,3.0,6,84635732,130,122,Mairena del Aljarafe,"Aljarafe, Sevilla",,0
175000,1.0,2.0,3,81790080,90,80,Mairena del Aljarafe,"Aljarafe, Sevilla",2000,1
185000,2.0,3.0,3,82637521,155,150,Mairena del Aljarafe,"Aljarafe, Sevilla",1995,1
485000,4.0,5.0,0,83702902,400,315,Mairena del Aljarafe,"Aljarafe, Sevilla",1992,1
235000,2.0,4.0,6,81447918,175,180,Mairena del Aljarafe,"Aljarafe, Sevilla",1996,1
529000,5.0,5.0,1,84023029,915,290,Mairena del Aljarafe,"Aljarafe, Sevilla",2000,1
215999,2.0,4.0,10,84028882,197,,Mairena del Aljarafe,"Aljarafe, Sevilla",1989,0
226000,2.0,4.0,6,84388251,134,90,Mairena del Aljarafe,"Aljarafe, Sevilla",1986,1
179000,2.0,3.0,6,82244148,196,,Mairena del Aljarafe,"Aljarafe, Sevilla",1998,0
320000,3.0,5.0,0,82484890,224,,Mairena del Aljarafe,"Aljarafe, Sevilla",1989,1
220000,2.0,4.0,10,83932660,335,185,Mairena del Aljarafe,"Aljarafe, Sevilla",1960,1
207000,2.0,3.0,3,84924095,120,,Mairena del Aljarafe,"Aljarafe, Sevilla",,1
212900,1.0,3.0,1,82935518,240,,Mairena del Aljarafe,"Aljarafe, Sevilla",1992,0
160000,3.0,5.0,6,85005158,120,,Mairena del Aljarafe,"Aljarafe, Sevilla",,1
166000,2.0,2.0,3,82360036,82,,Mairena del Aljarafe,"Aljarafe, Sevilla",,1
477225,4.0,5.0,3,83109613,211,190,Mairena del Aljarafe,"Aljarafe, Sevilla",1992,1
200000,3.0,4.0,6,82477026,174,147,Mairena del Aljarafe,"Aljarafe, Sevilla",1999,1
150000,3.0,4.0,6,84083449,102,,Mairena del Aljarafe,"Aljarafe, Sevilla",1992,1
3200000,4.0,4.0,1,81459566,2000,1300,Mairena del Aljarafe,"Aljarafe, Sevilla",2005,1
170000,2.0,2.0,3,83322356,85,74,Mairena del Aljarafe,"Aljarafe, Sevilla",2006,1
313000,3.0,4.0,3,81570928,180,170,Mairena del Aljarafe,"Aljarafe, Sevilla",1992,1
1355000,6.0,6.0,1,28599394,1171,,Mairena del Aljarafe,"Aljarafe, Sevilla",,1
740000,4.0,5.0,1,82659723,2832,,Mairena del Aljarafe,"Aljarafe, Sevilla",1980,1
170000,2.0,3.0,3,84988112,113,,Mairena del Aljarafe,"Aljarafe, Sevilla",2005,1
247000,3.0,4.0,0,83294135,150,,Mairena del Aljarafe,"Aljarafe, Sevilla",,1
248000,3.0,4.0,6,83844588,145,,Mairena del Aljarafe,"Aljarafe, Sevilla",2006,1
1355000,6.0,5.0,1,39162148,1171,509,Mairena del Aljarafe,"Aljarafe, Sevilla",2004,1
200000,2.0,3.0,3,83127020,120,,Mairena del Aljarafe,"Aljarafe, Sevilla",2008,1
190000,2.0,4.0,3,84636308,120,,Mairena del Aljarafe,"Aljarafe, Sevilla",,1
76000,1.0,3.0,3,84843153,83,,Mairena del Aljarafe,"Aljarafe, Sevilla",1978,0
329000,4.0,5.0,1,39135525,1041,,Mairena del Aljarafe,"Aljarafe, Sevilla",1989,1
170000,2.0,2.0,3,83239590,94,85,Mairena del Aljarafe,"Aljarafe, Sevilla",2008,1
157300,2.0,3.0,3,37109697,114,,Mairena del Aljarafe,"Aljarafe, Sevilla",,1
172300,2.0,3.0,3,39862259,138,,Mairena del Aljarafe,"Aljarafe, Sevilla",,1
202300,2.0,3.0,3,39862260,136,,Mairena del Aljarafe,"Aljarafe, Sevilla",,1
125000,2.0,4.0,3,84988976,112,89,Mairena del Aljarafe,"Aljarafe, Sevilla",,0
182000,3.0,4.0,0,84266333,178,,Mairena del Aljarafe,"Aljarafe, Sevilla",,1
159000,2.0,4.0,10,84864456,138,,Mairena del Aljarafe,"Aljarafe, Sevilla",1988,1
103000,1.0,3.0,3,84069221,100,,Mairena del Aljarafe,"Aljarafe, Sevilla",1972,1
128470,2.0,4.0,6,40539856,115,90,Mairena del Aljarafe,"Aljarafe, Sevilla",1975,0
217000,2.0,5.0,10,84770749,209,154,Mairena del Aljarafe,"Aljarafe, Sevilla",1991,1
169000,2.0,2.0,3,85039398,85,,Mairena del Aljarafe,"Aljarafe, Sevilla",2006,0
237900,3.0,3.0,6,84992626,120,100,Mairena del Aljarafe,"Aljarafe, Sevilla",2002,1
200000,2.0,3.0,6,84920824,140,139,Mairena del Aljarafe,"Aljarafe, Sevilla",,1
165000,3.0,4.0,10,81907291,177,150,Mairena del Aljarafe,"Aljarafe, Sevilla",,0
640000,5.0,5.0,1,83406509,1143,376,Mairena del Aljarafe,"Aljarafe, Sevilla",1997,1
169000,2.0,2.0,3,84675287,85,76,Mairena del Aljarafe,"Aljarafe, Sevilla",,1
171900,2.0,3.0,3,85015506,116,,Mairena del Aljarafe,"Aljarafe, Sevilla",2009,1
190000,2.0,2.0,9,85013461,95,,Mairena del Aljarafe,"Aljarafe, Sevilla",2007,1
145000,2.0,3.0,3,84986742,110,95,Mairena del Aljarafe,"Aljarafe, Sevilla",,1
319999,3.0,5.0,1,40518493,450,275,Mairena del Aljarafe,"Aljarafe, Sevilla",1998,1
200000,3.0,4.0,6,40070788,115,,Mairena del Aljarafe,"Aljarafe, Sevilla",2002,1
248000,3.0,4.0,0,85048878,142,,Mairena del Aljarafe,"Aljarafe, Sevilla",,0
50000,2.0,2.0,0,82561331,74,180,Mairena del Aljarafe,"Aljarafe, Sevilla",1970,0
210000,3.0,4.0,6,30010881,107,124,Mairena del Aljarafe,"Aljarafe, Sevilla",1988,1
159000,2.0,2.0,3,84845418,90,70,Mairena del Aljarafe,"Aljarafe, Sevilla",2008,1
179000,3.0,3.0,0,83861899,140,,Mairena del Aljarafe,"Aljarafe, Sevilla",1998,1
price,0.0,0.0,14,house_id,m2_real,m2_useful,loc_city,loc_zone,construct_date,1
199000,3.0,4.0,0,39365758,200,129,Espartinas,"Aljarafe, Sevilla",2004,1
200000,3.0,4.0,6,82403000,140,120,Espartinas,"Aljarafe, Sevilla",,0
196000,2.0,4.0,0,82730820,136,,Espartinas,"Aljarafe, Sevilla",,0
230000,3.0,4.0,0,37760070,130,,Espartinas,"Aljarafe, Sevilla",,1
350000,3.0,4.0,1,1633802,630,250,Espartinas,"Aljarafe, Sevilla",,1
265000,2.0,4.0,1,40525310,690,,Espartinas,"Aljarafe, Sevilla",,1
220000,2.0,5.0,1,29986725,1100,,Espartinas,"Aljarafe, Sevilla",,1
175000,1.0,3.0,1,81165327,850,,Espartinas,"Aljarafe, Sevilla",,1
300000,2.0,4.0,1,25799226,372,101,Espartinas,"Aljarafe, Sevilla",,1
220000,3.0,4.0,0,40327721,290,30,Espartinas,"Aljarafe, Sevilla",2007,1
124000,1.0,3.0,2,37565384,190,,Espartinas,"Aljarafe, Sevilla",,0
310000,3.0,3.0,1,34256329,650,160,Espartinas,"Aljarafe, Sevilla",,1
150000,3.0,3.0,6,36982395,136,,Espartinas,"Aljarafe, Sevilla",,1
330000,3.0,5.0,1,40570484,900,,Espartinas,"Aljarafe, Sevilla",1990,1
585000,4.0,4.0,1,35257395,2516,390,Espartinas,"Aljarafe, Sevilla",,1
340000,4.0,4.0,1,38636375,642,,Espartinas,"Aljarafe, Sevilla",,1
260000,3.0,4.0,1,81680441,123,209,Espartinas,"Aljarafe, Sevilla",,1
222400,3.0,3.0,0,25285745,281,120,Espartinas,"Aljarafe, Sevilla",,1
250000,3.0,4.0,0,82138706,240,140,Espartinas,"Aljarafe, Sevilla",2007,1
500000,3.0,4.0,1,35342845,705,175,Espartinas,"Aljarafe, Sevilla",,1
260000,3.0,4.0,1,84367515,170,,Espartinas,"Aljarafe, Sevilla",,1
385000,4.0,6.0,1,84533724,705,,Espartinas,"Aljarafe, Sevilla",,0
165000,3.0,4.0,2,83345142,170,,Espartinas,"Aljarafe, Sevilla",,0
240000,2.0,3.0,0,83839285,500,170,Espartinas,"Aljarafe, Sevilla",,1
235000,3.0,4.0,6,30001231,147,,Espartinas,"Aljarafe, Sevilla",,0
306000,3.0,5.0,1,941940,190,,Espartinas,"Aljarafe, Sevilla",,1
222152,3.0,4.0,1,82334432,190,165,Espartinas,"Aljarafe, Sevilla",,1
120000,1.0,2.0,3,345663,80,,Espartinas,"Aljarafe, Sevilla",,1
290000,3.0,4.0,1,29991811,380,,Espartinas,"Aljarafe, Sevilla",,0
220000,3.0,4.0,1,83351879,300,200,Espartinas,"Aljarafe, Sevilla",,1
132500,2.0,4.0,10,84703911,120,,Espartinas,"Aljarafe, Sevilla",2005,0
320000,2.0,4.0,1,30929855,1,130,Espartinas,"Aljarafe, Sevilla",,1
275000,2.0,4.0,2,37710147,750,,Espartinas,"Aljarafe, Sevilla",,1
380000,3.0,3.0,1,82799011,1200,140,Espartinas,"Aljarafe, Sevilla",,1
210000,2.0,4.0,1,37509562,1000,,Espartinas,"Aljarafe, Sevilla",2000,1
180000,2.0,4.0,1,39801117,2350,,Espartinas,"Aljarafe, Sevilla",,0
490000,3.0,5.0,10,33536252,1070,350,Espartinas,"Aljarafe, Sevilla",,1
239000,2.0,4.0,0,40135759,300,,Espartinas,"Aljarafe, Sevilla",,0
228000,2.0,4.0,1,81792584,410,,Espartinas,"Aljarafe, Sevilla",2000,1
390500,4.0,5.0,1,35111732,2750,400,Espartinas,"Aljarafe, Sevilla",2000,1
165500,3.0,4.0,6,82874755,137,,Espartinas,"Aljarafe, Sevilla",,1
600000,2.0,4.0,1,39758740,2842,,Espartinas,"Aljarafe, Sevilla",,1
166000,3.0,4.0,6,82522124,143,123,Espartinas,"Aljarafe, Sevilla",2000,0
100000,1.0,1.0,3,331973,59,,Espartinas,"Aljarafe, Sevilla",,1
650000,3.0,6.0,1,27002198,2400,230,Espartinas,"Aljarafe, Sevilla",,1
340000,3.0,4.0,0,30048422,464,,Espartinas,"Aljarafe, Sevilla",,1
195000,3.0,4.0,0,30403681,400,190,Espartinas,"Aljarafe, Sevilla",,0
250000,2.0,4.0,1,32587283,1300,,Espartinas,"Aljarafe, Sevilla",,0
150000,3.0,3.0,6,35217266,120,,Espartinas,"Aljarafe, Sevilla",,0
155000,3.0,3.0,6,36749679,140,,Espartinas,"Aljarafe, Sevilla",,1
250000,3.0,4.0,6,30287050,255,155,Espartinas,"Aljarafe, Sevilla",2007,1
290000,2.0,5.0,1,25425664,504,184,Espartinas,"Aljarafe, Sevilla",,1
340000,4.0,4.0,1,82392814,600,,Espartinas,"Aljarafe, Sevilla",,0
113000,1.0,2.0,3,31349144,85,,Espartinas,"Aljarafe, Sevilla",,1
145000,1.0,3.0,6,83502868,150,100,Espartinas,"Aljarafe, Sevilla",,1
350000,2.0,4.0,1,83917918,2000,,Espartinas,"Aljarafe, Sevilla",,1
215000,2.0,4.0,6,84496159,298,,Espartinas,"Aljarafe, Sevilla",,0
78300,1.0,2.0,10,34835460,85,,Espartinas,"Aljarafe, Sevilla",,0
114300,1.0,1.0,10,34835462,121,,Espartinas,"Aljarafe, Sevilla",,0
141500,2.0,4.0,6,36928951,160,,Espartinas,"Aljarafe, Sevilla",,0
78300,1.0,2.0,1,39833484,85,,Espartinas,"Aljarafe, Sevilla",,0
114300,1.0,1.0,1,39849260,121,,Espartinas,"Aljarafe, Sevilla",,1
245000,3.0,4.0,1,82910842,136,112,Espartinas,"Aljarafe, Sevilla",,0
241500,2.0,4.0,1,83472437,202,,Espartinas,"Aljarafe, Sevilla",,1
231000,3.0,4.0,0,81892470,300,146,Espartinas,"Aljarafe, Sevilla",2006,1
240000,3.0,4.0,1,83030923,680,140,Espartinas,"Aljarafe, Sevilla",,1
165000,3.0,4.0,6,83104702,227,,Espartinas,"Aljarafe, Sevilla",2002,1
215000,3.0,4.0,0,84461279,300,170,Espartinas,"Aljarafe, Sevilla",2001,0
250000,3.0,4.0,0,34925833,222,,Espartinas,"Aljarafe, Sevilla",,1
370000,3.0,5.0,1,39829184,1068,300,Espartinas,"Aljarafe, Sevilla",,1
205000,2.0,4.0,0,32321577,280,,Espartinas,"Aljarafe, Sevilla",,0
260000,3.0,4.0,1,82784985,476,,Espartinas,"Aljarafe, Sevilla",,1
85000,1.0,3.0,10,82795197,136,87,Espartinas,"Aljarafe, Sevilla",1994,0
159900,3.0,4.0,0,82811352,321,,Espartinas,"Aljarafe, Sevilla",,1
250000,3.0,4.0,1,82837418,581,,Espartinas,"Aljarafe, Sevilla",,1
245000,4.0,4.0,1,82913121,482,,Espartinas,"Aljarafe, Sevilla",,1
139900,3.0,4.0,0,83027511,125,,Espartinas,"Aljarafe, Sevilla",,1
255000,3.0,4.0,1,83645045,315,,Espartinas,"Aljarafe, Sevilla",2005,0
630000,3.0,4.0,1,37177318,400,,Espartinas,"Aljarafe, Sevilla",,0
228000,3.0,4.0,0,39278819,300,,Espartinas,"Aljarafe, Sevilla",,1
590000,2.0,4.0,1,40536253,2842,,Espartinas,"Aljarafe, Sevilla",,1
600000,2.0,3.0,1,38803820,200,,Espartinas,"Aljarafe, Sevilla",,0
350000,3.0,5.0,1,83847695,559,360,Espartinas,"Aljarafe, Sevilla",1999,1
209000,2.0,4.0,1,84539082,1000,150,Espartinas,"Aljarafe, Sevilla",2000,1
125000,2.0,3.0,10,84744043,143,,Espartinas,"Aljarafe, Sevilla",,0
310000,3.0,5.0,1,81228829,160,,Espartinas,"Aljarafe, Sevilla",,1
425000,3.0,3.0,1,1749253,1033,,Espartinas,"Aljarafe, Sevilla",,1
230000,2.0,5.0,1,28981732,850,,Espartinas,"Aljarafe, Sevilla",,1
239000,3.0,4.0,1,38500912,710,220,Espartinas,"Aljarafe, Sevilla",2002,1
169000,3.0,4.0,0,38537892,260,145,Espartinas,"Aljarafe, Sevilla",2005,1
197000,3.0,4.0,0,39879871,315,120,Espartinas,"Aljarafe, Sevilla",,1
176000,3.0,4.0,0,84051108,240,140,Espartinas,"Aljarafe, Sevilla",2006,1
214999,2.0,5.0,0,84147125,298,,Espartinas,"Aljarafe, Sevilla",2001,0
500000,2.0,5.0,1,84598796,2000,,Espartinas,"Aljarafe, Sevilla",,0
280000,4.0,3.0,1,84636605,180,170,Espartinas,"Aljarafe, Sevilla",,1
636000,3.0,3.0,1,84649951,4000,,Espartinas,"Aljarafe, Sevilla",1987,1
239900,3.0,5.0,0,84738114,220,,Espartinas,"Aljarafe, Sevilla",,1
231000,2.0,4.0,0,38529512,272,115,Espartinas,"Aljarafe, Sevilla",2005,1
350000,3.0,5.0,1,38789432,522,154,Espartinas,"Aljarafe, Sevilla",1990,1
320000,3.0,5.0,0,84671954,400,,Espartinas,"Aljarafe, Sevilla",,1
210000,3.0,4.0,0,27250981,308,134,Espartinas,"Aljarafe, Sevilla",,1
368000,3.0,5.0,1,39459063,570,250,Espartinas,"Aljarafe, Sevilla",,1
185000,3.0,4.0,0,39971158,229,124,Espartinas,"Aljarafe, Sevilla",2005,0
150000,3.0,6.0,0,81912496,330,,Espartinas,"Aljarafe, Sevilla",,1
260000,2.0,5.0,1,81964004,2230,,Espartinas,"Aljarafe, Sevilla",,1
233000,3.0,4.0,0,83308425,255,,Espartinas,"Aljarafe, Sevilla",,1
289000,3.0,4.0,0,31066497,200,,Espartinas,"Aljarafe, Sevilla",,1
245000,2.0,4.0,1,84334315,800,140,Espartinas,"Aljarafe, Sevilla",,1
580000,3.0,5.0,1,36265686,2000,,Espartinas,"Aljarafe, Sevilla",,1
240000,3.0,4.0,1,82480298,300,,Espartinas,"Aljarafe, Sevilla",,1
215000,2.0,4.0,0,84198530,272,115,Espartinas,"Aljarafe, Sevilla",2005,1
215000,2.0,5.0,0,84214505,294,165,Espartinas,"Aljarafe, Sevilla",2001,0
300000,3.0,4.0,7,29236248,260,,Espartinas,"Aljarafe, Sevilla",,1
314000,3.0,4.0,0,33970833,267,,Espartinas,"Aljarafe, Sevilla",2007,1
190000,2.0,3.0,1,39834693,173,,Espartinas,"Aljarafe, Sevilla",,0
241500,2.0,4.0,10,33443189,202,,Espartinas,"Aljarafe, Sevilla",,0
199000,3.0,4.0,10,36051785,158,136,Espartinas,"Aljarafe, Sevilla",,1
114300,1.0,1.0,2,83956152,970,,Espartinas,"Aljarafe, Sevilla",,1
350000,5.0,5.0,1,84563070,2400,270,Espartinas,"Aljarafe, Sevilla",1968,1
240000,3.0,4.0,0,84655941,220,170,Espartinas,"Aljarafe, Sevilla",,1
114300,1.0,1.0,10,84803517,121,,Espartinas,"Aljarafe, Sevilla",,0
175000,3.0,4.0,0,82930420,187,154,Espartinas,"Aljarafe, Sevilla",,0
190000,2.0,3.0,10,37222668,173,,Espartinas,"Aljarafe, Sevilla",,0
390000,3.0,5.0,1,37422240,1000,,Espartinas,"Aljarafe, Sevilla",,1
250000,2.0,4.0,1,38075116,1210,93,Espartinas,"Aljarafe, Sevilla",1985,1
280000,3.0,4.0,1,82177644,1337,,Espartinas,"Aljarafe, Sevilla",,1
96000,1.0,4.0,6,82338345,209,,Espartinas,"Aljarafe, Sevilla",,0
270000,2.0,4.0,1,82687956,1156,,Espartinas,"Aljarafe, Sevilla",,1
195000,3.0,4.0,10,82781645,256,102,Espartinas,"Aljarafe, Sevilla",2005,1
190000,2.0,3.0,6,83669131,200,,Espartinas,"Aljarafe, Sevilla",2005,1
124000,1.0,4.0,6,84265467,128,,Espartinas,"Aljarafe, Sevilla",1997,0
400000,4.0,5.0,1,84587457,214,,Espartinas,"Aljarafe, Sevilla",,0
94200,2.0,4.0,10,35090219,160,137,Espartinas,"Aljarafe, Sevilla",,0
164900,3.0,3.0,6,82572512,126,118,Espartinas,"Aljarafe, Sevilla",2006,0
214999,2.0,5.0,0,84478056,298,180,Espartinas,"Aljarafe, Sevilla",2001,1
340000,3.0,6.0,1,84790975,506,,Espartinas,"Aljarafe, Sevilla",,0
169000,3.0,4.0,0,81703632,138,,Espartinas,"Aljarafe, Sevilla",,1
232000,2.0,4.0,1,84906723,543,169,Espartinas,"Aljarafe, Sevilla",2007,0
290000,2.0,4.0,1,34843056,1320,140,Espartinas,"Aljarafe, Sevilla",1980,1
94200,2.0,4.0,10,84283039,160,,Espartinas,"Aljarafe, Sevilla",,0
114300,1.0,1.0,1,84980960,970,,Espartinas,"Aljarafe, Sevilla",,0
95000,1.0,3.0,10,81175874,220,,Espartinas,"Aljarafe, Sevilla",,1
233310,3.0,5.0,1,39168237,720,165,Espartinas,"Aljarafe, Sevilla",,1
330000,3.0,4.0,1,27668217,750,190,Espartinas,"Aljarafe, Sevilla",,1
197000,3.0,4.0,0,40327725,315,120,Espartinas,"Aljarafe, Sevilla",,1
400000,4.0,5.0,1,82140704,320,285,Espartinas,"Aljarafe, Sevilla",1992,1
210000,3.0,4.0,0,82627401,300,210,Espartinas,"Aljarafe, Sevilla",,1
245000,3.0,4.0,1,82902110,400,112,Espartinas,"Aljarafe, Sevilla",2002,1
300000,3.0,5.0,1,83210800,560,164,Espartinas,"Aljarafe, Sevilla",1992,0
224900,2.0,3.0,1,83878761,967,160,Espartinas,"Aljarafe, Sevilla",,1
214900,2.0,4.0,0,83961363,298,175,Espartinas,"Aljarafe, Sevilla",,0
243600,2.0,4.0,10,38594697,188,,Espartinas,"Aljarafe, Sevilla",,0
220000,2.0,4.0,0,84145200,288,,Espartinas,"Aljarafe, Sevilla",,1
265000,3.0,4.0,1,84278737,600,,Espartinas,"Aljarafe, Sevilla",2013,1
224900,2.0,3.0,1,84340303,967,170,Espartinas,"Aljarafe, Sevilla",,1
245000,4.0,4.0,1,82928120,482,250,Espartinas,"Aljarafe, Sevilla",,1
225000,2.0,3.0,1,84928605,990,,Espartinas,"Aljarafe, Sevilla",,1
250000,2.0,4.0,0,38435926,312,154,Espartinas,"Aljarafe, Sevilla",2004,1
215000,3.0,5.0,0,38529961,200,215,Espartinas,"Aljarafe, Sevilla",2009,0
255000,3.0,4.0,0,38789152,396,218,Espartinas,"Aljarafe, Sevilla",2007,1
320000,3.0,4.0,1,84472280,500,130,Espartinas,"Aljarafe, Sevilla",2007,1
225000,3.0,4.0,6,84529194,142,,Espartinas,"Aljarafe, Sevilla",,1
230000,3.0,4.0,1,84660922,575,185,Espartinas,"Aljarafe, Sevilla",2004,1
190000,3.0,4.0,0,40443840,230,,Espartinas,"Aljarafe, Sevilla",,1
244000,2.0,4.0,1,39569373,800,140,Espartinas,"Aljarafe, Sevilla",1977,1
315000,2.0,5.0,1,84106120,2500,200,Espartinas,"Aljarafe, Sevilla",,0
132500,3.0,3.0,1,84641264,120,100,Espartinas,"Aljarafe, Sevilla",,0
240000,3.0,4.0,0,27085953,255,135,Espartinas,"Aljarafe, Sevilla",,0
590000,5.0,6.0,1,32693295,1050,500,Espartinas,"Aljarafe, Sevilla",,1
310000,3.0,5.0,1,2123340,550,,Espartinas,"Aljarafe, Sevilla",,1
220000,2.0,4.0,0,38343968,288,,Espartinas,"Aljarafe, Sevilla",,1
330000,3.0,4.0,1,1933898,727,225,Espartinas,"Aljarafe, Sevilla",,0
193800,3.0,4.0,6,81286111,250,,Espartinas,"Aljarafe, Sevilla",,1
146000,3.0,4.0,6,81423666,122,109,Espartinas,"Aljarafe, Sevilla",2008,0
165000,3.0,3.0,6,37218878,135,,Espartinas,"Aljarafe, Sevilla",,1
152000,3.0,4.0,6,82346715,150,110,Espartinas,"Aljarafe, Sevilla",,1
178000,3.0,4.0,0,82634750,300,,Espartinas,"Aljarafe, Sevilla",2002,1
235000,3.0,4.0,0,26280168,216,160,Espartinas,"Aljarafe, Sevilla",,1
185000,3.0,4.0,0,83738768,278,155,Espartinas,"Aljarafe, Sevilla",,1
303000,3.0,3.0,1,83788988,400,,Espartinas,"Aljarafe, Sevilla",,1
180000,3.0,4.0,0,81487232,300,,Espartinas,"Aljarafe, Sevilla",,1
185000,4.0,4.0,0,82191297,257,,Espartinas,"Aljarafe, Sevilla",2005,1
168500,3.0,4.0,6,84191894,250,125,Espartinas,"Aljarafe, Sevilla",2006,1
250000,3.0,4.0,1,81561278,550,270,Espartinas,"Aljarafe, Sevilla",,1
190000,2.0,4.0,0,84634147,228,,Espartinas,"Aljarafe, Sevilla",2000,1
325000,3.0,6.0,1,84820851,536,,Espartinas,"Aljarafe, Sevilla",,1
259000,3.0,6.0,1,39168087,477,,Espartinas,"Aljarafe, Sevilla",,1
345000,3.0,3.0,1,28981941,850,140,Espartinas,"Aljarafe, Sevilla",,1
300000,4.0,6.0,1,39263100,1950,,Espartinas,"Aljarafe, Sevilla",,1
270000,4.0,4.0,0,84917224,200,220,Espartinas,"Aljarafe, Sevilla",,1
270000,3.0,5.0,1,30656334,870,220,Espartinas,"Aljarafe, Sevilla",,1
295000,3.0,5.0,0,36148816,246,,Espartinas,"Aljarafe, Sevilla",,1
220000,3.0,5.0,1,40484663,532,150,Espartinas,"Aljarafe, Sevilla",2007,1
179900,3.0,4.0,0,81294165,220,,Espartinas,"Aljarafe, Sevilla",,1
184900,3.0,4.0,0,81294151,226,,Espartinas,"Aljarafe, Sevilla",,1
194900,3.0,4.0,0,81294141,320,,Espartinas,"Aljarafe, Sevilla",,1
179900,3.0,4.0,0,81294281,203,,Espartinas,"Aljarafe, Sevilla",,1
189900,3.0,4.0,0,81294325,250,,Espartinas,"Aljarafe, Sevilla",,1
184900,3.0,4.0,0,81294314,255,,Espartinas,"Aljarafe, Sevilla",,1
350000,3.0,5.0,1,81990944,898,280,Espartinas,"Aljarafe, Sevilla",1999,1
78300,1.0,2.0,2,83944785,85,,Espartinas,"Aljarafe, Sevilla",,0
270000,3.0,4.0,0,84129564,379,121,Espartinas,"Aljarafe, Sevilla",,1
185000,3.0,4.0,0,84132053,230,,Espartinas,"Aljarafe, Sevilla",,1
185000,3.0,4.0,0,84254972,293,145,Espartinas,"Aljarafe, Sevilla",2002,1
440000,3.0,5.0,1,84876398,600,,Espartinas,"Aljarafe, Sevilla",,1
181812,3.0,4.0,6,33258512,139,121,Espartinas,"Aljarafe, Sevilla",,0
174080,3.0,4.0,6,33258514,136,121,Espartinas,"Aljarafe, Sevilla",,0
350000,3.0,5.0,1,81671794,898,226,Espartinas,"Aljarafe, Sevilla",1989,1
275000,1.0,3.0,1,82519657,2861,190,Espartinas,"Aljarafe, Sevilla",1985,1
199990,3.0,4.0,0,82554883,254,,Espartinas,"Aljarafe, Sevilla",2003,1
249900,3.0,5.0,0,82711745,323,160,Espartinas,"Aljarafe, Sevilla",2004,1
265000,3.0,6.0,1,82963019,1697,230,Espartinas,"Aljarafe, Sevilla",1965,1
142302,1.0,4.0,0,83101892,236,145,Espartinas,"Aljarafe, Sevilla",1960,1
220000,3.0,5.0,0,83222680,248,132,Espartinas,"Aljarafe, Sevilla",2005,1
260000,3.0,5.0,1,84335045,172,,Espartinas,"Aljarafe, Sevilla",,1
220000,3.0,4.0,0,84976591,275,174,Espartinas,"Aljarafe, Sevilla",,0
320000,3.0,5.0,0,84518524,400,,Espartinas,"Aljarafe, Sevilla",,1
215000,3.0,3.0,1,83793742,298,118,Espartinas,"Aljarafe, Sevilla",2007,1
345000,4.0,5.0,1,84284127,1500,180,Espartinas,"Aljarafe, Sevilla",,1
165000,2.0,3.0,6,84794275,122,,Espartinas,"Aljarafe, Sevilla",,1
340000,3.0,6.0,1,34979830,506,,Espartinas,"Aljarafe, Sevilla",,0
225000,2.0,4.0,1,37379241,410,,Espartinas,"Aljarafe, Sevilla",1999,0
260000,2.0,4.0,6,38339042,255,157,Espartinas,"Aljarafe, Sevilla",,1
185000,2.0,4.0,1,38404206,915,,Espartinas,"Aljarafe, Sevilla",1981,1
280000,2.0,3.0,1,38783627,850,,Espartinas,"Aljarafe, Sevilla",1988,1
238000,3.0,5.0,1,39009581,721,,Espartinas,"Aljarafe, Sevilla",,1
227000,3.0,4.0,0,40335866,260,140,Espartinas,"Aljarafe, Sevilla",2007,1
355000,4.0,5.0,1,81372810,800,230,Espartinas,"Aljarafe, Sevilla",1992,1
260000,2.0,4.0,1,81682656,476,209,Espartinas,"Aljarafe, Sevilla",,0
280000,3.0,4.0,1,82455445,832,,Espartinas,"Aljarafe, Sevilla",1978,1
250000,3.0,5.0,1,82566357,546,150,Espartinas,"Aljarafe, Sevilla",,1
467000,3.0,5.0,1,83004911,2100,,Espartinas,"Aljarafe, Sevilla",,0
560000,4.0,6.0,1,83018814,601,420,Espartinas,"Aljarafe, Sevilla",2002,1
235000,3.0,4.0,0,82876680,450,118,Espartinas,"Aljarafe, Sevilla",2008,1
330000,4.0,5.0,1,32216481,600,,Espartinas,"Aljarafe, Sevilla",,0
500000,2.0,4.0,1,81261476,1789,300,Espartinas,"Aljarafe, Sevilla",1978,0
410000,4.0,4.0,1,81811425,903,375,Espartinas,"Aljarafe, Sevilla",1991,1
310000,2.0,3.0,1,82838141,1230,120,Espartinas,"Aljarafe, Sevilla",1982,0
245000,3.0,4.0,1,82854191,137,,Espartinas,"Aljarafe, Sevilla",2002,0
145000,1.0,3.0,6,83757550,143,,Espartinas,"Aljarafe, Sevilla",,1
235000,2.0,3.0,1,83914521,967,95,Espartinas,"Aljarafe, Sevilla",1990,1
254000,3.0,4.0,1,84144780,557,,Espartinas,"Aljarafe, Sevilla",2003,1
150000,2.0,3.0,1,84984900,2500,,Espartinas,"Aljarafe, Sevilla",,1
330000,2.0,4.0,1,84792057,560,,Espartinas,"Aljarafe, Sevilla",,1
190000,2.0,3.0,1,84956166,173,,Espartinas,"Aljarafe, Sevilla",,0
116000,3.0,4.0,6,81200750,118,,Espartinas,"Aljarafe, Sevilla",2010,0
220000,2.0,4.0,0,40228570,288,,Espartinas,"Aljarafe, Sevilla",2006,1
368000,3.0,5.0,1,40223295,670,,Espartinas,"Aljarafe, Sevilla",,1
249000,3.0,4.0,0,39948048,260,,Espartinas,"Aljarafe, Sevilla",,1
315000,3.0,4.0,1,81280595,500,,Espartinas,"Aljarafe, Sevilla",,1
280000,3.0,4.0,0,81142347,267,,Espartinas,"Aljarafe, Sevilla",,1
178000,3.0,4.0,0,82838182,140,,Espartinas,"Aljarafe, Sevilla",,1
600000,3.0,5.0,1,84849622,2584,200,Espartinas,"Aljarafe, Sevilla",1940,0
214999,2.0,5.0,10,85028188,294,184,Espartinas,"Aljarafe, Sevilla",,0
990000,4.0,4.0,1,36466352,60000,,Espartinas,"Aljarafe, Sevilla",,1
198000,2.0,3.0,1,38428314,920,120,Espartinas,"Aljarafe, Sevilla",1990,1
226900,3.0,4.0,0,38518688,300,161,Espartinas,"Aljarafe, Sevilla",2002,1
303500,4.0,4.0,1,83103996,677,242,Espartinas,"Aljarafe, Sevilla",2005,1
990000,4.0,4.0,5,31083920,20000,260,Espartinas,"Aljarafe, Sevilla",,1
400000,3.0,5.0,1,1710590,547,,Espartinas,"Aljarafe, Sevilla",,1
245000,3.0,4.0,1,84614587,527,,Espartinas,"Aljarafe, Sevilla",1990,1
370000,2.0,5.0,10,37713591,300,,Espartinas,"Aljarafe, Sevilla",,1
270000,2.0,5.0,1,82132692,1337,,Espartinas,"Aljarafe, Sevilla",,1
193990,3.0,4.0,0,83779695,192,,Espartinas,"Aljarafe, Sevilla",,1
225000,3.0,3.0,6,84529179,136,,Espartinas,"Aljarafe, Sevilla",,1
205000,3.0,3.0,6,84529180,133,,Espartinas,"Aljarafe, Sevilla",,1
208000,3.0,3.0,6,84529184,134,,Espartinas,"Aljarafe, Sevilla",,1
208000,3.0,3.0,6,84529176,133,,Espartinas,"Aljarafe, Sevilla",,1
207000,3.0,3.0,6,84529186,133,,Espartinas,"Aljarafe, Sevilla",,1
206000,3.0,3.0,6,84529177,133,,Espartinas,"Aljarafe, Sevilla",,1
207000,3.0,3.0,6,84529188,134,,Espartinas,"Aljarafe, Sevilla",,1
198000,3.0,3.0,6,84529191,137,,Espartinas,"Aljarafe, Sevilla",,1
235000,3.0,4.0,6,84529192,145,,Espartinas,"Aljarafe, Sevilla",,1
227000,3.0,4.0,6,84529193,142,,Espartinas,"Aljarafe, Sevilla",,1
225000,3.0,4.0,6,84529195,143,,Espartinas,"Aljarafe, Sevilla",,1
237000,3.0,4.0,6,84529241,142,,Espartinas,"Aljarafe, Sevilla",,1
240000,3.0,4.0,6,84529242,142,,Espartinas,"Aljarafe, Sevilla",,1
222000,3.0,4.0,6,84529243,142,,Espartinas,"Aljarafe, Sevilla",,1
222000,3.0,4.0,6,84529244,143,,Espartinas,"Aljarafe, Sevilla",,1
220000,3.0,4.0,6,84529245,142,,Espartinas,"Aljarafe, Sevilla",,1
243000,3.0,4.0,6,84529249,146,,Espartinas,"Aljarafe, Sevilla",,1
222000,3.0,3.0,6,84529226,137,,Espartinas,"Aljarafe, Sevilla",,1
214000,3.0,3.0,6,84529250,133,,Espartinas,"Aljarafe, Sevilla",,1
125000,2.0,3.0,10,84863508,190,,Espartinas,"Aljarafe, Sevilla",,0
240000,3.0,4.0,0,83015446,200,,Espartinas,"Aljarafe, Sevilla",2006,1
385000,4.0,7.0,1,34340598,1006,260,Espartinas,"Aljarafe, Sevilla",,1
238000,3.0,5.0,0,84525523,83,156,Espartinas,"Aljarafe, Sevilla",2006,1
165000,3.0,3.0,6,84871708,122,115,Espartinas,"Aljarafe, Sevilla",2004,1
295000,3.0,5.0,1,84974829,420,190,Espartinas,"Aljarafe, Sevilla",,1
360000,3.0,7.0,1,84124962,976,275,Espartinas,"Aljarafe, Sevilla",2012,1
279900,3.0,4.0,1,82343537,402,,Espartinas,"Aljarafe, Sevilla",2004,1
223000,3.0,4.0,0,82614345,195,160,Espartinas,"Aljarafe, Sevilla",2008,1
240000,3.0,5.0,1,84530390,560,,Espartinas,"Aljarafe, Sevilla",,1
206000,3.0,3.0,6,84926043,134,,Espartinas,"Aljarafe, Sevilla",,1
235000,2.0,4.0,10,39498758,1000,150,Espartinas,"Aljarafe, Sevilla",,1
310000,3.0,4.0,1,39140451,545,,Espartinas,"Aljarafe, Sevilla",,1
159900,1.0,3.0,1,40018631,5500,,Espartinas,"Aljarafe, Sevilla",1982,0
199000,3.0,4.0,1,84984987,500,136,Espartinas,"Aljarafe, Sevilla",1997,0
350000,4.0,6.0,1,39168216,805,,Espartinas,"Aljarafe, Sevilla",1991,1
220000,3.0,5.0,1,39168100,171,,Espartinas,"Aljarafe, Sevilla",2005,1
240000,3.0,5.0,1,84829820,560,,Espartinas,"Aljarafe, Sevilla",,1
169000,2.0,3.0,0,84967250,211,,Espartinas,"Aljarafe, Sevilla",2002,1
218000,2.0,5.0,0,83944706,250,,Espartinas,"Aljarafe, Sevilla",2003,1
243600,3.0,4.0,0,84234312,197,137,Espartinas,"Aljarafe, Sevilla",2000,1
315000,4.0,4.0,1,84644311,575,167,Espartinas,"Aljarafe, Sevilla",,1
195500,3.0,4.0,0,81537763,300,,Espartinas,"Aljarafe, Sevilla",,1
1200000,75.0,73.0,1,84163769,3095,,Espartinas,"Aljarafe, Sevilla",2000,1
94200,2.0,3.0,10,36592300,98,137,Espartinas,"Aljarafe, Sevilla",2005,0
350000,2.0,4.0,1,29702922,14000,,Espartinas,"Aljarafe, Sevilla",,1
107000,3.0,4.0,6,83497493,110,90,Espartinas,"Aljarafe, Sevilla",,1
225000,3.0,4.0,1,32132932,812,191,Espartinas,"Aljarafe, Sevilla",2006,1
249990,4.0,5.0,1,84217217,588,255,Espartinas,"Aljarafe, Sevilla",,1
215000,2.0,4.0,0,85000173,288,,Espartinas,"Aljarafe, Sevilla",,0
300000,3.0,4.0,0,34065442,400,,Espartinas,"Aljarafe, Sevilla",,0
241500,2.0,4.0,1,84985368,202,,Espartinas,"Aljarafe, Sevilla",,0
199000,3.0,4.0,0,35584544,506,136,Espartinas,"Aljarafe, Sevilla",,1
600000,4.0,5.0,1,38424419,20000,110,Espartinas,"Aljarafe, Sevilla",1925,1
990000,6.0,5.0,1,82938144,18969,,Espartinas,"Aljarafe, Sevilla",2004,0
290000,3.0,4.0,1,528401,250,,Espartinas,"Aljarafe, Sevilla",,1
320000,3.0,5.0,1,36480271,1200,,Espartinas,"Aljarafe, Sevilla",,1
335000,2.0,4.0,1,84541533,405,182,Espartinas,"Aljarafe, Sevilla",1999,1
229000,2.0,4.0,1,85011817,1000,200,Espartinas,"Aljarafe, Sevilla",,1
175000,2.0,4.0,6,85039491,253,137,Espartinas,"Aljarafe, Sevilla",2005,1
300000,3.0,5.0,1,85031224,553,140,Espartinas,"Aljarafe, Sevilla",,1
155000,3.0,4.0,6,36018551,145,,Espartinas,"Aljarafe, Sevilla",,1
175000,3.0,4.0,0,83894887,330,154,Espartinas,"Aljarafe, Sevilla",2006,1
199000,3.0,4.0,0,82289728,210,188,Espartinas,"Aljarafe, Sevilla",2006,1
250000,4.0,4.0,1,84812475,598,,Espartinas,"Aljarafe, Sevilla",,1
280000,2.0,4.0,1,81413822,832,170,Espartinas,"Aljarafe, Sevilla",1978,1
259000,3.0,4.0,1,82673939,432,132,Espartinas,"Aljarafe, Sevilla",2004,0
172000,3.0,4.0,0,84203098,138,,Espartinas,"Aljarafe, Sevilla",,1
195000,4.0,4.0,0,84630295,256,102,Espartinas,"Aljarafe, Sevilla",2005,1
359000,2.0,4.0,1,84630529,650,180,Espartinas,"Aljarafe, Sevilla",1990,1
230000,3.0,4.0,1,30261555,369,,Espartinas,"Aljarafe, Sevilla",,1
238000,2.0,4.0,0,32424604,315,,Espartinas,"Aljarafe, Sevilla",,1
189000,3.0,4.0,0,84989631,142,,Espartinas,"Aljarafe, Sevilla",,1
228000,4.0,4.0,0,83705375,280,146,Espartinas,"Aljarafe, Sevilla",2008,1
270000,3.0,4.0,1,84722573,740,130,Espartinas,"Aljarafe, Sevilla",,1
225000,2.0,4.0,1,1596461,920,,Espartinas,"Aljarafe, Sevilla",,1
310000,2.0,4.0,10,83848153,309,238,Espartinas,"Aljarafe, Sevilla",1998,1
215000,2.0,4.0,0,84234735,298,,Espartinas,"Aljarafe, Sevilla",2001,0
189000,2.0,4.0,0,30178715,229,124,Espartinas,"Aljarafe, Sevilla",,1
310000,2.0,4.0,1,84989581,537,,Espartinas,"Aljarafe, Sevilla",,0
239900,3.0,5.0,0,84862230,200,172,Espartinas,"Aljarafe, Sevilla",2007,1
179900,3.0,4.0,0,81294247,237,,Espartinas,"Aljarafe, Sevilla",,1
179900,3.0,4.0,0,81294029,226,,Espartinas,"Aljarafe, Sevilla",,1
239000,3.0,6.0,1,82108522,800,170,Espartinas,"Aljarafe, Sevilla",,1
239000,2.0,4.0,1,38927024,1210,,Espartinas,"Aljarafe, Sevilla",,1
300000,4.0,6.0,1,33547077,1950,,Espartinas,"Aljarafe, Sevilla",,1
228000,2.0,3.0,1,83272193,1004,120,Espartinas,"Aljarafe, Sevilla",1990,1
120000,3.0,3.0,6,84124960,124,81,Espartinas,"Aljarafe, Sevilla",2010,1
220000,2.0,4.0,1,84902871,1050,150,Espartinas,"Aljarafe, Sevilla",1970,1
159500,2.0,3.0,0,81584160,270,90,Espartinas,"Aljarafe, Sevilla",2018,1
192000,3.0,4.0,0,81722621,268,180,Espartinas,"Aljarafe, Sevilla",1999,0
145000,1.0,3.0,6,83551694,147,100,Espartinas,"Aljarafe, Sevilla",2007,1
214000,2.0,5.0,0,84346316,298,,Espartinas,"Aljarafe, Sevilla",2001,0
270000,3.0,5.0,1,84643663,408,146,Espartinas,"Aljarafe, Sevilla",,0
145000,1.0,3.0,6,83664542,143,,Espartinas,"Aljarafe, Sevilla",,1
243600,3.0,4.0,0,81882943,184,125,Espartinas,"Aljarafe, Sevilla",2006,0
242000,3.0,4.0,1,84645193,713,,Espartinas,"Aljarafe, Sevilla",1994,1
189000,3.0,4.0,0,36651924,270,,Espartinas,"Aljarafe, Sevilla",2003,1
144000,3.0,4.0,6,84989639,132,120,Espartinas,"Aljarafe, Sevilla",,1
315000,3.0,4.0,1,82781364,674,144,Espartinas,"Aljarafe, Sevilla",2001,1
127260,3.0,4.0,6,85009021,100,90,Espartinas,"Aljarafe, Sevilla",2010,0
6000000,4.0,6.0,10,84688821,19882,,Espartinas,"Aljarafe, Sevilla",1980,1
385000,3.0,4.0,1,34948648,1100,,Espartinas,"Aljarafe, Sevilla",,1
123950,2.0,3.0,10,83355803,128,95,Espartinas,"Aljarafe, Sevilla",1997,0
215000,4.0,4.0,0,82277057,312,133,Espartinas,"Aljarafe, Sevilla",2007,1
350000,5.0,6.0,1,38245862,511,,Espartinas,"Aljarafe, Sevilla",1992,1
330000,2.0,3.0,1,84997147,500,250,Espartinas,"Aljarafe, Sevilla",2003,1
475000,4.0,5.0,1,84448595,1500,300,Espartinas,"Aljarafe, Sevilla",1985,1
127000,2.0,4.0,0,85034799,210,,Espartinas,"Aljarafe, Sevilla",2005,1
241500,2.0,4.0,1,85043586,902,184,Espartinas,"Aljarafe, Sevilla",2001,0
300000,3.0,4.0,10,83629071,150,146,Espartinas,"Aljarafe, Sevilla",,1
177500,3.0,3.0,0,84924315,230,110,Espartinas,"Aljarafe, Sevilla",2000,1
127550,2.0,3.0,10,84801440,102,84,Espartinas,"Aljarafe, Sevilla",,0
180000,2.0,4.0,0,81865597,272,108,Espartinas,"Aljarafe, Sevilla",2005,1
252061,2.0,4.0,10,39559855,500,115,Espartinas,"Aljarafe, Sevilla",2002,0
570000,4.0,4.0,1,33207387,1100,478,Espartinas,"Aljarafe, Sevilla",1992,1
199000,4.0,4.0,0,85056876,267,155,Espartinas,"Aljarafe, Sevilla",2000,1
297000,3.0,4.0,6,39794804,440,,Espartinas,"Aljarafe, Sevilla",2006,1
580000,3.0,5.0,10,40412211,1998,,Espartinas,"Aljarafe, Sevilla",2005,1
550000,3.0,5.0,1,83919595,8700,320,Espartinas,"Aljarafe, Sevilla",1973,1
224000,3.0,5.0,0,84388254,241,160,Espartinas,"Aljarafe, Sevilla",2005,1
181000,2.0,4.0,0,40461780,279,115,Espartinas,"Aljarafe, Sevilla",2005,1
price,0.0,0.0,14,house_id,m2_real,m2_useful,loc_city,loc_zone,construct_date,1
175000,2.0,3.0,1,84560222,1500,150,Arahal,"La Campiña, Sevilla",,0
230000,3.0,5.0,1,37759409,825,,Paradas,"La Campiña, Sevilla",,1
120000,2.0,3.0,1,312012,100,,Paradas,"La Campiña, Sevilla",,1
100000,1.0,3.0,1,36928326,1000,,Arahal,"La Campiña, Sevilla",,0
230000,3.0,3.0,6,37365506,400,,Paradas,"La Campiña, Sevilla",,1
1000000,1.0,4.0,1,40263221,500,,Arahal,"La Campiña, Sevilla",,1
132000,1.0,5.0,1,40550504,160,120,Arahal,"La Campiña, Sevilla",,0
180000,1.0,3.0,1,40100925,1500,120,Arahal,"La Campiña, Sevilla",,0
123000,2.0,3.0,1,81393480,110,,Paradas,"La Campiña, Sevilla",,0
190000,2.0,3.0,1,84246956,50,,Arahal,"La Campiña, Sevilla",,0
77000,1.0,2.0,1,84249522,900,,Arahal,"La Campiña, Sevilla",,1
200000,2.0,3.0,2,83213423,200,,Paradas,"La Campiña, Sevilla",,0
130000,1.0,2.0,2,36842606,120,,Arahal,"La Campiña, Sevilla",,0
105000,2.0,3.0,3,84610571,105,,Paradas,"La Campiña, Sevilla",,0
93500,2.0,3.0,3,84634878,94,,Paradas,"La Campiña, Sevilla",,0
84000,1.0,3.0,3,35433690,68,,Arahal,"La Campiña, Sevilla",,0
110000,1.0,3.0,1,84092766,1000,30,Paradas,"La Campiña, Sevilla",,1
225000,3.0,4.0,2,37750929,265,,Paradas,"La Campiña, Sevilla",,1
175000,2.0,3.0,1,39164256,1500,,Arahal,"La Campiña, Sevilla",,1
180000,2.0,4.0,0,39167903,156,,Arahal,"La Campiña, Sevilla",,1
210000,3.0,3.0,6,25541254,120,106,Arahal,"La Campiña, Sevilla",,1
80000,1.0,3.0,3,84611512,80,70,Arahal,"La Campiña, Sevilla",,0
700000,3.0,8.0,0,1868866,511,,Arahal,"La Campiña, Sevilla",1990,0
110000,1.0,2.0,3,390461,60,54,Paradas,"La Campiña, Sevilla",,0
250000,1.0,3.0,11,27149536,460,450,Arahal,"La Campiña, Sevilla",,0
175000,2.0,2.0,5,33476414,25000,,Arahal,"La Campiña, Sevilla",,1
165000,2.0,3.0,0,444509,130,,Arahal,"La Campiña, Sevilla",,0
120000,1.0,2.0,5,38103100,1800,60,Arahal,"La Campiña, Sevilla",,0
140000,1.0,3.0,1,39212002,1000,100,Arahal,"La Campiña, Sevilla",,1
150000,1.0,3.0,1,29347431,2000,140,Arahal,"La Campiña, Sevilla",,1
85000,1.0,3.0,3,39221565,75,70,Arahal,"La Campiña, Sevilla",,0
57420,1.0,1.0,10,40463199,137,,Arahal,"La Campiña, Sevilla",,0
57420,1.0,1.0,1,83063624,137,,Arahal,"La Campiña, Sevilla",,0
165000,2.0,4.0,2,40327717,165,,Paradas,"La Campiña, Sevilla",2003,0
190000,3.0,5.0,8,40458213,3500,250,Arahal,"La Campiña, Sevilla",1985,1
124000,2.0,3.0,1,81218530,110,,Paradas,"La Campiña, Sevilla",,1
122000,2.0,3.0,1,82643759,110,,Paradas,"La Campiña, Sevilla",,1
125000,2.0,3.0,1,36333782,130,,Paradas,"La Campiña, Sevilla",,1
price,0.0,0.0,14,house_id,m2_real,m2_useful,loc_city,loc_zone,construct_date,1
