ad_last_update,air_conditioner,balcony,bath_num,built_in_wardrobe,chimney,construct_date,energetic_certif,floor,garage,garden,house_id,house_type,lift,loc_city,loc_district,loc_full,loc_neigh,loc_zone,m2_real,m2_useful,obtention_date,price,reduced_mobility,room_num,storage_room,swimming_pool,terrace,condition_segunda mano/buen estado,condition_segunda mano/para reformar,heating_calefacción central,heating_calefacción central: gasoil,heating_calefacción individual,heating_calefacción individual: bomba de frío/calor,heating_calefacción individual: eléctrica,heating_calefacción individual: gas propano/butano,heating_no dispone de calefacción,orientation_este,"orientation_este, oeste",orientation_norte,"orientation_norte, este, oeste","orientation_norte, oeste","orientation_norte, sur","orientation_norte, sur, este, oeste","orientation_norte, sur, oeste",orientation_oeste,orientation_sur,"orientation_sur, este","orientation_sur, oeste"
Anuncio actualizado el 12 de abril,0,0,1.0,0,0,2009.0,en trámite,,0,0,82211554,0,0.0,Espera,"Antonio Ramos Ramírez, 4"," Antonio Ramos Ramírez, 4 , Espera , Sierra de Cádiz, Cádiz ",,"Sierra de Cádiz, Cádiz",99,80.0,2019-04-14,65000,0,2.0,0,0,0,True,False,False,False,False,False,False,False,False,True,False,False,False,False,False,False,False,False,False,False,False
más de 5 meses sin actualizar,0,0,2.0,0,0,2004.0,no indicado,1 planta,0,0,35127651,1,0.0,Villamartin,"Calle de la Fuentezuela, 93"," Calle de la Fuentezuela, 93 , Villamartin , Sierra de Cádiz, Cádiz ",,"Sierra de Cádiz, Cádiz",227,80.0,2019-04-14,43000,0,4.0,0,0,1,True,False,False,False,False,False,False,False,False,False,False,False,False,False,False,False,False,False,False,False,False
más de 5 meses sin actualizar,0,0,1.0,0,0,2004.0,no indicado,planta 1ª interior,0,0,37692012,2,0.0,Villamartin,"Avenida Sevilla, 35"," Avenida Sevilla, 35 , Villamartin , Sierra de Cádiz, Cádiz ",,"Sierra de Cádiz, Cádiz",56,80.0,2019-04-14,52000,0,2.0,0,0,0,True,False,False,False,False,False,False,False,False,False,False,False,False,False,False,False,False,False,False,False,False
más de 5 meses sin actualizar,0,0,1.0,0,0,2004.0,no indicado,planta 1ª exterior,0,0,40558920,2,0.0,Benaocaz,"Encinalejo, 5"," Encinalejo, 5 , Benaocaz , Sierra de Cádiz, Cádiz ",,"Sierra de Cádiz, Cádiz",55,80.0,2019-04-14,85000,0,2.0,0,0,0,True,False,False,False,False,False,False,False,False,False,False,False,False,False,False,False,False,False,False,False,False
más de 5 meses sin actualizar,0,0,1.0,0,0,2004.0,no indicado,planta 1ª exterior,0,0,81361345,2,0.0,Espera,"Calle Sol, 12"," Calle Sol, 12 , Espera , Sierra de Cádiz, Cádiz ",,"Sierra de Cádiz, Cádiz",62,80.0,2019-04-14,50000,0,3.0,0,0,0,True,False,False,False,False,False,False,False,False,False,False,False,False,False,False,False,False,False,False,False,False
más de 5 meses sin actualizar,0,0,1.0,1,0,2004.0,no indicado,planta 1ª exterior,0,0,82681453,2,1.0,Olvera,"Calle Mercado, 17"," Calle Mercado, 17 , Olvera , Sierra de Cádiz, Cádiz ",,"Sierra de Cádiz, Cádiz",75,80.0,2019-04-14,65000,0,1.0,0,0,0,True,False,False,False,False,False,False,False,False,False,False,False,False,False,False,False,False,False,False,False,False
más de 5 meses sin actualizar,0,0,2.0,0,0,2004.0,no indicado,,0,0,35075352,3,0.0,Arcos de la Frontera,"Calle grupo poetico alcaravan, 27"," Calle grupo poetico alcaravan, 27 , Arcos de la Frontera , Sierra de Cádiz, Cádiz ",,"Sierra de Cádiz, Cádiz",130,80.0,2019-04-14,130000,0,4.0,0,0,0,True,False,False,False,False,False,False,False,False,False,False,False,False,False,False,False,False,False,False,False,False
más de 5 meses sin actualizar,0,0,2.0,1,0,2004.0,no indicado,planta 1ª exterior,1,0,35110504,2,0.0,Olvera,"Calle Albéniz, 16"," Calle Albéniz, 16 , Olvera , Sierra de Cádiz, Cádiz ",,"Sierra de Cádiz, Cádiz",130,80.0,2019-04-14,135000,0,3.0,0,0,1,True,False,False,False,False,False,False,False,False,False,False,False,False,False,False,False,False,False,False,False,False
más de 5 meses sin actualizar,0,0,1.0,1,0,2004.0,no indicado,exterior,0,0,36749333,2,0.0,Villamartin,"Calle lepanto, 2"," Calle lepanto, 2 , Villamartin , Sierra de Cádiz, Cádiz ",,"Sierra de Cádiz, Cádiz",177,80.0,2019-04-14,85000,0,4.0,0,0,1,True,False,False,False,False,False,False,False,False,False,False,False,False,True,False,False,False,False,False,False,False
más de 5 meses sin actualizar,0,0,1.0,0,0,2004.0,no indicado,bajo exterior,0,0,37733580,2,0.0,Prado del Rey,"Calle Clara Campoamor, 1"," Calle Clara Campoamor, 1 , Prado del Rey , Sierra de Cádiz, Cádiz ",,"Sierra de Cádiz, Cádiz",67,80.0,2019-04-14,60000,0,2.0,0,0,1,True,False,False,False,False,False,False,False,False,False,False,False,False,False,False,False,False,False,False,False,False
más de 5 meses sin actualizar,0,0,1.0,0,0,2004.0,no indicado,planta 2ª exterior,0,0,37746986,2,1.0,Bornos,"Calle Río Guadalete, 54"," Calle Río Guadalete, 54 , Bornos , Sierra de Cádiz, Cádiz ",,"Sierra de Cádiz, Cádiz",78,80.0,2019-04-14,60000,0,3.0,0,0,0,True,False,False,False,False,False,False,False,False,False,False,False,False,False,False,False,False,False,False,False,False
más de 5 meses sin actualizar,1,1,1.0,1,0,2004.0,no indicado,planta 2ª exterior,0,0,81278325,2,0.0,Arcos de la Frontera,"Calle Sevilla, 4"," Calle Sevilla, 4 , Arcos de la Frontera , Sierra de Cádiz, Cádiz ",,"Sierra de Cádiz, Cádiz",74,70.0,2019-04-14,62200,0,2.0,1,0,0,True,False,False,False,False,False,False,False,False,False,False,False,False,False,False,False,False,False,False,False,False
más de 5 meses sin actualizar,0,0,3.0,1,1,2004.0,no indicado,1 planta,0,1,81552719,1,0.0,Grazalema,"Calle Nacimiento, 16"," Calle Nacimiento, 16 , Grazalema , Sierra de Cádiz, Cádiz ",,"Sierra de Cádiz, Cádiz",170,165.0,2019-04-14,150000,0,5.0,1,0,1,True,False,False,False,False,False,False,False,False,False,False,False,False,False,False,False,False,False,True,False,False
más de 5 meses sin actualizar,1,1,2.0,0,0,2004.0,,2 plantas,0,0,82009963,0,0.0,Arcos de la Frontera,"Calle Corredera, 20"," Calle Corredera, 20 , Arcos de la Frontera , Sierra de Cádiz, Cádiz ",,"Sierra de Cádiz, Cádiz",150,80.0,2019-04-14,300000,0,3.0,0,0,0,True,False,False,False,False,False,False,False,False,False,False,False,False,False,False,False,False,False,False,False,False
más de 5 meses sin actualizar,1,0,2.0,1,0,2004.0,,2 plantas,1,0,82146591,3,0.0,Arcos de la Frontera,Urb. EL PORTICHUELO," EL PORTICHUELO s/n , Urb. EL PORTICHUELO , Arcos de la Frontera , Sierra de Cádiz, Cádiz ",EL PORTICHUELO s/n,"Sierra de Cádiz, Cádiz",105,80.0,2019-04-14,140000,0,4.0,1,0,0,True,False,False,False,False,False,False,False,False,False,False,False,False,False,False,False,False,False,False,False,False
más de 5 meses sin actualizar,0,0,1.0,0,0,2004.0,no indicado,1 planta,0,0,82381007,0,0.0,Ubrique,Distrito Casco antiguo - Convento - Caldereto," Avenida Juan de la Rosa, 13 , Distrito Casco antiguo - Convento - Caldereto , Ubrique , Sierra de Cádiz, Cádiz ","Avenida Juan de la Rosa, 13","Sierra de Cádiz, Cádiz",103,80.0,2019-04-14,90000,0,3.0,1,0,1,True,False,False,False,False,False,False,False,False,False,False,False,False,False,False,False,False,False,False,False,False
más de 5 meses sin actualizar,0,0,2.0,0,0,2004.0,no indicado,planta 1ª interior,0,0,82535257,2,0.0,Arcos de la Frontera,"Calle de las Nieves, 23"," Calle de las Nieves, 23 , Arcos de la Frontera , Sierra de Cádiz, Cádiz ",,"Sierra de Cádiz, Cádiz",167,80.0,2019-04-14,80000,0,4.0,0,0,1,True,False,False,False,False,False,False,False,False,False,False,False,False,False,False,False,False,False,False,False,False
más de 5 meses sin actualizar,0,0,1.0,0,0,2004.0,no indicado,planta 2ª exterior,1,0,452477,2,0.0,Arcos de la Frontera,"Calle Fuente de Rio, 28"," Calle Fuente de Rio, 28 , Arcos de la Frontera , Sierra de Cádiz, Cádiz ",,"Sierra de Cádiz, Cádiz",72,80.0,2019-04-14,69000,0,2.0,0,0,0,True,False,False,False,False,False,False,False,False,False,False,False,False,False,False,False,False,False,False,False,False
más de 5 meses sin actualizar,0,0,1.0,1,1,2004.0,inmueble exento,2 plantas,0,1,37339754,4,0.0,Villamartin,"Calle Villamartín, 8"," Calle Villamartín, 8 , Villamartin , Sierra de Cádiz, Cádiz ",,"Sierra de Cádiz, Cádiz",3000,98.0,2019-04-14,135000,0,3.0,1,0,1,True,False,False,False,False,False,False,False,False,False,False,False,False,False,False,False,False,False,False,False,False
más de 5 meses sin actualizar,0,0,1.0,0,0,2004.0,no indicado,bajo exterior,0,0,81138617,2,0.0,El Bosque,"Avenida Juan XXIII, 33"," Avenida Juan XXIII, 33 , El Bosque , Sierra de Cádiz, Cádiz ",,"Sierra de Cádiz, Cádiz",70,65.0,2019-04-14,80000,0,2.0,0,0,0,True,False,False,False,False,False,False,False,False,False,False,False,False,False,False,False,False,False,True,False,False
más de 5 meses sin actualizar,0,0,2.0,0,0,2004.0,no indicado,3 plantas,0,0,82531126,0,0.0,El Gastor,"Calle Fuente, 5"," Calle Fuente, 5 , El Gastor , Sierra de Cádiz, Cádiz ",,"Sierra de Cádiz, Cádiz",166,80.0,2019-04-14,100000,0,3.0,0,0,0,True,False,False,False,False,False,False,False,False,False,False,False,False,False,False,False,False,False,False,False,False
más de 5 meses sin actualizar,1,0,4.0,1,0,2004.0,inmueble exento,3 plantas,1,0,25388227,1,0.0,Arcos de la Frontera,"Calle de Núñez del Prado, 1"," Calle de Núñez del Prado, 1 , Arcos de la Frontera , Sierra de Cádiz, Cádiz ",,"Sierra de Cádiz, Cádiz",300,650.0,2019-04-14,260000,0,15.0,1,0,1,True,False,False,False,False,False,False,False,False,False,False,False,False,False,False,True,False,False,False,False,False
más de 5 meses sin actualizar,1,0,1.0,0,0,2004.0,no indicado,2 plantas,0,0,32787875,0,0.0,Bornos,"Calle arenas, 80"," Calle arenas, 80 , Bornos , Sierra de Cádiz, Cádiz ",,"Sierra de Cádiz, Cádiz",115,100.0,2019-04-14,55000,0,2.0,0,0,1,True,False,False,False,False,False,False,False,False,False,False,False,False,False,False,False,False,False,False,False,False
más de 5 meses sin actualizar,0,0,1.0,0,0,2004.0,no indicado,,0,0,34940677,1,0.0,Setenil,"Calle San Roman, 20"," Calle San Roman, 20 , Setenil , Sierra de Cádiz, Cádiz ",,"Sierra de Cádiz, Cádiz",44,80.0,2019-04-14,44000,0,2.0,0,0,0,True,False,False,False,False,False,False,False,False,False,False,False,False,False,False,False,False,False,False,False,False
más de 5 meses sin actualizar,0,0,2.0,0,0,2004.0,no indicado,,0,0,35042496,3,0.0,Ubrique,Distrito Casco antiguo - Convento - Caldereto," Calle 4, 19 , Urb. Las Calesas , Distrito Casco antiguo - Convento - Caldereto , Ubrique , Sierra de Cádiz, Cádiz ",Urb. Las Calesas,"Sierra de Cádiz, Cádiz",140,80.0,2019-04-14,150000,0,4.0,0,0,0,True,False,False,False,False,False,False,False,False,False,False,False,False,False,False,False,False,False,False,False,False
más de 5 meses sin actualizar,0,0,1.0,0,0,2004.0,en trámite,planta 1ª exterior,1,0,28850286,2,0.0,Arcos de la Frontera,"Calle Panamá, 8"," Calle Panamá, 8 , Arcos de la Frontera , Sierra de Cádiz, Cádiz ",,"Sierra de Cádiz, Cádiz",82,80.0,2019-04-14,65000,0,3.0,0,0,0,True,False,False,False,False,False,False,False,False,False,False,False,False,False,False,False,False,False,False,False,False
más de 5 meses sin actualizar,0,0,3.0,0,0,2004.0,no indicado,,0,0,443630,3,0.0,Arcos de la Frontera,"Calle Presidente Niceto Alcalá Zamora, 19"," Calle Presidente Niceto Alcalá Zamora, 19 , Arcos de la Frontera , Sierra de Cádiz, Cádiz ",,"Sierra de Cádiz, Cádiz",100,80.0,2019-04-14,150200,0,4.0,0,0,0,True,False,False,False,False,False,False,False,False,False,False,False,False,False,False,False,False,False,False,False,False
más de 5 meses sin actualizar,1,1,1.0,1,0,2004.0,,planta 2ª exterior,0,0,81813317,2,0.0,Bornos,Calle Molino Zara s/n," Calle Molino Zara s/n , Bornos , Sierra de Cádiz, Cádiz ",,"Sierra de Cádiz, Cádiz",117,80.0,2019-04-14,95000,0,3.0,0,0,0,True,False,False,False,False,False,False,False,False,False,False,False,False,False,False,False,False,False,False,False,False
más de 5 meses sin actualizar,1,0,1.0,0,0,2004.0,no indicado,bajo exterior,0,0,1993427,5,0.0,Grazalema,"Tinte Alto, 3"," Tinte Alto, 3 , Grazalema , Sierra de Cádiz, Cádiz ",,"Sierra de Cádiz, Cádiz",80,80.0,2019-04-14,99000,0,2.0,0,0,0,True,False,False,False,False,False,False,False,False,False,False,False,False,False,False,False,False,False,False,False,False
más de 5 meses sin actualizar,0,0,1.0,0,0,2004.0,no indicado,2 plantas,0,0,28995445,0,0.0,Ubrique,Distrito Centro," Avenida de España, 73 , Distrito Centro , Ubrique , Sierra de Cádiz, Cádiz ","Avenida de España, 73","Sierra de Cádiz, Cádiz",120,113.0,2019-04-14,138000,0,4.0,0,0,0,True,False,False,False,False,False,False,False,False,False,False,False,False,False,False,False,False,True,False,False,False
más de 5 meses sin actualizar,1,0,2.0,0,0,2004.0,no indicado,3 plantas,1,0,36961962,1,0.0,Villamartin,"Calle Martín de Cantillana, 6"," Calle Martín de Cantillana, 6 , Villamartin , Sierra de Cádiz, Cádiz ",,"Sierra de Cádiz, Cádiz",320,80.0,2019-04-14,200000,0,3.0,1,0,1,False,True,False,False,False,False,False,False,False,False,False,False,False,False,False,False,False,False,False,False,False
más de 5 meses sin actualizar,0,1,1.0,0,0,2004.0,no indicado,2 plantas,0,0,39993779,0,0.0,El Bosque,Calle Bajo Guadalquivir s/n," Calle Bajo Guadalquivir s/n , El Bosque , Sierra de Cádiz, Cádiz ",,"Sierra de Cádiz, Cádiz",165,140.0,2019-04-14,126000,0,1.0,0,0,1,False,True,False,False,False,False,False,False,False,False,False,False,False,False,False,False,False,False,False,False,False
más de 5 meses sin actualizar,0,0,1.0,0,0,2004.0,inmueble exento,,0,0,40017775,0,0.0,Arcos de la Frontera,"Calle Adriano Contreras, 7"," Calle Adriano Contreras, 7 , Arcos de la Frontera , Sierra de Cádiz, Cádiz ",,"Sierra de Cádiz, Cádiz",76,80.0,2019-04-14,85000,0,3.0,0,0,1,True,False,False,False,False,False,False,False,False,False,False,False,False,False,False,False,False,False,False,False,False
más de 5 meses sin actualizar,0,0,2.0,1,0,2004.0,no indicado,bajo exterior,0,0,81620949,2,0.0,Prado del Rey,"Camino de Pilar, 2"," Camino de Pilar, 2 , Prado del Rey , Sierra de Cádiz, Cádiz ",,"Sierra de Cádiz, Cádiz",75,70.0,2019-04-14,68000,0,2.0,1,0,0,True,False,False,False,False,False,False,False,False,False,False,True,False,False,False,False,False,False,False,False,False
más de 5 meses sin actualizar,1,0,2.0,1,0,2004.0,en trámite,bajo interior,0,1,82309593,2,0.0,Villamartin,Urb. Pau 8," Calle rigoletto, 730 , Urb. Pau 8 , Villamartin , Sierra de Cádiz, Cádiz ","Calle rigoletto, 730","Sierra de Cádiz, Cádiz",70,65.0,2019-04-14,119950,0,2.0,0,1,1,True,False,False,False,False,False,False,False,False,False,False,False,False,False,False,False,False,False,False,True,False
más de 5 meses sin actualizar,1,1,2.0,1,0,2002.0,inmueble exento,2 plantas,0,0,82007728,0,0.0,Villamartin,"Calle Pedro Álvarez, 50"," Calle Pedro Álvarez, 50 , Villamartin , Sierra de Cádiz, Cádiz ",,"Sierra de Cádiz, Cádiz",180,122.0,2019-04-14,85000,0,2.0,1,0,1,True,False,False,False,False,False,False,False,False,False,False,False,False,False,False,False,False,False,True,False,False
más de 5 meses sin actualizar,0,0,1.0,0,0,2004.0,no indicado,1 planta,0,0,34328586,1,0.0,Puerto Serrano,"Calle morón, 6"," Calle morón, 6 , Puerto Serrano , Sierra de Cádiz, Cádiz ",,"Sierra de Cádiz, Cádiz",69,80.0,2019-04-14,24900,0,1.0,1,0,1,True,False,False,False,False,False,False,False,False,False,False,False,False,False,False,False,False,False,False,False,False
más de 5 meses sin actualizar,0,0,1.0,0,0,2004.0,no indicado,planta 1ª exterior,0,0,35104021,2,0.0,Benaocaz,"Calle Lavadero, 8"," Calle Lavadero, 8 , Benaocaz , Sierra de Cádiz, Cádiz ",,"Sierra de Cádiz, Cádiz",50,80.0,2019-04-14,50000,0,2.0,0,0,0,True,False,False,False,False,False,False,False,False,False,False,False,False,False,False,False,False,False,False,False,False
más de 5 meses sin actualizar,1,0,1.0,0,0,2004.0,no indicado,1 planta,0,0,35794552,1,0.0,Arcos de la Frontera,"Calle san francisco, 30"," Calle san francisco, 30 , Arcos de la Frontera , Sierra de Cádiz, Cádiz ",,"Sierra de Cádiz, Cádiz",230,200.0,2019-04-14,140000,0,5.0,1,0,1,False,True,False,False,False,False,False,False,False,False,False,False,False,False,False,False,False,False,False,False,False
más de 5 meses sin actualizar,0,0,3.0,0,0,2004.0,no indicado,2 plantas,0,0,37608961,1,0.0,Puerto Serrano,"Avenida Cádiz, 43"," Avenida Cádiz, 43 , Puerto Serrano , Sierra de Cádiz, Cádiz ",,"Sierra de Cádiz, Cádiz",90,80.0,2019-04-14,125000,0,3.0,0,0,0,True,False,False,False,False,False,False,False,False,False,False,False,False,False,False,False,False,False,False,False,False
más de 5 meses sin actualizar,0,0,1.0,0,0,2004.0,no indicado,bajo exterior,0,0,369152,2,0.0,El Bosque,"Plaza San Antonio, 3"," Plaza San Antonio, 3 , El Bosque , Sierra de Cádiz, Cádiz ",,"Sierra de Cádiz, Cádiz",55,80.0,2019-04-14,75000,0,1.0,0,0,0,True,False,False,False,False,False,False,False,False,False,False,False,False,False,False,False,False,False,False,False,False
más de 5 meses sin actualizar,0,0,3.0,0,0,2004.0,no indicado,,1,0,37786132,0,0.0,Arcos de la Frontera,Urb. La Gallarda," La Gallarda, 9 , Urb. La Gallarda , Arcos de la Frontera , Sierra de Cádiz, Cádiz ","La Gallarda, 9","Sierra de Cádiz, Cádiz",1000,80.0,2019-04-14,260000,0,4.0,1,0,1,True,False,False,False,False,False,False,False,False,False,False,False,False,False,False,False,False,False,False,False,False
más de 5 meses sin actualizar,1,0,1.0,0,0,2004.0,en trámite,,0,0,38988508,0,0.0,Espera,"Calle alcubilla, 28"," Calle alcubilla, 28 , Espera , Sierra de Cádiz, Cádiz ",,"Sierra de Cádiz, Cádiz",90,80.0,2019-04-14,38000,0,2.0,0,0,0,True,False,False,False,False,False,False,False,False,False,False,False,False,False,False,False,False,False,False,False,False
más de 5 meses sin actualizar,0,1,1.0,0,1,2004.0,en trámite,2 plantas,0,0,40021393,6,0.0,Alcalá del Valle,"Calle Torre-Alhaquime, 18"," Calle Torre-Alhaquime, 18 , Alcalá del Valle , Sierra de Cádiz, Cádiz ",,"Sierra de Cádiz, Cádiz",24000,80.0,2019-04-14,119000,0,2.0,1,0,0,True,False,False,False,False,False,False,False,False,False,False,False,False,False,False,False,False,False,False,False,False
más de 5 meses sin actualizar,0,0,1.0,0,0,2004.0,no indicado,planta 1ª exterior,0,0,40071532,2,0.0,Bornos,"Calle Granada, 13"," Calle Granada, 13 , Bornos , Sierra de Cádiz, Cádiz ",,"Sierra de Cádiz, Cádiz",150,80.0,2019-04-14,80000,0,2.0,1,0,1,True,False,False,False,False,False,False,False,False,False,False,False,False,False,False,False,False,False,False,False,False
más de 5 meses sin actualizar,0,1,1.0,1,0,2004.0,en trámite,2 plantas,1,0,82309589,7,0.0,Arcos de la Frontera,"Avenida del Santiscal, 95"," Avenida del Santiscal, 95 , Arcos de la Frontera , Sierra de Cádiz, Cádiz ",,"Sierra de Cádiz, Cádiz",25,80.0,2019-04-14,80000,0,2.0,1,0,0,True,False,False,False,False,False,False,False,False,False,False,False,False,False,False,False,False,False,False,False,False
más de 5 meses sin actualizar,0,0,1.0,0,0,2004.0,no indicado,,0,0,394469,3,0.0,Prado del Rey,"Calle Hortales, 12"," Calle Hortales, 12 , Prado del Rey , Sierra de Cádiz, Cádiz ",,"Sierra de Cádiz, Cádiz",90,80.0,2019-04-14,80000,0,3.0,0,0,0,True,False,False,False,False,False,False,False,False,False,False,False,False,False,False,False,False,False,False,False,False
más de 5 meses sin actualizar,0,0,3.0,0,0,2004.0,no indicado,,1,0,25566497,3,0.0,Arcos de la Frontera,"Calle Aniceto Alcalá Zamora, 23"," Calle Aniceto Alcalá Zamora, 23 , Arcos de la Frontera , Sierra de Cádiz, Cádiz ",,"Sierra de Cádiz, Cádiz",55,80.0,2019-04-14,108000,0,4.0,1,0,0,True,False,False,False,False,False,False,False,False,False,False,False,False,False,False,False,False,False,False,False,False
más de 5 meses sin actualizar,1,0,2.0,1,0,2004.0,no indicado,2 plantas,1,1,25586790,3,0.0,Ubrique,Distrito Centro," Calle Cardela, 7 , Distrito Centro , Ubrique , Sierra de Cádiz, Cádiz ","Calle Cardela, 7","Sierra de Cádiz, Cádiz",40,138.0,2019-04-14,144000,0,4.0,1,1,1,True,False,False,False,False,False,False,False,False,False,False,False,False,False,False,True,False,False,False,False,False
más de 5 meses sin actualizar,0,0,1.0,0,0,2004.0,no indicado,,0,0,29570558,1,0.0,Benaocaz,"Salto del Cabrero, 14"," Salto del Cabrero, 14 , Benaocaz , Sierra de Cádiz, Cádiz ",,"Sierra de Cádiz, Cádiz",9,80.0,2019-04-14,90000,0,2.0,0,0,0,True,False,False,False,False,False,False,False,False,False,False,False,False,False,False,False,False,False,False,False,False
más de 5 meses sin actualizar,0,0,2.0,0,0,2004.0,no indicado,2 plantas,0,0,31262181,3,0.0,Prado del Rey,"Calle juan ramon jimenez, 41"," Calle juan ramon jimenez, 41 , Prado del Rey , Sierra de Cádiz, Cádiz ",,"Sierra de Cádiz, Cádiz",87,80.0,2019-04-14,90000,0,3.0,0,0,1,True,False,False,False,False,False,False,False,False,False,False,False,False,False,False,False,False,False,False,False,False
más de 5 meses sin actualizar,0,0,1.0,0,0,2004.0,no indicado,planta 1ª exterior,0,0,31270573,2,1.0,Grazalema,"Calle nacimiento, 6"," Calle nacimiento, 6 , Grazalema , Sierra de Cádiz, Cádiz ",,"Sierra de Cádiz, Cádiz",64,80.0,2019-04-14,70000,0,2.0,0,0,0,True,False,False,False,False,False,False,False,False,False,False,False,False,False,False,False,False,False,False,False,False
más de 5 meses sin actualizar,0,0,1.0,0,0,2004.0,no indicado,,0,0,35073266,3,0.0,Algodonales,"Calle los Nogalitos, 2"," Calle los Nogalitos, 2 , Algodonales , Sierra de Cádiz, Cádiz ",,"Sierra de Cádiz, Cádiz",90,80.0,2019-04-14,102000,0,3.0,0,0,0,True,False,False,False,False,False,False,False,False,False,False,False,False,False,False,False,False,False,False,False,False
más de 5 meses sin actualizar,0,0,2.0,0,0,2004.0,no indicado,,0,0,35100655,0,0.0,Espera,"Calle Naranjos, 8"," Calle Naranjos, 8 , Espera , Sierra de Cádiz, Cádiz ",,"Sierra de Cádiz, Cádiz",260,80.0,2019-04-14,180000,0,3.0,0,0,0,True,False,False,False,False,False,False,False,False,False,False,False,False,False,False,False,False,False,False,False,False
más de 5 meses sin actualizar,0,0,1.0,1,0,2004.0,,bajo exterior,0,0,35134671,2,1.0,Arcos de la Frontera,"Calle Cucarro, 2"," Calle Cucarro, 2 , Arcos de la Frontera , Sierra de Cádiz, Cádiz ",,"Sierra de Cádiz, Cádiz",52,50.0,2019-04-14,50000,0,1.0,0,0,0,True,False,False,False,False,False,False,False,False,False,False,False,False,False,False,False,False,False,True,False,False
más de 5 meses sin actualizar,0,0,2.0,0,0,2004.0,no indicado,2 plantas,0,0,39138555,7,0.0,Grazalema,"Calle Santa Maria, 1"," Calle Santa Maria, 1 , Grazalema , Sierra de Cádiz, Cádiz ",,"Sierra de Cádiz, Cádiz",110,80.0,2019-04-14,130000,0,3.0,0,0,1,True,False,False,False,False,False,False,False,False,False,False,False,False,False,False,False,False,False,False,False,False
más de 5 meses sin actualizar,0,0,1.0,0,0,2004.0,no indicado,3 plantas,0,0,81323264,1,0.0,Bornos,"Calle Alta, 47"," Calle Alta, 47 , Bornos , Sierra de Cádiz, Cádiz ",,"Sierra de Cádiz, Cádiz",150,80.0,2019-04-14,90000,0,3.0,0,0,0,True,False,False,False,False,False,False,False,False,False,False,False,False,False,False,False,False,False,False,False,False
más de 5 meses sin actualizar,0,1,2.0,0,0,2004.0,no indicado,planta 2ª exterior,0,0,81686308,2,0.0,Villamartin,"Calle Blas Infante, 4"," Calle Blas Infante, 4 , Villamartin , Sierra de Cádiz, Cádiz ",,"Sierra de Cádiz, Cádiz",79,80.0,2019-04-14,65000,0,3.0,1,0,0,True,False,False,False,False,False,False,False,False,False,False,False,False,False,False,False,False,False,False,False,False
más de 5 meses sin actualizar,1,0,2.0,0,0,2004.0,no indicado,bajo exterior,1,0,31268779,2,0.0,Villamartin,"Calle zahara, 2"," Calle zahara, 2 , Villamartin , Sierra de Cádiz, Cádiz ",,"Sierra de Cádiz, Cádiz",70,80.0,2019-04-14,70000,0,3.0,1,0,1,True,False,False,False,False,False,False,False,False,False,False,False,False,False,False,False,False,False,False,False,False
más de 5 meses sin actualizar,0,0,2.0,0,0,2004.0,no indicado,planta 1ª exterior,1,0,82233021,2,0.0,Bornos,"Calle Huelva, 2"," Calle Huelva, 2 , Bornos , Sierra de Cádiz, Cádiz ",,"Sierra de Cádiz, Cádiz",70,80.0,2019-04-14,72000,0,3.0,1,0,0,True,False,False,False,False,False,False,False,False,False,False,False,False,False,False,False,False,False,False,False,False
más de 5 meses sin actualizar,0,0,1.0,0,0,2004.0,no indicado,planta 1ª exterior,0,0,82326113,2,0.0,El Bosque,"Avenida Juan XXIII, 20"," Avenida Juan XXIII, 20 , El Bosque , Sierra de Cádiz, Cádiz ",,"Sierra de Cádiz, Cádiz",70,80.0,2019-04-14,75000,0,3.0,0,0,0,True,False,False,False,False,False,False,False,False,False,False,False,False,False,False,False,False,False,False,False,False
más de 5 meses sin actualizar,0,0,2.0,0,0,2004.0,no indicado,2 plantas,0,0,82515201,3,0.0,Arcos de la Frontera,"Calle Condesa de Lebrija, 4"," Calle Condesa de Lebrija, 4 , Arcos de la Frontera , Sierra de Cádiz, Cádiz ",,"Sierra de Cádiz, Cádiz",93,80.0,2019-04-14,90000,0,3.0,0,0,1,True,False,False,False,False,False,False,False,False,False,False,False,False,False,False,False,False,False,False,False,False
más de 5 meses sin actualizar,0,0,3.0,0,0,2004.0,no indicado,,0,0,415651,0,0.0,Benaocaz,"Calle Resvaladero, 5"," Calle Resvaladero, 5 , Benaocaz , Sierra de Cádiz, Cádiz ",,"Sierra de Cádiz, Cádiz",170,80.0,2019-04-14,240000,0,5.0,0,1,0,True,False,False,False,False,False,False,False,False,False,False,False,False,False,False,False,False,False,False,False,False
más de 5 meses sin actualizar,0,0,2.0,0,0,2004.0,no indicado,planta 1ª exterior,1,0,82791555,2,0.0,Villamartin,"Calle Azahar, 3"," Calle Azahar, 3 , Villamartin , Sierra de Cádiz, Cádiz ",,"Sierra de Cádiz, Cádiz",70,80.0,2019-04-14,50000,0,3.0,1,0,0,True,False,False,False,False,False,False,False,False,False,False,False,False,False,False,False,False,False,False,False,False
más de 5 meses sin actualizar,0,0,1.0,0,0,2004.0,,planta 1ª exterior,1,0,82803487,2,0.0,Arcos de la Frontera,"Calle Bambera, 3"," Calle Bambera, 3 , Arcos de la Frontera , Sierra de Cádiz, Cádiz ",,"Sierra de Cádiz, Cádiz",70,80.0,2019-04-14,60000,0,3.0,1,0,1,True,False,False,False,False,False,False,False,False,False,False,False,False,False,False,False,False,False,False,False,False
más de 5 meses sin actualizar,1,1,3.0,1,0,2004.0,no indicado,2 plantas,1,0,81622082,0,0.0,Arcos de la Frontera,"Calle José Luis Garci, 49"," Calle José Luis Garci, 49 , Arcos de la Frontera , Sierra de Cádiz, Cádiz ",,"Sierra de Cádiz, Cádiz",120,80.0,2019-04-14,160000,0,4.0,1,0,1,True,False,False,False,False,False,False,False,False,False,False,False,False,False,False,False,False,False,True,False,False
más de 5 meses sin actualizar,0,0,1.0,0,0,2004.0,no indicado,planta 3ª exterior,0,0,307777,8,0.0,Benaocaz,"Calle Fray Domingo de Benaocaz, 9"," Calle Fray Domingo de Benaocaz, 9 , Benaocaz , Sierra de Cádiz, Cádiz ",,"Sierra de Cádiz, Cádiz",105,80.0,2019-04-14,100000,0,0.0,1,0,1,True,False,False,False,False,False,False,False,False,False,False,False,False,False,False,False,False,False,False,False,False
más de 5 meses sin actualizar,0,0,1.0,1,0,2004.0,no indicado,,0,0,328945,7,0.0,Algodonales,"Calle Cuesta, 9"," Calle Cuesta, 9 , Algodonales , Sierra de Cádiz, Cádiz ",,"Sierra de Cádiz, Cádiz",125,80.0,2019-04-14,50000,0,2.0,0,0,0,True,False,False,False,False,False,False,False,False,False,False,False,False,False,False,False,False,False,False,False,False
más de 5 meses sin actualizar,1,0,3.0,1,0,2004.0,no indicado,2 plantas,0,0,26019474,3,0.0,El Bosque,Urb. Ceret sierra," Avenida Encinar, 19 , Urb. Ceret sierra , El Bosque , Sierra de Cádiz, Cádiz ","Avenida Encinar, 19","Sierra de Cádiz, Cádiz",245,90.0,2019-04-14,170000,0,4.0,1,0,1,True,False,False,False,False,False,False,False,False,False,False,False,False,False,False,False,False,False,False,False,False
más de 5 meses sin actualizar,1,0,2.0,1,0,2004.0,,2 plantas,0,0,29060637,3,0.0,Villamartin,"Calle Cronista José Bernal, 8"," Calle Cronista José Bernal, 8 , Villamartin , Sierra de Cádiz, Cádiz ",,"Sierra de Cádiz, Cádiz",110,100.0,2019-04-14,90000,0,3.0,0,0,1,True,False,False,False,False,False,False,False,False,False,False,False,False,False,False,False,False,True,False,False,False
más de 5 meses sin actualizar,0,0,1.0,0,0,2004.0,no indicado,2 plantas,0,0,29236095,3,0.0,Algodonales,"Calle de la Concepción, 87"," Calle de la Concepción, 87 , Algodonales , Sierra de Cádiz, Cádiz ",,"Sierra de Cádiz, Cádiz",200,80.0,2019-04-14,100000,0,5.0,1,0,0,True,False,False,False,False,False,False,False,False,False,False,False,False,False,False,False,False,False,False,False,False
más de 5 meses sin actualizar,0,0,3.0,1,0,2004.0,,3 plantas,1,1,34140576,3,0.0,Arcos de la Frontera,Urb. El portichuelo," Avenida la constitución, 8 , Urb. El portichuelo , Arcos de la Frontera , Sierra de Cádiz, Cádiz ","Avenida la constitución, 8","Sierra de Cádiz, Cádiz",150,135.0,2019-04-14,160000,0,4.0,1,0,1,True,False,False,False,False,False,False,False,False,False,False,False,False,False,False,False,False,True,False,False,False
más de 5 meses sin actualizar,0,0,1.0,0,0,2004.0,no indicado,planta 1ª exterior,1,0,35068456,2,0.0,Prado del Rey,Urb. mirador del rey," Calle Lepanto, 7 , Urb. mirador del rey , Prado del Rey , Sierra de Cádiz, Cádiz ","Calle Lepanto, 7","Sierra de Cádiz, Cádiz",71,80.0,2019-04-14,69000,0,2.0,1,0,0,False,True,False,False,False,False,False,False,False,False,False,False,False,False,False,False,False,False,False,False,False
más de 5 meses sin actualizar,0,0,1.0,0,0,2004.0,no indicado,,0,0,35118085,3,0.0,Grazalema,"Calle las Parras, 42"," Calle las Parras, 42 , Grazalema , Sierra de Cádiz, Cádiz ",,"Sierra de Cádiz, Cádiz",95,80.0,2019-04-14,90000,0,3.0,0,0,0,True,False,False,False,False,False,False,False,False,False,False,False,False,False,False,False,False,False,False,False,False
más de 5 meses sin actualizar,0,0,1.0,0,0,2004.0,no indicado,planta 1ª interior,0,0,35369616,2,0.0,El Bosque,"Avenida Juan XXIII, 32"," Avenida Juan XXIII, 32 , El Bosque , Sierra de Cádiz, Cádiz ",,"Sierra de Cádiz, Cádiz",60,80.0,2019-04-14,65000,0,1.0,0,0,0,True,False,False,False,False,False,False,False,False,False,False,False,False,False,False,False,False,False,False,False,False
más de 5 meses sin actualizar,0,0,1.0,0,0,2004.0,no indicado,,0,0,421147,0,0.0,Algodonales,"Calle Virgen del Carmen, 18"," Calle Virgen del Carmen, 18 , Algodonales , Sierra de Cádiz, Cádiz ",,"Sierra de Cádiz, Cádiz",85,80.0,2019-04-14,98000,0,2.0,1,0,0,True,False,False,False,False,False,False,False,False,False,False,False,False,False,False,False,False,False,False,False,False
más de 5 meses sin actualizar,1,0,2.0,1,0,2004.0,no indicado,2 plantas,0,0,37107117,0,0.0,Olvera,"Calle Mercado, 42"," Calle Mercado, 42 , Olvera , Sierra de Cádiz, Cádiz ",,"Sierra de Cádiz, Cádiz",150,140.0,2019-04-14,90000,0,3.0,1,0,1,True,False,False,False,False,False,False,False,False,False,False,False,False,False,False,False,False,False,False,False,False
más de 5 meses sin actualizar,0,0,2.0,1,0,2004.0,no indicado,bajo exterior,0,0,37204906,2,0.0,Grazalema,"Calle Corrales Primeros, 30"," Calle Corrales Primeros, 30 , Grazalema , Sierra de Cádiz, Cádiz ",,"Sierra de Cádiz, Cádiz",180,80.0,2019-04-14,126000,0,6.0,0,0,1,True,False,False,False,False,False,False,False,False,False,False,False,False,False,False,False,False,False,False,False,False
más de 5 meses sin actualizar,1,0,1.0,1,0,2004.0,no indicado,planta 1ª exterior,0,0,37410014,2,0.0,Bornos,"Calle Calvario, 85"," Calle Calvario, 85 , Bornos , Sierra de Cádiz, Cádiz ",,"Sierra de Cádiz, Cádiz",97,80.0,2019-04-14,95000,0,2.0,0,0,1,True,False,False,False,False,False,False,False,False,False,False,False,False,False,False,False,False,False,False,False,False
más de 5 meses sin actualizar,0,0,1.0,0,0,2004.0,,planta 1ª exterior,0,0,37540153,2,0.0,Olvera,"Vereda del Pino, 17"," Vereda del Pino, 17 , Olvera , Sierra de Cádiz, Cádiz ",,"Sierra de Cádiz, Cádiz",65,80.0,2019-04-14,90000,0,2.0,0,0,1,True,False,False,False,False,False,False,False,False,False,False,False,False,False,False,False,False,False,False,False,False
más de 5 meses sin actualizar,0,0,1.0,0,0,2004.0,no indicado,2 plantas,0,0,37581852,0,0.0,Olvera,"Calle Tahona, 16"," Calle Tahona, 16 , Olvera , Sierra de Cádiz, Cádiz ",,"Sierra de Cádiz, Cádiz",100,80.0,2019-04-14,40000,0,3.0,1,0,1,True,False,False,False,False,False,False,False,False,False,False,False,False,False,False,False,False,False,False,False,False
más de 5 meses sin actualizar,1,0,2.0,1,0,2004.0,en trámite,planta 1ª exterior,1,0,37686320,2,0.0,Villamartin,"Calle San Mateo, 2"," Calle San Mateo, 2 , Villamartin , Sierra de Cádiz, Cádiz ",,"Sierra de Cádiz, Cádiz",117,80.0,2019-04-14,85000,0,4.0,1,0,1,True,False,False,False,True,False,False,False,False,True,False,False,False,False,False,False,False,False,False,False,False
más de 5 meses sin actualizar,0,0,2.0,0,0,2004.0,no indicado,planta 1ª exterior,0,0,37690410,2,0.0,Grazalema,"Calle del Tinte Alto, 5"," Calle del Tinte Alto, 5 , Grazalema , Sierra de Cádiz, Cádiz ",,"Sierra de Cádiz, Cádiz",80,80.0,2019-04-14,87000,0,3.0,0,0,0,True,False,False,False,False,False,False,False,False,False,False,False,False,False,False,False,False,False,False,False,False
más de 5 meses sin actualizar,0,0,1.0,0,0,2004.0,no indicado,2 plantas,0,0,37987641,1,0.0,Bornos,"Calle Calvario, 13"," Calle Calvario, 13 , Bornos , Sierra de Cádiz, Cádiz ",,"Sierra de Cádiz, Cádiz",184,150.0,2019-04-14,60000,0,3.0,1,0,1,True,False,False,False,False,False,False,False,False,False,False,False,False,False,False,False,False,False,True,False,False
más de 5 meses sin actualizar,1,0,1.0,0,0,2004.0,no indicado,planta 1ª exterior,0,0,38858323,2,0.0,Villamartin,"Calle Salineras, 3"," Calle Salineras, 3 , Villamartin , Sierra de Cádiz, Cádiz ",,"Sierra de Cádiz, Cádiz",120,80.0,2019-04-14,150000,0,4.0,1,1,1,True,False,False,False,False,False,False,False,False,False,False,False,False,False,False,False,False,False,False,False,False
más de 5 meses sin actualizar,1,0,1.0,0,0,2004.0,,2 plantas,0,0,39504472,1,0.0,Arcos de la Frontera,"Calle Romero Gago, 14"," Calle Romero Gago, 14 , Arcos de la Frontera , Sierra de Cádiz, Cádiz ",,"Sierra de Cádiz, Cádiz",180,160.0,2019-04-14,150000,0,3.0,0,0,0,True,False,False,False,False,False,False,False,False,False,False,False,False,False,False,False,False,False,False,False,False
más de 5 meses sin actualizar,0,1,2.0,0,0,2004.0,no indicado,planta 2ª exterior,0,0,40161080,2,1.0,Villamartin,"Avenida de la Feria, 56"," Avenida de la Feria, 56 , Villamartin , Sierra de Cádiz, Cádiz ",,"Sierra de Cádiz, Cádiz",78,80.0,2019-04-14,69900,0,2.0,0,0,0,True,False,False,False,False,False,False,False,False,False,False,False,False,False,False,False,False,False,False,True,False
más de 5 meses sin actualizar,1,0,1.0,1,0,2004.0,no indicado,planta 1ª exterior,0,0,40561336,2,0.0,Villamartin,Urb. Torrevieja baja," Calle Llana, 33 , Urb. Torrevieja baja , Villamartin , Sierra de Cádiz, Cádiz ","Calle Llana, 33","Sierra de Cádiz, Cádiz",115,80.0,2019-04-14,79000,0,3.0,0,0,0,True,False,False,False,False,False,False,False,False,False,False,False,False,False,False,False,False,False,False,False,False
más de 5 meses sin actualizar,0,0,2.0,0,0,2004.0,no indicado,,0,0,81521039,0,0.0,Villamartin,Calle Los Almendros s/n," Calle Los Almendros s/n , Villamartin , Sierra de Cádiz, Cádiz ",,"Sierra de Cádiz, Cádiz",415,80.0,2019-04-14,130000,0,4.0,0,0,0,True,False,False,False,False,False,False,False,False,False,False,False,False,False,False,False,False,False,False,False,False
más de 5 meses sin actualizar,1,0,2.0,0,1,2004.0,no indicado,2 plantas,0,0,81623797,9,0.0,Torre-Alhaquime,"postillejo, 3"," postillejo, 3 , Torre-Alhaquime , Sierra de Cádiz, Cádiz ",,"Sierra de Cádiz, Cádiz",130,80.0,2019-04-14,95000,0,3.0,0,0,1,True,False,False,False,False,False,False,False,False,False,False,False,False,False,False,False,False,False,False,False,False
más de 5 meses sin actualizar,0,0,2.0,0,0,2004.0,no indicado,,1,1,81786017,3,0.0,Arcos de la Frontera,"Calle Lucía Borrero, 4"," Calle Lucía Borrero, 4 , Arcos de la Frontera , Sierra de Cádiz, Cádiz ",,"Sierra de Cádiz, Cádiz",30,80.0,2019-04-14,115000,0,3.0,0,1,1,True,False,False,False,False,False,False,False,False,False,False,False,False,False,False,False,False,False,False,False,False
más de 5 meses sin actualizar,0,0,2.0,0,0,2004.0,no indicado,1 planta,0,1,31263796,3,0.0,Puerto Serrano,"Calle el chaparral, 16"," Calle el chaparral, 16 , Puerto Serrano , Sierra de Cádiz, Cádiz ",,"Sierra de Cádiz, Cádiz",160,80.0,2019-04-14,140000,0,3.0,0,1,1,True,False,False,False,False,False,False,False,False,False,False,False,False,False,False,False,False,False,False,False,False
más de 5 meses sin actualizar,1,0,2.0,0,0,2004.0,,2 plantas,0,0,81994306,0,0.0,Espera,"Calle Gomeles, 1"," Calle Gomeles, 1 , Espera , Sierra de Cádiz, Cádiz ",,"Sierra de Cádiz, Cádiz",80,78.0,2019-04-14,72000,0,3.0,1,0,1,True,False,False,False,False,False,False,False,False,False,False,False,False,False,False,False,False,False,False,False,False
más de 5 meses sin actualizar,0,0,1.0,0,0,2004.0,en trámite,1 planta,0,0,82021257,3,0.0,Villamartin,"Calle Valencia, 19"," Calle Valencia, 19 , Villamartin , Sierra de Cádiz, Cádiz ",,"Sierra de Cádiz, Cádiz",135,80.0,2019-04-14,118000,0,2.0,1,0,0,True,False,False,False,False,False,False,False,False,False,False,False,False,False,False,False,False,False,False,False,False
más de 5 meses sin actualizar,1,0,1.0,1,0,2004.0,no indicado,planta 1ª exterior,0,0,82163931,2,0.0,Prado del Rey,"Prado del rey, 1"," Prado del rey, 1 , Prado del Rey , Sierra de Cádiz, Cádiz ",,"Sierra de Cádiz, Cádiz",85,80.0,2019-04-14,67000,0,1.0,0,0,1,True,False,False,False,False,False,False,False,False,False,False,False,False,False,False,False,False,False,False,False,False
más de 5 meses sin actualizar,0,0,3.0,0,0,2004.0,no indicado,2 plantas,1,0,82390026,3,0.0,El Bosque,"Calle del Encinar, 23"," Calle del Encinar, 23 , El Bosque , Sierra de Cádiz, Cádiz ",,"Sierra de Cádiz, Cádiz",119,80.0,2019-04-14,200000,0,4.0,0,0,1,True,False,False,False,False,False,False,False,False,False,False,False,False,False,False,False,False,False,False,False,False
más de 5 meses sin actualizar,0,0,1.0,0,0,2004.0,no indicado,,0,0,82807163,0,0.0,Olvera,"Calle San Pedro, 11"," Calle San Pedro, 11 , Olvera , Sierra de Cádiz, Cádiz ",,"Sierra de Cádiz, Cádiz",100,80.0,2019-04-14,70000,0,5.0,0,0,0,True,False,False,False,False,False,False,False,False,False,False,False,False,False,False,False,False,False,False,False,False
más de 5 meses sin actualizar,0,0,1.0,0,0,2004.0,en trámite,planta 3ª exterior,0,0,82561819,2,0.0,El Bosque,Avenida Juan XXIII s/n," Avenida Juan XXIII s/n , El Bosque , Sierra de Cádiz, Cádiz ",,"Sierra de Cádiz, Cádiz",53,80.0,2019-04-14,47000,0,3.0,0,0,0,True,False,False,False,False,False,False,False,False,False,False,False,False,False,False,False,False,False,False,False,False
más de 5 meses sin actualizar,1,1,1.0,0,0,2010.0,,planta 1ª exterior,0,0,81423267,5,0.0,Bornos,"Calle Molino Zara, 8"," Calle Molino Zara, 8 , Bornos , Sierra de Cádiz, Cádiz ",,"Sierra de Cádiz, Cádiz",109,80.0,2019-04-14,110000,0,4.0,0,0,1,True,False,False,False,False,False,False,False,False,False,False,False,False,False,False,False,False,True,False,False,False
más de 5 meses sin actualizar,0,0,1.0,0,0,2004.0,en trámite,2 plantas,0,0,37659432,0,0.0,Ubrique,Distrito Alameda del Cura - Barriada Andalucia," Calle córdoba, 9 , Distrito Alameda del Cura - Barriada Andalucia , Ubrique , Sierra de Cádiz, Cádiz ","Calle córdoba, 9","Sierra de Cádiz, Cádiz",150,80.0,2019-04-14,85000,0,3.0,1,0,1,False,True,False,False,False,False,False,False,False,False,False,False,False,False,False,False,False,False,False,False,False
más de 5 meses sin actualizar,1,0,1.0,1,0,2004.0,no indicado,2 plantas,1,0,37660005,0,0.0,Benaocaz,"Avenida de Andalucia, 9"," Avenida de Andalucia, 9 , Benaocaz , Sierra de Cádiz, Cádiz ",,"Sierra de Cádiz, Cádiz",240,80.0,2019-04-14,110000,0,3.0,1,0,1,True,False,False,False,False,False,False,False,False,False,False,False,False,False,False,False,False,False,False,False,False
más de 5 meses sin actualizar,1,1,3.0,1,0,2004.0,en trámite,2 plantas,1,0,81431525,3,0.0,El Bosque,El Bosque s/n," El Bosque s/n , El Bosque , Sierra de Cádiz, Cádiz ",,"Sierra de Cádiz, Cádiz",125,80.0,2019-04-14,160000,0,4.0,0,0,0,True,False,False,False,False,False,False,False,False,False,False,False,False,False,False,False,False,False,False,False,False
más de 5 meses sin actualizar,1,0,2.0,1,0,2005.0,en trámite,bajo exterior,0,0,31193556,2,0.0,Prado del Rey,"Calle pajarete, 16"," Calle pajarete, 16 , Prado del Rey , Sierra de Cádiz, Cádiz ",,"Sierra de Cádiz, Cádiz",124,80.0,2019-04-14,115000,0,3.0,1,0,1,True,False,False,False,False,False,False,False,False,False,False,False,False,False,False,False,False,False,False,False,False
más de 5 meses sin actualizar,1,0,2.0,1,0,2004.0,inmueble exento,3 plantas,0,0,28799918,1,0.0,Arcos de la Frontera,Urb. san rafael," Calle Panamá, 5 , Urb. san rafael , Arcos de la Frontera , Sierra de Cádiz, Cádiz ","Calle Panamá, 5","Sierra de Cádiz, Cádiz",120,90.0,2019-04-14,90000,0,3.0,1,0,1,True,False,False,False,False,False,False,False,False,False,False,False,False,False,False,False,False,True,False,False,False
más de 5 meses sin actualizar,1,0,3.0,0,0,2004.0,no indicado,1 planta,1,0,30952089,7,0.0,Alcalá del Valle,"Calle ramon y cajal, 45"," Calle ramon y cajal, 45 , Alcalá del Valle , Sierra de Cádiz, Cádiz ",,"Sierra de Cádiz, Cádiz",150,150.0,2019-04-14,125000,0,5.0,1,0,1,True,False,False,False,False,False,False,False,False,False,False,False,False,False,False,False,False,True,False,False,False
más de 5 meses sin actualizar,1,0,3.0,1,0,2004.0,no indicado,1 planta,0,1,81241173,0,0.0,Arcos de la Frontera,"Calle Pintor Ribalta, 7"," Calle Pintor Ribalta, 7 , Arcos de la Frontera , Sierra de Cádiz, Cádiz ",,"Sierra de Cádiz, Cádiz",925,80.0,2019-04-14,440000,0,3.0,1,1,1,True,False,False,False,False,False,False,False,False,False,False,False,False,False,False,False,False,False,False,False,False
más de 5 meses sin actualizar,0,0,2.0,1,0,2004.0,no indicado,planta 2ª exterior,0,0,1781611,5,0.0,Ubrique,Distrito Casco antiguo - Convento - Caldereto," Plaza Verdura, 12 , Distrito Casco antiguo - Convento - Caldereto , Ubrique , Sierra de Cádiz, Cádiz ","Plaza Verdura, 12","Sierra de Cádiz, Cádiz",150,132.0,2019-04-14,165000,0,4.0,0,0,0,True,False,False,False,False,False,False,False,False,False,False,False,False,False,False,False,False,False,False,False,False
más de 5 meses sin actualizar,0,0,3.0,1,0,2004.0,no indicado,2 plantas,0,0,28874945,0,0.0,Grazalema,"Calle Corrales Primeros, 1"," Calle Corrales Primeros, 1 , Grazalema , Sierra de Cádiz, Cádiz ",,"Sierra de Cádiz, Cádiz",177,80.0,2019-04-14,150000,0,7.0,0,0,1,True,False,False,False,False,False,False,False,False,False,False,False,False,False,False,False,False,False,True,False,False
más de 5 meses sin actualizar,1,0,2.0,1,0,2004.0,en trámite,,0,0,32801527,0,0.0,Arcos de la Frontera,"Calle juan xxiii, 2"," Calle juan xxiii, 2 , Arcos de la Frontera , Sierra de Cádiz, Cádiz ",,"Sierra de Cádiz, Cádiz",102,90.0,2019-04-14,89900,0,3.0,0,0,1,True,False,False,False,False,False,False,False,False,False,False,False,False,False,False,False,False,False,False,False,False
más de 5 meses sin actualizar,0,0,2.0,1,0,2004.0,en trámite,planta 2ª exterior,0,0,36299271,2,1.0,Ubrique,Distrito Centro," Avenida de España, 28 , Distrito Centro , Ubrique , Sierra de Cádiz, Cádiz ","Avenida de España, 28","Sierra de Cádiz, Cádiz",106,80.0,2019-04-14,150000,0,3.0,0,0,0,True,False,False,False,False,False,False,False,False,False,False,False,False,False,False,False,False,False,False,True,False
más de 5 meses sin actualizar,0,0,1.0,0,0,2004.0,no indicado,2 plantas,0,1,37121945,0,0.0,El Bosque,"Avenida Diputacion, 23"," Avenida Diputacion, 23 , El Bosque , Sierra de Cádiz, Cádiz ",,"Sierra de Cádiz, Cádiz",200,80.0,2019-04-14,90000,0,3.0,1,0,1,False,True,False,False,False,False,False,False,False,False,False,False,False,False,False,False,False,False,False,False,False
más de 5 meses sin actualizar,1,0,5.0,1,1,2004.0,no indicado,1 planta,0,1,37883206,9,0.0,Arcos de la Frontera,Urb. Barriada Rural Pago La Sierpe," Lugar las Sierpes, 29 , Urb. Barriada Rural Pago La Sierpe , Arcos de la Frontera , Sierra de Cádiz, Cádiz ","Lugar las Sierpes, 29","Sierra de Cádiz, Cádiz",2000,300.0,2019-04-14,850000,0,9.0,1,1,1,True,False,False,False,False,False,False,False,False,True,False,False,False,False,False,False,False,False,False,False,False
más de 5 meses sin actualizar,0,0,2.0,0,0,2004.0,no indicado,2 plantas,0,0,39007326,1,0.0,Algodonales,"Calle Biblioteca, 10"," Calle Biblioteca, 10 , Algodonales , Sierra de Cádiz, Cádiz ",,"Sierra de Cádiz, Cádiz",145,80.0,2019-04-14,92000,0,3.0,1,0,1,True,False,False,False,False,False,False,False,False,False,False,False,False,False,False,False,False,False,False,False,False
más de 5 meses sin actualizar,1,1,2.0,1,0,2004.0,en trámite,planta 1ª exterior,0,0,40423956,5,0.0,Grazalema,"Calle Corrales Segundos, 3"," Calle Corrales Segundos, 3 , Grazalema , Sierra de Cádiz, Cádiz ",,"Sierra de Cádiz, Cádiz",145,140.0,2019-04-14,155000,0,4.0,0,0,1,True,False,False,False,False,False,False,False,False,False,False,False,False,False,False,False,False,False,False,False,False
más de 5 meses sin actualizar,1,0,1.0,1,0,2004.0,en trámite,bajo exterior,0,0,40423996,2,0.0,Grazalema,"Calle Corrales Segundos, 3 B"," Calle Corrales Segundos, 3 B , Grazalema , Sierra de Cádiz, Cádiz ",,"Sierra de Cádiz, Cádiz",75,70.0,2019-04-14,95000,0,2.0,0,0,0,True,False,False,False,False,False,False,False,False,False,False,False,False,False,False,False,False,False,False,False,False
más de 5 meses sin actualizar,0,0,4.0,1,0,2004.0,no indicado,3 plantas,1,1,1641609,0,0.0,Prado del Rey,"Calle Bellavista, 10"," Calle Bellavista, 10 , Prado del Rey , Sierra de Cádiz, Cádiz ",,"Sierra de Cádiz, Cádiz",350,450.0,2019-04-14,500000,0,4.0,0,0,1,True,False,False,False,False,False,False,False,False,False,False,False,False,False,False,False,False,False,False,False,False
más de 5 meses sin actualizar,0,0,1.0,0,0,2004.0,no indicado,1 planta,0,0,82586241,3,0.0,Arcos de la Frontera,"Calle Larga, 64"," Calle Larga, 64 , Arcos de la Frontera , Sierra de Cádiz, Cádiz ",,"Sierra de Cádiz, Cádiz",40,80.0,2019-04-14,67000,0,4.0,1,0,1,False,True,False,False,False,False,False,False,False,False,False,False,False,False,False,False,False,False,False,False,False
más de 5 meses sin actualizar,1,0,3.0,1,0,2004.0,no indicado,4 plantas,1,0,1821790,0,0.0,Bornos,"Avenida Constitución, 34"," Avenida Constitución, 34 , Bornos , Sierra de Cádiz, Cádiz ",,"Sierra de Cádiz, Cádiz",468,80.0,2019-04-14,375000,0,9.0,1,0,1,True,False,False,False,False,False,False,False,False,False,False,False,False,False,False,False,False,False,True,False,False
más de 5 meses sin actualizar,1,0,3.0,1,0,2004.0,en trámite,2 plantas,1,1,32158608,3,0.0,Arcos de la Frontera,Urb. el Santiscal," Avenida del santiscal, 121 , Urb. el Santiscal , Arcos de la Frontera , Sierra de Cádiz, Cádiz ","Avenida del santiscal, 121","Sierra de Cádiz, Cádiz",156,96.0,2019-04-14,130000,0,3.0,1,1,0,True,False,False,False,False,False,False,False,False,False,False,False,False,False,False,False,False,True,False,False,False
más de 5 meses sin actualizar,0,0,3.0,1,0,2004.0,,2 plantas,0,0,36986297,3,0.0,Arcos de la Frontera,Urb. El Portichuelo," Calle Víctor Erice, 6 , Urb. El Portichuelo , Arcos de la Frontera , Sierra de Cádiz, Cádiz ","Calle Víctor Erice, 6","Sierra de Cádiz, Cádiz",120,100.0,2019-04-14,126000,0,4.0,0,0,0,True,False,False,False,False,False,False,False,False,False,False,False,False,False,False,False,False,False,False,False,False
más de 5 meses sin actualizar,1,0,3.0,1,0,2004.0,inmueble exento,3 plantas,1,0,38460176,3,0.0,Arcos de la Frontera,"Calle Grazalema, 42"," Calle Grazalema, 42 , Arcos de la Frontera , Sierra de Cádiz, Cádiz ",,"Sierra de Cádiz, Cádiz",120,80.0,2019-04-14,138000,0,4.0,1,0,1,True,False,False,False,False,False,False,False,False,False,False,False,False,False,False,False,False,False,False,False,False
más de 5 meses sin actualizar,1,1,2.0,1,0,2004.0,no indicado,3 plantas,0,0,39805230,1,0.0,Olvera,"Calle Calvario, 118"," Calle Calvario, 118 , Olvera , Sierra de Cádiz, Cádiz ",,"Sierra de Cádiz, Cádiz",190,80.0,2019-04-14,99000,0,2.0,1,0,1,True,False,False,False,False,False,False,False,False,False,False,False,False,False,False,False,False,False,False,False,False
más de 5 meses sin actualizar,1,1,2.0,1,0,2004.0,no indicado,3 plantas,1,0,82493766,3,0.0,Arcos de la Frontera,"Calle Grazalema, 28"," Calle Grazalema, 28 , Arcos de la Frontera , Sierra de Cádiz, Cádiz ",,"Sierra de Cádiz, Cádiz",180,160.0,2019-04-14,110000,0,3.0,0,0,1,True,False,False,False,False,False,False,False,False,False,False,False,False,False,False,False,False,False,False,False,False
más de 5 meses sin actualizar,0,0,2.0,1,0,2010.0,,2 plantas,0,1,37659228,0,0.0,Benaocaz,"Puente del moro, 5"," Puente del moro, 5 , Benaocaz , Sierra de Cádiz, Cádiz ",,"Sierra de Cádiz, Cádiz",417,80.0,2019-04-14,177000,1,6.0,1,1,1,True,False,False,False,False,False,False,False,False,False,False,False,False,False,False,False,False,False,False,False,False
Anuncio actualizado el 1 de abril,0,0,1.0,0,0,2004.0,no indicado,,0,0,83799790,7,0.0,Algodonales,," , Algodonales , Sierra de Cádiz, Cádiz ",,"Sierra de Cádiz, Cádiz",105,87.0,2019-04-14,73500,0,3.0,0,0,0,False,False,False,False,False,False,False,False,False,False,False,False,False,False,False,False,False,False,False,False,False
Anuncio actualizado el 1 de abril,0,0,2.0,0,0,2004.0,no indicado,,0,0,83799792,7,0.0,Arcos de la Frontera,," , Arcos de la Frontera , Sierra de Cádiz, Cádiz ",,"Sierra de Cádiz, Cádiz",100,75.0,2019-04-14,81500,0,3.0,1,0,0,False,False,False,False,False,False,False,False,False,False,False,False,False,False,False,False,False,False,False,False,False
Anuncio actualizado el 1 de abril,0,0,1.0,0,0,2004.0,no indicado,,0,0,83800463,7,0.0,Setenil,," , Setenil , Sierra de Cádiz, Cádiz ",,"Sierra de Cádiz, Cádiz",75,53.0,2019-04-14,44000,0,2.0,0,0,0,False,False,False,False,False,False,False,False,False,False,False,False,False,False,False,False,False,False,False,False,False
Anuncio actualizado el 1 de abril,0,0,1.0,0,0,2004.0,no indicado,,0,0,84394933,2,0.0,Arcos de la Frontera,," , Arcos de la Frontera , Sierra de Cádiz, Cádiz ",,"Sierra de Cádiz, Cádiz",81,64.0,2019-04-14,53500,0,3.0,0,0,0,False,False,False,False,False,False,False,False,False,False,False,False,False,False,False,False,False,False,False,False,False
Anuncio actualizado el 1 de abril,0,0,1.0,0,0,2004.0,no indicado,,0,0,84436274,2,0.0,Setenil,," , Setenil , Sierra de Cádiz, Cádiz ",,"Sierra de Cádiz, Cádiz",119,99.0,2019-04-14,72000,0,4.0,0,0,0,True,False,False,False,False,False,False,False,False,False,False,False,False,False,False,False,False,False,False,False,False
Anuncio actualizado el 7 de marzo,0,0,0.0,0,0,2004.0,no indicado,,0,0,409523,3,0.0,Arcos de la Frontera,"Calle Mollino, 6"," Calle Mollino, 6 , Arcos de la Frontera , Sierra de Cádiz, Cádiz ",,"Sierra de Cádiz, Cádiz",40,80.0,2019-04-14,15000,0,2.0,0,0,0,False,True,False,False,False,False,False,False,False,False,False,False,False,False,False,False,False,False,False,False,False
Anuncio actualizado el 1 de febrero,0,0,1.0,0,1,2004.0,no indicado,3 plantas,0,0,40576874,1,0.0,El Gastor,"Calle las Pitas, 22"," Calle las Pitas, 22 , El Gastor , Sierra de Cádiz, Cádiz ",,"Sierra de Cádiz, Cádiz",270,190.0,2019-04-14,55000,0,5.0,1,0,1,False,True,False,False,False,False,False,False,False,False,False,False,False,False,False,False,False,False,True,False,False
Anuncio actualizado el 19 de diciembre,0,0,1.0,0,0,2004.0,no indicado,,0,0,373810,0,0.0,Arcos de la Frontera,Calle Venta del Pavo s/n," Calle Venta del Pavo s/n , Arcos de la Frontera , Sierra de Cádiz, Cádiz ",,"Sierra de Cádiz, Cádiz",1000,80.0,2019-04-14,100000,0,3.0,0,0,0,True,False,False,False,False,False,False,False,False,False,False,False,False,False,False,False,False,False,False,False,False
Anuncio actualizado el 15 de febrero,0,0,1.0,0,0,2004.0,no indicado,,0,0,28229658,0,0.0,Benaocaz,Tavizna Huerta Ana Maria s/n," Tavizna Huerta Ana Maria s/n , Benaocaz , Sierra de Cádiz, Cádiz ",,"Sierra de Cádiz, Cádiz",372,80.0,2019-04-14,100000,0,3.0,0,1,0,True,False,False,False,False,False,False,False,False,False,False,False,False,False,False,False,False,False,False,False,False
Anuncio actualizado el 24 de marzo,0,0,2.0,0,0,2004.0,no indicado,,0,0,36602721,3,0.0,Prado del Rey,"Calle Bellavista, 1"," Calle Bellavista, 1 , Prado del Rey , Sierra de Cádiz, Cádiz ",,"Sierra de Cádiz, Cádiz",96,80.0,2019-04-14,110000,0,3.0,0,0,1,True,False,False,False,False,False,False,False,False,False,False,False,False,False,False,False,False,False,False,False,False
más de 5 meses sin actualizar,0,0,2.0,0,0,2004.0,no indicado,2 plantas,0,0,82933680,0,0.0,Puerto Serrano,"Calle San Antonio, 2"," Calle San Antonio, 2 , Puerto Serrano , Sierra de Cádiz, Cádiz ",,"Sierra de Cádiz, Cádiz",105,80.0,2019-04-14,70000,0,3.0,0,0,0,True,False,False,False,False,False,False,False,False,False,False,False,False,False,False,False,False,False,False,False,False
más de 5 meses sin actualizar,0,0,1.0,0,0,2004.0,no indicado,planta 1ª exterior,0,0,82933697,2,0.0,Villamartin,"Calle Amapola, 9"," Calle Amapola, 9 , Villamartin , Sierra de Cádiz, Cádiz ",,"Sierra de Cádiz, Cádiz",75,80.0,2019-04-14,60000,0,3.0,0,0,0,True,False,False,False,False,False,False,False,False,False,False,False,False,False,False,False,False,False,False,False,False
Anuncio actualizado el 8 de noviembre,0,1,2.0,0,0,2004.0,no indicado,3 plantas,0,0,83011452,0,0.0,Alcalá del Valle,"Calle del Real, 6 B"," Calle del Real, 6 B , Alcalá del Valle , Sierra de Cádiz, Cádiz ",,"Sierra de Cádiz, Cádiz",110,80.0,2019-04-14,60000,0,3.0,0,0,1,True,False,False,False,False,False,False,False,False,False,False,False,False,False,False,False,False,False,False,False,False
Anuncio actualizado el 14 de noviembre,0,0,2.0,0,0,2004.0,no indicado,,0,1,83096243,0,0.0,El Bosque,"Carretera antigua carretera ubrique el bosque, 27"," Carretera antigua carretera ubrique el bosque, 27 , El Bosque , Sierra de Cádiz, Cádiz ",,"Sierra de Cádiz, Cádiz",100,80.0,2019-04-14,240000,0,3.0,0,1,1,True,False,False,False,False,False,False,False,False,False,False,False,False,False,False,False,False,False,False,False,False
Anuncio actualizado el 23 de noviembre,0,0,1.0,0,0,2004.0,,bajo exterior,0,0,83270138,2,0.0,El Bosque,"Calle Jaen, 15"," Calle Jaen, 15 , El Bosque , Sierra de Cádiz, Cádiz ",,"Sierra de Cádiz, Cádiz",72,80.0,2019-04-14,90000,0,2.0,1,0,0,True,False,False,False,False,False,False,False,False,False,False,False,False,False,False,False,False,False,False,False,False
Anuncio actualizado el 26 de noviembre,0,0,1.0,0,0,2004.0,en trámite,planta 2ª exterior,0,0,83263498,2,0.0,Arcos de la Frontera,"Calle Almohades, 1"," Calle Almohades, 1 , Arcos de la Frontera , Sierra de Cádiz, Cádiz ",,"Sierra de Cádiz, Cádiz",60,80.0,2019-04-14,40000,0,2.0,0,0,0,True,False,False,False,False,False,False,False,False,False,False,False,False,False,False,False,False,False,False,False,False
Anuncio actualizado el 25 de febrero,0,0,2.0,0,0,2004.0,,bajo exterior,1,0,83265742,2,1.0,Ubrique,Distrito La Vega," Avenida Sierra de Ubrique, 8 , Distrito La Vega , Ubrique , Sierra de Cádiz, Cádiz ","Avenida Sierra de Ubrique, 8","Sierra de Cádiz, Cádiz",72,80.0,2019-04-14,78000,0,3.0,1,0,0,True,False,False,False,False,False,False,False,False,False,False,False,False,False,False,False,False,False,False,False,False
Anuncio actualizado el 27 de enero,0,0,2.0,0,0,2004.0,no indicado,2 plantas,1,0,83443040,0,0.0,Arcos de la Frontera,"Calle Benamahoma, 4"," Calle Benamahoma, 4 , Arcos de la Frontera , Sierra de Cádiz, Cádiz ",,"Sierra de Cádiz, Cádiz",243,80.0,2019-04-14,150000,0,4.0,0,0,1,True,False,False,False,False,False,False,False,False,False,False,False,False,False,False,False,False,False,False,False,False
Anuncio actualizado el 5 de diciembre,0,0,1.0,0,0,2004.0,no indicado,planta 2ª exterior,0,0,83452489,2,0.0,Algodonales,"Calle Carlos Cano, 33"," Calle Carlos Cano, 33 , Algodonales , Sierra de Cádiz, Cádiz ",,"Sierra de Cádiz, Cádiz",70,80.0,2019-04-14,79000,0,2.0,0,0,1,True,False,False,False,False,False,False,False,False,False,False,False,False,False,False,False,False,False,False,False,False
Anuncio actualizado el 5 de diciembre,0,0,2.0,0,0,2004.0,no indicado,1 planta,0,0,83453531,0,0.0,Arcos de la Frontera,"Calle Nicaragua, 22"," Calle Nicaragua, 22 , Arcos de la Frontera , Sierra de Cádiz, Cádiz ",,"Sierra de Cádiz, Cádiz",170,80.0,2019-04-14,90000,0,5.0,0,0,0,False,True,False,False,False,False,False,False,False,False,False,False,False,False,False,False,False,False,False,False,False
Anuncio actualizado el 25 de febrero,0,1,1.0,0,0,2004.0,no indicado,planta 3ª exterior,0,0,83455535,2,0.0,Ubrique,Distrito El Jardín - Antonio Vega," Calle Sol, 2 , Distrito El Jardín - Antonio Vega , Ubrique , Sierra de Cádiz, Cádiz ","Calle Sol, 2","Sierra de Cádiz, Cádiz",70,80.0,2019-04-14,53000,0,3.0,0,0,1,True,False,False,False,False,False,False,False,False,False,False,False,False,False,False,False,False,False,False,False,False
Anuncio actualizado el 5 de diciembre,0,0,1.0,0,0,2004.0,no indicado,2 plantas,0,0,34969967,1,0.0,Prado del Rey,"Calle Antonio Machado, 17"," Calle Antonio Machado, 17 , Prado del Rey , Sierra de Cádiz, Cádiz ",,"Sierra de Cádiz, Cádiz",80,80.0,2019-04-14,91000,0,3.0,0,0,0,True,False,False,False,False,False,False,False,False,False,False,False,False,False,False,False,False,False,False,False,False
Anuncio actualizado el 11 de diciembre,0,0,2.0,0,0,2004.0,no indicado,2 plantas,0,0,83540281,1,0.0,Algodonales,"Calle Concepción, 86"," Calle Concepción, 86 , Algodonales , Sierra de Cádiz, Cádiz ",,"Sierra de Cádiz, Cádiz",190,80.0,2019-04-14,95000,0,5.0,1,0,1,True,False,False,False,False,False,False,False,False,False,False,False,False,False,False,False,False,False,False,False,False
Anuncio actualizado el 14 de diciembre,0,0,2.0,0,0,2004.0,no indicado,2 plantas,0,0,83584183,0,0.0,Arcos de la Frontera,"Calle Boliches, 14"," Calle Boliches, 14 , Arcos de la Frontera , Sierra de Cádiz, Cádiz ",,"Sierra de Cádiz, Cádiz",90,80.0,2019-04-14,27000,0,4.0,0,0,0,True,False,False,False,False,False,False,False,False,False,False,False,False,False,False,False,False,False,False,False,False
Anuncio actualizado el 14 de diciembre,0,0,1.0,0,0,2004.0,no indicado,2 plantas,0,0,83588270,1,0.0,Arcos de la Frontera,"Calle de las Nieves, 14"," Calle de las Nieves, 14 , Arcos de la Frontera , Sierra de Cádiz, Cádiz ",,"Sierra de Cádiz, Cádiz",80,80.0,2019-04-14,30000,0,2.0,0,0,0,False,True,False,False,False,False,False,False,False,False,False,False,False,False,False,False,False,False,False,False,False
Anuncio actualizado el 20 de diciembre,1,0,2.0,0,0,2004.0,no indicado,2 plantas,0,0,83642983,1,0.0,Arcos de la Frontera,"Calle Extramuros de Angorrilla, 5"," Calle Extramuros de Angorrilla, 5 , Arcos de la Frontera , Sierra de Cádiz, Cádiz ",,"Sierra de Cádiz, Cádiz",100,80.0,2019-04-14,40000,0,2.0,0,0,1,False,True,False,False,False,False,False,False,False,False,False,False,False,False,False,False,False,False,False,False,False
Anuncio actualizado el 26 de diciembre,0,0,1.0,0,0,2004.0,no indicado,,0,0,416188,0,0.0,Bornos,"Calle Corredera, 13"," Calle Corredera, 13 , Bornos , Sierra de Cádiz, Cádiz ",,"Sierra de Cádiz, Cádiz",120,80.0,2019-04-14,30000,0,3.0,1,0,0,False,True,False,False,False,False,False,False,False,False,False,False,False,False,False,False,False,False,False,False,False
Anuncio actualizado el 3 de enero,0,0,1.0,0,0,2004.0,no indicado,2 plantas,1,0,83729755,0,0.0,Arcos de la Frontera,"Calle Callejas, 3"," Calle Callejas, 3 , Arcos de la Frontera , Sierra de Cádiz, Cádiz ",,"Sierra de Cádiz, Cádiz",42,80.0,2019-04-14,60000,0,2.0,1,0,0,True,False,False,False,False,False,False,False,False,False,False,False,False,False,False,False,False,False,False,False,False
Anuncio actualizado el 9 de enero,0,0,2.0,0,0,2004.0,en trámite,,0,0,83783219,3,0.0,Bornos,"Calle Ancha, 20"," Calle Ancha, 20 , Bornos , Sierra de Cádiz, Cádiz ",,"Sierra de Cádiz, Cádiz",235,80.0,2019-04-14,110000,0,3.0,0,0,0,True,False,False,False,False,False,False,False,False,False,False,False,False,False,False,False,False,False,False,False,False
Anuncio actualizado el 25 de enero,0,1,1.0,0,0,2004.0,no indicado,planta 1ª exterior,0,0,83855534,2,0.0,Olvera,"Calle Maestro Amado, 1"," Calle Maestro Amado, 1 , Olvera , Sierra de Cádiz, Cádiz ",,"Sierra de Cádiz, Cádiz",90,80.0,2019-04-14,100000,0,3.0,0,0,1,True,False,False,False,False,False,False,False,False,False,False,False,False,False,False,False,False,False,False,False,False
Anuncio actualizado el 25 de febrero,0,0,1.0,0,0,2004.0,no indicado,,0,0,83926431,1,0.0,Ubrique,Distrito Casco antiguo - Convento - Caldereto," Calle Golondrina, 2 , Distrito Casco antiguo - Convento - Caldereto , Ubrique , Sierra de Cádiz, Cádiz ","Calle Golondrina, 2","Sierra de Cádiz, Cádiz",50,80.0,2019-04-14,37000,0,2.0,0,0,0,True,False,False,False,False,False,False,False,False,False,False,False,False,False,False,False,False,False,False,False,False
Anuncio actualizado el 4 de febrero,0,0,1.0,0,0,2004.0,no indicado,2 plantas,0,0,84049231,0,0.0,Algodonales,"Calle Concepción, 3"," Calle Concepción, 3 , Algodonales , Sierra de Cádiz, Cádiz ",,"Sierra de Cádiz, Cádiz",192,80.0,2019-04-14,80000,0,3.0,0,0,1,True,False,False,False,False,False,False,False,False,False,False,False,False,False,False,False,False,False,False,False,False
Anuncio actualizado el 6 de febrero,0,0,2.0,0,0,2004.0,no indicado,3 plantas,0,0,84175546,0,0.0,Benaocaz,Calle Altozano s/n," Calle Altozano s/n , Benaocaz , Sierra de Cádiz, Cádiz ",,"Sierra de Cádiz, Cádiz",120,80.0,2019-04-14,99000,0,4.0,0,0,1,True,False,False,False,False,False,False,False,False,False,False,False,False,False,False,False,False,False,False,False,False
Anuncio actualizado el 12 de febrero,0,0,2.0,0,0,2004.0,no indicado,,0,0,84247132,0,0.0,Arcos de la Frontera,"Calle San Francisco, 27"," Calle San Francisco, 27 , Arcos de la Frontera , Sierra de Cádiz, Cádiz ",,"Sierra de Cádiz, Cádiz",200,80.0,2019-04-14,80000,0,6.0,0,0,0,False,True,False,False,False,False,False,False,False,False,False,False,False,False,False,False,False,False,False,False,False
Anuncio actualizado el 13 de febrero,0,0,2.0,0,0,2004.0,no indicado,4 plantas,0,0,84269592,3,0.0,Olvera,"Grupo los Arbolitos, 18 B"," Grupo los Arbolitos, 18 B , Olvera , Sierra de Cádiz, Cádiz ",,"Sierra de Cádiz, Cádiz",100,80.0,2019-04-14,110000,0,1.0,0,0,1,True,False,False,False,False,False,False,False,False,False,False,False,False,False,False,False,False,False,False,False,False
Anuncio actualizado el 25 de febrero,0,0,2.0,0,0,2004.0,no indicado,2 plantas,0,0,84343350,0,0.0,Ubrique,Distrito Casco antiguo - Convento - Caldereto," Calle Auditor Francisco Bohórquez, 29 , Distrito Casco antiguo - Convento - Caldereto , Ubrique , Sierra de Cádiz, Cádiz ","Calle Auditor Francisco Bohórquez, 29","Sierra de Cádiz, Cádiz",140,80.0,2019-04-14,130000,0,4.0,0,0,0,False,True,False,False,False,False,False,False,False,False,False,False,False,False,False,False,False,False,False,False,False
Anuncio actualizado el 22 de febrero,0,0,1.0,0,0,2004.0,no indicado,bajo exterior,0,0,32198974,2,0.0,Arcos de la Frontera,"Pozo de la bomba, 11"," Pozo de la bomba, 11 , Arcos de la Frontera , Sierra de Cádiz, Cádiz ",,"Sierra de Cádiz, Cádiz",65,80.0,2019-04-14,30000,0,2.0,0,0,0,True,False,False,False,False,False,False,False,False,False,False,False,False,False,False,False,False,False,False,False,False
Anuncio actualizado el 25 de febrero,0,0,2.0,0,0,2004.0,,planta 1ª,0,0,84428249,2,0.0,Zahara,," , Zahara , Sierra de Cádiz, Cádiz ",,"Sierra de Cádiz, Cádiz",81,70.0,2019-04-14,84100,0,2.0,0,0,0,True,False,False,False,False,False,False,False,False,False,False,False,False,False,False,False,False,False,False,False,False
Anuncio actualizado el 17 de febrero,1,0,1.0,1,0,2004.0,no indicado,planta 1ª exterior,0,0,1651780,2,0.0,Arcos de la Frontera,"Calle Azorin, 4"," Calle Azorin, 4 , Arcos de la Frontera , Sierra de Cádiz, Cádiz ",,"Sierra de Cádiz, Cádiz",70,80.0,2019-04-14,72000,0,3.0,0,0,0,True,False,False,False,False,False,False,False,False,False,False,False,False,False,False,False,False,False,False,False,False
Anuncio actualizado el 16 de diciembre,0,0,1.0,0,0,2004.0,no indicado,3 plantas,0,0,39324000,0,0.0,Olvera,"Calle Quevedo, 2"," Calle Quevedo, 2 , Olvera , Sierra de Cádiz, Cádiz ",,"Sierra de Cádiz, Cádiz",130,80.0,2019-04-14,60000,0,3.0,1,0,0,True,False,False,False,False,False,False,False,False,False,False,False,False,False,False,False,False,False,False,False,False
Anuncio actualizado el 15 de enero,1,1,1.0,0,0,2004.0,no indicado,planta 1ª exterior,0,0,82290435,2,0.0,Villamartin,"LAS MONTAÑAS, 12"," LAS MONTAÑAS, 12 , Villamartin , Sierra de Cádiz, Cádiz ",,"Sierra de Cádiz, Cádiz",82,80.0,2019-04-14,60000,0,2.0,0,0,0,False,True,False,False,False,False,False,False,False,False,False,False,False,False,False,False,False,False,False,False,False
Anuncio actualizado el 14 de abril,0,1,2.0,0,1,2004.0,no indicado,3 plantas,0,0,82513464,9,0.0,Grazalema,"Calle Empedrada, 20 A"," Calle Empedrada, 20 A , Grazalema , Sierra de Cádiz, Cádiz ",,"Sierra de Cádiz, Cádiz",250,80.0,2019-04-14,480000,0,4.0,1,0,1,True,False,False,False,False,False,False,False,False,False,False,False,False,False,False,False,False,False,False,False,False
más de 5 meses sin actualizar,0,0,1.0,0,0,2004.0,en trámite,planta 1ª interior,0,0,82853850,2,0.0,Bornos,"Calle Arcos, 16"," Calle Arcos, 16 , Bornos , Sierra de Cádiz, Cádiz ",,"Sierra de Cádiz, Cádiz",120,80.0,2019-04-14,180000,0,3.0,0,0,0,True,False,False,False,False,False,False,False,False,False,False,False,False,False,False,False,False,False,False,False,False
Anuncio actualizado el 25 de marzo,1,1,2.0,1,0,2004.0,no indicado,2 plantas,1,0,82908498,3,0.0,Arcos de la Frontera,Avenida del Santiscal s/n," Avenida del Santiscal s/n , Arcos de la Frontera , Sierra de Cádiz, Cádiz ",,"Sierra de Cádiz, Cádiz",130,100.0,2019-04-14,115000,0,4.0,0,0,0,True,False,False,False,False,False,False,False,False,False,False,False,False,False,False,False,False,False,False,False,False
Anuncio actualizado el 2 de noviembre,0,0,2.0,0,0,2004.0,no indicado,,0,0,82948048,0,0.0,Grazalema,Calle Real s/n," Calle Real s/n , Grazalema , Sierra de Cádiz, Cádiz ",,"Sierra de Cádiz, Cádiz",75,80.0,2019-04-14,70000,0,2.0,0,0,0,True,False,False,False,False,False,False,False,False,False,False,False,False,False,False,False,False,False,False,False,False
Anuncio actualizado el 22 de noviembre,0,0,1.0,0,0,2004.0,no indicado,1 planta,0,0,83242279,3,0.0,Bornos,"Calle los Molinos, 3"," Calle los Molinos, 3 , Bornos , Sierra de Cádiz, Cádiz ",,"Sierra de Cádiz, Cádiz",85,80.0,2019-04-14,48000,0,2.0,0,0,1,True,False,False,False,False,False,False,False,False,False,False,False,False,False,False,False,False,False,False,False,False
Anuncio actualizado el 26 de noviembre,0,0,1.0,0,0,2004.0,no indicado,planta 2ª exterior,0,0,83296193,2,0.0,Grazalema,Calle marques de estella s/n," Calle marques de estella s/n , Grazalema , Sierra de Cádiz, Cádiz ",,"Sierra de Cádiz, Cádiz",95,80.0,2019-04-14,180000,0,3.0,0,0,1,True,False,False,False,False,False,False,False,False,False,False,False,False,False,False,False,False,False,False,False,False
Anuncio actualizado el 10 de enero,0,1,2.0,0,0,2004.0,no indicado,planta 1ª exterior,0,0,83791123,2,0.0,Villamartin,"Calle Blas Infante, 4"," Calle Blas Infante, 4 , Villamartin , Sierra de Cádiz, Cádiz ",,"Sierra de Cádiz, Cádiz",83,80.0,2019-04-14,45000,0,3.0,0,0,0,True,False,False,False,False,False,False,False,False,False,False,False,False,False,False,False,False,False,False,False,False
Anuncio actualizado el 24 de enero,0,1,1.0,0,1,2004.0,no indicado,2 plantas,0,0,83967555,4,0.0,Setenil,Vereda de Alcalá del Valle s/n," Vereda de Alcalá del Valle s/n , Setenil , Sierra de Cádiz, Cádiz ",,"Sierra de Cádiz, Cádiz",42000,80.0,2019-04-14,290000,0,3.0,1,0,1,True,False,False,False,False,False,False,False,False,False,False,False,False,False,False,False,False,False,False,False,False
Anuncio actualizado el 25 de febrero,0,0,1.0,0,0,2004.0,no indicado,planta 3ª exterior,0,0,419862,2,0.0,Ubrique,Distrito Alameda del Cura - Barriada Andalucia," Calle Alhambra, 5 , Distrito Alameda del Cura - Barriada Andalucia , Ubrique , Sierra de Cádiz, Cádiz ","Calle Alhambra, 5","Sierra de Cádiz, Cádiz",85,80.0,2019-04-14,85000,0,3.0,0,0,0,True,False,False,False,False,False,False,False,False,False,False,False,False,False,False,False,False,False,False,False,False
Anuncio actualizado el 13 de febrero,0,0,2.0,0,0,2004.0,,planta 1ª,0,0,39977475,2,0.0,El Bosque,Avenida diputacion," Avenida diputacion , El Bosque , Sierra de Cádiz, Cádiz ",,"Sierra de Cádiz, Cádiz",77,68.0,2019-04-14,85050,0,2.0,0,0,0,True,False,False,False,False,False,False,False,False,False,False,False,False,False,False,False,False,False,False,False,False
Anuncio actualizado el 6 de abril,0,0,2.0,0,0,2004.0,,,0,0,83025694,3,0.0,Arcos de la Frontera,Calle Algodonales," Calle Algodonales , Arcos de la Frontera , Sierra de Cádiz, Cádiz ",,"Sierra de Cádiz, Cádiz",100,80.0,2019-04-14,81500,0,3.0,0,0,0,True,False,False,False,False,False,False,False,False,False,False,False,False,False,False,False,False,False,False,False,False
Anuncio actualizado el 5 de marzo,0,0,1.0,0,0,2004.0,,,0,0,83319223,3,0.0,Algodonales,Calle Ermita," Calle Ermita , Algodonales , Sierra de Cádiz, Cádiz ",,"Sierra de Cádiz, Cádiz",105,87.0,2019-04-14,73500,0,3.0,0,0,0,True,False,False,False,False,False,False,False,False,False,False,False,False,False,False,False,False,False,False,False,False
Anuncio actualizado el 13 de febrero,0,0,1.0,0,0,2004.0,,planta 1ª,0,0,84260152,2,0.0,Zahara,Calle Olvera," Calle Olvera , Zahara , Sierra de Cádiz, Cádiz ",,"Sierra de Cádiz, Cádiz",82,69.0,2019-04-14,84100,0,2.0,0,0,0,True,False,False,False,False,False,False,False,False,False,False,False,False,False,False,False,False,False,False,False,False
Anuncio actualizado el 6 de abril,0,0,1.0,0,0,2004.0,,bajo,0,0,84309527,2,0.0,Arcos de la Frontera,A-382a," A-382a , Arcos de la Frontera , Sierra de Cádiz, Cádiz ",,"Sierra de Cádiz, Cádiz",81,64.0,2019-04-14,53500,0,3.0,0,0,0,True,False,False,False,False,False,False,False,False,False,False,False,False,False,False,False,False,False,False,False,False
Anuncio actualizado el 12 de marzo,0,0,3.0,0,0,2004.0,no indicado,3 plantas,0,0,84631511,3,0.0,Arcos de la Frontera,"Avenida de Lebrija, 17"," Avenida de Lebrija, 17 , Arcos de la Frontera , Sierra de Cádiz, Cádiz ",,"Sierra de Cádiz, Cádiz",150,80.0,2019-04-14,175000,0,3.0,0,0,1,True,False,False,False,False,False,False,False,False,False,False,False,False,False,False,False,False,False,False,False,False
Anuncio actualizado el 13 de marzo,0,0,1.0,0,0,2004.0,no indicado,bajo exterior,0,0,84650979,2,0.0,Arcos de la Frontera,Urb. Jédula," Calle Pozo de la Bomba, 1 , Urb. Jédula , Arcos de la Frontera , Sierra de Cádiz, Cádiz ","Calle Pozo de la Bomba, 1","Sierra de Cádiz, Cádiz",70,80.0,2019-04-14,65000,0,3.0,0,0,0,True,False,False,False,False,False,False,False,False,False,False,False,False,False,False,False,False,False,False,False,False
Anuncio actualizado el 14 de marzo,0,0,2.0,0,0,2004.0,no indicado,planta 1ª exterior,0,0,84666250,2,0.0,Prado del Rey,"Calle Rodríguez de Válcarcel, 18"," Calle Rodríguez de Válcarcel, 18 , Prado del Rey , Sierra de Cádiz, Cádiz ",,"Sierra de Cádiz, Cádiz",90,80.0,2019-04-14,80000,0,3.0,0,0,1,True,False,False,False,False,False,False,False,False,False,False,False,False,False,False,False,False,False,False,False,False
Anuncio actualizado el 15 de marzo,0,0,1.0,0,0,2004.0,no indicado,bajo exterior,0,0,84681742,2,0.0,Bornos,"Calle Huerto del Agua, 57"," Calle Huerto del Agua, 57 , Bornos , Sierra de Cádiz, Cádiz ",,"Sierra de Cádiz, Cádiz",75,80.0,2019-04-14,60000,0,3.0,0,0,1,True,False,False,False,False,False,False,False,False,False,False,False,False,False,False,False,False,False,False,False,False
Anuncio actualizado el 21 de marzo,0,0,1.0,0,0,2004.0,no indicado,planta 2ª interior,0,0,84744337,2,0.0,Arcos de la Frontera,"Calle Juan Pablo II, 1"," Calle Juan Pablo II, 1 , Arcos de la Frontera , Sierra de Cádiz, Cádiz ",,"Sierra de Cádiz, Cádiz",85,80.0,2019-04-14,65000,0,3.0,0,0,0,True,False,False,False,False,False,False,False,False,False,False,False,False,False,False,False,False,False,False,False,False
Anuncio actualizado el 31 de marzo,0,0,1.0,0,0,2004.0,no indicado,planta 1ª exterior,0,0,84774133,2,0.0,Olvera,"Calle Maratón, 11"," Calle Maratón, 11 , Olvera , Sierra de Cádiz, Cádiz ",,"Sierra de Cádiz, Cádiz",110,80.0,2019-04-14,105000,0,3.0,1,0,0,True,False,False,False,False,False,False,False,False,False,False,False,False,False,False,False,False,False,False,False,False
Anuncio actualizado el 28 de marzo,0,0,1.0,0,0,2004.0,en trámite,planta 2ª exterior,0,0,84851625,2,0.0,Arcos de la Frontera,"Calle Portugal, 31"," Calle Portugal, 31 , Arcos de la Frontera , Sierra de Cádiz, Cádiz ",,"Sierra de Cádiz, Cádiz",108,80.0,2019-04-14,52000,0,3.0,0,0,1,True,False,False,False,False,False,False,False,False,False,False,False,False,False,False,False,False,False,False,False,False
Anuncio actualizado el 2 de abril,0,0,1.0,0,0,2004.0,no indicado,planta 1ª exterior,1,0,84914731,2,0.0,Arcos de la Frontera,"Calle los Alcaldes, 2"," Calle los Alcaldes, 2 , Arcos de la Frontera , Sierra de Cádiz, Cádiz ",,"Sierra de Cádiz, Cádiz",76,80.0,2019-04-14,62500,0,3.0,0,0,1,True,False,False,False,False,False,False,False,False,False,False,False,False,False,False,False,False,False,False,False,False
Anuncio actualizado el 13 de febrero,0,0,2.0,0,0,2004.0,,,0,0,36743468,0,0.0,Prado del Rey,Calle televisión española," Calle televisión española , Prado del Rey , Sierra de Cádiz, Cádiz ",,"Sierra de Cádiz, Cádiz",95,80.0,2019-04-14,49600,0,3.0,0,0,0,True,False,False,False,False,False,False,False,False,False,False,False,False,False,False,False,False,False,False,False,False
Anuncio actualizado el 5 de abril,0,0,2.0,0,0,2004.0,,,0,0,82863053,2,0.0,Arcos de la Frontera,Calle Pintor Pedro Campaña," Calle Pintor Pedro Campaña , Arcos de la Frontera , Sierra de Cádiz, Cádiz ",,"Sierra de Cádiz, Cádiz",121,80.0,2019-04-14,94000,0,3.0,0,0,0,True,False,False,False,False,False,False,False,False,False,False,False,False,False,False,False,False,False,False,False,False
Anuncio actualizado el 13 de febrero,0,0,1.0,0,0,2004.0,,planta 1ª,0,0,37011283,2,0.0,Villamartin,Calle virgen de las montañas," Calle virgen de las montañas , Villamartin , Sierra de Cádiz, Cádiz ",,"Sierra de Cádiz, Cádiz",89,80.0,2019-04-14,55400,0,3.0,0,0,0,True,False,False,False,False,False,False,False,False,False,False,False,False,False,False,False,False,False,False,False,False
Anuncio actualizado el 13 de febrero,0,0,1.0,0,0,2004.0,,,0,0,35645960,2,0.0,Arcos de la Frontera,Calle fuente del río," Calle fuente del río , Arcos de la Frontera , Sierra de Cádiz, Cádiz ",,"Sierra de Cádiz, Cádiz",105,80.0,2019-04-14,55600,0,3.0,0,0,0,True,False,False,False,False,False,False,False,False,False,False,False,False,False,False,False,False,False,False,False,False
Anuncio actualizado el 25 de febrero,0,0,2.0,0,0,2004.0,,,0,0,81439698,2,0.0,Ubrique,Distrito El Jardín - Antonio Vega," Avenida de la Fuente de San Francisco , Distrito El Jardín - Antonio Vega , Ubrique , Sierra de Cádiz, Cádiz ",Avenida de la Fuente de San Francisco,"Sierra de Cádiz, Cádiz",110,80.0,2019-04-14,89250,0,3.0,0,0,0,True,False,False,False,False,False,False,False,False,False,False,False,False,False,False,False,False,False,False,False,False
Anuncio actualizado el 13 de febrero,0,0,1.0,0,0,2004.0,,,0,0,33652019,2,0.0,Arcos de la Frontera,Puerta carmona," Puerta carmona , Arcos de la Frontera , Sierra de Cádiz, Cádiz ",,"Sierra de Cádiz, Cádiz",94,66.0,2019-04-14,43300,0,2.0,0,0,0,True,False,False,False,False,False,False,False,False,False,False,False,False,False,False,False,False,False,False,False,False
Anuncio actualizado el 13 de febrero,0,0,1.0,0,0,2004.0,,,0,0,83087555,2,0.0,Villamartin,Avenida de Arcos," Avenida de Arcos , Villamartin , Sierra de Cádiz, Cádiz ",,"Sierra de Cádiz, Cádiz",51,80.0,2019-04-14,47150,0,1.0,0,0,0,True,False,False,False,False,False,False,False,False,False,False,False,False,False,False,False,False,False,False,False,False
Anuncio actualizado el 30 de marzo,0,0,1.0,0,0,2004.0,,bajo,0,0,33652102,2,0.0,Villamartin,Calle subida de la iglesia," Calle subida de la iglesia , Villamartin , Sierra de Cádiz, Cádiz ",,"Sierra de Cádiz, Cádiz",38,80.0,2019-04-14,40300,0,1.0,0,0,0,True,False,False,False,False,False,False,False,False,False,False,False,False,False,False,False,False,False,False,False,False
Anuncio actualizado el 30 de marzo,0,0,1.0,0,0,2004.0,,bajo,0,0,31388192,2,0.0,Arcos de la Frontera,Calle santa teresa de jornet," Calle santa teresa de jornet , Arcos de la Frontera , Sierra de Cádiz, Cádiz ",,"Sierra de Cádiz, Cádiz",68,80.0,2019-04-14,37500,0,2.0,0,0,0,True,False,False,False,False,False,False,False,False,False,False,False,False,False,False,False,False,False,False,False,False
Anuncio actualizado el 25 de marzo,0,0,1.0,0,0,2004.0,,,0,0,83712461,2,0.0,Olvera,Calle Maestro Amado," Calle Maestro Amado , Olvera , Sierra de Cádiz, Cádiz ",,"Sierra de Cádiz, Cádiz",80,80.0,2019-04-14,64100,0,1.0,0,0,0,True,False,False,False,False,False,False,False,False,False,False,False,False,False,False,False,False,False,False,False,False
Anuncio actualizado el 22 de febrero,0,0,1.0,0,0,2004.0,,,0,0,84309561,0,0.0,Setenil,Calle San Benito," Calle San Benito , Setenil , Sierra de Cádiz, Cádiz ",,"Sierra de Cádiz, Cádiz",129,80.0,2019-04-14,72000,0,4.0,0,0,0,True,False,False,False,False,False,False,False,False,False,False,False,False,False,False,False,False,False,False,False,False
Anuncio actualizado el 16 de febrero,0,0,2.0,0,0,2004.0,,,0,0,84309571,3,0.0,Benaocaz,Laderas de Parral," Laderas de Parral , Benaocaz , Sierra de Cádiz, Cádiz ",,"Sierra de Cádiz, Cádiz",78,80.0,2019-04-14,71000,0,2.0,0,0,0,True,False,False,False,False,False,False,False,False,False,False,False,False,False,False,False,False,False,False,False,False
Anuncio actualizado el 16 de febrero,0,0,1.0,0,0,2004.0,,,0,0,84309572,2,0.0,Benaocaz,Laderas de Parral," Laderas de Parral , Benaocaz , Sierra de Cádiz, Cádiz ",,"Sierra de Cádiz, Cádiz",81,80.0,2019-04-14,61500,0,2.0,0,0,0,True,False,False,False,False,False,False,False,False,False,False,False,False,False,False,False,False,False,False,False,False
Anuncio actualizado el 16 de febrero,0,0,2.0,0,0,2004.0,,,0,0,84309573,3,0.0,Benaocaz,Laderas de Parral," Laderas de Parral , Benaocaz , Sierra de Cádiz, Cádiz ",,"Sierra de Cádiz, Cádiz",90,80.0,2019-04-14,72500,0,2.0,0,0,0,True,False,False,False,False,False,False,False,False,False,False,False,False,False,False,False,False,False,False,False,False
Anuncio actualizado el 19 de febrero,0,0,2.0,0,0,2004.0,,,0,0,84337033,3,0.0,Benaocaz,Laderas de Parral," Laderas de Parral , Benaocaz , Sierra de Cádiz, Cádiz ",,"Sierra de Cádiz, Cádiz",90,80.0,2019-04-14,84000,0,2.0,0,0,0,True,False,False,False,False,False,False,False,False,False,False,False,False,False,False,False,False,False,False,False,False
Anuncio actualizado el 19 de febrero,0,0,2.0,0,0,2004.0,,,0,0,84337028,3,0.0,Benaocaz,Laderas de Parral," Laderas de Parral , Benaocaz , Sierra de Cádiz, Cádiz ",,"Sierra de Cádiz, Cádiz",90,80.0,2019-04-14,80000,0,2.0,0,0,0,True,False,False,False,False,False,False,False,False,False,False,False,False,False,False,False,False,False,False,False,False
Anuncio actualizado el 19 de febrero,0,0,2.0,0,0,2004.0,,,0,0,84337034,3,0.0,Benaocaz,Laderas de Parral," Laderas de Parral , Benaocaz , Sierra de Cádiz, Cádiz ",,"Sierra de Cádiz, Cádiz",91,80.0,2019-04-14,80500,0,2.0,0,0,0,True,False,False,False,False,False,False,False,False,False,False,False,False,False,False,False,False,False,False,False,False
Anuncio actualizado el 5 de abril,0,0,3.0,0,0,2004.0,,,0,0,84337035,3,0.0,Benaocaz,Laderas de Parral," Laderas de Parral , Benaocaz , Sierra de Cádiz, Cádiz ",,"Sierra de Cádiz, Cádiz",129,80.0,2019-04-14,98500,0,3.0,0,0,0,True,False,False,False,False,False,False,False,False,False,False,False,False,False,False,False,False,False,False,False,False
Anuncio actualizado el 19 de febrero,0,0,1.0,0,0,2004.0,,,0,0,84337036,2,0.0,Benaocaz,Laderas de Parral," Laderas de Parral , Benaocaz , Sierra de Cádiz, Cádiz ",,"Sierra de Cádiz, Cádiz",86,80.0,2019-04-14,65500,0,2.0,0,0,0,True,False,False,False,False,False,False,False,False,False,False,False,False,False,False,False,False,False,False,False,False
Anuncio actualizado el 19 de febrero,0,0,1.0,0,0,2004.0,,,0,0,84337049,2,0.0,Benaocaz,Laderas de Parral," Laderas de Parral , Benaocaz , Sierra de Cádiz, Cádiz ",,"Sierra de Cádiz, Cádiz",87,80.0,2019-04-14,64000,0,2.0,0,0,0,True,False,False,False,False,False,False,False,False,False,False,False,False,False,False,False,False,False,False,False,False
Anuncio actualizado el 19 de febrero,0,0,1.0,0,0,2004.0,,,0,0,84337050,2,0.0,Benaocaz,Laderas de Parral," Laderas de Parral , Benaocaz , Sierra de Cádiz, Cádiz ",,"Sierra de Cádiz, Cádiz",97,80.0,2019-04-14,71000,0,2.0,0,0,0,True,False,False,False,False,False,False,False,False,False,False,False,False,False,False,False,False,False,False,False,False
Anuncio actualizado el 19 de febrero,0,0,2.0,0,0,2004.0,,,0,0,84337052,2,0.0,Benaocaz,Laderas de Parral," Laderas de Parral , Benaocaz , Sierra de Cádiz, Cádiz ",,"Sierra de Cádiz, Cádiz",110,80.0,2019-04-14,79000,0,3.0,0,0,0,True,False,False,False,False,False,False,False,False,False,False,False,False,False,False,False,False,False,False,False,False
Anuncio actualizado el 19 de febrero,0,0,1.0,0,0,2004.0,,,0,0,84337053,2,0.0,Benaocaz,Laderas de Parral," Laderas de Parral , Benaocaz , Sierra de Cádiz, Cádiz ",,"Sierra de Cádiz, Cádiz",82,80.0,2019-04-14,62000,0,2.0,0,0,0,True,False,False,False,False,False,False,False,False,False,False,False,False,False,False,False,False,False,False,False,False
Anuncio actualizado el 19 de febrero,0,0,2.0,0,0,2004.0,,,0,0,84337055,2,0.0,Benaocaz,Laderas de Parral," Laderas de Parral , Benaocaz , Sierra de Cádiz, Cádiz ",,"Sierra de Cádiz, Cádiz",119,80.0,2019-04-14,81500,0,1.0,0,0,0,True,False,False,False,False,False,False,False,False,False,False,False,False,False,False,False,False,False,False,False,False
Anuncio actualizado el 5 de abril,0,0,3.0,0,0,2004.0,,,0,0,84337056,3,0.0,Benaocaz,Laderas de Parral," Laderas de Parral , Benaocaz , Sierra de Cádiz, Cádiz ",,"Sierra de Cádiz, Cádiz",124,80.0,2019-04-14,94000,0,3.0,0,0,0,True,False,False,False,False,False,False,False,False,False,False,False,False,False,False,False,False,False,False,False,False
Anuncio actualizado el 19 de febrero,0,0,2.0,0,0,2004.0,,,0,0,84337057,3,0.0,Benaocaz,Laderas de Parral," Laderas de Parral , Benaocaz , Sierra de Cádiz, Cádiz ",,"Sierra de Cádiz, Cádiz",92,80.0,2019-04-14,76500,0,2.0,0,0,0,True,False,False,False,False,False,False,False,False,False,False,False,False,False,False,False,False,False,False,False,False
Anuncio actualizado el 19 de febrero,0,0,2.0,0,0,2004.0,,,0,0,84337043,3,0.0,Benaocaz,Laderas de Parral," Laderas de Parral , Benaocaz , Sierra de Cádiz, Cádiz ",,"Sierra de Cádiz, Cádiz",93,80.0,2019-04-14,75500,0,2.0,0,0,0,True,False,False,False,False,False,False,False,False,False,False,False,False,False,False,False,False,False,False,False,False
Anuncio actualizado el 19 de febrero,0,0,2.0,0,0,2004.0,,,0,0,84337058,3,0.0,Benaocaz,Laderas de Parral," Laderas de Parral , Benaocaz , Sierra de Cádiz, Cádiz ",,"Sierra de Cádiz, Cádiz",90,80.0,2019-04-14,76000,0,2.0,0,0,0,True,False,False,False,False,False,False,False,False,False,False,False,False,False,False,False,False,False,False,False,False
Anuncio actualizado el 19 de febrero,0,0,2.0,0,0,2004.0,,,0,0,84337059,3,0.0,Benaocaz,Laderas de Parral," Laderas de Parral , Benaocaz , Sierra de Cádiz, Cádiz ",,"Sierra de Cádiz, Cádiz",93,80.0,2019-04-14,78500,0,2.0,0,0,0,True,False,False,False,False,False,False,False,False,False,False,False,False,False,False,False,False,False,False,False,False
Anuncio actualizado el 19 de febrero,0,0,2.0,0,0,2004.0,,,0,0,84337044,3,0.0,Benaocaz,Laderas de Parral," Laderas de Parral , Benaocaz , Sierra de Cádiz, Cádiz ",,"Sierra de Cádiz, Cádiz",90,80.0,2019-04-14,74500,0,2.0,0,0,0,True,False,False,False,False,False,False,False,False,False,False,False,False,False,False,False,False,False,False,False,False
Anuncio actualizado el 30 de marzo,0,0,1.0,0,0,2004.0,,planta 1ª,0,0,33652103,2,0.0,Villamartin,Calle Subida de la Iglesia," Calle Subida de la Iglesia , Villamartin , Sierra de Cádiz, Cádiz ",,"Sierra de Cádiz, Cádiz",43,80.0,2019-04-14,43450,0,1.0,0,0,0,True,False,False,False,False,False,False,False,False,False,False,False,False,False,False,False,False,False,False,False,False
Anuncio actualizado el 30 de marzo,0,0,1.0,0,0,2004.0,,planta 1ª,0,0,33652104,2,0.0,Villamartin,Calle subida de la iglesia," Calle subida de la iglesia , Villamartin , Sierra de Cádiz, Cádiz ",,"Sierra de Cádiz, Cádiz",62,80.0,2019-04-14,48550,0,2.0,0,0,0,True,False,False,False,False,False,False,False,False,False,False,False,False,False,False,False,False,False,False,False,False
Anuncio actualizado el 30 de marzo,0,0,1.0,0,0,2004.0,,planta 2ª,0,0,33652105,2,0.0,Villamartin,Calle Subida de la Iglesia," Calle Subida de la Iglesia , Villamartin , Sierra de Cádiz, Cádiz ",,"Sierra de Cádiz, Cádiz",49,80.0,2019-04-14,46200,0,1.0,0,0,0,True,False,False,False,False,False,False,False,False,False,False,False,False,False,False,False,False,False,False,False,False
Anuncio actualizado el 3 de marzo,0,0,1.0,0,0,2004.0,,planta 2ª,0,0,33652106,5,0.0,Villamartin,Calle Subida de la Iglesia," Calle Subida de la Iglesia , Villamartin , Sierra de Cádiz, Cádiz ",,"Sierra de Cádiz, Cádiz",96,80.0,2019-04-14,74850,0,3.0,0,0,0,True,False,False,False,False,False,False,False,False,False,False,False,False,False,False,False,False,False,False,False,False
Anuncio actualizado el 19 de febrero,0,0,2.0,0,0,2004.0,,,0,0,84337085,2,0.0,Benaocaz,Laderas de Parral," Laderas de Parral , Benaocaz , Sierra de Cádiz, Cádiz ",,"Sierra de Cádiz, Cádiz",114,80.0,2019-04-14,84500,0,3.0,0,0,0,True,False,False,False,False,False,False,False,False,False,False,False,False,False,False,False,False,False,False,False,False
Anuncio actualizado el 2 de marzo,0,0,2.0,0,0,2004.0,,,0,0,84505631,3,0.0,Benaocaz,Laderas de Parral," Laderas de Parral , Benaocaz , Sierra de Cádiz, Cádiz ",,"Sierra de Cádiz, Cádiz",90,80.0,2019-04-14,76500,0,2.0,0,0,0,True,False,False,False,False,False,False,False,False,False,False,False,False,False,False,False,False,False,False,False,False
Anuncio actualizado el 2 de marzo,0,0,2.0,0,0,2004.0,,,0,0,84505632,3,0.0,Benaocaz,Laderas de Parral," Laderas de Parral , Benaocaz , Sierra de Cádiz, Cádiz ",,"Sierra de Cádiz, Cádiz",90,80.0,2019-04-14,76500,0,2.0,0,0,0,True,False,False,False,False,False,False,False,False,False,False,False,False,False,False,False,False,False,False,False,False
Anuncio actualizado el 2 de marzo,0,0,2.0,0,0,2004.0,,,0,0,84505633,3,0.0,Benaocaz,Laderas de Parral," Laderas de Parral , Benaocaz , Sierra de Cádiz, Cádiz ",,"Sierra de Cádiz, Cádiz",90,80.0,2019-04-14,74500,0,2.0,0,0,0,True,False,False,False,False,False,False,False,False,False,False,False,False,False,False,False,False,False,False,False,False
Anuncio actualizado el 14 de marzo,0,0,1.0,0,0,2004.0,no indicado,,0,0,84664335,3,0.0,Villamartin,"Camino al Silo, 9"," Camino al Silo, 9 , Villamartin , Sierra de Cádiz, Cádiz ",,"Sierra de Cádiz, Cádiz",90,80.0,2019-04-14,75000,0,2.0,0,0,0,True,False,False,False,False,False,False,False,False,False,False,False,False,False,False,False,False,False,False,False,False
Anuncio actualizado el 6 de abril,0,0,1.0,0,0,2004.0,,,0,0,84970900,2,0.0,Arcos de la Frontera,Calle Alcalá del Valle," Calle Alcalá del Valle , Arcos de la Frontera , Sierra de Cádiz, Cádiz ",,"Sierra de Cádiz, Cádiz",91,80.0,2019-04-14,73000,0,3.0,0,0,0,True,False,False,False,False,False,False,False,False,False,False,False,False,False,False,False,False,False,False,False,False
Anuncio actualizado el 6 de abril,0,0,3.0,0,0,2004.0,,,0,0,84970902,3,0.0,Arcos de la Frontera,Calle José Luis Borau," Calle José Luis Borau , Arcos de la Frontera , Sierra de Cádiz, Cádiz ",,"Sierra de Cádiz, Cádiz",100,80.0,2019-04-14,120500,0,3.0,0,0,0,True,False,False,False,False,False,False,False,False,False,False,False,False,False,False,False,False,False,False,False,False
Anuncio actualizado el 9 de diciembre,1,0,1.0,1,0,2004.0,no indicado,planta 2ª exterior,1,0,37759743,2,0.0,Arcos de la Frontera,"Calle Bulería, 5"," Calle Bulería, 5 , Arcos de la Frontera , Sierra de Cádiz, Cádiz ",,"Sierra de Cádiz, Cádiz",86,80.0,2019-04-14,65000,0,3.0,1,0,0,True,False,False,False,False,False,False,False,False,False,False,False,False,False,False,False,False,False,False,False,False
Anuncio actualizado el 19 de febrero,1,0,2.0,0,0,2004.0,no indicado,,0,0,84344896,0,0.0,Arcos de la Frontera,"Calle María Atienza Corrales, 49"," Calle María Atienza Corrales, 49 , Arcos de la Frontera , Sierra de Cádiz, Cádiz ",,"Sierra de Cádiz, Cádiz",75,80.0,2019-04-14,80000,0,3.0,0,0,1,True,False,False,False,False,False,False,False,False,False,False,False,False,False,False,False,False,False,False,False,False
Anuncio actualizado el 5 de abril,0,0,2.0,0,0,2004.0,no indicado,planta 1ª exterior,0,0,84949943,2,0.0,Villamartin,"Calle Rosario, 9"," Calle Rosario, 9 , Villamartin , Sierra de Cádiz, Cádiz ",,"Sierra de Cádiz, Cádiz",160,80.0,2019-04-14,90000,0,4.0,0,0,1,True,False,False,False,False,False,False,False,False,False,False,False,False,False,False,False,False,False,False,False,False
Anuncio actualizado el 8 de abril,0,1,1.0,0,0,2004.0,no indicado,planta 1ª exterior,0,0,84963024,2,0.0,Arcos de la Frontera,"Calle Vejer, 1"," Calle Vejer, 1 , Arcos de la Frontera , Sierra de Cádiz, Cádiz ",,"Sierra de Cádiz, Cádiz",60,80.0,2019-04-14,46500,0,2.0,0,0,1,True,False,False,False,False,False,False,False,False,False,False,False,False,False,False,False,False,False,False,False,False
Anuncio actualizado el 3 de abril,1,0,2.0,1,0,2004.0,no indicado,planta 1ª exterior,0,1,84924482,2,0.0,El Bosque,"Calle Antonio Machado, 24"," Calle Antonio Machado, 24 , El Bosque , Sierra de Cádiz, Cádiz ",,"Sierra de Cádiz, Cádiz",127,80.0,2019-04-14,180000,0,3.0,0,1,1,True,False,False,False,True,False,False,False,False,False,False,False,False,False,False,False,False,False,False,False,False
Anuncio actualizado el 4 de abril,0,0,1.0,0,0,2004.0,en trámite,1 planta,0,0,84944657,0,0.0,Arcos de la Frontera,"Calle Manzana, 9"," Calle Manzana, 9 , Arcos de la Frontera , Sierra de Cádiz, Cádiz ",,"Sierra de Cádiz, Cádiz",80,80.0,2019-04-14,90000,0,3.0,0,0,1,True,False,False,False,False,False,False,False,False,False,False,False,False,False,False,False,False,False,False,False,False
Anuncio actualizado el 4 de enero,0,0,1.0,0,0,2004.0,,,0,0,27059447,2,0.0,Prado del Rey,Candelaria edificio Prado del Rey s/n," Candelaria edificio Prado del Rey s/n , Prado del Rey , Sierra de Cádiz, Cádiz ",,"Sierra de Cádiz, Cádiz",97,80.0,2019-04-14,49980,0,3.0,0,0,0,False,False,False,False,False,False,False,False,False,False,False,False,False,False,False,False,False,False,False,False,False
Anuncio actualizado el 5 de septiembre,0,0,1.0,0,0,2004.0,,,0,0,29354495,2,0.0,Prado del Rey,"Alta, 23"," Alta, 23 , Prado del Rey , Sierra de Cádiz, Cádiz ",,"Sierra de Cádiz, Cádiz",134,116.0,2019-04-14,78722,0,3.0,0,0,0,False,False,False,False,False,False,False,False,False,False,False,False,False,False,False,False,False,False,False,False,False
Anuncio actualizado el 11 de abril,0,0,1.0,0,0,2004.0,,planta 2ª,0,0,84152140,2,0.0,Ubrique,Distrito Casco antiguo - Convento - Caldereto," Calle Doctor Serafín Bohórquez , Distrito Casco antiguo - Convento - Caldereto , Ubrique , Sierra de Cádiz, Cádiz ",Calle Doctor Serafín Bohórquez,"Sierra de Cádiz, Cádiz",63,80.0,2019-04-14,86300,0,1.0,0,0,0,True,False,False,False,False,False,False,False,False,False,False,False,False,False,False,False,False,False,False,False,False
Anuncio actualizado el 8 de abril,0,0,1.0,0,0,2004.0,en trámite,planta 2ª,0,0,84107499,2,0.0,Ubrique,Distrito Casco antiguo - Convento - Caldereto," Calle Doctor Serafín Bohórquez, 8 , Distrito Casco antiguo - Convento - Caldereto , Ubrique , Sierra de Cádiz, Cádiz ","Calle Doctor Serafín Bohórquez, 8","Sierra de Cádiz, Cádiz",63,80.0,2019-04-14,86300,0,1.0,0,0,0,False,False,False,False,False,False,False,False,False,False,False,False,False,False,False,False,False,False,False,False,False
Anuncio actualizado el 10 de abril,0,0,1.0,0,0,2004.0,no indicado,1 planta,1,0,85020389,1,0.0,Puerto Serrano,"Calle Soledad, 12"," Calle Soledad, 12 , Puerto Serrano , Sierra de Cádiz, Cádiz ",,"Sierra de Cádiz, Cádiz",120,80.0,2019-04-14,80000,0,2.0,0,0,1,True,False,False,False,False,False,False,False,False,False,False,False,False,False,False,False,False,False,False,False,False
Anuncio actualizado el 10 de abril,0,0,3.0,0,0,2004.0,no indicado,,0,0,83799846,2,0.0,Arcos de la Frontera,," , Arcos de la Frontera , Sierra de Cádiz, Cádiz ",,"Sierra de Cádiz, Cádiz",133,106.0,2019-04-14,51500,0,3.0,0,0,0,False,False,False,False,False,False,False,False,False,False,False,False,False,False,False,False,False,False,False,False,False
Anuncio actualizado el 10 de abril,0,0,1.0,0,0,2004.0,no indicado,,0,0,83799854,2,0.0,Arcos de la Frontera,," , Arcos de la Frontera , Sierra de Cádiz, Cádiz ",,"Sierra de Cádiz, Cádiz",94,66.0,2019-04-14,43300,0,2.0,0,0,0,False,False,False,False,False,False,False,False,False,False,False,False,False,False,False,False,False,False,False,False,False
Anuncio actualizado el 10 de abril,0,0,1.0,0,0,2004.0,no indicado,,0,0,83799861,2,0.0,Arcos de la Frontera,," , Arcos de la Frontera , Sierra de Cádiz, Cádiz ",,"Sierra de Cádiz, Cádiz",68,49.0,2019-04-14,37500,0,2.0,0,0,0,False,False,False,False,False,False,False,False,False,False,False,False,False,False,False,False,False,False,False,False,False
Anuncio actualizado el 10 de abril,0,0,1.0,0,0,2004.0,no indicado,,0,0,83800250,7,0.0,Prado del Rey,," , Prado del Rey , Sierra de Cádiz, Cádiz ",,"Sierra de Cádiz, Cádiz",85,80.0,2019-04-14,42250,0,2.0,0,0,0,False,False,False,False,False,False,False,False,False,False,False,False,False,False,False,False,False,False,False,False,False
Anuncio actualizado el 10 de abril,0,0,2.0,0,0,2004.0,no indicado,,0,0,83800255,2,0.0,Prado del Rey,," , Prado del Rey , Sierra de Cádiz, Cádiz ",,"Sierra de Cádiz, Cádiz",94,78.0,2019-04-14,49600,0,3.0,0,0,0,False,False,False,False,False,False,False,False,False,False,False,False,False,False,False,False,False,False,False,False,False
Anuncio actualizado el 10 de abril,0,0,1.0,0,0,2004.0,no indicado,,0,0,83800286,2,0.0,Puerto Serrano,," , Puerto Serrano , Sierra de Cádiz, Cádiz ",,"Sierra de Cádiz, Cádiz",219,162.0,2019-04-14,47000,0,3.0,0,0,0,False,False,False,False,False,False,False,False,False,False,False,False,False,False,False,False,False,False,False,False,False
Anuncio actualizado el 10 de abril,0,0,1.0,0,0,2004.0,no indicado,,0,0,83800494,2,0.0,Villamartin,," , Villamartin , Sierra de Cádiz, Cádiz ",,"Sierra de Cádiz, Cádiz",87,80.0,2019-04-14,46250,0,3.0,0,0,0,False,False,False,False,False,False,False,False,False,False,False,False,False,False,False,False,False,False,False,False,False
Anuncio actualizado el 10 de abril,0,0,1.0,0,0,2004.0,no indicado,,0,0,83800478,2,0.0,Villamartin,," , Villamartin , Sierra de Cádiz, Cádiz ",,"Sierra de Cádiz, Cádiz",80,61.0,2019-04-14,45250,0,2.0,0,0,0,False,False,False,False,False,False,False,False,False,False,False,False,False,False,False,False,False,False,False,False,False
Anuncio actualizado el 1 de abril,0,0,1.0,0,0,2004.0,no indicado,,0,0,84280663,2,0.0,Villamartin,," , Villamartin , Sierra de Cádiz, Cádiz ",,"Sierra de Cádiz, Cádiz",66,56.0,2019-04-14,33600,0,2.0,0,0,0,False,False,False,False,False,False,False,False,False,False,False,False,False,False,False,False,False,False,False,False,False
Anuncio actualizado el 10 de abril,0,0,1.0,0,0,2004.0,no indicado,,0,0,83799847,2,0.0,Arcos de la Frontera,," , Arcos de la Frontera , Sierra de Cádiz, Cádiz ",,"Sierra de Cádiz, Cádiz",105,80.0,2019-04-14,55600,0,3.0,0,0,0,False,False,False,False,False,False,False,False,False,False,False,False,False,False,False,False,False,False,False,False,False
Anuncio actualizado el 10 de abril,0,0,2.0,0,0,2004.0,no indicado,,0,0,83799859,2,0.0,Arcos de la Frontera,," , Arcos de la Frontera , Sierra de Cádiz, Cádiz ",,"Sierra de Cádiz, Cádiz",121,89.0,2019-04-14,94000,0,3.0,0,0,0,False,False,False,False,False,False,False,False,False,False,False,False,False,False,False,False,False,False,False,False,False
Anuncio actualizado el 10 de abril,0,0,1.0,0,0,2004.0,no indicado,,0,0,83799876,2,0.0,Bornos,," , Bornos , Sierra de Cádiz, Cádiz ",,"Sierra de Cádiz, Cádiz",86,85.0,2019-04-14,40850,0,3.0,0,0,0,False,False,False,False,False,False,False,False,False,False,False,False,False,False,False,False,False,False,False,False,False
Anuncio actualizado el 10 de abril,0,0,2.0,0,0,2004.0,no indicado,,0,0,83800479,2,0.0,Ubrique,Distrito El Jardín - Antonio Vega," , Distrito El Jardín - Antonio Vega , Ubrique , Sierra de Cádiz, Cádiz ",,"Sierra de Cádiz, Cádiz",110,86.0,2019-04-14,89250,0,3.0,0,0,0,False,False,False,False,False,False,False,False,False,False,False,False,False,False,False,False,False,False,False,False,False
Anuncio actualizado el 10 de abril,0,0,1.0,0,0,2004.0,no indicado,,1,0,83800500,2,0.0,Villamartin,," , Villamartin , Sierra de Cádiz, Cádiz ",,"Sierra de Cádiz, Cádiz",43,42.0,2019-04-14,43450,0,1.0,1,0,0,False,False,False,False,False,False,False,False,False,False,False,False,False,False,False,False,False,False,False,False,False
Anuncio actualizado el 10 de abril,0,0,1.0,0,0,2004.0,no indicado,,1,0,83800507,2,0.0,Villamartin,," , Villamartin , Sierra de Cádiz, Cádiz ",,"Sierra de Cádiz, Cádiz",62,80.0,2019-04-14,48550,0,2.0,1,0,0,False,False,False,False,False,False,False,False,False,False,False,False,False,False,False,False,False,False,False,False,False
Anuncio actualizado el 10 de abril,0,0,1.0,0,0,2004.0,no indicado,,1,0,83800522,2,0.0,Villamartin,," , Villamartin , Sierra de Cádiz, Cádiz ",,"Sierra de Cádiz, Cádiz",49,80.0,2019-04-14,46200,0,1.0,1,0,0,False,False,False,False,False,False,False,False,False,False,False,False,False,False,False,False,False,False,False,False,False
Anuncio actualizado el 10 de abril,0,0,1.0,0,0,2004.0,no indicado,,1,0,83800531,2,0.0,Villamartin,," , Villamartin , Sierra de Cádiz, Cádiz ",,"Sierra de Cádiz, Cádiz",38,37.0,2019-04-14,40300,0,1.0,1,0,0,False,False,False,False,False,False,False,False,False,False,False,False,False,False,False,False,False,False,False,False,False
Anuncio actualizado el 10 de abril,0,0,1.0,0,0,2004.0,no indicado,,0,0,83800543,2,0.0,Villamartin,," , Villamartin , Sierra de Cádiz, Cádiz ",,"Sierra de Cádiz, Cádiz",88,77.0,2019-04-14,55400,0,3.0,0,0,0,False,False,False,False,False,False,False,False,False,False,False,False,False,False,False,False,False,False,False,False,False
Anuncio actualizado el 10 de abril,0,0,2.0,0,0,2004.0,no indicado,,0,0,84398447,2,0.0,El Bosque,," , El Bosque , Sierra de Cádiz, Cádiz ",,"Sierra de Cádiz, Cádiz",77,68.0,2019-04-14,85050,0,2.0,0,0,0,False,False,False,False,False,False,False,False,False,False,False,False,False,False,False,False,False,False,False,False,False
Anuncio actualizado el 10 de abril,0,0,1.0,0,0,2004.0,no indicado,,0,0,84427787,2,0.0,Zahara,," , Zahara , Sierra de Cádiz, Cádiz ",,"Sierra de Cádiz, Cádiz",81,69.0,2019-04-14,84100,0,2.0,0,0,0,False,False,False,False,False,False,False,False,False,False,False,False,False,False,False,False,False,False,False,False,False
Anuncio actualizado el 10 de abril,0,0,2.0,0,0,2004.0,no indicado,,0,0,84463780,7,0.0,Benaocaz,," , Benaocaz , Sierra de Cádiz, Cádiz ",,"Sierra de Cádiz, Cádiz",92,75.0,2019-04-14,75500,0,2.0,0,0,0,True,False,False,False,False,False,False,False,False,False,False,False,False,False,False,False,False,False,False,False,False
Anuncio actualizado el 10 de abril,0,0,2.0,0,0,2004.0,no indicado,,0,0,84463781,7,0.0,Benaocaz,," , Benaocaz , Sierra de Cádiz, Cádiz ",,"Sierra de Cádiz, Cádiz",89,74.0,2019-04-14,76000,0,2.0,0,0,0,False,False,False,False,False,False,False,False,False,False,False,False,False,False,False,False,False,False,False,False,False
Anuncio actualizado el 10 de abril,0,0,2.0,0,0,2004.0,no indicado,,0,0,84468657,7,0.0,Benaocaz,," , Benaocaz , Sierra de Cádiz, Cádiz ",,"Sierra de Cádiz, Cádiz",89,68.0,2019-04-14,74500,0,2.0,0,0,0,True,False,False,False,False,False,False,False,False,False,False,False,False,False,False,False,False,False,False,False,False
Anuncio actualizado el 19 de marzo,0,0,3.0,1,0,1993.0,en trámite,3 plantas,1,0,37126726,0,0.0,Olvera,," , Olvera , Sierra de Cádiz, Cádiz ",,"Sierra de Cádiz, Cádiz",135,278.0,2019-04-14,240000,0,5.0,0,0,0,True,False,False,False,False,False,False,False,False,False,False,False,False,False,False,False,False,True,False,False,False
Anuncio actualizado el 10 de abril,0,0,1.0,0,0,2004.0,no indicado,,1,0,83800488,2,0.0,Villamartin,," , Villamartin , Sierra de Cádiz, Cádiz ",,"Sierra de Cádiz, Cádiz",51,39.0,2019-04-14,47150,0,1.0,0,0,0,False,False,False,False,False,False,False,False,False,False,False,False,False,False,False,False,False,False,False,False,False
Anuncio actualizado el 10 de abril,0,0,1.0,0,0,2004.0,no indicado,,0,0,84462639,2,0.0,Benaocaz,," , Benaocaz , Sierra de Cádiz, Cádiz ",,"Sierra de Cádiz, Cádiz",86,62.0,2019-04-14,65500,0,2.0,0,0,0,True,False,False,False,False,False,False,False,False,False,False,False,False,False,False,False,False,False,False,False,False
Anuncio actualizado el 10 de abril,0,0,1.0,0,0,2004.0,no indicado,,0,0,84462640,2,0.0,Benaocaz,," , Benaocaz , Sierra de Cádiz, Cádiz ",,"Sierra de Cádiz, Cádiz",87,62.0,2019-04-14,64000,0,2.0,0,0,0,False,False,False,False,False,False,False,False,False,False,False,False,False,False,False,False,False,False,False,False,False
Anuncio actualizado el 10 de abril,0,0,2.0,0,0,2004.0,no indicado,,0,0,84463783,2,0.0,Benaocaz,," , Benaocaz , Sierra de Cádiz, Cádiz ",,"Sierra de Cádiz, Cádiz",113,82.0,2019-04-14,84500,0,3.0,1,0,0,True,False,False,False,False,False,False,False,False,False,False,False,False,False,False,False,False,False,False,False,False
Anuncio actualizado el 13 de marzo,0,1,1.0,1,0,2001.0,no indicado,,0,0,84649246,10,0.0,Zahara,," , Zahara , Sierra de Cádiz, Cádiz ",,"Sierra de Cádiz, Cádiz",69,57.0,2019-04-14,84100,0,2.0,0,0,0,False,False,False,False,False,False,False,False,False,False,False,False,False,False,False,False,False,False,False,False,False
Anuncio actualizado el 14 de marzo,0,0,2.0,1,0,2004.0,en trámite,,0,1,84649487,3,0.0,Prado del Rey,," , Prado del Rey , Sierra de Cádiz, Cádiz ",,"Sierra de Cádiz, Cádiz",94,78.0,2019-04-14,49600,0,3.0,0,0,0,True,False,False,False,False,False,False,False,False,False,False,False,False,False,False,False,False,False,False,False,False
Anuncio actualizado el 1 de abril,0,0,1.0,0,0,2004.0,no indicado,,0,0,84756011,2,0.0,Arcos de la Frontera,," , Arcos de la Frontera , Sierra de Cádiz, Cádiz ",,"Sierra de Cádiz, Cádiz",72,80.0,2019-04-14,33000,0,1.0,0,0,0,False,False,False,False,False,False,False,False,False,False,False,False,False,False,False,False,False,False,False,False,False
Anuncio actualizado el 13 de marzo,1,0,1.0,1,0,2004.0,no indicado,planta 2ª,0,0,84649106,2,0.0,Villamartin,," , Villamartin , Sierra de Cádiz, Cádiz ",,"Sierra de Cádiz, Cádiz",94,77.0,2019-04-14,55850,0,3.0,1,0,0,False,False,False,False,False,False,False,False,False,False,False,False,False,False,False,False,False,False,False,False,False
Anuncio actualizado el 13 de marzo,0,1,2.0,1,0,2004.0,no indicado,,0,0,84649137,10,0.0,El Bosque,," , El Bosque , Sierra de Cádiz, Cádiz ",,"Sierra de Cádiz, Cádiz",77,68.0,2019-04-14,85050,0,2.0,1,0,0,False,False,False,False,False,False,False,False,False,False,False,False,False,False,False,False,False,False,False,False,False
Anuncio actualizado el 13 de marzo,0,1,1.0,0,0,2001.0,no indicado,planta 1ª,0,0,84649245,2,0.0,Villamartin,," , Villamartin , Sierra de Cádiz, Cádiz ",,"Sierra de Cádiz, Cádiz",89,77.0,2019-04-14,55400,0,3.0,0,0,0,False,False,False,False,False,False,False,False,False,False,False,False,False,False,False,False,False,False,False,False,False
Anuncio actualizado el 14 de marzo,0,0,2.0,0,0,2004.0,no indicado,2 plantas,0,0,27340359,7,0.0,Bornos,"Calle Gredera, 14"," Calle Gredera, 14 , Bornos , Sierra de Cádiz, Cádiz ",,"Sierra de Cádiz, Cádiz",126,104.0,2019-04-14,78000,0,3.0,1,0,1,False,True,False,False,False,False,False,False,False,False,False,False,False,False,False,False,False,False,False,False,False
Anuncio actualizado el 11 de marzo,1,1,1.0,1,0,2004.0,no indicado,bajo exterior,0,0,30333509,2,0.0,Espera,"Calle Sol, 14"," Calle Sol, 14 , Espera , Sierra de Cádiz, Cádiz ",,"Sierra de Cádiz, Cádiz",85,80.0,2019-04-14,75000,0,3.0,0,0,0,True,False,False,False,False,False,False,False,False,True,False,False,False,False,False,False,False,False,False,False,False
Anuncio actualizado el 21 de noviembre,0,0,1.0,0,0,2004.0,no indicado,,0,0,32683160,1,0.0,Villamartin,"Calle carreteros, 57"," Calle carreteros, 57 , Villamartin , Sierra de Cádiz, Cádiz ",,"Sierra de Cádiz, Cádiz",155,80.0,2019-04-14,80000,0,3.0,0,0,0,True,False,False,False,False,False,False,False,False,False,False,False,False,False,False,False,False,False,False,False,False
Anuncio actualizado el 21 de febrero,0,0,1.0,0,0,2004.0,,planta 2ª,0,0,34839404,2,0.0,Arcos de la Frontera,," , Arcos de la Frontera , Sierra de Cádiz, Cádiz ",,"Sierra de Cádiz, Cádiz",89,80.0,2019-04-14,77600,0,3.0,0,0,0,True,False,False,False,False,False,False,False,False,False,False,False,False,False,False,False,False,False,False,False,False
Anuncio actualizado el 25 de febrero,0,0,1.0,0,0,2004.0,,planta 3ª,0,0,82589030,2,0.0,Ubrique,Distrito Centro," , Distrito Centro , Ubrique , Sierra de Cádiz, Cádiz ",,"Sierra de Cádiz, Cádiz",80,70.0,2019-04-14,66000,0,3.0,0,0,0,True,False,False,False,False,False,False,False,False,False,False,False,False,False,False,False,False,False,False,False,False
Anuncio actualizado el 19 de febrero,0,0,1.0,0,0,2004.0,,,0,0,83373026,10,0.0,Benaocaz,," , Benaocaz , Sierra de Cádiz, Cádiz ",,"Sierra de Cádiz, Cádiz",141,120.0,2019-04-14,120100,0,2.0,0,0,0,True,False,False,False,False,False,False,False,False,False,False,False,False,False,False,False,False,False,False,False,False
Anuncio actualizado el 16 de marzo,0,0,1.0,0,0,2008.0,en trámite,planta 3ª,0,0,38913347,2,0.0,Prado del Rey,," , Prado del Rey , Sierra de Cádiz, Cádiz ",,"Sierra de Cádiz, Cádiz",78,80.0,2019-04-14,77000,0,2.0,0,0,1,True,False,False,False,False,False,False,False,False,False,False,False,False,False,False,False,False,False,False,False,False
Anuncio actualizado el 2 de diciembre,0,0,2.0,0,0,2004.0,no indicado,2 plantas,0,0,25032060,3,0.0,Prado del Rey,"Calle del Camino del Pilar, 34"," Calle del Camino del Pilar, 34 , Prado del Rey , Sierra de Cádiz, Cádiz ",,"Sierra de Cádiz, Cádiz",145,105.0,2019-04-14,110000,0,3.0,1,0,1,True,False,False,False,False,False,False,False,False,False,False,False,False,False,False,False,False,False,False,False,False
Anuncio actualizado el 5 de marzo,0,0,1.0,0,0,2004.0,,bajo exterior,0,0,25167087,2,0.0,Benaocaz,de Andalucía s/n," de Andalucía s/n , Benaocaz , Sierra de Cádiz, Cádiz ",,"Sierra de Cádiz, Cádiz",65,60.0,2019-04-14,75000,0,2.0,0,0,1,True,False,False,False,False,False,False,False,False,True,False,False,False,False,False,False,False,False,False,False,False
Anuncio actualizado el 24 de marzo,0,0,2.0,0,0,2004.0,no indicado,,0,0,29561688,1,0.0,Olvera,"Calle Locomotora, 21"," Calle Locomotora, 21 , Olvera , Sierra de Cádiz, Cádiz ",,"Sierra de Cádiz, Cádiz",240,80.0,2019-04-14,200000,0,4.0,0,0,0,True,False,False,False,False,False,False,False,False,False,False,False,False,False,False,False,False,False,False,False,False
Anuncio actualizado el 10 de enero,0,0,1.0,0,0,2004.0,en trámite,,0,0,29980451,1,0.0,Villamartin,"Calle Virgen de las Montañas, 84"," Calle Virgen de las Montañas, 84 , Villamartin , Sierra de Cádiz, Cádiz ",,"Sierra de Cádiz, Cádiz",200,80.0,2019-04-14,132000,0,3.0,0,0,0,True,False,False,False,False,False,False,False,False,False,False,False,False,False,False,False,False,False,False,False,False
Anuncio actualizado el 21 de marzo,0,0,2.0,0,0,2004.0,en trámite,3 plantas,0,0,30505120,0,0.0,Prado del Rey,"Calle Pintor Goya, 11"," Calle Pintor Goya, 11 , Prado del Rey , Sierra de Cádiz, Cádiz ",,"Sierra de Cádiz, Cádiz",50,110.0,2019-04-14,90000,0,3.0,0,0,0,True,False,False,False,False,False,False,False,False,False,False,False,False,False,False,False,False,False,False,False,False
Anuncio actualizado el 9 de abril,0,0,2.0,1,0,2004.0,no indicado,planta 1ª exterior,0,0,34826772,2,0.0,Villamartin,"Calle benito sánchez, 6"," Calle benito sánchez, 6 , Villamartin , Sierra de Cádiz, Cádiz ",,"Sierra de Cádiz, Cádiz",105,80.0,2019-04-14,90000,0,3.0,0,0,1,True,False,False,False,False,False,False,False,False,False,False,False,False,False,False,False,False,False,False,False,False
Anuncio actualizado el 20 de diciembre,0,0,1.0,0,0,2004.0,no indicado,planta 2ª exterior,0,0,34932615,2,0.0,Olvera,"Calle Llana, 28"," Calle Llana, 28 , Olvera , Sierra de Cádiz, Cádiz ",,"Sierra de Cádiz, Cádiz",60,80.0,2019-04-14,65000,0,2.0,0,0,1,True,False,False,False,False,False,False,False,False,False,False,False,False,False,False,False,False,False,False,False,False
Anuncio actualizado el 30 de diciembre,0,0,1.0,0,0,2004.0,no indicado,planta 2ª exterior,0,0,35042626,2,0.0,Arcos de la Frontera,"Calle Cooperaativa Jeco, 1"," Calle Cooperaativa Jeco, 1 , Arcos de la Frontera , Sierra de Cádiz, Cádiz ",,"Sierra de Cádiz, Cádiz",85,80.0,2019-04-14,60000,0,3.0,0,0,0,True,False,False,False,False,False,False,False,False,False,False,False,False,False,False,False,False,False,False,False,False
Anuncio actualizado el 14 de abril,0,1,2.0,0,1,2004.0,no indicado,2 plantas,0,0,35043346,1,0.0,Villaluenga del Rosario,"Calle Poeta Rafael Garcia Garcia, 13"," Calle Poeta Rafael Garcia Garcia, 13 , Villaluenga del Rosario , Sierra de Cádiz, Cádiz ",,"Sierra de Cádiz, Cádiz",80,70.0,2019-04-14,90000,0,2.0,0,0,0,True,False,False,False,False,False,True,False,False,False,False,False,False,False,False,False,False,False,False,False,False
Anuncio actualizado el 5 de marzo,0,0,1.0,0,0,2004.0,no indicado,planta 2ª exterior,0,0,35073061,2,0.0,Villamartin,"Avenida de la Feria, 4"," Avenida de la Feria, 4 , Villamartin , Sierra de Cádiz, Cádiz ",,"Sierra de Cádiz, Cádiz",54,80.0,2019-04-14,80000,0,2.0,0,0,0,True,False,False,False,False,False,False,False,False,False,False,False,False,False,False,False,False,False,False,False,False
Anuncio actualizado el 1 de febrero,0,0,2.0,0,0,2004.0,no indicado,planta 2ª exterior,0,0,35156723,2,1.0,Arcos de la Frontera,"Calle José María Velázquez Gaztelu, 4"," Calle José María Velázquez Gaztelu, 4 , Arcos de la Frontera , Sierra de Cádiz, Cádiz ",,"Sierra de Cádiz, Cádiz",120,80.0,2019-04-14,125000,0,4.0,0,0,0,True,False,False,False,False,False,False,False,False,False,False,False,False,False,False,False,False,False,False,False,False
Anuncio actualizado el 25 de febrero,0,0,1.0,0,0,2004.0,,planta 2ª,0,0,38667632,2,0.0,Ubrique,Distrito Centro," , Distrito Centro , Ubrique , Sierra de Cádiz, Cádiz ",,"Sierra de Cádiz, Cádiz",70,60.0,2019-04-14,76000,0,3.0,0,0,0,True,False,False,False,False,False,False,False,False,False,False,False,False,False,False,False,False,False,False,False,False
Anuncio actualizado el 8 de abril,1,1,1.0,0,0,2004.0,no indicado,planta 1ª exterior,0,0,39067958,2,0.0,Arcos de la Frontera,"Calle San Isidro Labrador, 14"," Calle San Isidro Labrador, 14 , Arcos de la Frontera , Sierra de Cádiz, Cádiz ",,"Sierra de Cádiz, Cádiz",84,80.0,2019-04-14,57000,0,3.0,1,0,0,True,False,False,False,False,False,False,False,False,False,False,False,False,False,False,False,False,False,False,False,False
Anuncio actualizado el 20 de diciembre,0,0,2.0,0,0,2004.0,no indicado,,0,0,28361870,3,0.0,Benaocaz,"Calle Nacimiento, 7 c"," Calle Nacimiento, 7 c , Benaocaz , Sierra de Cádiz, Cádiz ",,"Sierra de Cádiz, Cádiz",110,80.0,2019-04-14,90000,0,2.0,0,0,0,True,False,False,False,False,False,False,False,False,False,False,False,False,False,False,False,False,False,False,False,False
Anuncio actualizado el 9 de enero,0,0,1.0,0,0,2004.0,no indicado,1 planta,0,0,39216987,0,0.0,Arcos de la Frontera,," , Arcos de la Frontera , Sierra de Cádiz, Cádiz ",,"Sierra de Cádiz, Cádiz",1200,100.0,2019-04-14,72000,0,3.0,0,0,0,True,False,False,False,False,False,False,False,False,False,False,False,False,False,False,False,False,False,True,False,False
Anuncio actualizado el 21 de febrero,0,0,1.0,0,0,2004.0,,planta 2ª,0,0,36346064,2,0.0,El Bosque,," , El Bosque , Sierra de Cádiz, Cádiz ",,"Sierra de Cádiz, Cádiz",55,45.0,2019-04-14,51000,0,2.0,1,0,0,True,False,False,False,False,False,False,False,False,False,False,False,False,False,False,False,False,False,False,False,False
Anuncio actualizado el 12 de diciembre,0,0,1.0,0,0,2004.0,en trámite,bajo exterior,0,0,81190621,11,0.0,Grazalema,"Calle la Parra, 44"," Calle la Parra, 44 , Grazalema , Sierra de Cádiz, Cádiz ",,"Sierra de Cádiz, Cádiz",37,80.0,2019-04-14,48000,0,0.0,0,0,0,True,False,False,False,False,False,False,False,False,False,False,False,False,False,False,False,False,False,False,False,False
Anuncio actualizado el 3 de diciembre,0,0,1.0,0,1,2004.0,no indicado,2 plantas,0,0,81591627,1,0.0,Villaluenga del Rosario,"Calle Nuestra Señora del Rosario, 17"," Calle Nuestra Señora del Rosario, 17 , Villaluenga del Rosario , Sierra de Cádiz, Cádiz ",,"Sierra de Cádiz, Cádiz",60,80.0,2019-04-14,60000,0,2.0,0,0,0,True,False,False,False,False,False,False,False,False,False,False,False,False,False,False,False,False,False,False,False,False
Anuncio actualizado el 19 de febrero,0,0,1.0,0,0,2004.0,,planta 5ª,0,0,40301701,2,0.0,Arcos de la Frontera,," , Arcos de la Frontera , Sierra de Cádiz, Cádiz ",,"Sierra de Cádiz, Cádiz",79,61.0,2019-04-14,71600,0,2.0,0,0,0,True,False,False,False,False,False,False,False,False,False,False,False,False,False,False,False,False,False,False,False,False
Anuncio actualizado el 25 de febrero,0,0,2.0,0,0,2004.0,,,0,0,82431026,10,0.0,Ubrique,Distrito Alameda del Cura - Barriada Andalucia," , Distrito Alameda del Cura - Barriada Andalucia , Ubrique , Sierra de Cádiz, Cádiz ",,"Sierra de Cádiz, Cádiz",110,100.0,2019-04-14,90000,0,5.0,0,0,1,True,False,False,False,False,False,False,False,False,False,False,False,False,False,False,False,False,False,False,False,False
Anuncio actualizado el 18 de marzo,0,0,2.0,0,0,2004.0,,planta 2ª,0,0,39242318,2,0.0,Ubrique,Distrito Casco antiguo - Convento - Caldereto," , Distrito Casco antiguo - Convento - Caldereto , Ubrique , Sierra de Cádiz, Cádiz ",,"Sierra de Cádiz, Cádiz",103,86.0,2019-04-14,78400,0,4.0,0,0,1,True,False,False,False,False,False,False,False,False,False,False,False,False,False,False,False,False,False,False,False,False
Anuncio actualizado el 5 de octubre,1,0,3.0,1,1,2004.0,no indicado,1 planta,1,1,33853500,9,0.0,Arcos de la Frontera,," , Arcos de la Frontera , Sierra de Cádiz, Cádiz ",,"Sierra de Cádiz, Cádiz",10000,285.0,2019-04-14,580000,0,5.0,1,1,1,True,False,False,False,False,False,False,False,False,False,False,False,False,False,False,False,False,True,False,False,False
Anuncio actualizado el 4 de enero,0,0,2.0,1,1,2004.0,,,0,0,82759368,9,0.0,Grazalema,," , Grazalema , Sierra de Cádiz, Cádiz ",,"Sierra de Cádiz, Cádiz",122,80.0,2019-04-14,125000,0,3.0,0,0,0,True,False,False,False,False,False,False,False,False,False,False,False,False,False,False,False,False,False,False,False,False
Anuncio actualizado el 10 de diciembre,0,0,1.0,0,0,2004.0,no indicado,,0,0,83126983,3,0.0,Torre-Alhaquime,"Calle debajo de las campanas, 9"," Calle debajo de las campanas, 9 , Torre-Alhaquime , Sierra de Cádiz, Cádiz ",,"Sierra de Cádiz, Cádiz",90,80.0,2019-04-14,23000,0,3.0,0,0,0,False,True,False,False,False,False,False,False,False,False,False,False,False,False,False,False,False,False,False,False,False
Anuncio actualizado el 24 de marzo,0,0,1.0,0,0,2004.0,no indicado,,0,0,83233105,6,0.0,Setenil,," , Setenil , Sierra de Cádiz, Cádiz ",,"Sierra de Cádiz, Cádiz",44000,80.0,2019-04-14,225000,0,4.0,0,0,0,False,True,False,False,False,False,False,False,False,False,False,False,False,False,False,False,False,False,False,False,False
Anuncio actualizado el 24 de marzo,0,0,1.0,0,1,2004.0,no indicado,1 planta,1,0,83239309,9,0.0,Algodonales,Urb. Las Palmeras. Poligono 9," Calle Dehesa Vieja, 17 , Urb. Las Palmeras. Poligono 9 , Algodonales , Sierra de Cádiz, Cádiz ","Calle Dehesa Vieja, 17","Sierra de Cádiz, Cádiz",15000,80.0,2019-04-14,195000,0,2.0,1,0,1,True,False,False,False,False,False,False,False,False,False,False,False,False,False,False,False,False,False,False,False,False
Anuncio actualizado el 5 de diciembre,0,0,2.0,0,0,2004.0,no indicado,bajo exterior,1,0,83293953,2,0.0,Arcos de la Frontera,Calle Tango s/n," Calle Tango s/n , Arcos de la Frontera , Sierra de Cádiz, Cádiz ",,"Sierra de Cádiz, Cádiz",70,80.0,2019-04-14,60000,0,3.0,1,0,0,True,False,False,False,False,False,False,False,False,False,False,False,False,False,False,False,False,False,False,False,False
Anuncio actualizado el 19 de febrero,0,0,1.0,0,0,2004.0,,,0,0,28895993,10,0.0,Algodonales,," , Algodonales , Sierra de Cádiz, Cádiz ",,"Sierra de Cádiz, Cádiz",140,120.0,2019-04-14,85000,0,4.0,0,0,1,True,False,False,False,False,False,False,False,False,False,False,False,False,False,False,False,False,False,False,False,False
Anuncio actualizado el 19 de febrero,0,0,1.0,0,0,2004.0,,planta 1ª,0,0,36346163,2,0.0,El Bosque,," , El Bosque , Sierra de Cádiz, Cádiz ",,"Sierra de Cádiz, Cádiz",50,80.0,2019-04-14,49000,0,2.0,0,0,0,False,False,False,False,False,False,False,False,False,False,False,False,False,False,False,False,False,False,False,False,False
Anuncio actualizado el 18 de marzo,0,0,2.0,0,0,2004.0,,,0,0,83459306,10,0.0,Algodonales,," , Algodonales , Sierra de Cádiz, Cádiz ",,"Sierra de Cádiz, Cádiz",184,150.0,2019-04-14,141100,0,3.0,0,0,1,True,False,False,False,False,False,False,False,False,False,False,False,False,False,False,False,False,False,False,False,False
Anuncio actualizado el 14 de abril,0,1,1.0,0,0,2004.0,no indicado,planta 2ª exterior,1,0,83805175,2,0.0,Olvera,"Avenida Julián Besteiro, 61"," Avenida Julián Besteiro, 61 , Olvera , Sierra de Cádiz, Cádiz ",,"Sierra de Cádiz, Cádiz",110,80.0,2019-04-14,108000,0,3.0,1,0,1,True,False,False,False,False,False,False,False,False,False,False,False,False,False,False,False,False,False,True,False,False
Anuncio actualizado el 13 de febrero,0,0,1.0,0,0,2004.0,no indicado,1 planta,0,0,31284062,3,0.0,Arcos de la Frontera,"Avenida de jédula, 2"," Avenida de jédula, 2 , Arcos de la Frontera , Sierra de Cádiz, Cádiz ",,"Sierra de Cádiz, Cádiz",100,80.0,2019-04-14,62000,0,3.0,0,0,1,True,False,False,False,False,False,False,False,False,False,False,False,False,False,False,False,False,False,False,False,False
Anuncio actualizado el 6 de marzo,0,0,2.0,0,0,2018.0,en trámite,,0,0,84560588,2,0.0,Villamartin,," , Villamartin , Sierra de Cádiz, Cádiz ",,"Sierra de Cádiz, Cádiz",61,80.0,2019-04-14,179000,0,2.0,0,1,0,True,False,False,False,False,False,False,False,False,False,False,False,False,False,False,False,False,False,False,False,False
Anuncio actualizado el 8 de marzo,0,0,3.0,0,0,2004.0,en trámite,,0,0,36345949,10,0.0,Ubrique,Distrito Casco antiguo - Convento - Caldereto," , Distrito Casco antiguo - Convento - Caldereto , Ubrique , Sierra de Cádiz, Cádiz ",,"Sierra de Cádiz, Cádiz",540,80.0,2019-04-14,179000,0,4.0,0,0,0,False,False,False,False,False,False,False,False,False,False,False,False,False,False,False,False,False,False,False,False,False
Anuncio actualizado el 28 de marzo,0,0,1.0,0,0,2004.0,en trámite,,0,0,84645697,2,0.0,Ubrique,Distrito Casco antiguo - Convento - Caldereto," , Distrito Casco antiguo - Convento - Caldereto , Ubrique , Sierra de Cádiz, Cádiz ",,"Sierra de Cádiz, Cádiz",60,80.0,2019-04-14,43000,0,2.0,0,0,0,False,False,False,False,False,False,False,False,False,False,False,False,False,False,False,False,False,False,False,False,False
Anuncio actualizado el 1 de abril,0,0,1.0,0,0,1987.0,no indicado,,0,0,84701733,2,1.0,Puerto Serrano,," , Puerto Serrano , Sierra de Cádiz, Cádiz ",,"Sierra de Cádiz, Cádiz",86,71.0,2019-04-14,106000,0,2.0,0,1,0,True,False,False,False,False,False,False,False,False,False,False,False,False,False,False,False,False,False,False,False,False
Anuncio actualizado el 1 de abril,1,0,1.0,0,0,1985.0,no indicado,,0,0,84701742,2,0.0,Arcos de la Frontera,," , Arcos de la Frontera , Sierra de Cádiz, Cádiz ",,"Sierra de Cádiz, Cádiz",78,60.0,2019-04-14,39500,0,2.0,0,0,1,True,False,False,False,False,False,False,False,False,False,False,False,False,False,False,False,False,False,False,False,False
Anuncio actualizado el 1 de abril,0,0,1.0,0,0,2004.0,no indicado,,1,0,84701758,2,0.0,Arcos de la Frontera,," , Arcos de la Frontera , Sierra de Cádiz, Cádiz ",,"Sierra de Cádiz, Cádiz",86,67.0,2019-04-14,67500,0,3.0,1,0,1,True,False,False,False,False,False,False,False,False,False,False,False,False,False,False,False,False,False,False,False,False
Anuncio actualizado el 1 de abril,0,0,1.0,0,0,1985.0,no indicado,,0,0,84701772,2,0.0,Arcos de la Frontera,," , Arcos de la Frontera , Sierra de Cádiz, Cádiz ",,"Sierra de Cádiz, Cádiz",79,57.0,2019-04-14,33000,0,2.0,0,0,0,True,False,False,False,False,False,False,False,False,False,False,False,False,False,False,False,False,False,False,False,False
Anuncio actualizado el 1 de abril,0,0,1.0,0,0,2004.0,no indicado,,0,0,84702416,2,0.0,Arcos de la Frontera,," , Arcos de la Frontera , Sierra de Cádiz, Cádiz ",,"Sierra de Cádiz, Cádiz",63,50.0,2019-04-14,31280,0,3.0,0,0,0,True,False,False,False,False,False,False,False,False,False,False,False,False,False,False,False,False,False,False,False,False
Anuncio actualizado el 4 de febrero,1,0,2.0,0,0,2004.0,no indicado,3 plantas,0,0,340727,3,0.0,Espera,"Calle la Viña, 7"," Calle la Viña, 7 , Espera , Sierra de Cádiz, Cádiz ",,"Sierra de Cádiz, Cádiz",138,80.0,2019-04-14,90500,0,4.0,0,0,0,True,False,False,False,False,False,False,False,False,False,False,False,False,False,False,False,False,False,False,False,False
Anuncio actualizado el 13 de noviembre,0,0,2.0,0,0,2004.0,no indicado,,0,0,436117,7,0.0,Villamartin,"Calle Segura, 46"," Calle Segura, 46 , Villamartin , Sierra de Cádiz, Cádiz ",,"Sierra de Cádiz, Cádiz",70,80.0,2019-04-14,95000,0,4.0,0,0,0,True,False,False,False,False,False,False,False,False,False,False,False,False,False,False,False,False,False,False,False,False
Anuncio actualizado el 11 de diciembre,1,0,2.0,1,0,2004.0,no indicado,planta 1ª exterior,1,1,2158985,5,0.0,Arcos de la Frontera,Urb. Residencial jardines del lago," Calle Lucia Borrero, 32 , Urb. Residencial jardines del lago , Arcos de la Frontera , Sierra de Cádiz, Cádiz ","Calle Lucia Borrero, 32","Sierra de Cádiz, Cádiz",100,80.0,2019-04-14,132000,0,4.0,0,1,1,True,False,False,False,False,False,False,False,False,False,False,False,False,False,False,False,False,False,False,False,False
Anuncio actualizado el 14 de abril,0,0,1.0,0,0,2004.0,no indicado,,0,0,1628449,3,0.0,Bornos,Urb. Alta," Calle Casa Para Reformar, 44 , Urb. Alta , Bornos , Sierra de Cádiz, Cádiz ","Calle Casa Para Reformar, 44","Sierra de Cádiz, Cádiz",150,80.0,2019-04-14,115000,0,3.0,0,0,0,True,False,False,False,False,False,False,False,False,False,False,False,False,False,False,False,False,False,False,False,False
Anuncio actualizado el 4 de noviembre,0,0,1.0,0,0,2004.0,no indicado,3 plantas,0,0,34843298,3,0.0,Puerto Serrano,"Calle Sevilla, 45"," Calle Sevilla, 45 , Puerto Serrano , Sierra de Cádiz, Cádiz ",,"Sierra de Cádiz, Cádiz",172,80.0,2019-04-14,20000,0,1.0,0,0,1,False,True,False,False,False,False,False,False,False,False,False,False,False,False,False,False,False,False,False,False,False
Anuncio actualizado el 16 de diciembre,0,0,1.0,0,0,2004.0,no indicado,3 plantas,0,0,434009,0,0.0,Olvera,"Calle Calvario, 20"," Calle Calvario, 20 , Olvera , Sierra de Cádiz, Cádiz ",,"Sierra de Cádiz, Cádiz",150,80.0,2019-04-14,58000,0,2.0,1,0,0,True,False,False,False,False,False,False,False,False,False,False,False,False,False,False,False,False,False,False,False,False
Anuncio actualizado el 4 de noviembre,0,0,1.0,0,0,2004.0,no indicado,1 planta,0,0,37814083,1,0.0,Bornos,Calle Ancha s/n," Calle Ancha s/n , Bornos , Sierra de Cádiz, Cádiz ",,"Sierra de Cádiz, Cádiz",120,90.0,2019-04-14,120000,0,4.0,1,0,1,True,False,False,False,False,False,False,False,False,False,False,False,False,False,False,False,False,False,False,False,False
Anuncio actualizado el 1 de febrero,0,1,1.0,1,1,2004.0,,1 planta,0,0,39712505,1,0.0,Grazalema,"Calle San Antonio, 9"," Calle San Antonio, 9 , Grazalema , Sierra de Cádiz, Cádiz ",,"Sierra de Cádiz, Cádiz",55,50.0,2019-04-14,72000,0,2.0,0,0,0,True,False,False,False,False,False,False,False,False,False,False,True,False,False,False,False,False,False,False,False,False
Anuncio actualizado el 21 de febrero,0,0,1.0,0,0,2004.0,,planta 2ª,0,0,33943027,2,0.0,Villamartin,," , Villamartin , Sierra de Cádiz, Cádiz ",,"Sierra de Cádiz, Cádiz",83,80.0,2019-04-14,45250,0,2.0,0,0,0,False,False,False,False,False,False,False,False,False,False,False,False,False,False,False,False,False,False,False,False,False
Anuncio actualizado el 5 de marzo,1,0,1.0,0,0,2004.0,no indicado,planta 2ª exterior,0,0,40205431,2,1.0,Villamartin,Urb. La lona," Calle Azahar, 1 , Urb. La lona , Villamartin , Sierra de Cádiz, Cádiz ","Calle Azahar, 1","Sierra de Cádiz, Cádiz",65,80.0,2019-04-14,99000,0,2.0,1,0,0,True,False,False,False,False,False,False,False,False,False,False,True,False,False,False,False,False,False,False,False,False
Anuncio actualizado el 24 de febrero,0,0,1.0,0,0,2004.0,no indicado,2 plantas,0,0,40560423,1,0.0,Arcos de la Frontera,"Calle Alhóndiga, 10"," Calle Alhóndiga, 10 , Arcos de la Frontera , Sierra de Cádiz, Cádiz ",,"Sierra de Cádiz, Cádiz",145,80.0,2019-04-14,75000,0,5.0,0,0,0,False,True,False,False,False,False,False,False,False,False,False,True,False,False,False,False,False,False,False,False,False
Anuncio actualizado el 19 de febrero,0,0,1.0,1,1,2004.0,no indicado,1 planta,0,1,82244384,9,0.0,Grazalema,"Calle del Chorrito, 12"," Calle del Chorrito, 12 , Grazalema , Sierra de Cádiz, Cádiz ",,"Sierra de Cádiz, Cádiz",64,55.0,2019-04-14,80000,0,2.0,0,0,1,True,False,False,False,False,False,False,False,False,True,False,False,False,False,False,False,False,False,False,False,False
Anuncio actualizado el 31 de marzo,0,0,1.0,0,0,2004.0,,2 plantas,0,0,83223686,0,0.0,Villamartin,"Calle la Noria, 6 N"," Calle la Noria, 6 N , Villamartin , Sierra de Cádiz, Cádiz ",,"Sierra de Cádiz, Cádiz",127,80.0,2019-04-14,65000,0,4.0,0,0,1,False,True,False,False,False,False,False,False,False,False,False,False,False,False,False,False,False,False,True,False,False
Anuncio actualizado el 9 de enero,0,0,1.0,0,1,2004.0,no indicado,,0,1,83606456,4,0.0,Grazalema,Ribera de Gaidovar s/n," Ribera de Gaidovar s/n , Grazalema , Sierra de Cádiz, Cádiz ",,"Sierra de Cádiz, Cádiz",1000,80.0,2019-04-14,65000,0,1.0,0,0,0,True,False,False,False,False,False,False,False,False,False,False,False,False,False,False,False,False,False,False,False,False
Anuncio actualizado el 5 de marzo,0,1,2.0,0,1,2003.0,no indicado,2 plantas,0,0,83810218,1,0.0,Benaocaz,"Quejiguillo, 12"," Quejiguillo, 12 , Benaocaz , Sierra de Cádiz, Cádiz ",,"Sierra de Cádiz, Cádiz",80,63.0,2019-04-14,65000,0,2.0,0,0,1,True,False,False,False,False,False,False,False,False,False,False,False,False,False,False,False,False,False,False,False,False
Anuncio actualizado el 18 de febrero,0,0,2.0,0,0,2004.0,no indicado,,0,0,443568,3,0.0,Algodonales,"Avenida Constitución, 53"," Avenida Constitución, 53 , Algodonales , Sierra de Cádiz, Cádiz ",,"Sierra de Cádiz, Cádiz",700,80.0,2019-04-14,450000,0,12.0,0,0,0,False,True,False,False,False,False,False,False,False,False,False,False,False,False,False,False,False,False,False,False,False
Anuncio actualizado el 28 de marzo,0,0,1.0,1,0,2009.0,no indicado,bajo,1,0,84649093,2,0.0,Villamartin,," , Villamartin , Sierra de Cádiz, Cádiz ",,"Sierra de Cádiz, Cádiz",62,56.0,2019-04-14,43450,0,1.0,1,0,0,False,False,False,False,False,False,False,False,False,False,False,False,False,False,False,False,False,False,False,False,False
Anuncio actualizado el 28 de marzo,1,0,1.0,1,0,2007.0,no indicado,bajo,1,0,84649097,2,0.0,Villamartin,," , Villamartin , Sierra de Cádiz, Cádiz ",,"Sierra de Cádiz, Cádiz",63,52.0,2019-04-14,48250,1,2.0,1,0,0,False,False,False,False,False,False,False,False,False,False,False,False,False,False,False,False,False,False,False,False,False
Anuncio actualizado el 28 de marzo,1,1,2.0,1,0,2007.0,no indicado,bajo,1,0,84649099,5,0.0,Villamartin,," , Villamartin , Sierra de Cádiz, Cádiz ",,"Sierra de Cádiz, Cádiz",95,78.0,2019-04-14,74850,1,3.0,1,0,0,False,False,False,False,False,False,False,False,False,False,False,False,False,False,False,False,False,False,False,False,False
Anuncio actualizado el 13 de febrero,0,0,1.0,0,0,2004.0,no indicado,2 plantas,0,0,336106,0,0.0,Benaocaz,"Calle Resbaladero, 3"," Calle Resbaladero, 3 , Benaocaz , Sierra de Cádiz, Cádiz ",,"Sierra de Cádiz, Cádiz",50,80.0,2019-04-14,59000,0,2.0,0,0,0,True,False,False,False,False,False,False,False,False,False,False,False,False,False,False,False,False,False,False,False,False
Anuncio actualizado el 13 de febrero,0,0,1.0,0,0,2004.0,no indicado,planta 2ª exterior,0,1,343226,2,0.0,Arcos de la Frontera,Urb. jedula," Calle Cooperativa Jeco, 3 , Urb. jedula , Arcos de la Frontera , Sierra de Cádiz, Cádiz ","Calle Cooperativa Jeco, 3","Sierra de Cádiz, Cádiz",100,80.0,2019-04-14,75000,0,3.0,0,0,0,True,False,False,False,False,False,False,False,False,False,False,False,False,False,False,False,False,False,False,False,False
Anuncio actualizado el 14 de abril,0,0,1.0,0,0,2004.0,no indicado,bajo exterior,0,0,1837342,2,0.0,Prado del Rey,"Calle Vela y Mora, 26"," Calle Vela y Mora, 26 , Prado del Rey , Sierra de Cádiz, Cádiz ",,"Sierra de Cádiz, Cádiz",100,80.0,2019-04-14,100000,0,4.0,1,0,1,True,False,False,False,False,False,False,False,False,False,False,False,False,False,False,False,False,False,True,False,False
Anuncio actualizado el 9 de abril,0,0,1.0,0,0,2004.0,no indicado,,0,0,377814,3,0.0,Villamartin,"Calle Juan Ramón Jiménez, 20"," Calle Juan Ramón Jiménez, 20 , Villamartin , Sierra de Cádiz, Cádiz ",,"Sierra de Cádiz, Cádiz",80,80.0,2019-04-14,60000,0,3.0,1,0,0,True,False,False,False,False,False,False,False,False,False,False,False,False,False,False,False,False,False,False,False,False
Anuncio actualizado el 20 de noviembre,0,0,1.0,0,0,2004.0,no indicado,2 plantas,0,0,448708,0,0.0,Setenil,"Calle Ventosilla Alta, 14"," Calle Ventosilla Alta, 14 , Setenil , Sierra de Cádiz, Cádiz ",,"Sierra de Cádiz, Cádiz",66,80.0,2019-04-14,38000,0,2.0,0,0,0,True,False,False,False,False,False,False,False,False,False,False,False,False,False,False,False,False,False,False,False,False
Anuncio actualizado el 29 de marzo,1,0,1.0,0,0,2004.0,no indicado,planta 2ª exterior,0,1,26972694,2,0.0,Arcos de la Frontera,"Camino Portichuelo, 3"," Camino Portichuelo, 3 , Arcos de la Frontera , Sierra de Cádiz, Cádiz ",,"Sierra de Cádiz, Cádiz",100,95.0,2019-04-14,90000,0,3.0,0,0,1,True,False,False,False,False,False,False,False,False,False,False,False,False,False,False,False,False,False,True,False,False
Anuncio actualizado el 29 de marzo,1,0,1.0,1,0,2004.0,,planta 1ª exterior,0,0,27634624,8,0.0,Bornos,"Calle Camilo José Cela, 2"," Calle Camilo José Cela, 2 , Bornos , Sierra de Cádiz, Cádiz ",,"Sierra de Cádiz, Cádiz",88,84.0,2019-04-14,75000,0,3.0,0,0,1,True,False,False,False,False,False,False,False,False,False,False,False,False,False,False,False,False,False,False,True,False
Anuncio actualizado el 12 de febrero,0,0,1.0,0,0,2004.0,no indicado,planta 1ª exterior,0,0,31223994,2,0.0,Grazalema,"Calle pie de palo, 19"," Calle pie de palo, 19 , Grazalema , Sierra de Cádiz, Cádiz ",,"Sierra de Cádiz, Cádiz",70,60.0,2019-04-14,105000,0,2.0,0,0,0,True,False,False,False,False,False,False,False,False,False,False,False,False,False,False,False,False,False,False,False,False
Anuncio actualizado el 4 de diciembre,1,0,1.0,0,0,2004.0,no indicado,1 planta,0,0,1619160,0,0.0,Villamartin,"Calle Pio Baroja, 14"," Calle Pio Baroja, 14 , Villamartin , Sierra de Cádiz, Cádiz ",,"Sierra de Cádiz, Cádiz",119,80.0,2019-04-14,50000,0,2.0,1,0,1,True,False,False,False,False,False,False,False,False,False,False,False,False,False,False,False,False,False,False,False,False
Anuncio actualizado el 14 de abril,0,0,1.0,0,0,2004.0,no indicado,bajo exterior,0,0,36778060,2,0.0,Arcos de la Frontera,"Calle Corredera, 16"," Calle Corredera, 16 , Arcos de la Frontera , Sierra de Cádiz, Cádiz ",,"Sierra de Cádiz, Cádiz",147,130.0,2019-04-14,99000,0,7.0,0,0,0,False,True,False,False,False,False,False,False,False,False,False,False,False,False,False,False,False,True,False,False,False
Anuncio actualizado el 11 de febrero,0,0,2.0,0,0,2004.0,no indicado,2 plantas,0,0,37614539,0,0.0,Arcos de la Frontera,"Calle Sefardíes, 4"," Calle Sefardíes, 4 , Arcos de la Frontera , Sierra de Cádiz, Cádiz ",,"Sierra de Cádiz, Cádiz",90,80.0,2019-04-14,55000,0,3.0,0,0,0,True,False,False,False,False,False,False,False,False,False,False,False,False,False,False,False,False,False,False,False,False
Anuncio actualizado el 24 de enero,0,0,2.0,0,0,2004.0,no indicado,planta 2ª interior,0,0,29547301,2,0.0,Olvera,Urb. si," Calle Cordel, 4 , Urb. si , Olvera , Sierra de Cádiz, Cádiz ","Calle Cordel, 4","Sierra de Cádiz, Cádiz",220,200.0,2019-04-14,120000,0,4.0,0,0,0,True,False,False,False,False,False,False,False,False,True,False,False,False,False,False,False,False,False,False,False,False
Anuncio actualizado el 11 de febrero,0,0,2.0,0,0,2004.0,en trámite,,0,0,37978633,0,0.0,Prado del Rey,"Calle Perez Galdos, 32"," Calle Perez Galdos, 32 , Prado del Rey , Sierra de Cádiz, Cádiz ",,"Sierra de Cádiz, Cádiz",180,80.0,2019-04-14,79900,0,5.0,0,0,1,True,False,False,False,False,False,False,False,False,False,False,False,False,False,False,False,False,False,False,False,False
Anuncio actualizado el 1 de marzo,0,0,2.0,0,0,2004.0,no indicado,3 plantas,1,0,31928438,9,0.0,Villaluenga del Rosario,"Calle real, 7"," Calle real, 7 , Villaluenga del Rosario , Sierra de Cádiz, Cádiz ",,"Sierra de Cádiz, Cádiz",184,183.0,2019-04-14,60000,0,0.0,0,0,0,False,True,False,False,False,False,False,False,False,False,False,False,False,False,False,False,False,False,False,False,False
Anuncio actualizado el 7 de abril,0,0,1.0,0,0,2004.0,no indicado,2 plantas,0,0,38482649,1,0.0,Ubrique,Distrito Casco antiguo - Convento - Caldereto," Calle Tres Calles, 16 , Distrito Casco antiguo - Convento - Caldereto , Ubrique , Sierra de Cádiz, Cádiz ","Calle Tres Calles, 16","Sierra de Cádiz, Cádiz",70,80.0,2019-04-14,27999,0,3.0,0,0,0,False,True,False,False,False,False,False,False,False,False,False,False,False,False,False,False,False,False,False,False,False
Anuncio actualizado el 9 de noviembre,0,1,1.0,0,0,2004.0,no indicado,3 plantas,1,0,38759314,0,0.0,Prado del Rey,"Calle Rodríguez de Válcarcel, 27"," Calle Rodríguez de Válcarcel, 27 , Prado del Rey , Sierra de Cádiz, Cádiz ",,"Sierra de Cádiz, Cádiz",228,80.0,2019-04-14,72000,0,3.0,1,0,1,True,False,False,False,False,False,False,False,False,False,False,False,False,False,False,False,False,False,False,False,False
Anuncio actualizado el 13 de febrero,0,1,2.0,1,0,2004.0,inmueble exento,2 plantas,0,0,39860021,3,0.0,Bornos,"Calle Peral, 20"," Calle Peral, 20 , Bornos , Sierra de Cádiz, Cádiz ",,"Sierra de Cádiz, Cádiz",90,80.0,2019-04-14,105000,0,3.0,1,0,1,True,False,False,False,False,False,False,False,False,False,False,False,False,False,False,False,False,False,False,False,False
Anuncio actualizado el 25 de noviembre,1,1,2.0,1,0,2004.0,no indicado,planta 2ª exterior,1,0,40229171,2,0.0,Arcos de la Frontera,"Calle Grazalema, 5"," Calle Grazalema, 5 , Arcos de la Frontera , Sierra de Cádiz, Cádiz ",,"Sierra de Cádiz, Cádiz",90,80.0,2019-04-14,75000,0,3.0,1,0,1,True,False,False,False,False,False,False,False,False,False,False,False,False,False,False,False,False,False,False,False,False
Anuncio actualizado el 25 de marzo,1,1,2.0,1,0,2004.0,,planta 3ª exterior,0,0,81422428,2,0.0,Arcos de la Frontera,"Paseo de Boliches, 32"," Paseo de Boliches, 32 , Arcos de la Frontera , Sierra de Cádiz, Cádiz ",,"Sierra de Cádiz, Cádiz",105,95.0,2019-04-14,120000,0,3.0,0,0,1,True,False,False,False,False,False,False,False,False,False,False,False,False,False,False,False,False,False,True,False,False
Anuncio actualizado el 4 de febrero,0,0,1.0,0,0,2004.0,no indicado,planta 1ª exterior,0,0,2053024,2,0.0,Prado del Rey,"Calle Clara Campoamor, 3"," Calle Clara Campoamor, 3 , Prado del Rey , Sierra de Cádiz, Cádiz ",,"Sierra de Cádiz, Cádiz",40,80.0,2019-04-14,45000,0,1.0,0,0,0,True,False,False,False,False,False,False,False,False,False,False,False,False,False,False,False,False,False,False,False,False
Anuncio actualizado el 20 de enero,0,1,1.0,0,1,2004.0,en trámite,2 plantas,0,1,82075385,9,0.0,Olvera,"Diseminado Rancho Sacrista, 12"," Diseminado Rancho Sacrista, 12 , Olvera , Sierra de Cádiz, Cádiz ",,"Sierra de Cádiz, Cádiz",1100,95.0,2019-04-14,125000,0,2.0,1,1,1,True,False,False,False,False,False,False,False,False,False,False,False,False,False,False,False,False,False,True,False,False
Anuncio actualizado el 7 de marzo,0,0,3.0,0,0,2004.0,,,0,0,82097015,3,0.0,Arcos de la Frontera,," , Arcos de la Frontera , Sierra de Cádiz, Cádiz ",,"Sierra de Cádiz, Cádiz",112,111.0,2019-04-14,89000,0,4.0,0,0,0,False,True,False,False,False,False,False,False,False,False,False,False,False,False,False,False,False,False,False,False,False
Anuncio actualizado el 17 de diciembre,0,0,1.0,0,0,2004.0,no indicado,3 plantas,0,1,82211050,1,0.0,Grazalema,"Dionisio Pérez, 1"," Dionisio Pérez, 1 , Grazalema , Sierra de Cádiz, Cádiz ",,"Sierra de Cádiz, Cádiz",500,80.0,2019-04-14,85000,0,13.0,0,0,0,False,True,False,False,False,False,False,False,False,False,False,False,False,False,False,False,False,False,False,False,False
Anuncio actualizado el 14 de abril,0,0,0.0,0,0,2004.0,inmueble exento,,0,0,82561349,12,0.0,Benaocaz,"Calle Fray Domingo de Benaocaz, 25"," Calle Fray Domingo de Benaocaz, 25 , Benaocaz , Sierra de Cádiz, Cádiz ",,"Sierra de Cádiz, Cádiz",171,80.0,2019-04-14,75000,0,0.0,0,0,0,False,True,False,False,False,False,False,False,False,False,False,False,False,False,False,False,False,False,False,False,False
Anuncio actualizado el 14 de abril,1,1,3.0,0,0,2004.0,no indicado,2 plantas,0,0,82796290,3,0.0,El Bosque,Urb. Las Truchas," Calle Ribera del Rio, 20 , Urb. Las Truchas , El Bosque , Sierra de Cádiz, Cádiz ","Calle Ribera del Rio, 20","Sierra de Cádiz, Cádiz",110,80.0,2019-04-14,130000,0,4.0,0,1,0,True,False,False,False,False,False,False,False,False,False,False,False,False,False,False,False,False,False,False,False,False
Anuncio actualizado el 18 de febrero,0,0,1.0,0,1,2004.0,no indicado,,0,1,82979408,4,0.0,Arcos de la Frontera,"Carretera a-382, 19"," Carretera a-382, 19 , Arcos de la Frontera , Sierra de Cádiz, Cádiz ",,"Sierra de Cádiz, Cádiz",50000,80.0,2019-04-14,250000,0,2.0,0,1,0,True,False,False,False,False,False,False,False,False,False,False,False,False,False,False,False,False,False,False,False,False
Anuncio actualizado el 11 de marzo,0,0,2.0,0,0,2004.0,no indicado,2 plantas,0,0,83261184,0,0.0,Olvera,"Calle Pico, 9"," Calle Pico, 9 , Olvera , Sierra de Cádiz, Cádiz ",,"Sierra de Cádiz, Cádiz",150,80.0,2019-04-14,70000,0,4.0,1,0,1,False,True,False,False,False,False,False,False,False,False,False,False,False,False,False,False,False,False,False,False,False
Anuncio actualizado el 8 de abril,0,1,3.0,1,0,2004.0,no indicado,,0,0,83649500,3,0.0,Olvera,"Calle Perú, 23"," Calle Perú, 23 , Olvera , Sierra de Cádiz, Cádiz ",,"Sierra de Cádiz, Cádiz",280,80.0,2019-04-14,220000,0,4.0,1,0,1,True,False,False,False,True,False,False,False,False,False,False,False,False,False,False,False,False,False,False,False,False
Anuncio actualizado el 14 de abril,1,1,2.0,1,0,2004.0,no indicado,2 plantas,1,0,81213528,3,0.0,Arcos de la Frontera,Urb. El Portichuelo," Calle Edgar Neville s/n , Urb. El Portichuelo , Arcos de la Frontera , Sierra de Cádiz, Cádiz ",Calle Edgar Neville s/n,"Sierra de Cádiz, Cádiz",100,80.0,2019-04-14,115000,0,3.0,0,0,1,True,False,False,False,False,False,False,False,False,False,False,False,False,False,False,False,False,False,False,False,False
Anuncio actualizado el 25 de febrero,0,1,1.0,0,0,2004.0,,planta 2ª exterior,0,0,83668502,2,0.0,Ubrique,Distrito Centro," Calle Reyes Católicos, 6 , Distrito Centro , Ubrique , Sierra de Cádiz, Cádiz ","Calle Reyes Católicos, 6","Sierra de Cádiz, Cádiz",70,66.0,2019-04-14,70000,0,3.0,0,0,0,False,True,False,False,False,False,False,False,False,False,False,False,False,False,False,False,False,False,False,False,True
Anuncio actualizado el 24 de febrero,0,0,1.0,0,0,2004.0,en trámite,,0,0,84208270,0,0.0,Algodonales,"Calle Cabezadas, 79"," Calle Cabezadas, 79 , Algodonales , Sierra de Cádiz, Cádiz ",,"Sierra de Cádiz, Cádiz",327,80.0,2019-04-14,42000,0,3.0,0,0,0,False,True,False,False,False,False,False,False,False,False,False,False,False,False,False,False,False,False,True,False,False
Anuncio actualizado el 13 de abril,0,0,3.0,0,0,2004.0,no indicado,2 plantas,0,0,84279090,0,0.0,Arcos de la Frontera,"Calle Rafael Alberti, 32"," Calle Rafael Alberti, 32 , Arcos de la Frontera , Sierra de Cádiz, Cádiz ",,"Sierra de Cádiz, Cádiz",130,80.0,2019-04-14,105000,0,3.0,0,0,0,True,False,False,False,False,False,False,False,False,False,False,False,False,False,False,False,False,False,False,False,False
Anuncio actualizado el 19 de febrero,0,0,1.0,0,0,2004.0,,2 plantas,0,0,37941016,0,0.0,Algodonales,"Calle Ermita, 43"," Calle Ermita, 43 , Algodonales , Sierra de Cádiz, Cádiz ",,"Sierra de Cádiz, Cádiz",89,80.0,2019-04-14,54000,0,3.0,0,0,1,True,False,False,False,False,False,False,False,False,False,False,False,False,False,False,False,False,False,False,False,False
Anuncio actualizado el 20 de febrero,0,0,1.0,0,0,2004.0,no indicado,1 planta,1,1,25909737,0,0.0,Bornos,"Calle Abedul, 26"," Calle Abedul, 26 , Bornos , Sierra de Cádiz, Cádiz ",,"Sierra de Cádiz, Cádiz",160,140.0,2019-04-14,60000,0,3.0,1,0,1,False,True,False,False,False,False,False,False,False,False,False,False,False,False,False,False,False,False,True,False,False
Anuncio actualizado el 2 de marzo,1,1,4.0,1,1,2004.0,no indicado,1 planta,1,1,81140155,9,0.0,Olvera,"A-384, 384"," A-384, 384 , Olvera , Sierra de Cádiz, Cádiz ",,"Sierra de Cádiz, Cádiz",26412,190.0,2019-04-14,850000,0,6.0,1,1,1,True,False,False,False,False,False,False,False,False,False,False,False,False,False,False,False,False,False,True,False,False
Anuncio actualizado el 11 de abril,1,1,5.0,1,1,2004.0,no indicado,3 plantas,1,0,84732877,13,0.0,Arcos de la Frontera,"Calle Boticas, 13"," Calle Boticas, 13 , Arcos de la Frontera , Sierra de Cádiz, Cádiz ",,"Sierra de Cádiz, Cádiz",200,4.0,2019-04-14,270000,0,12.0,1,0,1,True,False,False,False,False,False,False,False,False,False,False,False,False,False,False,False,True,False,False,False,False
Anuncio actualizado el 28 de noviembre,0,0,1.0,0,0,2004.0,no indicado,planta 4ª exterior,0,0,339154,2,0.0,Arcos de la Frontera,"Calle Guadalcacin, 40"," Calle Guadalcacin, 40 , Arcos de la Frontera , Sierra de Cádiz, Cádiz ",,"Sierra de Cádiz, Cádiz",70,80.0,2019-04-14,90000,0,3.0,0,0,0,True,False,False,False,False,False,False,False,False,False,False,False,False,False,False,False,False,False,False,False,False
Anuncio actualizado el 25 de noviembre,1,0,2.0,0,0,2004.0,no indicado,2 plantas,0,1,81896668,3,0.0,Villamartin,"Calle Paradas, 23"," Calle Paradas, 23 , Villamartin , Sierra de Cádiz, Cádiz ",,"Sierra de Cádiz, Cádiz",95,80.0,2019-04-14,105000,0,3.0,0,1,1,True,False,False,False,False,False,False,False,False,False,False,False,False,False,False,False,False,False,True,False,False
Anuncio actualizado el 10 de abril,0,0,1.0,0,0,2004.0,no indicado,,0,0,417492,3,0.0,Algodonales,"Avenida Andalucia, 10"," Avenida Andalucia, 10 , Algodonales , Sierra de Cádiz, Cádiz ",,"Sierra de Cádiz, Cádiz",56,80.0,2019-04-14,45000,0,1.0,0,0,0,True,False,False,False,False,False,False,False,False,False,False,False,False,False,False,False,False,False,False,False,False
Anuncio actualizado el 5 de marzo,1,0,1.0,1,0,2004.0,no indicado,2 plantas,1,0,427127,3,0.0,Setenil,"Calle Ventosilla Baja, 3"," Calle Ventosilla Baja, 3 , Setenil , Sierra de Cádiz, Cádiz ",,"Sierra de Cádiz, Cádiz",120,80.0,2019-04-14,95000,0,3.0,0,0,0,True,False,False,False,False,False,False,False,False,False,False,False,False,False,False,False,False,False,False,False,False
Anuncio actualizado el 14 de abril,0,0,2.0,0,0,2004.0,no indicado,bajo exterior,0,0,449255,2,0.0,Villamartin,"Calle Blas Infante, 1"," Calle Blas Infante, 1 , Villamartin , Sierra de Cádiz, Cádiz ",,"Sierra de Cádiz, Cádiz",70,80.0,2019-04-14,78000,0,3.0,1,0,0,True,False,False,False,False,False,False,False,False,False,False,False,False,False,False,False,False,False,False,False,False
Anuncio actualizado el 1 de abril,0,0,1.0,0,0,2004.0,no indicado,,0,0,25162103,1,0.0,Grazalema,"Calle Nueva, 57"," Calle Nueva, 57 , Grazalema , Sierra de Cádiz, Cádiz ",,"Sierra de Cádiz, Cádiz",150,80.0,2019-04-14,70000,0,3.0,0,0,0,False,True,False,False,False,False,False,False,False,False,False,False,False,False,False,False,False,False,False,False,False
Anuncio actualizado el 14 de abril,0,0,1.0,0,0,2004.0,no indicado,,0,0,28171719,1,0.0,Prado del Rey,"Calle Television Españala, 15"," Calle Television Españala, 15 , Prado del Rey , Sierra de Cádiz, Cádiz ",,"Sierra de Cádiz, Cádiz",85,80.0,2019-04-14,60000,0,3.0,0,0,0,False,True,False,False,False,False,False,False,False,False,False,False,False,False,False,False,False,False,False,False,False
Anuncio actualizado el 27 de marzo,0,0,2.0,0,0,2004.0,no indicado,,1,0,28186936,0,0.0,Villamartin,"Calle Molino de Viento, 23"," Calle Molino de Viento, 23 , Villamartin , Sierra de Cádiz, Cádiz ",,"Sierra de Cádiz, Cádiz",400,80.0,2019-04-14,180000,0,3.0,0,0,0,True,False,False,False,False,False,False,False,False,False,False,False,False,False,False,False,False,False,False,False,False
Anuncio actualizado el 9 de abril,1,0,2.0,1,0,2004.0,no indicado,2 plantas,1,1,29396004,3,0.0,Arcos de la Frontera,"Calle Alcalde Alfonso Arroyal, 69"," Calle Alcalde Alfonso Arroyal, 69 , Arcos de la Frontera , Sierra de Cádiz, Cádiz ",,"Sierra de Cádiz, Cádiz",104,80.0,2019-04-14,120000,0,4.0,0,0,0,True,False,False,False,False,False,False,False,False,False,False,True,False,False,False,False,False,False,False,False,False
Anuncio actualizado el 7 de abril,0,0,2.0,1,0,2004.0,no indicado,planta 2ª exterior,1,0,29780104,2,1.0,Ubrique,Distrito La Vega," Paseo de las Costureras s/n , Urb. sierra de cadiz , Distrito La Vega , Ubrique , Sierra de Cádiz, Cádiz ",Urb. sierra de cadiz,"Sierra de Cádiz, Cádiz",80,75.0,2019-04-14,89000,0,3.0,0,0,0,True,False,False,False,False,False,False,False,False,False,False,False,False,False,False,False,False,False,False,False,False
Anuncio actualizado el 7 de abril,1,0,1.0,0,0,2004.0,no indicado,planta 1ª interior,0,0,31119534,2,0.0,Prado del Rey,"Calle rosales, 2"," Calle rosales, 2 , Prado del Rey , Sierra de Cádiz, Cádiz ",,"Sierra de Cádiz, Cádiz",65,80.0,2019-04-14,90000,0,3.0,0,0,0,True,False,False,False,False,False,False,False,False,False,False,False,False,False,False,False,False,False,False,False,False
Anuncio actualizado el 9 de abril,0,0,2.0,0,0,2004.0,no indicado,2 plantas,0,0,31203545,0,0.0,Arcos de la Frontera,"Calle pintor zurbarán, 12"," Calle pintor zurbarán, 12 , Arcos de la Frontera , Sierra de Cádiz, Cádiz ",,"Sierra de Cádiz, Cádiz",140,80.0,2019-04-14,289000,0,3.0,0,0,0,True,False,False,False,False,False,False,False,False,False,False,False,False,False,False,False,False,False,False,False,False
Anuncio actualizado el 24 de enero,1,0,1.0,1,0,2004.0,no indicado,bajo interior,0,1,31204143,2,0.0,El Bosque,"Calle los pescadores, 2"," Calle los pescadores, 2 , El Bosque , Sierra de Cádiz, Cádiz ",,"Sierra de Cádiz, Cádiz",57,80.0,2019-04-14,69000,0,2.0,0,0,0,True,False,False,False,False,False,False,False,False,False,False,False,False,False,False,False,False,False,False,False,False
Anuncio actualizado el 1 de marzo,0,0,2.0,0,0,2004.0,en trámite,2 plantas,0,0,31235097,1,0.0,Setenil,," , Setenil , Sierra de Cádiz, Cádiz ",,"Sierra de Cádiz, Cádiz",130,80.0,2019-04-14,63000,0,3.0,0,0,0,True,False,False,False,False,False,False,False,False,False,False,False,False,False,False,False,False,False,False,False,False
Anuncio actualizado el 7 de abril,0,0,2.0,1,1,2004.0,no indicado,1 planta,1,0,32834667,1,0.0,Villamartin,"Calle sánchez armario, 10"," Calle sánchez armario, 10 , Villamartin , Sierra de Cádiz, Cádiz ",,"Sierra de Cádiz, Cádiz",160,80.0,2019-04-14,82000,0,4.0,0,0,0,True,False,False,False,False,False,False,False,False,False,False,False,False,False,False,False,False,False,True,False,False
Anuncio actualizado el 7 de abril,0,0,1.0,0,0,2004.0,no indicado,planta 1ª exterior,0,0,32955237,2,0.0,Arcos de la Frontera,"Calle boticas, 10"," Calle boticas, 10 , Arcos de la Frontera , Sierra de Cádiz, Cádiz ",,"Sierra de Cádiz, Cádiz",50,80.0,2019-04-14,56000,0,2.0,0,0,0,True,False,False,False,False,False,False,False,False,False,False,False,False,False,False,False,False,False,False,False,False
Anuncio actualizado el 24 de febrero,0,0,1.0,1,0,2004.0,no indicado,planta 1ª exterior,0,0,34752025,2,0.0,Grazalema,"Calle San Antonio, 11"," Calle San Antonio, 11 , Grazalema , Sierra de Cádiz, Cádiz ",,"Sierra de Cádiz, Cádiz",70,65.0,2019-04-14,70000,0,2.0,0,0,1,True,False,False,False,False,False,False,False,False,True,False,False,False,False,False,False,False,False,False,False,False
Anuncio actualizado el 7 de abril,0,0,1.0,0,0,2004.0,,planta 3ª exterior,0,0,35075955,2,0.0,Arcos de la Frontera,"Calle Molino, 50"," Calle Molino, 50 , Arcos de la Frontera , Sierra de Cádiz, Cádiz ",,"Sierra de Cádiz, Cádiz",60,80.0,2019-04-14,23000,0,3.0,0,0,1,False,True,False,False,False,False,False,False,False,False,False,False,False,False,False,False,False,False,False,False,False
Anuncio actualizado el 7 de abril,0,0,1.0,0,0,2004.0,,2 plantas,0,0,35076039,0,0.0,Arcos de la Frontera,"Calle Romero Gago, 2"," Calle Romero Gago, 2 , Arcos de la Frontera , Sierra de Cádiz, Cádiz ",,"Sierra de Cádiz, Cádiz",90,80.0,2019-04-14,48000,0,2.0,1,0,1,True,False,False,False,False,False,False,False,False,False,False,False,False,False,False,False,False,False,False,False,False
Anuncio actualizado el 28 de marzo,0,0,2.0,0,0,2004.0,no indicado,,1,1,35125491,0,0.0,Arcos de la Frontera,Urb. Los Naranjos," Calle Lucía Borrero, 24 , Urb. Los Naranjos , Arcos de la Frontera , Sierra de Cádiz, Cádiz ","Calle Lucía Borrero, 24","Sierra de Cádiz, Cádiz",90,80.0,2019-04-14,89900,0,3.0,0,0,0,True,False,False,False,False,False,False,False,False,False,False,False,False,False,False,False,False,False,False,False,False
Anuncio actualizado el 21 de noviembre,0,0,2.0,0,0,2004.0,no indicado,,1,0,416528,3,0.0,Arcos de la Frontera,"Calle Lucia Borrego, 26"," Calle Lucia Borrego, 26 , Arcos de la Frontera , Sierra de Cádiz, Cádiz ",,"Sierra de Cádiz, Cádiz",120,80.0,2019-04-14,115000,0,4.0,0,0,0,True,False,False,False,False,False,False,False,False,False,False,False,False,False,False,False,False,False,False,False,False
Anuncio actualizado el 25 de febrero,0,0,1.0,0,0,2004.0,,planta 1ª exterior,0,0,35181844,2,0.0,Ubrique,Distrito Centro," , Distrito Centro , Ubrique , Sierra de Cádiz, Cádiz ",,"Sierra de Cádiz, Cádiz",80,70.0,2019-04-14,67500,0,3.0,0,0,0,True,False,False,False,False,False,False,False,False,False,False,False,False,False,False,False,False,False,False,False,False
Anuncio actualizado el 19 de febrero,0,0,2.0,0,0,2004.0,,,0,0,34783342,10,0.0,Benaocaz,," , Benaocaz , Sierra de Cádiz, Cádiz ",,"Sierra de Cádiz, Cádiz",90,70.0,2019-04-14,89000,0,3.0,0,0,0,True,False,False,False,False,False,False,False,False,False,False,False,False,False,False,False,False,False,False,False,False
Anuncio actualizado el 25 de febrero,0,0,2.0,0,0,2004.0,,planta 2ª,0,0,34806749,2,0.0,Ubrique,Distrito La Vega," , Distrito La Vega , Ubrique , Sierra de Cádiz, Cádiz ",,"Sierra de Cádiz, Cádiz",70,60.0,2019-04-14,69000,0,3.0,1,0,0,True,False,False,False,False,False,False,False,False,False,False,False,False,False,False,False,False,False,False,False,False
Anuncio actualizado el 4 de diciembre,1,0,1.0,1,0,2004.0,,planta 2ª exterior,0,1,28968696,2,0.0,Arcos de la Frontera,"Calle Diego Jimenez de Ayllon, 7"," Calle Diego Jimenez de Ayllon, 7 , Arcos de la Frontera , Sierra de Cádiz, Cádiz ",,"Sierra de Cádiz, Cádiz",85,69.0,2019-04-14,85000,0,2.0,1,0,1,True,False,False,False,False,False,False,False,False,False,False,True,False,False,False,False,False,False,False,False,False
Anuncio actualizado el 25 de febrero,0,0,3.0,0,0,2004.0,,,1,0,36949821,10,0.0,Ubrique,Distrito El Jardín - Antonio Vega," , Distrito El Jardín - Antonio Vega , Ubrique , Sierra de Cádiz, Cádiz ",,"Sierra de Cádiz, Cádiz",160,80.0,2019-04-14,180000,0,4.0,1,0,0,True,False,False,False,False,False,False,False,False,False,False,False,False,False,False,False,False,False,False,False,False
Anuncio actualizado el 3 de marzo,1,1,2.0,1,0,2008.0,,2 plantas,0,0,36949114,3,0.0,El Bosque,"Calle del Encinar, 17"," Calle del Encinar, 17 , El Bosque , Sierra de Cádiz, Cádiz ",,"Sierra de Cádiz, Cádiz",150,108.0,2019-04-14,158000,0,4.0,1,0,1,True,False,False,False,False,False,False,False,False,False,False,False,False,False,False,False,False,False,False,False,True
Anuncio actualizado el 25 de noviembre,0,0,2.0,0,1,2004.0,no indicado,2 plantas,0,0,33626291,1,0.0,Arcos de la Frontera,"Calle callejas, 6"," Calle callejas, 6 , Arcos de la Frontera , Sierra de Cádiz, Cádiz ",,"Sierra de Cádiz, Cádiz",250,80.0,2019-04-14,50000,0,5.0,1,0,1,False,True,False,False,False,False,False,False,False,False,False,False,False,False,False,False,False,False,False,False,False
Anuncio actualizado el 7 de abril,1,0,1.0,1,0,2004.0,,planta 1ª exterior,0,0,31197415,2,0.0,Villamartin,"Calle granada, 3"," Calle granada, 3 , Villamartin , Sierra de Cádiz, Cádiz ",,"Sierra de Cádiz, Cádiz",73,80.0,2019-04-14,57000,0,3.0,1,0,0,True,False,False,False,False,False,False,False,False,False,False,False,False,False,False,False,False,False,False,False,False
Anuncio actualizado el 25 de febrero,0,0,2.0,0,0,2004.0,,planta 1ª exterior,0,0,28895811,2,1.0,Ubrique,Distrito La Vega," , Distrito La Vega , Ubrique , Sierra de Cádiz, Cádiz ",,"Sierra de Cádiz, Cádiz",90,78.0,2019-04-14,83000,0,3.0,1,0,1,True,False,False,False,False,False,False,False,False,False,False,False,False,False,False,False,False,False,False,False,False
Anuncio actualizado el 25 de febrero,0,0,2.0,0,0,2004.0,en trámite,,0,0,31941541,10,0.0,Ubrique,Distrito La Vega," , Distrito La Vega , Ubrique , Sierra de Cádiz, Cádiz ",,"Sierra de Cádiz, Cádiz",120,80.0,2019-04-14,138000,0,4.0,0,0,0,True,False,False,False,False,False,False,False,False,False,False,False,False,False,False,False,False,False,False,False,False
Anuncio actualizado el 25 de febrero,0,0,1.0,0,0,2004.0,en trámite,planta 2ª exterior,1,0,33473357,2,1.0,Ubrique,Distrito La Vega," , Distrito La Vega , Ubrique , Sierra de Cádiz, Cádiz ",,"Sierra de Cádiz, Cádiz",60,50.0,2019-04-14,82500,0,2.0,0,1,1,True,False,False,False,False,False,False,False,False,False,False,False,False,False,False,False,False,False,False,False,False
Anuncio actualizado el 4 de marzo,0,0,1.0,0,0,2004.0,en trámite,,0,0,36346840,10,0.0,Prado del Rey,," , Prado del Rey , Sierra de Cádiz, Cádiz ",,"Sierra de Cádiz, Cádiz",85,75.0,2019-04-14,42250,0,2.0,0,0,0,True,False,False,False,False,False,False,False,False,False,False,False,False,False,False,False,False,False,False,False,False
Anuncio actualizado el 21 de febrero,0,0,1.0,0,0,2004.0,,planta 1ª,0,0,38667653,2,0.0,Villamartin,," , Villamartin , Sierra de Cádiz, Cádiz ",,"Sierra de Cádiz, Cádiz",88,75.0,2019-04-14,55400,0,4.0,0,0,0,True,False,False,False,False,False,False,False,False,False,False,False,False,False,False,False,False,False,False,False,False
Anuncio actualizado el 25 de febrero,0,0,2.0,0,0,2004.0,,planta 1ª,0,0,38944299,2,0.0,Ubrique,Distrito Alameda del Cura - Barriada Andalucia," , Distrito Alameda del Cura - Barriada Andalucia , Ubrique , Sierra de Cádiz, Cádiz ",,"Sierra de Cádiz, Cádiz",122,108.0,2019-04-14,155000,0,3.0,0,0,0,True,False,False,False,False,False,False,False,False,False,False,False,False,False,False,False,False,False,False,False,False
Anuncio actualizado el 8 de enero,0,0,1.0,0,0,2004.0,no indicado,2 plantas,0,0,39528732,3,0.0,Bornos,"Calle Calvario, 80"," Calle Calvario, 80 , Bornos , Sierra de Cádiz, Cádiz ",,"Sierra de Cádiz, Cádiz",200,80.0,2019-04-14,70000,0,3.0,0,0,0,True,False,False,False,False,False,False,False,False,False,False,False,False,False,False,False,False,False,False,False,False
Anuncio actualizado el 2 de diciembre,0,0,3.0,0,0,2004.0,no indicado,2 plantas,0,0,39770131,3,0.0,El Gastor,"Calle Jaboneria, 5"," Calle Jaboneria, 5 , El Gastor , Sierra de Cádiz, Cádiz ",,"Sierra de Cádiz, Cádiz",85,80.0,2019-04-14,86000,0,3.0,0,0,0,True,False,False,False,False,False,False,False,False,False,False,False,False,False,False,False,False,False,False,False,False
Anuncio actualizado el 12 de febrero,0,1,1.0,0,0,2004.0,no indicado,,0,0,39991024,0,0.0,Bornos,Bornos s/n," Bornos s/n , Bornos , Sierra de Cádiz, Cádiz ",,"Sierra de Cádiz, Cádiz",180,170.0,2019-04-14,60000,0,3.0,1,0,1,True,False,False,False,False,False,False,False,False,False,False,False,False,False,False,False,False,False,False,False,False
más de 5 meses sin actualizar,1,1,2.0,1,0,2004.0,no indicado,2 plantas,1,1,40071762,3,0.0,Arcos de la Frontera,"Calle Lucía Borrero, 3"," Calle Lucía Borrero, 3 , Arcos de la Frontera , Sierra de Cádiz, Cádiz ",,"Sierra de Cádiz, Cádiz",100,80.0,2019-04-14,120000,0,3.0,0,1,1,True,False,False,False,True,False,False,False,False,False,False,False,False,False,False,False,False,False,False,False,False
Anuncio actualizado el 25 de febrero,0,0,1.0,0,0,2004.0,,,1,0,36346377,10,0.0,Ubrique,Distrito El Jardín - Antonio Vega," , Distrito El Jardín - Antonio Vega , Ubrique , Sierra de Cádiz, Cádiz ",,"Sierra de Cádiz, Cádiz",143,80.0,2019-04-14,100000,0,5.0,0,0,0,False,False,False,False,False,False,False,False,False,False,False,False,False,False,False,False,False,False,False,False,False
Anuncio actualizado el 14 de abril,1,1,2.0,1,0,2004.0,no indicado,planta 2ª exterior,0,0,40100224,2,0.0,Bornos,"Avenida Cauchil, 29"," Avenida Cauchil, 29 , Bornos , Sierra de Cádiz, Cádiz ",,"Sierra de Cádiz, Cádiz",104,90.0,2019-04-14,105000,0,3.0,0,0,0,True,False,False,False,False,False,False,False,False,False,False,False,False,False,False,False,False,False,False,False,False
Anuncio actualizado el 25 de febrero,0,0,2.0,0,0,2004.0,,planta 1ª,0,0,40102289,2,0.0,Ubrique,Distrito Alameda del Cura - Barriada Andalucia," , Distrito Alameda del Cura - Barriada Andalucia , Ubrique , Sierra de Cádiz, Cádiz ",,"Sierra de Cádiz, Cádiz",85,80.0,2019-04-14,88000,0,3.0,0,0,0,True,False,False,False,False,False,False,False,False,False,False,False,False,False,False,False,False,False,False,False,False
Anuncio actualizado el 20 de marzo,0,0,2.0,0,0,2004.0,no indicado,,1,0,40132091,3,0.0,Ubrique,Distrito La Vega," Avenida Cardela, 6 , Distrito La Vega , Ubrique , Sierra de Cádiz, Cádiz ","Avenida Cardela, 6","Sierra de Cádiz, Cádiz",130,80.0,2019-04-14,135000,0,4.0,1,1,1,True,False,False,False,False,False,False,False,False,False,False,False,False,False,False,False,False,False,False,False,False
Anuncio actualizado el 2 de abril,0,0,6.0,0,0,2004.0,no indicado,,1,0,40500344,4,0.0,Arcos de la Frontera,Avenida Lebrija s/n," Avenida Lebrija s/n , Arcos de la Frontera , Sierra de Cádiz, Cádiz ",,"Sierra de Cádiz, Cádiz",400,80.0,2019-04-14,500000,0,4.0,0,0,0,True,False,False,False,False,False,False,False,False,False,False,False,False,False,False,False,False,False,False,False,False
Anuncio actualizado el 9 de abril,0,0,2.0,0,0,2004.0,,bajo,0,0,81247987,2,0.0,Ubrique,Distrito El Jardín - Antonio Vega," , Distrito El Jardín - Antonio Vega , Ubrique , Sierra de Cádiz, Cádiz ",,"Sierra de Cádiz, Cádiz",85,80.0,2019-04-14,106000,0,3.0,1,0,1,False,False,False,False,False,False,False,False,False,False,False,False,False,False,False,False,False,False,False,False,False
Anuncio actualizado el 27 de marzo,0,1,2.0,0,0,2004.0,no indicado,3 plantas,0,0,81299529,1,0.0,Ubrique,Distrito Casco antiguo - Convento - Caldereto," Plaza de la Verdura, 16 , Distrito Casco antiguo - Convento - Caldereto , Ubrique , Sierra de Cádiz, Cádiz ","Plaza de la Verdura, 16","Sierra de Cádiz, Cádiz",280,240.0,2019-04-14,70000,0,4.0,1,0,0,False,True,False,False,False,False,False,False,False,False,False,True,False,False,False,False,False,False,False,False,False
Anuncio actualizado el 25 de febrero,0,0,1.0,0,0,2004.0,en trámite,planta 1ª exterior,0,0,29283413,2,0.0,Ubrique,Distrito Centro," , Distrito Centro , Ubrique , Sierra de Cádiz, Cádiz ",,"Sierra de Cádiz, Cádiz",85,80.0,2019-04-14,81000,0,3.0,1,0,0,False,False,False,False,False,False,False,False,False,False,False,False,False,False,False,False,False,False,False,False,False
Anuncio actualizado el 26 de febrero,0,0,1.0,0,0,2004.0,en trámite,,1,0,39668536,10,0.0,Grazalema,," , Grazalema , Sierra de Cádiz, Cádiz ",,"Sierra de Cádiz, Cádiz",80,80.0,2019-04-14,280000,0,3.0,1,0,0,False,False,False,False,False,False,False,False,False,False,False,False,False,False,False,False,False,False,False,False,False
Anuncio actualizado el 25 de febrero,0,0,2.0,0,0,2004.0,,planta 2ª,1,0,81250662,2,1.0,Ubrique,Distrito Alameda del Cura - Barriada Andalucia," , Distrito Alameda del Cura - Barriada Andalucia , Ubrique , Sierra de Cádiz, Cádiz ",,"Sierra de Cádiz, Cádiz",85,75.0,2019-04-14,69000,0,3.0,1,0,0,True,False,False,False,False,False,False,False,False,False,False,False,False,False,False,False,False,False,False,False,False
Anuncio actualizado el 14 de abril,0,0,2.0,0,0,2004.0,no indicado,planta 2ª exterior,0,0,81732865,2,0.0,Arcos de la Frontera,"Calle Zarzaleña, 5"," Calle Zarzaleña, 5 , Arcos de la Frontera , Sierra de Cádiz, Cádiz ",,"Sierra de Cádiz, Cádiz",93,80.0,2019-04-14,78000,0,3.0,0,0,0,True,False,False,False,False,False,False,False,False,False,False,False,False,False,False,False,False,False,False,False,False
Anuncio actualizado el 25 de febrero,0,0,2.0,0,0,2004.0,,,0,0,81750339,10,0.0,Ubrique,Distrito Alameda del Cura - Barriada Andalucia," , Distrito Alameda del Cura - Barriada Andalucia , Ubrique , Sierra de Cádiz, Cádiz ",,"Sierra de Cádiz, Cádiz",174,150.0,2019-04-14,250000,0,4.0,1,0,1,True,False,False,False,False,False,False,False,False,False,False,False,False,False,False,False,False,False,False,False,False
Anuncio actualizado el 25 de febrero,1,0,1.0,0,0,2004.0,en trámite,planta 3ª exterior,0,0,38667651,2,0.0,Ubrique,Distrito Centro," , Distrito Centro , Ubrique , Sierra de Cádiz, Cádiz ",,"Sierra de Cádiz, Cádiz",70,56.0,2019-04-14,70000,0,3.0,0,0,0,True,False,False,False,False,False,False,False,False,False,False,False,False,False,False,False,False,False,True,False,False
Anuncio actualizado el 21 de febrero,0,0,1.0,0,0,2004.0,en trámite,,0,0,38667659,10,0.0,Villaluenga del Rosario,," , Villaluenga del Rosario , Sierra de Cádiz, Cádiz ",,"Sierra de Cádiz, Cádiz",80,70.0,2019-04-14,59000,0,2.0,0,0,1,True,False,False,False,False,False,False,False,False,False,False,False,False,False,False,False,False,False,False,False,False
Anuncio actualizado el 19 de febrero,0,0,2.0,0,0,2004.0,,,0,0,40101820,10,0.0,Prado del Rey,," , Prado del Rey , Sierra de Cádiz, Cádiz ",,"Sierra de Cádiz, Cádiz",96,90.0,2019-04-14,120000,0,3.0,0,0,1,True,False,False,False,False,False,False,False,False,False,False,False,False,False,False,False,False,False,False,False,False
Anuncio actualizado el 25 de febrero,0,0,2.0,0,0,2004.0,en trámite,,0,0,81541407,10,0.0,Ubrique,Distrito La Vega," , Distrito La Vega , Ubrique , Sierra de Cádiz, Cádiz ",,"Sierra de Cádiz, Cádiz",113,80.0,2019-04-14,130000,0,3.0,0,0,1,True,False,False,False,False,False,False,False,False,False,False,False,False,False,False,False,False,True,False,False,False
Anuncio actualizado el 26 de febrero,0,0,2.0,0,0,2004.0,,,0,0,81777776,10,0.0,Ubrique,Distrito Alameda del Cura - Barriada Andalucia," , Distrito Alameda del Cura - Barriada Andalucia , Ubrique , Sierra de Cádiz, Cádiz ",,"Sierra de Cádiz, Cádiz",145,140.0,2019-04-14,80000,0,3.0,0,0,1,True,False,False,False,False,False,False,False,False,False,False,False,False,False,False,False,False,False,False,False,False
Anuncio actualizado el 25 de febrero,0,0,1.0,0,0,2004.0,,planta 1ª,1,0,81848738,2,1.0,Ubrique,Distrito Alameda del Cura - Barriada Andalucia," , Distrito Alameda del Cura - Barriada Andalucia , Ubrique , Sierra de Cádiz, Cádiz ",,"Sierra de Cádiz, Cádiz",85,76.0,2019-04-14,65000,0,3.0,1,0,0,True,False,False,False,False,False,False,False,False,False,False,False,False,False,False,False,False,False,False,False,False
Anuncio actualizado el 25 de febrero,0,0,1.0,0,0,2004.0,,planta 1ª,0,0,81361360,2,1.0,Ubrique,Distrito El Jardín - Antonio Vega," , Distrito El Jardín - Antonio Vega , Ubrique , Sierra de Cádiz, Cádiz ",,"Sierra de Cádiz, Cádiz",80,70.0,2019-04-14,85000,0,2.0,0,0,0,True,False,False,False,False,False,False,False,False,False,False,False,False,False,False,False,False,False,False,False,False
Anuncio actualizado el 5 de enero,0,0,2.0,0,0,2003.0,en trámite,2 plantas,0,0,82086395,3,0.0,Zahara,"Camino de Algodonales, 28"," Camino de Algodonales, 28 , Zahara , Sierra de Cádiz, Cádiz ",,"Sierra de Cádiz, Cádiz",95,80.0,2019-04-14,83000,0,3.0,0,0,1,True,False,False,False,False,False,False,False,False,False,False,False,False,False,False,False,False,False,True,False,False
Anuncio actualizado el 11 de noviembre,0,0,1.0,0,0,2004.0,no indicado,planta 1ª exterior,1,0,82265943,2,0.0,Arcos de la Frontera,"Calle Miguel Delibes, 7"," Calle Miguel Delibes, 7 , Arcos de la Frontera , Sierra de Cádiz, Cádiz ",,"Sierra de Cádiz, Cádiz",70,80.0,2019-04-14,90000,0,2.0,0,0,0,True,False,False,False,False,False,False,False,False,False,False,False,False,False,False,False,False,False,False,False,False
Anuncio actualizado el 11 de marzo,0,0,2.0,0,0,2004.0,no indicado,planta 2ª exterior,1,0,82496573,2,0.0,Arcos de la Frontera,"Avenida Duque de Arcos, 10"," Avenida Duque de Arcos, 10 , Arcos de la Frontera , Sierra de Cádiz, Cádiz ",,"Sierra de Cádiz, Cádiz",90,80.0,2019-04-14,110000,0,3.0,1,0,1,True,False,False,False,False,False,False,False,False,False,False,False,False,False,False,False,False,False,False,False,False
Anuncio actualizado el 25 de febrero,0,0,2.0,0,0,2004.0,en trámite,,1,0,38660905,10,0.0,Ubrique,Distrito Alameda del Cura - Barriada Andalucia," , Distrito Alameda del Cura - Barriada Andalucia , Ubrique , Sierra de Cádiz, Cádiz ",,"Sierra de Cádiz, Cádiz",180,156.0,2019-04-14,160000,0,3.0,1,0,0,True,False,False,False,False,False,False,False,False,False,False,False,False,False,False,False,False,False,True,False,False
Anuncio actualizado el 25 de febrero,0,0,1.0,0,0,2004.0,en trámite,planta 2ª exterior,0,0,39568973,2,0.0,Ubrique,Distrito Centro," , Distrito Centro , Ubrique , Sierra de Cádiz, Cádiz ",,"Sierra de Cádiz, Cádiz",129,100.0,2019-04-14,108000,0,3.0,0,0,0,True,False,False,False,False,False,False,False,False,False,False,False,False,False,False,False,False,False,False,False,False
Anuncio actualizado el 25 de febrero,0,0,1.0,0,0,2004.0,,,0,0,39850737,10,0.0,Ubrique,Distrito Centro," , Distrito Centro , Ubrique , Sierra de Cádiz, Cádiz ",,"Sierra de Cádiz, Cádiz",70,60.0,2019-04-14,63000,0,2.0,0,0,0,True,False,False,False,False,False,False,False,False,False,False,False,False,False,False,False,False,False,False,False,False
Anuncio actualizado el 25 de febrero,0,0,1.0,0,0,2004.0,,bajo,0,0,40104390,2,0.0,Ubrique,Distrito Alameda del Cura - Barriada Andalucia," , Distrito Alameda del Cura - Barriada Andalucia , Ubrique , Sierra de Cádiz, Cádiz ",,"Sierra de Cádiz, Cádiz",65,60.0,2019-04-14,69000,0,3.0,0,0,0,True,False,False,False,False,False,False,False,False,False,False,False,False,False,False,False,False,False,False,False,False
Anuncio actualizado el 19 de febrero,0,0,1.0,0,0,2004.0,,,0,0,40150386,10,0.0,Benaocaz,," , Benaocaz , Sierra de Cádiz, Cádiz ",,"Sierra de Cádiz, Cádiz",70,60.0,2019-04-14,90000,0,2.0,0,0,0,True,False,False,False,False,False,False,False,False,False,False,False,False,False,False,False,False,False,False,False,False
Anuncio actualizado el 25 de febrero,0,0,1.0,0,0,2004.0,,planta 2ª,0,0,40405818,2,0.0,Ubrique,Distrito Alameda del Cura - Barriada Andalucia," , Distrito Alameda del Cura - Barriada Andalucia , Ubrique , Sierra de Cádiz, Cádiz ",,"Sierra de Cádiz, Cádiz",80,75.0,2019-04-14,72000,0,3.0,0,0,0,False,True,False,False,False,False,False,False,False,False,False,False,False,False,False,False,False,False,False,False,False
Anuncio actualizado el 25 de febrero,0,0,2.0,0,0,2004.0,,planta 2ª,1,0,40244562,2,1.0,Ubrique,Distrito Alameda del Cura - Barriada Andalucia," , Distrito Alameda del Cura - Barriada Andalucia , Ubrique , Sierra de Cádiz, Cádiz ",,"Sierra de Cádiz, Cádiz",89,70.0,2019-04-14,63000,0,3.0,1,0,0,True,False,False,False,False,False,False,False,False,False,False,False,False,False,False,False,False,False,False,False,False
Anuncio actualizado el 25 de febrero,0,0,1.0,0,0,2004.0,,,0,0,40409581,10,0.0,Ubrique,Distrito Alameda del Cura - Barriada Andalucia," , Distrito Alameda del Cura - Barriada Andalucia , Ubrique , Sierra de Cádiz, Cádiz ",,"Sierra de Cádiz, Cádiz",80,70.0,2019-04-14,60000,0,3.0,0,0,0,False,True,False,False,False,False,False,False,False,False,False,False,False,False,False,False,False,False,False,False,False
Anuncio actualizado el 25 de febrero,0,0,2.0,0,0,2004.0,,planta 2ª,1,0,40564201,2,1.0,Ubrique,Distrito Alameda del Cura - Barriada Andalucia," , Distrito Alameda del Cura - Barriada Andalucia , Ubrique , Sierra de Cádiz, Cádiz ",,"Sierra de Cádiz, Cádiz",85,76.0,2019-04-14,118000,0,3.0,1,0,1,True,False,False,False,False,False,False,False,False,False,False,False,False,False,False,False,False,False,False,False,False
Anuncio actualizado el 25 de febrero,0,0,1.0,0,0,2004.0,,planta 2ª,0,0,81388882,2,0.0,Ubrique,Distrito Alameda del Cura - Barriada Andalucia," , Distrito Alameda del Cura - Barriada Andalucia , Ubrique , Sierra de Cádiz, Cádiz ",,"Sierra de Cádiz, Cádiz",70,80.0,2019-04-14,150000,0,3.0,0,0,1,True,False,False,False,False,False,False,False,False,False,False,False,False,False,False,False,False,False,False,False,False
Anuncio actualizado el 25 de febrero,0,0,2.0,0,0,2004.0,,,0,0,81648016,10,0.0,Ubrique,Distrito Casco antiguo - Convento - Caldereto," , Distrito Casco antiguo - Convento - Caldereto , Ubrique , Sierra de Cádiz, Cádiz ",,"Sierra de Cádiz, Cádiz",110,90.0,2019-04-14,90000,0,3.0,0,0,0,True,False,False,False,False,False,False,False,False,False,False,False,False,False,False,False,False,False,False,False,False
Anuncio actualizado el 25 de febrero,1,0,1.0,0,0,2004.0,en trámite,planta 1ª exterior,0,0,82456953,2,0.0,Ubrique,Distrito Centro," , Distrito Centro , Ubrique , Sierra de Cádiz, Cádiz ",,"Sierra de Cádiz, Cádiz",85,80.0,2019-04-14,95000,0,3.0,0,0,0,True,False,False,False,False,False,False,False,False,False,False,False,False,False,False,False,False,False,False,False,False
Anuncio actualizado el 19 de febrero,0,0,3.0,0,0,2004.0,en trámite,,0,0,82429085,10,0.0,El Bosque,," , El Bosque , Sierra de Cádiz, Cádiz ",,"Sierra de Cádiz, Cádiz",100,80.0,2019-04-14,155000,0,4.0,0,0,0,False,False,False,False,False,False,False,False,False,False,False,False,False,False,False,False,False,False,False,False,False
Anuncio actualizado el 25 de febrero,1,0,2.0,0,0,2004.0,en trámite,planta 2ª,0,0,39242309,2,0.0,Ubrique,Distrito Centro," , Distrito Centro , Ubrique , Sierra de Cádiz, Cádiz ",,"Sierra de Cádiz, Cádiz",114,96.0,2019-04-14,135000,0,3.0,0,0,1,True,False,False,False,False,False,False,False,False,False,False,False,False,False,False,False,False,False,False,False,False
Anuncio actualizado el 25 de febrero,0,0,1.0,0,0,2004.0,,planta 1ª,0,0,39553733,2,0.0,Ubrique,Distrito Alameda del Cura - Barriada Andalucia," , Distrito Alameda del Cura - Barriada Andalucia , Ubrique , Sierra de Cádiz, Cádiz ",,"Sierra de Cádiz, Cádiz",65,60.0,2019-04-14,55000,0,3.0,0,0,0,True,False,False,False,False,False,False,False,False,False,False,False,False,False,False,False,False,False,False,False,False
Anuncio actualizado el 19 de febrero,0,0,2.0,0,0,2004.0,,planta 1ª,1,0,39792354,2,0.0,Villamartin,," , Villamartin , Sierra de Cádiz, Cádiz ",,"Sierra de Cádiz, Cádiz",60,80.0,2019-04-14,75000,0,3.0,0,0,0,True,False,False,False,False,False,False,False,False,False,False,False,False,False,False,False,False,False,False,False,False
Anuncio actualizado el 25 de febrero,0,0,2.0,0,0,2004.0,,planta 3ª,0,0,39735325,2,0.0,Ubrique,Distrito Alameda del Cura - Barriada Andalucia," , Distrito Alameda del Cura - Barriada Andalucia , Ubrique , Sierra de Cádiz, Cádiz ",,"Sierra de Cádiz, Cádiz",110,100.0,2019-04-14,102500,0,3.0,0,0,0,True,False,False,False,False,False,False,False,False,False,False,False,False,False,False,False,False,False,False,False,False
Anuncio actualizado el 25 de febrero,0,0,2.0,0,0,2004.0,,planta 2ª,1,0,39735301,2,1.0,Ubrique,Distrito Alameda del Cura - Barriada Andalucia," , Distrito Alameda del Cura - Barriada Andalucia , Ubrique , Sierra de Cádiz, Cádiz ",,"Sierra de Cádiz, Cádiz",85,79.0,2019-04-14,78000,0,3.0,0,0,0,True,False,False,False,False,False,False,False,False,False,False,False,False,False,False,False,False,False,False,False,False
Anuncio actualizado el 25 de febrero,0,0,1.0,0,0,2004.0,,planta 1ª,0,0,39780461,2,0.0,Ubrique,Distrito Alameda del Cura - Barriada Andalucia," , Distrito Alameda del Cura - Barriada Andalucia , Ubrique , Sierra de Cádiz, Cádiz ",,"Sierra de Cádiz, Cádiz",50,45.0,2019-04-14,62500,0,3.0,0,0,0,True,False,False,False,False,False,False,False,False,False,False,False,False,False,False,False,False,False,False,False,False
Anuncio actualizado el 14 de abril,1,1,2.0,1,0,2007.0,no indicado,planta 2ª exterior,1,0,82585666,8,1.0,Villamartin,"Avenida de Arcos, 76"," Avenida de Arcos, 76 , Villamartin , Sierra de Cádiz, Cádiz ",,"Sierra de Cádiz, Cádiz",150,80.0,2019-04-14,125000,1,4.0,1,0,1,True,False,True,False,False,False,False,False,False,False,False,False,False,False,False,False,False,False,False,False,False
Anuncio actualizado el 16 de noviembre,0,0,2.0,0,0,2004.0,no indicado,3 plantas,0,0,82687497,3,0.0,Alcalá del Valle,"Calle Pablo Picasso, 47"," Calle Pablo Picasso, 47 , Alcalá del Valle , Sierra de Cádiz, Cádiz ",,"Sierra de Cádiz, Cádiz",140,80.0,2019-04-14,110000,0,3.0,0,0,1,True,False,False,False,False,False,False,False,False,False,False,False,False,False,False,False,False,False,False,False,False
Anuncio actualizado el 25 de febrero,0,0,1.0,0,0,2004.0,en trámite,planta 1ª,0,0,82771169,2,0.0,Ubrique,Distrito El Jardín - Antonio Vega," , Distrito El Jardín - Antonio Vega , Ubrique , Sierra de Cádiz, Cádiz ",,"Sierra de Cádiz, Cádiz",80,80.0,2019-04-14,79500,0,3.0,0,0,0,True,False,False,False,False,False,False,False,False,False,False,False,False,False,False,False,False,False,False,False,False
Anuncio actualizado el 7 de abril,1,0,1.0,0,0,2004.0,no indicado,bajo exterior,0,1,82791406,2,0.0,Ubrique,Distrito Alameda del Cura - Barriada Andalucia," Calle Practicante Antonio Ríos, 1 , Distrito Alameda del Cura - Barriada Andalucia , Ubrique , Sierra de Cádiz, Cádiz ","Calle Practicante Antonio Ríos, 1","Sierra de Cádiz, Cádiz",70,80.0,2019-04-14,68000,0,2.0,1,0,0,True,False,False,False,False,False,False,False,False,False,False,False,False,False,False,False,False,False,False,False,False
Anuncio actualizado el 19 de febrero,0,0,2.0,0,0,2004.0,en trámite,planta 1ª,0,0,82637329,2,0.0,El Bosque,," , El Bosque , Sierra de Cádiz, Cádiz ",,"Sierra de Cádiz, Cádiz",77,80.0,2019-04-14,85050,0,2.0,0,0,0,True,False,False,False,False,False,False,False,False,False,False,False,False,False,False,False,False,False,False,False,False
Anuncio actualizado el 25 de febrero,0,0,2.0,0,0,2004.0,,,0,0,83036222,10,0.0,Ubrique,Distrito Alameda del Cura - Barriada Andalucia," , Distrito Alameda del Cura - Barriada Andalucia , Ubrique , Sierra de Cádiz, Cádiz ",,"Sierra de Cádiz, Cádiz",118,100.0,2019-04-14,140000,0,3.0,0,0,1,True,False,False,False,False,False,False,False,False,False,False,False,False,False,False,False,False,False,False,False,False
Anuncio actualizado el 25 de febrero,0,0,2.0,0,0,2004.0,,,0,0,83051882,10,0.0,Ubrique,Distrito Alameda del Cura - Barriada Andalucia," , Distrito Alameda del Cura - Barriada Andalucia , Ubrique , Sierra de Cádiz, Cádiz ",,"Sierra de Cádiz, Cádiz",100,90.0,2019-04-14,87000,0,3.0,1,0,1,True,False,False,False,False,False,False,False,False,False,False,False,False,False,False,False,False,False,False,False,False
Anuncio actualizado el 25 de febrero,0,0,2.0,0,0,2004.0,,bajo,1,0,39006999,2,1.0,Ubrique,Distrito Alameda del Cura - Barriada Andalucia," , Distrito Alameda del Cura - Barriada Andalucia , Ubrique , Sierra de Cádiz, Cádiz ",,"Sierra de Cádiz, Cádiz",85,75.0,2019-04-14,75000,0,3.0,1,0,0,True,False,False,False,False,False,False,False,False,False,False,False,False,False,False,False,False,False,False,False,False
Anuncio actualizado el 24 de febrero,1,0,3.0,1,0,2015.0,,,0,1,83244799,0,0.0,Arcos de la Frontera,"Calle lucia de leon, 21"," Calle lucia de leon, 21 , Arcos de la Frontera , Sierra de Cádiz, Cádiz ",,"Sierra de Cádiz, Cádiz",2000,80.0,2019-04-14,350000,1,4.0,1,1,1,True,False,False,False,True,False,False,False,False,False,False,False,False,False,False,False,False,False,False,False,False
Anuncio actualizado el 25 de febrero,0,0,2.0,0,0,2004.0,en trámite,sótano exterior,0,0,36345533,2,0.0,Ubrique,Distrito El Jardín - Antonio Vega," , Distrito El Jardín - Antonio Vega , Ubrique , Sierra de Cádiz, Cádiz ",,"Sierra de Cádiz, Cádiz",95,80.0,2019-04-14,89250,0,3.0,0,0,1,False,False,False,False,False,False,False,False,False,False,False,False,False,False,False,False,False,False,False,False,False
Anuncio actualizado el 19 de febrero,0,0,1.0,0,0,2004.0,,planta 1ª,0,0,83372382,2,0.0,Arcos de la Frontera,," , Arcos de la Frontera , Sierra de Cádiz, Cádiz ",,"Sierra de Cádiz, Cádiz",93,80.0,2019-04-14,72200,0,2.0,0,0,0,True,False,False,False,False,False,False,False,False,False,False,False,False,False,False,False,False,False,False,False,False
Anuncio actualizado el 19 de febrero,0,0,1.0,0,0,2004.0,,bajo,0,0,83443517,2,0.0,Prado del Rey,," , Prado del Rey , Sierra de Cádiz, Cádiz ",,"Sierra de Cádiz, Cádiz",69,59.0,2019-04-14,68000,0,2.0,0,0,0,True,False,False,False,False,False,False,False,False,False,False,False,False,False,False,False,False,False,False,False,False
Anuncio actualizado el 27 de marzo,0,0,1.0,0,0,2004.0,,planta 3ª,0,0,83219282,2,0.0,Ubrique,Distrito Alameda del Cura - Barriada Andalucia," , Distrito Alameda del Cura - Barriada Andalucia , Ubrique , Sierra de Cádiz, Cádiz ",,"Sierra de Cádiz, Cádiz",77,65.0,2019-04-14,83000,0,3.0,0,0,0,True,False,False,False,False,False,False,False,False,False,False,False,False,False,False,False,False,False,False,False,False
Anuncio actualizado el 21 de febrero,0,0,2.0,0,0,2004.0,,,0,0,83373031,10,0.0,Bornos,," , Bornos , Sierra de Cádiz, Cádiz ",,"Sierra de Cádiz, Cádiz",152,80.0,2019-04-14,130500,0,4.0,0,0,0,True,False,False,False,False,False,False,False,False,False,False,False,False,False,False,False,False,False,False,False,False
Anuncio actualizado el 17 de febrero,0,0,1.0,0,0,2004.0,no indicado,1 planta,0,0,83556497,0,0.0,Torre-Alhaquime,"Calle romaila, 2"," Calle romaila, 2 , Torre-Alhaquime , Sierra de Cádiz, Cádiz ",,"Sierra de Cádiz, Cádiz",150,80.0,2019-04-14,25000,0,3.0,0,0,0,False,True,False,False,False,False,False,False,False,False,False,False,False,False,False,False,False,False,False,False,False
Anuncio actualizado el 11 de marzo,0,0,1.0,0,0,2004.0,no indicado,planta 2ª exterior,0,0,83556916,2,1.0,Ubrique,Distrito Centro," Plaza de los Ejércitos Españoles, 9 , Distrito Centro , Ubrique , Sierra de Cádiz, Cádiz ","Plaza de los Ejércitos Españoles, 9","Sierra de Cádiz, Cádiz",97,80.0,2019-04-14,120000,0,3.0,0,0,0,True,False,False,False,False,False,False,False,False,False,False,False,False,False,False,False,False,False,False,False,False
Anuncio actualizado el 25 de febrero,0,0,1.0,0,0,2004.0,,bajo,0,0,83579508,2,0.0,Ubrique,Distrito Alameda del Cura - Barriada Andalucia," , Distrito Alameda del Cura - Barriada Andalucia , Ubrique , Sierra de Cádiz, Cádiz ",,"Sierra de Cádiz, Cádiz",60,80.0,2019-04-14,45000,0,2.0,0,0,0,False,False,False,False,False,False,False,False,False,False,False,False,False,False,False,False,False,False,False,False,False
Anuncio actualizado el 20 de marzo,0,0,6.0,0,0,2004.0,no indicado,,0,0,33214770,1,0.0,Arcos de la Frontera,"Calle alta, 35"," Calle alta, 35 , Arcos de la Frontera , Sierra de Cádiz, Cádiz ",,"Sierra de Cádiz, Cádiz",380,80.0,2019-04-14,110000,0,15.0,0,0,0,False,True,False,False,False,False,False,False,False,False,False,False,False,False,False,False,False,False,False,False,False
Anuncio actualizado el 14 de marzo,0,1,1.0,0,0,2004.0,no indicado,2 plantas,0,0,83635665,1,0.0,Zahara,"Calle Boquete San Juan, 7"," Calle Boquete San Juan, 7 , Zahara , Sierra de Cádiz, Cádiz ",,"Sierra de Cádiz, Cádiz",70,80.0,2019-04-14,70000,0,2.0,0,0,0,True,False,False,False,False,False,False,False,False,False,False,False,False,False,False,False,False,False,False,False,False
Anuncio actualizado el 7 de abril,0,0,2.0,0,0,2004.0,no indicado,planta 2ª exterior,0,0,83649777,2,0.0,Algodonales,"Avenida de la Constitución, 38"," Avenida de la Constitución, 38 , Algodonales , Sierra de Cádiz, Cádiz ",,"Sierra de Cádiz, Cádiz",100,80.0,2019-04-14,130000,0,3.0,0,0,0,True,False,False,False,False,False,False,False,False,False,False,False,False,False,False,False,False,False,False,False,False
Anuncio actualizado el 25 de febrero,0,0,1.0,0,0,2004.0,no indicado,2 plantas,0,0,83654066,1,0.0,Ubrique,Distrito Centro," Avenida de España, 78 , Distrito Centro , Ubrique , Sierra de Cádiz, Cádiz ","Avenida de España, 78","Sierra de Cádiz, Cádiz",110,80.0,2019-04-14,135000,0,4.0,0,0,1,False,True,False,False,False,False,False,False,False,False,False,False,False,False,False,False,False,False,False,False,False
Anuncio actualizado el 28 de diciembre,0,0,2.0,0,0,2004.0,no indicado,,0,0,25415192,1,0.0,Benaocaz,"Calle Callegeta, 8"," Calle Callegeta, 8 , Benaocaz , Sierra de Cádiz, Cádiz ",,"Sierra de Cádiz, Cádiz",70,80.0,2019-04-14,75000,0,2.0,0,0,0,True,False,False,False,False,False,False,False,False,False,False,False,False,False,False,False,False,False,False,False,False
Anuncio actualizado el 6 de marzo,1,0,2.0,0,0,2004.0,en trámite,,1,0,83735438,10,0.0,Ubrique,Distrito La Vega," , Distrito La Vega , Ubrique , Sierra de Cádiz, Cádiz ",,"Sierra de Cádiz, Cádiz",100,90.0,2019-04-14,120000,0,3.0,1,0,0,True,False,False,False,False,False,False,False,False,False,False,False,False,False,False,False,False,False,False,False,False
Anuncio actualizado el 21 de marzo,0,0,1.0,0,0,2004.0,en trámite,,0,0,83816023,10,0.0,Ubrique,Distrito El Jardín - Antonio Vega," , Distrito El Jardín - Antonio Vega , Ubrique , Sierra de Cádiz, Cádiz ",,"Sierra de Cádiz, Cádiz",82,80.0,2019-04-14,78000,0,4.0,0,0,0,False,False,False,False,False,False,False,False,False,False,False,False,False,False,False,False,False,False,False,False,False
Anuncio actualizado el 25 de febrero,1,0,2.0,0,0,2004.0,,planta 2ª exterior,0,0,83732342,2,1.0,Ubrique,Distrito Centro," , Distrito Centro , Ubrique , Sierra de Cádiz, Cádiz ",,"Sierra de Cádiz, Cádiz",93,85.0,2019-04-14,139000,0,3.0,0,0,0,True,False,False,False,False,False,False,False,False,False,False,False,False,False,False,False,False,False,False,False,False
Anuncio actualizado el 17 de enero,0,0,1.0,0,0,2004.0,no indicado,planta 1ª exterior,0,0,83889074,2,0.0,Grazalema,"Calle Laguneta Nº, 23"," Calle Laguneta Nº, 23 , Grazalema , Sierra de Cádiz, Cádiz ",,"Sierra de Cádiz, Cádiz",50,80.0,2019-04-14,47000,0,1.0,0,0,0,True,False,False,False,False,False,False,False,False,False,False,False,False,False,False,False,False,False,False,False,False
Anuncio actualizado el 6 de marzo,0,0,2.0,0,0,2004.0,,planta 3ª,1,0,83925282,2,1.0,Ubrique,Distrito Alameda del Cura - Barriada Andalucia," , Distrito Alameda del Cura - Barriada Andalucia , Ubrique , Sierra de Cádiz, Cádiz ",,"Sierra de Cádiz, Cádiz",90,80.0,2019-04-14,80000,0,3.0,0,0,0,True,False,False,False,False,False,False,False,False,False,False,False,False,False,False,False,False,False,False,False,False
Anuncio actualizado el 25 de febrero,0,0,2.0,0,0,2004.0,,planta 2ª,0,0,83940760,2,0.0,Ubrique,Distrito El Jardín - Antonio Vega," , Distrito El Jardín - Antonio Vega , Ubrique , Sierra de Cádiz, Cádiz ",,"Sierra de Cádiz, Cádiz",120,80.0,2019-04-14,108000,0,4.0,0,0,0,False,False,False,False,False,False,False,False,False,False,False,False,False,False,False,False,False,False,False,False,False
Anuncio actualizado el 25 de febrero,0,0,1.0,0,0,2004.0,en trámite,planta 2ª exterior,0,0,84051443,2,0.0,Ubrique,Distrito Centro," , Distrito Centro , Ubrique , Sierra de Cádiz, Cádiz ",,"Sierra de Cádiz, Cádiz",125,80.0,2019-04-14,175000,0,4.0,0,0,1,True,False,False,False,False,False,False,False,False,False,False,False,False,False,False,False,False,True,False,False,False
Anuncio actualizado el 25 de febrero,0,0,2.0,0,0,2004.0,en trámite,planta 2ª,0,0,81489117,2,0.0,Ubrique,Distrito Alameda del Cura - Barriada Andalucia," , Distrito Alameda del Cura - Barriada Andalucia , Ubrique , Sierra de Cádiz, Cádiz ",,"Sierra de Cádiz, Cádiz",90,80.0,2019-04-14,110000,0,3.0,0,0,0,True,False,False,False,False,False,False,False,False,False,False,False,False,False,False,False,False,False,False,False,False
Anuncio actualizado el 25 de febrero,0,0,1.0,0,0,2004.0,,planta 1ª,0,0,84052836,2,0.0,Ubrique,Distrito Alameda del Cura - Barriada Andalucia," , Distrito Alameda del Cura - Barriada Andalucia , Ubrique , Sierra de Cádiz, Cádiz ",,"Sierra de Cádiz, Cádiz",70,80.0,2019-04-14,105000,0,2.0,0,0,0,True,False,False,False,False,False,False,False,False,False,False,False,False,False,False,False,False,False,False,False,False
Anuncio actualizado el 7 de marzo,0,0,1.0,0,0,2004.0,en trámite,planta 2ª,0,0,84065337,2,0.0,Ubrique,Distrito Centro," , Distrito Centro , Ubrique , Sierra de Cádiz, Cádiz ",,"Sierra de Cádiz, Cádiz",70,80.0,2019-04-14,59000,0,3.0,0,0,0,False,False,False,False,False,False,False,False,False,False,False,False,False,False,False,False,False,False,False,False,False
Anuncio actualizado el 30 de enero,0,0,1.0,0,0,2004.0,no indicado,bajo,0,0,83964254,2,1.0,Arcos de la Frontera,," , Arcos de la Frontera , Sierra de Cádiz, Cádiz ",,"Sierra de Cádiz, Cádiz",49,80.0,2019-04-14,55000,1,1.0,1,0,0,False,False,False,False,False,False,False,False,False,False,False,False,False,False,False,False,False,False,False,False,False
Anuncio actualizado el 30 de enero,0,0,1.0,0,0,2004.0,no indicado,planta 1ª,0,0,83964256,2,1.0,Arcos de la Frontera,," , Arcos de la Frontera , Sierra de Cádiz, Cádiz ",,"Sierra de Cádiz, Cádiz",91,79.0,2019-04-14,140000,1,3.0,1,0,0,False,False,False,False,False,False,False,False,False,False,False,False,False,False,False,False,False,False,False,False,False
Anuncio actualizado el 19 de febrero,0,0,1.0,0,0,2004.0,en trámite,,1,0,84086697,2,0.0,Villamartin,," , Villamartin , Sierra de Cádiz, Cádiz ",,"Sierra de Cádiz, Cádiz",55,80.0,2019-04-14,47150,0,1.0,1,0,0,False,False,False,False,False,False,False,False,False,False,False,False,False,False,False,False,False,False,False,False,False
Anuncio actualizado el 19 de febrero,0,0,1.0,0,0,2004.0,en trámite,planta 1ª,0,0,84089489,5,0.0,Benaocaz,," , Benaocaz , Sierra de Cádiz, Cádiz ",,"Sierra de Cádiz, Cádiz",71,80.0,2019-04-14,55600,0,2.0,0,0,1,False,False,False,False,False,False,False,False,False,False,False,False,False,False,False,False,False,False,False,False,False
Anuncio actualizado el 1 de febrero,0,0,1.0,0,0,2004.0,no indicado,planta 2ª,0,0,84109515,2,0.0,Arcos de la Frontera,," , Arcos de la Frontera , Sierra de Cádiz, Cádiz ",,"Sierra de Cádiz, Cádiz",82,80.0,2019-04-14,40000,0,3.0,0,0,0,True,False,False,False,False,False,False,False,False,False,False,False,False,False,False,False,False,False,False,False,False
Anuncio actualizado el 14 de abril,0,0,4.0,0,0,2004.0,no indicado,2 plantas,1,0,84118449,0,0.0,Arcos de la Frontera,"Calle Laureano de Toro Figueroa, 5"," Calle Laureano de Toro Figueroa, 5 , Arcos de la Frontera , Sierra de Cádiz, Cádiz ",,"Sierra de Cádiz, Cádiz",284,80.0,2019-04-14,250000,0,4.0,0,0,0,True,False,False,False,False,False,False,False,False,False,False,False,False,False,False,False,False,False,False,False,False
Anuncio actualizado el 13 de febrero,0,0,2.0,0,0,2004.0,,1 planta,0,0,35074435,0,0.0,Bornos,"Calle Molino Zara, 20"," Calle Molino Zara, 20 , Bornos , Sierra de Cádiz, Cádiz ",,"Sierra de Cádiz, Cádiz",350,80.0,2019-04-14,170000,0,3.0,0,0,0,True,False,False,False,False,False,False,False,False,False,False,False,False,False,False,False,False,False,False,False,False
Anuncio actualizado el 4 de marzo,0,0,2.0,0,0,2004.0,en trámite,,0,0,84288391,10,0.0,Benaocaz,," , Benaocaz , Sierra de Cádiz, Cádiz ",,"Sierra de Cádiz, Cádiz",90,80.0,2019-04-14,80500,0,2.0,0,0,0,True,False,False,False,False,False,False,False,False,False,False,False,False,False,False,False,False,False,False,False,False
Anuncio actualizado el 25 de febrero,0,0,1.0,0,0,2004.0,,planta 2ª,0,0,84344061,2,0.0,Ubrique,Distrito Alameda del Cura - Barriada Andalucia," , Distrito Alameda del Cura - Barriada Andalucia , Ubrique , Sierra de Cádiz, Cádiz ",,"Sierra de Cádiz, Cádiz",75,60.0,2019-04-14,85000,0,3.0,0,0,0,True,False,False,False,False,False,False,False,False,False,False,False,False,False,False,False,False,False,False,False,False
Anuncio actualizado el 25 de febrero,0,0,1.0,0,0,2004.0,en trámite,,0,0,84376121,10,0.0,Ubrique,Distrito Alameda del Cura - Barriada Andalucia," , Distrito Alameda del Cura - Barriada Andalucia , Ubrique , Sierra de Cádiz, Cádiz ",,"Sierra de Cádiz, Cádiz",78,70.0,2019-04-14,118000,0,4.0,1,0,1,False,False,False,False,False,False,False,False,False,True,False,False,False,False,False,False,False,False,False,False,False
Anuncio actualizado el 28 de febrero,0,0,1.0,0,0,2004.0,,,0,0,84485524,1,0.0,Zahara,"Calle Nueva, 33"," Calle Nueva, 33 , Zahara , Sierra de Cádiz, Cádiz ",,"Sierra de Cádiz, Cádiz",98,80.0,2019-04-14,100000,0,4.0,0,0,0,True,False,False,False,False,False,False,False,False,False,False,False,False,False,False,False,False,False,False,False,False
Anuncio actualizado el 19 de marzo,0,0,2.0,0,0,2004.0,en trámite,,0,0,84560602,2,0.0,Villamartin,," , Villamartin , Sierra de Cádiz, Cádiz ",,"Sierra de Cádiz, Cádiz",100,80.0,2019-04-14,285000,0,3.0,0,0,0,True,False,False,False,False,False,False,False,False,False,False,False,False,False,False,False,False,False,False,False,False
Anuncio actualizado el 6 de marzo,0,0,1.0,0,0,2004.0,no indicado,1 planta,0,0,35117777,1,0.0,Villamartin,"Calle Sol, 9"," Calle Sol, 9 , Villamartin , Sierra de Cádiz, Cádiz ",,"Sierra de Cádiz, Cádiz",120,80.0,2019-04-14,45000,0,3.0,0,0,0,False,True,False,False,False,False,False,False,False,False,False,False,False,False,False,False,False,False,False,False,False
Anuncio actualizado el 8 de marzo,0,0,1.0,0,0,2004.0,,planta 1ª,0,0,84589744,2,0.0,Ubrique,Distrito Alameda del Cura - Barriada Andalucia," , Distrito Alameda del Cura - Barriada Andalucia , Ubrique , Sierra de Cádiz, Cádiz ",,"Sierra de Cádiz, Cádiz",90,80.0,2019-04-14,100000,0,3.0,0,0,0,True,False,False,False,False,False,False,False,False,False,False,False,False,False,False,False,False,False,False,False,False
Anuncio actualizado el 18 de marzo,0,0,2.0,0,0,2004.0,,planta 1ª,0,0,84593884,5,0.0,Benaocaz,," , Benaocaz , Sierra de Cádiz, Cádiz ",,"Sierra de Cádiz, Cádiz",74,68.0,2019-04-14,91000,0,2.0,0,0,0,True,False,False,False,False,False,False,False,False,False,False,False,False,False,False,False,False,False,False,False,False
Anuncio actualizado el 28 de marzo,0,0,3.0,0,0,2004.0,en trámite,,0,0,84647047,10,0.0,Arcos de la Frontera,," , Arcos de la Frontera , Sierra de Cádiz, Cádiz ",,"Sierra de Cádiz, Cádiz",1000,80.0,2019-04-14,250000,0,4.0,0,0,0,False,False,False,False,False,False,False,False,False,False,False,False,False,False,False,False,False,False,False,False,False
Anuncio actualizado el 13 de febrero,0,0,1.0,0,0,2004.0,,,0,0,32499735,2,0.0,Villamartin,Calle san sebastián," Calle san sebastián , Villamartin , Sierra de Cádiz, Cádiz ",,"Sierra de Cádiz, Cádiz",80,80.0,2019-04-14,45250,0,2.0,0,0,0,True,False,False,False,False,False,False,False,False,False,False,False,False,False,False,False,False,False,False,False,False
Anuncio actualizado el 13 de febrero,0,0,1.0,0,0,2004.0,,,0,0,36729583,0,0.0,Bornos,Calle rodrigo de triana," Calle rodrigo de triana , Bornos , Sierra de Cádiz, Cádiz ",,"Sierra de Cádiz, Cádiz",86,80.0,2019-04-14,40850,0,3.0,0,0,0,True,False,False,False,False,False,False,False,False,False,False,False,False,False,False,False,False,False,False,False,False
Anuncio actualizado el 13 de febrero,0,0,3.0,0,0,2004.0,,,0,0,36729604,0,0.0,Arcos de la Frontera,Calle colombia," Calle colombia , Arcos de la Frontera , Sierra de Cádiz, Cádiz ",,"Sierra de Cádiz, Cádiz",133,80.0,2019-04-14,51500,0,3.0,0,0,0,True,False,False,False,False,False,False,False,False,False,False,False,False,False,False,False,False,False,False,False,False
Anuncio actualizado el 21 de marzo,0,0,2.0,0,0,2004.0,inmueble exento,,1,1,84435509,10,0.0,El Gastor,"Urb. Polig 5, Parc 47"," Urb. Polig 5, Parc 47 , El Gastor , Sierra de Cádiz, Cádiz ",,"Sierra de Cádiz, Cádiz",184,80.0,2019-04-14,120000,0,4.0,1,1,0,False,False,False,False,False,False,False,False,False,False,False,False,False,False,False,False,False,False,False,False,False
Anuncio actualizado el 5 de abril,0,0,1.0,0,0,2004.0,en trámite,planta 2ª exterior,1,0,84767792,2,0.0,Arcos de la Frontera,," , Arcos de la Frontera , Sierra de Cádiz, Cádiz ",,"Sierra de Cádiz, Cádiz",80,79.0,2019-04-14,42000,1,3.0,1,0,0,True,False,False,False,False,False,False,False,False,False,False,False,False,False,False,False,False,True,False,False,False
Anuncio actualizado el 1 de abril,1,1,2.0,1,0,2004.0,en trámite,2 plantas,0,0,84881671,7,0.0,Villamartin,," , Villamartin , Sierra de Cádiz, Cádiz ",,"Sierra de Cádiz, Cádiz",100,80.0,2019-04-14,78000,0,4.0,0,0,0,True,False,False,False,False,False,False,True,False,False,False,False,False,False,False,False,False,False,True,False,False
Anuncio actualizado el 18 de noviembre,1,1,2.0,1,0,2004.0,no indicado,2 plantas,1,0,82773094,3,0.0,Arcos de la Frontera,av santiscal s/n," av santiscal s/n , Arcos de la Frontera , Sierra de Cádiz, Cádiz ",,"Sierra de Cádiz, Cádiz",90,80.0,2019-04-14,120000,0,3.0,0,0,0,True,False,False,False,False,False,False,False,False,False,False,False,False,False,False,False,False,False,False,False,False
Anuncio actualizado el 1 de abril,0,0,3.0,0,0,2004.0,no indicado,2 plantas,0,0,84871099,0,0.0,Arcos de la Frontera,"Pozo Hondón, 10"," Pozo Hondón, 10 , Arcos de la Frontera , Sierra de Cádiz, Cádiz ",,"Sierra de Cádiz, Cádiz",200,80.0,2019-04-14,85000,0,4.0,1,0,1,False,True,False,False,False,False,False,False,False,False,False,False,False,False,False,False,False,False,False,False,False
Anuncio actualizado el 1 de abril,1,0,2.0,1,0,2004.0,no indicado,1 planta,0,0,81158015,7,0.0,Algodonales,"Carretera los Palmares, 6"," Carretera los Palmares, 6 , Algodonales , Sierra de Cádiz, Cádiz ",,"Sierra de Cádiz, Cádiz",400,80.0,2019-04-14,100000,0,3.0,0,0,0,True,False,False,False,False,False,False,False,False,False,False,False,False,False,False,False,False,False,False,False,False
Anuncio actualizado el 9 de diciembre,0,0,2.0,1,0,2004.0,no indicado,3 plantas,1,0,307429,3,0.0,Grazalema,Urb. benamahoma," Calle Santa Maria, 1 , Urb. benamahoma , Grazalema , Sierra de Cádiz, Cádiz ","Calle Santa Maria, 1","Sierra de Cádiz, Cádiz",150,140.0,2019-04-14,127000,0,2.0,1,0,1,True,False,False,False,False,False,False,False,False,False,False,False,False,False,False,False,False,True,False,False,False
Anuncio actualizado el 14 de abril,0,0,1.0,1,0,2004.0,no indicado,,0,0,1697097,0,0.0,Algodonales,"Calle Virgen del Carmen, 9"," Calle Virgen del Carmen, 9 , Algodonales , Sierra de Cádiz, Cádiz ",,"Sierra de Cádiz, Cádiz",50,40.0,2019-04-14,24000,0,1.0,0,0,0,True,False,False,False,False,False,False,False,False,False,False,False,False,False,False,False,False,False,False,False,False
Anuncio actualizado el 7 de abril,0,0,1.0,1,0,2004.0,no indicado,1 planta,0,0,1745513,3,0.0,Algodonales,"Plaza de la Fuente, 8"," Plaza de la Fuente, 8 , Algodonales , Sierra de Cádiz, Cádiz ",,"Sierra de Cádiz, Cádiz",78,80.0,2019-04-14,39000,0,2.0,0,0,0,True,False,False,False,False,False,False,False,False,False,False,False,False,False,False,False,False,False,False,False,False
Anuncio actualizado el 7 de abril,0,0,2.0,0,0,2004.0,no indicado,,0,0,1756657,0,0.0,Prado del Rey,"Calle Picasso, 22"," Calle Picasso, 22 , Prado del Rey , Sierra de Cádiz, Cádiz ",,"Sierra de Cádiz, Cádiz",90,80.0,2019-04-14,66000,0,2.0,0,0,0,True,False,False,False,False,False,False,False,False,False,False,False,False,False,False,False,False,False,False,False,False
Anuncio actualizado el 7 de abril,0,0,2.0,1,0,2004.0,no indicado,2 plantas,0,0,1795830,3,0.0,Grazalema,"Calle Pie de Palo, 3"," Calle Pie de Palo, 3 , Grazalema , Sierra de Cádiz, Cádiz ",,"Sierra de Cádiz, Cádiz",100,90.0,2019-04-14,110000,0,3.0,1,0,1,True,False,False,False,False,False,False,False,False,False,False,False,False,False,False,False,False,False,False,False,False
Anuncio actualizado el 14 de abril,1,0,1.0,0,0,2004.0,en trámite,planta 3ª exterior,0,0,1804088,2,0.0,Benaocaz,"Calle Fray Domingo, 9"," Calle Fray Domingo, 9 , Benaocaz , Sierra de Cádiz, Cádiz ",,"Sierra de Cádiz, Cádiz",100,80.0,2019-04-14,100000,0,3.0,1,0,1,True,False,False,False,False,False,False,False,False,False,False,False,False,False,False,False,False,False,False,False,True
Anuncio actualizado el 7 de abril,0,0,2.0,1,0,2004.0,no indicado,planta 2ª exterior,1,0,1810927,2,1.0,Ubrique,Distrito La Vega," Paseo Costureras, 18 , Urb. residencial sierra de cadiz , Distrito La Vega , Ubrique , Sierra de Cádiz, Cádiz ",Urb. residencial sierra de cadiz,"Sierra de Cádiz, Cádiz",75,70.0,2019-04-14,89000,0,3.0,0,0,0,True,False,False,False,False,False,False,False,False,False,False,False,False,False,False,False,False,False,False,False,False
Anuncio actualizado el 29 de enero,1,0,5.0,1,0,2007.0,no indicado,2 plantas,1,1,364784,0,0.0,Arcos de la Frontera,Calle Loma de Concejo s/n," Calle Loma de Concejo s/n , Arcos de la Frontera , Sierra de Cádiz, Cádiz ",,"Sierra de Cádiz, Cádiz",4800,350.0,2019-04-14,495000,0,6.0,1,1,1,True,False,True,False,False,False,False,False,False,False,False,False,False,False,False,False,False,False,False,False,False
Anuncio actualizado el 9 de diciembre,0,0,1.0,0,0,2004.0,no indicado,planta 1ª exterior,0,0,378585,2,0.0,Prado del Rey,"Calle Clara Campoamor, 1"," Calle Clara Campoamor, 1 , Prado del Rey , Sierra de Cádiz, Cádiz ",,"Sierra de Cádiz, Cádiz",75,65.0,2019-04-14,65000,0,2.0,0,0,0,True,False,False,False,False,False,False,False,False,False,False,False,False,False,False,False,False,False,False,False,False
Anuncio actualizado el 7 de abril,0,0,2.0,0,0,2004.0,no indicado,2 plantas,0,0,379329,0,0.0,Benaocaz,"Calle Quesiguillo, 9"," Calle Quesiguillo, 9 , Benaocaz , Sierra de Cádiz, Cádiz ",,"Sierra de Cádiz, Cádiz",63,80.0,2019-04-14,65000,0,2.0,0,0,0,True,False,False,False,False,False,False,False,False,False,False,False,False,False,False,False,False,False,False,False,False
Anuncio actualizado el 11 de marzo,0,0,1.0,1,0,2004.0,no indicado,bajo exterior,0,0,1891414,2,0.0,Bornos,"Calle Cantillejos, 53"," Calle Cantillejos, 53 , Bornos , Sierra de Cádiz, Cádiz ",,"Sierra de Cádiz, Cádiz",62,56.0,2019-04-14,82500,0,2.0,1,0,0,True,False,False,False,False,False,False,False,False,False,False,False,False,False,False,False,False,False,False,False,False
Anuncio actualizado el 7 de abril,0,0,2.0,1,0,2004.0,no indicado,bajo exterior,0,0,1894897,5,0.0,Benaocaz,"Calle Quejiguillo, 10"," Calle Quejiguillo, 10 , Benaocaz , Sierra de Cádiz, Cádiz ",,"Sierra de Cádiz, Cádiz",87,80.0,2019-04-14,84900,0,3.0,0,0,0,False,True,False,False,False,False,False,False,False,False,False,False,False,False,False,False,False,False,False,False,False
Anuncio actualizado el 1 de abril,0,0,2.0,1,0,2004.0,no indicado,2 plantas,0,0,1930747,3,0.0,Benaocaz,"Calle las Mesetas, 7"," Calle las Mesetas, 7 , Benaocaz , Sierra de Cádiz, Cádiz ",,"Sierra de Cádiz, Cádiz",45,80.0,2019-04-14,95000,0,3.0,0,0,1,True,False,False,False,False,False,False,False,False,False,False,False,False,False,False,False,False,False,False,False,False
Anuncio actualizado el 26 de marzo,0,0,1.0,0,0,2004.0,no indicado,bajo interior,0,0,1934471,2,0.0,Olvera,"Calle Pedal, 4"," Calle Pedal, 4 , Olvera , Sierra de Cádiz, Cádiz ",,"Sierra de Cádiz, Cádiz",130,116.0,2019-04-14,110000,0,3.0,1,0,1,True,False,False,False,False,False,False,False,False,False,False,False,False,False,False,False,False,False,False,False,False
Anuncio actualizado el 13 de enero,0,0,1.0,1,0,2004.0,no indicado,bajo exterior,0,0,1778525,2,1.0,Arcos de la Frontera,"Calle Regidor, 2"," Calle Regidor, 2 , Arcos de la Frontera , Sierra de Cádiz, Cádiz ",,"Sierra de Cádiz, Cádiz",70,80.0,2019-04-14,47000,0,2.0,0,0,0,True,False,False,False,False,False,False,False,False,False,False,True,False,False,False,False,False,False,False,False,False
Anuncio actualizado el 14 de abril,0,1,1.0,0,0,2004.0,en trámite,2 plantas,0,0,424527,3,0.0,Prado del Rey,"Calle Clara Campoamor, 22"," Calle Clara Campoamor, 22 , Prado del Rey , Sierra de Cádiz, Cádiz ",,"Sierra de Cádiz, Cádiz",115,105.0,2019-04-14,69000,0,3.0,0,0,1,True,False,False,False,False,False,False,False,False,False,False,False,False,False,False,False,False,False,True,False,False
Anuncio actualizado el 11 de marzo,1,1,2.0,1,0,2004.0,no indicado,planta 1ª exterior,0,0,2115459,2,0.0,Algodonales,"Calle Piedra, 5"," Calle Piedra, 5 , Algodonales , Sierra de Cádiz, Cádiz ",,"Sierra de Cádiz, Cádiz",144,130.0,2019-04-14,120000,0,4.0,1,0,1,True,False,False,False,False,False,False,False,False,True,False,False,False,False,False,False,False,False,False,False,False
Anuncio actualizado el 14 de abril,1,0,1.0,0,0,2004.0,no indicado,bajo exterior,0,1,435784,2,0.0,Ubrique,Distrito Alameda del Cura - Barriada Andalucia," Calle Granada, 14 , Distrito Alameda del Cura - Barriada Andalucia , Ubrique , Sierra de Cádiz, Cádiz ","Calle Granada, 14","Sierra de Cádiz, Cádiz",80,79.0,2019-04-14,80000,0,3.0,0,0,1,True,False,False,False,False,False,True,False,False,False,False,False,False,False,False,False,False,False,False,False,False
Anuncio actualizado el 8 de abril,1,0,3.0,1,0,2004.0,no indicado,3 plantas,1,0,2137894,3,0.0,El Bosque,"Calle Sierra de Cadiz, 11"," Calle Sierra de Cadiz, 11 , El Bosque , Sierra de Cádiz, Cádiz ",,"Sierra de Cádiz, Cádiz",110,135.0,2019-04-14,145000,0,3.0,1,0,1,True,False,False,False,False,False,False,False,False,False,True,False,False,False,False,False,False,False,False,False,False
Anuncio actualizado el 31 de marzo,0,0,1.0,0,0,2004.0,no indicado,planta 1ª exterior,0,0,2157091,2,0.0,Villamartin,"Plaza Andalucía, 5"," Plaza Andalucía, 5 , Villamartin , Sierra de Cádiz, Cádiz ",,"Sierra de Cádiz, Cádiz",70,80.0,2019-04-14,42700,0,3.0,0,0,1,True,False,False,False,False,False,False,False,False,False,False,False,False,False,False,False,False,False,False,False,False
Anuncio actualizado el 14 de abril,1,0,2.0,1,0,2004.0,,planta 2ª exterior,1,0,25326831,8,0.0,Arcos de la Frontera,"Calle Buleria, 12"," Calle Buleria, 12 , Arcos de la Frontera , Sierra de Cádiz, Cádiz ",,"Sierra de Cádiz, Cádiz",95,81.0,2019-04-14,120000,0,3.0,0,0,1,True,False,False,False,False,False,False,False,False,False,False,False,False,False,False,False,False,False,True,False,False
Anuncio actualizado el 20 de enero,0,0,2.0,1,0,2004.0,no indicado,planta 2ª exterior,0,0,25462964,5,0.0,Benaocaz,"Calle de los Villares, 7"," Calle de los Villares, 7 , Benaocaz , Sierra de Cádiz, Cádiz ",,"Sierra de Cádiz, Cádiz",100,92.0,2019-04-14,115000,0,3.0,0,0,1,True,False,False,False,False,False,False,False,False,False,False,False,False,False,False,False,False,False,False,False,False
Anuncio actualizado el 14 de abril,1,1,3.0,1,0,2009.0,,2 plantas,1,1,25506608,7,0.0,Arcos de la Frontera,Urb. club and country estate," Carretera Algar, 3 , Urb. club and country estate , Arcos de la Frontera , Sierra de Cádiz, Cádiz ","Carretera Algar, 3","Sierra de Cádiz, Cádiz",250,130.0,2019-04-14,195000,0,2.0,1,1,1,True,False,False,False,False,False,True,False,False,False,False,False,False,False,False,False,False,False,False,False,True
Anuncio actualizado el 14 de abril,1,0,2.0,1,0,2004.0,,planta 1ª exterior,0,0,25699989,2,1.0,Arcos de la Frontera,"Calle Manuel Pérez Regordán, 2"," Calle Manuel Pérez Regordán, 2 , Arcos de la Frontera , Sierra de Cádiz, Cádiz ",,"Sierra de Cádiz, Cádiz",161,140.0,2019-04-14,98500,0,4.0,1,0,0,True,False,False,False,False,False,False,False,False,False,False,False,False,False,False,False,False,False,False,False,True
Anuncio actualizado el 17 de febrero,0,0,1.0,0,0,2004.0,no indicado,planta 1ª exterior,0,0,25888186,2,0.0,Arcos de la Frontera,"Avenida Merce, 2"," Avenida Merce, 2 , Arcos de la Frontera , Sierra de Cádiz, Cádiz ",,"Sierra de Cádiz, Cádiz",68,80.0,2019-04-14,55000,0,2.0,0,0,0,True,False,False,False,False,False,False,False,False,False,False,False,False,False,False,False,False,False,False,False,False
Anuncio actualizado el 14 de abril,0,0,2.0,1,0,2004.0,no indicado,3 plantas,0,0,25910722,3,0.0,Olvera,"Calle Alameño, 5"," Calle Alameño, 5 , Olvera , Sierra de Cádiz, Cádiz ",,"Sierra de Cádiz, Cádiz",154,80.0,2019-04-14,135000,0,3.0,0,0,0,True,False,False,False,False,False,False,False,False,False,False,False,False,False,False,False,False,False,False,False,False
Anuncio actualizado el 14 de abril,1,0,1.0,0,0,2004.0,no indicado,1 planta,0,0,26170520,0,0.0,Benaocaz,"Calle de San Antón, Bajo s/n"," Calle de San Antón, Bajo s/n , Benaocaz , Sierra de Cádiz, Cádiz ",,"Sierra de Cádiz, Cádiz",600,85.0,2019-04-14,150000,1,3.0,0,0,0,True,False,False,False,False,False,False,False,False,False,False,True,False,False,False,False,False,False,False,False,False
Anuncio actualizado el 22 de enero,0,0,1.0,1,0,2004.0,no indicado,planta 1ª exterior,0,0,26203811,2,0.0,Benaocaz,"Puente de la Trampilla, 4"," Puente de la Trampilla, 4 , Benaocaz , Sierra de Cádiz, Cádiz ",,"Sierra de Cádiz, Cádiz",65,80.0,2019-04-14,77000,0,2.0,0,0,0,True,False,False,False,False,False,False,False,False,False,False,False,False,False,True,False,False,False,False,False,False
Anuncio actualizado el 14 de abril,1,0,1.0,1,0,2004.0,no indicado,bajo exterior,0,0,26613408,2,0.0,Arcos de la Frontera,"Calle de Bornos, 37"," Calle de Bornos, 37 , Arcos de la Frontera , Sierra de Cádiz, Cádiz ",,"Sierra de Cádiz, Cádiz",92,90.0,2019-04-14,62000,0,3.0,0,0,1,True,False,False,False,False,False,False,False,False,False,False,False,False,False,False,False,False,False,False,False,True
Anuncio actualizado el 2 de abril,0,0,2.0,1,0,2004.0,no indicado,2 plantas,0,0,26698158,3,0.0,Villaluenga del Rosario,"Plaza de Toros, 14"," Plaza de Toros, 14 , Villaluenga del Rosario , Sierra de Cádiz, Cádiz ",,"Sierra de Cádiz, Cádiz",90,80.0,2019-04-14,98000,0,3.0,0,0,0,True,False,False,False,False,False,False,False,False,False,False,False,False,False,False,False,False,False,False,False,False
Anuncio actualizado el 5 de diciembre,1,0,2.0,0,0,2004.0,no indicado,2 plantas,0,1,27148886,3,0.0,Villamartin,"Calle Paradas, 78"," Calle Paradas, 78 , Villamartin , Sierra de Cádiz, Cádiz ",,"Sierra de Cádiz, Cádiz",130,100.0,2019-04-14,115000,0,3.0,0,1,1,True,False,False,False,False,False,False,False,False,False,False,False,False,False,False,False,False,False,False,True,False
Anuncio actualizado el 9 de abril,1,0,1.0,0,0,2004.0,,planta 1ª exterior,0,0,27346188,2,0.0,Benaocaz,Urb. El parral," Calle Encinalejo, 9 , Urb. El parral , Benaocaz , Sierra de Cádiz, Cádiz ","Calle Encinalejo, 9","Sierra de Cádiz, Cádiz",78,65.0,2019-04-14,85000,0,2.0,1,0,1,True,False,False,False,False,False,False,False,False,False,False,False,True,False,False,False,False,False,False,False,False
Anuncio actualizado el 14 de abril,0,0,1.0,1,0,2004.0,no indicado,planta 1ª exterior,0,0,27507599,2,0.0,El Bosque,"Plaza de los Poetas Andaluces, 5"," Plaza de los Poetas Andaluces, 5 , El Bosque , Sierra de Cádiz, Cádiz ",,"Sierra de Cádiz, Cádiz",62,51.0,2019-04-14,100000,0,2.0,0,1,1,True,False,False,False,False,False,False,False,False,False,False,False,False,False,False,False,False,False,False,False,False
Anuncio actualizado el 3 de abril,0,0,1.0,0,0,2004.0,no indicado,planta 1ª interior,0,0,27577486,2,0.0,El Bosque,"Calle de Juan XXIII, 20"," Calle de Juan XXIII, 20 , El Bosque , Sierra de Cádiz, Cádiz ",,"Sierra de Cádiz, Cádiz",65,80.0,2019-04-14,100000,0,3.0,0,0,1,True,False,False,False,False,False,False,False,False,False,False,False,False,False,False,False,False,False,False,True,False
Anuncio actualizado el 27 de febrero,0,1,3.0,1,0,2004.0,no indicado,3 plantas,1,1,27636745,0,0.0,Grazalema,"Calle San Antonio, 6"," Calle San Antonio, 6 , Grazalema , Sierra de Cádiz, Cádiz ",,"Sierra de Cádiz, Cádiz",436,230.0,2019-04-14,280000,0,4.0,0,0,1,True,False,False,False,False,False,False,False,False,False,False,False,False,False,False,False,False,False,False,False,True
Anuncio actualizado el 14 de abril,1,0,2.0,1,0,2004.0,no indicado,2 plantas,0,1,27679951,3,0.0,Villamartin,"Calle Cronista Pepe Bernal, 15"," Calle Cronista Pepe Bernal, 15 , Villamartin , Sierra de Cádiz, Cádiz ",,"Sierra de Cádiz, Cádiz",115,98.0,2019-04-14,110000,0,3.0,1,0,1,True,False,False,False,False,False,False,False,False,False,False,False,False,False,False,False,False,False,False,False,False
Anuncio actualizado el 13 de abril,0,0,1.0,0,0,2004.0,no indicado,,0,0,27915445,4,0.0,Arcos de la Frontera,la Sierpe s/n," la Sierpe s/n , Arcos de la Frontera , Sierra de Cádiz, Cádiz ",,"Sierra de Cádiz, Cádiz",523,320.0,2019-04-14,170000,0,1.0,0,0,0,True,False,False,False,False,False,False,False,False,False,False,False,False,False,False,False,False,False,True,False,False
Anuncio actualizado el 7 de abril,0,0,2.0,1,0,2004.0,no indicado,2 plantas,0,1,27974372,7,0.0,Villaluenga del Rosario,"Rafael Garcia Garcia, 13"," Rafael Garcia Garcia, 13 , Villaluenga del Rosario , Sierra de Cádiz, Cádiz ",,"Sierra de Cádiz, Cádiz",75,65.0,2019-04-14,115000,0,2.0,0,0,0,True,False,False,False,False,False,False,False,False,False,False,False,False,False,False,False,False,False,False,False,False
Anuncio actualizado el 8 de abril,0,0,1.0,0,0,2004.0,no indicado,planta 1ª exterior,0,0,28179518,2,0.0,Villamartin,"Calle de Serrecín, 10"," Calle de Serrecín, 10 , Villamartin , Sierra de Cádiz, Cádiz ",,"Sierra de Cádiz, Cádiz",60,80.0,2019-04-14,48000,0,2.0,1,0,0,True,False,False,False,False,False,False,False,False,False,False,False,False,False,False,False,False,False,False,False,False
Anuncio actualizado el 8 de abril,0,0,3.0,1,1,2004.0,no indicado,3 plantas,1,0,26302543,4,0.0,Ubrique,Distrito Centro," Calle San Sebastián, 6 , Distrito Centro , Ubrique , Sierra de Cádiz, Cádiz ","Calle San Sebastián, 6","Sierra de Cádiz, Cádiz",446,80.0,2019-04-14,385000,0,5.0,1,0,1,False,True,False,False,False,False,False,False,False,False,False,False,False,False,False,False,False,False,False,True,False
Anuncio actualizado el 14 de abril,1,0,2.0,1,0,2004.0,,1 planta,1,0,28468632,3,0.0,Villamartin,"Calle Girasol, 14"," Calle Girasol, 14 , Villamartin , Sierra de Cádiz, Cádiz ",,"Sierra de Cádiz, Cádiz",145,80.0,2019-04-14,156000,0,4.0,1,0,1,True,False,False,False,False,False,False,False,False,False,False,False,False,False,False,False,False,False,True,False,False
Anuncio actualizado el 31 de marzo,1,1,1.0,0,1,2004.0,no indicado,1 planta,0,1,28565642,1,0.0,Algodonales,"Virgen del Carmen, 18"," Virgen del Carmen, 18 , Algodonales , Sierra de Cádiz, Cádiz ",,"Sierra de Cádiz, Cádiz",240,85.0,2019-04-14,89000,0,3.0,1,0,1,True,False,False,False,False,True,False,False,False,False,False,False,False,False,False,False,False,False,True,False,False
Anuncio actualizado el 17 de febrero,0,0,1.0,0,0,2004.0,no indicado,planta 1ª exterior,0,0,28614469,2,0.0,Arcos de la Frontera,"Calle Infanta Cristina, 11"," Calle Infanta Cristina, 11 , Arcos de la Frontera , Sierra de Cádiz, Cádiz ",,"Sierra de Cádiz, Cádiz",77,80.0,2019-04-14,55000,0,2.0,0,0,1,True,False,False,False,False,False,False,False,False,False,False,False,False,False,False,False,False,False,False,False,False
Anuncio actualizado el 25 de enero,0,0,1.0,1,0,2004.0,no indicado,planta 1ª exterior,0,0,28984097,2,0.0,Grazalema,"Calle San Antonio, 9 -11-13"," Calle San Antonio, 9 -11-13 , Grazalema , Sierra de Cádiz, Cádiz ",,"Sierra de Cádiz, Cádiz",62,80.0,2019-04-14,68000,0,2.0,0,0,0,True,False,False,False,False,False,False,False,False,False,False,False,False,False,False,False,False,False,False,True,False
Anuncio actualizado el 14 de abril,1,0,2.0,1,0,2004.0,,planta 3ª exterior,0,0,29034241,5,1.0,Arcos de la Frontera,Urb. Edificio Megiston," Calle Algodonales, 7 , Urb. Edificio Megiston , Arcos de la Frontera , Sierra de Cádiz, Cádiz ","Calle Algodonales, 7","Sierra de Cádiz, Cádiz",95,80.0,2019-04-14,82000,0,2.0,0,0,1,True,False,False,False,False,False,False,False,False,False,False,False,False,False,False,False,False,False,False,False,False
Anuncio actualizado el 26 de marzo,1,0,1.0,0,0,2004.0,,planta 3ª exterior,0,0,29062514,2,0.0,Olvera,Barriada Coronación s/n," Barriada Coronación s/n , Olvera , Sierra de Cádiz, Cádiz ",,"Sierra de Cádiz, Cádiz",80,74.0,2019-04-14,75000,0,3.0,1,0,0,True,False,False,False,False,False,False,False,False,False,False,False,False,False,False,False,False,False,False,False,False
Anuncio actualizado el 3 de marzo,1,0,3.0,1,0,2004.0,,3 plantas,1,0,29095595,0,0.0,Olvera,Urb. Entrecaminos," Calle Sendero, 12 , Urb. Entrecaminos , Olvera , Sierra de Cádiz, Cádiz ","Calle Sendero, 12","Sierra de Cádiz, Cádiz",150,360.0,2019-04-14,229000,0,5.0,1,0,1,True,False,False,False,False,False,False,False,False,False,False,False,False,False,False,False,False,False,True,False,False
Anuncio actualizado el 7 de abril,0,0,3.0,0,0,2004.0,en trámite,3 plantas,0,0,29233458,1,0.0,Ubrique,Distrito Centro," Calle del Agua, 3 , Distrito Centro , Ubrique , Sierra de Cádiz, Cádiz ","Calle del Agua, 3","Sierra de Cádiz, Cádiz",596,80.0,2019-04-14,179000,0,4.0,0,0,0,False,True,False,False,False,False,False,False,False,False,False,False,False,False,False,False,False,False,True,False,False
Anuncio actualizado el 18 de marzo,0,0,2.0,1,0,2004.0,no indicado,2 plantas,1,0,29542256,3,0.0,Villamartin,"Calle Violeta, 26"," Calle Violeta, 26 , Villamartin , Sierra de Cádiz, Cádiz ",,"Sierra de Cádiz, Cádiz",115,80.0,2019-04-14,99750,0,3.0,1,0,1,True,False,False,False,False,False,False,False,False,False,False,False,False,False,False,False,False,False,True,False,False
Anuncio actualizado el 16 de noviembre,1,0,2.0,0,1,2004.0,en trámite,2 plantas,0,0,29790470,9,0.0,Algodonales,"los Remedios, 8"," los Remedios, 8 , Algodonales , Sierra de Cádiz, Cádiz ",,"Sierra de Cádiz, Cádiz",160,120.0,2019-04-14,150000,0,4.0,0,0,1,True,False,False,False,False,False,False,False,False,False,False,True,False,False,False,False,False,False,False,False,False
Anuncio actualizado el 8 de abril,1,0,2.0,1,0,2004.0,no indicado,2 plantas,0,0,30104085,1,0.0,Olvera,"Calle el Gastor, 26"," Calle el Gastor, 26 , Olvera , Sierra de Cádiz, Cádiz ",,"Sierra de Cádiz, Cádiz",80,80.0,2019-04-14,50000,0,2.0,0,0,1,True,False,False,False,False,False,False,False,False,False,False,False,False,False,False,False,False,True,False,False,False
Anuncio actualizado el 14 de abril,0,0,1.0,1,0,2004.0,en trámite,planta 1ª exterior,0,0,30478225,2,0.0,Prado del Rey,"Calle Teniente Peñalver, 56"," Calle Teniente Peñalver, 56 , Prado del Rey , Sierra de Cádiz, Cádiz ",,"Sierra de Cádiz, Cádiz",96,80.0,2019-04-14,90000,0,3.0,0,0,0,True,False,False,False,False,False,False,False,False,False,False,False,False,False,False,False,False,False,False,False,False
Anuncio actualizado el 9 de marzo,0,0,2.0,1,0,2004.0,no indicado,2 plantas,0,0,30631157,0,0.0,Prado del Rey,"Calle guerrero sánchez, 9 A"," Calle guerrero sánchez, 9 A , Prado del Rey , Sierra de Cádiz, Cádiz ",,"Sierra de Cádiz, Cádiz",84,80.0,2019-04-14,115000,0,3.0,1,0,1,True,False,False,False,True,False,False,False,False,False,False,False,False,False,False,False,False,True,False,False,False
Anuncio actualizado el 14 de abril,0,0,1.0,0,1,2004.0,en trámite,2 plantas,0,0,30973175,1,0.0,Villaluenga del Rosario,"Calle doctor vázquez gutiérrez, 6"," Calle doctor vázquez gutiérrez, 6 , Villaluenga del Rosario , Sierra de Cádiz, Cádiz ",,"Sierra de Cádiz, Cádiz",50,80.0,2019-04-14,75000,0,2.0,0,0,0,True,False,False,False,False,False,False,False,False,True,False,False,False,False,False,False,False,False,False,False,False
Anuncio actualizado el 15 de enero,1,0,3.0,1,0,2004.0,,2 plantas,1,0,30988703,3,0.0,Villamartin,Urb. TORREVIEJA BAJA," Calle llana s/n , Urb. TORREVIEJA BAJA , Villamartin , Sierra de Cádiz, Cádiz ",Calle llana s/n,"Sierra de Cádiz, Cádiz",140,80.0,2019-04-14,150000,0,3.0,1,0,1,True,False,False,False,False,False,False,False,False,False,False,False,False,False,False,False,False,False,True,False,False
Anuncio actualizado el 3 de febrero,0,1,2.0,0,0,2004.0,,2 plantas,1,0,31193315,3,0.0,Prado del Rey,"Calle teniente peñalver, 53"," Calle teniente peñalver, 53 , Prado del Rey , Sierra de Cádiz, Cádiz ",,"Sierra de Cádiz, Cádiz",100,80.0,2019-04-14,150000,0,3.0,1,0,1,True,False,False,False,False,False,False,False,False,False,False,False,False,False,False,False,False,False,False,False,False
Anuncio actualizado el 14 de abril,0,0,1.0,0,0,2004.0,no indicado,,0,0,31296834,1,0.0,Arcos de la Frontera,"Calle deportes, 25"," Calle deportes, 25 , Arcos de la Frontera , Sierra de Cádiz, Cádiz ",,"Sierra de Cádiz, Cádiz",112,80.0,2019-04-14,85000,0,2.0,0,0,0,True,False,False,False,False,False,False,False,False,False,False,False,False,False,False,False,False,False,False,False,False
Anuncio actualizado el 14 de abril,0,0,2.0,1,0,2004.0,inmueble exento,3 plantas,1,0,31357040,3,0.0,Zahara,"Calle manchega, 11"," Calle manchega, 11 , Zahara , Sierra de Cádiz, Cádiz ",,"Sierra de Cádiz, Cádiz",86,80.0,2019-04-14,165000,0,5.0,1,0,0,True,False,False,False,False,False,False,False,False,False,False,False,False,False,False,False,False,True,False,False,False
Anuncio actualizado el 8 de abril,1,0,1.0,0,0,2004.0,,2 plantas,0,0,31413422,0,0.0,Bornos,"Calle setenil, 2"," Calle setenil, 2 , Bornos , Sierra de Cádiz, Cádiz ",,"Sierra de Cádiz, Cádiz",108,80.0,2019-04-14,80000,0,3.0,1,0,1,True,False,False,False,False,False,False,False,False,False,False,False,False,False,False,False,False,False,False,False,False
Anuncio actualizado el 31 de enero,0,0,2.0,1,0,2004.0,no indicado,planta 3ª exterior,1,0,31475834,5,0.0,Prado del Rey,Urb. Residencial Mirador del Rey," Calle salvador dali, 3 , Urb. Residencial Mirador del Rey , Prado del Rey , Sierra de Cádiz, Cádiz ","Calle salvador dali, 3","Sierra de Cádiz, Cádiz",127,121.0,2019-04-14,75000,0,3.0,1,0,1,True,False,False,False,False,False,False,False,False,False,False,False,False,False,True,False,False,False,False,False,False
Anuncio actualizado el 12 de marzo,0,0,2.0,0,1,2004.0,en trámite,2 plantas,0,0,32479777,1,0.0,Arcos de la Frontera,"Cuesta socorro, 4"," Cuesta socorro, 4 , Arcos de la Frontera , Sierra de Cádiz, Cádiz ",,"Sierra de Cádiz, Cádiz",75,80.0,2019-04-14,83900,0,2.0,1,0,0,True,False,False,False,False,False,False,False,False,True,False,False,False,False,False,False,False,False,False,False,False
Anuncio actualizado el 24 de diciembre,1,0,2.0,1,1,2004.0,no indicado,3 plantas,1,0,32496573,1,0.0,El Gastor,"Calle molino, 2"," Calle molino, 2 , El Gastor , Sierra de Cádiz, Cádiz ",,"Sierra de Cádiz, Cádiz",300,80.0,2019-04-14,180000,0,3.0,1,0,1,True,False,False,False,False,False,False,False,False,False,False,False,False,False,False,False,False,False,False,False,False
Anuncio actualizado el 31 de marzo,0,0,1.0,0,0,2004.0,no indicado,2 plantas,0,0,32522489,9,0.0,El Gastor,"Calle alta, 1"," Calle alta, 1 , El Gastor , Sierra de Cádiz, Cádiz ",,"Sierra de Cádiz, Cádiz",44,40.0,2019-04-14,22999,0,2.0,0,0,1,False,True,False,False,False,False,False,False,False,False,False,False,False,False,False,False,False,False,True,False,False
Anuncio actualizado el 11 de noviembre,0,0,2.0,0,0,2004.0,,1 planta,1,0,32526427,1,0.0,Prado del Rey,"Calle televisión española, 64"," Calle televisión española, 64 , Prado del Rey , Sierra de Cádiz, Cádiz ",,"Sierra de Cádiz, Cádiz",130,80.0,2019-04-14,125000,0,3.0,0,0,1,True,False,False,False,False,False,False,False,False,False,False,False,False,False,False,False,False,False,False,False,False
Anuncio actualizado el 24 de marzo,0,0,1.0,0,0,2004.0,no indicado,2 plantas,0,0,32556151,1,0.0,Espera,"Calle primero de mayo, 40"," Calle primero de mayo, 40 , Espera , Sierra de Cádiz, Cádiz ",,"Sierra de Cádiz, Cádiz",100,80.0,2019-04-14,90000,0,3.0,0,0,1,True,False,False,False,False,False,False,False,True,False,True,False,False,False,False,False,False,False,False,False,False
Anuncio actualizado el 4 de diciembre,0,0,1.0,0,1,2004.0,no indicado,2 plantas,0,0,32871845,9,0.0,Benaocaz,sierra de Grazalema s/n," sierra de Grazalema s/n , Benaocaz , Sierra de Cádiz, Cádiz ",,"Sierra de Cádiz, Cádiz",3500,80.0,2019-04-14,230000,0,8.0,0,0,0,True,False,False,False,False,False,False,False,False,False,False,False,False,False,False,False,False,False,False,False,False
Anuncio actualizado el 4 de marzo,0,0,1.0,1,0,2004.0,no indicado,1 planta,1,1,32985318,0,0.0,Ubrique,Distrito Casco antiguo - Convento - Caldereto," Camino de benaocaz s/n , Distrito Casco antiguo - Convento - Caldereto , Ubrique , Sierra de Cádiz, Cádiz ",Camino de benaocaz s/n,"Sierra de Cádiz, Cádiz",3200,80.0,2019-04-14,245000,0,3.0,1,1,1,True,False,False,False,False,False,False,False,False,False,False,True,False,False,False,False,False,False,False,False,False
Anuncio actualizado el 3 de marzo,1,0,1.0,0,0,2004.0,no indicado,1 planta,0,0,33805944,1,0.0,Arcos de la Frontera,"Calle limones, 13"," Calle limones, 13 , Arcos de la Frontera , Sierra de Cádiz, Cádiz ",,"Sierra de Cádiz, Cádiz",100,80.0,2019-04-14,120000,0,3.0,1,0,1,True,False,False,False,False,False,False,False,False,True,False,False,False,False,False,False,False,False,False,False,False
Anuncio actualizado el 11 de marzo,1,1,1.0,1,0,2004.0,inmueble exento,planta 3ª exterior,1,0,35326883,2,1.0,Ubrique,Distrito La Vega," Avenida cardela s/n , Distrito La Vega , Ubrique , Sierra de Cádiz, Cádiz ",Avenida cardela s/n,"Sierra de Cádiz, Cádiz",79,80.0,2019-04-14,85000,0,2.0,1,1,0,True,False,False,False,False,False,False,False,False,False,False,False,False,False,False,False,False,False,False,False,False
Anuncio actualizado el 4 de marzo,0,0,1.0,0,0,2004.0,no indicado,2 plantas,0,0,34184768,1,0.0,Algodonales,"Calle cabezadas, 5"," Calle cabezadas, 5 , Algodonales , Sierra de Cádiz, Cádiz ",,"Sierra de Cádiz, Cádiz",122,80.0,2019-04-14,50000,0,4.0,1,0,1,True,False,False,False,False,False,False,False,False,False,False,False,False,False,False,False,False,False,True,False,False
Anuncio actualizado el 11 de marzo,1,0,2.0,1,0,2004.0,no indicado,planta 1ª exterior,0,1,34239794,2,0.0,Villamartin,Urb. Manzanares," Calle blas infante, 3 Bloque , Urb. Manzanares , Villamartin , Sierra de Cádiz, Cádiz ","Calle blas infante, 3 Bloque","Sierra de Cádiz, Cádiz",117,80.0,2019-04-14,75000,0,3.0,0,0,1,True,False,False,False,False,False,False,False,False,True,False,False,False,False,False,False,False,False,False,False,False
Anuncio actualizado el 21 de febrero,1,0,2.0,0,0,2004.0,en trámite,2 plantas,0,0,34261891,0,0.0,Villamartin,"Calle doctor fleming, 21"," Calle doctor fleming, 21 , Villamartin , Sierra de Cádiz, Cádiz ",,"Sierra de Cádiz, Cádiz",80,80.0,2019-04-14,66000,0,3.0,0,0,0,True,False,False,False,False,False,False,False,False,False,False,False,False,False,False,False,False,False,False,False,False
Anuncio actualizado el 14 de abril,1,1,3.0,1,0,2000.0,,3 plantas,1,0,34269623,3,0.0,El Bosque,"Calle sierra de cádiz, 11"," Calle sierra de cádiz, 11 , El Bosque , Sierra de Cádiz, Cádiz ",,"Sierra de Cádiz, Cádiz",168,80.0,2019-04-14,145000,0,4.0,1,0,1,True,False,False,True,False,False,False,False,False,False,False,False,False,False,False,False,False,False,False,False,False
Anuncio actualizado el 20 de enero,0,0,1.0,0,0,2004.0,,,0,0,34834143,10,0.0,Arcos de la Frontera,Calle ecuador," Calle ecuador , Arcos de la Frontera , Sierra de Cádiz, Cádiz ",,"Sierra de Cádiz, Cádiz",158,80.0,2019-04-14,82300,0,1.0,0,0,0,False,False,False,False,False,False,False,False,False,False,False,False,False,False,False,False,False,False,False,False,False
Anuncio actualizado el 11 de marzo,0,0,1.0,1,0,2004.0,no indicado,planta 3ª exterior,0,0,35076598,2,0.0,Olvera,"Calle Llana, 30"," Calle Llana, 30 , Olvera , Sierra de Cádiz, Cádiz ",,"Sierra de Cádiz, Cádiz",50,80.0,2019-04-14,50000,0,2.0,1,0,0,True,False,False,False,False,False,False,False,False,False,False,False,False,False,False,False,False,False,True,False,False
Anuncio actualizado el 7 de abril,1,0,1.0,0,0,2004.0,no indicado,2 plantas,0,0,35118084,0,0.0,Arcos de la Frontera,"Calle Alanises, 5"," Calle Alanises, 5 , Arcos de la Frontera , Sierra de Cádiz, Cádiz ",,"Sierra de Cádiz, Cádiz",100,80.0,2019-04-14,45000,0,3.0,1,0,1,True,False,False,False,False,False,False,False,False,False,False,False,False,False,False,False,False,False,True,False,False
Anuncio actualizado el 11 de noviembre,1,0,2.0,1,0,2004.0,no indicado,bajo exterior,1,0,35145578,2,0.0,Bornos,"Calle Cuevas, 40"," Calle Cuevas, 40 , Bornos , Sierra de Cádiz, Cádiz ",,"Sierra de Cádiz, Cádiz",70,80.0,2019-04-14,75000,0,3.0,1,0,1,True,False,False,False,False,False,False,False,False,False,False,False,False,False,False,False,False,False,False,False,False
Anuncio actualizado el 7 de abril,1,0,3.0,1,0,2004.0,no indicado,2 plantas,1,1,35132697,0,0.0,Arcos de la Frontera,Urb. El Santiscal," Calle Pintor Pantoja de la Cruz, 2 , Urb. El Santiscal , Arcos de la Frontera , Sierra de Cádiz, Cádiz ","Calle Pintor Pantoja de la Cruz, 2","Sierra de Cádiz, Cádiz",150,80.0,2019-04-14,250000,0,4.0,1,1,1,True,False,False,False,False,False,False,False,False,False,False,False,False,False,False,False,False,True,False,False,False
Anuncio actualizado el 11 de marzo,0,0,1.0,0,0,2004.0,no indicado,planta 1ª interior,0,0,2057784,2,0.0,Grazalema,"Calle Corrales Terceros, 54"," Calle Corrales Terceros, 54 , Grazalema , Sierra de Cádiz, Cádiz ",,"Sierra de Cádiz, Cádiz",150,110.0,2019-04-14,140000,0,3.0,0,0,0,True,False,False,False,False,False,False,False,False,False,False,False,False,False,False,False,False,False,True,False,False
Anuncio actualizado el 14 de abril,0,0,1.0,1,0,2004.0,no indicado,planta 4ª exterior,0,0,35382209,2,0.0,Arcos de la Frontera,"Calle Guadalaviar, 12"," Calle Guadalaviar, 12 , Arcos de la Frontera , Sierra de Cádiz, Cádiz ",,"Sierra de Cádiz, Cádiz",90,80.0,2019-04-14,30000,0,3.0,0,0,0,False,True,False,False,False,False,False,False,False,False,False,True,False,False,False,False,False,False,False,False,False
Anuncio actualizado el 14 de abril,0,0,1.0,0,0,2004.0,en trámite,planta 1ª exterior,0,0,35527483,2,0.0,Prado del Rey,"Calle Clara Campoamor, 1"," Calle Clara Campoamor, 1 , Prado del Rey , Sierra de Cádiz, Cádiz ",,"Sierra de Cádiz, Cádiz",70,68.0,2019-04-14,75000,0,2.0,0,0,1,True,False,False,False,False,False,False,False,False,False,False,False,False,False,False,False,False,False,True,False,False
Anuncio actualizado el 30 de noviembre,0,0,2.0,1,0,2004.0,,3 plantas,1,0,30048364,7,0.0,Algodonales,"Calle Díaz Crespo, 94 -108"," Calle Díaz Crespo, 94 -108 , Algodonales , Sierra de Cádiz, Cádiz ",,"Sierra de Cádiz, Cádiz",200,199.0,2019-04-14,83000,0,3.0,1,0,1,True,False,False,False,False,False,False,False,False,False,False,False,False,False,False,False,False,False,False,False,False
Anuncio actualizado el 15 de febrero,1,0,1.0,1,0,2004.0,no indicado,planta 2ª exterior,0,1,31101776,2,1.0,Arcos de la Frontera,"Avenida de la verbena, 6"," Avenida de la verbena, 6 , Arcos de la Frontera , Sierra de Cádiz, Cádiz ",,"Sierra de Cádiz, Cádiz",95,80.0,2019-04-14,58500,0,3.0,0,0,1,True,False,False,False,False,False,False,False,False,False,False,False,False,False,False,False,False,False,False,False,False
Anuncio actualizado el 23 de febrero,0,0,1.0,0,0,2004.0,no indicado,planta 1ª exterior,0,0,36417412,2,0.0,Arcos de la Frontera,"Calle Nicaragua, 22"," Calle Nicaragua, 22 , Arcos de la Frontera , Sierra de Cádiz, Cádiz ",,"Sierra de Cádiz, Cádiz",86,80.0,2019-04-14,40000,0,3.0,0,0,1,True,False,False,False,False,False,False,False,False,False,False,False,False,False,False,False,False,False,True,False,False
Anuncio actualizado el 17 de marzo,0,0,1.0,1,0,2004.0,,planta 1ª exterior,1,0,36696824,2,0.0,Arcos de la Frontera,"Calle Doctor Fleming, 5"," Calle Doctor Fleming, 5 , Arcos de la Frontera , Sierra de Cádiz, Cádiz ",,"Sierra de Cádiz, Cádiz",97,80.0,2019-04-14,65000,0,3.0,0,0,1,True,False,False,False,False,False,False,False,False,False,False,True,False,False,False,False,False,False,False,False,False
Anuncio actualizado el 7 de abril,0,0,2.0,1,0,2004.0,no indicado,planta 1ª exterior,0,0,36867611,2,0.0,Prado del Rey,"Calle Villamartín, 6"," Calle Villamartín, 6 , Prado del Rey , Sierra de Cádiz, Cádiz ",,"Sierra de Cádiz, Cádiz",115,80.0,2019-04-14,78000,0,4.0,0,0,1,True,False,False,False,False,False,False,False,False,False,False,False,False,False,False,False,False,False,False,False,False
Anuncio actualizado el 26 de noviembre,0,0,2.0,0,0,2004.0,no indicado,,0,1,28183105,3,0.0,Villamartin,"Calle Paradas, 55"," Calle Paradas, 55 , Villamartin , Sierra de Cádiz, Cádiz ",,"Sierra de Cádiz, Cádiz",90,80.0,2019-04-14,96000,0,3.0,0,1,1,True,False,False,False,False,False,False,False,False,False,False,False,False,False,False,False,False,False,True,False,False
Anuncio actualizado el 24 de febrero,0,0,3.0,0,0,2004.0,en trámite,2 plantas,0,0,37424198,0,0.0,Arcos de la Frontera,"Calle Alcalá de los gazules, 3"," Calle Alcalá de los gazules, 3 , Arcos de la Frontera , Sierra de Cádiz, Cádiz ",,"Sierra de Cádiz, Cádiz",135,80.0,2019-04-14,170000,0,4.0,0,0,0,True,False,False,False,False,False,False,False,False,False,False,False,False,False,False,False,False,False,False,False,False
Anuncio actualizado el 7 de abril,1,0,2.0,0,0,2004.0,no indicado,planta 2ª exterior,1,0,37498309,2,1.0,Arcos de la Frontera,"Calle Grecia, 1"," Calle Grecia, 1 , Arcos de la Frontera , Sierra de Cádiz, Cádiz ",,"Sierra de Cádiz, Cádiz",123,88.0,2019-04-14,52000,0,3.0,1,0,0,True,False,False,False,False,False,False,False,False,False,False,False,False,False,False,False,False,False,False,False,False
Anuncio actualizado el 18 de marzo,1,0,1.0,0,0,2004.0,no indicado,planta 1ª interior,0,0,37544545,2,0.0,Zahara,"Calle Barrerro, 16"," Calle Barrerro, 16 , Zahara , Sierra de Cádiz, Cádiz ",,"Sierra de Cádiz, Cádiz",60,80.0,2019-04-14,65000,0,2.0,0,0,0,True,False,False,False,False,False,False,False,False,False,False,False,False,False,False,False,False,False,False,False,False
Anuncio actualizado el 9 de abril,0,0,1.0,0,0,2004.0,no indicado,1 planta,0,0,37592792,0,0.0,El Gastor,"Calle Parche, 30"," Calle Parche, 30 , El Gastor , Sierra de Cádiz, Cádiz ",,"Sierra de Cádiz, Cádiz",70,80.0,2019-04-14,65000,0,2.0,0,0,1,False,True,False,False,False,False,False,False,False,False,False,False,False,False,False,False,False,False,False,False,False
Anuncio actualizado el 10 de abril,0,0,3.0,0,0,2004.0,en trámite,2 plantas,0,0,37760590,1,0.0,Villamartin,"Calle Rosario, 31"," Calle Rosario, 31 , Villamartin , Sierra de Cádiz, Cádiz ",,"Sierra de Cádiz, Cádiz",350,80.0,2019-04-14,270000,0,5.0,0,0,0,True,False,False,False,False,False,False,False,False,False,False,False,False,False,False,False,False,False,False,False,False
Anuncio actualizado el 14 de abril,1,1,2.0,0,0,2004.0,en trámite,planta 2ª exterior,0,0,37781763,2,0.0,Olvera,"Calle Llana, 52"," Calle Llana, 52 , Olvera , Sierra de Cádiz, Cádiz ",,"Sierra de Cádiz, Cádiz",116,80.0,2019-04-14,69000,0,3.0,0,0,0,True,False,False,False,False,False,False,False,False,False,False,False,False,False,False,False,False,False,True,False,False
Anuncio actualizado el 19 de noviembre,0,0,2.0,0,0,2004.0,no indicado,2 plantas,0,0,27814691,0,0.0,Benaocaz,"Calle Quejiguillo, 3"," Calle Quejiguillo, 3 , Benaocaz , Sierra de Cádiz, Cádiz ",,"Sierra de Cádiz, Cádiz",85,80.0,2019-04-14,75000,0,2.0,1,0,0,True,False,False,False,False,False,False,False,False,False,False,True,False,False,False,False,False,False,False,False,False
Anuncio actualizado el 7 de febrero,0,0,1.0,1,1,2004.0,no indicado,1 planta,0,0,37848378,9,0.0,Grazalema,"Calle San Antonio, 15"," Calle San Antonio, 15 , Grazalema , Sierra de Cádiz, Cádiz ",,"Sierra de Cádiz, Cádiz",42,34.0,2019-04-14,52000,0,1.0,0,0,0,True,False,False,False,False,False,False,False,False,False,False,False,False,False,False,False,False,False,False,False,False
Anuncio actualizado el 14 de abril,0,0,2.0,0,1,2004.0,,2 plantas,0,0,37865017,1,0.0,Villaluenga del Rosario,"Avenida de los Arbolitos, 7"," Avenida de los Arbolitos, 7 , Villaluenga del Rosario , Sierra de Cádiz, Cádiz ",,"Sierra de Cádiz, Cádiz",87,80.0,2019-04-14,83000,0,2.0,1,0,0,True,False,False,False,False,False,False,False,False,False,False,False,False,False,False,False,False,False,False,False,False
Anuncio actualizado el 14 de abril,0,0,2.0,1,0,2004.0,no indicado,1 planta,0,0,37887273,3,0.0,Benaocaz,"Laderas de Parral, 9"," Laderas de Parral, 9 , Benaocaz , Sierra de Cádiz, Cádiz ",,"Sierra de Cádiz, Cádiz",73,80.0,2019-04-14,100000,0,2.0,1,0,1,True,False,False,False,False,False,False,False,False,False,False,False,False,False,False,False,False,True,False,False,False
Anuncio actualizado el 27 de enero,0,0,2.0,0,0,2004.0,no indicado,2 plantas,0,0,38381362,1,0.0,El Gastor,"Calle Portezuelo, 18"," Calle Portezuelo, 18 , El Gastor , Sierra de Cádiz, Cádiz ",,"Sierra de Cádiz, Cádiz",140,80.0,2019-04-14,65000,0,4.0,1,0,1,True,False,False,False,False,False,False,False,False,False,False,False,False,False,False,False,False,False,False,False,False
Anuncio actualizado el 12 de febrero,0,0,1.0,0,0,2004.0,no indicado,,0,0,38438686,9,0.0,Arcos de la Frontera,venta del pavo s/n," venta del pavo s/n , Arcos de la Frontera , Sierra de Cádiz, Cádiz ",,"Sierra de Cádiz, Cádiz",650,80.0,2019-04-14,48500,0,1.0,1,0,0,True,False,False,False,False,False,False,False,False,False,False,False,False,False,False,False,False,False,False,False,False
Anuncio actualizado el 7 de abril,0,0,2.0,0,0,2006.0,,planta 2ª interior,1,0,38435612,2,0.0,Villamartin,"Avenida Sevilla, 35"," Avenida Sevilla, 35 , Villamartin , Sierra de Cádiz, Cádiz ",,"Sierra de Cádiz, Cádiz",86,80.0,2019-04-14,75000,0,3.0,1,0,1,True,False,False,False,False,False,False,False,False,False,False,False,False,False,False,False,False,False,False,False,False
Anuncio actualizado el 14 de abril,0,1,2.0,1,0,2004.0,,2 plantas,0,0,38462565,1,0.0,Olvera,"Calle Cervantes, 9"," Calle Cervantes, 9 , Olvera , Sierra de Cádiz, Cádiz ",,"Sierra de Cádiz, Cádiz",104,80.0,2019-04-14,47500,0,5.0,0,0,1,True,False,False,False,False,False,False,False,False,False,False,False,False,False,True,False,False,False,False,False,False
más de 5 meses sin actualizar,1,0,2.0,1,0,2004.0,no indicado,2 plantas,0,0,38601291,3,0.0,Benaocaz,"Encinalejo, 17"," Encinalejo, 17 , Benaocaz , Sierra de Cádiz, Cádiz ",,"Sierra de Cádiz, Cádiz",80,80.0,2019-04-14,64950,0,3.0,0,0,1,True,False,False,False,False,False,False,False,False,False,False,False,False,False,False,False,False,False,False,False,False
Anuncio actualizado el 14 de abril,1,0,1.0,1,0,2004.0,no indicado,2 plantas,0,0,38754116,0,0.0,Setenil,Calle Cerrillo s/n," Calle Cerrillo s/n , Setenil , Sierra de Cádiz, Cádiz ",,"Sierra de Cádiz, Cádiz",85,70.0,2019-04-14,54000,0,2.0,0,0,1,True,False,False,False,False,False,False,False,False,False,False,False,False,False,False,False,False,False,True,False,False
Anuncio actualizado el 14 de abril,0,0,1.0,0,0,2004.0,no indicado,bajo exterior,0,0,38754291,2,0.0,Villamartin,"Calle Granada, 3"," Calle Granada, 3 , Villamartin , Sierra de Cádiz, Cádiz ",,"Sierra de Cádiz, Cádiz",70,60.0,2019-04-14,40000,0,3.0,0,0,0,False,True,False,False,False,False,False,False,False,False,False,False,False,False,False,False,False,False,False,False,False
Anuncio actualizado el 3 de diciembre,0,1,2.0,0,0,2007.0,no indicado,2 plantas,1,1,38762683,3,0.0,Arcos de la Frontera,Urb. Nueva Casia," Junta de los Ríos, 3 , Urb. Nueva Casia , Arcos de la Frontera , Sierra de Cádiz, Cádiz ","Junta de los Ríos, 3","Sierra de Cádiz, Cádiz",36,83.0,2019-04-14,85000,0,3.0,0,0,1,True,False,False,False,False,False,False,False,False,False,False,False,False,False,True,False,False,False,False,False,False
Anuncio actualizado el 9 de abril,0,0,2.0,0,1,2004.0,en trámite,2 plantas,0,1,38852604,1,0.0,Benaocaz,"Plaza Llanete, 3"," Plaza Llanete, 3 , Benaocaz , Sierra de Cádiz, Cádiz ",,"Sierra de Cádiz, Cádiz",87,80.0,2019-04-14,120000,0,4.0,0,0,1,True,False,False,False,False,False,False,False,False,False,False,False,False,False,False,False,False,False,False,False,False
Anuncio actualizado el 25 de noviembre,0,1,2.0,1,0,2005.0,no indicado,planta 1ª exterior,0,0,38908620,5,0.0,Benaocaz,"Calle Salto del Cabrero, 26"," Calle Salto del Cabrero, 26 , Benaocaz , Sierra de Cádiz, Cádiz ",,"Sierra de Cádiz, Cádiz",110,80.0,2019-04-14,85000,0,4.0,0,0,0,True,False,False,False,True,False,False,False,False,False,False,False,False,False,False,False,False,False,False,False,False
Anuncio actualizado el 8 de noviembre,0,0,1.0,0,0,2004.0,no indicado,planta 2ª exterior,0,0,39027989,2,0.0,Villamartin,"Avenida Sevilla, 35"," Avenida Sevilla, 35 , Villamartin , Sierra de Cádiz, Cádiz ",,"Sierra de Cádiz, Cádiz",80,80.0,2019-04-14,68000,0,3.0,1,0,1,True,False,False,False,False,False,False,False,False,False,False,False,False,False,False,False,False,False,False,False,False
Anuncio actualizado el 26 de noviembre,0,1,2.0,0,0,2004.0,en trámite,2 plantas,0,0,39247373,3,0.0,Bornos,"Calle Cañada Honda, 3"," Calle Cañada Honda, 3 , Bornos , Sierra de Cádiz, Cádiz ",,"Sierra de Cádiz, Cádiz",30,100.0,2019-04-14,115000,0,3.0,0,0,1,True,False,False,False,False,False,False,False,False,False,False,False,False,False,False,False,False,False,False,False,False
Anuncio actualizado el 17 de diciembre,0,0,1.0,0,0,2004.0,no indicado,1 planta,0,0,39320799,1,0.0,Olvera,"Calle Albéniz, 7"," Calle Albéniz, 7 , Olvera , Sierra de Cádiz, Cádiz ",,"Sierra de Cádiz, Cádiz",131,80.0,2019-04-14,80000,0,3.0,1,0,1,True,False,False,False,False,False,False,False,False,False,False,False,False,False,False,False,False,False,False,False,False
Anuncio actualizado el 25 de febrero,0,0,2.0,1,0,2004.0,no indicado,planta 3ª exterior,1,0,39452461,2,1.0,Ubrique,Distrito La Vega," Avenida Sierra de Ubrique, 10 , Distrito La Vega , Ubrique , Sierra de Cádiz, Cádiz ","Avenida Sierra de Ubrique, 10","Sierra de Cádiz, Cádiz",90,80.0,2019-04-14,90000,0,3.0,1,0,1,True,False,False,False,False,False,False,False,False,False,False,False,False,False,False,False,False,False,False,False,False
Anuncio actualizado el 19 de marzo,0,1,3.0,1,0,2004.0,,2 plantas,1,0,39644287,1,0.0,Puerto Serrano,"Calle Encina, 5"," Calle Encina, 5 , Puerto Serrano , Sierra de Cádiz, Cádiz ",,"Sierra de Cádiz, Cádiz",200,80.0,2019-04-14,108000,0,5.0,0,0,1,True,False,False,False,False,False,False,False,False,False,False,False,False,False,False,False,False,False,False,False,False
Anuncio actualizado el 25 de febrero,0,0,2.0,0,0,2004.0,no indicado,,1,0,39733991,3,0.0,Ubrique,Distrito El Jardín - Antonio Vega," Calle Sol, 6 , Distrito El Jardín - Antonio Vega , Ubrique , Sierra de Cádiz, Cádiz ","Calle Sol, 6","Sierra de Cádiz, Cádiz",650,80.0,2019-04-14,250000,0,5.0,1,1,0,True,False,False,False,False,False,False,False,False,False,False,False,False,False,False,False,False,False,False,False,False
Anuncio actualizado el 15 de febrero,0,1,2.0,1,1,2004.0,,2 plantas,0,0,39788934,9,0.0,Benaocaz,"Laderas de Parral, 19"," Laderas de Parral, 19 , Benaocaz , Sierra de Cádiz, Cádiz ",,"Sierra de Cádiz, Cádiz",80,80.0,2019-04-14,88000,0,2.0,1,0,0,True,False,False,False,False,False,False,False,False,False,False,False,False,False,False,False,False,False,True,False,False
Anuncio actualizado el 13 de febrero,0,0,1.0,0,0,2004.0,,,0,0,39833450,0,0.0,Arcos de la Frontera,Calle ecuador," Calle ecuador , Arcos de la Frontera , Sierra de Cádiz, Cádiz ",,"Sierra de Cádiz, Cádiz",158,80.0,2019-04-14,82300,0,1.0,0,0,0,True,False,False,False,False,False,False,False,False,False,False,False,False,False,False,False,False,False,False,False,False
Anuncio actualizado el 28 de enero,1,0,1.0,1,0,2004.0,,planta 2ª exterior,0,0,32097197,8,0.0,Bornos,"Calle damasco, 2"," Calle damasco, 2 , Bornos , Sierra de Cádiz, Cádiz ",,"Sierra de Cádiz, Cádiz",150,120.0,2019-04-14,60000,0,3.0,0,0,1,True,False,False,False,False,False,False,False,False,False,False,False,False,False,False,False,False,False,True,False,False
Anuncio actualizado el 30 de noviembre,0,1,3.0,0,0,1991.0,en trámite,3 plantas,0,0,40122363,3,0.0,Grazalema,Calle la Teja s/n," Calle la Teja s/n , Grazalema , Sierra de Cádiz, Cádiz ",,"Sierra de Cádiz, Cádiz",134,109.0,2019-04-14,120000,0,4.0,0,0,0,True,False,False,False,False,False,False,False,False,False,False,False,False,False,False,False,False,False,True,False,False
Anuncio actualizado el 7 de marzo,0,0,2.0,1,0,2004.0,en trámite,2 plantas,1,1,30743368,0,0.0,Espera,Urb. cerro camacho," cerro camacho, 7 , Urb. cerro camacho , Espera , Sierra de Cádiz, Cádiz ","cerro camacho, 7","Sierra de Cádiz, Cádiz",1347,80.0,2019-04-14,130000,0,3.0,1,1,1,True,False,False,False,False,False,False,False,False,False,False,False,False,False,False,False,False,False,False,False,False
Anuncio actualizado el 19 de marzo,0,0,5.0,1,0,2004.0,en trámite,2 plantas,0,1,40155373,0,0.0,Arcos de la Frontera,Urbanización Santiscal," Urbanización Santiscal , Arcos de la Frontera , Sierra de Cádiz, Cádiz ",,"Sierra de Cádiz, Cádiz",800,278.0,2019-04-14,360000,0,3.0,0,1,0,True,False,False,False,False,False,False,False,False,False,False,False,False,False,False,False,False,False,False,False,False
Anuncio actualizado el 28 de marzo,1,1,2.0,0,0,2004.0,no indicado,2 plantas,1,0,40423833,0,0.0,Bornos,"Calle Molino Zara, 9"," Calle Molino Zara, 9 , Bornos , Sierra de Cádiz, Cádiz ",,"Sierra de Cádiz, Cádiz",120,80.0,2019-04-14,140000,0,3.0,1,0,1,True,False,False,False,False,False,False,False,False,False,False,False,False,False,False,False,False,False,False,False,False
Anuncio actualizado el 27 de marzo,1,0,2.0,1,0,2004.0,,bajo exterior,0,0,40425496,2,1.0,Arcos de la Frontera,"Calle Rafael Alberti, 18"," Calle Rafael Alberti, 18 , Arcos de la Frontera , Sierra de Cádiz, Cádiz ",,"Sierra de Cádiz, Cádiz",85,80.0,2019-04-14,85000,0,3.0,0,0,0,True,False,False,False,False,False,False,False,False,False,False,False,False,False,False,False,False,False,False,False,False
Anuncio actualizado el 31 de marzo,1,1,2.0,1,0,2004.0,no indicado,planta 2ª exterior,0,1,40453869,2,0.0,Villamartin,"Calle Blas Infante, 38"," Calle Blas Infante, 38 , Villamartin , Sierra de Cádiz, Cádiz ",,"Sierra de Cádiz, Cádiz",74,80.0,2019-04-14,60000,0,3.0,1,0,0,True,False,False,False,False,False,False,False,False,False,False,False,False,False,False,False,False,False,False,False,False
Anuncio actualizado el 14 de abril,0,0,1.0,0,0,2004.0,no indicado,planta 2ª interior,0,0,40509093,2,1.0,Arcos de la Frontera,"Avenida Miguel Mancheño, 2"," Avenida Miguel Mancheño, 2 , Arcos de la Frontera , Sierra de Cádiz, Cádiz ",,"Sierra de Cádiz, Cádiz",80,80.0,2019-04-14,60000,0,2.0,0,0,0,True,False,False,False,False,False,False,False,False,False,False,False,False,False,False,False,False,False,False,False,False
Anuncio actualizado el 11 de abril,1,0,1.0,1,0,2004.0,,planta 2ª exterior,0,0,32043155,2,1.0,Villamartin,"Avenida de arcos, 96"," Avenida de arcos, 96 , Villamartin , Sierra de Cádiz, Cádiz ",,"Sierra de Cádiz, Cádiz",80,80.0,2019-04-14,68000,0,2.0,0,0,0,True,False,False,False,False,False,False,False,False,False,False,False,False,False,False,False,False,False,False,False,False
Anuncio actualizado el 14 de abril,0,1,2.0,0,0,2004.0,,bajo exterior,0,0,81377703,8,0.0,Arcos de la Frontera,"Calle Algar, 19 higinio capote"," Calle Algar, 19 higinio capote , Arcos de la Frontera , Sierra de Cádiz, Cádiz ",,"Sierra de Cádiz, Cádiz",130,90.0,2019-04-14,58000,0,3.0,1,0,1,True,False,False,False,False,False,False,False,False,True,False,False,False,False,False,False,False,False,False,False,False
Anuncio actualizado el 14 de abril,1,1,1.0,1,0,2004.0,no indicado,planta 1ª exterior,0,0,31139720,2,0.0,Villamartin,"Calle Malteses, 31"," Calle Malteses, 31 , Villamartin , Sierra de Cádiz, Cádiz ",,"Sierra de Cádiz, Cádiz",80,75.0,2019-04-14,75000,0,2.0,1,0,1,True,False,False,False,False,False,True,False,False,False,False,False,False,False,False,False,False,True,False,False,False
Anuncio actualizado el 14 de abril,1,1,2.0,1,0,2004.0,no indicado,2 plantas,1,1,81552925,3,0.0,Arcos de la Frontera,Urb. JARDINES DEL LAGO," Calle Lucía Borrero, 9 , Urb. JARDINES DEL LAGO , Arcos de la Frontera , Sierra de Cádiz, Cádiz ","Calle Lucía Borrero, 9","Sierra de Cádiz, Cádiz",60,80.0,2019-04-14,125000,0,3.0,0,1,0,True,False,False,False,False,False,False,False,False,False,False,False,False,False,False,False,False,False,False,False,False
Anuncio actualizado el 18 de noviembre,1,1,2.0,1,0,2005.0,inmueble exento,2 plantas,0,0,81565614,1,0.0,Villamartin,"Calle Pedro Álvarez, 50"," Calle Pedro Álvarez, 50 , Villamartin , Sierra de Cádiz, Cádiz ",,"Sierra de Cádiz, Cádiz",122,105.0,2019-04-14,85000,0,2.0,1,0,1,True,False,False,False,False,False,False,False,False,False,False,False,False,False,False,False,False,False,True,False,False
Anuncio actualizado el 1 de febrero,0,0,2.0,0,0,2004.0,,,0,0,81575975,3,0.0,Puerto Serrano,," , Puerto Serrano , Sierra de Cádiz, Cádiz ",,"Sierra de Cádiz, Cádiz",239,206.0,2019-04-14,203000,0,3.0,0,0,0,False,False,False,False,False,False,False,False,False,False,False,False,False,False,False,False,False,False,False,False,False
Anuncio actualizado el 7 de abril,1,1,1.0,1,0,2010.0,no indicado,,0,0,81646761,0,0.0,Setenil,"Calle Cuevas de la Sombra, 26 n"," Calle Cuevas de la Sombra, 26 n , Setenil , Sierra de Cádiz, Cádiz ",,"Sierra de Cádiz, Cádiz",70,80.0,2019-04-14,60000,0,2.0,0,0,1,True,False,False,False,False,False,False,False,False,False,False,False,False,False,False,False,False,False,False,False,False
Anuncio actualizado el 14 de abril,1,0,1.0,1,0,2004.0,no indicado,planta 2ª exterior,0,0,1905000,8,0.0,Bornos,"Calle Damasco, 2"," Calle Damasco, 2 , Bornos , Sierra de Cádiz, Cádiz ",,"Sierra de Cádiz, Cádiz",120,100.0,2019-04-14,60000,0,3.0,1,0,1,True,False,False,False,False,False,False,False,False,False,False,False,False,False,False,False,False,False,False,False,False
Anuncio actualizado el 7 de abril,1,0,2.0,1,0,2004.0,no indicado,bajo exterior,1,0,81722983,2,0.0,Arcos de la Frontera,"Calle Zarzaleña, 13"," Calle Zarzaleña, 13 , Arcos de la Frontera , Sierra de Cádiz, Cádiz ",,"Sierra de Cádiz, Cádiz",90,86.0,2019-04-14,80000,0,3.0,0,0,1,True,False,False,False,False,False,False,False,False,False,False,False,False,False,False,False,False,False,False,False,False
Anuncio actualizado el 18 de marzo,1,1,1.0,1,0,2004.0,inmueble exento,planta 1ª exterior,0,0,81787828,2,0.0,Arcos de la Frontera,"Avenida Miguel Mancheño, 14"," Avenida Miguel Mancheño, 14 , Arcos de la Frontera , Sierra de Cádiz, Cádiz ",,"Sierra de Cádiz, Cádiz",69,80.0,2019-04-14,51000,0,3.0,0,0,1,True,False,False,False,False,False,False,False,False,False,False,False,False,False,False,False,False,False,False,False,False
más de 5 meses sin actualizar,1,1,2.0,1,0,2004.0,en trámite,planta 2ª exterior,0,0,81792100,8,0.0,Arcos de la Frontera,"Calle Corredera, 17"," Calle Corredera, 17 , Arcos de la Frontera , Sierra de Cádiz, Cádiz ",,"Sierra de Cádiz, Cádiz",125,80.0,2019-04-14,200000,0,2.0,1,0,1,True,False,False,False,False,False,False,False,False,False,False,False,False,False,False,False,False,False,False,False,False
Anuncio actualizado el 17 de marzo,1,1,2.0,0,0,2004.0,,planta 1ª exterior,1,0,81953699,2,1.0,Ubrique,Distrito La Vega," Avenida Cardela, 7 portal 9 1b , Distrito La Vega , Ubrique , Sierra de Cádiz, Cádiz ","Avenida Cardela, 7 portal 9 1b","Sierra de Cádiz, Cádiz",90,70.0,2019-04-14,70000,0,3.0,1,0,0,True,False,False,False,False,False,False,False,False,False,False,False,False,False,False,False,False,False,False,False,False
Anuncio actualizado el 22 de enero,0,0,2.0,0,0,2004.0,no indicado,2 plantas,1,0,82020305,3,0.0,Olvera,"Calle Calvario, 118"," Calle Calvario, 118 , Olvera , Sierra de Cádiz, Cádiz ",,"Sierra de Cádiz, Cádiz",160,80.0,2019-04-14,99000,0,3.0,1,0,1,True,False,False,False,False,False,False,False,False,False,False,False,False,False,False,False,False,False,False,False,False
Anuncio actualizado el 27 de enero,0,0,1.0,0,1,2004.0,no indicado,1 planta,0,0,82043333,4,0.0,Espera,Urb. Arroyo El Saladillo," Cañada de Jérez a Utrera s/n , Urb. Arroyo El Saladillo , Espera , Sierra de Cádiz, Cádiz ",Cañada de Jérez a Utrera s/n,"Sierra de Cádiz, Cádiz",80000,80.0,2019-04-14,100000,0,3.0,0,0,0,False,True,False,False,False,False,False,False,False,False,False,False,False,False,False,False,False,False,False,False,False
Anuncio actualizado el 1 de abril,0,0,1.0,0,0,2004.0,en trámite,bajo exterior,0,0,82044639,2,0.0,Benaocaz,"Camino de la Grande, 11"," Camino de la Grande, 11 , Benaocaz , Sierra de Cádiz, Cádiz ",,"Sierra de Cádiz, Cádiz",120,90.0,2019-04-14,85000,0,3.0,0,1,0,True,False,False,False,False,False,False,False,False,False,False,False,False,False,False,False,False,False,False,False,False
Anuncio actualizado el 18 de febrero,0,0,1.0,0,1,2004.0,,1 planta,0,1,82319352,9,0.0,Benaocaz,A-373 s/n," A-373 s/n , Benaocaz , Sierra de Cádiz, Cádiz ",,"Sierra de Cádiz, Cádiz",3000,70.0,2019-04-14,120000,0,3.0,0,0,0,True,False,False,False,False,False,False,False,False,False,False,False,False,False,False,False,False,False,True,False,False
Anuncio actualizado el 24 de febrero,1,0,1.0,0,0,2004.0,en trámite,2 plantas,1,1,82341795,0,0.0,Arcos de la Frontera,Carretera el Bosque s/n," Carretera el Bosque s/n , Arcos de la Frontera , Sierra de Cádiz, Cádiz ",,"Sierra de Cádiz, Cádiz",2000,80.0,2019-04-14,200000,0,4.0,0,1,1,True,False,False,False,False,False,False,False,False,False,False,False,False,False,False,False,False,False,False,False,False
Anuncio actualizado el 4 de noviembre,0,1,1.0,1,0,1990.0,en trámite,planta 1ª exterior,0,0,82368987,2,0.0,Prado del Rey,"Calle Teniente Trujillo, 1"," Calle Teniente Trujillo, 1 , Prado del Rey , Sierra de Cádiz, Cádiz ",,"Sierra de Cádiz, Cádiz",80,70.0,2019-04-14,60000,0,3.0,0,0,1,True,False,False,False,False,False,False,False,False,False,False,False,False,False,False,False,False,False,False,True,False
Anuncio actualizado el 25 de noviembre,1,1,1.0,1,0,2004.0,en trámite,planta 2ª exterior,0,0,82382579,2,0.0,Arcos de la Frontera,"Calle Manuel Pérez Regordán, 4 2B"," Calle Manuel Pérez Regordán, 4 2B , Arcos de la Frontera , Sierra de Cádiz, Cádiz ",,"Sierra de Cádiz, Cádiz",65,80.0,2019-04-14,50000,0,2.0,1,0,1,True,False,False,False,False,True,False,False,False,False,False,False,False,False,False,False,False,False,False,False,False
Anuncio actualizado el 18 de marzo,1,1,3.0,1,0,2004.0,no indicado,2 plantas,1,1,28734918,7,0.0,El Bosque,Urb. Ceret," Avenida del Pinsapar, 19 , Urb. Ceret , El Bosque , Sierra de Cádiz, Cádiz ","Avenida del Pinsapar, 19","Sierra de Cádiz, Cádiz",220,80.0,2019-04-14,145000,0,3.0,1,1,0,True,False,False,False,False,True,False,False,False,True,False,False,False,False,False,False,False,False,False,False,False
más de 5 meses sin actualizar,0,0,2.0,0,0,2004.0,no indicado,,0,0,82510129,0,0.0,Arcos de la Frontera,"Calle Rafael Pérez Mayolin, 8"," Calle Rafael Pérez Mayolin, 8 , Arcos de la Frontera , Sierra de Cádiz, Cádiz ",,"Sierra de Cádiz, Cádiz",107,80.0,2019-04-14,65000,0,3.0,0,0,1,True,False,False,False,False,False,False,False,False,False,False,False,False,False,False,False,False,False,False,False,False
Anuncio actualizado el 14 de abril,0,0,3.0,0,1,2004.0,no indicado,3 plantas,0,0,82529358,1,0.0,Grazalema,"Calle Real, 5"," Calle Real, 5 , Grazalema , Sierra de Cádiz, Cádiz ",,"Sierra de Cádiz, Cádiz",380,80.0,2019-04-14,175000,0,8.0,0,0,1,True,False,False,False,False,False,False,False,False,False,False,False,False,False,False,False,False,False,False,False,False
Anuncio actualizado el 14 de abril,1,0,1.0,1,1,2013.0,no indicado,2 plantas,0,0,82701803,1,0.0,Ubrique,Distrito Casco antiguo - Convento - Caldereto," Calle Sevilla, 14 , Distrito Casco antiguo - Convento - Caldereto , Ubrique , Sierra de Cádiz, Cádiz ","Calle Sevilla, 14","Sierra de Cádiz, Cádiz",60,80.0,2019-04-14,70000,0,2.0,0,0,1,True,False,False,False,False,False,True,False,False,False,False,False,False,False,False,False,False,False,False,False,False
Anuncio actualizado el 11 de abril,0,1,1.0,0,0,2004.0,no indicado,1 planta,0,0,39941349,1,0.0,Zahara,"Calle Peñas, 5"," Calle Peñas, 5 , Zahara , Sierra de Cádiz, Cádiz ",,"Sierra de Cádiz, Cádiz",110,80.0,2019-04-14,110000,0,2.0,0,0,0,True,False,False,False,False,False,False,False,False,False,False,False,False,False,False,False,False,False,False,False,False
Anuncio actualizado el 18 de febrero,1,1,3.0,1,0,2004.0,no indicado,2 plantas,1,0,82723122,0,0.0,Villamartin,"Calle Párroco Manuel Jiménez Sutil, 9"," Calle Párroco Manuel Jiménez Sutil, 9 , Villamartin , Sierra de Cádiz, Cádiz ",,"Sierra de Cádiz, Cádiz",240,80.0,2019-04-14,240000,0,4.0,1,0,1,True,False,False,False,False,False,False,False,False,False,False,False,False,False,False,False,False,False,False,False,False
Anuncio actualizado el 14 de abril,0,1,1.0,0,0,2004.0,no indicado,planta 3ª exterior,0,0,82762660,2,0.0,Villamartin,"Avenida Guadalete, 5"," Avenida Guadalete, 5 , Villamartin , Sierra de Cádiz, Cádiz ",,"Sierra de Cádiz, Cádiz",60,55.0,2019-04-14,25000,0,2.0,0,0,0,True,False,False,False,False,False,False,False,False,False,False,False,False,False,False,False,False,False,False,False,False
Anuncio actualizado el 10 de abril,0,0,2.0,0,0,2005.0,en trámite,1 planta,0,0,82800294,3,0.0,Grazalema,Urb. Cerrete," Cuesta de la Venta, 20 , Urb. Cerrete , Grazalema , Sierra de Cádiz, Cádiz ","Cuesta de la Venta, 20","Sierra de Cádiz, Cádiz",90,80.0,2019-04-14,100000,0,3.0,0,0,0,True,False,False,False,False,False,False,False,False,False,False,False,False,False,False,False,False,False,False,False,False
Anuncio actualizado el 7 de abril,1,0,1.0,0,0,2004.0,,bajo exterior,0,0,82798198,2,0.0,Puerto Serrano,"Avenida de las Escuelas, 9"," Avenida de las Escuelas, 9 , Puerto Serrano , Sierra de Cádiz, Cádiz ",,"Sierra de Cádiz, Cádiz",75,70.0,2019-04-14,40000,0,3.0,0,0,0,True,False,False,False,False,False,False,False,False,False,False,False,False,False,False,False,False,False,True,False,False
Anuncio actualizado el 31 de marzo,0,0,1.0,0,0,2004.0,no indicado,3 plantas,1,0,82849182,3,0.0,El Gastor,"Calle Virgen del Rosario, 3"," Calle Virgen del Rosario, 3 , El Gastor , Sierra de Cádiz, Cádiz ",,"Sierra de Cádiz, Cádiz",180,80.0,2019-04-14,85000,0,4.0,0,0,1,True,False,False,False,False,False,False,False,False,False,False,False,False,False,False,False,False,False,False,False,False
Anuncio actualizado el 13 de febrero,0,0,1.0,0,0,2004.0,,planta 3ª,0,0,28419834,2,0.0,Villamartin,Calle miguel de cervantes," Calle miguel de cervantes , Villamartin , Sierra de Cádiz, Cádiz ",,"Sierra de Cádiz, Cádiz",87,80.0,2019-04-14,46250,0,3.0,0,0,0,True,False,False,False,False,False,False,False,False,False,False,False,False,False,False,False,False,False,False,False,False
más de 5 meses sin actualizar,0,0,1.0,0,0,2004.0,no indicado,2 plantas,0,0,82930345,3,0.0,Villamartin,"Calle San Francisco, 70 A"," Calle San Francisco, 70 A , Villamartin , Sierra de Cádiz, Cádiz ",,"Sierra de Cádiz, Cádiz",177,80.0,2019-04-14,150000,0,4.0,1,0,1,True,False,False,False,False,False,False,False,False,False,False,False,False,False,False,False,False,False,False,False,False
Anuncio actualizado el 30 de diciembre,1,1,3.0,1,0,2004.0,en trámite,1 planta,1,1,82949834,3,0.0,Arcos de la Frontera,Urb. ARCOS GARDENS," Unnamed Road s/n , Urb. ARCOS GARDENS , Arcos de la Frontera , Sierra de Cádiz, Cádiz ",Unnamed Road s/n,"Sierra de Cádiz, Cádiz",150,135.0,2019-04-14,199999,0,2.0,1,1,1,True,False,False,False,False,False,False,False,False,False,False,False,False,False,False,False,False,False,False,False,False
Anuncio actualizado el 5 de diciembre,1,0,2.0,0,0,2004.0,no indicado,,1,0,82950489,0,0.0,El Bosque,"Calle Sevilla, 54"," Calle Sevilla, 54 , El Bosque , Sierra de Cádiz, Cádiz ",,"Sierra de Cádiz, Cádiz",160,80.0,2019-04-14,150000,0,4.0,0,0,0,True,False,False,False,False,False,False,False,False,False,False,False,False,False,False,False,False,False,False,False,False
Anuncio actualizado el 14 de abril,0,0,2.0,1,0,2004.0,no indicado,2 plantas,0,0,33959412,1,0.0,Zahara,"Calle tras barrero, 24"," Calle tras barrero, 24 , Zahara , Sierra de Cádiz, Cádiz ",,"Sierra de Cádiz, Cádiz",210,80.0,2019-04-14,98000,0,7.0,1,0,1,True,False,False,False,False,False,False,False,False,False,False,False,False,False,False,False,False,False,False,False,False
Anuncio actualizado el 27 de marzo,0,0,1.0,0,0,2004.0,,,0,0,38612724,0,0.0,Torre-Alhaquime,Calle el gastor," Calle el gastor , Torre-Alhaquime , Sierra de Cádiz, Cádiz ",,"Sierra de Cádiz, Cádiz",76,80.0,2019-04-14,27173,0,2.0,0,0,0,True,False,False,False,False,False,False,False,False,False,False,False,False,False,False,False,False,False,False,False,False
Anuncio actualizado el 15 de noviembre,1,1,2.0,1,0,2004.0,no indicado,planta 1ª exterior,0,0,83128123,2,0.0,Olvera,"Avenida Julián Besteiro, 61"," Avenida Julián Besteiro, 61 , Olvera , Sierra de Cádiz, Cádiz ",,"Sierra de Cádiz, Cádiz",100,80.0,2019-04-14,120000,0,3.0,1,0,0,True,False,False,False,False,False,False,False,False,False,False,False,False,False,False,False,False,False,False,False,False
Anuncio actualizado el 8 de enero,0,0,2.0,0,0,2004.0,en trámite,2 plantas,1,0,83228041,3,0.0,Arcos de la Frontera,"Calle Grazalema, 64"," Calle Grazalema, 64 , Arcos de la Frontera , Sierra de Cádiz, Cádiz ",,"Sierra de Cádiz, Cádiz",84,80.0,2019-04-14,95000,0,3.0,0,0,0,True,False,False,False,False,False,False,False,False,False,False,False,False,False,False,False,False,False,False,False,False
Anuncio actualizado el 11 de marzo,1,0,1.0,1,0,2004.0,no indicado,bajo exterior,0,0,83259946,2,0.0,Arcos de la Frontera,"Calle Vejer, 22"," Calle Vejer, 22 , Arcos de la Frontera , Sierra de Cádiz, Cádiz ",,"Sierra de Cádiz, Cádiz",100,80.0,2019-04-14,70000,0,4.0,1,0,0,True,False,False,False,False,False,False,False,False,False,False,False,False,False,False,False,False,False,False,False,False
Anuncio actualizado el 7 de abril,0,0,1.0,0,0,2004.0,no indicado,3 plantas,0,0,83279613,1,0.0,Olvera,"Calle San Pedro, 13"," Calle San Pedro, 13 , Olvera , Sierra de Cádiz, Cádiz ",,"Sierra de Cádiz, Cádiz",300,100.0,2019-04-14,45000,0,3.0,0,0,0,False,True,False,False,False,False,False,False,False,False,False,False,False,False,False,False,False,False,False,False,False
Anuncio actualizado el 7 de abril,0,0,1.0,0,0,2004.0,no indicado,1 planta,0,0,83671807,1,0.0,Olvera,"Calle Quevedo, 22"," Calle Quevedo, 22 , Olvera , Sierra de Cádiz, Cádiz ",,"Sierra de Cádiz, Cádiz",75,80.0,2019-04-14,65000,0,2.0,1,0,0,True,False,False,False,False,False,False,False,False,False,False,True,False,False,False,False,False,False,False,False,False
Anuncio actualizado el 11 de marzo,0,1,1.0,0,0,2004.0,no indicado,planta 1ª exterior,0,0,1930660,2,0.0,Prado del Rey,"Calle Clara Campoamor, 3"," Calle Clara Campoamor, 3 , Prado del Rey , Sierra de Cádiz, Cádiz ",,"Sierra de Cádiz, Cádiz",45,80.0,2019-04-14,38000,0,1.0,0,0,0,True,False,False,False,False,False,False,False,False,False,False,False,True,False,False,False,False,False,False,False,False
Anuncio actualizado el 14 de abril,0,0,1.0,0,0,2004.0,no indicado,3 plantas,0,0,83794733,1,0.0,El Gastor,"Calle Tras Hornete, 3"," Calle Tras Hornete, 3 , El Gastor , Sierra de Cádiz, Cádiz ",,"Sierra de Cádiz, Cádiz",95,80.0,2019-04-14,42000,0,2.0,0,0,0,True,False,False,False,False,False,False,False,False,False,False,False,False,False,False,False,False,False,False,False,False
Anuncio actualizado el 31 de marzo,1,1,2.0,1,1,2004.0,no indicado,,0,0,83935595,9,0.0,Grazalema,"Calle la Venta, 5"," Calle la Venta, 5 , Grazalema , Sierra de Cádiz, Cádiz ",,"Sierra de Cádiz, Cádiz",150,80.0,2019-04-14,165000,0,4.0,0,0,1,True,False,False,False,False,False,True,False,False,False,False,False,False,False,False,False,False,False,False,False,False
Anuncio actualizado el 22 de enero,0,0,1.0,1,0,2004.0,no indicado,planta 1ª exterior,0,0,35080346,2,0.0,Prado del Rey,"Calle Sargento Mena, 32"," Calle Sargento Mena, 32 , Prado del Rey , Sierra de Cádiz, Cádiz ",,"Sierra de Cádiz, Cádiz",120,80.0,2019-04-14,72000,0,3.0,0,0,1,True,False,False,False,False,False,False,False,False,False,False,False,False,False,False,False,False,False,False,False,False
Anuncio actualizado el 13 de abril,0,0,1.0,0,0,2004.0,no indicado,bajo exterior,0,0,83973261,2,0.0,Grazalema,"Plaza Pequeña, 18"," Plaza Pequeña, 18 , Grazalema , Sierra de Cádiz, Cádiz ",,"Sierra de Cádiz, Cádiz",120,80.0,2019-04-14,105000,0,5.0,0,0,0,True,False,False,False,False,False,False,False,False,False,False,False,False,False,False,False,False,False,False,False,False
Anuncio actualizado el 12 de abril,0,0,2.0,0,0,2004.0,no indicado,2 plantas,1,0,83975951,3,0.0,Ubrique,Distrito La Vega," Avenida Cardela, 22 , Distrito La Vega , Ubrique , Sierra de Cádiz, Cádiz ","Avenida Cardela, 22","Sierra de Cádiz, Cádiz",96,92.0,2019-04-14,120000,0,3.0,1,0,1,True,False,False,False,False,False,False,False,False,False,False,False,False,False,False,False,False,False,False,False,False
Anuncio actualizado el 19 de febrero,0,1,1.0,0,1,2004.0,no indicado,1 planta,0,0,84060364,9,0.0,Setenil,"Calle Reyes Catolicos, 15"," Calle Reyes Catolicos, 15 , Setenil , Sierra de Cádiz, Cádiz ",,"Sierra de Cádiz, Cádiz",110,80.0,2019-04-14,100000,0,2.0,0,0,1,True,False,False,False,False,False,False,False,False,False,False,False,False,False,False,False,False,False,False,False,False
Anuncio actualizado el 4 de abril,1,0,1.0,1,0,2004.0,no indicado,planta 3ª exterior,0,0,84048074,8,0.0,Olvera,"Barriada Coronación, 11"," Barriada Coronación, 11 , Olvera , Sierra de Cádiz, Cádiz ",,"Sierra de Cádiz, Cádiz",70,80.0,2019-04-14,58000,0,3.0,0,0,0,True,False,False,False,False,False,True,False,False,False,False,False,False,False,False,False,False,False,False,False,False
Anuncio actualizado el 31 de enero,1,0,2.0,0,0,2004.0,no indicado,2 plantas,0,1,35068055,3,0.0,Villamartin,"Calle Paradas, 118"," Calle Paradas, 118 , Villamartin , Sierra de Cádiz, Cádiz ",,"Sierra de Cádiz, Cádiz",90,80.0,2019-04-14,110000,0,3.0,0,1,0,True,False,False,False,False,False,False,False,False,False,False,False,False,False,False,False,False,False,False,False,False
Anuncio actualizado el 1 de febrero,0,0,1.0,0,0,2004.0,no indicado,2 plantas,0,0,34759322,1,0.0,Setenil,Carril Bajo s/n," Carril Bajo s/n , Setenil , Sierra de Cádiz, Cádiz ",,"Sierra de Cádiz, Cádiz",90,80.0,2019-04-14,40000,0,3.0,0,0,0,False,True,False,False,False,False,False,False,False,False,False,False,False,False,False,False,False,False,False,False,False
Anuncio actualizado el 31 de marzo,1,0,2.0,0,0,2004.0,no indicado,2 plantas,1,1,84131821,0,0.0,Arcos de la Frontera,"Junta de los Ríos, 18"," Junta de los Ríos, 18 , Arcos de la Frontera , Sierra de Cádiz, Cádiz ",,"Sierra de Cádiz, Cádiz",140,80.0,2019-04-14,180000,0,3.0,1,0,1,True,False,False,False,False,False,False,False,False,False,False,False,False,False,False,False,False,False,False,False,False
Anuncio actualizado el 24 de marzo,1,0,1.0,1,0,2004.0,en trámite,planta 1ª exterior,0,0,84149002,2,0.0,Bornos,"Calle Río Guadalete, 56"," Calle Río Guadalete, 56 , Bornos , Sierra de Cádiz, Cádiz ",,"Sierra de Cádiz, Cádiz",80,80.0,2019-04-14,57000,0,3.0,0,0,1,True,False,False,False,False,False,False,False,False,False,False,False,False,False,False,False,False,False,False,False,False
Anuncio actualizado el 6 de febrero,1,0,1.0,0,0,2004.0,no indicado,planta 1ª exterior,0,0,37965539,2,0.0,Arcos de la Frontera,"Calle Landelino Lavilla, 5 PA"," Calle Landelino Lavilla, 5 PA , Arcos de la Frontera , Sierra de Cádiz, Cádiz ",,"Sierra de Cádiz, Cádiz",75,70.0,2019-04-14,52000,0,3.0,0,0,1,True,False,False,False,False,False,False,False,False,False,False,False,False,False,False,False,False,False,False,False,False
Anuncio actualizado el 7 de abril,0,0,1.0,0,0,2004.0,no indicado,bajo exterior,0,0,37614571,2,0.0,Arcos de la Frontera,"Calle Vejer, 37"," Calle Vejer, 37 , Arcos de la Frontera , Sierra de Cádiz, Cádiz ",,"Sierra de Cádiz, Cádiz",80,80.0,2019-04-14,54000,0,2.0,1,0,1,True,False,False,False,False,False,False,False,False,False,False,False,False,False,False,False,False,False,False,False,False
Anuncio actualizado el 14 de abril,0,0,2.0,1,1,2004.0,no indicado,3 plantas,0,0,84203636,1,0.0,Benaocaz,"Calle Salto del Cabrero, 13"," Calle Salto del Cabrero, 13 , Benaocaz , Sierra de Cádiz, Cádiz ",,"Sierra de Cádiz, Cádiz",100,80.0,2019-04-14,110000,0,3.0,1,0,0,True,False,False,False,False,False,False,False,False,False,False,False,False,False,False,False,False,False,False,False,False
Anuncio actualizado el 13 de febrero,0,0,2.0,0,0,2004.0,,,0,0,84261217,2,0.0,Arcos de la Frontera,Calle Cantaor Miguel Moreno el Mochuelo," Calle Cantaor Miguel Moreno el Mochuelo , Arcos de la Frontera , Sierra de Cádiz, Cádiz ",,"Sierra de Cádiz, Cádiz",85,80.0,2019-04-14,58700,0,3.0,0,0,0,True,False,False,False,False,False,False,False,False,False,False,False,False,False,False,False,False,False,False,False,False
Anuncio actualizado el 13 de febrero,0,0,2.0,0,0,2004.0,,bajo exterior,1,0,35074471,2,0.0,Bornos,"Calle Huelva, 1"," Calle Huelva, 1 , Bornos , Sierra de Cádiz, Cádiz ",,"Sierra de Cádiz, Cádiz",70,80.0,2019-04-14,70000,0,3.0,0,0,0,True,False,False,False,False,False,False,False,False,False,False,False,False,False,False,False,False,False,False,False,False
Anuncio actualizado el 21 de febrero,0,0,2.0,1,0,2004.0,no indicado,,0,0,30799949,14,0.0,El Bosque,"Calle benamahoma, 5"," Calle benamahoma, 5 , El Bosque , Sierra de Cádiz, Cádiz ",,"Sierra de Cádiz, Cádiz",200,80.0,2019-04-14,240000,0,3.0,0,0,1,True,False,False,False,False,False,False,False,False,False,False,False,False,False,False,False,False,False,False,False,False
Anuncio actualizado el 7 de marzo,1,1,2.0,1,1,2004.0,no indicado,2 plantas,0,1,84409971,4,0.0,Arcos de la Frontera,"Alto Lugar Roncero, 14"," Alto Lugar Roncero, 14 , Arcos de la Frontera , Sierra de Cádiz, Cádiz ",,"Sierra de Cádiz, Cádiz",10000,80.0,2019-04-14,750000,0,5.0,0,1,1,True,False,False,False,False,False,False,False,False,False,False,False,False,False,False,False,False,False,False,False,False
Anuncio actualizado el 27 de marzo,0,0,2.0,0,0,2004.0,,,0,0,40014727,0,0.0,Olvera,Calle victoria," Calle victoria , Olvera , Sierra de Cádiz, Cádiz ",,"Sierra de Cádiz, Cádiz",300,245.0,2019-04-14,251000,0,4.0,0,0,0,True,False,False,False,False,False,False,False,False,False,False,False,False,False,False,False,False,False,False,False,False
Anuncio actualizado el 11 de marzo,1,0,4.0,1,0,2004.0,no indicado,1 planta,1,1,84431594,0,0.0,Arcos de la Frontera,"Calle Condesa de Lebrija, 1"," Calle Condesa de Lebrija, 1 , Arcos de la Frontera , Sierra de Cádiz, Cádiz ",,"Sierra de Cádiz, Cádiz",1200,450.0,2019-04-14,550000,0,4.0,1,1,1,True,False,False,False,False,False,False,False,False,True,False,False,False,False,False,False,False,False,False,False,False
Anuncio actualizado el 3 de marzo,0,1,1.0,1,0,2004.0,en trámite,planta 2ª exterior,0,0,84519968,2,0.0,Ubrique,Distrito Centro," Calle Antonio Benítez, 1 , Distrito Centro , Ubrique , Sierra de Cádiz, Cádiz ","Calle Antonio Benítez, 1","Sierra de Cádiz, Cádiz",90,80.0,2019-04-14,98000,0,3.0,0,0,0,True,False,False,False,False,False,False,False,False,False,False,False,False,False,False,False,False,False,False,False,False
Anuncio actualizado el 14 de abril,1,1,1.0,1,0,2004.0,en trámite,planta 2ª exterior,1,0,84530150,2,0.0,Arcos de la Frontera,Urb. El Retiro ( Pisos Blancos)," Calle Bulería, 5 , Urb. El Retiro ( Pisos Blancos) , Arcos de la Frontera , Sierra de Cádiz, Cádiz ","Calle Bulería, 5","Sierra de Cádiz, Cádiz",100,80.0,2019-04-14,79990,0,3.0,1,0,1,True,False,False,False,False,False,True,False,False,False,False,False,False,False,False,False,False,False,False,False,False
Anuncio actualizado el 16 de marzo,0,0,2.0,0,0,2004.0,,planta 1ª,0,0,84127262,2,0.0,Arcos de la Frontera,Calle Cucarro," Calle Cucarro , Arcos de la Frontera , Sierra de Cádiz, Cádiz ",,"Sierra de Cádiz, Cádiz",90,80.0,2019-04-14,72500,0,3.0,0,0,0,True,False,False,False,False,False,False,False,False,False,False,False,False,False,False,False,False,False,False,False,False
Anuncio actualizado el 3 de abril,0,0,1.0,0,0,2004.0,en trámite,bajo,0,0,84305878,2,0.0,Ubrique,Distrito El Jardín - Antonio Vega," , Distrito El Jardín - Antonio Vega , Ubrique , Sierra de Cádiz, Cádiz ",,"Sierra de Cádiz, Cádiz",50,80.0,2019-04-14,45000,0,2.0,0,0,0,False,False,False,False,False,False,False,False,False,False,False,False,False,False,False,False,False,False,False,False,False
Anuncio actualizado el 19 de marzo,0,0,1.0,0,0,2004.0,no indicado,2 plantas,0,0,37887651,0,0.0,Villamartin,"Calle San Juan de Dios, 1"," Calle San Juan de Dios, 1 , Villamartin , Sierra de Cádiz, Cádiz ",,"Sierra de Cádiz, Cádiz",160,80.0,2019-04-14,80000,0,3.0,1,0,1,True,False,False,False,False,False,False,False,False,False,False,False,False,False,False,False,False,False,False,False,False
Anuncio actualizado el 30 de enero,0,0,1.0,0,0,2004.0,,,0,0,35864202,10,0.0,Puerto Serrano,Calle enmedio," Calle enmedio , Puerto Serrano , Sierra de Cádiz, Cádiz ",,"Sierra de Cádiz, Cádiz",142,110.0,2019-04-14,61400,0,4.0,0,0,0,False,False,False,False,False,False,False,False,False,False,False,False,False,False,False,False,False,False,False,False,False
Anuncio actualizado el 3 de octubre,0,0,3.0,0,0,2004.0,,,0,0,82594271,2,0.0,Arcos de la Frontera,," , Arcos de la Frontera , Sierra de Cádiz, Cádiz ",,"Sierra de Cádiz, Cádiz",140,126.0,2019-04-14,215000,0,2.0,0,0,0,False,False,False,False,False,False,False,False,False,False,False,False,False,False,False,False,False,False,False,False,False
Anuncio actualizado el 19 de diciembre,0,0,1.0,0,0,2004.0,no indicado,,0,0,83254080,3,0.0,Villamartin,Calle Virgen de los Reyes," Calle Virgen de los Reyes , Villamartin , Sierra de Cádiz, Cádiz ",,"Sierra de Cádiz, Cádiz",165,130.0,2019-04-14,96400,0,3.0,0,0,0,False,False,False,False,False,False,False,False,False,False,False,False,False,False,False,False,False,False,False,False,False
Anuncio actualizado el 18 de diciembre,0,0,1.0,0,0,2004.0,no indicado,planta 2ª,0,0,83626429,2,0.0,Villamartin,," , Villamartin , Sierra de Cádiz, Cádiz ",,"Sierra de Cádiz, Cádiz",67,58.0,2019-04-14,57300,0,2.0,1,0,0,True,False,False,False,False,False,False,False,False,False,False,False,False,False,False,False,False,False,False,False,False
Anuncio actualizado el 14 de marzo,0,0,2.0,0,0,2004.0,,,0,0,34834216,10,0.0,Arcos de la Frontera,"Calle jose sanchez, 24"," Calle jose sanchez, 24 , Arcos de la Frontera , Sierra de Cádiz, Cádiz ",,"Sierra de Cádiz, Cádiz",139,80.0,2019-04-14,136900,0,4.0,0,0,0,False,False,False,False,False,False,False,False,False,False,False,False,False,False,False,False,False,False,False,False,False
Anuncio actualizado el 23 de febrero,0,0,2.0,0,0,2004.0,,,0,0,84409589,2,0.0,Prado del Rey,Calle Almajar," Calle Almajar , Prado del Rey , Sierra de Cádiz, Cádiz ",,"Sierra de Cádiz, Cádiz",60,80.0,2019-04-14,48000,0,3.0,0,0,0,False,True,False,False,False,False,False,False,False,False,False,False,False,False,False,False,False,False,False,False,False
Anuncio actualizado el 14 de marzo,0,0,1.0,0,0,2004.0,,bajo,0,0,32534924,2,0.0,Arcos de la Frontera,"Calle álamos, 10"," Calle álamos, 10 , Arcos de la Frontera , Sierra de Cádiz, Cádiz ",,"Sierra de Cádiz, Cádiz",50,80.0,2019-04-14,26500,0,1.0,0,0,0,False,False,False,False,False,False,False,False,False,False,False,False,False,False,False,False,False,False,False,False,False
Anuncio actualizado el 7 de abril,0,1,1.0,0,0,2004.0,no indicado,planta 1ª exterior,0,0,84696303,2,0.0,Arcos de la Frontera,. s/n," . s/n , Arcos de la Frontera , Sierra de Cádiz, Cádiz ",,"Sierra de Cádiz, Cádiz",60,80.0,2019-04-14,25000,0,2.0,0,0,0,True,False,False,False,False,False,False,False,False,False,False,False,False,False,False,False,False,False,False,False,False
Anuncio actualizado el 11 de abril,0,0,1.0,0,0,2004.0,,,0,0,84702866,10,0.0,Arcos de la Frontera,," , Arcos de la Frontera , Sierra de Cádiz, Cádiz ",,"Sierra de Cádiz, Cádiz",108,85.0,2019-04-14,65000,0,3.0,0,0,1,False,False,False,False,False,False,False,False,False,False,False,False,False,False,False,False,False,False,False,False,False
Anuncio actualizado el 28 de marzo,0,0,2.0,0,0,2004.0,no indicado,,1,0,84774750,0,0.0,El Gastor,"Calle Molino, 13"," Calle Molino, 13 , El Gastor , Sierra de Cádiz, Cádiz ",,"Sierra de Cádiz, Cádiz",117,80.0,2019-04-14,80000,0,4.0,0,0,1,True,False,False,False,False,False,False,False,False,False,False,False,False,False,False,False,False,False,False,False,False
Anuncio actualizado el 14 de abril,0,1,1.0,0,0,2004.0,,1 planta,0,0,84803646,1,0.0,Villamartin,"Calle Madrid, 13 Callemadrid"," Calle Madrid, 13 Callemadrid , Villamartin , Sierra de Cádiz, Cádiz ",,"Sierra de Cádiz, Cádiz",92,46.0,2019-04-14,38000,0,2.0,0,0,1,False,True,False,False,False,False,False,False,False,False,False,False,False,False,False,False,False,False,False,False,False
Anuncio actualizado el 11 de abril,0,0,3.0,0,0,2004.0,,,0,1,36694719,10,0.0,Algodonales,," , Algodonales , Sierra de Cádiz, Cádiz ",,"Sierra de Cádiz, Cádiz",187,176.0,2019-04-14,154000,0,5.0,0,1,1,True,False,False,False,False,False,False,False,False,False,False,False,False,False,False,False,False,False,False,False,False
Anuncio actualizado el 29 de marzo,1,1,2.0,0,0,2004.0,no indicado,,1,1,84866412,3,0.0,Arcos de la Frontera,," , Arcos de la Frontera , Sierra de Cádiz, Cádiz ",,"Sierra de Cádiz, Cádiz",131,80.0,2019-04-14,160000,0,2.0,0,1,0,True,False,False,False,False,False,False,False,False,False,False,False,False,False,False,False,False,False,False,False,False
Anuncio actualizado el 2 de abril,0,0,2.0,0,0,2004.0,,,0,0,84909043,10,0.0,Ubrique,Distrito Alameda del Cura - Barriada Andalucia," , Distrito Alameda del Cura - Barriada Andalucia , Ubrique , Sierra de Cádiz, Cádiz ",,"Sierra de Cádiz, Cádiz",160,130.0,2019-04-14,120000,0,5.0,0,0,0,True,False,False,False,False,False,False,False,False,False,False,False,False,False,False,False,False,False,False,False,False
Anuncio actualizado el 2 de abril,0,0,1.0,0,0,2004.0,,planta 2ª,0,0,84914928,2,0.0,Ubrique,Distrito Alameda del Cura - Barriada Andalucia," , Distrito Alameda del Cura - Barriada Andalucia , Ubrique , Sierra de Cádiz, Cádiz ",,"Sierra de Cádiz, Cádiz",65,50.0,2019-04-14,70000,0,3.0,0,0,0,True,False,False,False,False,False,False,False,False,False,False,False,False,False,False,False,False,False,False,False,False
Anuncio actualizado el 5 de abril,0,0,4.0,0,0,2004.0,no indicado,,1,0,84952282,10,0.0,Arcos de la Frontera,," , Arcos de la Frontera , Sierra de Cádiz, Cádiz ",,"Sierra de Cádiz, Cádiz",280,80.0,2019-04-14,250000,0,15.0,1,0,1,False,False,False,False,False,False,False,False,False,False,False,False,False,False,False,False,False,False,False,False,False
Anuncio actualizado el 20 de enero,1,0,3.0,1,0,2004.0,no indicado,2 plantas,1,0,30001673,0,0.0,Arcos de la Frontera,C-334 s/n," C-334 s/n , Arcos de la Frontera , Sierra de Cádiz, Cádiz ",,"Sierra de Cádiz, Cádiz",2200,220.0,2019-04-14,230000,0,6.0,1,1,1,True,False,False,False,False,False,False,False,False,True,False,False,False,False,False,False,False,False,False,False,False
Anuncio actualizado el 18 de marzo,0,0,1.0,1,0,2004.0,no indicado,,0,1,29258238,10,0.0,Villamartin,," , Villamartin , Sierra de Cádiz, Cádiz ",,"Sierra de Cádiz, Cádiz",30,60.0,2019-04-14,57000,0,2.0,0,1,0,True,False,False,False,False,False,False,False,False,False,False,False,False,False,False,False,False,False,False,False,False
Anuncio actualizado el 19 de febrero,0,0,1.0,1,0,2004.0,no indicado,bajo exterior,0,0,37743473,2,0.0,Arcos de la Frontera,"Calle Rafael Alberti, 3 B"," Calle Rafael Alberti, 3 B , Arcos de la Frontera , Sierra de Cádiz, Cádiz ",,"Sierra de Cádiz, Cádiz",100,70.0,2019-04-14,66000,0,2.0,1,0,1,True,False,False,False,False,False,False,False,False,False,False,False,False,False,False,False,False,False,False,False,False
Anuncio actualizado el 3 de abril,1,0,1.0,0,0,2004.0,,,0,0,31718601,10,0.0,Villamartin,Calle nueva," Calle nueva , Villamartin , Sierra de Cádiz, Cádiz ",,"Sierra de Cádiz, Cádiz",169,128.0,2019-04-14,29100,0,1.0,0,0,0,True,False,False,False,False,False,False,False,False,False,False,False,False,False,False,False,False,False,False,False,False
Anuncio actualizado el 17 de agosto,0,0,2.0,0,0,1995.0,en trámite,bajo exterior,0,0,31851518,2,0.0,Benaocaz,Calle pajaruco," Calle pajaruco , Benaocaz , Sierra de Cádiz, Cádiz ",,"Sierra de Cádiz, Cádiz",91,80.0,2019-04-14,60000,0,2.0,0,0,0,True,False,False,False,False,False,False,False,False,False,False,False,False,False,False,False,False,False,False,False,False
Anuncio actualizado el 20 de enero,0,0,2.0,0,0,2004.0,,,0,0,34833974,10,0.0,Olvera,Calle cervantes," Calle cervantes , Olvera , Sierra de Cádiz, Cádiz ",,"Sierra de Cádiz, Cádiz",163,80.0,2019-04-14,42100,0,3.0,0,0,0,False,False,False,False,False,False,False,False,False,False,False,True,False,False,False,False,False,False,False,False,False
Anuncio actualizado el 20 de enero,0,0,1.0,0,0,2004.0,,,0,0,34834212,10,0.0,Arcos de la Frontera,Calle azucena," Calle azucena , Arcos de la Frontera , Sierra de Cádiz, Cádiz ",,"Sierra de Cádiz, Cádiz",140,80.0,2019-04-14,88900,0,2.0,0,1,0,False,False,False,False,False,False,False,False,False,False,False,False,False,False,False,False,False,False,False,False,False
Anuncio actualizado el 13 de febrero,0,0,1.0,0,0,2004.0,,bajo,1,0,32516916,2,1.0,Puerto Serrano,Avenida Cádiz," Avenida Cádiz , Puerto Serrano , Sierra de Cádiz, Cádiz ",,"Sierra de Cádiz, Cádiz",80,63.0,2019-04-14,68500,0,2.0,0,0,0,True,False,False,False,False,False,False,False,False,False,False,False,False,False,False,False,False,False,False,False,False
Anuncio actualizado el 5 de abril,0,0,1.0,0,0,2004.0,,,0,0,27617359,2,0.0,Arcos de la Frontera,Camino de bornos," Camino de bornos , Arcos de la Frontera , Sierra de Cádiz, Cádiz ",,"Sierra de Cádiz, Cádiz",65,80.0,2019-04-14,71670,0,2.0,0,0,0,True,False,False,False,False,False,False,False,False,False,False,False,False,False,False,False,False,False,False,False,False
Anuncio actualizado el 4 de abril,0,0,1.0,0,0,2004.0,,,1,0,34618947,2,0.0,Arcos de la Frontera,Calle bambera," Calle bambera , Arcos de la Frontera , Sierra de Cádiz, Cádiz ",,"Sierra de Cádiz, Cádiz",85,67.0,2019-04-14,67500,0,3.0,0,0,0,True,False,False,False,False,False,False,False,False,False,False,False,False,False,False,False,False,False,False,False,False
Anuncio actualizado el 1 de diciembre,0,0,2.0,0,0,2004.0,,bajo exterior,0,0,39092672,2,0.0,Arcos de la Frontera,Avenida Miguel Mancheño," Avenida Miguel Mancheño , Arcos de la Frontera , Sierra de Cádiz, Cádiz ",,"Sierra de Cádiz, Cádiz",110,95.0,2019-04-14,126100,0,3.0,1,0,0,True,False,False,False,False,False,False,False,False,False,False,False,False,False,False,False,False,False,False,False,False
Anuncio actualizado el 3 de abril,1,0,1.0,0,0,2004.0,,bajo exterior,0,0,39489513,2,0.0,Arcos de la Frontera,Pozo de la bomba," Pozo de la bomba , Arcos de la Frontera , Sierra de Cádiz, Cádiz ",,"Sierra de Cádiz, Cádiz",72,80.0,2019-04-14,25000,0,2.0,0,0,0,False,True,False,False,False,False,False,False,False,False,False,False,False,False,False,False,False,False,False,False,False
Anuncio actualizado el 13 de febrero,0,0,1.0,0,0,2004.0,,,0,0,39832121,0,0.0,Arcos de la Frontera,Calle azucena," Calle azucena , Arcos de la Frontera , Sierra de Cádiz, Cádiz ",,"Sierra de Cádiz, Cádiz",140,80.0,2019-04-14,88900,0,2.0,0,0,0,True,False,False,False,False,False,False,False,False,False,False,False,False,False,False,False,False,False,False,False,False
Anuncio actualizado el 13 de febrero,0,0,1.0,0,0,2004.0,,,0,0,39904045,2,0.0,Olvera,Calle cervantes," Calle cervantes , Olvera , Sierra de Cádiz, Cádiz ",,"Sierra de Cádiz, Cádiz",163,80.0,2019-04-14,42100,0,3.0,0,0,0,True,False,False,False,False,False,False,False,False,False,False,False,False,False,False,False,False,False,False,False,False
Anuncio actualizado el 28 de marzo,0,0,1.0,0,0,2004.0,,,0,0,81766876,0,0.0,Puerto Serrano,Calle San Antonio," Calle San Antonio , Puerto Serrano , Sierra de Cádiz, Cádiz ",,"Sierra de Cádiz, Cádiz",81,80.0,2019-04-14,39000,0,2.0,0,0,0,True,False,False,False,False,False,False,False,False,False,False,False,False,False,False,False,False,False,False,False,False
Anuncio actualizado el 27 de marzo,0,0,1.0,0,0,2004.0,,,0,0,38845168,0,0.0,Puerto Serrano,Calle de la fuente del pecho," Calle de la fuente del pecho , Puerto Serrano , Sierra de Cádiz, Cádiz ",,"Sierra de Cádiz, Cádiz",152,80.0,2019-04-14,47868,0,7.0,0,0,0,True,False,False,False,False,False,False,False,False,False,False,False,False,False,False,False,False,False,False,False,False
Anuncio actualizado el 27 de marzo,0,0,1.0,0,0,2004.0,,,0,0,38626732,0,0.0,Ubrique,Distrito Centro," Calle ingeniero juan romero carrasco , Distrito Centro , Ubrique , Sierra de Cádiz, Cádiz ",Calle ingeniero juan romero carrasco,"Sierra de Cádiz, Cádiz",94,80.0,2019-04-14,54035,0,2.0,0,0,0,True,False,False,False,False,False,False,False,False,False,False,False,False,False,False,False,False,False,False,False,False
Anuncio actualizado el 4 de abril,0,0,1.0,0,0,2004.0,,,0,0,34705981,2,0.0,Arcos de la Frontera,Avenida sombrero de tres picos," Avenida sombrero de tres picos , Arcos de la Frontera , Sierra de Cádiz, Cádiz ",,"Sierra de Cádiz, Cádiz",77,60.0,2019-04-14,39500,0,2.0,0,0,0,True,False,False,False,False,False,False,False,False,False,False,False,False,False,False,False,False,False,False,False,False
Anuncio actualizado el 4 de abril,0,0,1.0,0,0,2004.0,,bajo,0,0,1505642,2,0.0,Arcos de la Frontera,Calle mateo gonzález," Calle mateo gonzález , Arcos de la Frontera , Sierra de Cádiz, Cádiz ",,"Sierra de Cádiz, Cádiz",62,50.0,2019-04-14,31280,0,3.0,0,0,0,True,False,False,False,False,False,False,False,False,False,False,False,False,False,False,False,False,False,False,False,False
Anuncio actualizado el 27 de marzo,0,0,1.0,0,0,2004.0,,planta 1ª,0,0,36538791,2,0.0,Benaocaz,Calle pajaruco," Calle pajaruco , Benaocaz , Sierra de Cádiz, Cádiz ",,"Sierra de Cádiz, Cádiz",116,80.0,2019-04-14,84585,0,4.0,0,0,0,True,False,False,False,False,False,False,False,False,False,False,False,False,False,False,False,False,False,False,False,False
Anuncio actualizado el 16 de febrero,0,0,1.0,0,0,2004.0,,planta 2ª interior,0,0,83239452,2,0.0,Villamartin,Avenida de Arcos," Avenida de Arcos , Villamartin , Sierra de Cádiz, Cádiz ",,"Sierra de Cádiz, Cádiz",60,50.0,2019-04-14,56300,0,2.0,0,0,0,False,True,False,False,False,False,False,False,False,False,False,False,False,False,False,False,False,False,False,False,False
Anuncio actualizado el 27 de marzo,0,0,1.0,0,0,2004.0,,bajo,0,0,83825414,2,0.0,Benaocaz,Calle San Blas," Calle San Blas , Benaocaz , Sierra de Cádiz, Cádiz ",,"Sierra de Cádiz, Cádiz",51,80.0,2019-04-14,41700,0,1.0,0,0,0,True,False,False,False,False,False,False,False,False,False,False,False,False,False,False,False,False,False,False,False,False
Anuncio actualizado el 4 de abril,0,0,1.0,0,0,2004.0,,,0,0,83896844,2,0.0,Villamartin,Avenida Sevilla," Avenida Sevilla , Villamartin , Sierra de Cádiz, Cádiz ",,"Sierra de Cádiz, Cádiz",66,49.0,2019-04-14,57000,0,2.0,0,0,0,True,False,False,False,False,False,False,False,False,False,False,False,False,False,False,False,False,False,False,False,False
Anuncio actualizado el 16 de marzo,0,0,2.0,0,0,2004.0,,,0,0,84127230,2,0.0,Arcos de la Frontera,Calle tras los Molinos," Calle tras los Molinos , Arcos de la Frontera , Sierra de Cádiz, Cádiz ",,"Sierra de Cádiz, Cádiz",120,80.0,2019-04-14,90900,0,3.0,0,0,0,True,False,False,False,False,False,False,False,False,False,False,False,False,False,False,False,False,False,False,False,False
Anuncio actualizado el 16 de marzo,0,0,2.0,0,0,2004.0,,,1,0,84127500,0,0.0,Arcos de la Frontera,Calle Vicente Aleixandre," Calle Vicente Aleixandre , Arcos de la Frontera , Sierra de Cádiz, Cádiz ",,"Sierra de Cádiz, Cádiz",109,80.0,2019-04-14,123100,0,3.0,0,0,0,True,False,False,False,False,False,False,False,False,False,False,False,False,False,False,False,False,False,False,False,False
Anuncio actualizado el 13 de febrero,0,0,1.0,0,0,2004.0,,planta 3ª,0,0,84261131,2,0.0,Arcos de la Frontera,Calle de las Nieves," Calle de las Nieves , Arcos de la Frontera , Sierra de Cádiz, Cádiz ",,"Sierra de Cádiz, Cádiz",100,80.0,2019-04-14,81700,0,3.0,0,0,0,True,False,False,False,False,False,False,False,False,False,False,False,False,False,False,False,False,False,False,False,False
Anuncio actualizado el 27 de marzo,0,0,2.0,0,0,2004.0,,planta 1ª,0,0,84335799,2,0.0,Benaocaz,Calle San Blas," Calle San Blas , Benaocaz , Sierra de Cádiz, Cádiz ",,"Sierra de Cádiz, Cádiz",84,80.0,2019-04-14,65500,0,2.0,0,0,0,True,False,False,False,False,False,False,False,False,False,False,False,False,False,False,False,False,False,False,False,False
Anuncio actualizado el 27 de marzo,0,0,1.0,0,0,2004.0,,,0,0,81511991,3,0.0,Prado del Rey,Calle Doctor Fleming," Calle Doctor Fleming , Prado del Rey , Sierra de Cádiz, Cádiz ",,"Sierra de Cádiz, Cádiz",97,80.0,2019-04-14,59600,0,3.0,0,0,0,True,False,False,False,False,False,False,False,False,False,False,False,False,False,False,False,False,False,False,False,False
Anuncio actualizado el 11 de abril,0,0,1.0,0,0,2004.0,,bajo,0,0,84409598,2,0.0,Arcos de la Frontera,Calle de las Nieves," Calle de las Nieves , Arcos de la Frontera , Sierra de Cádiz, Cádiz ",,"Sierra de Cádiz, Cádiz",87,72.0,2019-04-14,69000,0,3.0,0,0,0,True,False,False,False,False,False,False,False,False,False,False,False,False,False,False,False,False,False,False,False,False
Anuncio actualizado el 14 de abril,1,0,4.0,1,0,2004.0,no indicado,2 plantas,0,1,35813655,0,0.0,El Bosque,," , El Bosque , Sierra de Cádiz, Cádiz ",,"Sierra de Cádiz, Cádiz",295,80.0,2019-04-14,499900,0,5.0,1,0,1,True,False,False,False,False,False,False,False,False,False,False,False,False,False,False,True,False,False,False,False,False
Anuncio actualizado el 16 de agosto,0,0,1.0,1,0,2004.0,no indicado,1 planta,1,1,33818172,0,0.0,Arcos de la Frontera,el santiscal," el santiscal , Arcos de la Frontera , Sierra de Cádiz, Cádiz ",,"Sierra de Cádiz, Cádiz",750,120.0,2019-04-14,220000,0,4.0,1,1,1,True,False,False,False,False,False,False,False,False,False,False,False,False,False,False,False,False,False,False,False,False
Anuncio actualizado el 3 de abril,0,0,2.0,0,0,2004.0,,planta 1ª,1,0,39792361,2,1.0,Ubrique,Distrito Alameda del Cura - Barriada Andalucia," , Distrito Alameda del Cura - Barriada Andalucia , Ubrique , Sierra de Cádiz, Cádiz ",,"Sierra de Cádiz, Cádiz",70,65.0,2019-04-14,80800,0,3.0,1,1,0,True,False,False,False,False,False,False,False,False,False,False,False,False,False,False,False,False,False,False,False,False
Anuncio actualizado el 27 de marzo,0,0,1.0,0,0,2004.0,,,0,0,83086245,0,0.0,Puerto Serrano,," , Puerto Serrano , Sierra de Cádiz, Cádiz ",,"Sierra de Cádiz, Cádiz",70,59.0,2019-04-14,44900,0,1.0,0,0,0,True,False,False,False,False,False,False,False,False,False,False,False,False,False,False,False,False,False,False,False,False
Anuncio actualizado el 1 de abril,0,0,2.0,0,0,2001.0,,,1,0,83272667,10,0.0,Arcos de la Frontera,," , Arcos de la Frontera , Sierra de Cádiz, Cádiz ",,"Sierra de Cádiz, Cádiz",91,71.0,2019-04-14,88000,0,3.0,0,0,1,False,False,False,False,False,False,False,False,False,False,False,False,False,False,False,False,False,False,False,False,False
Anuncio actualizado el 8 de abril,1,0,2.0,1,0,2004.0,,2 plantas,1,0,84689270,3,0.0,Arcos de la Frontera,"Avenida del Santiscal, 5"," Avenida del Santiscal, 5 , Arcos de la Frontera , Sierra de Cádiz, Cádiz ",,"Sierra de Cádiz, Cádiz",100,80.0,2019-04-14,88000,0,3.0,1,0,1,True,False,False,False,False,False,False,False,False,False,False,False,False,False,False,False,False,False,True,False,False
Anuncio actualizado el 19 de marzo,0,0,2.0,0,0,2004.0,no indicado,bajo exterior,0,0,82269011,2,0.0,Ubrique,Distrito El Jardín - Antonio Vega," Avenida Fuente San Francisco, 6 , Distrito El Jardín - Antonio Vega , Ubrique , Sierra de Cádiz, Cádiz ","Avenida Fuente San Francisco, 6","Sierra de Cádiz, Cádiz",82,80.0,2019-04-14,89000,0,3.0,1,0,1,True,False,False,False,False,False,False,False,False,False,False,False,False,False,False,False,False,False,False,False,False
Anuncio actualizado el 24 de marzo,1,1,3.0,1,0,2001.0,no indicado,planta 3ª exterior,0,0,39182521,8,0.0,Arcos de la Frontera,"Avenida miguel mancheño, 34"," Avenida miguel mancheño, 34 , Arcos de la Frontera , Sierra de Cádiz, Cádiz ",,"Sierra de Cádiz, Cádiz",100,90.0,2019-04-14,85000,0,3.0,1,0,1,True,False,False,False,False,False,False,False,False,False,False,False,False,False,False,False,False,False,True,False,False
Anuncio actualizado el 26 de marzo,1,0,2.0,0,0,2004.0,no indicado,1 planta,0,1,376682,0,0.0,Arcos de la Frontera,"Calle Margarita, 74"," Calle Margarita, 74 , Arcos de la Frontera , Sierra de Cádiz, Cádiz ",,"Sierra de Cádiz, Cádiz",1000,80.0,2019-04-14,180000,0,4.0,1,0,1,True,False,False,False,False,False,False,False,False,False,False,False,False,False,False,False,False,False,True,False,False
Anuncio actualizado el 14 de abril,0,0,2.0,0,0,2004.0,no indicado,planta 1ª exterior,1,0,84855490,2,0.0,Villamartin,Urb. La loma," Calle Azahar, 1 , Urb. La loma , Villamartin , Sierra de Cádiz, Cádiz ","Calle Azahar, 1","Sierra de Cádiz, Cádiz",70,69.0,2019-04-14,51000,0,3.0,1,0,1,True,False,False,False,False,False,False,False,False,False,False,False,False,False,False,False,False,False,False,False,False
Anuncio actualizado el 14 de abril,1,0,2.0,0,1,1994.0,no indicado,2 plantas,0,0,84881994,1,0.0,Torre-Alhaquime,"portillejo, 1"," portillejo, 1 , Torre-Alhaquime , Sierra de Cádiz, Cádiz ",,"Sierra de Cádiz, Cádiz",120,80.0,2019-04-14,74900,0,3.0,0,0,1,True,False,True,False,False,False,False,False,False,False,False,False,False,False,False,False,False,False,False,False,False
Anuncio actualizado el 14 de abril,0,1,5.0,0,0,2004.0,en trámite,2 plantas,1,0,84909286,1,0.0,Arcos de la Frontera,"Calle Corredera, 24"," Calle Corredera, 24 , Arcos de la Frontera , Sierra de Cádiz, Cádiz ",,"Sierra de Cádiz, Cádiz",600,80.0,2019-04-14,280000,0,12.0,0,0,1,True,False,False,False,False,False,False,False,False,False,False,False,False,False,False,False,False,False,False,False,False
Anuncio actualizado el 14 de marzo,0,0,1.0,0,0,2004.0,,planta 3ª,0,0,84107502,2,0.0,Arcos de la Frontera,"Calle Ancha, 4"," Calle Ancha, 4 , Arcos de la Frontera , Sierra de Cádiz, Cádiz ",,"Sierra de Cádiz, Cádiz",69,80.0,2019-04-14,34500,0,3.0,0,0,0,False,False,False,False,False,False,False,False,False,False,False,False,False,False,False,False,False,False,False,False,False
Anuncio actualizado el 14 de marzo,0,0,2.0,0,0,2004.0,,planta 2ª,0,0,84107503,2,0.0,Arcos de la Frontera,"Calle Ancha, 3"," Calle Ancha, 3 , Arcos de la Frontera , Sierra de Cádiz, Cádiz ",,"Sierra de Cádiz, Cádiz",88,80.0,2019-04-14,40300,0,4.0,0,0,0,False,False,False,False,False,False,False,False,False,False,False,False,False,False,False,False,False,False,False,False,False
Anuncio actualizado el 14 de marzo,0,0,2.0,1,0,2004.0,,,0,0,34834223,2,0.0,Arcos de la Frontera,"Calle tras los molinos, 6"," Calle tras los molinos, 6 , Arcos de la Frontera , Sierra de Cádiz, Cádiz ",,"Sierra de Cádiz, Cádiz",120,80.0,2019-04-14,90900,0,3.0,0,0,0,False,False,False,False,False,False,False,False,False,False,False,False,False,False,False,False,False,False,False,False,False
Anuncio actualizado el 14 de marzo,0,0,1.0,0,0,2004.0,,,0,0,84107937,2,0.0,Arcos de la Frontera,"Calle Concejal, 1"," Calle Concejal, 1 , Arcos de la Frontera , Sierra de Cádiz, Cádiz ",,"Sierra de Cádiz, Cádiz",73,80.0,2019-04-14,57500,0,1.0,0,0,0,False,False,False,False,False,False,False,False,False,False,False,False,False,False,False,False,False,False,False,False,False
Anuncio actualizado el 14 de marzo,0,0,2.0,0,0,2004.0,,,0,0,37659366,10,0.0,Arcos de la Frontera,"Calle vicente aleixandre, 23"," Calle vicente aleixandre, 23 , Arcos de la Frontera , Sierra de Cádiz, Cádiz ",,"Sierra de Cádiz, Cádiz",109,80.0,2019-04-14,123100,0,3.0,0,0,0,False,False,False,False,False,False,False,False,False,False,False,False,False,False,False,False,False,False,False,False,False
Anuncio actualizado el 22 de marzo,1,0,1.0,0,0,2004.0,no indicado,bajo,0,0,30045235,2,0.0,Prado del Rey,Urb. null," Calle Doctor Fleming, 37 , Urb. null , Prado del Rey , Sierra de Cádiz, Cádiz ","Calle Doctor Fleming, 37","Sierra de Cádiz, Cádiz",106,86.0,2019-04-14,56000,0,3.0,0,0,1,False,True,False,False,False,False,False,False,True,False,False,False,False,False,False,False,False,False,True,False,False
Anuncio actualizado el 6 de marzo,0,0,1.0,1,0,2004.0,,planta 3ª,0,0,84388614,2,0.0,Arcos de la Frontera,"Calle de las Nieves, 36"," Calle de las Nieves, 36 , Arcos de la Frontera , Sierra de Cádiz, Cádiz ",,"Sierra de Cádiz, Cádiz",100,80.0,2019-04-14,81700,0,3.0,0,0,0,False,False,False,False,False,False,False,False,False,False,False,False,False,False,False,False,False,False,False,False,False
Anuncio actualizado el 6 de marzo,0,0,2.0,0,0,2004.0,,,0,0,84388615,5,0.0,Arcos de la Frontera,"Calle Cantaor Miguel Moreno el Mochuelo, 20"," Calle Cantaor Miguel Moreno el Mochuelo, 20 , Arcos de la Frontera , Sierra de Cádiz, Cádiz ",,"Sierra de Cádiz, Cádiz",85,80.0,2019-04-14,58700,0,3.0,0,0,1,False,False,False,False,False,False,False,False,False,False,False,False,False,False,False,False,False,False,False,False,False
Anuncio actualizado el 12 de abril,0,0,1.0,0,0,2004.0,no indicado,,0,0,39490423,7,0.0,Olvera,"Calle Carmona, 15"," Calle Carmona, 15 , Olvera , Sierra de Cádiz, Cádiz ",,"Sierra de Cádiz, Cádiz",169,80.0,2019-04-14,180000,0,5.0,0,0,0,True,False,False,False,False,False,False,False,False,False,False,False,False,False,False,False,False,False,False,False,False
Anuncio actualizado el 5 de abril,0,1,2.0,1,1,2004.0,no indicado,,1,1,82798913,1,0.0,Arcos de la Frontera,," , Arcos de la Frontera , Sierra de Cádiz, Cádiz ",,"Sierra de Cádiz, Cádiz",1400,250.0,2019-04-14,300000,0,4.0,0,1,1,False,False,False,False,False,False,False,False,False,False,False,False,False,False,False,False,False,False,False,False,False
Anuncio actualizado el 27 de marzo,0,0,1.0,0,0,2004.0,en trámite,,0,0,84827190,3,0.0,Espera,Calle Primero de Mayo," Calle Primero de Mayo , Espera , Sierra de Cádiz, Cádiz ",,"Sierra de Cádiz, Cádiz",89,75.0,2019-04-14,39500,0,2.0,0,0,0,False,False,False,False,False,False,False,False,False,False,False,False,False,False,False,False,False,False,False,False,False
Anuncio actualizado el 14 de abril,1,1,2.0,0,0,2004.0,en trámite,3 plantas,0,0,84855768,3,0.0,Prado del Rey,"Almajar, 10"," Almajar, 10 , Prado del Rey , Sierra de Cádiz, Cádiz ",,"Sierra de Cádiz, Cádiz",95,80.0,2019-04-14,42000,0,3.0,1,0,0,False,True,False,False,False,False,True,False,False,False,False,False,False,False,False,False,False,False,False,False,False
Anuncio actualizado el 3 de abril,0,0,2.0,0,0,2004.0,no indicado,bajo,0,0,31766660,11,0.0,Arcos de la Frontera,Calle francia," Calle francia , Arcos de la Frontera , Sierra de Cádiz, Cádiz ",,"Sierra de Cádiz, Cádiz",99,80.0,2019-04-14,51000,0,0.0,0,0,0,True,False,False,False,False,False,False,False,False,False,False,False,False,False,False,False,False,False,False,False,False
Anuncio actualizado el 9 de abril,1,0,2.0,0,0,2004.0,en trámite,planta 1ª exterior,1,0,26629739,2,0.0,Villamartin,"Calle Azahar, 5"," Calle Azahar, 5 , Villamartin , Sierra de Cádiz, Cádiz ",,"Sierra de Cádiz, Cádiz",90,70.0,2019-04-14,70000,0,3.0,1,0,1,True,False,False,False,False,False,False,False,False,False,False,False,False,False,False,False,False,False,False,False,False
Anuncio actualizado el 2 de abril,0,0,1.0,0,0,2004.0,,,0,0,34834217,10,0.0,Arcos de la Frontera,Calle mateo gonzález," Calle mateo gonzález , Arcos de la Frontera , Sierra de Cádiz, Cádiz ",,"Sierra de Cádiz, Cádiz",75,80.0,2019-04-14,27000,0,2.0,0,0,0,False,False,False,False,False,False,False,False,False,False,False,False,False,False,False,False,False,False,False,False,False
Anuncio actualizado el 22 de marzo,0,0,1.0,0,0,2004.0,,planta 4ª exterior,0,0,35483272,2,0.0,Arcos de la Frontera,Calle Fuente del Río," Calle Fuente del Río , Arcos de la Frontera , Sierra de Cádiz, Cádiz ",,"Sierra de Cádiz, Cádiz",79,61.0,2019-04-14,53000,0,2.0,0,0,0,False,True,False,False,False,False,False,False,False,False,False,False,False,False,False,False,False,False,False,False,False
Anuncio actualizado el 14 de abril,0,0,1.0,1,0,2004.0,,bajo exterior,0,0,38715260,2,0.0,Benaocaz,"Calle Salto del Cabrero, 28"," Calle Salto del Cabrero, 28 , Benaocaz , Sierra de Cádiz, Cádiz ",,"Sierra de Cádiz, Cádiz",71,80.0,2019-04-14,64900,0,2.0,1,0,0,True,False,False,False,False,False,False,False,False,False,False,False,False,False,False,False,False,False,False,False,False
Anuncio actualizado el 4 de abril,0,0,1.0,0,0,2004.0,,,0,0,39833060,0,0.0,Arcos de la Frontera,Calle mateo gonzález," Calle mateo gonzález , Arcos de la Frontera , Sierra de Cádiz, Cádiz ",,"Sierra de Cádiz, Cádiz",75,80.0,2019-04-14,27000,0,2.0,0,0,0,True,False,False,False,False,False,False,False,False,False,False,False,False,False,False,False,False,False,False,False,False
Anuncio actualizado el 3 de abril,0,0,1.0,0,0,2004.0,,planta 1ª exterior,0,0,81298098,2,0.0,Prado del Rey,Calle Alcaudete," Calle Alcaudete , Prado del Rey , Sierra de Cádiz, Cádiz ",,"Sierra de Cádiz, Cádiz",102,75.0,2019-04-14,48900,0,3.0,0,0,0,False,True,False,False,False,False,False,False,False,False,False,False,False,False,False,False,False,False,False,False,False
Anuncio actualizado el 14 de abril,0,1,2.0,0,0,2004.0,no indicado,4 plantas,0,0,82358663,0,0.0,Olvera,"Calle Victoria, 35"," Calle Victoria, 35 , Olvera , Sierra de Cádiz, Cádiz ",,"Sierra de Cádiz, Cádiz",400,80.0,2019-04-14,105000,0,6.0,0,0,0,True,False,False,False,False,False,False,False,False,False,False,False,False,False,False,False,False,False,False,False,False
Anuncio actualizado el 26 de marzo,0,0,1.0,0,0,2004.0,,planta 1ª,0,0,83239954,2,0.0,El Bosque,Plaza el Anden," Plaza el Anden , El Bosque , Sierra de Cádiz, Cádiz ",,"Sierra de Cádiz, Cádiz",64,48.0,2019-04-14,85900,0,2.0,0,0,0,False,True,False,False,False,False,False,False,False,False,False,False,False,False,False,False,False,False,False,False,False
Anuncio actualizado el 18 de marzo,0,0,2.0,1,0,2004.0,,2 plantas,0,0,83967814,3,0.0,Espera,Avenida Principe de Asturias s/n," Avenida Principe de Asturias s/n , Espera , Sierra de Cádiz, Cádiz ",,"Sierra de Cádiz, Cádiz",105,80.0,2019-04-14,145000,0,3.0,0,0,1,True,False,False,False,False,False,False,False,False,False,False,False,False,False,False,False,False,False,False,False,False
Anuncio actualizado el 3 de marzo,0,0,2.0,0,0,2004.0,,,0,0,84340135,11,0.0,Villamartin,Calle Almería," Calle Almería , Villamartin , Sierra de Cádiz, Cádiz ",,"Sierra de Cádiz, Cádiz",118,80.0,2019-04-14,101750,0,0.0,0,0,0,False,False,False,False,False,False,False,False,False,False,False,False,False,False,False,False,False,False,False,False,False
Anuncio actualizado el 13 de abril,0,0,2.0,0,0,2004.0,,,0,0,84357435,10,0.0,Arcos de la Frontera,Calle Abades," Calle Abades , Arcos de la Frontera , Sierra de Cádiz, Cádiz ",,"Sierra de Cádiz, Cádiz",122,112.0,2019-04-14,62000,0,3.0,0,0,0,True,False,False,False,False,False,False,False,False,False,False,False,False,False,False,False,False,False,False,False,False
Anuncio actualizado el 13 de abril,0,0,2.0,0,0,2004.0,en trámite,,1,0,84553439,10,0.0,Puerto Serrano,Calle Salvador Allende," Calle Salvador Allende , Puerto Serrano , Sierra de Cádiz, Cádiz ",,"Sierra de Cádiz, Cádiz",374,300.0,2019-04-14,219000,0,5.0,0,1,0,False,True,False,False,False,False,False,False,False,False,False,False,False,False,False,False,False,False,False,False,False
Anuncio actualizado el 7 de marzo,1,1,9.0,1,0,2004.0,no indicado,,1,1,83132408,10,0.0,Villamartin,," , Villamartin , Sierra de Cádiz, Cádiz ",,"Sierra de Cádiz, Cádiz",1300,300.0,2019-04-14,1590000,1,4.0,1,1,1,False,False,False,False,False,False,False,False,False,False,False,False,False,False,False,False,False,False,False,False,False
Anuncio actualizado el 19 de febrero,0,0,2.0,0,0,2004.0,,,0,0,36346841,10,0.0,Prado del Rey,Calle televisión española," Calle televisión española , Prado del Rey , Sierra de Cádiz, Cádiz ",,"Sierra de Cádiz, Cádiz",94,78.0,2019-04-14,49600,0,3.0,0,0,0,True,False,False,False,False,False,False,False,False,False,False,False,False,False,False,False,False,False,False,False,False
Anuncio actualizado el 15 de marzo,0,0,1.0,0,0,2004.0,,,0,0,30065239,5,0.0,Prado del Rey,Calle doctor fleming," Calle doctor fleming , Prado del Rey , Sierra de Cádiz, Cádiz ",,"Sierra de Cádiz, Cádiz",106,80.0,2019-04-14,56000,0,3.0,0,0,0,True,False,False,False,False,False,False,False,False,False,False,False,False,False,False,False,False,False,False,False,False
Anuncio actualizado el 27 de marzo,0,0,1.0,0,0,2004.0,,planta 1ª,0,0,84673555,2,0.0,El Bosque,Avenida Juan XXIII," Avenida Juan XXIII , El Bosque , Sierra de Cádiz, Cádiz ",,"Sierra de Cádiz, Cádiz",83,65.0,2019-04-14,78650,0,1.0,0,0,0,True,False,False,False,False,False,False,False,False,False,False,False,False,False,False,False,False,False,False,False,False
