ad_last_update,air_conditioner,balcony,bath_num,built_in_wardrobe,chimney,construct_date,energetic_certif,floor,garage,garden,house_id,house_type,lift,loc_city,loc_district,loc_full,loc_neigh,loc_zone,m2_real,m2_useful,obtention_date,price,reduced_mobility,room_num,storage_room,swimming_pool,terrace,condition_condition,condition_promoción de obra nueva,condition_segunda mano/buen estado,condition_segunda mano/para reformar,heating_calefacción central,heating_calefacción central: gas,heating_calefacción central: gasoil,heating_calefacción individual,heating_calefacción individual: eléctrica,heating_calefacción individual: gas natural,heating_calefacción individual: gas propano/butano,heating_calefacción individual: gasoil,heating_heating,heating_no dispone de calefacción,orientation_este,"orientation_este, oeste",orientation_norte,"orientation_norte, este","orientation_norte, este, oeste","orientation_norte, oeste","orientation_norte, sur","orientation_norte, sur, este","orientation_norte, sur, este, oeste","orientation_norte, sur, oeste",orientation_oeste,orientation_orientation,orientation_sur,"orientation_sur, este","orientation_sur, este, oeste","orientation_sur, oeste"
Anuncio actualizado el 12 de abril,0,0,1.0,0,0,,en trámite,bajo exterior,0,0,39706574,0,0,Riaza,"Calle Medico Valentin Gil, 8"," Calle Medico Valentin Gil, 8 , Riaza , Área de Riaza, Segovia ",,"Área de Riaza, Segovia",75,,2019-04-13,60000,0,3.0,0,0,0,False,False,True,False,False,False,False,False,False,False,False,False,False,False,False,False,False,False,False,False,False,False,False,False,False,False,False,False,False,False
más de 5 meses sin actualizar,0,0,1.0,0,0,,no indicado,planta 2ª exterior,0,1,81339547,0,0,Riaza,"Calle Cava, 36"," Calle Cava, 36 , Riaza , Área de Riaza, Segovia ",,"Área de Riaza, Segovia",90,80,2019-04-13,50000,0,3.0,0,0,0,False,False,False,True,False,False,False,False,False,False,False,False,False,False,False,False,False,False,False,False,False,False,False,True,False,False,False,False,False,False
más de 5 meses sin actualizar,0,0,1.0,1,0,,en trámite,,1,0,81912382,1,,Campo de San Pedro,PLAZA s/n," PLAZA s/n , Campo de San Pedro , Área de Riaza, Segovia ",,"Área de Riaza, Segovia",50,78,2019-04-13,65000,0,3.0,1,0,0,False,False,True,False,False,False,False,False,False,False,False,False,False,False,False,False,False,False,False,False,False,False,False,False,False,False,True,False,False,False
más de 5 meses sin actualizar,0,0,2.0,1,0,,en trámite,2 plantas,0,1,82077546,2,,Fresno de Cantespino,Urb. Pradopinilla," Camino del Cruce s/n , Urb. Pradopinilla , Fresno de Cantespino , Área de Riaza, Segovia ",Camino del Cruce s/n,"Área de Riaza, Segovia",2500,,2019-04-13,160000,0,3.0,0,0,1,False,False,True,False,False,False,False,False,False,False,False,False,False,False,True,False,False,False,False,False,False,False,False,False,False,False,False,False,False,False
más de 5 meses sin actualizar,0,0,1.0,0,0,,no indicado,bajo interior,1,1,28623289,0,0,Riaza,"Calle Santiago Apóstol, 14"," Calle Santiago Apóstol, 14 , Riaza , Área de Riaza, Segovia ",,"Área de Riaza, Segovia",71,70,2019-04-13,59000,0,4.0,1,0,0,False,False,False,True,False,False,False,False,False,False,False,False,False,False,False,False,True,False,False,False,False,False,False,False,False,False,False,False,False,False
más de 5 meses sin actualizar,0,1,12.0,0,1,2006,no indicado,2 plantas,0,1,81380097,3,,Fresno de Cantespino,"Camino Viejo, 3"," Camino Viejo, 3 , Fresno de Cantespino , Área de Riaza, Segovia ",,"Área de Riaza, Segovia",26000,500,2019-04-13,650000,1,7.0,0,1,1,False,False,True,False,False,False,False,False,False,False,True,False,False,False,False,False,True,False,False,False,False,False,False,False,False,False,False,False,False,False
más de 5 meses sin actualizar,0,0,1.0,1,0,,no indicado,bajo exterior,1,1,1630474,0,1,Riaza,Urb. urbanizacion los robles," Calle Eugenio Hernanz Gomez, 7 , Urb. urbanizacion los robles , Riaza , Área de Riaza, Segovia ","Calle Eugenio Hernanz Gomez, 7","Área de Riaza, Segovia",65,59,2019-04-13,70000,0,1.0,0,1,0,False,False,True,False,False,False,False,False,False,False,False,False,False,False,False,False,False,False,False,False,False,False,False,False,False,False,False,False,False,False
más de 5 meses sin actualizar,0,0,1.0,1,0,,inmueble exento,,0,0,32309944,2,,Aldeanueva de la Serrezuela,"Calle del calvario, 4 Num"," Calle del calvario, 4 Num , Aldeanueva de la Serrezuela , Área de Riaza, Segovia ",,"Área de Riaza, Segovia",77,,2019-04-13,60000,0,3.0,0,0,0,False,False,True,False,False,False,False,True,False,False,False,False,False,False,False,False,False,False,False,False,False,False,False,False,False,False,True,False,False,False
más de 5 meses sin actualizar,0,1,2.0,1,0,,no indicado,2 plantas,0,1,82600999,2,,Fresno de Cantespino,Urb. prado pinilla," Lugar Urbanización Prado Pinilla, 365 , Urb. prado pinilla , Fresno de Cantespino , Área de Riaza, Segovia ","Lugar Urbanización Prado Pinilla, 365","Área de Riaza, Segovia",131,,2019-04-13,160000,0,3.0,1,0,1,False,False,True,False,False,False,True,False,False,False,False,False,False,False,False,False,False,False,False,False,False,False,False,False,False,False,True,False,False,False
más de 5 meses sin actualizar,0,0,1.0,0,0,,no indicado,2 plantas,0,1,1809006,4,,Fresno de Cantespino,"Calle Santiago, 2"," Calle Santiago, 2 , Fresno de Cantespino , Área de Riaza, Segovia ",,"Área de Riaza, Segovia",181,,2019-04-13,39000,0,3.0,1,0,0,False,False,False,True,False,False,False,False,False,False,False,False,False,False,False,False,False,False,False,False,False,False,False,False,False,False,False,False,False,False
más de 5 meses sin actualizar,0,0,2.0,1,0,,,2 plantas,1,1,32945844,5,,Campo de San Pedro,Calle cañada merinera s/n," Calle cañada merinera s/n , Campo de San Pedro , Área de Riaza, Segovia ",,"Área de Riaza, Segovia",138,,2019-04-13,97000,0,3.0,1,0,0,False,False,True,False,False,False,False,False,False,False,False,False,False,False,False,False,False,False,False,False,True,False,False,False,False,False,False,False,False,False
más de 5 meses sin actualizar,0,1,2.0,1,0,1999,en trámite,1 planta,1,1,81317280,2,,Fresno de Cantespino,"Camino del Clavel, 298"," Camino del Clavel, 298 , Fresno de Cantespino , Área de Riaza, Segovia ",,"Área de Riaza, Segovia",2500,,2019-04-13,185000,0,4.0,1,0,1,False,False,True,False,False,False,False,False,False,False,False,False,False,False,False,False,False,False,False,False,False,False,False,False,False,False,False,False,False,False
Anuncio actualizado el 1 de marzo,0,0,2.0,0,0,,no indicado,planta 2ª exterior,0,0,40094872,0,1,Riaza,"Avenida del Doctor Antonio García Tapia, 1"," Avenida del Doctor Antonio García Tapia, 1 , Riaza , Área de Riaza, Segovia ",,"Área de Riaza, Segovia",90,,2019-04-13,185000,0,3.0,0,0,0,False,False,True,False,False,False,False,False,False,False,False,False,False,False,False,False,False,False,False,False,False,False,False,False,False,False,False,False,False,False
Anuncio actualizado el 7 de abril,0,0,1.0,0,0,,en trámite,3 plantas,0,0,82800937,1,,Moral de Hornuez,"Calle Real, 27"," Calle Real, 27 , Moral de Hornuez , Área de Riaza, Segovia ",,"Área de Riaza, Segovia",40,,2019-04-13,30000,0,3.0,0,0,0,False,False,False,True,False,False,False,False,False,False,False,False,False,False,False,False,False,False,False,False,False,False,False,False,False,False,False,False,False,False
Anuncio actualizado el 27 de febrero,0,0,2.0,0,0,,no indicado,1 planta,1,0,84464729,2,,Fresno de Cantespino,Urb. Prado Pinilla," Avenida del chopo s/n , Urb. Prado Pinilla , Fresno de Cantespino , Área de Riaza, Segovia ",Avenida del chopo s/n,"Área de Riaza, Segovia",2500,,2019-04-13,165000,0,3.0,1,0,1,False,False,True,False,False,False,False,False,False,False,False,False,False,False,False,False,False,False,False,False,False,False,False,False,False,False,False,False,False,False
Anuncio actualizado el 19 de diciembre,0,0,1.0,1,0,,en trámite,planta 1ª interior,0,0,30089506,0,0,Riaza,Urb. no," Calle Cava, 16 , Urb. no , Riaza , Área de Riaza, Segovia ","Calle Cava, 16","Área de Riaza, Segovia",87,63,2019-04-13,76000,0,2.0,1,0,0,False,False,True,False,False,False,False,False,False,False,False,False,False,False,False,False,False,False,False,False,False,False,False,False,False,False,True,False,False,False
Anuncio actualizado el 15 de febrero,0,0,1.0,0,0,,no indicado,2 plantas,0,1,37834451,2,,Fresno de Cantespino,"Calle Rincón, 16"," Calle Rincón, 16 , Fresno de Cantespino , Área de Riaza, Segovia ",,"Área de Riaza, Segovia",1394,,2019-04-13,120000,0,3.0,1,0,1,False,False,True,False,False,False,False,False,False,False,False,False,False,False,False,False,False,False,False,False,False,False,False,False,False,False,True,False,False,False
Anuncio actualizado el 7 de abril,0,0,1.0,0,0,,no indicado,,0,0,83296967,1,,Ayllon,"Calle Marco Fluvio, 6"," Calle Marco Fluvio, 6 , Ayllon , Área de Riaza, Segovia ",,"Área de Riaza, Segovia",47,,2019-04-13,30000,0,3.0,0,0,0,False,False,False,True,False,False,False,False,False,False,False,False,False,False,False,False,False,False,False,False,False,False,False,False,False,False,False,False,False,False
Anuncio actualizado el 19 de noviembre,0,0,3.0,1,0,,no indicado,bajo exterior,1,0,27406647,0,1,Riaza,"Camino Turrubuelo, 44"," Camino Turrubuelo, 44 , Riaza , Área de Riaza, Segovia ",,"Área de Riaza, Segovia",160,130,2019-04-13,160000,0,3.0,1,0,1,False,False,True,False,False,False,False,False,False,False,False,False,False,False,False,False,False,False,False,False,False,False,False,False,False,False,False,False,False,False
Anuncio actualizado el 6 de noviembre,0,0,1.0,1,0,,no indicado,bajo exterior,0,0,34412993,0,1,Riaza,Urb. Las Solanas II," Avenida del doctor antonio garcía tapia, 2 , Urb. Las Solanas II , Riaza , Área de Riaza, Segovia ","Avenida del doctor antonio garcía tapia, 2","Área de Riaza, Segovia",73,,2019-04-13,79000,0,1.0,1,0,1,False,False,True,False,False,False,False,False,False,False,False,False,False,False,False,False,True,False,False,False,False,False,False,False,False,False,False,False,False,False
Anuncio actualizado el 7 de abril,0,0,2.0,1,0,,no indicado,planta 2ª exterior,0,1,82560881,0,0,Riaza,Urb. Urbanización Valprado," Avenida Madrid, 4 , Urb. Urbanización Valprado , Riaza , Área de Riaza, Segovia ","Avenida Madrid, 4","Área de Riaza, Segovia",105,90,2019-04-13,155000,0,3.0,1,1,0,False,False,True,False,False,False,False,False,False,True,False,False,False,False,False,True,False,False,False,False,False,False,False,False,False,False,False,False,False,False
Anuncio actualizado el 17 de diciembre,0,0,1.0,1,0,,no indicado,planta 2ª exterior,0,0,1638759,0,1,Riaza,"Calle Medico Valentin Gil, 8"," Calle Medico Valentin Gil, 8 , Riaza , Área de Riaza, Segovia ",,"Área de Riaza, Segovia",43,37,2019-04-13,65000,0,1.0,0,0,1,False,False,True,False,False,False,False,False,False,False,False,False,False,False,False,False,True,False,False,False,False,False,False,False,False,False,False,False,False,False
Anuncio actualizado el 7 de abril,0,0,2.0,1,0,,no indicado,2 plantas,1,1,1686872,5,,Ayllon,"Calle Maria de Garay, 27"," Calle Maria de Garay, 27 , Ayllon , Área de Riaza, Segovia ",,"Área de Riaza, Segovia",40,100,2019-04-13,165000,0,4.0,0,0,1,False,False,True,False,False,False,False,False,False,False,False,False,False,False,False,False,False,False,False,False,False,False,False,False,False,False,False,False,False,False
Anuncio actualizado el 7 de abril,0,1,1.0,1,0,,no indicado,planta 2ª exterior,1,0,1808455,0,1,Riaza,"Calle Val Bajo, 5"," Calle Val Bajo, 5 , Riaza , Área de Riaza, Segovia ",,"Área de Riaza, Segovia",89,87,2019-04-13,140000,0,2.0,0,0,1,False,False,True,False,False,False,False,True,False,False,False,False,False,False,False,False,False,False,False,False,False,False,False,False,False,False,False,False,False,False
Anuncio actualizado el 7 de abril,0,0,1.0,1,0,,no indicado,planta 3ª exterior,0,0,2089431,6,0,Riaza,"Calle las Damas, 40"," Calle las Damas, 40 , Riaza , Área de Riaza, Segovia ",,"Área de Riaza, Segovia",81,67,2019-04-13,95000,0,2.0,0,0,0,False,False,True,False,False,False,False,False,False,False,False,False,False,False,False,False,False,False,False,False,False,False,False,False,False,False,False,False,False,False
Anuncio actualizado el 19 de febrero,0,0,1.0,0,0,,no indicado,3 plantas,0,0,34399835,1,,Ayllon,"Calle cantarranas, 1"," Calle cantarranas, 1 , Ayllon , Área de Riaza, Segovia ",,"Área de Riaza, Segovia",800,,2019-04-13,25000,0,4.0,0,0,0,False,False,False,True,False,False,False,False,False,False,False,False,False,False,False,False,True,False,False,False,False,False,False,False,False,False,False,False,False,False
Anuncio actualizado el 25 de febrero,0,0,2.0,0,1,,no indicado,2 plantas,1,1,37359285,1,,Ayllon,"Calle Cercas, 5 y 7"," Calle Cercas, 5 y 7 , Ayllon , Área de Riaza, Segovia ",,"Área de Riaza, Segovia",500,,2019-04-13,99990,0,7.0,1,0,0,False,False,True,False,False,False,False,False,False,False,False,False,False,False,False,False,False,False,False,False,False,False,False,False,False,False,False,False,True,False
Anuncio actualizado el 11 de marzo,0,0,1.0,0,0,,no indicado,2 plantas,0,0,37711649,1,,Cedillo de la Torre,"Calle Terrero, 2"," Calle Terrero, 2 , Cedillo de la Torre , Área de Riaza, Segovia ",,"Área de Riaza, Segovia",250,,2019-04-13,30000,0,5.0,0,0,0,False,False,False,True,False,False,False,False,False,False,False,False,False,False,False,False,False,False,False,False,False,False,False,False,False,False,True,False,False,False
Anuncio actualizado el 24 de febrero,0,0,2.0,0,0,,no indicado,2 plantas,1,1,31470636,2,,Fresno de Cantespino,Urb. PRADO PINILLA," Camino del rosal, 201 , Urb. PRADO PINILLA , Fresno de Cantespino , Área de Riaza, Segovia ","Camino del rosal, 201","Área de Riaza, Segovia",2500,120,2019-04-13,159000,0,3.0,1,0,1,False,False,True,False,False,False,False,False,False,False,False,False,False,False,False,False,False,False,False,False,False,False,False,False,False,False,False,False,False,False
Anuncio actualizado el 11 de febrero,0,1,1.0,0,0,,no indicado,2 plantas,1,0,40236623,1,,Moral de Hornuez,"Calle del Peñasco, 3"," Calle del Peñasco, 3 , Moral de Hornuez , Área de Riaza, Segovia ",,"Área de Riaza, Segovia",148,,2019-04-13,18000,0,5.0,0,0,0,False,False,False,True,False,False,False,False,False,False,False,False,False,False,False,False,False,False,False,False,False,False,False,False,False,False,False,False,False,False
Anuncio actualizado el 6 de marzo,0,0,1.0,1,0,,en trámite,planta 2ª exterior,0,1,81353514,0,1,Riaza,"Calle Eugenio Hernanz Gómez, 9"," Calle Eugenio Hernanz Gómez, 9 , Riaza , Área de Riaza, Segovia ",,"Área de Riaza, Segovia",73,,2019-04-13,110000,1,2.0,0,1,0,False,False,True,False,False,False,False,False,False,False,False,False,False,False,False,False,False,False,False,False,False,False,False,False,False,False,False,False,False,False
Anuncio actualizado el 31 de marzo,0,0,2.0,1,0,,no indicado,,0,0,423203,4,,Fresno de Cantespino,"Calle San Juan, 47"," Calle San Juan, 47 , Fresno de Cantespino , Área de Riaza, Segovia ",,"Área de Riaza, Segovia",145,,2019-04-13,100000,0,3.0,0,0,0,False,False,True,False,False,False,False,False,False,False,False,False,False,False,False,False,False,False,False,False,False,False,False,False,False,False,False,False,False,False
Anuncio actualizado el 31 de marzo,0,0,3.0,0,0,,no indicado,4 plantas,0,1,32299077,2,,Ayllon,"Calle del hermanamiento, 11"," Calle del hermanamiento, 11 , Ayllon , Área de Riaza, Segovia ",,"Área de Riaza, Segovia",300,,2019-04-13,350000,0,5.0,0,0,1,False,False,True,False,False,False,False,False,False,False,False,False,False,False,False,False,False,False,False,False,False,False,False,False,False,False,False,False,False,False
Anuncio actualizado el 23 de diciembre,0,0,1.0,0,0,,no indicado,bajo exterior,1,0,34428227,0,1,Riaza,"Calle val bajo, 9"," Calle val bajo, 9 , Riaza , Área de Riaza, Segovia ",,"Área de Riaza, Segovia",90,,2019-04-13,105000,0,2.0,0,0,0,False,False,True,False,False,False,False,False,False,False,False,False,False,False,False,False,False,False,False,False,False,False,False,False,False,False,False,False,False,False
Anuncio actualizado el 20 de diciembre,0,0,2.0,0,0,1992,en trámite,planta 3ª exterior,0,0,35025456,6,0,Riaza,," , Riaza , Área de Riaza, Segovia ",,"Área de Riaza, Segovia",73,60,2019-04-13,60000,0,2.0,0,0,0,False,False,True,False,False,False,False,False,False,False,False,False,False,False,False,False,False,False,False,False,False,False,False,False,True,False,False,False,False,False
Anuncio actualizado el 20 de diciembre,0,0,2.0,0,0,1982,,,1,1,81733344,7,,Riaza,," , Riaza , Área de Riaza, Segovia ",,"Área de Riaza, Segovia",727,96,2019-04-13,153000,0,3.0,1,1,1,False,False,False,False,False,False,False,False,False,False,False,False,False,False,True,False,False,False,False,False,False,False,False,False,False,False,False,False,False,False
Anuncio actualizado el 9 de enero,0,0,4.0,0,0,,en trámite,2 plantas,0,0,83756150,2,,Fresno de Cantespino,"Calle de San Nicolás, 1"," Calle de San Nicolás, 1 , Fresno de Cantespino , Área de Riaza, Segovia ",,"Área de Riaza, Segovia",235,,2019-04-13,98000,0,4.0,0,0,0,False,False,False,True,False,False,False,False,False,False,False,False,False,False,False,False,False,False,False,False,False,False,False,False,False,False,False,True,False,False
Anuncio actualizado el 7 de febrero,0,0,1.0,0,0,,en trámite,,0,0,81871088,0,0,Campo de San Pedro,," , Campo de San Pedro , Área de Riaza, Segovia ",,"Área de Riaza, Segovia",122,100,2019-04-13,53200,0,4.0,0,0,0,False,False,False,False,False,False,False,False,False,False,False,False,False,False,False,False,False,False,False,False,False,False,False,False,False,False,False,False,False,False
Anuncio actualizado el 25 de marzo,0,0,1.0,0,0,,,planta 3ª,1,0,81947166,0,1,Riaza,Calle Val Bajo," Calle Val Bajo , Riaza , Área de Riaza, Segovia ",,"Área de Riaza, Segovia",115,91,2019-04-13,136900,0,2.0,0,0,0,False,False,True,False,False,False,False,False,False,False,False,False,False,False,False,False,False,False,False,False,False,False,False,False,False,False,False,False,False,False
Anuncio actualizado el 24 de marzo,0,0,2.0,1,0,,no indicado,entreplanta exterior,1,1,1728850,0,1,Riaza,Urb. pRADO DE LOS ROBLES," Calle Eugenio Hernanz Gómez, 8 , Urb. pRADO DE LOS ROBLES , Riaza , Área de Riaza, Segovia ","Calle Eugenio Hernanz Gómez, 8","Área de Riaza, Segovia",100,90,2019-04-13,150000,0,3.0,1,1,1,False,False,True,False,False,False,False,False,False,False,False,False,False,False,False,False,False,False,False,False,False,False,False,False,False,False,False,True,False,False
Anuncio actualizado el 14 de marzo,0,0,1.0,1,0,,no indicado,bajo interior,0,1,1741274,0,1,Riaza,"Avenida Doctor Antonio García Tapia, 1"," Avenida Doctor Antonio García Tapia, 1 , Riaza , Área de Riaza, Segovia ",,"Área de Riaza, Segovia",64,58,2019-04-13,65600,0,1.0,1,0,1,False,False,True,False,False,False,False,False,False,False,False,False,False,False,True,False,False,False,False,False,False,False,False,False,False,False,False,False,False,False
Anuncio actualizado el 7 de abril,0,0,2.0,1,0,2012,no indicado,3 plantas,0,0,378113,2,,Riaza,Urb. alquite," Calle Callejón s/n , Urb. alquite , Riaza , Área de Riaza, Segovia ",Calle Callejón s/n,"Área de Riaza, Segovia",111,,2019-04-13,119000,0,3.0,1,0,0,False,False,True,False,False,False,False,True,False,False,False,False,False,False,True,False,False,False,False,False,False,False,False,False,False,False,False,False,False,False
Anuncio actualizado el 11 de febrero,0,0,1.0,0,0,,no indicado,2 plantas,1,1,1884639,2,,Alconada de Maderuelo,"Calle Fresco, 4"," Calle Fresco, 4 , Alconada de Maderuelo , Área de Riaza, Segovia ",,"Área de Riaza, Segovia",270,220,2019-04-13,39000,0,4.0,1,0,1,False,False,False,True,False,False,False,False,False,False,False,False,False,False,True,False,False,False,False,False,False,False,False,False,False,False,False,False,False,False
Anuncio actualizado el 1 de abril,0,0,2.0,1,0,,no indicado,2 plantas,1,0,1894321,4,,Ayllon,"Calle Encinas, 12"," Calle Encinas, 12 , Ayllon , Área de Riaza, Segovia ",,"Área de Riaza, Segovia",150,,2019-04-13,160000,0,4.0,1,0,0,False,False,True,False,False,False,False,False,False,False,True,False,False,False,False,False,False,False,False,False,False,False,False,False,False,False,False,True,False,False
Anuncio actualizado el 7 de abril,0,0,3.0,1,0,,no indicado,3 plantas,0,0,1905987,4,,Riaza,"Calle Real, 6"," Calle Real, 6 , Riaza , Área de Riaza, Segovia ",,"Área de Riaza, Segovia",161,,2019-04-13,200000,0,5.0,0,0,0,False,False,True,False,False,False,False,False,False,False,False,False,False,False,False,False,False,False,False,False,False,False,False,False,False,False,False,False,False,False
Anuncio actualizado el 7 de abril,0,0,2.0,1,0,,no indicado,planta 2ª exterior,0,0,1966213,8,0,Riaza,"Calle Médico Valentín Gil, 8"," Calle Médico Valentín Gil, 8 , Riaza , Área de Riaza, Segovia ",,"Área de Riaza, Segovia",82,,2019-04-13,90000,0,3.0,1,0,0,False,False,True,False,False,False,False,False,False,False,False,False,False,False,False,False,False,False,False,False,False,False,False,False,False,False,False,False,False,False
Anuncio actualizado el 8 de abril,0,0,1.0,0,0,,no indicado,planta 2ª exterior,1,0,2084151,8,0,Campo de San Pedro,"Carretera Riahuelas, 3"," Carretera Riahuelas, 3 , Campo de San Pedro , Área de Riaza, Segovia ",,"Área de Riaza, Segovia",200,,2019-04-13,60000,0,5.0,1,0,0,False,False,False,True,False,False,False,False,False,False,False,False,False,False,False,False,False,False,False,False,False,False,False,False,False,False,False,False,False,False
Anuncio actualizado el 12 de marzo,0,0,1.0,0,0,,no indicado,1 planta,1,0,2135785,2,,Fresno de Cantespino,Urb. rihauelas (fresno de cantespino)," Travesía Real, 6 , Urb. rihauelas (fresno de cantespino) , Fresno de Cantespino , Área de Riaza, Segovia ","Travesía Real, 6","Área de Riaza, Segovia",110,,2019-04-13,52000,0,6.0,0,0,0,False,False,False,True,False,False,False,False,False,False,False,False,False,False,False,False,False,False,False,False,False,False,False,False,False,False,False,False,False,False
Anuncio actualizado el 13 de enero,0,0,1.0,1,0,,no indicado,planta 1ª exterior,0,0,26152470,0,1,Riaza,"Calle Valentin Gil, 8"," Calle Valentin Gil, 8 , Riaza , Área de Riaza, Segovia ",,"Área de Riaza, Segovia",50,45,2019-04-13,68000,0,1.0,0,0,1,False,False,True,False,False,False,False,False,False,False,False,False,False,False,False,False,False,False,False,False,False,False,False,False,False,False,False,False,False,False
Anuncio actualizado el 17 de marzo,0,0,2.0,1,0,,no indicado,planta 3ª exterior,1,1,1750531,6,1,Riaza,Urb. mirador riaza," Avenida Madrid, 8 , Urb. mirador riaza , Riaza , Área de Riaza, Segovia ","Avenida Madrid, 8","Área de Riaza, Segovia",92,75,2019-04-13,115000,0,2.0,0,1,1,False,False,True,False,False,False,False,False,False,False,False,False,False,False,False,False,False,False,False,False,False,False,False,False,False,False,False,False,False,False
Anuncio actualizado el 8 de abril,0,0,2.0,1,0,,,2 plantas,1,1,26614946,5,,Riaza,"Calle Colonia Masacor, 12"," Calle Colonia Masacor, 12 , Riaza , Área de Riaza, Segovia ",,"Área de Riaza, Segovia",507,100,2019-04-13,155500,0,3.0,0,0,1,False,False,True,False,False,False,False,False,False,False,False,False,False,False,False,False,False,False,False,False,False,False,False,False,False,False,False,False,False,False
Anuncio actualizado el 27 de marzo,0,0,1.0,0,1,,no indicado,1 planta,1,1,27130107,1,,Riaguas de San Bartolomé,"Barriejo, 6"," Barriejo, 6 , Riaguas de San Bartolomé , Área de Riaza, Segovia ",,"Área de Riaza, Segovia",400,100,2019-04-13,65000,0,3.0,1,0,0,False,False,True,False,False,False,False,False,False,False,False,False,False,False,False,False,False,True,False,False,False,False,False,False,False,False,False,False,False,False
Anuncio actualizado el 30 de diciembre,0,0,2.0,1,0,,no indicado,planta 2ª exterior,0,1,27803829,0,0,Riaza,Urb. Valprado," Avenida Madrid, 4 , Urb. Valprado , Riaza , Área de Riaza, Segovia ","Avenida Madrid, 4","Área de Riaza, Segovia",105,95,2019-04-13,155000,0,3.0,0,1,0,False,False,True,False,False,False,False,False,False,False,False,False,False,False,True,False,False,False,False,False,False,False,False,False,False,False,False,False,False,False
Anuncio actualizado el 8 de enero,0,0,2.0,1,0,,no indicado,2 plantas,0,0,28908523,5,,Campo de San Pedro,"Carretera Maderuelo, 29 -A"," Carretera Maderuelo, 29 -A , Campo de San Pedro , Área de Riaza, Segovia ",,"Área de Riaza, Segovia",64,92,2019-04-13,67995,0,3.0,0,0,0,False,False,True,False,False,False,False,False,False,False,False,False,False,False,False,False,False,True,False,False,False,False,False,False,False,False,False,False,False,False
Anuncio actualizado el 25 de marzo,0,0,3.0,1,0,,no indicado,2 plantas,0,0,29019686,4,,Riaguas de San Bartolomé,"Calle Barriejo, 16"," Calle Barriejo, 16 , Riaguas de San Bartolomé , Área de Riaza, Segovia ",,"Área de Riaza, Segovia",100,,2019-04-13,225000,0,4.0,0,0,1,False,False,True,False,False,False,False,False,False,False,False,False,False,False,False,False,False,False,False,False,False,False,False,False,False,False,False,False,False,False
Anuncio actualizado el 13 de enero,0,0,1.0,1,0,,en trámite,planta 2ª exterior,1,0,29148737,0,1,Riaza,"Calle Val Bajo, 5"," Calle Val Bajo, 5 , Riaza , Área de Riaza, Segovia ",,"Área de Riaza, Segovia",55,,2019-04-13,125000,0,1.0,0,0,1,False,False,True,False,False,False,False,False,False,False,False,False,False,False,False,False,False,False,False,False,False,False,False,False,False,False,False,False,False,False
Anuncio actualizado el 4 de noviembre,0,0,1.0,1,0,,no indicado,planta 1ª exterior,1,1,29393113,0,1,Riaza,"Calle Eugenio Hernanz Gómez, 7"," Calle Eugenio Hernanz Gómez, 7 , Riaza , Área de Riaza, Segovia ",,"Área de Riaza, Segovia",90,85,2019-04-13,90000,0,2.0,1,1,0,False,False,True,False,False,False,False,False,False,False,False,False,False,False,False,False,False,False,False,False,False,False,False,False,False,False,False,False,False,False
Anuncio actualizado el 9 de abril,0,0,0.0,0,0,,en trámite,2 plantas,1,1,29989588,3,,Ayllon,"Calle Antonio Alonso, 13"," Calle Antonio Alonso, 13 , Ayllon , Área de Riaza, Segovia ",,"Área de Riaza, Segovia",150,200,2019-04-13,19000,0,1.0,0,0,0,False,False,False,True,False,False,False,False,False,False,False,False,False,False,False,False,False,False,False,False,False,False,False,False,False,False,True,False,False,False
Anuncio actualizado el 7 de abril,0,0,2.0,1,0,,no indicado,2 plantas,1,1,30068853,4,,Ayllon,"Calle de Doña María de Garay, 3"," Calle de Doña María de Garay, 3 , Ayllon , Área de Riaza, Segovia ",,"Área de Riaza, Segovia",138,,2019-04-13,165000,0,4.0,0,0,1,False,False,True,False,True,False,False,False,False,False,False,False,False,False,False,False,False,False,False,False,False,False,False,False,False,False,False,False,False,False
Anuncio actualizado el 27 de enero,0,0,1.0,0,0,,en trámite,2 plantas,0,0,31125621,3,,Aldealengua de Santa Maria,Calle de los huertos s/n," Calle de los huertos s/n , Aldealengua de Santa Maria , Área de Riaza, Segovia ",,"Área de Riaza, Segovia",2400,,2019-04-13,250000,0,3.0,0,0,0,False,False,True,False,False,False,False,False,False,False,False,False,False,False,False,False,False,False,False,False,False,False,False,False,False,False,True,False,False,False
Anuncio actualizado el 13 de marzo,0,0,2.0,1,0,,no indicado,bajo interior,1,1,33023568,0,1,Riaza,Urb. monte hernaz," Calle emilia de pablo gonzalez, 3 , Urb. monte hernaz , Riaza , Área de Riaza, Segovia ","Calle emilia de pablo gonzalez, 3","Área de Riaza, Segovia",107,90,2019-04-13,159000,0,3.0,0,1,0,False,False,True,False,False,False,False,False,False,False,False,False,False,False,True,False,False,False,False,False,False,False,False,False,False,False,False,False,False,False
Anuncio actualizado el 15 de febrero,0,0,1.0,1,0,,en trámite,bajo exterior,0,0,33983228,0,0,Riaza,"Calle val bajo, 10"," Calle val bajo, 10 , Riaza , Área de Riaza, Segovia ",,"Área de Riaza, Segovia",70,,2019-04-13,90000,0,2.0,0,0,1,False,False,True,False,False,False,False,False,False,False,False,False,False,False,False,False,False,False,False,False,False,False,False,False,False,False,True,False,False,False
Anuncio actualizado el 15 de marzo,1,0,2.0,0,0,,,,1,1,83783171,7,,Riaza,," , Riaza , Área de Riaza, Segovia ",,"Área de Riaza, Segovia",141,,2019-04-13,155000,0,4.0,0,0,0,False,False,False,False,False,False,False,False,False,False,False,False,False,False,False,False,False,False,False,False,False,False,False,False,False,False,False,False,False,False
Anuncio actualizado el 26 de marzo,0,0,3.0,1,0,,,3 plantas,1,1,25473733,4,,Riaza,"Calle de Navachicera, 38"," Calle de Navachicera, 38 , Riaza , Área de Riaza, Segovia ",,"Área de Riaza, Segovia",20,,2019-04-13,165000,0,3.0,1,0,1,False,False,True,False,False,False,False,False,False,False,False,False,False,False,False,False,False,False,False,False,False,False,False,False,False,False,False,False,False,False
Anuncio actualizado el 3 de febrero,0,0,1.0,1,0,,en trámite,planta 1ª exterior,0,0,33385342,0,1,Riaza,"Calle médico valentín gil, 8"," Calle médico valentín gil, 8 , Riaza , Área de Riaza, Segovia ",,"Área de Riaza, Segovia",42,40,2019-04-13,45000,0,1.0,0,0,0,False,False,True,False,False,False,False,False,False,False,False,False,False,False,False,False,False,False,False,False,False,False,False,False,False,False,False,False,False,False
Anuncio actualizado el 7 de abril,0,0,2.0,1,0,,en trámite,planta 3ª exterior,0,0,36698250,0,1,Riaza,"Calle Barrio Nuevo, 2 A"," Calle Barrio Nuevo, 2 A , Riaza , Área de Riaza, Segovia ",,"Área de Riaza, Segovia",77,,2019-04-13,80000,0,3.0,1,0,1,False,False,True,False,False,False,False,False,False,False,False,False,False,False,False,False,False,False,False,False,False,False,False,False,True,False,False,False,False,False
Anuncio actualizado el 7 de abril,0,0,1.0,1,0,,no indicado,planta 3ª exterior,0,1,81222241,6,0,Riaza,Urb. LOS PICOS," Avenida Madrid, 6 , Urb. LOS PICOS , Riaza , Área de Riaza, Segovia ","Avenida Madrid, 6","Área de Riaza, Segovia",50,45,2019-04-13,75000,0,1.0,0,1,1,False,False,True,False,False,False,False,True,False,False,False,False,False,False,False,False,False,False,False,False,False,False,False,False,False,False,False,False,False,False
Anuncio actualizado el 22 de marzo,0,0,1.0,1,0,,no indicado,planta 3ª,1,0,83451091,0,1,Riaza,"Calle Val Bajo, 5"," Calle Val Bajo, 5 , Riaza , Área de Riaza, Segovia ",,"Área de Riaza, Segovia",75,56,2019-04-13,98900,0,1.0,0,0,0,False,False,False,False,False,False,False,False,False,False,False,False,False,False,False,False,False,False,False,False,False,False,False,False,False,False,False,False,False,False
Anuncio actualizado el 31 de marzo,0,1,1.0,0,0,,,planta 1ª exterior,0,0,83729868,0,0,Riaza,Calle Cava," Calle Cava , Riaza , Área de Riaza, Segovia ",,"Área de Riaza, Segovia",105,,2019-04-13,61000,0,4.0,1,0,0,False,False,True,False,False,False,False,True,False,False,False,False,False,False,False,False,False,False,False,False,False,False,False,False,False,False,True,False,False,False
Anuncio actualizado el 14 de marzo,0,0,2.0,0,0,,,bajo exterior,0,0,83730021,8,0,Riaza,Calle Cava," Calle Cava , Riaza , Área de Riaza, Segovia ",,"Área de Riaza, Segovia",113,,2019-04-13,65000,0,4.0,0,0,0,False,False,True,False,False,False,False,False,False,False,False,False,False,False,False,False,False,False,False,False,False,False,False,False,False,False,True,False,False,False
Anuncio actualizado el 5 de marzo,0,0,3.0,0,0,,no indicado,,0,1,84532506,4,,Riaza,"Calle Navachicero, 24"," Calle Navachicero, 24 , Riaza , Área de Riaza, Segovia ",,"Área de Riaza, Segovia",160,,2019-04-13,100000,0,3.0,0,0,0,False,False,False,True,False,False,False,False,False,False,False,False,False,False,False,False,False,False,False,False,False,False,False,False,False,False,False,False,False,False
Anuncio actualizado el 23 de marzo,0,0,1.0,1,0,,no indicado,planta 3ª,0,0,84641579,0,1,Riaza,"Calle Val Bajo, 5"," Calle Val Bajo, 5 , Riaza , Área de Riaza, Segovia ",,"Área de Riaza, Segovia",75,56,2019-04-13,80000,0,1.0,0,0,0,False,False,False,False,False,False,False,False,False,False,False,False,False,False,False,False,False,False,False,False,False,False,False,False,False,False,False,False,False,False
Anuncio actualizado el 23 de marzo,0,0,1.0,1,0,,no indicado,bajo,1,0,84641580,0,1,Riaza,"Calle Val Bajo, 7"," Calle Val Bajo, 7 , Riaza , Área de Riaza, Segovia ",,"Área de Riaza, Segovia",130,99,2019-04-13,148900,0,2.0,0,0,0,False,False,False,False,False,False,False,False,False,False,False,False,False,False,False,False,False,False,False,False,False,False,False,False,False,False,False,False,False,False
Anuncio actualizado el 31 de marzo,0,0,1.0,1,0,,no indicado,planta 2ª exterior,0,0,346027,0,1,Riaza,Urb. edificio el abeto residencial sla," Calle Estacion de la Pinilla, 1 , Urb. edificio el abeto residencial sla , Riaza , Área de Riaza, Segovia ","Calle Estacion de la Pinilla, 1","Área de Riaza, Segovia",49,,2019-04-13,69000,0,1.0,1,0,0,False,False,True,False,False,False,False,False,False,False,False,False,False,False,False,False,False,False,False,False,False,False,False,False,False,False,False,False,False,False
Anuncio actualizado el 7 de abril,0,0,1.0,1,0,,no indicado,4 plantas,0,0,2017755,4,,Maderuelo,"Plaza San Miguel, 3"," Plaza San Miguel, 3 , Maderuelo , Área de Riaza, Segovia ",,"Área de Riaza, Segovia",253,,2019-04-13,160000,0,6.0,1,0,0,False,False,True,False,False,False,False,False,False,False,False,False,False,False,False,False,False,False,False,False,False,False,False,False,False,False,False,False,False,False
Anuncio actualizado el 7 de noviembre,0,0,2.0,1,0,,no indicado,2 plantas,0,1,25513552,2,,Fresno de Cantespino,Urb. Prado Pinilla," Calle del Rebollo, 31 , Urb. Prado Pinilla , Fresno de Cantespino , Área de Riaza, Segovia ","Calle del Rebollo, 31","Área de Riaza, Segovia",1000,,2019-04-13,159000,0,4.0,0,0,1,False,False,True,False,False,False,False,False,False,False,False,False,False,False,False,False,False,False,False,False,False,False,False,False,False,False,False,False,False,True
Anuncio actualizado el 1 de enero,0,0,1.0,1,0,,,planta 2ª exterior,1,0,25966737,0,1,Riaza,"Calle Val Bajo, 2"," Calle Val Bajo, 2 , Riaza , Área de Riaza, Segovia ",,"Área de Riaza, Segovia",85,80,2019-04-13,155000,0,2.0,1,0,0,False,False,True,False,False,False,False,False,False,False,False,False,False,False,True,False,False,False,False,False,False,False,False,False,False,False,False,False,False,False
Anuncio actualizado el 19 de febrero,0,0,2.0,1,0,,no indicado,1 planta,1,1,26849523,2,,Fresno de Cantespino,Urb. PRADO PINILLA," Camino del Castaño, 625 , Urb. PRADO PINILLA , Fresno de Cantespino , Área de Riaza, Segovia ","Camino del Castaño, 625","Área de Riaza, Segovia",2500,,2019-04-13,240000,0,3.0,1,1,1,False,False,True,False,False,False,False,False,False,False,False,False,False,False,False,False,False,False,True,False,False,False,False,False,False,False,False,False,False,False
Anuncio actualizado el 10 de abril,0,0,2.0,1,0,,en trámite,planta 2ª exterior,1,1,30456809,0,1,Riaza,"Calle Eugenio Hernanz Gómez, 7"," Calle Eugenio Hernanz Gómez, 7 , Riaza , Área de Riaza, Segovia ",,"Área de Riaza, Segovia",97,,2019-04-13,155000,0,3.0,1,1,0,False,False,True,False,False,False,False,False,False,False,False,False,False,False,False,False,False,False,False,False,False,False,False,False,False,False,False,False,False,False
Anuncio actualizado el 1 de febrero,0,0,2.0,1,0,,en trámite,planta 1ª exterior,0,0,30849651,0,0,Riaza,"Travesía mayor, 2"," Travesía mayor, 2 , Riaza , Área de Riaza, Segovia ",,"Área de Riaza, Segovia",97,,2019-04-13,110000,0,3.0,0,0,1,False,False,True,False,False,False,False,False,False,False,False,False,False,False,True,False,False,False,False,False,False,False,False,False,False,False,False,False,False,False
Anuncio actualizado el 11 de febrero,0,0,1.0,1,0,,en trámite,planta 1ª exterior,0,0,33117583,0,0,Riaza,"Calle médico valentín gil, 8"," Calle médico valentín gil, 8 , Riaza , Área de Riaza, Segovia ",,"Área de Riaza, Segovia",95,,2019-04-13,65000,0,3.0,0,0,1,False,False,True,False,False,False,False,False,False,False,False,False,False,False,False,False,False,False,False,False,False,False,False,False,False,False,True,False,False,False
Anuncio actualizado el 11 de febrero,0,0,1.0,0,0,,en trámite,1 planta,0,0,33217181,2,,Sequera de Fresno,"Calle alberca, 16"," Calle alberca, 16 , Sequera de Fresno , Área de Riaza, Segovia ",,"Área de Riaza, Segovia",160,,2019-04-13,35000,0,3.0,1,0,0,False,False,False,True,False,False,False,False,False,False,False,False,False,False,False,False,False,False,False,False,False,False,False,False,False,False,False,False,False,False
Anuncio actualizado el 18 de febrero,0,0,1.0,1,0,,en trámite,planta 2ª exterior,1,1,34042392,0,1,Riaza,"Calle eugenio hernanz gómez, 7"," Calle eugenio hernanz gómez, 7 , Riaza , Área de Riaza, Segovia ",,"Área de Riaza, Segovia",85,,2019-04-13,120000,0,2.0,1,1,1,False,False,True,False,False,False,False,False,False,False,False,False,False,False,False,False,False,False,False,False,False,False,False,False,True,False,False,False,False,False
Anuncio actualizado el 14 de febrero,0,0,3.0,1,0,,en trámite,planta 1ª exterior,0,0,34213547,8,0,Riaza,"Calle gran vía, 22"," Calle gran vía, 22 , Riaza , Área de Riaza, Segovia ",,"Área de Riaza, Segovia",145,,2019-04-13,129000,0,3.0,0,0,1,False,False,True,False,False,False,False,False,False,False,False,False,False,False,False,False,False,False,False,False,False,False,False,False,False,False,True,False,False,False
Anuncio actualizado el 7 de abril,0,0,1.0,1,0,,no indicado,1 planta,1,1,34305433,2,,Campo de San Pedro,"Calle san fernando, 8"," Calle san fernando, 8 , Campo de San Pedro , Área de Riaza, Segovia ",,"Área de Riaza, Segovia",400,,2019-04-13,115000,0,3.0,1,0,1,False,False,True,False,False,False,False,False,False,False,False,False,False,False,False,False,False,False,False,False,False,False,False,False,False,False,False,False,False,False
Anuncio actualizado el 4 de enero,0,0,2.0,0,0,,en trámite,planta 2ª exterior,0,0,36415192,0,0,Riaza,"Calle descansadero, 3"," Calle descansadero, 3 , Riaza , Área de Riaza, Segovia ",,"Área de Riaza, Segovia",198,,2019-04-13,95000,0,5.0,1,0,0,False,False,False,True,False,False,False,False,False,False,False,False,False,False,False,False,False,False,False,False,False,False,False,False,False,False,False,False,False,False
Anuncio actualizado el 10 de diciembre,0,0,2.0,1,0,,en trámite,planta 2ª exterior,0,0,36888798,8,0,Riaza,"Calle Médico Valentín Gil, 10"," Calle Médico Valentín Gil, 10 , Riaza , Área de Riaza, Segovia ",,"Área de Riaza, Segovia",85,,2019-04-13,120000,0,3.0,0,0,0,False,False,True,False,False,False,False,False,False,False,False,False,False,False,False,False,False,False,False,False,False,False,False,False,False,False,False,False,False,False
Anuncio actualizado el 10 de diciembre,0,0,1.0,1,0,,en trámite,planta 1ª exterior,0,0,36898125,0,0,Riaza,"Calle Médico Valentín Gil, 10"," Calle Médico Valentín Gil, 10 , Riaza , Área de Riaza, Segovia ",,"Área de Riaza, Segovia",90,,2019-04-13,120000,0,3.0,0,0,1,False,False,True,False,False,False,False,False,False,False,False,False,False,False,False,False,False,False,False,False,False,False,False,False,False,False,False,False,False,False
Anuncio actualizado el 10 de marzo,0,0,2.0,1,0,,,2 plantas,1,1,28553520,4,,Riaza,"Carretera de Hontanares, 15"," Carretera de Hontanares, 15 , Riaza , Área de Riaza, Segovia ",,"Área de Riaza, Segovia",1000,130,2019-04-13,298000,0,3.0,1,1,1,False,False,True,False,False,False,False,False,False,False,False,False,False,False,False,False,False,False,False,False,False,False,False,False,False,False,True,False,False,False
Anuncio actualizado el 22 de enero,0,0,1.0,1,0,,en trámite,,0,1,38333051,1,,Fresno de Cantespino,"Plaza Alegria, 7"," Plaza Alegria, 7 , Fresno de Cantespino , Área de Riaza, Segovia ",,"Área de Riaza, Segovia",55,,2019-04-13,59000,0,3.0,1,0,1,False,False,False,True,False,False,False,False,False,False,False,False,False,False,False,False,False,False,False,False,False,False,False,False,False,False,False,False,False,False
Anuncio actualizado el 11 de marzo,0,0,1.0,1,0,,en trámite,planta 3ª exterior,0,0,38419860,6,0,Riaza,"Calle Cervantes, 60"," Calle Cervantes, 60 , Riaza , Área de Riaza, Segovia ",,"Área de Riaza, Segovia",50,,2019-04-13,70000,0,2.0,1,0,0,False,False,True,False,False,False,False,False,False,False,False,False,False,False,False,False,False,False,False,False,False,False,False,False,False,False,False,False,False,False
Anuncio actualizado el 10 de abril,0,0,2.0,0,1,,en trámite,,0,0,39025850,1,,Fresno de Cantespino,"Calle de San Juan, 51"," Calle de San Juan, 51 , Fresno de Cantespino , Área de Riaza, Segovia ",,"Área de Riaza, Segovia",230,,2019-04-13,36000,0,4.0,1,0,0,False,False,False,True,False,False,False,False,False,False,False,False,False,False,False,False,False,False,False,False,False,False,False,False,False,False,False,False,False,False
Anuncio actualizado el 4 de marzo,0,1,2.0,0,1,,no indicado,3 plantas,1,0,39504444,3,,Ayllon,"Calle Egido, 12 C"," Calle Egido, 12 C , Ayllon , Área de Riaza, Segovia ",,"Área de Riaza, Segovia",1500,200,2019-04-13,150000,0,5.0,0,0,0,False,False,True,False,False,False,False,False,False,False,False,False,False,False,False,True,False,False,False,False,False,False,False,False,False,False,False,False,False,False
Anuncio actualizado el 18 de marzo,0,0,1.0,0,1,,en trámite,2 plantas,0,0,40328410,1,,Riaza,Calle Enmedio s/n," Calle Enmedio s/n , Riaza , Área de Riaza, Segovia ",,"Área de Riaza, Segovia",98,68,2019-04-13,102000,0,2.0,0,0,1,False,False,True,False,False,False,False,False,True,False,False,False,False,False,False,False,False,False,False,False,False,False,False,False,False,False,False,False,False,False
Anuncio actualizado el 12 de diciembre,0,0,2.0,1,0,,,planta 1ª exterior,0,0,81660455,0,1,Riaza,"Bajada Calzada, 1"," Bajada Calzada, 1 , Riaza , Área de Riaza, Segovia ",,"Área de Riaza, Segovia",90,78,2019-04-13,109000,0,3.0,0,0,1,False,False,True,False,False,False,False,False,False,False,False,False,False,False,False,False,False,False,False,False,False,False,False,False,False,False,False,False,False,False
Anuncio actualizado el 27 de marzo,0,0,2.0,0,0,,,planta 2ª,0,0,81946581,0,0,Riaza,Calle Ricardo Provencio," Calle Ricardo Provencio , Riaza , Área de Riaza, Segovia ",,"Área de Riaza, Segovia",120,98,2019-04-13,98000,0,3.0,0,0,0,False,False,True,False,False,False,False,False,False,False,False,False,False,False,False,False,False,False,False,False,False,False,False,False,False,False,False,False,False,False
Anuncio actualizado el 18 de febrero,0,1,2.0,1,0,1860,no indicado,2 plantas,1,1,81966679,1,,Ayllon,"Calle Medio, 17"," Calle Medio, 17 , Ayllon , Área de Riaza, Segovia ",,"Área de Riaza, Segovia",140,160,2019-04-13,105000,0,3.0,1,0,0,False,False,True,False,False,False,False,True,False,False,False,False,False,False,False,False,False,False,False,False,False,False,False,False,False,False,False,False,True,False
Anuncio actualizado el 28 de febrero,0,0,1.0,1,0,,en trámite,bajo exterior,1,1,82647638,0,1,Riaza,"Calle Eugenio Hernanz Gómez, 8"," Calle Eugenio Hernanz Gómez, 8 , Riaza , Área de Riaza, Segovia ",,"Área de Riaza, Segovia",90,,2019-04-13,112000,1,2.0,1,1,1,False,False,True,False,False,False,False,False,False,False,True,False,False,False,False,False,False,False,False,False,False,False,False,False,False,False,False,False,False,False
Anuncio actualizado el 27 de enero,0,1,1.0,0,0,,en trámite,planta 1ª exterior,0,0,83202444,0,0,Riaza,"Calle Cava, 43"," Calle Cava, 43 , Riaza , Área de Riaza, Segovia ",,"Área de Riaza, Segovia",105,,2019-04-13,61000,0,4.0,1,0,0,False,False,True,False,False,False,False,False,False,False,False,False,False,False,False,False,False,False,False,False,False,False,False,False,False,False,False,False,False,False
Anuncio actualizado el 10 de abril,0,1,2.0,0,0,,en trámite,bajo exterior,0,1,83566533,8,0,Riaza,"Calle Cava, 45"," Calle Cava, 45 , Riaza , Área de Riaza, Segovia ",,"Área de Riaza, Segovia",112,,2019-04-13,65000,0,4.0,0,0,0,False,False,True,False,False,False,False,False,False,False,False,False,False,False,False,False,False,False,False,False,False,False,False,False,False,False,False,False,False,False
Anuncio actualizado el 15 de diciembre,0,1,1.0,0,0,,en trámite,planta 1ª exterior,0,0,31923825,0,0,Riaza,"Calle cervantes, 82"," Calle cervantes, 82 , Riaza , Área de Riaza, Segovia ",,"Área de Riaza, Segovia",55,,2019-04-13,43000,0,3.0,1,0,0,False,False,False,True,False,False,False,False,False,False,False,False,False,False,False,False,False,False,False,False,False,False,False,False,True,False,False,False,False,False
Anuncio actualizado el 28 de diciembre,0,0,1.0,0,0,,en trámite,,0,0,83682097,1,,Ayllon,"Calle Barruelo, 9"," Calle Barruelo, 9 , Ayllon , Área de Riaza, Segovia ",,"Área de Riaza, Segovia",125,,2019-04-13,65000,0,3.0,1,0,1,False,False,True,False,False,False,False,False,False,False,True,False,False,False,False,False,False,False,False,False,False,False,False,False,False,False,False,False,False,False
Anuncio actualizado el 8 de enero,0,0,2.0,0,1,,en trámite,,0,1,83743138,1,,Fresno de Cantespino,"Calle Mayor, 43"," Calle Mayor, 43 , Fresno de Cantespino , Área de Riaza, Segovia ",,"Área de Riaza, Segovia",75,,2019-04-13,119000,0,3.0,1,0,0,False,False,True,False,False,False,False,False,False,False,False,False,False,False,False,False,False,False,False,False,False,False,False,False,False,False,False,False,False,False
Anuncio actualizado el 7 de abril,0,0,2.0,1,0,,en trámite,2 plantas,1,1,83757503,2,,Fresno de Cantespino,"Camino del Nogal, 150"," Camino del Nogal, 150 , Fresno de Cantespino , Área de Riaza, Segovia ",,"Área de Riaza, Segovia",4400,180,2019-04-13,295000,0,3.0,0,0,1,False,False,True,False,False,False,False,False,False,False,False,False,False,False,False,False,False,False,False,False,False,False,False,False,False,False,True,False,False,False
Anuncio actualizado el 4 de abril,0,0,2.0,1,1,2005,no indicado,2 plantas,0,0,84051586,3,,Fresno de Cantespino,"Real, 10"," Real, 10 , Fresno de Cantespino , Área de Riaza, Segovia ",,"Área de Riaza, Segovia",160,157,2019-04-13,154500,0,4.0,1,0,0,False,False,True,False,False,False,False,True,False,False,False,False,False,False,True,False,False,False,False,False,False,False,False,False,False,False,False,False,False,False
Anuncio actualizado el 2 de abril,0,0,2.0,0,0,,en trámite,,0,0,84073795,2,,Fresno de Cantespino,"Calle de San Juan, 43"," Calle de San Juan, 43 , Fresno de Cantespino , Área de Riaza, Segovia ",,"Área de Riaza, Segovia",175,,2019-04-13,100000,0,3.0,0,0,0,False,False,True,False,False,False,False,False,False,False,False,False,False,False,False,False,False,False,False,False,False,False,False,False,False,False,False,False,False,False
Anuncio actualizado el 8 de abril,0,1,2.0,1,0,,,planta 2ª exterior,1,1,84983316,0,1,Riaza,"Calle Eugenio Hernanz Gómez, 8"," Calle Eugenio Hernanz Gómez, 8 , Riaza , Área de Riaza, Segovia ",,"Área de Riaza, Segovia",120,100,2019-04-13,149000,0,3.0,1,1,1,False,False,True,False,False,False,False,False,False,False,False,False,False,False,False,False,False,False,False,False,False,False,False,False,False,False,False,False,False,False
Anuncio actualizado el 2 de octubre,0,0,2.0,1,0,,en trámite,planta 2ª interior,0,0,30513252,0,0,Riaza,"Calle Ricardo Provencio, 9"," Calle Ricardo Provencio, 9 , Riaza , Área de Riaza, Segovia ",,"Área de Riaza, Segovia",134,98,2019-04-13,98000,0,3.0,0,0,1,False,False,True,False,False,False,False,True,False,False,False,False,False,False,False,False,False,False,False,False,False,False,False,False,False,False,False,False,False,False
Anuncio actualizado el 25 de diciembre,0,0,2.0,0,0,,en trámite,,0,0,83673387,0,0,Riaza,," , Riaza , Área de Riaza, Segovia ",,"Área de Riaza, Segovia",106,91,2019-04-13,110000,0,3.0,0,0,0,False,False,False,False,False,False,False,False,False,False,False,False,False,False,False,False,False,False,False,False,False,False,False,False,False,False,False,False,False,False
Anuncio actualizado el 7 de abril,0,0,1.0,1,0,,no indicado,1 planta,0,0,1625058,2,,Cilleruelo de San Mamés,"Calle Eras, 8"," Calle Eras, 8 , Cilleruelo de San Mamés , Área de Riaza, Segovia ",,"Área de Riaza, Segovia",400,100,2019-04-13,119500,0,2.0,1,0,1,False,False,True,False,False,False,False,False,False,False,False,False,False,False,False,False,False,False,False,False,False,False,False,False,False,False,True,False,False,False
Anuncio actualizado el 7 de abril,0,0,1.0,0,0,,no indicado,1 planta,0,0,82080016,1,,Pradales,"Calle Parras, 12"," Calle Parras, 12 , Pradales , Área de Riaza, Segovia ",,"Área de Riaza, Segovia",100,,2019-04-13,59000,0,3.0,0,0,0,False,False,False,True,False,False,False,False,False,False,False,False,False,False,False,False,False,False,False,False,False,False,False,False,False,False,False,False,False,False
Anuncio actualizado el 27 de marzo,0,0,1.0,0,0,,,bajo,1,0,81947163,0,1,Riaza,Calle Val Bajo," Calle Val Bajo , Riaza , Área de Riaza, Segovia ",,"Área de Riaza, Segovia",131,99,2019-04-13,148900,0,2.0,0,0,0,False,False,True,False,False,False,False,False,False,False,False,False,False,False,False,False,False,False,False,False,False,False,False,False,False,False,False,False,False,False
Anuncio actualizado el 27 de marzo,0,0,1.0,0,0,,,planta 3ª,0,0,81947165,0,1,Riaza,Calle Val Bajo," Calle Val Bajo , Riaza , Área de Riaza, Segovia ",,"Área de Riaza, Segovia",75,57,2019-04-13,80000,0,1.0,0,0,0,False,False,True,False,False,False,False,False,False,False,False,False,False,False,False,False,False,False,False,False,False,False,False,False,False,False,False,False,False,False
Anuncio actualizado el 3 de abril,0,0,1.0,0,0,,,planta 1ª exterior,0,0,36303920,0,0,Riaza,Calle Eugenio Hernanz Gómez," Calle Eugenio Hernanz Gómez , Riaza , Área de Riaza, Segovia ",,"Área de Riaza, Segovia",76,61,2019-04-13,76900,0,2.0,0,0,0,False,False,False,False,False,False,False,False,False,False,False,False,False,False,False,False,False,False,False,False,False,False,False,False,False,False,False,False,False,False
Anuncio actualizado el 26 de marzo,0,0,3.0,0,0,2002,en trámite,2 plantas,0,1,81702489,2,,Riaza,"Plaza San Juan, 18"," Plaza San Juan, 18 , Riaza , Área de Riaza, Segovia ",,"Área de Riaza, Segovia",220,,2019-04-13,170000,0,4.0,1,0,1,False,False,True,False,False,False,False,True,False,False,False,False,False,False,False,False,False,False,False,False,True,False,False,False,False,False,False,False,False,False
Anuncio actualizado el 27 de marzo,0,0,2.0,1,0,2005,no indicado,bajo exterior,1,1,84826337,0,1,Riaza,Urb. prado los robles," Calle Emilia de Pablo Gonzalez, 5 , Urb. prado los robles , Riaza , Área de Riaza, Segovia ","Calle Emilia de Pablo Gonzalez, 5","Área de Riaza, Segovia",80,,2019-04-13,110000,1,3.0,1,1,0,False,False,True,False,False,False,False,False,False,False,False,False,False,False,False,False,False,False,False,False,False,False,False,False,False,False,True,False,False,False
Anuncio actualizado el 2 de octubre,0,0,2.0,1,0,,en trámite,planta 2ª interior,0,0,30512908,0,0,Riaza,"Calle Ricardo Provencio, 9"," Calle Ricardo Provencio, 9 , Riaza , Área de Riaza, Segovia ",,"Área de Riaza, Segovia",134,98,2019-04-13,98000,0,3.0,0,0,1,False,False,True,False,False,False,False,True,False,False,False,False,False,False,False,False,False,False,False,False,False,False,False,False,False,False,False,False,False,False
Anuncio actualizado el 16 de enero,0,0,2.0,1,0,2006,en trámite,3 plantas,0,0,32044931,3,,Riaza,," , Riaza , Área de Riaza, Segovia ",,"Área de Riaza, Segovia",104,,2019-04-13,135000,0,3.0,0,0,0,False,False,True,False,False,False,False,False,False,False,False,False,False,False,False,False,False,False,False,True,False,False,False,False,False,False,False,False,False,False
Anuncio actualizado el 28 de enero,0,0,2.0,1,0,2005,,bajo exterior,1,0,33154747,0,1,Riaza,," , Riaza , Área de Riaza, Segovia ",,"Área de Riaza, Segovia",100,90,2019-04-13,110000,0,3.0,1,0,1,False,False,True,False,False,False,False,False,False,False,False,False,False,False,False,False,False,False,False,False,False,False,False,False,False,False,False,False,False,True
Anuncio actualizado el 28 de enero,0,0,4.0,1,1,2010,en trámite,3 plantas,0,1,33441518,3,,Riaza,," , Riaza , Área de Riaza, Segovia ",,"Área de Riaza, Segovia",270,,2019-04-13,320000,0,5.0,0,0,1,False,False,True,False,False,False,False,False,False,False,False,False,False,False,False,False,False,False,False,False,False,False,True,False,False,False,False,False,False,False
Anuncio actualizado el 2 de febrero,1,0,11.0,1,1,1993,en trámite,,0,0,34213823,9,,Riaza,," , Riaza , Área de Riaza, Segovia ",,"Área de Riaza, Segovia",763,700,2019-04-13,515000,0,9.0,1,0,1,False,False,True,False,False,False,False,False,False,False,False,False,False,False,False,False,False,False,False,False,False,False,False,False,False,False,True,False,False,False
Anuncio actualizado el 4 de octubre,0,0,1.0,1,0,1992,en trámite,planta 1ª exterior,0,1,34225043,0,0,Riaza,," , Riaza , Área de Riaza, Segovia ",,"Área de Riaza, Segovia",94,,2019-04-13,119000,0,1.0,0,1,0,False,False,True,False,False,False,False,False,False,False,False,False,False,False,False,False,False,False,False,False,False,False,False,False,True,False,False,False,False,False
Anuncio actualizado el 20 de febrero,0,0,3.0,1,0,1996,en trámite,2 plantas,0,1,34249104,2,,Fresno de Cantespino,Urb. Urbanización Prado Pinilla," Urb. Urbanización Prado Pinilla , Fresno de Cantespino , Área de Riaza, Segovia ",,"Área de Riaza, Segovia",2500,,2019-04-13,178000,0,4.0,0,0,1,False,False,True,False,False,False,False,False,False,False,False,False,False,False,False,False,False,False,False,False,False,False,False,False,False,False,False,True,False,False
Anuncio actualizado el 20 de abril,0,0,1.0,0,0,1900,inmueble exento,3 plantas,0,1,34258371,1,,Fresno de Cantespino,," , Fresno de Cantespino , Área de Riaza, Segovia ",,"Área de Riaza, Segovia",280,,2019-04-13,25000,0,1.0,0,0,0,False,False,False,True,False,False,False,False,False,False,False,False,False,False,False,False,False,False,False,False,False,False,False,False,False,False,False,True,False,False
Anuncio actualizado el 24 de enero,0,0,2.0,1,0,2009,en trámite,2 plantas,0,0,34079457,3,,Fresno de Cantespino,," , Fresno de Cantespino , Área de Riaza, Segovia ",,"Área de Riaza, Segovia",114,,2019-04-13,180000,0,3.0,0,0,1,False,False,True,False,False,False,False,False,False,False,False,False,False,False,False,False,False,False,False,True,False,False,False,False,False,False,False,False,False,False
Anuncio actualizado el 9 de abril,0,0,4.0,0,1,1980,en trámite,2 plantas,0,1,35446064,3,,Riaza,," , Riaza , Área de Riaza, Segovia ",,"Área de Riaza, Segovia",4200,,2019-04-13,395000,0,8.0,0,0,0,False,False,True,False,False,False,False,False,False,False,False,False,False,False,False,False,False,False,False,False,False,False,True,False,False,False,False,False,False,False
Anuncio actualizado el 9 de abril,0,0,2.0,1,0,2000,en trámite,1 planta,1,1,35772987,2,,Fresno de Cantespino,," , Fresno de Cantespino , Área de Riaza, Segovia ",,"Área de Riaza, Segovia",2500,,2019-04-13,128000,0,3.0,1,0,0,False,False,True,False,False,False,False,True,False,False,False,False,False,False,False,False,False,False,False,False,False,False,True,False,False,False,False,False,False,False
Anuncio actualizado el 9 de abril,0,0,2.0,1,0,2002,en trámite,1 planta,1,1,37299922,2,,Fresno de Cantespino,Urb. Urbanización Prado Pinilla," Urb. Urbanización Prado Pinilla , Fresno de Cantespino , Área de Riaza, Segovia ",,"Área de Riaza, Segovia",2500,,2019-04-13,170000,0,3.0,1,0,1,False,False,True,False,False,False,False,False,False,False,False,False,False,False,False,False,False,False,False,False,False,False,True,False,False,False,False,False,False,False
Anuncio actualizado el 30 de enero,0,0,3.0,1,0,1998,en trámite,2 plantas,1,1,38421062,2,,Riaza,Urb. Colonia las Margaritas," Urb. Colonia las Margaritas , Riaza , Área de Riaza, Segovia ",,"Área de Riaza, Segovia",1325,188,2019-04-13,301310,0,3.0,1,0,1,False,False,True,False,False,False,False,False,False,False,False,False,False,False,False,False,False,False,False,False,False,False,True,False,False,False,False,False,False,False
Anuncio actualizado el 25 de febrero,0,0,2.0,1,0,2001,en trámite,1 planta,1,1,40086650,2,,Fresno de Cantespino,," , Fresno de Cantespino , Área de Riaza, Segovia ",,"Área de Riaza, Segovia",2500,,2019-04-13,153000,0,3.0,1,0,1,False,False,True,False,False,False,False,False,False,False,False,False,False,False,False,False,False,False,False,False,False,False,True,False,False,False,False,False,False,False
Anuncio actualizado el 14 de marzo,0,1,2.0,1,0,2003,en trámite,planta 2ª exterior,1,1,82091224,0,1,Riaza,," , Riaza , Área de Riaza, Segovia ",,"Área de Riaza, Segovia",100,,2019-04-13,129900,0,3.0,1,1,0,False,False,True,False,False,False,False,False,False,True,False,False,False,False,False,False,False,False,False,False,False,False,False,False,False,False,False,False,False,True
Anuncio actualizado el 9 de abril,0,0,3.0,1,0,2010,en trámite,2 plantas,1,1,82388699,2,,Fresno de Cantespino,," , Fresno de Cantespino , Área de Riaza, Segovia ",,"Área de Riaza, Segovia",2414,,2019-04-13,185000,0,5.0,1,0,1,False,False,True,False,False,False,False,True,False,False,False,False,False,False,False,False,False,False,False,False,False,False,True,False,False,False,False,False,False,False
Anuncio actualizado el 25 de enero,0,0,3.0,1,0,2000,en trámite,1 planta,1,1,82456368,2,,Riaza,," , Riaza , Área de Riaza, Segovia ",,"Área de Riaza, Segovia",2661,,2019-04-13,385000,0,7.0,1,0,1,False,False,True,False,False,False,False,False,True,False,False,False,False,False,False,False,False,False,False,False,False,False,False,False,False,False,False,False,True,False
Anuncio actualizado el 2 de febrero,0,1,2.0,1,0,2007,en trámite,,1,1,82551976,4,,Campo de San Pedro,," , Campo de San Pedro , Área de Riaza, Segovia ",,"Área de Riaza, Segovia",137,111,2019-04-13,90000,0,3.0,0,0,0,False,False,False,False,False,False,False,False,False,False,False,False,False,False,False,False,False,False,False,False,False,False,False,False,False,False,False,False,False,True
Anuncio actualizado el 27 de febrero,0,1,2.0,1,0,1992,no indicado,planta 1ª exterior,1,0,82013584,8,0,Riaza,," , Riaza , Área de Riaza, Segovia ",,"Área de Riaza, Segovia",125,74,2019-04-13,147000,0,3.0,0,1,0,False,False,True,False,False,False,False,False,False,False,False,False,False,False,False,False,False,False,False,False,False,False,False,False,False,False,True,False,False,False
Anuncio actualizado el 13 de marzo,0,1,3.0,1,0,2010,no indicado,,0,1,82064449,2,,Riaza,," , Riaza , Área de Riaza, Segovia ",,"Área de Riaza, Segovia",162,147,2019-04-13,160000,0,3.0,0,0,1,False,False,False,False,False,False,False,False,False,False,False,False,False,False,False,False,False,False,False,False,False,False,False,False,False,False,True,False,False,False
Anuncio actualizado el 2 de febrero,0,0,6.0,1,0,2000,en trámite,,1,1,83355759,7,,Campo de San Pedro,," , Campo de San Pedro , Área de Riaza, Segovia ",,"Área de Riaza, Segovia",260,182,2019-04-13,92000,0,4.0,1,0,1,False,False,True,False,False,False,False,False,False,False,False,False,False,False,False,False,False,False,False,False,False,False,False,False,False,False,True,False,False,False
Anuncio actualizado el 3 de abril,0,0,1.0,0,0,,,planta 1ª exterior,0,0,35254573,0,0,Riaza,Travesía mayor," Travesía mayor , Riaza , Área de Riaza, Segovia ",,"Área de Riaza, Segovia",72,65,2019-04-13,72700,0,1.0,0,0,0,False,False,True,False,False,False,False,False,False,False,False,False,False,False,False,False,False,False,False,False,False,False,False,False,False,False,False,False,False,False
Anuncio actualizado el 4 de abril,0,0,1.0,0,0,,en trámite,bajo exterior,0,0,81343584,0,0,Riaza,"Calle Médico Valentín Gil, 8"," Calle Médico Valentín Gil, 8 , Riaza , Área de Riaza, Segovia ",,"Área de Riaza, Segovia",95,90,2019-04-13,50000,0,3.0,1,0,0,False,False,False,True,False,False,False,True,False,False,False,False,False,False,False,True,False,False,False,False,False,False,False,False,False,False,False,False,False,False
Anuncio actualizado el 13 de febrero,0,0,4.0,0,0,2014,no indicado,2 plantas,0,0,83772819,2,,Fresno de Cantespino,"Calle San Nicolás, 1"," Calle San Nicolás, 1 , Fresno de Cantespino , Área de Riaza, Segovia ",,"Área de Riaza, Segovia",235,,2019-04-13,98490,1,4.0,0,0,0,False,False,False,True,False,False,False,False,False,False,False,False,False,False,False,False,False,False,False,False,False,False,False,False,False,False,False,True,False,False
Anuncio actualizado el 8 de enero,0,0,4.0,0,0,2015,no indicado,2 plantas,1,1,83773304,2,,Fresno de Cantespino,"Calle de San Nicolás, 11"," Calle de San Nicolás, 11 , Fresno de Cantespino , Área de Riaza, Segovia ",,"Área de Riaza, Segovia",247,,2019-04-13,94080,0,4.0,0,0,0,False,False,False,True,False,False,False,False,False,False,False,False,False,False,False,True,False,False,False,False,False,False,False,False,False,False,False,False,False,False
Anuncio actualizado el 11 de marzo,0,0,1.0,1,0,,en trámite,planta 3ª exterior,0,0,35028284,6,0,Riaza,"Calle Val Bajo, 47"," Calle Val Bajo, 47 , Riaza , Área de Riaza, Segovia ",,"Área de Riaza, Segovia",60,,2019-04-13,75000,0,1.0,0,0,0,False,False,True,False,False,False,False,False,False,False,False,False,False,False,False,False,False,False,False,False,False,False,False,False,False,False,False,False,False,False
Anuncio actualizado el 3 de abril,0,0,0.0,0,0,,inmueble exento,,0,0,83833457,1,,Riaza,," , Riaza , Área de Riaza, Segovia ",,"Área de Riaza, Segovia",320,,2019-04-13,128000,0,0.0,0,0,0,False,False,False,True,False,False,False,False,False,False,False,False,False,False,False,False,False,False,False,False,False,False,False,False,False,False,True,False,False,False
Anuncio actualizado el 23 de marzo,0,0,1.0,0,0,2005,no indicado,,0,1,39989240,7,,Ayllon,," , Ayllon , Área de Riaza, Segovia ",,"Área de Riaza, Segovia",214,145,2019-04-13,80000,0,1.0,0,0,0,False,False,True,False,False,False,False,False,False,False,False,False,False,False,False,False,False,False,False,False,False,False,False,False,False,False,False,False,False,True
Anuncio actualizado el 8 de enero,0,0,2.0,1,0,2008,en trámite,2 plantas,0,0,83773766,5,,Campo de San Pedro,"Carretera Maderuelo, 29"," Carretera Maderuelo, 29 , Campo de San Pedro , Área de Riaza, Segovia ",,"Área de Riaza, Segovia",64,92,2019-04-13,68000,0,3.0,0,0,0,False,False,True,False,False,False,False,False,True,False,False,False,False,False,False,False,False,True,False,False,False,False,False,False,False,False,False,False,False,False
Anuncio actualizado el 20 de diciembre,0,0,2.0,0,0,2004,no indicado,,1,1,32963113,4,,Ayllon,," , Ayllon , Área de Riaza, Segovia ",,"Área de Riaza, Segovia",100,150,2019-04-13,165000,0,3.0,1,0,1,False,False,True,False,False,False,False,False,False,False,False,False,False,False,True,False,False,False,False,False,False,False,False,False,False,False,False,False,False,False
Anuncio actualizado el 5 de febrero,0,0,3.0,0,0,2011,en trámite,,0,1,35977093,7,,Ayllon,," , Ayllon , Área de Riaza, Segovia ",,"Área de Riaza, Segovia",562,179,2019-04-13,157500,0,3.0,0,0,1,False,False,False,False,False,False,False,False,False,False,False,False,False,False,False,False,False,False,False,False,False,False,False,False,False,False,False,True,False,False
Anuncio actualizado el 5 de febrero,0,0,2.0,0,0,,en trámite,2 plantas,0,0,81767892,7,,Riaza,," , Riaza , Área de Riaza, Segovia ",,"Área de Riaza, Segovia",141,,2019-04-13,155000,0,3.0,0,0,0,False,False,False,False,False,False,False,False,False,False,False,False,False,False,False,False,False,False,False,False,False,False,False,False,False,False,False,False,False,False
Anuncio actualizado el 8 de marzo,0,0,2.0,0,0,,no indicado,,0,1,81918361,7,,Campo de San Pedro,," , Campo de San Pedro , Área de Riaza, Segovia ",,"Área de Riaza, Segovia",300,118,2019-04-13,149900,0,3.0,1,1,1,False,False,True,False,False,False,False,False,False,False,False,False,False,False,False,False,False,False,False,False,False,False,False,False,False,False,False,True,False,False
Anuncio actualizado el 9 de abril,0,0,1.0,0,1,2005,inmueble exento,,0,0,84463835,9,,Honrubia de la Cuesta,Urb. null," Madrid - Burgos , Urb. null , Honrubia de la Cuesta , Área de Riaza, Segovia ",Madrid - Burgos,"Área de Riaza, Segovia",60,57,2019-04-13,60000,0,2.0,0,0,0,False,False,True,False,False,False,False,False,False,False,False,False,False,True,False,False,False,False,False,False,False,False,False,False,False,False,False,False,False,False
Anuncio actualizado el 10 de abril,0,0,2.0,0,0,1995,no indicado,,1,1,82091346,7,,Riaza,," , Riaza , Área de Riaza, Segovia ",,"Área de Riaza, Segovia",1670,175,2019-04-13,240000,0,4.0,0,1,1,False,False,False,False,False,False,False,False,False,False,False,False,False,False,False,False,False,False,False,False,False,False,False,False,False,False,False,False,False,True
Anuncio actualizado el 18 de febrero,0,0,1.0,1,0,1900,no indicado,3 plantas,0,1,310715,4,,Ayllon,Urb. grado del pico," Calle Barruelo, 11 , Urb. grado del pico , Ayllon , Área de Riaza, Segovia ","Calle Barruelo, 11","Área de Riaza, Segovia",180,110,2019-04-13,65000,0,3.0,1,0,1,False,False,True,False,False,False,False,True,False,False,False,False,False,False,False,False,False,False,False,False,False,False,False,False,False,False,False,False,True,False
Anuncio actualizado el 7 de abril,0,0,1.0,1,0,,no indicado,1 planta,1,1,2142631,2,,Ayllon,"Camino de Valvieja, 22"," Camino de Valvieja, 22 , Ayllon , Área de Riaza, Segovia ",,"Área de Riaza, Segovia",4000,,2019-04-13,532000,0,4.0,1,0,0,False,False,True,False,False,False,False,False,False,False,False,False,False,False,False,False,False,False,False,False,False,False,False,False,False,False,False,False,False,False
Anuncio actualizado el 7 de abril,0,0,3.0,1,0,,,3 plantas,0,0,26128747,4,,Riaza,"Calle Raserillo Bajo, 16"," Calle Raserillo Bajo, 16 , Riaza , Área de Riaza, Segovia ",,"Área de Riaza, Segovia",160,130,2019-04-13,130000,0,3.0,1,0,1,False,False,True,False,False,False,False,False,False,False,False,False,False,False,False,False,True,False,False,False,False,False,False,False,False,False,False,False,False,False
Anuncio actualizado el 7 de abril,0,1,2.0,1,0,2008,en trámite,bajo exterior,1,1,26420604,8,1,Riaza,Urb. Prado de Los Robles," Calle Eugenio Hernanz Gómez, 5 , Urb. Prado de Los Robles , Riaza , Área de Riaza, Segovia ","Calle Eugenio Hernanz Gómez, 5","Área de Riaza, Segovia",80,78,2019-04-13,125000,1,2.0,1,1,1,False,False,True,False,False,False,False,False,False,False,False,False,False,False,False,True,False,False,False,False,False,False,False,False,False,False,False,False,False,False
Anuncio actualizado el 7 de abril,0,0,3.0,1,0,2013,,4 plantas,1,0,31674735,4,,Riaza,"Calle raserillo bajo, 21"," Calle raserillo bajo, 21 , Riaza , Área de Riaza, Segovia ",,"Área de Riaza, Segovia",270,220,2019-04-13,180900,0,3.0,1,0,1,False,False,True,False,False,False,False,False,False,False,False,False,False,False,False,False,True,False,False,False,False,False,False,False,False,False,False,False,False,False
Anuncio actualizado el 1 de abril,0,0,1.0,1,0,,no indicado,1 planta,0,1,338822,2,,Campo de San Pedro,Urb. Fuentemizarra," Calle San Fernando, 7 , Urb. Fuentemizarra , Campo de San Pedro , Área de Riaza, Segovia ","Calle San Fernando, 7","Área de Riaza, Segovia",4,,2019-04-13,57000,0,1.0,0,0,0,False,False,True,False,False,False,False,True,False,False,False,False,False,False,False,False,False,False,False,False,False,False,False,False,False,False,False,False,False,False
Anuncio actualizado el 8 de abril,0,0,4.0,1,0,,en trámite,3 plantas,1,1,33591772,2,,Fresno de Cantespino,Urb. Prado Pinilla," Camino del ebano, 642 , Urb. Prado Pinilla , Fresno de Cantespino , Área de Riaza, Segovia ","Camino del ebano, 642","Área de Riaza, Segovia",2500,300,2019-04-13,349500,0,4.0,1,1,1,False,False,True,False,False,False,False,False,False,False,False,False,False,False,False,False,False,False,False,False,False,False,False,False,False,False,False,True,False,False
Anuncio actualizado el 28 de febrero,0,0,3.0,1,1,,en trámite,2 plantas,1,1,35526348,3,,Riaza,Urb. Prado Pinilla," Vereda de Aldeanueva, 675 , Urb. Prado Pinilla , Riaza , Área de Riaza, Segovia ","Vereda de Aldeanueva, 675","Área de Riaza, Segovia",4000,284,2019-04-13,245000,0,4.0,1,1,1,False,False,True,False,False,False,False,True,False,False,False,False,False,False,False,False,False,False,False,False,False,False,False,False,False,False,True,False,False,False
Anuncio actualizado el 7 de abril,0,0,5.0,1,0,,no indicado,2 plantas,1,1,36008528,2,,Ayllon,"Calle Real, 3"," Calle Real, 3 , Ayllon , Área de Riaza, Segovia ",,"Área de Riaza, Segovia",331,,2019-04-13,230000,0,5.0,1,0,1,False,False,True,False,False,False,False,False,False,False,False,False,False,False,False,False,False,False,False,False,False,False,False,False,False,False,False,False,False,False
Anuncio actualizado el 8 de abril,0,0,1.0,0,0,2011,no indicado,2 plantas,0,0,1907671,4,,Ayllon,"Calle Iglesia, 15"," Calle Iglesia, 15 , Ayllon , Área de Riaza, Segovia ",,"Área de Riaza, Segovia",130,115,2019-04-13,38000,0,1.0,0,0,0,False,False,True,False,False,False,False,False,False,False,False,False,False,False,False,False,False,False,False,False,False,False,False,False,False,False,False,True,False,False
Anuncio actualizado el 2 de abril,0,0,2.0,1,0,,no indicado,planta 3ª exterior,0,0,36525526,0,0,Riaza,"Calle Médico Valentín Gil, 18"," Calle Médico Valentín Gil, 18 , Riaza , Área de Riaza, Segovia ",,"Área de Riaza, Segovia",94,84,2019-04-13,70000,0,3.0,0,0,1,False,False,True,False,False,False,False,False,False,False,False,False,False,False,False,False,False,False,False,False,False,False,False,False,False,False,False,False,False,False
Anuncio actualizado el 12 de abril,0,0,1.0,1,0,,en trámite,1 planta,1,1,36776675,2,,Fresno de Cantespino,"Camino del Roble, 580"," Camino del Roble, 580 , Fresno de Cantespino , Área de Riaza, Segovia ",,"Área de Riaza, Segovia",2300,,2019-04-13,139000,0,3.0,0,0,0,False,False,True,False,False,False,False,False,False,False,False,False,False,False,False,False,False,False,False,False,False,False,False,False,False,False,False,False,False,False
Anuncio actualizado el 12 de abril,0,1,3.0,0,0,,en trámite,,0,1,36906538,4,,Riaza,"Calle la Corredera, 35"," Calle la Corredera, 35 , Riaza , Área de Riaza, Segovia ",,"Área de Riaza, Segovia",160,,2019-04-13,150000,0,3.0,1,0,0,False,False,True,False,False,False,False,False,False,False,False,False,False,False,False,False,False,False,False,False,False,False,False,False,False,False,False,False,False,False
Anuncio actualizado el 1 de abril,0,0,1.0,1,0,,no indicado,bajo exterior,1,1,37199853,0,0,Riaza,Urb. Casas de la Trucha," Avenida del Doctor Antonio García Tapia, 13 , Urb. Casas de la Trucha , Riaza , Área de Riaza, Segovia ","Avenida del Doctor Antonio García Tapia, 13","Área de Riaza, Segovia",70,60,2019-04-13,125000,0,2.0,1,1,0,False,False,True,False,False,False,False,False,False,False,False,False,False,False,False,False,False,False,False,False,False,False,False,False,False,False,True,False,False,False
Anuncio actualizado el 7 de abril,0,0,1.0,0,0,,no indicado,2 plantas,1,1,37550704,2,,Ayllon,"Calle Arriba, 2 y 4"," Calle Arriba, 2 y 4 , Ayllon , Área de Riaza, Segovia ",,"Área de Riaza, Segovia",800,220,2019-04-13,165000,0,3.0,1,0,0,False,False,True,False,False,False,False,False,False,False,False,False,False,False,False,False,False,False,False,False,False,False,False,False,False,False,True,False,False,False
Anuncio actualizado el 8 de abril,0,0,1.0,0,1,,no indicado,3 plantas,0,0,37898797,1,,Riofrio de Riaza,"Calle Alta, 6"," Calle Alta, 6 , Riofrio de Riaza , Área de Riaza, Segovia ",,"Área de Riaza, Segovia",150,,2019-04-13,40000,0,4.0,1,0,0,False,False,False,True,False,False,False,False,False,False,False,False,False,False,False,False,False,False,False,False,False,False,False,False,False,False,False,False,False,False
Anuncio actualizado el 26 de marzo,0,0,3.0,1,0,,no indicado,2 plantas,1,1,1745112,5,,Fresno de Cantespino,Urb. La cerca del palomar (cascajares)," Calle Real, 6 , Urb. La cerca del palomar (cascajares) , Fresno de Cantespino , Área de Riaza, Segovia ","Calle Real, 6","Área de Riaza, Segovia",125,,2019-04-13,110000,0,3.0,0,0,0,False,False,True,False,False,False,False,False,True,False,False,False,False,False,False,False,False,False,False,False,False,False,False,False,False,False,False,False,False,False
Anuncio actualizado el 31 de marzo,0,0,1.0,0,0,,no indicado,bajo exterior,0,1,38145759,0,0,Riaza,"Plaza Mayor, 3"," Plaza Mayor, 3 , Riaza , Área de Riaza, Segovia ",,"Área de Riaza, Segovia",831,830,2019-04-13,650000,0,6.0,1,0,1,False,False,False,True,False,False,False,False,False,False,False,False,False,False,False,False,False,False,False,False,False,False,False,False,True,False,False,False,False,False
Anuncio actualizado el 2 de abril,0,0,1.0,1,1,,inmueble exento,2 plantas,0,0,38278504,3,,Fresno de Cantespino,Urb. pradopinilla," Camino del Rubial, 143 , Urb. pradopinilla , Fresno de Cantespino , Área de Riaza, Segovia ","Camino del Rubial, 143","Área de Riaza, Segovia",2500,156,2019-04-13,155000,0,4.0,0,0,0,False,False,True,False,False,False,False,False,False,False,False,False,False,False,False,False,False,False,False,False,False,False,False,False,False,False,False,False,False,False
Anuncio actualizado el 10 de abril,0,0,1.0,0,1,,en trámite,,1,1,39021163,1,,Aldealengua de Santa Maria,"Carretera Aranda, 7"," Carretera Aranda, 7 , Aldealengua de Santa Maria , Área de Riaza, Segovia ",,"Área de Riaza, Segovia",200,,2019-04-13,100000,0,3.0,1,0,0,False,False,True,False,False,False,False,False,False,False,False,False,False,False,False,False,False,False,False,False,False,False,False,False,False,False,False,False,False,False
Anuncio actualizado el 24 de marzo,0,0,4.0,1,0,,no indicado,3 plantas,1,1,39090186,2,,Riaza,"Avenida del Doctor Antonio García Tapia, 41"," Avenida del Doctor Antonio García Tapia, 41 , Riaza , Área de Riaza, Segovia ",,"Área de Riaza, Segovia",800,,2019-04-13,285000,0,4.0,1,1,1,False,False,True,False,False,False,False,False,False,False,False,False,False,False,False,False,False,False,False,False,False,False,False,False,False,False,False,False,False,False
Anuncio actualizado el 18 de febrero,0,1,2.0,1,0,2000,no indicado,1 planta,1,1,39358083,2,,Fresno de Cantespino,Urb. prado pinilla," Camino del Alamo, 195 , Urb. prado pinilla , Fresno de Cantespino , Área de Riaza, Segovia ","Camino del Alamo, 195","Área de Riaza, Segovia",2500,150,2019-04-13,175000,0,5.0,1,1,1,False,False,True,False,False,False,False,False,False,False,False,False,False,False,False,False,False,False,False,False,False,False,True,False,False,False,False,False,False,False
Anuncio actualizado el 10 de marzo,0,0,2.0,0,0,,en trámite,,0,1,40141932,2,,Ayllon,"Calle Real-Santibáñez de Ayl, 4"," Calle Real-Santibáñez de Ayl, 4 , Ayllon , Área de Riaza, Segovia ",,"Área de Riaza, Segovia",200,,2019-04-13,59000,0,4.0,1,0,0,False,False,True,False,False,False,False,False,False,False,False,False,False,False,False,False,False,False,False,False,False,False,False,False,False,False,False,False,False,False
Anuncio actualizado el 3 de enero,0,0,2.0,1,0,,en trámite,,1,1,82157636,2,,Fresno de Cantespino,"Camino del Roble, 576"," Camino del Roble, 576 , Fresno de Cantespino , Área de Riaza, Segovia ",,"Área de Riaza, Segovia",2500,,2019-04-13,179000,0,3.0,0,0,0,False,False,True,False,False,False,False,False,False,False,False,False,False,False,False,False,False,False,False,False,False,False,False,False,False,False,False,False,False,False
Anuncio actualizado el 27 de enero,0,0,1.0,0,1,,en trámite,,0,1,82168779,1,,Campo de San Pedro,"Calle Real, 33"," Calle Real, 33 , Campo de San Pedro , Área de Riaza, Segovia ",,"Área de Riaza, Segovia",250,,2019-04-13,75000,0,1.0,0,0,0,False,False,True,False,False,False,False,False,False,False,False,False,False,False,False,False,False,False,False,False,False,False,False,False,False,False,False,False,False,False
Anuncio actualizado el 19 de noviembre,0,0,2.0,1,0,2000,en trámite,2 plantas,1,1,82798406,2,,Fresno de Cantespino,Urb. Prado Pinilla," Camino del Ebano, 563 Snparcela , Urb. Prado Pinilla , Fresno de Cantespino , Área de Riaza, Segovia ","Camino del Ebano, 563 Snparcela","Área de Riaza, Segovia",2500,,2019-04-13,165000,0,4.0,1,0,1,False,False,True,False,False,False,False,True,False,False,False,False,False,False,False,False,False,False,False,False,False,False,False,False,False,False,True,False,False,False
Anuncio actualizado el 7 de abril,0,0,3.0,1,0,2003,no indicado,3 plantas,0,1,82974082,4,,Riaza,Urb. Puerta de Riaza," Camino de Turrubuelo, 24 , Urb. Puerta de Riaza , Riaza , Área de Riaza, Segovia ","Camino de Turrubuelo, 24","Área de Riaza, Segovia",140,,2019-04-13,250000,0,4.0,1,1,0,False,False,True,False,False,False,False,False,False,False,False,False,False,False,False,False,False,False,False,False,False,False,False,False,False,False,False,False,False,False
Anuncio actualizado el 24 de febrero,0,0,3.0,0,1,1800,en trámite,2 plantas,0,1,83063164,3,,Ayllon,"Camino Cuevas, 2"," Camino Cuevas, 2 , Ayllon , Área de Riaza, Segovia ",,"Área de Riaza, Segovia",2500,,2019-04-13,390000,1,4.0,0,0,1,False,False,True,False,False,False,False,False,False,True,False,False,False,False,False,False,False,False,False,False,False,False,False,False,False,False,False,False,False,False
Anuncio actualizado el 22 de marzo,0,0,1.0,0,1,,en trámite,,1,1,83693043,1,,Ayllon,"Calle Arriba, 3"," Calle Arriba, 3 , Ayllon , Área de Riaza, Segovia ",,"Área de Riaza, Segovia",240,,2019-04-13,165000,0,3.0,1,0,0,False,False,True,False,False,False,False,False,False,False,False,False,False,False,False,False,False,False,False,False,False,False,False,False,False,False,False,False,False,False
Anuncio actualizado el 4 de enero,0,1,3.0,0,0,,en trámite,,0,1,83736018,4,,Riaza,"Calle Navachicero, 36"," Calle Navachicero, 36 , Riaza , Área de Riaza, Segovia ",,"Área de Riaza, Segovia",155,,2019-04-13,165000,0,3.0,0,0,0,False,False,True,False,False,False,False,False,False,True,False,False,False,False,False,False,False,False,False,False,False,False,False,False,False,False,False,False,False,False
Anuncio actualizado el 7 de abril,0,0,3.0,1,0,,en trámite,2 plantas,1,1,34339663,2,,Riaza,Urb. El Paseo," Carretera riofrío, 6 , Urb. El Paseo , Riaza , Área de Riaza, Segovia ","Carretera riofrío, 6","Área de Riaza, Segovia",670,,2019-04-13,330000,0,6.0,1,0,1,False,False,True,False,False,False,False,False,False,False,False,False,False,False,False,False,False,False,False,False,True,False,False,False,False,False,False,False,False,False
Anuncio actualizado el 30 de enero,0,0,3.0,1,0,,en trámite,,1,1,84084066,2,,Campo de San Pedro,," , Campo de San Pedro , Área de Riaza, Segovia ",,"Área de Riaza, Segovia",200,,2019-04-13,147000,0,3.0,0,0,0,False,False,True,False,False,False,False,False,False,False,False,False,False,False,False,False,False,False,False,False,False,False,True,False,False,False,False,False,False,False
Anuncio actualizado el 22 de marzo,0,0,1.0,1,0,2007,no indicado,planta 1ª exterior,1,1,26314233,0,1,Riaza,Urb. prado los robles," Calle Emilia de Pablo Gonzalez, 7 , Urb. prado los robles , Riaza , Área de Riaza, Segovia ","Calle Emilia de Pablo Gonzalez, 7","Área de Riaza, Segovia",70,,2019-04-13,93000,1,2.0,1,1,0,False,False,True,False,False,False,False,False,False,True,False,False,False,False,False,False,False,False,False,False,False,False,False,False,False,False,False,False,False,False
Anuncio actualizado el 2 de abril,0,1,3.0,1,0,,en trámite,,0,1,84399857,4,,Riaza,"Calle la Corredera, 39"," Calle la Corredera, 39 , Riaza , Área de Riaza, Segovia ",,"Área de Riaza, Segovia",155,,2019-04-13,179000,0,3.0,1,0,0,False,False,True,False,False,False,False,False,False,False,False,False,False,False,False,False,False,False,False,False,False,False,False,False,False,False,False,False,False,False
Anuncio actualizado el 17 de diciembre,0,1,3.0,0,0,,en trámite,,0,1,31021237,5,,Riaza,"Calle la corredera, 4"," Calle la corredera, 4 , Riaza , Área de Riaza, Segovia ",,"Área de Riaza, Segovia",160,,2019-04-13,70000,0,3.0,0,0,0,False,False,True,False,False,False,False,False,False,False,False,False,False,False,False,False,False,False,False,False,False,False,False,False,False,False,False,False,False,False
Anuncio actualizado el 15 de febrero,0,0,2.0,1,0,,en trámite,,0,0,35794335,5,,Riaza,"Calle El Rubial, 2"," Calle El Rubial, 2 , Riaza , Área de Riaza, Segovia ",,"Área de Riaza, Segovia",335,,2019-04-13,180000,0,4.0,0,0,0,False,False,True,False,False,False,False,False,False,False,False,False,False,False,False,False,False,False,False,False,False,False,False,False,False,False,False,False,False,False
Anuncio actualizado el 3 de abril,0,0,1.0,0,1,,en trámite,,0,0,37457353,3,,Riaza,"Calle Poza, 37"," Calle Poza, 37 , Riaza , Área de Riaza, Segovia ",,"Área de Riaza, Segovia",70,,2019-04-13,24000,0,2.0,1,0,0,False,False,False,True,False,False,False,False,False,False,False,False,False,False,False,False,False,False,False,False,False,False,False,False,True,False,False,False,False,False
Anuncio actualizado el 4 de marzo,0,0,3.0,0,0,,no indicado,,0,1,39444399,4,,Riaza,"Calle Navachicero, 22"," Calle Navachicero, 22 , Riaza , Área de Riaza, Segovia ",,"Área de Riaza, Segovia",160,,2019-04-13,50000,0,3.0,0,0,0,False,False,False,True,False,False,False,False,False,False,False,False,False,False,False,False,False,False,False,False,False,False,False,False,False,False,True,False,False,False
Anuncio actualizado el 8 de abril,0,1,2.0,1,0,,no indicado,planta 1ª exterior,1,0,40456779,8,0,Riaza,"Calle Gran Vía, 13"," Calle Gran Vía, 13 , Riaza , Área de Riaza, Segovia ",,"Área de Riaza, Segovia",78,,2019-04-13,94000,0,2.0,0,0,1,False,False,True,False,False,False,False,False,False,False,False,False,False,False,False,False,False,False,False,True,False,False,False,False,False,False,False,False,False,False
Anuncio actualizado el 8 de abril,0,0,1.0,0,1,,en trámite,,0,1,84992231,1,,Ribota,"Calle Jose Clavero Núñez, 42"," Calle Jose Clavero Núñez, 42 , Ribota , Área de Riaza, Segovia ",,"Área de Riaza, Segovia",250,,2019-04-13,39000,0,3.0,0,0,0,False,False,False,True,False,False,False,False,False,False,False,False,False,False,False,False,False,False,False,False,False,False,False,False,False,False,False,False,False,False
Anuncio actualizado el 7 de abril,0,0,2.0,0,1,,no indicado,3 plantas,0,1,30570873,1,,Fresno de Cantespino,"Calle Mayor, 41"," Calle Mayor, 41 , Fresno de Cantespino , Área de Riaza, Segovia ",,"Área de Riaza, Segovia",80,200,2019-04-13,119000,0,4.0,1,0,0,False,False,True,False,False,False,False,False,False,False,False,False,False,False,False,True,False,False,False,False,False,False,False,False,False,False,False,False,False,False
Anuncio actualizado el 17 de febrero,0,0,1.0,0,0,,no indicado,,0,0,38173055,0,,Riaza,Calle Médico Valentín Gil," Calle Médico Valentín Gil , Riaza , Área de Riaza, Segovia ",,"Área de Riaza, Segovia",85,,2019-04-13,91200,0,2.0,0,0,0,False,False,False,False,False,False,False,False,False,False,False,False,False,False,False,False,False,False,False,False,False,False,False,False,False,False,False,False,False,False
Anuncio actualizado el 24 de enero,0,0,2.0,0,0,1983,en trámite,2 plantas,0,1,34868852,3,,Riaza,Calle Presbitero-Cerezo," Calle Presbitero-Cerezo , Riaza , Área de Riaza, Segovia ",,"Área de Riaza, Segovia",314,,2019-04-13,219000,0,5.0,0,0,0,False,False,True,False,False,False,False,False,False,False,False,False,False,False,True,False,False,False,False,False,False,False,False,False,False,False,False,False,False,False
Anuncio actualizado el 31 de enero,0,0,2.0,1,0,1998,en trámite,1 planta,0,1,39641363,2,,Fresno de Cantespino,Urb. Prado Pinilla," Camino del Álamo , Urb. Prado Pinilla , Fresno de Cantespino , Área de Riaza, Segovia ",Camino del Álamo,"Área de Riaza, Segovia",2421,,2019-04-13,175000,0,5.0,1,0,1,False,False,True,False,False,False,False,False,False,False,False,False,False,False,False,False,False,False,False,False,False,False,True,False,False,False,False,False,False,False
Anuncio actualizado el 25 de marzo,0,0,2.0,1,0,1996,en trámite,2 plantas,1,1,81917978,2,,Fresno de Cantespino,Camino de sepulveda," Camino de sepulveda , Fresno de Cantespino , Área de Riaza, Segovia ",,"Área de Riaza, Segovia",2416,,2019-04-13,235000,0,4.0,1,1,1,False,False,True,False,False,False,False,False,False,False,False,False,False,False,False,False,False,False,False,False,False,False,True,False,False,False,False,False,False,False
Anuncio actualizado el 30 de octubre,0,1,1.0,1,0,1960,en trámite,2 plantas,1,1,81932179,4,,Riaza,Camino de Enmedio," Camino de Enmedio , Riaza , Área de Riaza, Segovia ",,"Área de Riaza, Segovia",40,,2019-04-13,110000,0,3.0,0,1,1,False,False,True,False,False,False,False,False,False,False,False,False,False,False,False,True,False,False,False,False,False,False,False,False,False,False,False,False,False,False
Anuncio actualizado el 24 de diciembre,0,0,2.0,1,0,,no indicado,3 plantas,0,0,33151787,5,,Riaguas de San Bartolomé,Calle iglesia s/n," Calle iglesia s/n , Riaguas de San Bartolomé , Área de Riaza, Segovia ",,"Área de Riaza, Segovia",158,,2019-04-13,115000,0,3.0,1,0,1,False,False,True,False,False,False,False,False,False,False,False,False,False,False,False,False,False,False,False,False,False,False,False,False,False,False,False,False,False,False
Anuncio actualizado el 8 de abril,0,0,4.0,0,0,2002,en trámite,1 planta,0,0,81350884,7,,Fresno de Cantespino,Camino del Chopo," Camino del Chopo , Fresno de Cantespino , Área de Riaza, Segovia ",,"Área de Riaza, Segovia",2500,345,2019-04-13,190000,0,4.0,0,0,0,False,False,False,False,False,False,False,False,False,False,False,False,False,False,False,False,False,False,False,False,False,False,False,False,False,False,False,False,False,False
Anuncio actualizado el 4 de abril,0,0,2.0,0,0,,en trámite,bajo exterior,0,1,84609719,0,0,Riaza,"Calle Arroyo Maximartin y Prado los Robles, Riaza"," Calle Arroyo Maximartin y Prado los Robles, Riaza , Riaza , Área de Riaza, Segovia ",,"Área de Riaza, Segovia",200,,2019-04-13,180000,0,6.0,0,0,0,False,False,True,False,True,False,False,False,False,False,False,False,False,False,False,False,False,False,False,False,False,False,False,False,False,False,False,False,False,False
Anuncio actualizado el 8 de abril,0,0,1.0,1,0,2010,no indicado,1 planta,1,1,1865470,2,,Cilleruelo de San Mamés,"Calle Virgen de Hornuez, 23"," Calle Virgen de Hornuez, 23 , Cilleruelo de San Mamés , Área de Riaza, Segovia ",,"Área de Riaza, Segovia",386,100,2019-04-13,128000,0,3.0,1,0,1,False,False,True,False,False,False,False,False,True,False,False,False,False,False,False,False,False,False,False,False,False,False,False,False,False,False,True,False,False,False
Anuncio actualizado el 4 de marzo,0,0,1.0,1,0,,no indicado,bajo exterior,1,0,25890944,0,1,Riaza,Urb. URB. LAS SOLANAS," Calle Val Bajo, 5 , Urb. URB. LAS SOLANAS , Riaza , Área de Riaza, Segovia ","Calle Val Bajo, 5","Área de Riaza, Segovia",95,75,2019-04-13,155000,0,2.0,0,0,1,False,False,True,False,False,False,False,False,False,False,False,False,False,False,False,False,False,False,False,False,False,False,False,False,False,False,False,False,False,False
Anuncio actualizado el 8 de abril,0,1,2.0,1,0,,no indicado,planta 1ª exterior,1,0,81668380,8,0,Riaza,"Calle Gran Vía, 13"," Calle Gran Vía, 13 , Riaza , Área de Riaza, Segovia ",,"Área de Riaza, Segovia",78,61,2019-04-13,94000,0,2.0,1,0,0,False,False,True,False,False,False,False,False,False,False,False,False,False,False,False,False,False,False,False,True,False,False,False,False,False,False,False,False,False,False
Anuncio actualizado el 7 de abril,0,0,3.0,1,0,2008,no indicado,3 plantas,0,0,1846203,4,,Riaza,"Calle Lepanto, 12"," Calle Lepanto, 12 , Riaza , Área de Riaza, Segovia ",,"Área de Riaza, Segovia",100,111,2019-04-13,135000,0,3.0,1,0,1,False,False,True,False,False,False,False,False,False,False,False,False,False,False,False,True,False,False,False,False,False,False,False,False,False,False,False,False,False,False
Anuncio actualizado el 7 de abril,0,0,3.0,0,0,,,2 plantas,1,0,37331135,4,,Riaza,"Calle Cervantes, 2"," Calle Cervantes, 2 , Riaza , Área de Riaza, Segovia ",,"Área de Riaza, Segovia",224,,2019-04-13,148000,0,4.0,1,0,1,False,False,True,False,False,False,False,False,False,False,False,False,False,False,False,False,False,False,False,False,False,False,False,False,False,False,False,False,False,False
Anuncio actualizado el 13 de abril,0,0,2.0,1,1,,no indicado,2 plantas,1,1,25874531,3,,Riaza,"Plaza Mayor, 3"," Plaza Mayor, 3 , Riaza , Área de Riaza, Segovia ",,"Área de Riaza, Segovia",1562,155,2019-04-13,237000,0,2.0,1,0,0,False,False,True,False,False,False,False,False,False,False,False,False,False,False,False,False,False,False,False,False,False,False,False,False,False,False,True,False,False,False
Anuncio actualizado el 12 de abril,0,0,3.0,1,0,2005,en trámite,,0,0,31342455,2,,Riaza,"Calle lepanto, 15"," Calle lepanto, 15 , Riaza , Área de Riaza, Segovia ",,"Área de Riaza, Segovia",35,,2019-04-13,135000,0,3.0,0,0,1,False,False,True,False,False,False,False,False,False,False,False,False,False,False,False,False,False,False,False,False,False,False,False,False,False,False,False,False,False,False
Anuncio actualizado el 2 de abril,0,0,2.0,1,1,,en trámite,,1,1,84468224,3,,Riaza,"Plaza Mayor, 4"," Plaza Mayor, 4 , Riaza , Área de Riaza, Segovia ",,"Área de Riaza, Segovia",1562,,2019-04-13,237000,0,2.0,1,0,0,False,False,True,False,False,False,False,False,False,False,False,False,False,False,False,False,False,False,False,False,False,False,False,False,False,False,False,False,False,False
Anuncio actualizado el 8 de marzo,0,0,2.0,1,0,2002,en trámite,1 planta,1,1,35393527,2,,Fresno de Cantespino,Camino del Roble," Camino del Roble , Fresno de Cantespino , Área de Riaza, Segovia ",,"Área de Riaza, Segovia",2566,,2019-04-13,170000,0,3.0,1,0,1,False,False,True,False,False,False,False,True,False,False,False,False,False,False,False,False,False,False,False,False,False,False,False,False,False,False,False,False,False,False
Anuncio actualizado el 14 de marzo,0,1,3.0,1,0,2008,en trámite,2 plantas,1,1,84658840,5,,Fresno de Cantespino,San Pedro," San Pedro , Fresno de Cantespino , Área de Riaza, Segovia ",,"Área de Riaza, Segovia",145,,2019-04-13,108000,0,3.0,1,0,0,False,False,True,False,False,False,False,True,False,False,False,False,False,False,False,False,False,False,False,False,False,False,False,False,False,False,False,False,False,False
Anuncio actualizado el 17 de marzo,0,1,3.0,1,0,2008,en trámite,2 plantas,1,1,84689710,5,,Fresno de Cantespino,Calle San Pedro," Calle San Pedro , Fresno de Cantespino , Área de Riaza, Segovia ",,"Área de Riaza, Segovia",170,,2019-04-13,108000,0,3.0,1,0,0,False,False,True,False,False,False,False,True,False,False,False,False,False,False,False,False,False,False,False,False,False,False,False,False,False,False,False,False,False,False
Anuncio actualizado el 17 de enero,0,0,1.0,1,0,,en trámite,2 plantas,1,0,83861075,1,,Corral de Ayllon,"Calle Miguel González, 18"," Calle Miguel González, 18 , Corral de Ayllon , Área de Riaza, Segovia ",,"Área de Riaza, Segovia",220,,2019-04-13,85000,1,4.0,0,0,1,False,False,True,False,False,False,False,False,False,False,False,False,False,False,False,False,False,False,False,False,False,False,False,False,False,False,False,False,False,False
Anuncio actualizado el 14 de marzo,0,0,2.0,1,0,,en trámite,1 planta,0,0,83430909,2,,Riaza,Paseo De Las Delicias," Paseo De Las Delicias , Riaza , Área de Riaza, Segovia ",,"Área de Riaza, Segovia",190,148,2019-04-13,152786,0,4.0,0,0,1,False,False,False,True,False,False,False,False,False,False,False,False,False,False,False,False,False,False,False,False,False,False,False,False,False,False,False,False,False,True
Anuncio actualizado el 9 de abril,0,0,1.0,1,1,1993,en trámite,2 plantas,0,0,32937952,3,,Riaza,," , Riaza , Área de Riaza, Segovia ",,"Área de Riaza, Segovia",125,,2019-04-13,70000,0,2.0,0,0,0,False,False,True,False,False,False,False,False,False,False,False,False,False,False,False,False,False,False,False,False,False,False,False,False,False,False,True,False,False,False
Anuncio actualizado el 3 de noviembre,0,0,3.0,1,0,2002,en trámite,2 plantas,1,1,38668437,2,,Riaza,," , Riaza , Área de Riaza, Segovia ",,"Área de Riaza, Segovia",670,,2019-04-13,339000,0,6.0,1,0,0,False,False,True,False,False,False,False,False,False,False,False,False,False,False,False,False,False,False,False,False,False,False,True,False,False,False,False,False,False,False
Anuncio actualizado el 9 de abril,0,0,4.0,1,1,2006,,2 plantas,1,1,40173394,9,,Riaza,," , Riaza , Área de Riaza, Segovia ",,"Área de Riaza, Segovia",7587,,2019-04-13,290000,0,4.0,1,0,1,False,False,True,False,False,False,False,True,False,False,False,False,False,False,False,False,False,False,False,False,False,False,True,False,False,False,False,False,False,False
Anuncio actualizado el 18 de marzo,1,0,4.0,1,0,2000,en trámite,,0,1,39902543,2,,Fresno de Cantespino,," , Fresno de Cantespino , Área de Riaza, Segovia ",,"Área de Riaza, Segovia",2500,226,2019-04-13,243000,0,10.0,1,1,1,False,False,True,False,False,False,False,False,False,False,False,False,False,False,False,False,False,False,False,False,False,False,False,False,False,False,True,False,False,False
Anuncio actualizado el 4 de abril,0,0,2.0,0,0,2005,en trámite,3 plantas,1,1,82132712,4,,Riaza,," , Riaza , Área de Riaza, Segovia ",,"Área de Riaza, Segovia",175,,2019-04-13,169000,0,3.0,1,0,0,False,False,True,False,False,False,False,False,False,False,False,False,False,False,False,False,False,False,False,False,False,False,True,False,False,False,False,False,False,False
Anuncio actualizado el 18 de marzo,0,0,2.0,1,0,1998,,2 plantas,1,1,31873584,2,,Riaza,Urb. Urbanización Pradopinilla," Camino de aldeanueva, 600 , Urb. Urbanización Pradopinilla , Riaza , Área de Riaza, Segovia ","Camino de aldeanueva, 600","Área de Riaza, Segovia",3726,,2019-04-13,245000,0,3.0,1,1,1,False,False,True,False,False,False,False,True,False,False,False,False,False,False,False,False,False,False,False,False,False,False,False,False,False,False,True,False,False,False
Anuncio actualizado el 4 de abril,0,0,2.0,0,0,,en trámite,,0,0,37286844,1,,Cedillo de la Torre,Calle Terrero," Calle Terrero , Cedillo de la Torre , Área de Riaza, Segovia ",,"Área de Riaza, Segovia",200,,2019-04-13,79500,0,4.0,0,0,0,False,False,True,False,False,False,False,True,False,False,False,False,False,False,False,False,False,False,False,False,False,False,False,False,False,False,False,False,False,False
Anuncio actualizado el 2 de abril,0,0,1.0,1,0,,en trámite,planta 1ª exterior,1,0,83746153,0,1,Riaza,"Calle Descansadero, 1"," Calle Descansadero, 1 , Riaza , Área de Riaza, Segovia ",,"Área de Riaza, Segovia",90,,2019-04-13,97000,0,1.0,0,0,1,False,False,True,False,True,False,False,False,False,False,False,False,False,False,False,False,False,False,False,False,False,False,False,False,False,False,False,False,False,False
Anuncio actualizado el 29 de marzo,0,0,2.0,1,0,,no indicado,1 planta,1,1,84862701,2,,Cedillo de la Torre,"de las Eras, 14"," de las Eras, 14 , Cedillo de la Torre , Área de Riaza, Segovia ",,"Área de Riaza, Segovia",500,176,2019-04-13,195000,1,2.0,1,0,1,False,False,True,False,False,False,False,False,True,False,False,False,False,False,False,True,False,False,False,False,False,False,False,False,False,False,False,False,False,False
Anuncio actualizado el 3 de diciembre,0,0,1.0,0,0,,inmueble exento,2 plantas,0,0,30856709,1,,Maderuelo,"Calle norte, 3"," Calle norte, 3 , Maderuelo , Área de Riaza, Segovia ",,"Área de Riaza, Segovia",221,,2019-04-13,39000,0,4.0,0,0,0,False,False,False,True,False,False,False,False,False,False,False,False,False,False,False,False,False,False,False,True,False,False,False,False,False,False,False,False,False,False
Anuncio actualizado el 7 de abril,0,0,2.0,1,0,,no indicado,1 planta,1,1,28917009,2,,Fresno de Cantespino,"Camino de San Miguel, 544"," Camino de San Miguel, 544 , Fresno de Cantespino , Área de Riaza, Segovia ",,"Área de Riaza, Segovia",3180,,2019-04-13,169000,0,4.0,1,1,1,False,False,True,False,False,False,False,True,False,False,False,False,False,False,False,False,False,False,False,False,False,False,False,False,False,False,True,False,False,False
Anuncio actualizado el 10 de abril,0,1,6.0,0,1,,no indicado,3 plantas,0,0,84955713,3,,Maderuelo,"Calle de Santa María, 10"," Calle de Santa María, 10 , Maderuelo , Área de Riaza, Segovia ",,"Área de Riaza, Segovia",367,,2019-04-13,250000,0,6.0,1,0,0,False,False,True,False,True,False,False,False,False,False,False,False,False,False,False,False,False,False,False,False,False,False,False,False,False,False,False,False,True,False
Anuncio actualizado el 14 de marzo,0,0,1.0,0,0,,en trámite,,0,1,32793879,5,,Ayllon,Calle encimera s/n," Calle encimera s/n , Ayllon , Área de Riaza, Segovia ",,"Área de Riaza, Segovia",220,,2019-04-13,118000,0,3.0,1,0,1,False,False,True,False,False,False,False,False,False,False,False,False,False,False,False,False,False,False,False,False,False,False,False,False,False,False,False,False,False,False
Anuncio actualizado el 10 de abril,0,1,1.0,1,0,2001,en trámite,planta 2ª exterior,0,1,81146020,0,0,Riaza,"Ricardo Provencio, 10"," Ricardo Provencio, 10 , Riaza , Área de Riaza, Segovia ",,"Área de Riaza, Segovia",116,,2019-04-13,80000,0,5.0,0,0,0,False,False,True,False,False,False,False,False,False,False,False,False,False,False,False,True,False,False,False,False,False,False,False,False,False,False,False,False,False,False
Anuncio actualizado el 7 de abril,0,1,1.0,0,1,1900,no indicado,2 plantas,0,0,82668692,1,,Maderuelo,"Calle San Miguel, 12"," Calle San Miguel, 12 , Maderuelo , Área de Riaza, Segovia ",,"Área de Riaza, Segovia",117,185,2019-04-13,38000,0,4.0,0,0,1,False,False,False,True,False,False,False,False,False,False,False,False,False,False,False,False,False,False,False,False,False,False,False,False,False,False,True,False,False,False
Anuncio actualizado el 3 de abril,0,0,2.0,1,0,2000,en trámite,1 planta,1,1,82281274,2,,Ayllon,"Camino de la fuente, 1"," Camino de la fuente, 1 , Ayllon , Área de Riaza, Segovia ",,"Área de Riaza, Segovia",1050,,2019-04-13,165000,0,4.0,1,0,1,False,False,True,False,False,False,False,True,False,False,False,False,False,False,False,False,False,False,False,False,False,False,True,False,False,False,False,False,False,False
Anuncio actualizado el 4 de febrero,0,1,1.0,1,0,2008,no indicado,planta 2ª exterior,1,0,40396077,0,1,Riaza,Calle Raserillo Alto s/n," Calle Raserillo Alto s/n , Riaza , Área de Riaza, Segovia ",,"Área de Riaza, Segovia",95,,2019-04-13,110000,1,2.0,1,0,1,False,False,True,False,False,False,False,False,False,False,False,False,False,False,False,False,False,False,False,False,True,False,False,False,False,False,False,False,False,False
Anuncio actualizado el 17 de enero,0,1,3.0,1,0,,en trámite,entreplanta exterior,0,0,82306656,0,0,Riaza,"Via Gran, 13"," Via Gran, 13 , Riaza , Área de Riaza, Segovia ",,"Área de Riaza, Segovia",188,172,2019-04-13,169000,0,4.0,0,0,1,False,False,True,False,False,False,False,True,False,False,False,False,False,False,False,False,False,False,False,False,False,False,False,False,False,False,False,False,False,False
Anuncio actualizado el 6 de marzo,0,0,3.0,1,0,2005,,,1,1,38749749,4,,Riaza,"Calle navachicero, 7"," Calle navachicero, 7 , Riaza , Área de Riaza, Segovia ",,"Área de Riaza, Segovia",185,177,2019-04-13,168000,0,3.0,0,0,1,False,False,True,False,False,False,False,False,False,False,False,False,False,False,False,False,False,False,False,False,False,False,False,False,False,False,False,False,False,False
Anuncio actualizado el 25 de octubre,0,0,3.0,1,0,2007,en trámite,planta 1ª exterior,1,0,31640527,8,1,Riaza,"Camino turrrubuelo, 44"," Camino turrrubuelo, 44 , Riaza , Área de Riaza, Segovia ",,"Área de Riaza, Segovia",134,,2019-04-13,119500,0,3.0,1,0,1,False,False,True,False,False,False,False,False,False,False,False,False,False,False,False,False,False,False,False,False,False,False,False,False,False,False,True,False,False,False
Anuncio actualizado el 1 de abril,0,1,3.0,0,1,1985,en trámite,2 plantas,0,1,83774771,3,,Fresno de Cantespino,Camino de la Comunidad de Madrid s/n," Camino de la Comunidad de Madrid s/n , Fresno de Cantespino , Área de Riaza, Segovia ",,"Área de Riaza, Segovia",23928,193,2019-04-13,227000,0,7.0,0,0,0,False,False,True,False,False,False,False,False,False,False,True,False,False,False,False,False,False,False,False,False,False,False,False,False,False,False,False,False,False,False
Anuncio actualizado el 12 de abril,1,0,1.0,1,0,,en trámite,,0,1,37775409,2,,Fresno de Cantespino,"Camino de la Fuente, 319"," Camino de la Fuente, 319 , Fresno de Cantespino , Área de Riaza, Segovia ",,"Área de Riaza, Segovia",2400,,2019-04-13,69000,0,2.0,0,0,0,False,False,True,False,False,False,False,False,False,False,False,False,False,False,False,False,False,False,False,False,False,False,False,False,False,False,False,False,False,False
Anuncio actualizado el 8 de abril,0,0,2.0,1,0,1991,en trámite,2 plantas,1,0,84911617,4,,Riaza,Urb. SI," SANTIAGO APOSTOL , Urb. SI , Riaza , Área de Riaza, Segovia ",SANTIAGO APOSTOL,"Área de Riaza, Segovia",150,115,2019-04-13,165000,0,4.0,0,0,0,False,False,True,False,False,False,False,False,False,False,True,False,False,False,False,False,False,False,False,False,False,False,True,False,False,False,False,False,False,False
Anuncio actualizado el 11 de abril,0,0,3.0,1,0,2008,no indicado,2 plantas,1,1,81352713,4,,Fresno de Cantespino,"Calle San pedro, 6"," Calle San pedro, 6 , Fresno de Cantespino , Área de Riaza, Segovia ",,"Área de Riaza, Segovia",100,100,2019-04-13,99000,0,3.0,0,0,0,False,False,True,False,False,False,False,False,True,False,False,False,False,False,False,False,False,False,False,False,False,False,False,False,False,False,True,False,False,False
Anuncio actualizado el 8 de marzo,0,0,2.0,1,0,2004,,bajo exterior,0,0,39879608,0,1,Riaza,Barrio Nuevo," Barrio Nuevo , Riaza , Área de Riaza, Segovia ",,"Área de Riaza, Segovia",94,84,2019-04-13,100000,1,3.0,1,0,0,False,False,True,False,False,False,True,False,False,False,False,False,False,False,False,False,False,True,False,False,False,False,False,False,False,False,False,False,False,False
Anuncio actualizado el 13 de abril,0,0,58.0,1,1,,en trámite,2 plantas,1,1,32433651,10,,Ayllon,," , Ayllon , Área de Riaza, Segovia ",,"Área de Riaza, Segovia",7763,,2019-04-13,4000000,0,58.0,1,0,1,False,False,True,False,False,False,False,False,False,False,False,False,False,False,False,False,False,False,False,False,False,False,False,False,False,False,False,True,False,False
Anuncio actualizado el 10 de abril,0,0,1.0,1,0,,no indicado,1 planta,1,1,85014154,2,,Fresno de Cantespino,Urb. Prado Pinilla," Urb. Prado pinilla, 1 , Urb. Prado Pinilla , Fresno de Cantespino , Área de Riaza, Segovia ","Urb. Prado pinilla, 1","Área de Riaza, Segovia",2500,20,2019-04-13,140000,0,3.0,1,1,1,False,False,True,False,False,False,False,False,False,False,False,False,False,False,False,False,False,False,False,False,False,False,False,False,False,False,True,False,False,False
Anuncio actualizado el 9 de abril,0,0,2.0,1,0,1996,en trámite,1 planta,0,1,81982080,2,,Riaza,," , Riaza , Área de Riaza, Segovia ",,"Área de Riaza, Segovia",2520,,2019-04-13,125000,0,4.0,0,1,1,False,False,True,False,False,False,False,False,False,False,False,False,False,False,False,False,False,False,False,False,False,False,True,False,False,False,False,False,False,False
Anuncio actualizado el 12 de abril,0,0,1.0,0,0,,en trámite,bajo exterior,0,0,39713137,0,0,Riaza,," , Riaza , Área de Riaza, Segovia ",,"Área de Riaza, Segovia",75,,2019-04-13,58000,0,3.0,0,0,0,False,False,True,False,False,False,False,True,False,False,False,False,False,False,False,False,False,False,False,False,False,False,False,False,False,False,False,False,False,False
Anuncio actualizado el 12 de abril,0,0,2.0,1,0,2010,en trámite,bajo exterior,1,1,83518528,0,1,Riaza,Urb. Los Lauros," Avenida del Doctor Antonio García Tapia, 19 , Urb. Los Lauros , Riaza , Área de Riaza, Segovia ","Avenida del Doctor Antonio García Tapia, 19","Área de Riaza, Segovia",80,,2019-04-13,173000,0,2.0,1,1,0,False,False,True,False,False,False,False,True,False,False,False,False,False,False,False,False,False,False,False,False,False,False,False,False,False,False,False,False,False,True
Anuncio actualizado el 2 de abril,0,0,2.0,1,1,,no indicado,2 plantas,0,1,84516450,3,,Riaza,Urb. la pinilla," Calle del sol, 2 , Urb. la pinilla , Riaza , Área de Riaza, Segovia ","Calle del sol, 2","Área de Riaza, Segovia",1200,,2019-04-13,280000,0,6.0,1,0,1,False,False,True,False,False,False,False,True,False,False,False,False,False,False,False,False,False,False,False,False,False,False,False,False,False,False,False,False,False,False
Anuncio actualizado el 9 de abril,0,0,1.0,0,1,1987,,2 plantas,0,0,40127619,1,,Riaza,Calle Presbítero Cerezo," Calle Presbítero Cerezo , Riaza , Área de Riaza, Segovia ",,"Área de Riaza, Segovia",147,,2019-04-13,160000,0,4.0,0,0,0,False,False,True,False,False,False,False,False,False,False,False,False,False,False,False,False,False,False,False,False,False,False,False,True,False,False,False,False,False,False
Anuncio actualizado el 29 de enero,0,0,2.0,1,1,,no indicado,3 plantas,0,0,81152714,1,,Campo de San Pedro,"Plaza DEL CAHIZ, 4 B"," Plaza DEL CAHIZ, 4 B , Campo de San Pedro , Área de Riaza, Segovia ",,"Área de Riaza, Segovia",160,145,2019-04-13,68000,0,4.0,0,0,0,False,False,True,False,False,False,False,False,False,False,False,False,False,False,False,True,False,False,False,False,False,False,False,False,False,False,False,False,False,False
Anuncio actualizado el 9 de abril,0,0,2.0,1,1,1997,en trámite,2 plantas,1,0,39674712,3,,Riaza,," , Riaza , Área de Riaza, Segovia ",,"Área de Riaza, Segovia",142,,2019-04-13,179000,0,3.0,1,0,1,False,False,True,False,False,False,False,False,False,False,False,False,False,False,False,False,False,False,False,False,False,False,False,False,False,False,False,False,True,False
Anuncio actualizado el 1 de abril,0,0,1.0,0,0,,no indicado,,0,0,83627226,7,,Ayllon,," , Ayllon , Área de Riaza, Segovia ",,"Área de Riaza, Segovia",400,,2019-04-13,240000,0,1.0,0,0,0,False,False,False,False,False,False,False,False,False,False,False,False,False,False,False,False,False,False,False,False,False,False,False,False,False,False,False,False,False,False
Anuncio actualizado el 9 de abril,0,1,1.0,1,0,2007,en trámite,planta 1ª exterior,1,0,85000263,0,1,Riaza,"Calle Val Bajo, Riaza, 5 B"," Calle Val Bajo, Riaza, 5 B , Riaza , Área de Riaza, Segovia ",,"Área de Riaza, Segovia",66,,2019-04-13,59000,0,1.0,0,0,0,False,False,True,False,False,False,False,False,False,True,False,False,False,False,False,False,False,False,False,False,False,False,False,False,False,False,False,False,False,False
ad_last_update,air_conditioner,balcony,0.0,built_in_wardrobe,chimney,construct_date,energetic_certif,floor,1,garden,house_id,11,lift,loc_city,loc_district,loc_full,loc_neigh,loc_zone,m2_real,m2_useful,obtention_date,price,reduced_mobility,0.0,storage_room,swimming_pool,terrace,True,False,False,False,False,False,False,False,False,False,False,False,True,False,False,False,False,False,False,False,False,False,False,False,False,True,False,False,False,False
Anuncio actualizado el 12 de abril,0,0,6.0,0,1,,en trámite,3 plantas,0,1,81248294,10,,Rebollo,," , Rebollo , Área de Sepúlveda - Cantalejo, Segovia ",,"Área de Sepúlveda - Cantalejo, Segovia",100000,,2019-04-13,1350000,0,9.0,0,0,1,False,False,True,False,False,False,False,False,False,False,False,False,False,False,False,False,False,False,False,False,False,False,False,False,False,False,False,False,False,False
más de 5 meses sin actualizar,0,1,1.0,0,0,,no indicado,3 plantas,1,1,81548764,2,,Caballar,"Calle Angel Rebollo, 2"," Calle Angel Rebollo, 2 , Caballar , Área de Sepúlveda - Cantalejo, Segovia ",,"Área de Sepúlveda - Cantalejo, Segovia",420,160,2019-04-13,90000,0,3.0,0,0,0,False,False,False,True,False,False,False,False,False,False,False,False,False,False,False,False,False,False,False,False,False,False,False,False,False,False,False,False,False,False
más de 5 meses sin actualizar,0,0,2.0,0,0,,no indicado,planta 2ª exterior,1,0,81746798,8,1,Grajera,"Calle la Amistad, 1"," Calle la Amistad, 1 , Grajera , Área de Sepúlveda - Cantalejo, Segovia ",,"Área de Sepúlveda - Cantalejo, Segovia",105,,2019-04-13,90000,0,3.0,1,0,0,False,False,True,False,False,False,False,False,False,False,False,False,False,False,False,False,False,False,False,False,False,False,False,False,False,False,False,False,False,False
más de 5 meses sin actualizar,0,1,1.0,1,1,,no indicado,3 plantas,0,0,35148861,1,,Matabuena,"Plaza de san pedro, 6"," Plaza de san pedro, 6 , Matabuena , Área de Sepúlveda - Cantalejo, Segovia ",,"Área de Sepúlveda - Cantalejo, Segovia",132,130,2019-04-13,90000,0,3.0,1,0,0,False,False,False,True,False,False,False,False,False,False,False,False,False,False,True,False,False,False,False,False,False,False,False,False,False,False,False,False,False,False
más de 5 meses sin actualizar,0,0,2.0,0,0,,no indicado,2 plantas,0,0,33023209,3,,Cabezuela,"Calle carrera, 10"," Calle carrera, 10 , Cabezuela , Área de Sepúlveda - Cantalejo, Segovia ",,"Área de Sepúlveda - Cantalejo, Segovia",60,50,2019-04-13,10000,0,4.0,0,0,0,False,False,False,True,False,False,False,False,False,False,False,False,False,False,False,False,False,False,False,False,False,False,False,False,False,False,False,False,False,False
más de 5 meses sin actualizar,0,0,2.0,0,0,,no indicado,,0,0,1838625,2,,Casla,"Plaza de la Iglesia, 1"," Plaza de la Iglesia, 1 , Casla , Área de Sepúlveda - Cantalejo, Segovia ",,"Área de Sepúlveda - Cantalejo, Segovia",475,180,2019-04-13,49000,0,4.0,0,0,0,False,False,False,True,False,False,False,False,False,False,False,False,False,False,False,False,False,False,False,False,False,False,False,False,False,False,False,False,False,False
más de 5 meses sin actualizar,0,0,1.0,0,0,,no indicado,2 plantas,0,0,81434476,1,,Turégano,"Calle Rufino Cano Rueda, 1 N"," Calle Rufino Cano Rueda, 1 N , Turégano , Área de Sepúlveda - Cantalejo, Segovia ",,"Área de Sepúlveda - Cantalejo, Segovia",124,120,2019-04-13,30000,0,3.0,0,0,0,False,False,False,True,False,False,False,False,False,False,False,False,False,False,False,False,False,False,False,False,False,False,False,False,False,False,True,False,False,False
más de 5 meses sin actualizar,0,0,1.0,0,0,,,3 plantas,1,0,82475716,1,,Bercimuel,"Plaza Mayor, 1"," Plaza Mayor, 1 , Bercimuel , Área de Sepúlveda - Cantalejo, Segovia ",,"Área de Sepúlveda - Cantalejo, Segovia",150,145,2019-04-13,35000,0,4.0,0,0,0,False,False,False,True,False,False,False,False,False,False,False,False,False,False,False,False,False,False,False,False,False,False,False,False,False,False,False,False,False,False
más de 5 meses sin actualizar,0,0,1.0,0,0,,no indicado,,0,0,82787813,2,,Castillejo de Mesleon,"Avenida hontanares, 26"," Avenida hontanares, 26 , Castillejo de Mesleon , Área de Sepúlveda - Cantalejo, Segovia ",,"Área de Sepúlveda - Cantalejo, Segovia",10000,,2019-04-13,125000,0,3.0,0,0,0,False,False,True,False,False,False,False,False,False,False,False,False,False,False,False,False,False,False,False,False,False,False,False,False,False,False,False,False,False,False
más de 5 meses sin actualizar,0,0,1.0,1,0,,no indicado,planta 1ª exterior,0,1,378119,12,0,Cerezo de Arriba,Urb. edificio la carama," la Carama s/n , Urb. edificio la carama , Cerezo de Arriba , Área de Sepúlveda - Cantalejo, Segovia ",la Carama s/n,"Área de Sepúlveda - Cantalejo, Segovia",20,,2019-04-13,15000,0,0.0,1,1,0,False,False,True,False,False,False,False,False,False,False,False,False,False,False,False,False,False,False,False,False,False,False,False,False,False,False,True,False,False,False
más de 5 meses sin actualizar,0,1,2.0,0,0,,no indicado,2 plantas,0,0,81627850,4,,Turégano,"Calle Adelantado de Segovia, 69"," Calle Adelantado de Segovia, 69 , Turégano , Área de Sepúlveda - Cantalejo, Segovia ",,"Área de Sepúlveda - Cantalejo, Segovia",210,,2019-04-13,89000,0,3.0,1,0,0,False,False,True,False,False,False,False,False,False,False,False,False,False,False,False,False,False,False,False,False,False,False,False,False,False,False,False,False,False,False
más de 5 meses sin actualizar,0,0,2.0,0,0,,no indicado,planta 2ª exterior,0,0,82150746,0,0,Cerezo de Arriba,"Calle Abeto, 1"," Calle Abeto, 1 , Cerezo de Arriba , Área de Sepúlveda - Cantalejo, Segovia ",,"Área de Sepúlveda - Cantalejo, Segovia",72,,2019-04-13,75000,0,2.0,0,0,0,False,False,True,False,False,False,False,False,False,False,False,False,False,False,False,False,False,False,False,False,False,False,False,False,False,False,False,False,False,False
más de 5 meses sin actualizar,0,0,1.0,0,0,,en trámite,,0,0,82232534,5,,Pradena,"Calle Carromingo, 11"," Calle Carromingo, 11 , Pradena , Área de Sepúlveda - Cantalejo, Segovia ",,"Área de Sepúlveda - Cantalejo, Segovia",60,,2019-04-13,128000,0,2.0,0,0,0,False,False,True,False,False,False,False,False,False,False,False,False,False,False,False,False,False,False,False,False,False,False,False,False,False,False,False,False,False,False
más de 5 meses sin actualizar,0,0,1.0,1,0,,inmueble exento,2 plantas,1,1,34307085,1,,Navafria,"Calle colada ganados b, 7 N"," Calle colada ganados b, 7 N , Navafria , Área de Sepúlveda - Cantalejo, Segovia ",,"Área de Sepúlveda - Cantalejo, Segovia",75,,2019-04-13,70000,0,3.0,1,0,0,False,False,True,False,False,False,False,False,False,False,False,False,False,False,False,False,False,False,False,False,False,False,False,False,False,False,False,False,False,False
más de 5 meses sin actualizar,0,0,1.0,0,0,,no indicado,bajo exterior,0,0,35567722,0,0,Boceguillas,"Cristóbal Aurgui, 2"," Cristóbal Aurgui, 2 , Boceguillas , Área de Sepúlveda - Cantalejo, Segovia ",,"Área de Sepúlveda - Cantalejo, Segovia",79,75,2019-04-13,49000,0,3.0,0,0,0,False,False,True,False,False,False,False,False,False,False,False,False,False,False,False,False,False,False,False,False,False,False,False,False,False,False,False,False,False,False
más de 5 meses sin actualizar,0,0,1.0,0,1,,no indicado,2 plantas,0,1,30059417,1,,Gallegos,"Calle Matabuena, 6"," Calle Matabuena, 6 , Gallegos , Área de Sepúlveda - Cantalejo, Segovia ",,"Área de Sepúlveda - Cantalejo, Segovia",200,100,2019-04-13,49000,0,6.0,1,0,0,False,False,False,True,False,False,False,False,False,False,False,False,False,False,False,False,True,False,False,False,False,False,False,False,False,False,False,False,False,False
más de 5 meses sin actualizar,0,1,2.0,0,1,,en trámite,2 plantas,1,0,40317775,1,,Cantalejo,"Plaza Calvo Sotelo, 4"," Plaza Calvo Sotelo, 4 , Cantalejo , Área de Sepúlveda - Cantalejo, Segovia ",,"Área de Sepúlveda - Cantalejo, Segovia",200,,2019-04-13,47000,0,6.0,1,0,1,False,False,False,True,False,False,False,False,False,False,False,False,False,False,False,False,False,False,False,False,False,False,False,False,False,False,False,False,False,False
más de 5 meses sin actualizar,0,0,1.0,0,0,2003,no indicado,2 plantas,0,0,82285475,1,,Matabuena,"Calle del Rio, 9"," Calle del Rio, 9 , Matabuena , Área de Sepúlveda - Cantalejo, Segovia ",,"Área de Sepúlveda - Cantalejo, Segovia",20,,2019-04-13,25000,0,1.0,0,0,0,False,False,False,True,False,False,False,False,False,False,False,False,False,False,False,False,False,False,False,False,False,False,False,False,False,False,False,False,False,False
más de 5 meses sin actualizar,0,0,1.0,1,0,,no indicado,2 plantas,1,0,1936006,4,,Duruelo,"Calle los Indiones, 9"," Calle los Indiones, 9 , Duruelo , Área de Sepúlveda - Cantalejo, Segovia ",,"Área de Sepúlveda - Cantalejo, Segovia",380,,2019-04-13,40000,0,4.0,1,0,0,False,False,False,True,False,False,False,False,False,False,False,False,False,False,False,False,False,False,False,False,False,False,False,False,False,False,False,False,False,True
más de 5 meses sin actualizar,0,0,2.0,1,0,,en trámite,3 plantas,0,0,28238951,2,,Cerezo de Abajo,"Calle de Vaquero, 6"," Calle de Vaquero, 6 , Cerezo de Abajo , Área de Sepúlveda - Cantalejo, Segovia ",,"Área de Sepúlveda - Cantalejo, Segovia",300,,2019-04-13,199000,0,4.0,1,0,0,False,False,True,False,False,False,False,False,False,False,False,False,False,False,False,False,False,False,False,False,False,False,False,False,False,False,False,False,False,False
más de 5 meses sin actualizar,1,0,4.0,1,0,1989,en trámite,3 plantas,1,1,28371704,2,,Casla,"Calle Mayor, 14"," Calle Mayor, 14 , Casla , Área de Sepúlveda - Cantalejo, Segovia ",,"Área de Sepúlveda - Cantalejo, Segovia",300,350,2019-04-13,380000,1,5.0,1,0,1,False,False,True,False,False,False,False,False,False,False,False,False,False,False,False,False,False,False,False,False,False,False,False,False,False,False,True,False,False,False
más de 5 meses sin actualizar,0,0,3.0,1,0,,no indicado,3 plantas,1,0,28655682,4,,Turégano,"Calle Bobadilla, 30"," Calle Bobadilla, 30 , Turégano , Área de Sepúlveda - Cantalejo, Segovia ",,"Área de Sepúlveda - Cantalejo, Segovia",40,200,2019-04-13,120000,0,5.0,1,0,1,False,False,True,False,False,False,False,False,False,False,False,False,False,False,False,False,False,False,False,False,False,False,False,False,False,False,False,False,False,False
más de 5 meses sin actualizar,0,0,1.0,1,0,,inmueble exento,bajo exterior,1,1,81767660,0,0,Castillejo de Mesleon,A-1 s/n," A-1 s/n , Castillejo de Mesleon , Área de Sepúlveda - Cantalejo, Segovia ",,"Área de Sepúlveda - Cantalejo, Segovia",198,138,2019-04-13,70000,0,3.0,1,0,1,False,False,True,False,False,False,False,False,False,False,False,False,False,False,False,False,True,False,False,False,False,False,False,False,False,False,False,False,False,False
más de 5 meses sin actualizar,0,0,1.0,1,0,,no indicado,1 planta,0,1,1711726,4,,Cabezuela,"Calle Vega Alta, 67"," Calle Vega Alta, 67 , Cabezuela , Área de Sepúlveda - Cantalejo, Segovia ",,"Área de Sepúlveda - Cantalejo, Segovia",152,,2019-04-13,75000,0,3.0,1,0,1,False,False,True,False,False,False,False,False,False,False,False,False,False,False,False,False,False,False,False,False,False,False,False,False,False,False,True,False,False,False
más de 5 meses sin actualizar,0,0,1.0,1,0,,no indicado,planta 3ª exterior,0,0,1796480,0,1,Cantalejo,"Calle Perez Galdos, 23"," Calle Perez Galdos, 23 , Cantalejo , Área de Sepúlveda - Cantalejo, Segovia ",,"Área de Sepúlveda - Cantalejo, Segovia",64,,2019-04-13,48500,0,1.0,0,0,0,False,False,True,False,False,False,False,False,False,False,False,False,False,False,False,False,False,False,False,False,False,False,False,False,False,False,False,False,False,False
más de 5 meses sin actualizar,0,0,3.0,1,0,,no indicado,3 plantas,1,0,26250616,1,,Pradena,"Plaza Mayor, 10"," Plaza Mayor, 10 , Pradena , Área de Sepúlveda - Cantalejo, Segovia ",,"Área de Sepúlveda - Cantalejo, Segovia",1414,,2019-04-13,600000,0,5.0,1,0,0,False,False,True,False,False,False,False,False,False,False,False,False,False,False,False,False,False,False,True,False,False,False,False,False,False,False,False,False,False,False
más de 5 meses sin actualizar,0,0,2.0,1,0,,no indicado,planta 2ª exterior,1,1,30274920,0,1,Cerezo de Arriba,"Calle Serrano II, 40592 , Cerezo de Arriba"," Calle Serrano II, 40592 , Cerezo de Arriba , Cerezo de Arriba , Área de Sepúlveda - Cantalejo, Segovia ",,"Área de Sepúlveda - Cantalejo, Segovia",94,,2019-04-13,120000,0,2.0,0,0,1,False,False,True,False,False,False,False,False,False,False,False,False,False,False,False,False,False,False,False,False,False,False,False,False,False,False,True,False,False,False
más de 5 meses sin actualizar,0,0,2.0,1,0,,no indicado,2 plantas,1,1,1637686,2,,Arcones,Camino Arrieros s/n," Camino Arrieros s/n , Arcones , Área de Sepúlveda - Cantalejo, Segovia ",,"Área de Sepúlveda - Cantalejo, Segovia",2440,260,2019-04-13,390000,0,3.0,1,0,1,False,False,True,False,False,False,False,False,False,False,False,False,False,False,False,False,False,False,False,False,False,False,False,False,False,False,False,False,False,False
más de 5 meses sin actualizar,0,0,1.0,0,0,,no indicado,,1,0,2146347,2,,Cantalejo,"Calle Generalísimo, 1"," Calle Generalísimo, 1 , Cantalejo , Área de Sepúlveda - Cantalejo, Segovia ",,"Área de Sepúlveda - Cantalejo, Segovia",229,,2019-04-13,50000,0,6.0,0,0,0,False,False,False,True,False,False,False,False,False,False,False,False,False,False,False,False,False,False,False,False,False,False,False,False,False,False,False,False,False,False
más de 5 meses sin actualizar,0,0,1.0,0,1,,en trámite,1 planta,0,1,31372565,1,,Navares de Ayuso,"Calle chito, 11"," Calle chito, 11 , Navares de Ayuso , Área de Sepúlveda - Cantalejo, Segovia ",,"Área de Sepúlveda - Cantalejo, Segovia",650,200,2019-04-13,130000,0,2.0,1,0,1,False,False,True,False,False,False,False,False,False,False,False,False,False,False,False,False,False,False,False,False,False,False,False,False,False,False,True,False,False,False
más de 5 meses sin actualizar,0,0,1.0,0,0,,en trámite,planta 1ª exterior,0,0,36950202,0,0,Cerezo de Arriba,Urb. MANCOMUNIDAD LA PINILLA," Calle Cruz, 2 , Urb. MANCOMUNIDAD LA PINILLA , Cerezo de Arriba , Área de Sepúlveda - Cantalejo, Segovia ","Calle Cruz, 2","Área de Sepúlveda - Cantalejo, Segovia",51,,2019-04-13,49000,0,2.0,1,0,0,False,False,True,False,False,False,False,False,False,False,False,False,False,False,True,False,False,False,False,False,False,False,False,False,False,False,False,False,False,False
más de 5 meses sin actualizar,0,0,2.0,0,0,,,2 plantas,0,0,81660016,5,,Arcones,"Calle Iglesia, 3"," Calle Iglesia, 3 , Arcones , Área de Sepúlveda - Cantalejo, Segovia ",,"Área de Sepúlveda - Cantalejo, Segovia",160,140,2019-04-13,150000,0,4.0,0,0,0,False,False,True,False,False,False,False,False,False,False,False,False,False,False,False,False,False,False,False,False,False,False,False,False,False,False,False,False,False,False
más de 5 meses sin actualizar,0,1,2.0,1,1,,no indicado,2 plantas,0,0,82009961,1,,San Pedro de Gaillos,"Plaza Mayor, 3"," Plaza Mayor, 3 , San Pedro de Gaillos , Área de Sepúlveda - Cantalejo, Segovia ",,"Área de Sepúlveda - Cantalejo, Segovia",570,130,2019-04-13,80000,0,6.0,1,0,0,False,False,True,False,False,False,False,False,False,False,False,False,False,False,False,False,True,False,False,False,False,False,False,False,False,False,False,False,False,False
más de 5 meses sin actualizar,1,1,2.0,1,0,,no indicado,2 plantas,1,1,82079851,2,,Castillejo de Mesleon,"Diseminado el Ancla, 1 X"," Diseminado el Ancla, 1 X , Castillejo de Mesleon , Área de Sepúlveda - Cantalejo, Segovia ",,"Área de Sepúlveda - Cantalejo, Segovia",1600,,2019-04-13,180000,0,4.0,1,0,1,False,False,True,False,False,False,False,False,False,False,False,False,False,False,False,False,False,False,False,False,False,False,False,False,False,False,False,False,False,False
más de 5 meses sin actualizar,0,0,1.0,0,0,,no indicado,2 plantas,0,1,33668584,2,,Duruelo,"monte los cortos, 295"," monte los cortos, 295 , Duruelo , Área de Sepúlveda - Cantalejo, Segovia ",,"Área de Sepúlveda - Cantalejo, Segovia",2100,,2019-04-13,180000,0,3.0,0,1,1,False,False,True,False,False,False,False,False,False,False,False,False,False,False,False,False,False,False,False,False,False,False,False,False,False,False,False,False,False,False
Anuncio actualizado el 26 de diciembre,0,0,1.0,0,1,,no indicado,2 plantas,0,0,40314913,1,,Santiuste de Pedraza,"Calle Callejon, 3"," Calle Callejon, 3 , Santiuste de Pedraza , Área de Sepúlveda - Cantalejo, Segovia ",,"Área de Sepúlveda - Cantalejo, Segovia",187,,2019-04-13,55000,0,3.0,0,0,0,False,False,False,True,False,False,False,False,False,False,False,False,False,False,True,False,False,False,False,False,False,False,False,False,False,False,False,False,False,False
Anuncio actualizado el 15 de noviembre,0,0,1.0,0,0,,no indicado,2 plantas,0,0,83109558,1,,Navares de Ayuso,"Calle Chito, 1"," Calle Chito, 1 , Navares de Ayuso , Área de Sepúlveda - Cantalejo, Segovia ",,"Área de Sepúlveda - Cantalejo, Segovia",80,,2019-04-13,6500,0,2.0,0,0,0,False,False,False,True,False,False,False,False,False,False,False,False,False,False,False,False,False,False,False,False,False,False,False,False,False,False,False,False,False,False
Anuncio actualizado el 7 de abril,0,0,0.0,0,0,,no indicado,,0,0,84479021,1,,Pedraza,"Calle de Pedraza, 7"," Calle de Pedraza, 7 , Pedraza , Área de Sepúlveda - Cantalejo, Segovia ",,"Área de Sepúlveda - Cantalejo, Segovia",340,50,2019-04-13,80000,0,0.0,0,0,0,False,False,False,True,False,False,False,False,False,False,False,False,False,False,False,False,False,False,False,False,False,False,False,False,True,False,False,False,False,False
Anuncio actualizado el 31 de marzo,0,0,2.0,1,0,,no indicado,planta 1ª exterior,1,0,2016084,0,0,Sepúlveda,"Calle Isabel la Católica, 55"," Calle Isabel la Católica, 55 , Sepúlveda , Área de Sepúlveda - Cantalejo, Segovia ",,"Área de Sepúlveda - Cantalejo, Segovia",84,74,2019-04-13,180000,0,3.0,0,0,0,False,False,True,False,False,False,False,False,False,False,False,False,False,False,False,False,False,False,False,False,False,False,False,False,False,False,False,False,False,False
Anuncio actualizado el 11 de marzo,0,0,2.0,0,0,,no indicado,planta 1ª exterior,1,0,37970545,0,0,Cantalejo,"Carretera Cuéllar, 28"," Carretera Cuéllar, 28 , Cantalejo , Área de Sepúlveda - Cantalejo, Segovia ",,"Área de Sepúlveda - Cantalejo, Segovia",116,110,2019-04-13,90000,0,3.0,1,0,1,False,False,True,False,False,False,False,False,False,False,False,False,False,False,False,False,False,False,False,False,True,False,False,False,False,False,False,False,False,False
Anuncio actualizado el 14 de noviembre,0,0,3.0,0,0,,en trámite,3 plantas,0,0,83099490,2,,Sebulcor,"Paseo eras viejas, 3"," Paseo eras viejas, 3 , Sebulcor , Área de Sepúlveda - Cantalejo, Segovia ",,"Área de Sepúlveda - Cantalejo, Segovia",400,,2019-04-13,180000,0,3.0,0,0,0,False,False,True,False,False,False,False,False,False,False,False,False,False,False,False,False,False,False,False,False,False,False,False,False,False,False,False,False,False,False
Anuncio actualizado el 15 de marzo,0,0,2.0,0,1,,no indicado,,0,0,84675313,1,,Castillejo de Mesleon,"Calle Eras, 1"," Calle Eras, 1 , Castillejo de Mesleon , Área de Sepúlveda - Cantalejo, Segovia ",,"Área de Sepúlveda - Cantalejo, Segovia",140,,2019-04-13,180000,0,3.0,0,0,0,False,False,True,False,False,False,False,False,False,False,False,False,False,False,False,False,False,False,False,False,False,False,False,False,False,False,False,False,False,False
Anuncio actualizado el 4 de abril,0,0,1.0,0,0,,no indicado,,0,0,84947552,2,,Sepúlveda,"Calle principal, 1"," Calle principal, 1 , Sepúlveda , Área de Sepúlveda - Cantalejo, Segovia ",,"Área de Sepúlveda - Cantalejo, Segovia",90,,2019-04-13,50000,0,2.0,0,0,1,False,False,False,True,False,False,False,False,False,False,False,False,False,False,False,False,False,False,False,False,False,False,False,False,False,False,False,False,False,False
Anuncio actualizado el 10 de abril,0,1,1.0,0,0,,en trámite,,0,0,34147477,1,,Sauquillo de Cabezas,," , Sauquillo de Cabezas , Área de Sepúlveda - Cantalejo, Segovia ",,"Área de Sepúlveda - Cantalejo, Segovia",400,,2019-04-13,35000,0,5.0,1,0,0,False,False,False,True,False,False,False,False,False,False,False,False,False,False,False,False,False,False,False,False,False,False,False,False,False,False,False,False,False,False
Anuncio actualizado el 21 de febrero,0,0,4.0,1,0,,en trámite,,0,1,30544224,2,,Matabuena,," , Matabuena , Área de Sepúlveda - Cantalejo, Segovia ",,"Área de Sepúlveda - Cantalejo, Segovia",229,,2019-04-13,150000,0,4.0,1,0,1,False,False,True,False,False,False,False,False,False,False,False,False,False,False,False,False,False,False,False,False,False,False,False,False,False,False,False,False,False,False
Anuncio actualizado el 27 de enero,0,0,0.0,0,1,,en trámite,2 plantas,0,0,33783942,1,,Condado de Castilnovo,"Calle de la fuente, 1"," Calle de la fuente, 1 , Condado de Castilnovo , Área de Sepúlveda - Cantalejo, Segovia ",,"Área de Sepúlveda - Cantalejo, Segovia",85,,2019-04-13,38000,0,3.0,1,0,0,False,False,False,True,False,False,False,False,False,False,False,False,False,False,False,False,False,False,False,False,False,False,False,False,True,False,False,False,False,False
Anuncio actualizado el 7 de abril,0,0,2.0,0,0,,no indicado,1 planta,0,0,33877751,2,,Cantalejo,"Calle alcalá galiano, 1"," Calle alcalá galiano, 1 , Cantalejo , Área de Sepúlveda - Cantalejo, Segovia ",,"Área de Sepúlveda - Cantalejo, Segovia",260,100,2019-04-13,200000,0,4.0,0,0,0,False,False,False,True,False,False,False,False,False,False,False,False,False,False,False,False,False,False,False,False,False,False,False,True,False,False,False,False,False,False
Anuncio actualizado el 7 de abril,0,0,2.0,0,0,1980,no indicado,2 plantas,1,0,33921758,4,,Turégano,"barrio nuestra señora de los remedios, 42"," barrio nuestra señora de los remedios, 42 , Turégano , Área de Sepúlveda - Cantalejo, Segovia ",,"Área de Sepúlveda - Cantalejo, Segovia",80,,2019-04-13,74000,0,4.0,1,0,1,False,False,True,False,False,False,False,True,False,False,False,False,False,False,False,False,False,False,False,False,False,False,False,False,False,False,False,False,False,False
Anuncio actualizado el 7 de abril,0,0,1.0,0,1,,no indicado,1 planta,1,1,34411940,1,,Fresno de la Fuente,"Calle martin lloret, 13"," Calle martin lloret, 13 , Fresno de la Fuente , Área de Sepúlveda - Cantalejo, Segovia ",,"Área de Sepúlveda - Cantalejo, Segovia",170,,2019-04-13,55000,0,3.0,0,0,1,False,False,False,True,False,False,False,False,False,False,False,False,False,False,False,False,True,False,False,False,False,False,False,False,False,False,False,False,False,False
Anuncio actualizado el 25 de marzo,0,0,1.0,0,1,,inmueble exento,2 plantas,0,0,35205054,1,,Torre Val de San Pedro,"Calle Viñuela, 3"," Calle Viñuela, 3 , Torre Val de San Pedro , Área de Sepúlveda - Cantalejo, Segovia ",,"Área de Sepúlveda - Cantalejo, Segovia",214,,2019-04-13,50000,0,5.0,0,0,0,False,False,False,True,False,False,False,False,False,False,False,False,False,False,False,False,False,False,False,False,False,False,False,False,False,False,False,False,False,False
Anuncio actualizado el 7 de abril,0,0,2.0,1,0,,no indicado,planta 3ª exterior,0,1,1790559,0,0,Cerezo de Arriba,Urb. Slalom," Slalom, 10 , Urb. Slalom , Cerezo de Arriba , Área de Sepúlveda - Cantalejo, Segovia ","Slalom, 10","Área de Sepúlveda - Cantalejo, Segovia",77,,2019-04-13,90000,0,2.0,0,0,0,False,False,True,False,False,False,False,False,False,False,False,False,False,False,True,False,False,False,False,False,False,False,False,False,False,False,False,False,False,False
Anuncio actualizado el 26 de noviembre,0,0,1.0,1,0,,no indicado,1 planta,1,1,25585085,1,,Barbolla,"Calle Barquillo, 1"," Calle Barquillo, 1 , Barbolla , Área de Sepúlveda - Cantalejo, Segovia ",,"Área de Sepúlveda - Cantalejo, Segovia",241,90,2019-04-13,84000,0,4.0,0,0,0,False,False,False,True,False,False,False,False,False,False,False,False,False,False,True,False,False,False,False,False,False,False,False,False,False,False,False,False,False,False
Anuncio actualizado el 17 de enero,0,0,2.0,1,0,,en trámite,,0,1,35646521,2,,Barbolla,"Calle Eras, 9"," Calle Eras, 9 , Barbolla , Área de Sepúlveda - Cantalejo, Segovia ",,"Área de Sepúlveda - Cantalejo, Segovia",250,250,2019-04-13,105000,0,4.0,1,0,1,False,False,True,False,False,False,False,False,False,False,False,False,False,False,False,False,True,False,False,False,False,False,False,False,False,False,False,False,False,False
Anuncio actualizado el 7 de abril,0,0,3.0,1,0,,en trámite,2 plantas,1,1,29963218,5,,Turégano,Carretera Torreiglesias s/n," Carretera Torreiglesias s/n , Turégano , Área de Sepúlveda - Cantalejo, Segovia ",,"Área de Sepúlveda - Cantalejo, Segovia",140,,2019-04-13,120000,0,3.0,1,0,1,False,False,True,False,False,False,False,False,False,False,False,False,False,False,False,False,False,False,False,False,False,False,False,False,False,False,False,False,False,False
Anuncio actualizado el 27 de enero,0,0,1.0,0,1,,no indicado,1 planta,0,0,36776840,1,,Fresno de la Fuente,"Calle Segovia, 2"," Calle Segovia, 2 , Fresno de la Fuente , Área de Sepúlveda - Cantalejo, Segovia ",,"Área de Sepúlveda - Cantalejo, Segovia",200,100,2019-04-13,60000,0,3.0,1,0,0,False,False,True,False,False,False,False,False,False,False,False,False,False,False,False,False,False,False,False,False,False,False,False,False,False,False,True,False,False,False
Anuncio actualizado el 26 de marzo,0,0,1.0,0,0,,no indicado,planta 1ª exterior,0,0,36896334,0,0,Boceguillas,"Plaza San Antonio, 3"," Plaza San Antonio, 3 , Boceguillas , Área de Sepúlveda - Cantalejo, Segovia ",,"Área de Sepúlveda - Cantalejo, Segovia",80,,2019-04-13,30000,0,3.0,0,0,1,False,False,True,False,False,False,False,False,False,False,False,False,False,False,False,False,False,False,False,False,False,False,False,False,False,False,False,False,False,False
Anuncio actualizado el 8 de abril,0,0,0.0,0,0,,no indicado,2 plantas,0,1,37166783,1,,Pedraza,"Calle de Pedraza, 38"," Calle de Pedraza, 38 , Pedraza , Área de Sepúlveda - Cantalejo, Segovia ",,"Área de Sepúlveda - Cantalejo, Segovia",800,,2019-04-13,80000,0,0.0,0,0,0,False,False,False,True,False,False,False,False,False,False,False,False,False,False,False,False,False,False,False,False,False,False,False,False,False,False,True,False,False,False
Anuncio actualizado el 8 de abril,0,0,1.0,0,0,,no indicado,2 plantas,0,0,37648091,1,,Sepúlveda,Urb. Tanarro," Calle Medio, 8 , Urb. Tanarro , Sepúlveda , Área de Sepúlveda - Cantalejo, Segovia ","Calle Medio, 8","Área de Sepúlveda - Cantalejo, Segovia",313,,2019-04-13,20000,0,3.0,0,0,0,False,False,False,True,False,False,False,False,False,False,False,False,False,False,False,False,False,False,False,False,False,False,False,False,False,False,False,True,False,False
Anuncio actualizado el 11 de diciembre,0,1,2.0,0,0,,,2 plantas,1,1,37672457,1,,Veganzones,"Calle de Eleuterio Adrados, 28"," Calle de Eleuterio Adrados, 28 , Veganzones , Área de Sepúlveda - Cantalejo, Segovia ",,"Área de Sepúlveda - Cantalejo, Segovia",674,,2019-04-13,90000,0,4.0,1,0,0,False,False,True,False,False,False,False,False,False,False,False,False,False,False,False,False,False,False,False,False,False,False,False,False,False,False,False,False,False,False
Anuncio actualizado el 8 de abril,0,0,1.0,0,0,,no indicado,planta 2ª exterior,0,0,37813383,0,0,Cerezo de Arriba,Urb. urbanización Slalom," Calle Edificio Abeto, 1 , Urb. urbanización Slalom , Cerezo de Arriba , Área de Sepúlveda - Cantalejo, Segovia ","Calle Edificio Abeto, 1","Área de Sepúlveda - Cantalejo, Segovia",45,,2019-04-13,35000,0,1.0,0,0,0,False,False,True,False,False,False,False,False,False,False,False,False,False,False,False,False,False,False,False,False,False,False,False,False,False,False,False,False,False,False
Anuncio actualizado el 7 de abril,0,0,1.0,1,0,,en trámite,2 plantas,1,0,38231182,1,,Turégano,turegano s/n," turegano s/n , Turégano , Área de Sepúlveda - Cantalejo, Segovia ",,"Área de Sepúlveda - Cantalejo, Segovia",250,95,2019-04-13,90000,0,3.0,0,0,0,False,False,True,False,False,False,False,False,False,False,False,False,False,False,False,False,False,False,False,False,True,False,False,False,False,False,False,False,False,False
Anuncio actualizado el 13 de enero,0,0,1.0,0,1,2000,no indicado,2 plantas,0,1,38373155,1,,Castrojimeno,"Enebro, 1"," Enebro, 1 , Castrojimeno , Área de Sepúlveda - Cantalejo, Segovia ",,"Área de Sepúlveda - Cantalejo, Segovia",75,130,2019-04-13,110000,0,3.0,0,0,0,False,False,True,False,False,False,False,False,False,False,False,False,False,False,False,False,False,False,False,False,False,False,False,False,False,False,False,False,False,False
Anuncio actualizado el 4 de abril,0,0,1.0,1,0,,,planta 2ª exterior,1,0,26127432,0,0,Sepúlveda,"Calle Isabel la Católica, 30"," Calle Isabel la Católica, 30 , Sepúlveda , Área de Sepúlveda - Cantalejo, Segovia ",,"Área de Sepúlveda - Cantalejo, Segovia",100,,2019-04-13,105700,0,3.0,1,0,0,False,False,True,False,False,False,False,False,False,False,False,False,False,False,False,False,True,False,False,False,False,False,False,False,False,False,False,False,False,False
Anuncio actualizado el 18 de noviembre,0,1,2.0,0,1,2002,no indicado,2 plantas,0,0,39490697,1,,Gallegos,"Calle de la Lampara, 23"," Calle de la Lampara, 23 , Gallegos , Área de Sepúlveda - Cantalejo, Segovia ",,"Área de Sepúlveda - Cantalejo, Segovia",60,,2019-04-13,80000,0,3.0,0,0,0,False,False,True,False,False,False,False,False,False,False,False,False,False,False,False,False,False,False,False,False,False,False,False,False,False,False,False,True,False,False
Anuncio actualizado el 4 de marzo,0,0,3.0,1,0,,,2 plantas,1,0,28077264,3,,Santo Tomé del Puerto,"Calle Real, 18 -A"," Calle Real, 18 -A , Santo Tomé del Puerto , Área de Sepúlveda - Cantalejo, Segovia ",,"Área de Sepúlveda - Cantalejo, Segovia",230,,2019-04-13,162000,0,4.0,1,0,1,False,False,True,False,False,False,False,False,False,False,False,False,False,False,False,False,False,False,False,False,False,False,False,False,False,False,False,False,False,False
Anuncio actualizado el 18 de marzo,0,1,1.0,1,0,,no indicado,planta 1ª exterior,0,0,39712621,8,0,Sepúlveda,"Calle Subida a la Picota, 10"," Calle Subida a la Picota, 10 , Sepúlveda , Área de Sepúlveda - Cantalejo, Segovia ",,"Área de Sepúlveda - Cantalejo, Segovia",85,75,2019-04-13,92000,0,2.0,0,0,0,False,False,True,False,False,False,False,False,False,False,False,False,False,False,False,False,False,False,False,False,False,False,False,False,False,False,False,False,False,False
Anuncio actualizado el 8 de abril,0,1,3.0,0,1,,no indicado,2 plantas,0,1,40071084,10,,Santiuste de Pedraza,"Calle Portalejo, 1 n"," Calle Portalejo, 1 n , Santiuste de Pedraza , Área de Sepúlveda - Cantalejo, Segovia ",,"Área de Sepúlveda - Cantalejo, Segovia",300,,2019-04-13,215000,0,3.0,0,0,0,False,False,True,False,False,False,False,True,False,False,False,False,False,False,False,False,False,False,False,False,False,False,False,False,False,False,False,True,False,False
Anuncio actualizado el 7 de abril,0,0,2.0,0,0,,no indicado,bajo exterior,1,0,40313014,0,1,Turégano,"Calle Adelantado de Segovia, 81"," Calle Adelantado de Segovia, 81 , Turégano , Área de Sepúlveda - Cantalejo, Segovia ",,"Área de Sepúlveda - Cantalejo, Segovia",80,74,2019-04-13,85000,0,3.0,1,0,0,False,False,True,False,False,False,False,False,False,False,False,False,False,False,False,False,True,False,False,False,False,False,False,False,False,False,False,False,False,False
Anuncio actualizado el 7 de abril,0,0,1.0,0,0,,en trámite,planta 3ª exterior,0,0,40362970,6,0,Cantalejo,"Calle Eloy Gonzalo, 2"," Calle Eloy Gonzalo, 2 , Cantalejo , Área de Sepúlveda - Cantalejo, Segovia ",,"Área de Sepúlveda - Cantalejo, Segovia",90,,2019-04-13,45000,0,2.0,0,0,1,False,False,True,False,False,False,False,False,False,False,False,False,False,False,False,False,False,False,False,False,False,False,False,False,False,False,False,False,False,False
Anuncio actualizado el 17 de enero,0,1,1.0,0,1,,en trámite,2 plantas,0,0,81140742,1,,Casla,"Calle el Sol, 17"," Calle el Sol, 17 , Casla , Área de Sepúlveda - Cantalejo, Segovia ",,"Área de Sepúlveda - Cantalejo, Segovia",135,,2019-04-13,36000,0,3.0,0,0,0,False,False,False,True,False,False,False,False,False,False,False,False,False,False,False,False,False,False,False,False,False,False,False,False,False,False,False,False,False,False
Anuncio actualizado el 4 de marzo,0,0,1.0,0,0,,no indicado,2 plantas,0,0,81156470,1,,Gallegos,"Calle Trillamata, 5"," Calle Trillamata, 5 , Gallegos , Área de Sepúlveda - Cantalejo, Segovia ",,"Área de Sepúlveda - Cantalejo, Segovia",150,,2019-04-13,90000,0,3.0,0,0,0,False,False,True,False,False,False,False,False,False,False,False,False,False,False,False,False,False,False,False,False,False,False,False,False,False,False,False,False,False,False
Anuncio actualizado el 7 de abril,0,0,1.0,1,0,,no indicado,planta 3ª exterior,0,1,81181234,0,0,Cerezo de Arriba,"Calle Edificio Encina, 1"," Calle Edificio Encina, 1 , Cerezo de Arriba , Área de Sepúlveda - Cantalejo, Segovia ",,"Área de Sepúlveda - Cantalejo, Segovia",55,,2019-04-13,48000,0,1.0,1,0,0,False,False,True,False,False,False,False,False,False,False,False,False,False,False,False,False,False,False,False,False,False,False,False,False,True,False,False,False,False,False
Anuncio actualizado el 7 de abril,0,1,1.0,1,0,,no indicado,planta 2ª exterior,0,1,81719812,0,1,Cerezo de Arriba,Estacion esqui La Pinilla s/n," Estacion esqui La Pinilla s/n , Cerezo de Arriba , Área de Sepúlveda - Cantalejo, Segovia ",,"Área de Sepúlveda - Cantalejo, Segovia",62,,2019-04-13,55000,0,2.0,0,1,0,False,False,True,False,False,False,False,False,False,False,False,False,False,False,False,False,False,False,False,False,False,False,False,False,False,False,True,False,False,False
Anuncio actualizado el 25 de noviembre,0,0,2.0,1,0,,en trámite,2 plantas,1,1,81976450,1,,Matabuena,Calle Pozas s/n," Calle Pozas s/n , Matabuena , Área de Sepúlveda - Cantalejo, Segovia ",,"Área de Sepúlveda - Cantalejo, Segovia",1045,,2019-04-13,250000,0,4.0,1,0,0,False,False,True,False,False,False,False,False,False,False,False,False,False,False,False,False,False,False,False,False,False,False,False,False,False,False,False,False,False,False
Anuncio actualizado el 25 de noviembre,0,1,2.0,1,1,,,3 plantas,0,0,81976341,1,,Matabuena,"Calle Ejido, 6"," Calle Ejido, 6 , Matabuena , Área de Sepúlveda - Cantalejo, Segovia ",,"Área de Sepúlveda - Cantalejo, Segovia",307,,2019-04-13,350000,0,7.0,0,0,0,False,False,True,False,False,False,False,False,False,False,False,False,False,False,False,False,False,False,False,False,False,False,False,False,False,False,False,False,False,False
Anuncio actualizado el 9 de diciembre,0,1,2.0,1,0,,no indicado,planta 2ª exterior,1,0,82055918,0,1,Cantalejo,"Calle Chopos, 1"," Calle Chopos, 1 , Cantalejo , Área de Sepúlveda - Cantalejo, Segovia ",,"Área de Sepúlveda - Cantalejo, Segovia",112,87,2019-04-13,80000,0,3.0,1,0,0,False,False,True,False,False,False,False,False,False,False,False,False,False,False,False,False,False,False,False,False,False,False,False,False,False,False,False,False,False,False
Anuncio actualizado el 12 de febrero,0,0,1.0,1,0,,en trámite,planta 3ª exterior,0,1,82191357,12,1,Cerezo de Arriba,Urb. Cerezuelo," Estacion esqui La Pinilla, 1 , Urb. Cerezuelo , Cerezo de Arriba , Área de Sepúlveda - Cantalejo, Segovia ","Estacion esqui La Pinilla, 1","Área de Sepúlveda - Cantalejo, Segovia",27,,2019-04-13,52100,0,0.0,0,0,0,False,False,True,False,False,False,False,False,False,False,False,False,False,False,True,False,False,False,False,False,False,False,False,False,False,False,False,False,False,False
Anuncio actualizado el 28 de febrero,0,0,2.0,1,0,,en trámite,planta 2ª exterior,0,0,82648349,0,0,Cerezo de Arriba,"Calle Edificio Alamo, 1"," Calle Edificio Alamo, 1 , Cerezo de Arriba , Área de Sepúlveda - Cantalejo, Segovia ",,"Área de Sepúlveda - Cantalejo, Segovia",90,,2019-04-13,89000,0,3.0,1,0,0,False,False,True,False,False,False,False,False,False,False,False,False,False,False,False,False,False,False,False,False,False,False,False,False,False,False,False,False,False,False
Anuncio actualizado el 9 de abril,0,0,1.0,0,0,,no indicado,1 planta,0,0,82792082,5,,Duruelo,"Calle Rincón, 12"," Calle Rincón, 12 , Duruelo , Área de Sepúlveda - Cantalejo, Segovia ",,"Área de Sepúlveda - Cantalejo, Segovia",250,,2019-04-13,36000,0,2.0,0,0,0,False,False,False,True,False,False,False,False,False,False,False,False,False,False,False,False,False,False,False,False,False,False,False,False,False,False,False,False,False,False
Anuncio actualizado el 8 de abril,0,0,3.0,1,0,,no indicado,2 plantas,0,0,1823072,2,,Duruelo,Urb. montes de los cortos," Montes de los Cortos, 347 , Urb. montes de los cortos , Duruelo , Área de Sepúlveda - Cantalejo, Segovia ","Montes de los Cortos, 347","Área de Sepúlveda - Cantalejo, Segovia",2500,200,2019-04-13,175000,0,5.0,0,0,0,False,False,True,False,False,False,False,False,False,False,False,False,False,False,False,False,True,False,False,False,False,False,False,False,False,False,False,False,False,False
Anuncio actualizado el 27 de marzo,0,0,1.0,0,0,,,,0,0,82846297,2,,Turégano,Carretera Torreiglesias," Carretera Torreiglesias , Turégano , Área de Sepúlveda - Cantalejo, Segovia ",,"Área de Sepúlveda - Cantalejo, Segovia",132,111,2019-04-13,107801,0,3.0,0,0,0,False,False,True,False,False,False,False,False,False,False,False,False,False,False,False,False,False,False,False,False,False,False,False,False,False,False,False,False,False,False
Anuncio actualizado el 3 de marzo,0,0,2.0,0,1,,no indicado,2 plantas,0,0,82906300,3,,Navafria,"Arroyo de la Mata, 8"," Arroyo de la Mata, 8 , Navafria , Área de Sepúlveda - Cantalejo, Segovia ",,"Área de Sepúlveda - Cantalejo, Segovia",2,125,2019-04-13,115000,0,3.0,0,0,0,False,False,True,False,False,False,False,False,False,False,False,False,False,False,False,False,True,False,False,False,False,False,False,False,False,False,False,False,False,False
Anuncio actualizado el 1 de abril,0,0,0.0,0,0,,no indicado,2 plantas,0,0,82946095,1,,Pedraza,"Calle la Fuente, 22"," Calle la Fuente, 22 , Pedraza , Área de Sepúlveda - Cantalejo, Segovia ",,"Área de Sepúlveda - Cantalejo, Segovia",85,,2019-04-13,13500,0,3.0,0,0,0,False,False,False,True,False,False,False,False,False,False,False,False,False,False,False,False,False,False,False,False,False,False,False,False,False,False,False,False,False,False
Anuncio actualizado el 27 de marzo,0,0,1.0,0,0,,,,1,0,38612474,2,,Fuenterrebollo,Avenida jose antonio," Avenida jose antonio , Fuenterrebollo , Área de Sepúlveda - Cantalejo, Segovia ",,"Área de Sepúlveda - Cantalejo, Segovia",208,122,2019-04-13,30451,0,4.0,0,0,0,False,False,True,False,False,False,False,False,False,False,False,False,False,False,False,False,False,False,False,False,False,False,False,False,False,False,False,False,False,False
Anuncio actualizado el 27 de marzo,0,0,2.0,0,0,,,planta 1ª,0,0,38626353,0,0,Boceguillas,Calle bayona," Calle bayona , Boceguillas , Área de Sepúlveda - Cantalejo, Segovia ",,"Área de Sepúlveda - Cantalejo, Segovia",135,103,2019-04-13,37995,0,3.0,0,0,0,False,False,True,False,False,False,False,False,False,False,False,False,False,False,False,False,False,False,False,False,False,False,False,False,False,False,False,False,False,False
Anuncio actualizado el 27 de marzo,0,0,1.0,0,0,,,planta 2ª,0,0,83085404,0,0,Boceguillas,Plaza San Antonio," Plaza San Antonio , Boceguillas , Área de Sepúlveda - Cantalejo, Segovia ",,"Área de Sepúlveda - Cantalejo, Segovia",94,77,2019-04-13,48788,0,3.0,0,0,0,False,False,True,False,False,False,False,False,False,False,False,False,False,False,False,False,False,False,False,False,False,False,False,False,False,False,False,False,False,False
Anuncio actualizado el 7 de abril,0,1,0.0,0,1,,en trámite,3 plantas,1,1,83124586,1,,Condado de Castilnovo,"Calle Real, 2"," Calle Real, 2 , Condado de Castilnovo , Área de Sepúlveda - Cantalejo, Segovia ",,"Área de Sepúlveda - Cantalejo, Segovia",250,400,2019-04-13,110000,0,14.0,0,0,0,False,False,False,True,False,False,False,False,False,False,False,False,False,False,False,False,False,False,False,False,False,True,False,False,False,False,False,False,False,False
Anuncio actualizado el 28 de febrero,0,0,2.0,1,0,,en trámite,planta 2ª exterior,1,0,83202677,0,1,Cantalejo,"Calle Chopos, 4"," Calle Chopos, 4 , Cantalejo , Área de Sepúlveda - Cantalejo, Segovia ",,"Área de Sepúlveda - Cantalejo, Segovia",137,,2019-04-13,79000,0,3.0,1,0,1,False,False,True,False,False,False,False,False,False,False,False,False,False,False,False,False,False,False,False,False,False,False,False,False,False,False,False,False,False,False
Anuncio actualizado el 7 de abril,0,0,2.0,0,0,,,2 plantas,0,0,25952031,4,,Santo Tomé del Puerto,"Calle San Roque, 1"," Calle San Roque, 1 , Santo Tomé del Puerto , Área de Sepúlveda - Cantalejo, Segovia ",,"Área de Sepúlveda - Cantalejo, Segovia",62,145,2019-04-13,64200,0,5.0,1,0,1,False,False,True,False,False,False,False,False,True,False,False,False,False,False,False,False,False,False,False,False,False,False,False,False,False,False,True,False,False,False
Anuncio actualizado el 24 de enero,0,0,2.0,0,0,,en trámite,,0,0,83736477,2,,Castillejo de Mesleon,"Calle de Sepúlveda, 16"," Calle de Sepúlveda, 16 , Castillejo de Mesleon , Área de Sepúlveda - Cantalejo, Segovia ",,"Área de Sepúlveda - Cantalejo, Segovia",150,,2019-04-13,58000,0,7.0,1,0,0,False,False,True,False,False,False,False,False,False,False,False,False,False,False,False,False,False,False,False,False,False,False,False,False,False,False,False,False,False,False
Anuncio actualizado el 24 de enero,0,0,1.0,1,0,,en trámite,planta 1ª exterior,0,0,83745412,0,0,Cerezo de Arriba,"Calle Edificio Cedro, 1"," Calle Edificio Cedro, 1 , Cerezo de Arriba , Área de Sepúlveda - Cantalejo, Segovia ",,"Área de Sepúlveda - Cantalejo, Segovia",55,,2019-04-13,31000,0,1.0,0,0,0,False,False,True,False,False,False,False,False,False,False,False,False,False,False,False,False,False,False,False,False,False,False,False,False,False,False,False,False,False,False
Anuncio actualizado el 5 de marzo,0,0,2.0,1,0,,no indicado,planta 1ª exterior,0,1,83760093,0,0,Cerezo de Arriba,Urb. Urbanizacion Slalom," Estacion esqui La Pinilla s/n , Urb. Urbanizacion Slalom , Cerezo de Arriba , Área de Sepúlveda - Cantalejo, Segovia ",Estacion esqui La Pinilla s/n,"Área de Sepúlveda - Cantalejo, Segovia",95,,2019-04-13,95000,0,3.0,0,0,0,False,False,True,False,False,False,False,False,False,False,False,False,False,False,False,False,False,False,True,False,False,False,False,False,False,False,False,False,False,False
Anuncio actualizado el 13 de febrero,0,0,1.0,0,0,,no indicado,2 plantas,0,0,83917944,1,,Cantalejo,"Calle Generalísimo, 44"," Calle Generalísimo, 44 , Cantalejo , Área de Sepúlveda - Cantalejo, Segovia ",,"Área de Sepúlveda - Cantalejo, Segovia",200,,2019-04-13,95000,0,5.0,0,0,0,False,False,False,True,False,False,False,False,False,False,False,False,False,False,False,False,False,False,False,False,False,False,False,False,False,False,False,False,False,False
Anuncio actualizado el 12 de febrero,0,0,1.0,0,0,,no indicado,,0,0,429077,5,,Santa Marta del Cerro,"Calle Cercas, 3"," Calle Cercas, 3 , Santa Marta del Cerro , Área de Sepúlveda - Cantalejo, Segovia ",,"Área de Sepúlveda - Cantalejo, Segovia",561,,2019-04-13,55000,0,6.0,1,0,0,False,False,False,True,False,False,False,False,False,False,False,False,False,False,False,False,False,False,False,False,False,False,False,False,False,False,False,True,False,False
Anuncio actualizado el 7 de abril,0,0,1.0,0,1,,,2 plantas,0,0,84357564,1,,Castillejo de Mesleon,"Calle Riaza, 25"," Calle Riaza, 25 , Castillejo de Mesleon , Área de Sepúlveda - Cantalejo, Segovia ",,"Área de Sepúlveda - Cantalejo, Segovia",372,,2019-04-13,50000,0,5.0,0,0,0,False,False,False,True,False,False,False,False,False,False,False,False,False,False,False,False,False,False,False,False,False,False,False,False,False,False,False,False,False,False
Anuncio actualizado el 7 de abril,0,0,1.0,0,0,,en trámite,,0,0,84375237,1,,Barbolla,Calle Tomas Alonso s/n," Calle Tomas Alonso s/n , Barbolla , Área de Sepúlveda - Cantalejo, Segovia ",,"Área de Sepúlveda - Cantalejo, Segovia",125,,2019-04-13,58000,0,3.0,0,0,0,False,False,True,False,False,False,False,False,False,False,False,False,False,False,False,False,False,False,False,False,False,False,False,False,False,False,False,False,False,False
Anuncio actualizado el 7 de abril,0,0,1.0,0,0,,en trámite,,0,0,84376084,1,,Barbolla,Calle de Tomás Alonso Gómez s/n," Calle de Tomás Alonso Gómez s/n , Barbolla , Área de Sepúlveda - Cantalejo, Segovia ",,"Área de Sepúlveda - Cantalejo, Segovia",180,,2019-04-13,38000,0,3.0,0,0,0,False,False,True,False,False,False,False,False,False,False,False,False,False,False,False,False,False,False,False,False,False,False,False,False,False,False,False,False,False,False
Anuncio actualizado el 25 de febrero,0,0,1.0,1,0,,no indicado,planta 1ª exterior,0,0,35829155,0,0,Sepúlveda,"Calle Conde Sepúlveda, 10"," Calle Conde Sepúlveda, 10 , Sepúlveda , Área de Sepúlveda - Cantalejo, Segovia ",,"Área de Sepúlveda - Cantalejo, Segovia",50,,2019-04-13,70000,0,2.0,0,0,1,False,False,True,False,False,False,False,False,False,False,False,False,False,False,False,False,False,False,False,False,False,False,False,False,False,False,True,False,False,False
Anuncio actualizado el 7 de marzo,0,0,2.0,1,0,,no indicado,,0,1,84571122,2,,Duruelo,Urb. las villas de sotomosila," Calle J, 277 n , Urb. las villas de sotomosila , Duruelo , Área de Sepúlveda - Cantalejo, Segovia ","Calle J, 277 n","Área de Sepúlveda - Cantalejo, Segovia",1000,,2019-04-13,115000,0,3.0,0,0,0,False,False,True,False,True,False,False,False,False,False,False,False,False,False,False,False,False,False,False,False,False,False,False,False,False,False,False,False,False,False
Anuncio actualizado el 1 de abril,0,0,1.0,0,0,,,2 plantas,0,0,84791104,2,,Matabuena,Calle de la Fuentebuena s/n," Calle de la Fuentebuena s/n , Matabuena , Área de Sepúlveda - Cantalejo, Segovia ",,"Área de Sepúlveda - Cantalejo, Segovia",140,90,2019-04-13,150000,1,3.0,1,0,0,False,False,True,False,False,False,False,True,False,False,False,False,False,False,True,False,False,False,False,False,False,False,False,False,False,False,False,False,False,False
Anuncio actualizado el 11 de abril,0,0,1.0,1,0,1990,en trámite,,1,0,84869011,1,,Boceguillas,"real, 11"," real, 11 , Boceguillas , Área de Sepúlveda - Cantalejo, Segovia ",,"Área de Sepúlveda - Cantalejo, Segovia",80,78,2019-04-13,45000,0,3.0,1,0,0,False,False,True,False,False,False,False,False,True,False,False,False,False,False,False,False,False,False,False,False,False,False,False,False,False,False,False,False,False,False
Anuncio actualizado el 28 de mayo,0,0,1.0,0,0,,en trámite,bajo exterior,0,0,38821195,0,0,Turégano,," , Turégano , Área de Sepúlveda - Cantalejo, Segovia ",,"Área de Sepúlveda - Cantalejo, Segovia",130,128,2019-04-13,90000,0,3.0,0,0,0,False,False,False,True,False,False,False,False,False,False,False,False,False,False,False,False,False,False,False,False,False,False,False,False,False,False,False,False,False,False
Anuncio actualizado el 27 de marzo,0,0,2.0,0,0,2007,no indicado,,0,1,83549264,7,,Duruelo,," , Duruelo , Área de Sepúlveda - Cantalejo, Segovia ",,"Área de Sepúlveda - Cantalejo, Segovia",149,,2019-04-13,135000,0,4.0,0,0,1,False,False,True,False,False,False,False,False,False,False,False,False,False,False,False,False,False,False,False,False,False,False,False,False,False,False,False,False,False,False
Anuncio actualizado el 27 de marzo,0,0,2.0,0,0,,,planta 2ª,0,0,82303920,0,0,San Pedro de Gaillos,Calle San Isidro," Calle San Isidro , San Pedro de Gaillos , Área de Sepúlveda - Cantalejo, Segovia ",,"Área de Sepúlveda - Cantalejo, Segovia",304,152,2019-04-13,181842,0,3.0,0,0,0,False,False,True,False,False,False,False,False,False,False,False,False,False,False,False,False,False,False,False,False,False,False,False,False,False,False,False,False,False,False
Anuncio actualizado el 27 de marzo,0,0,1.0,0,0,,,planta 1ª,0,0,82303937,0,0,Cabezuela,Calle Real Baja," Calle Real Baja , Cabezuela , Área de Sepúlveda - Cantalejo, Segovia ",,"Área de Sepúlveda - Cantalejo, Segovia",254,82,2019-04-13,119416,0,4.0,0,0,0,False,False,True,False,False,False,False,False,False,False,False,False,False,False,False,False,False,False,False,False,False,False,False,False,False,False,False,False,False,False
Anuncio actualizado el 16 de febrero,0,0,3.0,0,0,,,,0,0,83663909,2,,Duruelo,Monte los Cortos," Monte los Cortos , Duruelo , Área de Sepúlveda - Cantalejo, Segovia ",,"Área de Sepúlveda - Cantalejo, Segovia",195,,2019-04-13,141500,0,4.0,0,0,0,False,False,True,False,False,False,False,False,False,False,False,False,False,False,False,False,False,False,False,False,False,False,False,False,False,False,False,False,False,False
Anuncio actualizado el 7 de abril,0,0,1.0,1,0,,no indicado,bajo exterior,0,0,27447168,0,0,Boceguillas,"Plaza San Antonio, 1"," Plaza San Antonio, 1 , Boceguillas , Área de Sepúlveda - Cantalejo, Segovia ",,"Área de Sepúlveda - Cantalejo, Segovia",70,65,2019-04-13,26000,0,3.0,1,0,0,False,False,False,True,False,False,False,False,False,False,False,False,False,False,False,False,False,False,False,False,False,False,False,False,False,False,True,False,False,False
Anuncio actualizado el 1 de abril,0,0,1.0,1,0,,en trámite,planta 3ª exterior,0,1,36286269,0,0,Cerezo de Arriba,Urb. Residencial slalom," Residencial slalom, 5 , Urb. Residencial slalom , Cerezo de Arriba , Área de Sepúlveda - Cantalejo, Segovia ","Residencial slalom, 5","Área de Sepúlveda - Cantalejo, Segovia",45,,2019-04-13,49900,0,1.0,0,0,0,False,False,True,False,False,False,False,True,False,False,False,False,False,False,False,False,False,False,False,False,False,False,False,False,False,False,False,False,False,False
Anuncio actualizado el 28 de marzo,0,1,7.0,1,1,,no indicado,,1,1,81920201,3,,Muñoveros,," , Muñoveros , Área de Sepúlveda - Cantalejo, Segovia ",,"Área de Sepúlveda - Cantalejo, Segovia",2000,,2019-04-13,950000,0,7.0,1,1,1,False,False,True,False,False,False,False,False,False,False,False,False,False,False,False,False,False,False,False,False,False,False,False,False,False,False,False,False,False,False
Anuncio actualizado el 8 de abril,0,0,2.0,0,0,,en trámite,2 plantas,0,0,82549264,4,,Turégano,," , Turégano , Área de Sepúlveda - Cantalejo, Segovia ",,"Área de Sepúlveda - Cantalejo, Segovia",78,180,2019-04-13,80000,0,3.0,0,0,0,False,False,False,True,False,False,False,False,False,False,False,False,False,True,False,False,False,False,False,False,False,False,False,False,False,False,False,False,False,False
Anuncio actualizado el 1 de febrero,0,0,1.0,0,0,,en trámite,2 plantas,0,0,83487829,9,,Cantalejo,Calle Padilla," Calle Padilla , Cantalejo , Área de Sepúlveda - Cantalejo, Segovia ",,"Área de Sepúlveda - Cantalejo, Segovia",90,,2019-04-13,109000,0,2.0,0,0,0,False,False,False,False,False,False,False,False,False,False,False,False,False,False,False,False,False,False,False,False,False,False,False,False,False,False,False,False,False,False
Anuncio actualizado el 30 de enero,0,1,2.0,1,0,,en trámite,2 plantas,1,1,83609534,2,,Santo Tomé del Puerto,Calle de la plaza," Calle de la plaza , Santo Tomé del Puerto , Área de Sepúlveda - Cantalejo, Segovia ",,"Área de Sepúlveda - Cantalejo, Segovia",300,180,2019-04-13,125000,0,3.0,1,0,1,False,False,False,True,False,False,False,True,False,False,False,False,False,False,False,False,False,False,False,False,False,False,False,False,False,False,False,False,False,False
Anuncio actualizado el 7 de abril,0,1,2.0,1,0,,no indicado,planta 2ª exterior,1,0,84630305,0,0,Pradena,"Calle Amargura, 1"," Calle Amargura, 1 , Pradena , Área de Sepúlveda - Cantalejo, Segovia ",,"Área de Sepúlveda - Cantalejo, Segovia",168,,2019-04-13,120000,0,5.0,0,0,0,False,False,True,False,False,False,False,True,False,False,False,False,False,False,False,False,False,False,False,False,False,False,False,False,False,False,False,False,False,False
Anuncio actualizado el 12 de abril,0,1,2.0,0,1,,en trámite,2 plantas,1,1,84695434,1,,Duruelo,"Calle Cantarranas, 28"," Calle Cantarranas, 28 , Duruelo , Área de Sepúlveda - Cantalejo, Segovia ",,"Área de Sepúlveda - Cantalejo, Segovia",150,150,2019-04-13,100000,0,5.0,1,0,1,False,False,True,False,False,False,False,True,False,False,False,False,False,False,False,False,False,False,False,False,False,False,False,False,False,False,True,False,False,False
Anuncio actualizado el 31 de marzo,0,0,2.0,0,0,,,2 plantas,0,0,84880757,1,,Casla,"Calle Zagalasazas, 3"," Calle Zagalasazas, 3 , Casla , Área de Sepúlveda - Cantalejo, Segovia ",,"Área de Sepúlveda - Cantalejo, Segovia",26,81,2019-04-13,129000,0,3.0,0,0,0,False,False,True,False,False,False,False,False,False,False,False,False,False,False,True,False,False,False,False,False,False,False,False,False,False,False,False,False,False,False
Anuncio actualizado el 7 de abril,0,0,1.0,1,0,,no indicado,1 planta,1,1,84881277,2,,Boceguillas,"Calle Real, 22"," Calle Real, 22 , Boceguillas , Área de Sepúlveda - Cantalejo, Segovia ",,"Área de Sepúlveda - Cantalejo, Segovia",2000,,2019-04-13,110000,0,2.0,1,0,0,False,False,False,True,False,False,False,False,False,False,False,False,False,False,False,False,False,False,False,False,False,False,False,False,False,False,False,False,False,False
Anuncio actualizado el 3 de abril,1,0,2.0,0,0,2007,no indicado,,1,0,81694253,7,,Sepúlveda,Urb. null," Carretera Boceguillas, 22 , Urb. null , Sepúlveda , Área de Sepúlveda - Cantalejo, Segovia ","Carretera Boceguillas, 22","Área de Sepúlveda - Cantalejo, Segovia",215,215,2019-04-13,131250,0,4.0,0,0,1,False,False,False,True,False,False,False,False,False,False,False,False,False,True,False,False,False,False,False,False,False,False,False,False,False,False,False,False,False,False
Anuncio actualizado el 5 de diciembre,0,0,1.0,0,0,,no indicado,planta 1ª exterior,0,0,36640328,12,1,Cerezo de Arriba,"cerezuelos, 1"," cerezuelos, 1 , Cerezo de Arriba , Área de Sepúlveda - Cantalejo, Segovia ",,"Área de Sepúlveda - Cantalejo, Segovia",40,35,2019-04-13,32000,0,0.0,0,0,0,False,False,True,False,False,False,False,False,False,False,False,False,False,False,False,False,False,False,False,False,False,False,False,False,False,False,False,False,False,False
Anuncio actualizado el 7 de abril,0,0,1.0,1,0,,no indicado,1 planta,1,1,27940532,2,,Aldealengua de Pedraza,"Calle Barrio Cotanillo, 2"," Calle Barrio Cotanillo, 2 , Aldealengua de Pedraza , Área de Sepúlveda - Cantalejo, Segovia ",,"Área de Sepúlveda - Cantalejo, Segovia",1550,90,2019-04-13,250000,0,3.0,1,1,1,False,False,True,False,False,False,False,True,False,False,False,False,False,False,False,False,False,False,False,False,False,False,False,False,False,False,False,False,True,False
Anuncio actualizado el 21 de marzo,0,0,2.0,1,0,,,2 plantas,1,1,34415140,5,,Grajera,"Calle poza chiquita, 3"," Calle poza chiquita, 3 , Grajera , Área de Sepúlveda - Cantalejo, Segovia ",,"Área de Sepúlveda - Cantalejo, Segovia",74,,2019-04-13,130000,0,4.0,0,0,0,False,False,True,False,False,False,False,False,False,True,False,False,False,False,False,False,False,False,False,False,False,False,False,False,False,False,False,False,True,False
Anuncio actualizado el 31 de marzo,1,1,5.0,0,1,1975,no indicado,3 plantas,1,1,39870441,10,,Casla,Urb. Es un edificio individual con vistas a las 4calles," Calle Mayor, 14 D , Urb. Es un edificio individual con vistas a las 4calles , Casla , Área de Sepúlveda - Cantalejo, Segovia ","Calle Mayor, 14 D","Área de Sepúlveda - Cantalejo, Segovia",380,100,2019-04-13,340000,0,5.0,1,0,1,False,False,True,False,False,False,False,False,False,False,True,False,False,False,False,False,False,False,False,False,False,False,False,False,False,False,True,False,False,False
Anuncio actualizado el 8 de abril,0,0,2.0,1,0,,en trámite,3 plantas,0,1,82565808,2,,Duruelo,"Monte los Cortos, 115"," Monte los Cortos, 115 , Duruelo , Área de Sepúlveda - Cantalejo, Segovia ",,"Área de Sepúlveda - Cantalejo, Segovia",3000,,2019-04-13,165000,0,5.0,1,0,1,False,False,True,False,False,False,False,False,False,False,False,False,False,False,False,False,False,False,False,False,False,False,False,False,False,False,False,False,False,False
Anuncio actualizado el 26 de marzo,0,0,1.0,0,0,,no indicado,1 planta,0,0,82945269,1,,Gallegos,"Trillamata, 11"," Trillamata, 11 , Gallegos , Área de Sepúlveda - Cantalejo, Segovia ",,"Área de Sepúlveda - Cantalejo, Segovia",72,60,2019-04-13,40000,0,3.0,1,0,0,False,False,True,False,False,False,False,False,False,False,False,False,False,False,False,False,False,False,False,False,False,False,False,False,False,False,False,False,False,False
Anuncio actualizado el 22 de marzo,0,0,2.0,1,0,,en trámite,,0,1,83693182,2,,Barbolla,"Calle Eras, 16"," Calle Eras, 16 , Barbolla , Área de Sepúlveda - Cantalejo, Segovia ",,"Área de Sepúlveda - Cantalejo, Segovia",285,,2019-04-13,96000,0,4.0,1,0,0,False,False,True,False,False,False,False,False,False,False,False,False,False,False,False,False,False,False,False,False,False,False,False,False,False,False,False,False,False,False
Anuncio actualizado el 18 de marzo,0,0,1.0,0,0,,en trámite,,0,0,84537795,1,,Grajera,"Calle la Amistad, 16"," Calle la Amistad, 16 , Grajera , Área de Sepúlveda - Cantalejo, Segovia ",,"Área de Sepúlveda - Cantalejo, Segovia",75,,2019-04-13,85000,0,2.0,0,0,1,False,False,True,False,False,False,False,False,False,False,False,False,False,False,False,False,False,False,False,False,False,False,False,False,False,False,False,False,False,False
Anuncio actualizado el 2 de abril,0,0,1.0,0,0,1850,no indicado,1 planta,1,0,82190823,1,,Matabuena,Calle San Sebastián s/n," Calle San Sebastián s/n , Matabuena , Área de Sepúlveda - Cantalejo, Segovia ",,"Área de Sepúlveda - Cantalejo, Segovia",600,,2019-04-13,120000,0,3.0,0,0,0,False,False,False,True,False,False,False,False,False,False,False,False,False,False,False,False,False,False,False,False,False,False,False,False,False,False,False,False,False,False
Anuncio actualizado el 28 de junio,0,0,9.0,0,0,1900,en trámite,3 plantas,0,0,32999396,10,,Sepúlveda,," , Sepúlveda , Área de Sepúlveda - Cantalejo, Segovia ",,"Área de Sepúlveda - Cantalejo, Segovia",206,,2019-04-13,200000,0,12.0,0,0,0,False,False,False,True,False,False,False,False,False,False,False,False,False,False,False,False,False,False,False,False,False,False,False,False,False,False,False,True,False,False
Anuncio actualizado el 22 de febrero,0,0,1.0,0,0,1980,,bajo,0,0,81804725,0,,Cantalejo,Calle Echegaray," Calle Echegaray , Cantalejo , Área de Sepúlveda - Cantalejo, Segovia ",,"Área de Sepúlveda - Cantalejo, Segovia",86,,2019-04-13,70000,0,3.0,0,0,0,False,False,False,False,False,False,False,False,False,False,False,False,False,False,False,False,False,False,False,False,False,False,False,False,False,False,False,False,False,False
Anuncio actualizado el 29 de enero,0,0,1.0,0,0,,no indicado,,0,1,38736210,9,,Torre Val de San Pedro,," , Torre Val de San Pedro , Área de Sepúlveda - Cantalejo, Segovia ",,"Área de Sepúlveda - Cantalejo, Segovia",316,130,2019-04-13,165000,0,2.0,0,0,0,False,False,True,False,False,False,False,False,False,False,False,False,False,False,False,False,False,False,False,False,False,False,False,False,False,False,False,False,False,False
Anuncio actualizado el 29 de octubre,0,0,2.0,1,0,1982,en trámite,bajo exterior,0,0,82352998,0,0,Boceguillas,," , Boceguillas , Área de Sepúlveda - Cantalejo, Segovia ",,"Área de Sepúlveda - Cantalejo, Segovia",75,,2019-04-13,55000,0,3.0,0,0,0,False,False,True,False,False,False,False,False,True,False,False,False,False,False,False,False,False,False,False,False,False,False,False,False,False,False,False,True,False,False
Anuncio actualizado el 21 de febrero,0,0,2.0,1,0,2006,no indicado,bajo exterior,0,0,82013548,8,0,Grajera,," , Grajera , Área de Sepúlveda - Cantalejo, Segovia ",,"Área de Sepúlveda - Cantalejo, Segovia",101,87,2019-04-13,65000,0,2.0,0,0,0,False,False,True,False,False,False,False,False,False,False,False,False,False,False,False,False,True,False,False,False,False,False,False,False,False,False,False,False,False,False
Anuncio actualizado el 3 de enero,0,0,2.0,0,1,1985,en trámite,,0,0,83735307,1,,Castillejo de Mesleon,Calle Sepulveda," Calle Sepulveda , Castillejo de Mesleon , Área de Sepúlveda - Cantalejo, Segovia ",,"Área de Sepúlveda - Cantalejo, Segovia",150,,2019-04-13,58000,1,8.0,1,0,1,False,False,True,False,False,False,False,False,False,False,False,False,False,False,False,False,False,False,False,False,False,False,False,False,False,False,False,False,False,False
Anuncio actualizado el 3 de febrero,0,0,3.0,1,0,,no indicado,2 plantas,0,0,32193567,4,,Arcones,Calle de la fuente s/n," Calle de la fuente s/n , Arcones , Área de Sepúlveda - Cantalejo, Segovia ",,"Área de Sepúlveda - Cantalejo, Segovia",130,,2019-04-13,217000,0,3.0,1,0,0,False,False,True,False,False,False,False,False,False,False,False,False,False,False,True,False,False,False,False,False,False,False,False,False,False,False,False,False,False,False
Anuncio actualizado el 18 de enero,0,0,0.0,0,0,,en trámite,,0,0,36288984,7,,Turégano,Plaza Santiago," Plaza Santiago , Turégano , Área de Sepúlveda - Cantalejo, Segovia ",,"Área de Sepúlveda - Cantalejo, Segovia",113,98,2019-04-13,90000,0,0.0,0,0,0,False,False,False,True,False,False,False,False,False,False,False,False,False,False,False,False,False,False,False,False,False,False,False,False,False,False,False,False,False,False
Anuncio actualizado el 4 de abril,0,1,2.0,1,0,2000,no indicado,planta 3ª,0,0,84751929,6,1,Cantalejo,," , Cantalejo , Área de Sepúlveda - Cantalejo, Segovia ",,"Área de Sepúlveda - Cantalejo, Segovia",115,92,2019-04-13,120000,0,3.0,0,0,1,False,False,True,False,False,False,False,False,False,False,False,False,False,False,False,False,False,False,False,False,False,False,False,False,False,False,False,False,False,False
Anuncio actualizado el 7 de abril,0,0,3.0,0,0,,no indicado,3 plantas,0,1,1670441,2,,Matabuena,"Calle Caces, 6"," Calle Caces, 6 , Matabuena , Área de Sepúlveda - Cantalejo, Segovia ",,"Área de Sepúlveda - Cantalejo, Segovia",800,305,2019-04-13,780000,0,2.0,1,0,1,False,False,True,False,False,False,False,False,False,False,False,False,False,False,False,False,False,False,False,False,False,False,False,False,False,False,False,False,False,False
Anuncio actualizado el 18 de marzo,0,0,3.0,1,0,,no indicado,2 plantas,0,1,28420997,2,,Ventosilla y Tejadilla,"las Casas Altas, 1"," las Casas Altas, 1 , Ventosilla y Tejadilla , Área de Sepúlveda - Cantalejo, Segovia ",,"Área de Sepúlveda - Cantalejo, Segovia",360,,2019-04-13,150000,0,3.0,0,0,1,False,False,True,False,False,False,False,False,False,False,False,False,False,False,False,False,False,False,False,False,False,False,False,False,True,False,False,False,False,False
Anuncio actualizado el 26 de noviembre,0,0,2.0,1,0,,en trámite,,1,1,33803588,2,,Cerezo de Arriba,"Calle del monge, 17"," Calle del monge, 17 , Cerezo de Arriba , Área de Sepúlveda - Cantalejo, Segovia ",,"Área de Sepúlveda - Cantalejo, Segovia",225,,2019-04-13,175000,0,4.0,1,0,1,False,False,True,False,False,False,False,False,False,False,False,False,False,False,False,False,False,False,False,False,False,False,False,False,False,False,True,False,False,False
Anuncio actualizado el 5 de febrero,0,0,0.0,0,0,,en trámite,,0,1,33876714,1,,Boceguillas,"Calle mesón, 2"," Calle mesón, 2 , Boceguillas , Área de Sepúlveda - Cantalejo, Segovia ",,"Área de Sepúlveda - Cantalejo, Segovia",370,,2019-04-13,42000,0,0.0,0,0,0,False,False,False,True,False,False,False,False,False,False,False,False,False,False,False,False,False,False,False,False,False,False,False,False,False,False,False,False,False,False
Anuncio actualizado el 7 de abril,0,0,3.0,1,0,,no indicado,2 plantas,1,1,382258,2,,Duruelo,Urb. urbanización villas de sotomosila," Calle k, 345 , Urb. urbanización villas de sotomosila , Duruelo , Área de Sepúlveda - Cantalejo, Segovia ","Calle k, 345","Área de Sepúlveda - Cantalejo, Segovia",1015,,2019-04-13,140000,0,3.0,1,0,1,False,False,True,False,False,False,False,False,False,False,False,False,False,False,True,False,False,False,False,False,False,False,False,False,False,False,False,False,False,False
Anuncio actualizado el 8 de abril,0,0,3.0,1,0,,no indicado,1 planta,1,1,35802571,2,,Santo Tomé del Puerto,"Camino Villarejo, 19"," Camino Villarejo, 19 , Santo Tomé del Puerto , Área de Sepúlveda - Cantalejo, Segovia ",,"Área de Sepúlveda - Cantalejo, Segovia",9000,160,2019-04-13,498000,0,6.0,0,0,1,False,False,True,False,False,False,False,False,False,False,False,False,False,False,False,False,False,False,False,False,False,False,False,False,False,False,False,False,False,False
Anuncio actualizado el 4 de diciembre,0,0,1.0,0,0,,,,1,0,82580177,2,,Casla,," , Casla , Área de Sepúlveda - Cantalejo, Segovia ",,"Área de Sepúlveda - Cantalejo, Segovia",430,,2019-04-13,150000,0,3.0,0,0,0,False,False,True,False,False,False,False,True,False,False,False,False,False,False,False,False,False,False,False,False,False,False,False,False,False,False,False,False,False,False
Anuncio actualizado el 4 de diciembre,0,0,5.0,1,1,,en trámite,,0,0,82784641,3,,Cubillo,," , Cubillo , Área de Sepúlveda - Cantalejo, Segovia ",,"Área de Sepúlveda - Cantalejo, Segovia",427,,2019-04-13,450000,0,5.0,0,0,1,False,False,True,False,False,False,False,True,False,False,False,False,False,False,False,False,False,False,False,False,False,False,False,False,False,False,False,False,False,False
Anuncio actualizado el 31 de marzo,0,0,2.0,0,0,2002,no indicado,2 plantas,1,1,40530009,4,,Urueñas,Camino Calvario s/n," Camino Calvario s/n , Urueñas , Área de Sepúlveda - Cantalejo, Segovia ",,"Área de Sepúlveda - Cantalejo, Segovia",100,100,2019-04-13,110000,0,3.0,0,0,0,False,False,True,False,False,False,False,False,False,False,False,False,False,False,False,False,True,False,False,False,False,False,False,False,False,False,False,False,False,False
Anuncio actualizado el 10 de abril,0,0,2.0,0,0,2007,en trámite,,0,0,84106736,7,,Turégano,," , Turégano , Área de Sepúlveda - Cantalejo, Segovia ",,"Área de Sepúlveda - Cantalejo, Segovia",118,,2019-04-13,189000,0,3.0,0,0,0,False,False,True,False,False,False,False,False,False,False,False,False,False,False,False,False,False,False,False,False,False,False,False,False,False,False,False,False,False,False
Anuncio actualizado el 23 de marzo,0,0,1.0,1,0,,no indicado,planta 1ª,0,0,38826965,0,0,Boceguillas,"Calle bayona, 25"," Calle bayona, 25 , Boceguillas , Área de Sepúlveda - Cantalejo, Segovia ",,"Área de Sepúlveda - Cantalejo, Segovia",134,103,2019-04-13,37995,0,3.0,0,0,0,False,False,False,False,False,False,False,False,False,False,False,False,False,False,False,False,False,False,False,False,False,False,False,False,False,False,False,False,False,False
Anuncio actualizado el 3 de marzo,0,0,3.0,0,0,,no indicado,3 plantas,0,0,30516028,2,,Sepúlveda,"Calle Santos Justo y Pastor, 9"," Calle Santos Justo y Pastor, 9 , Sepúlveda , Área de Sepúlveda - Cantalejo, Segovia ",,"Área de Sepúlveda - Cantalejo, Segovia",80,343,2019-04-13,130000,0,13.0,1,0,0,False,False,False,True,False,False,False,False,False,False,False,False,False,False,False,True,False,False,False,False,False,False,False,False,False,False,False,False,False,False
Anuncio actualizado el 27 de enero,0,0,1.0,0,0,,en trámite,3 plantas,1,0,31795403,2,,Duruelo,"Camino fuente, 3 A"," Camino fuente, 3 A , Duruelo , Área de Sepúlveda - Cantalejo, Segovia ",,"Área de Sepúlveda - Cantalejo, Segovia",3800,,2019-04-13,155000,0,1.0,0,0,1,False,False,True,False,False,False,False,False,False,False,False,False,False,False,False,False,False,False,False,False,False,False,False,False,False,False,True,False,False,False
Anuncio actualizado el 8 de abril,0,0,1.0,0,0,,no indicado,,0,0,31888834,9,,Bercimuel,"Avenida fuentecillas s/n, 1"," Avenida fuentecillas s/n, 1 , Bercimuel , Área de Sepúlveda - Cantalejo, Segovia ",,"Área de Sepúlveda - Cantalejo, Segovia",430,,2019-04-13,27000,0,1.0,0,0,0,False,False,True,False,False,False,False,False,False,False,False,False,False,False,True,False,False,False,False,False,False,False,False,False,False,False,False,False,False,False
Anuncio actualizado el 19 de noviembre,0,0,3.0,1,0,,en trámite,4 plantas,1,0,34101472,4,,Cantalejo,"Calle jacinto san inocencio, 10"," Calle jacinto san inocencio, 10 , Cantalejo , Área de Sepúlveda - Cantalejo, Segovia ",,"Área de Sepúlveda - Cantalejo, Segovia",215,,2019-04-13,179000,0,3.0,0,0,1,False,False,True,False,False,False,False,False,False,False,False,False,False,False,False,False,False,False,False,False,False,False,False,False,False,False,False,False,False,False
Anuncio actualizado el 31 de marzo,0,0,1.0,0,1,,no indicado,2 plantas,0,1,34798346,1,,Sepúlveda,"Calle Fernán González, 11"," Calle Fernán González, 11 , Sepúlveda , Área de Sepúlveda - Cantalejo, Segovia ",,"Área de Sepúlveda - Cantalejo, Segovia",140,,2019-04-13,100000,0,6.0,0,0,0,False,False,False,True,False,False,False,False,False,False,False,False,False,False,False,False,False,False,False,False,False,False,False,False,False,False,False,False,False,False
Anuncio actualizado el 10 de abril,0,0,2.0,0,0,,en trámite,,1,0,38579338,2,,Duruelo,"Calle J, 302"," Calle J, 302 , Duruelo , Área de Sepúlveda - Cantalejo, Segovia ",,"Área de Sepúlveda - Cantalejo, Segovia",1000,,2019-04-13,140000,0,3.0,0,0,0,False,False,False,True,False,False,False,False,False,False,False,False,False,False,False,False,False,False,False,False,False,False,False,False,False,False,False,False,False,False
Anuncio actualizado el 10 de abril,0,0,2.0,0,0,,en trámite,1 planta,0,1,39021358,2,,Duruelo,"Calle J, 275"," Calle J, 275 , Duruelo , Área de Sepúlveda - Cantalejo, Segovia ",,"Área de Sepúlveda - Cantalejo, Segovia",1000,,2019-04-13,120000,0,3.0,0,0,0,False,False,False,True,False,False,False,False,False,False,False,False,False,False,False,False,False,False,False,False,False,False,False,False,False,False,False,False,False,False
Anuncio actualizado el 24 de marzo,0,0,4.0,0,0,,no indicado,3 plantas,0,0,37929078,1,,Sepúlveda,"Calle Santos Justo y Pastor, 4"," Calle Santos Justo y Pastor, 4 , Sepúlveda , Área de Sepúlveda - Cantalejo, Segovia ",,"Área de Sepúlveda - Cantalejo, Segovia",618,,2019-04-13,250000,0,11.0,0,0,0,False,False,False,True,False,False,False,False,False,False,False,False,False,False,False,False,False,False,False,False,False,False,False,False,False,False,False,False,False,False
Anuncio actualizado el 16 de marzo,0,0,3.0,1,1,,,2 plantas,0,0,37252501,3,,Arcones,Calle de la fuente s/n," Calle de la fuente s/n , Arcones , Área de Sepúlveda - Cantalejo, Segovia ",,"Área de Sepúlveda - Cantalejo, Segovia",130,,2019-04-13,200000,0,3.0,0,0,0,False,False,True,False,False,False,False,False,False,False,False,False,False,False,False,True,False,False,False,False,False,False,False,False,False,False,False,False,False,False
Anuncio actualizado el 26 de noviembre,0,0,3.0,1,0,,,4 plantas,1,0,1659842,4,,Sepúlveda,Urb. buen hombre," Carretera Sg-233, 2 , Urb. buen hombre , Sepúlveda , Área de Sepúlveda - Cantalejo, Segovia ","Carretera Sg-233, 2","Área de Sepúlveda - Cantalejo, Segovia",260,185,2019-04-13,250000,0,3.0,0,0,1,False,False,True,False,False,False,False,False,False,False,False,False,False,False,False,False,False,False,False,False,True,False,False,False,False,False,False,False,False,False
Anuncio actualizado el 7 de abril,0,1,6.0,1,0,2009,,2 plantas,0,1,1720650,2,,Castroserna de Abajo,"Calle Arroyo Carrascal, 14"," Calle Arroyo Carrascal, 14 , Castroserna de Abajo , Área de Sepúlveda - Cantalejo, Segovia ",,"Área de Sepúlveda - Cantalejo, Segovia",21,257,2019-04-13,150000,1,5.0,1,0,1,False,False,True,False,False,False,False,True,False,False,False,False,False,False,False,False,True,False,False,False,False,False,False,False,False,False,False,False,False,False
Anuncio actualizado el 7 de enero,0,0,2.0,1,0,,no indicado,1 planta,1,1,25508584,2,,Duruelo,Urb. Parcela 272," Calle urbanización Monte Cortos, 272 , Urb. Parcela 272 , Duruelo , Área de Sepúlveda - Cantalejo, Segovia ","Calle urbanización Monte Cortos, 272","Área de Sepúlveda - Cantalejo, Segovia",2200,120,2019-04-13,119900,0,3.0,1,0,0,False,False,False,True,False,False,False,False,False,False,False,False,False,False,False,False,True,False,False,False,False,False,False,False,False,False,False,False,False,False
Anuncio actualizado el 7 de abril,0,0,2.0,1,0,,no indicado,planta 1ª exterior,0,1,26228758,0,0,Cerezo de Arriba,Urb. LA BUITRERA," Estación de Esqui la Pinilla, 10 , Urb. LA BUITRERA , Cerezo de Arriba , Área de Sepúlveda - Cantalejo, Segovia ","Estación de Esqui la Pinilla, 10","Área de Sepúlveda - Cantalejo, Segovia",75,73,2019-04-13,68000,0,2.0,1,0,0,False,False,True,False,False,False,False,True,False,False,False,False,False,False,True,False,False,False,False,False,False,False,False,False,False,False,False,False,False,False
Anuncio actualizado el 1 de abril,0,0,1.0,0,0,,no indicado,1 planta,0,0,30142319,2,,La Matilla,"Calle Amarguras, 20"," Calle Amarguras, 20 , La Matilla , Área de Sepúlveda - Cantalejo, Segovia ",,"Área de Sepúlveda - Cantalejo, Segovia",243,,2019-04-13,85000,0,3.0,0,0,0,False,False,True,False,False,False,False,False,False,False,False,False,False,False,False,False,False,False,False,False,False,False,False,False,False,False,False,False,False,False
Anuncio actualizado el 10 de marzo,1,0,2.0,1,0,,no indicado,2 plantas,1,1,31131444,2,,Sepúlveda,Calle real s/n," Calle real s/n , Sepúlveda , Área de Sepúlveda - Cantalejo, Segovia ",,"Área de Sepúlveda - Cantalejo, Segovia",300,,2019-04-13,160000,0,4.0,1,0,1,False,False,True,False,False,False,False,False,False,False,False,False,False,False,False,False,False,False,False,False,False,False,False,False,False,False,False,False,False,False
Anuncio actualizado el 10 de abril,0,0,2.0,1,0,,en trámite,planta 3ª exterior,0,1,32393072,8,1,Cerezo de Arriba,Urb. SERRANOVA," Pinilla, 45 , Urb. SERRANOVA , Cerezo de Arriba , Área de Sepúlveda - Cantalejo, Segovia ","Pinilla, 45","Área de Sepúlveda - Cantalejo, Segovia",62,57,2019-04-13,65000,0,3.0,0,1,1,False,False,True,False,False,False,False,False,False,False,False,False,False,False,False,False,False,False,False,False,False,False,False,False,False,False,False,False,False,False
Anuncio actualizado el 8 de abril,0,1,2.0,1,0,2006,en trámite,1 planta,1,1,33204835,2,,Boceguillas,"Calle iglesia, 7"," Calle iglesia, 7 , Boceguillas , Área de Sepúlveda - Cantalejo, Segovia ",,"Área de Sepúlveda - Cantalejo, Segovia",748,,2019-04-13,185000,0,3.0,0,1,1,False,False,True,False,False,False,False,False,False,False,False,False,False,False,False,False,False,False,False,False,False,False,False,False,False,False,True,False,False,False
Anuncio actualizado el 25 de marzo,0,0,3.0,0,0,,en trámite,,0,0,34542833,4,,Arcones,"Calle real, 50"," Calle real, 50 , Arcones , Área de Sepúlveda - Cantalejo, Segovia ",,"Área de Sepúlveda - Cantalejo, Segovia",165,,2019-04-13,185000,0,3.0,0,0,1,False,False,True,False,False,False,False,False,False,False,False,False,False,False,False,False,False,False,False,False,False,False,False,False,False,False,True,False,False,False
Anuncio actualizado el 31 de marzo,0,0,2.0,1,0,,no indicado,1 planta,1,0,28134729,2,,Muñoveros,"Calle del Rosario, 13"," Calle del Rosario, 13 , Muñoveros , Área de Sepúlveda - Cantalejo, Segovia ",,"Área de Sepúlveda - Cantalejo, Segovia",300,,2019-04-13,150000,0,4.0,0,0,0,False,False,True,False,False,False,False,False,False,False,False,False,False,False,False,False,False,False,False,False,False,False,False,False,False,False,False,False,False,False
Anuncio actualizado el 8 de marzo,0,0,2.0,0,1,,no indicado,2 plantas,0,0,36418931,1,,Santiuste de Pedraza,"Calle Alivio, 3"," Calle Alivio, 3 , Santiuste de Pedraza , Área de Sepúlveda - Cantalejo, Segovia ",,"Área de Sepúlveda - Cantalejo, Segovia",160,,2019-04-13,80000,0,5.0,0,0,1,False,False,False,True,False,False,False,False,False,False,False,False,False,True,False,False,False,False,False,False,False,False,False,False,False,False,False,False,False,False
Anuncio actualizado el 16 de diciembre,0,0,3.0,0,0,,no indicado,3 plantas,0,1,38848743,1,,Santo Tomé del Puerto,"Calle la Mata, 1"," Calle la Mata, 1 , Santo Tomé del Puerto , Área de Sepúlveda - Cantalejo, Segovia ",,"Área de Sepúlveda - Cantalejo, Segovia",358,,2019-04-13,180000,0,7.0,1,0,1,False,False,True,False,False,False,False,False,False,False,False,False,False,False,False,False,False,False,False,False,False,False,False,False,True,False,False,False,False,False
Anuncio actualizado el 26 de marzo,0,1,3.0,0,0,,inmueble exento,3 plantas,0,0,40202713,4,,Sepúlveda,"Calle Cristo de Piedra, 6"," Calle Cristo de Piedra, 6 , Sepúlveda , Área de Sepúlveda - Cantalejo, Segovia ",,"Área de Sepúlveda - Cantalejo, Segovia",210,,2019-04-13,199000,0,3.0,1,0,1,False,False,True,False,False,False,False,False,False,False,False,False,False,False,False,False,False,False,False,False,False,False,False,False,False,False,False,False,False,False
Anuncio actualizado el 9 de diciembre,0,0,2.0,0,1,,no indicado,2 plantas,0,0,40409243,1,,Santiuste de Pedraza,"Calle Callejon, 1"," Calle Callejon, 1 , Santiuste de Pedraza , Área de Sepúlveda - Cantalejo, Segovia ",,"Área de Sepúlveda - Cantalejo, Segovia",200,150,2019-04-13,240000,0,5.0,0,0,0,False,False,True,False,False,False,False,False,False,False,False,False,False,False,False,False,False,False,False,False,False,False,False,False,False,False,False,False,False,False
Anuncio actualizado el 7 de abril,0,0,2.0,0,0,,,2 plantas,1,1,1624320,2,,Turégano,"Calle Adelantado, 77"," Calle Adelantado, 77 , Turégano , Área de Sepúlveda - Cantalejo, Segovia ",,"Área de Sepúlveda - Cantalejo, Segovia",100,100,2019-04-13,85000,0,3.0,1,0,1,False,False,True,False,False,False,False,True,False,False,False,False,False,False,False,False,False,False,False,False,False,False,False,False,False,False,False,False,False,False
Anuncio actualizado el 7 de abril,0,0,3.0,1,1,,no indicado,1 planta,0,0,81844232,1,,Santiuste de Pedraza,"Plaza de las escuelas SGV2315, 2315 SGV"," Plaza de las escuelas SGV2315, 2315 SGV , Santiuste de Pedraza , Área de Sepúlveda - Cantalejo, Segovia ",,"Área de Sepúlveda - Cantalejo, Segovia",190,,2019-04-13,220000,0,3.0,1,0,0,False,False,True,False,False,False,False,False,False,False,False,False,False,False,True,False,False,False,False,False,False,False,False,False,False,False,False,False,False,False
Anuncio actualizado el 7 de abril,0,0,2.0,1,1,,,2 plantas,1,0,81925782,1,,Turégano,"Camino de Torreiglesias, 2"," Camino de Torreiglesias, 2 , Turégano , Área de Sepúlveda - Cantalejo, Segovia ",,"Área de Sepúlveda - Cantalejo, Segovia",130,128,2019-04-13,120000,0,2.0,1,0,0,False,False,True,False,False,False,False,True,False,False,False,False,False,False,False,False,False,False,False,False,False,False,False,False,False,False,True,False,False,False
Anuncio actualizado el 17 de marzo,0,1,3.0,0,0,1970,no indicado,3 plantas,0,0,82074567,1,,Turégano,"Calle Real, 14"," Calle Real, 14 , Turégano , Área de Sepúlveda - Cantalejo, Segovia ",,"Área de Sepúlveda - Cantalejo, Segovia",260,190,2019-04-13,175000,0,6.0,1,0,0,False,False,False,True,False,False,False,False,False,False,False,False,False,False,False,False,False,False,False,False,False,False,False,False,True,False,False,False,False,False
Anuncio actualizado el 7 de abril,0,1,3.0,1,0,,en trámite,3 plantas,0,0,82144420,4,,Sepúlveda,"Calle Cristo de Piedra, 6"," Calle Cristo de Piedra, 6 , Sepúlveda , Área de Sepúlveda - Cantalejo, Segovia ",,"Área de Sepúlveda - Cantalejo, Segovia",210,,2019-04-13,195000,0,3.0,1,0,0,False,False,True,False,False,False,False,False,False,False,False,False,False,False,False,False,False,False,False,False,False,False,False,False,False,False,False,False,False,False
Anuncio actualizado el 31 de marzo,0,0,1.0,0,0,,en trámite,2 plantas,0,0,82357605,2,,Cabezuela,"Calle Baja, 12"," Calle Baja, 12 , Cabezuela , Área de Sepúlveda - Cantalejo, Segovia ",,"Área de Sepúlveda - Cantalejo, Segovia",100,,2019-04-13,65000,0,7.0,0,0,0,False,False,False,True,False,False,False,False,False,False,False,False,False,False,False,False,False,False,False,False,False,False,False,False,False,False,False,False,False,False
Anuncio actualizado el 7 de abril,0,0,1.0,1,1,,no indicado,3 plantas,0,0,82425117,1,,Orejana,"Calle Sol, 2"," Calle Sol, 2 , Orejana , Área de Sepúlveda - Cantalejo, Segovia ",,"Área de Sepúlveda - Cantalejo, Segovia",200,,2019-04-13,245000,0,2.0,1,0,0,False,False,True,False,False,False,False,False,False,False,False,False,False,False,False,False,False,False,False,False,False,False,False,False,False,False,False,False,False,False
Anuncio actualizado el 7 de abril,0,0,1.0,0,0,,,2 plantas,1,0,83330356,2,,Veganzones,"Escuadra, 4"," Escuadra, 4 , Veganzones , Área de Sepúlveda - Cantalejo, Segovia ",,"Área de Sepúlveda - Cantalejo, Segovia",194,,2019-04-13,66000,0,4.0,1,0,0,False,False,True,False,False,False,False,False,False,False,False,False,False,False,False,False,False,False,False,False,False,False,False,False,False,False,False,False,False,False
Anuncio actualizado el 25 de marzo,0,1,2.0,1,0,,en trámite,2 plantas,1,0,30984501,4,,Grajera,Urb. POZA CHIQUITA," Calle la amistad, 18 -B , Urb. POZA CHIQUITA , Grajera , Área de Sepúlveda - Cantalejo, Segovia ","Calle la amistad, 18 -B","Área de Sepúlveda - Cantalejo, Segovia",120,110,2019-04-13,115000,0,3.0,1,0,0,False,False,True,False,False,False,False,False,False,False,False,False,False,False,False,False,False,False,False,False,False,False,False,False,False,False,False,False,False,False
Anuncio actualizado el 22 de marzo,0,0,3.0,1,1,,no indicado,3 plantas,0,0,84518603,13,,Grajera,"Calle Poza Chiquita, 10"," Calle Poza Chiquita, 10 , Grajera , Área de Sepúlveda - Cantalejo, Segovia ",,"Área de Sepúlveda - Cantalejo, Segovia",490,380,2019-04-13,230000,0,5.0,0,0,1,False,False,True,False,False,False,False,False,False,False,False,False,False,False,False,True,False,False,False,False,False,False,False,False,False,False,False,False,False,False
Anuncio actualizado el 7 de abril,0,1,3.0,1,1,,en trámite,3 plantas,0,0,84576265,1,,Sepúlveda,"Calle Fernán González, 10"," Calle Fernán González, 10 , Sepúlveda , Área de Sepúlveda - Cantalejo, Segovia ",,"Área de Sepúlveda - Cantalejo, Segovia",30,180,2019-04-13,235000,0,3.0,1,0,0,False,False,True,False,False,False,False,True,False,False,False,False,False,False,False,False,False,False,False,False,False,False,False,False,False,False,False,False,False,False
Anuncio actualizado el 10 de abril,0,0,1.0,0,0,,,3 plantas,0,0,84606372,1,,Cabezuela,"Calle Carretera, 1"," Calle Carretera, 1 , Cabezuela , Área de Sepúlveda - Cantalejo, Segovia ",,"Área de Sepúlveda - Cantalejo, Segovia",230,,2019-04-13,15000,0,4.0,0,0,0,False,False,False,True,False,False,False,False,False,False,False,False,False,False,False,False,False,False,False,False,False,False,False,False,True,False,False,False,False,False
Anuncio actualizado el 23 de marzo,0,1,4.0,1,0,2000,no indicado,,1,1,40297540,2,,Torre Val de San Pedro,," , Torre Val de San Pedro , Área de Sepúlveda - Cantalejo, Segovia ",,"Área de Sepúlveda - Cantalejo, Segovia",900,290,2019-04-13,398000,0,4.0,1,1,0,False,False,False,False,False,False,False,False,False,False,False,False,False,False,False,False,False,False,False,False,False,False,False,False,False,False,True,False,False,False
Anuncio actualizado el 4 de abril,0,0,2.0,0,0,,no indicado,3 plantas,0,0,83279674,1,,Valle de Tabladillo,"Calle Real, 24"," Calle Real, 24 , Valle de Tabladillo , Área de Sepúlveda - Cantalejo, Segovia ",,"Área de Sepúlveda - Cantalejo, Segovia",150,,2019-04-13,36000,0,4.0,0,0,0,False,False,False,True,False,False,False,False,False,False,False,False,False,False,False,False,False,False,False,False,False,False,False,False,False,False,False,False,False,False
Anuncio actualizado el 23 de marzo,0,0,1.0,1,0,,,planta 1ª,0,0,82664789,0,0,Cabezuela,"Calle Real Baja, 2"," Calle Real Baja, 2 , Cabezuela , Área de Sepúlveda - Cantalejo, Segovia ",,"Área de Sepúlveda - Cantalejo, Segovia",127,81,2019-04-13,119416,0,4.0,0,0,0,False,False,False,False,False,False,False,False,False,False,False,False,False,False,False,False,False,False,False,False,False,False,False,False,False,False,False,False,False,False
Anuncio actualizado el 23 de marzo,0,0,2.0,1,0,,,planta 2ª,0,0,82664794,0,0,San Pedro de Gaillos,"Calle San Isidro, 1"," Calle San Isidro, 1 , San Pedro de Gaillos , Área de Sepúlveda - Cantalejo, Segovia ",,"Área de Sepúlveda - Cantalejo, Segovia",152,,2019-04-13,181842,0,3.0,0,0,0,False,False,False,False,False,False,False,False,False,False,False,False,False,False,False,False,False,False,False,False,False,False,False,False,False,False,False,False,False,False
Anuncio actualizado el 31 de marzo,0,0,0.0,0,0,,en trámite,,0,0,82757920,1,,Orejana,"Calle del Puerto, 5"," Calle del Puerto, 5 , Orejana , Área de Sepúlveda - Cantalejo, Segovia ",,"Área de Sepúlveda - Cantalejo, Segovia",83,,2019-04-13,12000,0,0.0,0,0,0,False,False,False,True,False,False,False,False,False,False,False,False,False,False,False,False,False,False,False,False,False,False,False,False,False,False,False,False,False,False
Anuncio actualizado el 28 de marzo,0,0,3.0,0,0,,no indicado,,0,1,84707262,7,,Duruelo,," , Duruelo , Área de Sepúlveda - Cantalejo, Segovia ",,"Área de Sepúlveda - Cantalejo, Segovia",2000,,2019-04-13,141500,0,3.0,0,0,0,False,False,False,False,False,False,False,False,False,False,False,False,False,False,False,False,False,False,False,False,False,False,False,False,False,False,False,False,False,False
Anuncio actualizado el 1 de abril,0,1,2.0,1,0,,no indicado,1 planta,1,1,84847690,2,,Boceguillas,"Calle Pedro Delgado, 9"," Calle Pedro Delgado, 9 , Boceguillas , Área de Sepúlveda - Cantalejo, Segovia ",,"Área de Sepúlveda - Cantalejo, Segovia",575,,2019-04-13,180000,0,5.0,0,0,1,False,False,True,False,False,False,False,False,False,False,False,False,False,False,False,False,False,False,False,False,False,False,False,False,False,False,False,False,False,False
Anuncio actualizado el 31 de marzo,0,0,1.0,1,0,,no indicado,planta 2ª exterior,0,1,84738711,0,1,Cerezo de Arriba,la pinilla s/n," la pinilla s/n , Cerezo de Arriba , Área de Sepúlveda - Cantalejo, Segovia ",,"Área de Sepúlveda - Cantalejo, Segovia",62,58,2019-04-13,79000,0,1.0,0,1,1,False,False,True,False,False,False,False,False,True,False,False,False,False,False,False,False,False,False,False,False,False,False,False,False,False,False,True,False,False,False
Anuncio actualizado el 12 de febrero,0,0,1.0,1,1,,,2 plantas,0,0,39153197,1,,Torre Val de San Pedro,"Calle Viñuela, 1"," Calle Viñuela, 1 , Torre Val de San Pedro , Área de Sepúlveda - Cantalejo, Segovia ",,"Área de Sepúlveda - Cantalejo, Segovia",65,55,2019-04-13,69000,0,3.0,0,0,1,False,False,True,False,False,False,False,False,False,False,False,False,False,False,True,False,False,False,False,False,False,False,False,False,False,False,False,False,False,False
Anuncio actualizado el 5 de febrero,0,0,1.0,0,1,,no indicado,2 plantas,0,0,83715362,1,,Veganzones,. s/n," . s/n , Veganzones , Área de Sepúlveda - Cantalejo, Segovia ",,"Área de Sepúlveda - Cantalejo, Segovia",73,70,2019-04-13,37500,0,3.0,1,0,0,False,False,False,True,False,False,False,False,False,False,False,False,False,True,False,False,False,False,False,False,False,False,False,False,False,False,True,False,False,False
Anuncio actualizado el 26 de marzo,0,0,1.0,1,0,,no indicado,1 planta,1,1,1634042,2,,Duruelo,Urb. MONTE LOS CORTOS," Carretera Burgos, 100 , Urb. MONTE LOS CORTOS , Duruelo , Área de Sepúlveda - Cantalejo, Segovia ","Carretera Burgos, 100","Área de Sepúlveda - Cantalejo, Segovia",2700,,2019-04-13,135500,0,3.0,0,0,1,False,False,True,False,False,False,False,False,False,False,False,False,False,False,False,False,False,False,False,False,False,False,False,False,False,False,False,False,False,False
Anuncio actualizado el 7 de abril,0,0,1.0,1,0,,no indicado,planta 1ª exterior,0,0,1892784,0,0,Cerezo de Arriba,"la Pinilla, 1"," la Pinilla, 1 , Cerezo de Arriba , Área de Sepúlveda - Cantalejo, Segovia ",,"Área de Sepúlveda - Cantalejo, Segovia",50,48,2019-04-13,55000,0,1.0,0,0,0,False,False,True,False,False,False,False,False,False,False,False,False,False,False,False,False,True,False,False,False,False,False,False,False,False,False,False,False,False,False
Anuncio actualizado el 25 de febrero,0,0,1.0,0,0,,no indicado,2 plantas,0,0,1946055,2,,Santo Tomé del Puerto,"Calle Larga, 49"," Calle Larga, 49 , Santo Tomé del Puerto , Área de Sepúlveda - Cantalejo, Segovia ",,"Área de Sepúlveda - Cantalejo, Segovia",244,,2019-04-13,170000,0,3.0,1,0,1,False,False,True,False,False,False,False,False,False,False,False,False,False,False,False,False,False,False,False,False,False,False,False,False,False,False,True,False,False,False
Anuncio actualizado el 9 de enero,0,0,2.0,1,0,,no indicado,planta 3ª exterior,1,0,2017043,0,1,Cantalejo,"Travesía Artesanía, 3"," Travesía Artesanía, 3 , Cantalejo , Área de Sepúlveda - Cantalejo, Segovia ",,"Área de Sepúlveda - Cantalejo, Segovia",116,87,2019-04-13,90000,0,4.0,1,0,1,False,False,True,False,False,False,False,False,False,False,False,False,False,False,False,False,False,False,False,False,False,False,False,False,False,False,False,False,False,False
Anuncio actualizado el 12 de abril,0,0,2.0,1,0,,no indicado,2 plantas,0,1,26022836,2,,Castillejo de Mesleon,"Calle Segovia, 24"," Calle Segovia, 24 , Castillejo de Mesleon , Área de Sepúlveda - Cantalejo, Segovia ",,"Área de Sepúlveda - Cantalejo, Segovia",400,130,2019-04-13,275000,0,3.0,0,0,1,False,False,True,False,False,False,False,False,False,False,False,False,False,False,False,False,False,False,False,False,False,False,False,False,False,False,True,False,False,False
Anuncio actualizado el 31 de marzo,0,0,2.0,1,0,,,2 plantas,1,1,28379911,2,,Duruelo,Urb. Urbanización de Sotomosila," Calle e, 116 , Urb. Urbanización de Sotomosila , Duruelo , Área de Sepúlveda - Cantalejo, Segovia ","Calle e, 116","Área de Sepúlveda - Cantalejo, Segovia",500,170,2019-04-13,170000,0,3.0,1,1,1,False,False,True,False,False,False,False,False,False,False,False,False,False,False,False,False,True,False,False,False,False,False,False,False,False,False,False,False,False,False
Anuncio actualizado el 7 de abril,0,0,1.0,1,0,,no indicado,planta 1ª exterior,0,1,30225738,0,0,Cerezo de Arriba,Urb. Serrano 1," Estación Invernal la Pinilla s/n , Urb. Serrano 1 , Cerezo de Arriba , Área de Sepúlveda - Cantalejo, Segovia ",Estación Invernal la Pinilla s/n,"Área de Sepúlveda - Cantalejo, Segovia",50,43,2019-04-13,35000,0,1.0,0,0,1,False,False,True,False,False,False,False,False,True,False,False,False,False,False,False,False,False,False,False,False,False,False,False,False,False,False,True,False,False,False
Anuncio actualizado el 13 de enero,0,0,1.0,0,1,,no indicado,2 plantas,0,0,30522873,1,,Santo Tomé del Puerto,"Calle Huertos Alta, 22"," Calle Huertos Alta, 22 , Santo Tomé del Puerto , Área de Sepúlveda - Cantalejo, Segovia ",,"Área de Sepúlveda - Cantalejo, Segovia",156,,2019-04-13,60000,0,2.0,0,0,0,False,False,False,True,False,False,False,False,False,False,False,False,False,False,False,False,False,False,False,False,False,False,False,False,False,False,False,False,False,False
Anuncio actualizado el 1 de febrero,0,0,1.0,1,0,,en trámite,1 planta,0,0,30923770,2,,Duruelo,"Calle a, 6"," Calle a, 6 , Duruelo , Área de Sepúlveda - Cantalejo, Segovia ",,"Área de Sepúlveda - Cantalejo, Segovia",500,,2019-04-13,185000,0,3.0,0,0,1,False,False,True,False,False,False,False,False,False,False,False,False,False,False,False,False,False,False,False,False,False,False,False,False,False,False,False,False,False,False
Anuncio actualizado el 28 de febrero,0,0,1.0,1,0,,en trámite,planta 3ª exterior,0,0,31646831,0,0,Cerezo de Arriba,"Calle cerezuelo, 1"," Calle cerezuelo, 1 , Cerezo de Arriba , Área de Sepúlveda - Cantalejo, Segovia ",,"Área de Sepúlveda - Cantalejo, Segovia",40,,2019-04-13,39000,0,1.0,0,0,0,False,False,True,False,False,False,False,False,False,False,False,False,False,False,False,False,False,False,False,False,False,False,False,False,False,False,False,False,False,False
Anuncio actualizado el 28 de febrero,0,0,3.0,0,0,,en trámite,,1,0,31655701,2,,Barbolla,"Calle tomas alonso, 10"," Calle tomas alonso, 10 , Barbolla , Área de Sepúlveda - Cantalejo, Segovia ",,"Área de Sepúlveda - Cantalejo, Segovia",495,,2019-04-13,70000,0,6.0,1,0,0,False,False,True,False,False,False,False,False,False,False,False,False,False,False,False,False,False,False,False,False,False,False,False,False,False,False,True,False,False,False
Anuncio actualizado el 25 de marzo,0,0,3.0,0,0,,no indicado,2 plantas,1,0,32870390,2,,Cabezuela,Calle carravaldemazo s/n," Calle carravaldemazo s/n , Cabezuela , Área de Sepúlveda - Cantalejo, Segovia ",,"Área de Sepúlveda - Cantalejo, Segovia",6000,,2019-04-13,550000,0,6.0,1,0,1,False,False,True,False,False,False,False,False,False,False,False,False,False,False,False,False,False,False,False,False,False,False,False,False,False,False,False,False,False,False
Anuncio actualizado el 11 de febrero,0,0,2.0,1,0,,en trámite,,0,1,33115860,2,,Santo Tomé del Puerto,"Calle huertos, 12"," Calle huertos, 12 , Santo Tomé del Puerto , Área de Sepúlveda - Cantalejo, Segovia ",,"Área de Sepúlveda - Cantalejo, Segovia",300,,2019-04-13,125000,0,3.0,1,0,0,False,False,True,False,False,False,False,False,False,False,False,False,False,False,True,False,False,False,False,False,False,False,False,False,False,False,False,False,False,False
Anuncio actualizado el 7 de abril,0,0,1.0,1,0,,no indicado,planta 1ª exterior,0,0,34032951,12,0,Cerezo de Arriba,Urb. Slalom," Calle edificio castaño, 1 , Urb. Slalom , Cerezo de Arriba , Área de Sepúlveda - Cantalejo, Segovia ","Calle edificio castaño, 1","Área de Sepúlveda - Cantalejo, Segovia",34,,2019-04-13,36000,0,0.0,0,0,0,False,False,True,False,False,False,False,False,False,False,False,False,False,False,False,False,False,False,False,False,False,False,False,False,False,False,False,False,False,False
Anuncio actualizado el 8 de abril,0,0,1.0,1,0,,no indicado,bajo exterior,1,1,34107083,0,1,Grajera,"Avenida la fragua, 17"," Avenida la fragua, 17 , Grajera , Área de Sepúlveda - Cantalejo, Segovia ",,"Área de Sepúlveda - Cantalejo, Segovia",117,,2019-04-13,120000,0,2.0,0,0,1,False,False,True,False,False,False,False,False,False,False,False,False,False,False,False,False,False,False,False,False,False,False,False,False,False,False,False,False,False,False
Anuncio actualizado el 12 de febrero,0,0,8.0,1,1,,no indicado,2 plantas,0,1,34121635,1,,Fresno de la Fuente,"Calle san silverio, 4"," Calle san silverio, 4 , Fresno de la Fuente , Área de Sepúlveda - Cantalejo, Segovia ",,"Área de Sepúlveda - Cantalejo, Segovia",320,480,2019-04-13,310000,0,7.0,0,0,0,False,False,True,False,False,False,False,False,False,False,True,False,False,False,True,False,False,False,False,False,False,False,False,False,False,False,False,False,False,False
Anuncio actualizado el 20 de diciembre,0,0,2.0,0,1,,inmueble exento,2 plantas,0,0,34285390,1,,Ventosilla y Tejadilla,"Calle iglesia, 1"," Calle iglesia, 1 , Ventosilla y Tejadilla , Área de Sepúlveda - Cantalejo, Segovia ",,"Área de Sepúlveda - Cantalejo, Segovia",1600,120,2019-04-13,250000,0,3.0,0,0,0,False,False,True,False,False,False,False,False,False,False,False,False,False,False,False,False,False,False,False,False,False,False,False,False,False,False,False,False,False,False
Anuncio actualizado el 31 de marzo,0,0,1.0,1,0,,no indicado,planta 1ª exterior,0,0,34848380,0,0,Cerezo de Arriba,Urb. El Cervunal," estacion de ski la pinilla s/n , Urb. El Cervunal , Cerezo de Arriba , Área de Sepúlveda - Cantalejo, Segovia ",estacion de ski la pinilla s/n,"Área de Sepúlveda - Cantalejo, Segovia",58,,2019-04-13,62000,0,1.0,0,0,0,False,False,True,False,False,False,False,False,False,False,False,False,False,False,True,False,False,False,False,False,False,False,False,False,False,False,False,False,False,False
Anuncio actualizado el 10 de abril,0,0,1.0,0,0,,no indicado,bajo exterior,0,0,34957099,0,0,Cerezo de Abajo,"Calle real, 9"," Calle real, 9 , Cerezo de Abajo , Área de Sepúlveda - Cantalejo, Segovia ",,"Área de Sepúlveda - Cantalejo, Segovia",140,,2019-04-13,44000,0,2.0,0,0,0,False,False,False,True,False,False,False,False,False,False,False,False,False,False,False,False,False,False,False,False,False,False,False,False,False,False,False,False,False,False
Anuncio actualizado el 9 de abril,0,0,1.0,0,0,,no indicado,3 plantas,0,0,35009723,1,,Orejana,"Calle Real, 39"," Calle Real, 39 , Orejana , Área de Sepúlveda - Cantalejo, Segovia ",,"Área de Sepúlveda - Cantalejo, Segovia",260,240,2019-04-13,70000,0,6.0,0,0,0,False,False,True,False,False,False,False,False,False,False,False,False,False,False,False,False,False,False,False,False,False,False,False,False,False,False,False,False,False,False
Anuncio actualizado el 22 de marzo,0,0,2.0,0,1,,no indicado,3 plantas,0,0,35280684,1,,Cantalejo,"Calle Aranda de Duero, 12"," Calle Aranda de Duero, 12 , Cantalejo , Área de Sepúlveda - Cantalejo, Segovia ",,"Área de Sepúlveda - Cantalejo, Segovia",96,220,2019-04-13,80000,0,5.0,1,0,0,False,False,True,False,False,False,False,False,False,False,False,False,False,False,False,False,False,False,False,False,False,False,False,False,True,False,False,False,False,False
Anuncio actualizado el 14 de diciembre,0,0,1.0,0,1,,en trámite,3 plantas,0,0,35391908,1,,Cerezo de Abajo,"Calle del Chorro, 27"," Calle del Chorro, 27 , Cerezo de Abajo , Área de Sepúlveda - Cantalejo, Segovia ",,"Área de Sepúlveda - Cantalejo, Segovia",250,,2019-04-13,55000,0,3.0,1,0,0,False,False,False,True,False,False,False,False,False,False,False,False,False,False,False,False,False,False,False,False,False,False,False,False,False,False,False,False,False,False
Anuncio actualizado el 7 de abril,0,0,3.0,1,1,,,2 plantas,1,0,37115852,3,,Aldealengua de Pedraza,"Calle del Medio, 24"," Calle del Medio, 24 , Aldealengua de Pedraza , Área de Sepúlveda - Cantalejo, Segovia ",,"Área de Sepúlveda - Cantalejo, Segovia",480,,2019-04-13,230000,0,3.0,0,0,0,False,False,True,False,False,False,False,False,False,False,False,False,False,False,False,False,False,False,False,False,False,False,False,False,False,False,True,False,False,False
Anuncio actualizado el 7 de abril,0,0,1.0,0,0,,no indicado,planta 2ª exterior,0,1,2144651,0,0,Cerezo de Arriba,Urb. La Buitrera," Estación de Esqui la Pinilla, 2 , Urb. La Buitrera , Cerezo de Arriba , Área de Sepúlveda - Cantalejo, Segovia ","Estación de Esqui la Pinilla, 2","Área de Sepúlveda - Cantalejo, Segovia",55,45,2019-04-13,49000,0,2.0,1,0,0,False,False,True,False,False,False,False,False,False,False,False,False,False,False,False,False,False,False,False,False,False,False,False,False,False,False,False,False,False,True
Anuncio actualizado el 17 de marzo,0,0,2.0,1,0,,en trámite,planta 3ª exterior,0,1,38479579,0,0,Cerezo de Arriba,Estacion esqui La Pinilla s/n," Estacion esqui La Pinilla s/n , Cerezo de Arriba , Área de Sepúlveda - Cantalejo, Segovia ",,"Área de Sepúlveda - Cantalejo, Segovia",80,,2019-04-13,70000,0,2.0,0,0,0,False,False,True,False,False,False,False,False,False,False,False,False,False,False,True,False,False,False,False,False,False,False,False,False,False,False,False,False,False,False
Anuncio actualizado el 24 de marzo,0,0,1.0,0,1,,,2 plantas,0,1,38659218,1,,Casla,"Calle Mayor, 9"," Calle Mayor, 9 , Casla , Área de Sepúlveda - Cantalejo, Segovia ",,"Área de Sepúlveda - Cantalejo, Segovia",150,110,2019-04-13,85000,0,5.0,1,0,1,False,False,True,False,False,False,False,False,False,False,False,False,False,False,False,False,True,False,False,False,False,False,False,False,False,False,False,False,False,False
Anuncio actualizado el 7 de febrero,0,0,1.0,0,0,,no indicado,bajo exterior,0,0,39321260,0,0,Cantalejo,"Calle Echegaray, 1"," Calle Echegaray, 1 , Cantalejo , Área de Sepúlveda - Cantalejo, Segovia ",,"Área de Sepúlveda - Cantalejo, Segovia",94,,2019-04-13,84000,0,3.0,1,0,0,False,False,False,True,False,False,False,False,False,False,False,False,False,False,False,False,False,False,False,False,False,False,False,False,False,False,False,False,False,True
Anuncio actualizado el 12 de febrero,0,0,4.0,1,0,,no indicado,2 plantas,0,1,28797089,5,,Fresno de la Fuente,"Calle San Silverio, 4"," Calle San Silverio, 4 , Fresno de la Fuente , Área de Sepúlveda - Cantalejo, Segovia ",,"Área de Sepúlveda - Cantalejo, Segovia",155,233,2019-04-13,170000,0,4.0,0,0,0,False,False,True,False,False,False,False,False,False,False,False,False,False,False,True,False,False,False,False,False,False,False,False,False,False,False,False,False,False,False
Anuncio actualizado el 10 de abril,0,0,2.0,1,0,,en trámite,planta 3ª exterior,0,0,39539833,0,0,Cerezo de Arriba,"Calle Edificio Alamo, 1"," Calle Edificio Alamo, 1 , Cerezo de Arriba , Área de Sepúlveda - Cantalejo, Segovia ",,"Área de Sepúlveda - Cantalejo, Segovia",100,,2019-04-13,57000,0,3.0,0,0,0,False,False,True,False,False,False,False,False,False,False,False,False,False,False,False,False,False,False,False,False,False,False,False,False,False,False,False,False,False,False
Anuncio actualizado el 10 de marzo,0,1,2.0,0,0,,en trámite,,0,0,40142253,2,,Duruelo,"Calle de la Plata, 7"," Calle de la Plata, 7 , Duruelo , Área de Sepúlveda - Cantalejo, Segovia ",,"Área de Sepúlveda - Cantalejo, Segovia",100,,2019-04-13,48000,0,3.0,0,0,0,False,False,True,False,False,False,False,False,False,False,False,False,False,False,False,False,False,False,False,False,False,False,False,False,False,False,False,False,False,False
Anuncio actualizado el 13 de enero,0,0,1.0,0,1,,no indicado,2 plantas,0,1,29945204,1,,Santo Tomé del Puerto,"Calle Larga, 19"," Calle Larga, 19 , Santo Tomé del Puerto , Área de Sepúlveda - Cantalejo, Segovia ",,"Área de Sepúlveda - Cantalejo, Segovia",130,,2019-04-13,39000,0,2.0,0,0,0,False,False,False,True,False,False,False,False,False,False,False,False,False,False,False,False,False,False,False,False,False,False,False,False,False,False,False,False,False,False
Anuncio actualizado el 27 de febrero,0,1,2.0,0,0,,no indicado,3 plantas,0,0,40301304,1,,Casla,"Calle San Pedro, 10"," Calle San Pedro, 10 , Casla , Área de Sepúlveda - Cantalejo, Segovia ",,"Área de Sepúlveda - Cantalejo, Segovia",134,,2019-04-13,59900,0,4.0,1,0,0,False,False,True,False,False,False,False,False,False,False,False,False,False,False,False,False,False,False,False,False,False,False,False,False,False,False,True,False,False,False
Anuncio actualizado el 22 de enero,0,0,1.0,1,0,1974,,planta 1ª exterior,0,0,40383244,0,0,Cantalejo,"Calle Solana, 10"," Calle Solana, 10 , Cantalejo , Área de Sepúlveda - Cantalejo, Segovia ",,"Área de Sepúlveda - Cantalejo, Segovia",106,,2019-04-13,58000,0,3.0,0,0,1,False,False,True,False,False,False,False,False,False,False,False,False,False,False,False,False,False,False,False,False,False,False,False,False,False,False,True,False,False,False
Anuncio actualizado el 24 de marzo,0,1,2.0,1,0,,no indicado,2 plantas,1,0,40385425,1,,Navafria,"Calle el Mayo, 19"," Calle el Mayo, 19 , Navafria , Área de Sepúlveda - Cantalejo, Segovia ",,"Área de Sepúlveda - Cantalejo, Segovia",90,,2019-04-13,120000,0,3.0,1,0,1,False,False,True,False,False,False,False,False,False,False,False,False,False,False,False,False,False,False,False,False,False,False,False,False,False,False,False,False,False,False
Anuncio actualizado el 29 de marzo,0,0,1.0,0,1,,en trámite,,0,1,81841258,1,,Cerezo de Arriba,"Calle del Monge, 13"," Calle del Monge, 13 , Cerezo de Arriba , Área de Sepúlveda - Cantalejo, Segovia ",,"Área de Sepúlveda - Cantalejo, Segovia",65,,2019-04-13,33000,0,2.0,0,0,0,False,False,False,True,False,False,False,False,False,False,False,False,False,False,False,False,False,False,False,False,False,False,False,False,False,False,False,False,False,False
Anuncio actualizado el 15 de diciembre,0,0,3.0,1,0,,en trámite,,0,0,31952523,2,,Turégano,"Calle obispo miranda, 4"," Calle obispo miranda, 4 , Turégano , Área de Sepúlveda - Cantalejo, Segovia ",,"Área de Sepúlveda - Cantalejo, Segovia",140,,2019-04-13,80000,0,3.0,1,0,1,False,False,True,False,False,False,False,False,False,False,False,False,False,False,False,False,False,False,False,False,False,False,False,False,False,False,False,False,False,False
Anuncio actualizado el 9 de abril,0,0,1.0,0,0,,en trámite,2 plantas,0,0,81963133,1,,Orejana,"Calle Segovia, 19"," Calle Segovia, 19 , Orejana , Área de Sepúlveda - Cantalejo, Segovia ",,"Área de Sepúlveda - Cantalejo, Segovia",389,,2019-04-13,95000,0,5.0,0,0,0,False,False,False,True,False,False,False,False,False,False,False,False,False,False,False,False,False,False,False,False,False,False,False,False,False,False,False,False,False,False
Anuncio actualizado el 9 de abril,0,0,3.0,0,0,,no indicado,2 plantas,0,0,82069414,2,,Turégano,"Travesía Iglesia la Cuesta, 19"," Travesía Iglesia la Cuesta, 19 , Turégano , Área de Sepúlveda - Cantalejo, Segovia ",,"Área de Sepúlveda - Cantalejo, Segovia",420,200,2019-04-13,250000,0,5.0,0,0,0,False,False,True,False,False,False,False,False,False,False,False,False,False,False,False,False,False,False,False,False,False,False,False,False,False,False,False,False,False,False
Anuncio actualizado el 12 de abril,0,0,1.0,1,0,,en trámite,planta 1ª exterior,0,1,82539501,0,0,Cerezo de Arriba,La pinilla s/n," La pinilla s/n , Cerezo de Arriba , Área de Sepúlveda - Cantalejo, Segovia ",,"Área de Sepúlveda - Cantalejo, Segovia",54,47,2019-04-13,49000,0,1.0,1,0,0,False,False,True,False,False,False,False,False,False,False,False,False,False,False,False,False,False,False,False,False,False,False,False,False,False,False,False,False,False,False
Anuncio actualizado el 7 de abril,0,0,1.0,0,0,,no indicado,2 plantas,1,0,83228308,1,,Barbolla,"Calle Iglesia, 1"," Calle Iglesia, 1 , Barbolla , Área de Sepúlveda - Cantalejo, Segovia ",,"Área de Sepúlveda - Cantalejo, Segovia",353,,2019-04-13,50000,0,4.0,0,0,0,False,False,False,True,False,False,False,False,False,False,False,False,False,False,False,False,False,False,False,False,False,False,False,False,False,False,False,False,False,False
Anuncio actualizado el 2 de abril,0,0,1.0,1,0,,en trámite,planta 1ª exterior,0,0,83612343,0,0,Cerezo de Arriba,"Calle Edificio Sauce, 1"," Calle Edificio Sauce, 1 , Cerezo de Arriba , Área de Sepúlveda - Cantalejo, Segovia ",,"Área de Sepúlveda - Cantalejo, Segovia",45,,2019-04-13,40000,0,1.0,0,0,0,False,False,True,False,False,False,False,False,False,False,False,False,False,False,False,False,False,False,False,False,False,False,False,False,False,False,False,False,False,False
Anuncio actualizado el 10 de abril,0,0,1.0,1,0,,en trámite,planta 2ª exterior,0,0,39422837,0,0,Cerezo de Arriba,"Calle serrano ii, 1"," Calle serrano ii, 1 , Cerezo de Arriba , Área de Sepúlveda - Cantalejo, Segovia ",,"Área de Sepúlveda - Cantalejo, Segovia",50,,2019-04-13,50000,0,1.0,0,0,1,False,False,True,False,False,False,False,False,False,False,False,False,False,False,False,False,False,False,False,False,False,False,False,False,False,False,False,False,False,False
Anuncio actualizado el 10 de abril,0,0,1.0,0,0,,en trámite,planta 2ª exterior,0,1,30195804,12,0,Cerezo de Arriba,"Calle los Cerezos, 1"," Calle los Cerezos, 1 , Cerezo de Arriba , Área de Sepúlveda - Cantalejo, Segovia ",,"Área de Sepúlveda - Cantalejo, Segovia",20,,2019-04-13,15000,0,0.0,0,1,0,False,False,True,False,False,False,False,False,False,False,False,False,False,False,False,False,False,False,False,False,False,False,False,False,False,False,False,False,False,False
Anuncio actualizado el 12 de febrero,0,0,1.0,0,1,,no indicado,2 plantas,0,0,25672453,1,,Santo Tomé del Puerto,Urb. Rosuero," Plaza San Juan, 3 , Urb. Rosuero , Santo Tomé del Puerto , Área de Sepúlveda - Cantalejo, Segovia ","Plaza San Juan, 3","Área de Sepúlveda - Cantalejo, Segovia",230,,2019-04-13,78000,0,5.0,1,0,0,False,False,True,False,False,False,False,False,False,False,False,False,False,False,False,False,False,False,False,False,False,False,False,False,False,False,True,False,False,False
Anuncio actualizado el 24 de marzo,0,0,1.0,0,0,,no indicado,2 plantas,1,1,84606046,2,,Ventosilla y Tejadilla,"Calle los Molinos, 2"," Calle los Molinos, 2 , Ventosilla y Tejadilla , Área de Sepúlveda - Cantalejo, Segovia ",,"Área de Sepúlveda - Cantalejo, Segovia",400,,2019-04-13,60000,0,4.0,0,0,0,False,False,False,True,False,False,False,False,False,False,False,False,False,False,False,False,False,False,False,False,False,True,False,False,False,False,False,False,False,False
Anuncio actualizado el 12 de abril,0,1,1.0,1,0,,,planta 1ª exterior,1,1,84612900,0,0,Cerezo de Abajo,Urb. Slalom," Calle Rio Garganta, 1 , Urb. Slalom , Cerezo de Abajo , Área de Sepúlveda - Cantalejo, Segovia ","Calle Rio Garganta, 1","Área de Sepúlveda - Cantalejo, Segovia",47,42,2019-04-13,49000,0,1.0,1,0,0,False,False,True,False,False,False,False,False,True,False,False,False,False,False,False,False,False,False,False,False,False,False,False,False,False,False,False,False,False,False
Anuncio actualizado el 19 de marzo,0,0,1.0,0,0,,no indicado,planta 2ª,0,0,82037173,0,0,Boceguillas,"Plaza San Antonio, 1"," Plaza San Antonio, 1 , Boceguillas , Área de Sepúlveda - Cantalejo, Segovia ",,"Área de Sepúlveda - Cantalejo, Segovia",93,76,2019-04-13,48788,0,3.0,0,0,0,False,False,False,False,False,False,False,False,False,False,False,False,False,False,False,False,False,False,False,False,False,False,False,False,False,False,False,False,False,False
Anuncio actualizado el 13 de abril,0,0,1.0,1,0,,no indicado,2 plantas,0,0,83179738,14,,Turégano,"Carretera Torreiglesias, 20"," Carretera Torreiglesias, 20 , Turégano , Área de Sepúlveda - Cantalejo, Segovia ",,"Área de Sepúlveda - Cantalejo, Segovia",111,128,2019-04-13,107801,0,3.0,0,0,0,False,False,False,False,False,False,False,False,False,False,False,False,False,False,False,False,False,False,False,False,False,False,False,False,False,False,False,False,False,False
Anuncio actualizado el 4 de abril,0,0,2.0,0,0,,,,0,0,81183958,4,,Torre Val de San Pedro,Calle Fragua," Calle Fragua , Torre Val de San Pedro , Área de Sepúlveda - Cantalejo, Segovia ",,"Área de Sepúlveda - Cantalejo, Segovia",119,101,2019-04-13,132000,0,3.0,0,0,0,False,False,True,False,False,False,False,False,False,False,False,False,False,False,False,False,False,False,False,False,False,False,False,False,False,False,False,False,False,False
Anuncio actualizado el 27 de marzo,0,0,1.0,0,0,,,planta 3ª,0,0,82303926,0,0,Turégano,Plaza España," Plaza España , Turégano , Área de Sepúlveda - Cantalejo, Segovia ",,"Área de Sepúlveda - Cantalejo, Segovia",2132,371,2019-04-13,272336,0,2.0,0,0,0,False,False,True,False,False,False,False,False,False,False,False,False,False,False,False,False,False,False,False,False,False,False,False,False,False,False,False,False,False,False
Anuncio actualizado el 13 de febrero,0,0,3.0,0,0,,,,0,0,83063573,2,,Cantalejo,Calle Obispo," Calle Obispo , Cantalejo , Área de Sepúlveda - Cantalejo, Segovia ",,"Área de Sepúlveda - Cantalejo, Segovia",270,,2019-04-13,125900,0,5.0,0,0,0,False,False,True,False,False,False,False,False,False,False,False,False,False,False,False,False,False,False,False,False,False,False,False,False,False,False,False,False,False,False
más de 5 meses sin actualizar,0,0,3.0,1,1,,en trámite,3 plantas,1,1,39519789,3,,Grajera,," , Grajera , Área de Sepúlveda - Cantalejo, Segovia ",,"Área de Sepúlveda - Cantalejo, Segovia",356,,2019-04-13,210000,0,4.0,0,0,1,False,False,True,False,False,False,False,False,False,False,False,False,False,False,False,True,False,False,False,False,False,False,False,False,False,False,False,False,False,False
Anuncio actualizado el 9 de enero,0,0,4.0,1,1,,,2 plantas,0,0,81492470,1,,Arahuetes,," , Arahuetes , Área de Sepúlveda - Cantalejo, Segovia ",,"Área de Sepúlveda - Cantalejo, Segovia",390,,2019-04-13,450000,0,7.0,0,0,1,False,False,True,False,False,False,False,False,False,False,False,False,False,False,False,False,False,False,False,False,False,False,False,False,False,False,False,False,False,False
Anuncio actualizado el 10 de abril,0,0,0.0,0,0,1960,inmueble exento,,0,1,84715253,1,,Santiuste de Pedraza,Calle Arribas," Calle Arribas , Santiuste de Pedraza , Área de Sepúlveda - Cantalejo, Segovia ",,"Área de Sepúlveda - Cantalejo, Segovia",429,156,2019-04-13,70000,0,0.0,0,0,0,False,False,False,True,False,False,False,False,False,False,False,False,False,False,False,False,False,False,False,False,False,False,False,False,False,False,False,False,False,False
Anuncio actualizado el 8 de abril,0,0,3.0,0,0,2019,en trámite,2 plantas,1,1,84984365,1,,Grajera,," , Grajera , Área de Sepúlveda - Cantalejo, Segovia ",,"Área de Sepúlveda - Cantalejo, Segovia",410,300,2019-04-13,222000,0,4.0,0,0,0,False,False,True,False,False,False,False,False,False,True,False,False,False,False,False,False,False,False,False,False,False,False,False,False,False,False,False,False,False,False
Anuncio actualizado el 2 de diciembre,0,0,3.0,0,0,,no indicado,2 plantas,1,0,299434,2,,Bercimuel,Calle Simeon Gutierrez s/n," Calle Simeon Gutierrez s/n , Bercimuel , Área de Sepúlveda - Cantalejo, Segovia ",,"Área de Sepúlveda - Cantalejo, Segovia",107,,2019-04-13,85000,0,3.0,0,0,0,False,False,True,False,False,False,False,False,False,False,False,False,False,False,False,False,False,False,False,False,False,False,False,False,False,False,False,False,False,False
Anuncio actualizado el 7 de abril,0,0,1.0,0,0,,no indicado,2 plantas,0,0,32026238,1,,Turégano,"Calle pozo, 8"," Calle pozo, 8 , Turégano , Área de Sepúlveda - Cantalejo, Segovia ",,"Área de Sepúlveda - Cantalejo, Segovia",383,,2019-04-13,61280,0,4.0,0,0,0,False,False,False,True,False,False,False,False,False,False,False,False,False,False,False,False,False,False,False,False,False,False,False,False,False,False,True,False,False,False
Anuncio actualizado el 9 de abril,1,0,2.0,1,0,,no indicado,planta 1ª exterior,0,0,1609130,0,0,Cantalejo,"Carretera Segovia, 28"," Carretera Segovia, 28 , Cantalejo , Área de Sepúlveda - Cantalejo, Segovia ",,"Área de Sepúlveda - Cantalejo, Segovia",200,180,2019-04-13,132000,0,3.0,1,0,1,False,False,True,False,False,False,False,False,False,False,False,False,False,False,True,False,False,False,False,False,False,False,False,False,False,False,False,False,False,False
Anuncio actualizado el 21 de marzo,0,0,3.0,0,0,,,,0,0,40463218,7,,Cantalejo,"Calle Obispo, 25"," Calle Obispo, 25 , Cantalejo , Área de Sepúlveda - Cantalejo, Segovia ",,"Área de Sepúlveda - Cantalejo, Segovia",270,,2019-04-13,125900,0,5.0,0,0,1,False,False,False,False,False,False,False,False,False,False,False,False,False,False,False,False,False,False,False,False,False,False,False,False,False,False,False,False,False,False
Anuncio actualizado el 31 de marzo,0,0,1.0,0,0,,no indicado,3 plantas,0,0,82048972,1,,Arcones,"Calle Fuente, 3"," Calle Fuente, 3 , Arcones , Área de Sepúlveda - Cantalejo, Segovia ",,"Área de Sepúlveda - Cantalejo, Segovia",25,180,2019-04-13,55000,0,3.0,0,0,0,False,False,False,True,False,False,False,False,False,False,False,False,False,False,False,False,False,False,False,False,False,False,False,False,False,False,False,False,False,False
Anuncio actualizado el 8 de abril,0,1,0.0,0,0,,no indicado,2 plantas,0,0,83435881,2,,Cantalejo,"Calle Generalísimo, 2"," Calle Generalísimo, 2 , Cantalejo , Área de Sepúlveda - Cantalejo, Segovia ",,"Área de Sepúlveda - Cantalejo, Segovia",97,,2019-04-13,35000,0,2.0,0,0,0,False,False,False,True,False,False,False,False,False,False,False,False,False,False,False,False,False,False,False,False,False,False,False,False,False,False,False,False,False,False
Anuncio actualizado el 5 de febrero,0,1,2.0,1,0,1996,en trámite,4 plantas,1,0,84160980,1,,Sepúlveda,"Calle Bajada San Andrés, 13"," Calle Bajada San Andrés, 13 , Sepúlveda , Área de Sepúlveda - Cantalejo, Segovia ",,"Área de Sepúlveda - Cantalejo, Segovia",273,250,2019-04-13,186000,0,4.0,1,0,1,False,False,True,False,False,False,False,True,False,False,False,False,False,False,False,False,False,False,False,False,False,False,False,False,False,False,True,False,False,False
Anuncio actualizado el 30 de noviembre,0,0,3.0,0,0,,en trámite,,1,1,39279381,2,,Pedraza,pedraza," pedraza , Pedraza , Área de Sepúlveda - Cantalejo, Segovia ",,"Área de Sepúlveda - Cantalejo, Segovia",233,,2019-04-13,450000,0,4.0,0,0,0,False,False,True,False,False,False,False,False,False,False,False,False,False,False,False,False,False,False,False,False,False,False,False,False,False,False,False,False,False,False
Anuncio actualizado el 20 de marzo,0,0,1.0,1,0,,no indicado,planta 1ª exterior,0,0,84339486,0,0,Cerezo de Arriba,Estacion esqui La Pinilla s/n," Estacion esqui La Pinilla s/n , Cerezo de Arriba , Área de Sepúlveda - Cantalejo, Segovia ",,"Área de Sepúlveda - Cantalejo, Segovia",49,45,2019-04-13,40000,0,1.0,0,0,0,False,False,True,False,False,False,False,True,False,False,False,False,False,False,False,False,False,False,False,False,False,False,False,False,False,False,False,False,False,False
Anuncio actualizado el 11 de abril,0,0,1.0,1,0,,,planta 1ª interior,1,0,36565649,8,1,Grajera,"Calle el Parque, 2"," Calle el Parque, 2 , Grajera , Área de Sepúlveda - Cantalejo, Segovia ",,"Área de Sepúlveda - Cantalejo, Segovia",85,80,2019-04-13,100000,0,2.0,0,0,0,False,False,True,False,False,False,False,False,False,False,False,False,False,False,False,False,False,False,False,False,False,False,False,False,False,False,False,False,False,False
Anuncio actualizado el 31 de marzo,0,0,2.0,1,0,,no indicado,planta 3ª exterior,0,0,34913937,8,1,Cerezo de Arriba,Urb. edificio Serranova," Serranova s/n , Urb. edificio Serranova , Cerezo de Arriba , Área de Sepúlveda - Cantalejo, Segovia ",Serranova s/n,"Área de Sepúlveda - Cantalejo, Segovia",70,,2019-04-13,85000,0,1.0,0,1,0,False,False,True,False,False,False,False,False,False,False,False,False,False,False,False,False,False,False,False,False,False,False,False,False,False,False,False,False,False,False
Anuncio actualizado el 20 de marzo,0,0,6.0,0,1,,en trámite,3 plantas,1,1,84210583,15,,Sepúlveda,Calle Sancho gracia," Calle Sancho gracia , Sepúlveda , Área de Sepúlveda - Cantalejo, Segovia ",,"Área de Sepúlveda - Cantalejo, Segovia",1200,,2019-04-13,1500000,0,8.0,1,0,1,False,False,True,False,False,False,False,True,False,False,False,False,False,False,False,False,False,False,False,False,False,False,False,False,False,False,True,False,False,False
Anuncio actualizado el 2 de abril,0,0,1.0,0,0,,,,0,0,82993475,2,,Cantalejo,Calle Frontón," Calle Frontón , Cantalejo , Área de Sepúlveda - Cantalejo, Segovia ",,"Área de Sepúlveda - Cantalejo, Segovia",411,,2019-04-13,98000,0,5.0,0,0,0,False,False,True,False,False,False,False,False,False,False,False,False,False,False,False,False,False,False,False,False,False,False,False,False,False,False,False,False,False,False
Anuncio actualizado el 2 de abril,0,0,2.0,1,0,,en trámite,2 plantas,1,0,84882081,4,,Casla,"Calle Urbanización Virgen de la Estrella, 27"," Calle Urbanización Virgen de la Estrella, 27 , Casla , Área de Sepúlveda - Cantalejo, Segovia ",,"Área de Sepúlveda - Cantalejo, Segovia",185,,2019-04-13,169500,0,3.0,1,0,1,False,False,True,False,False,False,False,True,False,False,False,False,False,False,False,False,False,False,False,False,False,False,False,False,False,False,False,False,False,False
Anuncio actualizado el 13 de marzo,0,1,2.0,1,0,,en trámite,2 plantas,1,1,37557988,2,,Santo Tomé del Puerto,Urb. rosuero," Calle lavadero, 14 , Urb. rosuero , Santo Tomé del Puerto , Área de Sepúlveda - Cantalejo, Segovia ","Calle lavadero, 14","Área de Sepúlveda - Cantalejo, Segovia",1049,,2019-04-13,180000,0,3.0,1,0,1,False,False,True,False,False,False,False,False,False,False,False,False,False,False,False,False,False,False,False,False,False,False,False,False,False,False,True,False,False,False
Anuncio actualizado el 8 de febrero,0,0,1.0,0,0,,no indicado,2 plantas,1,0,84131808,2,,San Pedro de Gaillos,"Calle Santiago, 11"," Calle Santiago, 11 , San Pedro de Gaillos , Área de Sepúlveda - Cantalejo, Segovia ",,"Área de Sepúlveda - Cantalejo, Segovia",250,230,2019-04-13,78000,0,5.0,1,0,0,False,False,True,False,False,False,False,False,True,False,False,False,False,False,False,False,False,False,False,False,False,False,False,False,False,False,False,False,False,False
Anuncio actualizado el 21 de febrero,0,0,3.0,1,0,1993,en trámite,,0,1,33601634,4,,Grajera,," , Grajera , Área de Sepúlveda - Cantalejo, Segovia ",,"Área de Sepúlveda - Cantalejo, Segovia",160,220,2019-04-13,119000,0,4.0,1,0,1,False,False,True,False,False,False,False,False,False,False,False,False,False,False,False,False,False,False,False,False,False,False,False,False,False,False,True,False,False,False
Anuncio actualizado el 28 de enero,1,0,5.0,0,1,2007,en trámite,3 plantas,1,1,35200347,3,,Sepúlveda,," , Sepúlveda , Área de Sepúlveda - Cantalejo, Segovia ",,"Área de Sepúlveda - Cantalejo, Segovia",363,,2019-04-13,299900,0,5.0,1,0,0,False,False,True,False,False,False,False,False,False,False,False,False,False,False,False,False,False,False,False,False,False,False,True,False,False,False,False,False,False,False
Anuncio actualizado el 26 de julio,0,0,3.0,0,0,2005,en trámite,2 plantas,1,1,36497814,2,,Grajera,," , Grajera , Área de Sepúlveda - Cantalejo, Segovia ",,"Área de Sepúlveda - Cantalejo, Segovia",500,,2019-04-13,175000,0,4.0,0,1,1,False,False,True,False,False,False,False,False,False,False,False,False,False,False,False,False,False,False,False,False,False,False,True,False,False,False,False,False,False,False
Anuncio actualizado el 23 de junio,0,0,3.0,0,0,,no indicado,,0,1,36868760,2,,Aldealengua de Pedraza,," , Aldealengua de Pedraza , Área de Sepúlveda - Cantalejo, Segovia ",,"Área de Sepúlveda - Cantalejo, Segovia",240,,2019-04-13,400000,0,3.0,0,0,0,False,False,True,False,False,False,False,False,False,False,False,False,False,False,False,False,False,False,False,False,False,False,False,False,False,False,False,False,False,False
Anuncio actualizado el 2 de abril,0,0,2.0,1,0,2011,,,1,1,35780252,2,,Pradena,," , Pradena , Área de Sepúlveda - Cantalejo, Segovia ",,"Área de Sepúlveda - Cantalejo, Segovia",180,125,2019-04-13,175000,0,3.0,1,0,1,False,False,False,False,False,False,False,False,False,False,False,False,False,False,False,False,False,False,False,False,False,False,False,False,False,False,False,False,False,False
Anuncio actualizado el 13 de febrero,0,0,2.0,1,1,1900,en trámite,2 plantas,1,1,39080457,9,,Arcones,," , Arcones , Área de Sepúlveda - Cantalejo, Segovia ",,"Área de Sepúlveda - Cantalejo, Segovia",2486,,2019-04-13,390000,0,3.0,1,0,1,False,False,True,False,False,False,False,True,False,False,False,False,False,False,False,False,False,False,False,False,False,False,True,False,False,False,False,False,False,False
Anuncio actualizado el 20 de junio,0,0,2.0,0,0,,en trámite,,0,1,40466017,2,,Santa Marta del Cerro,," , Santa Marta del Cerro , Área de Sepúlveda - Cantalejo, Segovia ",,"Área de Sepúlveda - Cantalejo, Segovia",100,,2019-04-13,162000,0,3.0,1,0,0,False,False,True,False,False,False,False,False,False,False,False,False,False,False,False,False,False,False,False,False,False,False,False,False,False,False,False,False,False,False
Anuncio actualizado el 31 de marzo,0,0,2.0,1,0,2005,en trámite,3 plantas,1,1,81384495,2,,Duruelo,," , Duruelo , Área de Sepúlveda - Cantalejo, Segovia ",,"Área de Sepúlveda - Cantalejo, Segovia",500,,2019-04-13,150000,0,3.0,1,0,0,False,False,True,False,False,False,False,False,False,False,False,False,False,False,False,False,False,False,False,False,False,False,True,False,False,False,False,False,False,False
Anuncio actualizado el 20 de diciembre,0,0,3.0,1,0,2008,en trámite,bajo exterior,0,0,81649545,0,0,Sepúlveda,," , Sepúlveda , Área de Sepúlveda - Cantalejo, Segovia ",,"Área de Sepúlveda - Cantalejo, Segovia",230,,2019-04-13,136000,0,6.0,0,0,1,False,False,True,False,False,False,False,False,False,False,False,False,False,False,False,False,False,False,False,False,False,False,True,False,False,False,False,False,False,False
Anuncio actualizado el 5 de marzo,0,0,1.0,0,0,2000,en trámite,3 plantas,0,1,81706306,1,,Duruelo,," , Duruelo , Área de Sepúlveda - Cantalejo, Segovia ",,"Área de Sepúlveda - Cantalejo, Segovia",112,,2019-04-13,179000,0,4.0,0,0,0,False,False,True,False,False,False,False,True,False,False,False,False,False,False,False,False,False,False,False,False,False,False,False,False,False,False,False,True,False,False
Anuncio actualizado el 22 de febrero,0,0,2.0,1,0,2008,en trámite,3 plantas,1,1,81988127,2,,Duruelo,," , Duruelo , Área de Sepúlveda - Cantalejo, Segovia ",,"Área de Sepúlveda - Cantalejo, Segovia",500,,2019-04-13,189900,0,4.0,1,0,1,False,False,True,False,False,False,False,False,False,False,False,False,False,False,False,False,False,False,False,False,False,False,True,False,False,False,False,False,False,False
Anuncio actualizado el 8 de abril,0,0,2.0,1,0,2009,en trámite,2 plantas,1,1,82839933,2,,Turégano,," , Turégano , Área de Sepúlveda - Cantalejo, Segovia ",,"Área de Sepúlveda - Cantalejo, Segovia",287,129,2019-04-13,190000,1,3.0,1,0,1,False,False,True,False,False,False,False,True,False,False,False,False,False,False,False,False,False,False,False,False,False,False,False,False,False,False,False,False,False,False
Anuncio actualizado el 30 de noviembre,0,1,3.0,1,0,2008,en trámite,3 plantas,0,0,83043525,1,,Sepúlveda,," , Sepúlveda , Área de Sepúlveda - Cantalejo, Segovia ",,"Área de Sepúlveda - Cantalejo, Segovia",230,,2019-04-13,136000,0,6.0,0,0,1,False,False,True,False,False,False,False,False,True,False,False,False,False,False,False,False,False,False,False,False,False,True,False,False,False,False,False,False,False,False
Anuncio actualizado el 21 de marzo,0,0,3.0,0,0,,,,0,0,83650840,7,,Duruelo,"Monte los Cortos, 347"," Monte los Cortos, 347 , Duruelo , Área de Sepúlveda - Cantalejo, Segovia ",,"Área de Sepúlveda - Cantalejo, Segovia",195,,2019-04-13,141500,0,4.0,0,0,0,False,False,False,False,False,False,False,False,False,False,False,False,False,False,False,False,False,False,False,False,False,False,False,False,False,False,False,False,False,False
Anuncio actualizado el 8 de abril,0,0,3.0,0,0,2009,en trámite,1 planta,0,1,83822068,2,,Turégano,," , Turégano , Área de Sepúlveda - Cantalejo, Segovia ",,"Área de Sepúlveda - Cantalejo, Segovia",2154,135,2019-04-13,155000,0,5.0,1,0,0,False,False,True,False,False,False,False,True,False,False,False,False,False,False,False,False,False,False,False,False,False,False,False,False,False,False,False,False,False,False
Anuncio actualizado el 21 de febrero,0,0,2.0,0,0,1986,no indicado,,1,1,83833469,7,,Duruelo,," , Duruelo , Área de Sepúlveda - Cantalejo, Segovia ",,"Área de Sepúlveda - Cantalejo, Segovia",3500,751,2019-04-13,249000,0,3.0,1,1,1,False,False,True,False,False,False,False,False,False,False,False,False,False,False,False,False,False,False,False,False,False,False,False,False,False,False,True,False,False,False
Anuncio actualizado el 8 de abril,0,0,5.0,0,0,,no indicado,,1,1,84194706,7,,Sepúlveda,," , Sepúlveda , Área de Sepúlveda - Cantalejo, Segovia ",,"Área de Sepúlveda - Cantalejo, Segovia",400,,2019-04-13,1500000,0,7.0,0,0,0,False,False,True,False,True,False,False,False,False,False,False,False,False,False,False,False,False,False,False,False,False,False,False,False,False,False,False,False,False,False
Anuncio actualizado el 7 de marzo,1,1,4.0,1,0,,en trámite,2 plantas,1,1,84324259,2,,Pedraza,casa alta," casa alta , Pedraza , Área de Sepúlveda - Cantalejo, Segovia ",,"Área de Sepúlveda - Cantalejo, Segovia",1020,,2019-04-13,420000,0,4.0,1,0,1,False,False,True,False,False,False,False,True,False,False,False,False,False,False,False,False,False,False,False,False,False,False,False,False,False,False,False,False,False,False
Anuncio actualizado el 3 de abril,0,0,1.0,0,0,,,planta 2ª exterior,0,0,37195032,0,0,Cerezo de Arriba,Calle edificio cedro," Calle edificio cedro , Cerezo de Arriba , Área de Sepúlveda - Cantalejo, Segovia ",,"Área de Sepúlveda - Cantalejo, Segovia",43,33,2019-04-13,35000,0,1.0,0,0,0,False,False,True,False,False,False,False,False,False,False,False,False,False,False,False,False,False,False,False,False,False,False,False,False,False,False,False,False,False,False
Anuncio actualizado el 21 de marzo,0,0,5.0,1,1,,no indicado,,1,1,84765021,1,,Valdevacas y Guijar,," , Valdevacas y Guijar , Área de Sepúlveda - Cantalejo, Segovia ",,"Área de Sepúlveda - Cantalejo, Segovia",4000,400,2019-04-13,800000,0,4.0,1,0,0,False,False,True,False,False,False,False,False,False,False,False,False,False,False,False,True,False,False,False,False,False,False,False,False,False,False,False,False,False,False
Anuncio actualizado el 4 de abril,1,1,6.0,1,0,2001,no indicado,,0,1,84782400,2,,Cantalejo,," , Cantalejo , Área de Sepúlveda - Cantalejo, Segovia ",,"Área de Sepúlveda - Cantalejo, Segovia",331,425,2019-04-13,275000,0,7.0,1,0,1,False,False,True,False,False,False,False,False,False,False,False,False,False,False,False,False,False,False,False,False,False,False,False,False,False,False,False,False,False,False
Anuncio actualizado el 11 de abril,0,0,1.0,0,0,,no indicado,planta 1ª exterior,0,0,85030224,0,0,Cerezo de Arriba,Calle Edificio Nogal," Calle Edificio Nogal , Cerezo de Arriba , Área de Sepúlveda - Cantalejo, Segovia ",,"Área de Sepúlveda - Cantalejo, Segovia",45,33,2019-04-13,27000,0,2.0,0,0,0,False,False,False,True,False,False,False,False,False,False,False,False,False,False,False,False,False,False,False,False,False,False,False,False,False,False,False,False,False,False
Anuncio actualizado el 20 de julio,0,0,3.0,0,0,,inmueble exento,2 plantas,0,0,31723470,5,,Veganzones,," , Veganzones , Área de Sepúlveda - Cantalejo, Segovia ",,"Área de Sepúlveda - Cantalejo, Segovia",153,,2019-04-13,52000,0,4.0,0,0,0,False,False,True,False,False,False,False,False,False,False,False,False,False,False,False,False,False,False,False,False,False,False,False,False,False,False,False,False,False,False
Anuncio actualizado el 19 de diciembre,0,1,2.0,1,0,1900,,planta 1ª,0,0,37760094,0,0,Sepúlveda,," , Sepúlveda , Área de Sepúlveda - Cantalejo, Segovia ",,"Área de Sepúlveda - Cantalejo, Segovia",184,150,2019-04-13,82000,0,5.0,1,0,0,False,False,False,True,False,False,False,False,False,False,False,False,False,False,False,False,False,False,False,False,False,False,False,False,False,False,False,True,False,False
Anuncio actualizado el 5 de septiembre,0,0,1.0,0,0,1950,,,1,0,38286842,7,,Navafria,," , Navafria , Área de Sepúlveda - Cantalejo, Segovia ",,"Área de Sepúlveda - Cantalejo, Segovia",516,210,2019-04-13,300000,0,5.0,0,0,1,False,False,False,True,False,False,False,False,False,False,False,False,False,False,False,False,False,True,False,False,False,False,False,False,False,False,False,False,False,False
Anuncio actualizado el 24 de marzo,0,0,3.0,0,0,,en trámite,3 plantas,0,1,39068654,4,,San Pedro de Gaillos,Urb. LA ALAMEDA," Urb. LA ALAMEDA , San Pedro de Gaillos , Área de Sepúlveda - Cantalejo, Segovia ",,"Área de Sepúlveda - Cantalejo, Segovia",266,,2019-04-13,585000,0,4.0,0,0,0,False,False,True,False,False,False,False,False,False,True,False,False,False,False,False,False,False,False,False,False,False,False,False,False,False,False,False,False,False,False
Anuncio actualizado el 22 de febrero,0,1,2.0,0,0,2000,,3 plantas,1,1,39593742,2,,Veganzones,Calle de eleuterio adrados," Calle de eleuterio adrados , Veganzones , Área de Sepúlveda - Cantalejo, Segovia ",,"Área de Sepúlveda - Cantalejo, Segovia",389,,2019-04-13,90000,0,6.0,1,0,0,False,False,False,False,False,False,False,False,False,False,False,False,False,False,False,False,False,False,False,False,False,False,False,False,False,False,False,False,False,False
Anuncio actualizado el 26 de marzo,0,0,2.0,0,0,1998,en trámite,2 plantas,0,0,40130225,7,,Sauquillo de Cabezas,Calle Real," Calle Real , Sauquillo de Cabezas , Área de Sepúlveda - Cantalejo, Segovia ",,"Área de Sepúlveda - Cantalejo, Segovia",140,,2019-04-13,80000,0,5.0,0,0,0,False,False,False,False,False,False,False,False,False,False,False,False,False,False,False,False,False,False,False,False,False,False,False,False,False,False,False,False,False,False
Anuncio actualizado el 27 de marzo,0,0,2.0,0,0,1930,inmueble exento,,0,0,84641299,4,,Cantalejo,Calle Pelayo," Calle Pelayo , Cantalejo , Área de Sepúlveda - Cantalejo, Segovia ",,"Área de Sepúlveda - Cantalejo, Segovia",122,,2019-04-13,109000,0,3.0,0,0,0,False,False,False,True,False,False,False,False,False,False,False,False,False,False,False,False,False,False,False,False,False,False,False,False,False,False,False,False,False,False
Anuncio actualizado el 31 de marzo,0,0,2.0,1,0,,,1 planta,0,1,84883196,2,,Duruelo,Urbanizacion las Villas de Sotomocilla s/n," Urbanizacion las Villas de Sotomocilla s/n , Duruelo , Área de Sepúlveda - Cantalejo, Segovia ",,"Área de Sepúlveda - Cantalejo, Segovia",500,85,2019-04-13,105000,0,3.0,0,0,1,False,False,True,False,False,False,False,True,False,False,False,False,False,False,False,False,False,False,False,False,False,False,False,False,False,False,False,False,False,False
Anuncio actualizado el 1 de abril,0,0,3.0,1,1,,,1 planta,0,1,84882181,16,,Duruelo,"Monte los Cortos, Duruelo s/n"," Monte los Cortos, Duruelo s/n , Duruelo , Área de Sepúlveda - Cantalejo, Segovia ",,"Área de Sepúlveda - Cantalejo, Segovia",300,600,2019-04-13,239000,0,6.0,1,1,1,False,False,True,False,False,False,False,True,False,False,False,False,False,False,False,False,False,False,False,False,False,False,False,False,False,False,False,False,False,False
Anuncio actualizado el 3 de abril,0,0,1.0,1,0,2011,en trámite,bajo exterior,1,0,25858086,0,1,Grajera,Urb. EL FRONTÓN," Avenida de la Fragua, 19 , Urb. EL FRONTÓN , Grajera , Área de Sepúlveda - Cantalejo, Segovia ","Avenida de la Fragua, 19","Área de Sepúlveda - Cantalejo, Segovia",60,52,2019-04-13,65000,0,1.0,0,0,1,False,False,True,False,False,False,False,False,False,False,False,False,False,False,False,False,False,False,False,False,False,False,False,False,False,False,True,False,False,False
Anuncio actualizado el 11 de diciembre,0,0,3.0,0,1,,en trámite,1 planta,0,1,36963397,1,,Valleruela de Pedraza,," , Valleruela de Pedraza , Área de Sepúlveda - Cantalejo, Segovia ",,"Área de Sepúlveda - Cantalejo, Segovia",1950,,2019-04-13,550000,0,4.0,0,0,1,False,False,True,False,False,False,False,False,False,False,False,False,False,False,False,False,False,False,False,False,False,False,False,False,False,False,False,False,False,False
Anuncio actualizado el 27 de marzo,0,1,16.0,1,1,,,,1,1,37422160,17,,Condado de Castilnovo,," , Condado de Castilnovo , Área de Sepúlveda - Cantalejo, Segovia ",,"Área de Sepúlveda - Cantalejo, Segovia",780000,,2019-04-13,15000000,0,22.0,1,1,1,False,False,True,False,False,False,False,False,False,False,False,False,False,False,False,False,False,False,False,False,False,False,False,False,False,False,False,True,False,False
Anuncio actualizado el 15 de enero,0,0,4.0,1,1,,,,0,1,38225021,1,,Turégano,," , Turégano , Área de Sepúlveda - Cantalejo, Segovia ",,"Área de Sepúlveda - Cantalejo, Segovia",230,,2019-04-13,235000,0,5.0,0,0,0,False,False,True,False,False,False,False,False,False,False,False,False,False,False,False,False,False,False,False,False,False,False,False,False,False,False,False,False,False,False
Anuncio actualizado el 22 de febrero,0,0,3.0,0,0,1980,en trámite,2 plantas,0,0,37963217,7,,Fuenterrebollo,"Calle calvario, 14"," Calle calvario, 14 , Fuenterrebollo , Área de Sepúlveda - Cantalejo, Segovia ",,"Área de Sepúlveda - Cantalejo, Segovia",379,,2019-04-13,75000,0,4.0,0,0,0,False,False,False,False,False,False,False,False,False,False,False,False,False,False,False,False,False,False,False,False,False,False,False,False,False,False,False,False,False,False
Anuncio actualizado el 22 de febrero,0,0,1.0,0,0,1944,en trámite,2 plantas,0,0,39724878,7,,Aldealcorvo,"Calle del pozo, 2"," Calle del pozo, 2 , Aldealcorvo , Área de Sepúlveda - Cantalejo, Segovia ",,"Área de Sepúlveda - Cantalejo, Segovia",535,,2019-04-13,60000,0,3.0,0,0,0,False,False,False,False,False,False,False,False,False,False,False,False,False,False,False,False,False,False,False,False,False,False,False,False,False,False,False,False,False,False
Anuncio actualizado el 22 de febrero,0,0,2.0,0,0,1985,en trámite,2 plantas,0,0,39769817,7,,Pedraza,"Calle real, 12"," Calle real, 12 , Pedraza , Área de Sepúlveda - Cantalejo, Segovia ",,"Área de Sepúlveda - Cantalejo, Segovia",245,,2019-04-13,75000,0,4.0,0,0,0,False,False,False,False,False,False,False,False,False,False,False,False,False,False,False,False,False,False,False,False,False,False,False,False,False,False,False,False,False,False
Anuncio actualizado el 22 de febrero,0,0,2.0,0,0,2007,,planta 1ª,0,0,81260266,0,,Cantalejo,"Carretera Cuéllar, 13"," Carretera Cuéllar, 13 , Cantalejo , Área de Sepúlveda - Cantalejo, Segovia ",,"Área de Sepúlveda - Cantalejo, Segovia",97,,2019-04-13,111000,0,3.0,0,0,0,False,False,False,False,False,False,False,False,False,False,False,False,False,False,False,False,False,False,False,False,False,False,False,False,False,False,False,False,False,False
Anuncio actualizado el 22 de febrero,0,0,1.0,0,0,1972,en trámite,3 plantas,0,0,81267670,7,,Muñoveros,"Calle Nueva, 3"," Calle Nueva, 3 , Muñoveros , Área de Sepúlveda - Cantalejo, Segovia ",,"Área de Sepúlveda - Cantalejo, Segovia",479,,2019-04-13,55000,0,5.0,0,0,0,False,False,False,False,False,False,False,False,False,False,False,False,False,False,False,False,False,False,False,False,False,False,False,False,False,False,False,False,False,False
Anuncio actualizado el 9 de abril,0,0,2.0,0,0,1978,en trámite,2 plantas,0,0,82590076,7,,Cantalejo,"Calle Pérez Galdós, 21"," Calle Pérez Galdós, 21 , Cantalejo , Área de Sepúlveda - Cantalejo, Segovia ",,"Área de Sepúlveda - Cantalejo, Segovia",198,,2019-04-13,130000,0,4.0,0,0,0,False,False,False,False,False,False,False,False,False,False,False,False,False,False,False,False,False,False,False,False,False,False,False,False,False,False,False,False,False,False
Anuncio actualizado el 22 de febrero,0,0,2.0,0,0,1940,en trámite,2 plantas,0,0,82906163,7,,Fuenterrebollo,"Avenida Generalisimo, 6"," Avenida Generalisimo, 6 , Fuenterrebollo , Área de Sepúlveda - Cantalejo, Segovia ",,"Área de Sepúlveda - Cantalejo, Segovia",205,,2019-04-13,45000,0,3.0,0,0,0,False,False,False,False,False,False,False,False,False,False,False,False,False,False,False,False,False,False,False,False,False,False,False,False,False,False,False,False,False,False
Anuncio actualizado el 22 de febrero,0,0,2.0,0,0,1997,en trámite,2 plantas,0,0,82906590,7,,Cantalejo,"Travesía Prados, 2"," Travesía Prados, 2 , Cantalejo , Área de Sepúlveda - Cantalejo, Segovia ",,"Área de Sepúlveda - Cantalejo, Segovia",120,,2019-04-13,100000,0,3.0,0,0,0,False,False,False,False,False,False,False,False,False,False,False,False,False,False,False,False,False,False,False,False,False,False,False,False,False,False,False,False,False,False
Anuncio actualizado el 22 de febrero,0,0,2.0,0,0,1979,en trámite,2 plantas,0,0,82940361,7,,Cabezuela,"Calle Baja, 1"," Calle Baja, 1 , Cabezuela , Área de Sepúlveda - Cantalejo, Segovia ",,"Área de Sepúlveda - Cantalejo, Segovia",90,,2019-04-13,65000,0,5.0,0,0,0,False,False,False,False,False,False,False,False,False,False,False,False,False,False,False,False,False,False,False,False,False,False,False,False,False,False,False,False,False,False
Anuncio actualizado el 22 de febrero,0,0,1.0,0,0,1930,en trámite,3 plantas,0,0,37961207,7,,Veganzones,"Calle de eleuterio adrados, 39"," Calle de eleuterio adrados, 39 , Veganzones , Área de Sepúlveda - Cantalejo, Segovia ",,"Área de Sepúlveda - Cantalejo, Segovia",386,,2019-04-13,32000,0,8.0,0,0,0,False,False,False,False,False,False,False,False,False,False,False,False,False,False,False,False,False,False,False,False,False,False,False,False,False,False,False,False,False,False
Anuncio actualizado el 14 de febrero,0,0,5.0,0,0,,,2 plantas,0,1,83591441,1,,Valdevacas y Guijar,," , Valdevacas y Guijar , Área de Sepúlveda - Cantalejo, Segovia ",,"Área de Sepúlveda - Cantalejo, Segovia",4000,,2019-04-13,800000,0,5.0,0,0,0,False,False,True,False,False,False,False,True,False,False,False,False,False,False,False,False,False,False,False,False,False,False,False,False,False,False,False,False,False,False
Anuncio actualizado el 22 de febrero,0,0,1.0,0,0,1950,en trámite,2 plantas,0,0,84142634,7,,Navalilla,"Calle General Mola, 2 -4"," Calle General Mola, 2 -4 , Navalilla , Área de Sepúlveda - Cantalejo, Segovia ",,"Área de Sepúlveda - Cantalejo, Segovia",133,,2019-04-13,50000,0,5.0,0,0,0,False,False,False,False,False,False,False,False,False,False,False,False,False,False,False,False,False,False,False,False,False,False,False,False,False,False,False,False,False,False
Anuncio actualizado el 27 de marzo,0,0,2.0,0,0,,en trámite,,0,1,84829825,2,,San Pedro de Gaillos,," , San Pedro de Gaillos , Área de Sepúlveda - Cantalejo, Segovia ",,"Área de Sepúlveda - Cantalejo, Segovia",110,,2019-04-13,89000,0,3.0,0,0,0,False,False,True,False,False,False,False,False,False,False,False,False,False,False,False,False,False,False,False,False,False,False,False,False,False,False,False,False,False,False
Anuncio actualizado el 14 de marzo,0,0,1.0,1,0,,,planta 3ª,0,0,82664788,0,0,Turégano,"Plaza España, 30"," Plaza España, 30 , Turégano , Área de Sepúlveda - Cantalejo, Segovia ",,"Área de Sepúlveda - Cantalejo, Segovia",500,370,2019-04-13,272336,0,2.0,0,0,0,False,False,False,False,False,False,False,False,False,False,False,False,False,False,False,False,False,False,False,False,False,False,False,False,False,False,False,False,False,False
Anuncio actualizado el 17 de marzo,0,1,2.0,1,1,,en trámite,3 plantas,0,1,35286743,18,,Valleruela de Pedraza,Camino del Rinconcillo s/n," Camino del Rinconcillo s/n , Valleruela de Pedraza , Área de Sepúlveda - Cantalejo, Segovia ",,"Área de Sepúlveda - Cantalejo, Segovia",600,,2019-04-13,160000,0,5.0,1,0,1,False,False,True,False,False,False,False,False,False,False,False,False,False,False,False,False,False,False,False,False,False,False,False,False,False,False,False,False,False,False
Anuncio actualizado el 21 de febrero,0,0,2.0,1,0,,no indicado,bajo exterior,0,0,38370663,0,0,Boceguillas,"Calle eras, 3"," Calle eras, 3 , Boceguillas , Área de Sepúlveda - Cantalejo, Segovia ",,"Área de Sepúlveda - Cantalejo, Segovia",77,,2019-04-13,55000,0,2.0,0,0,0,False,False,True,False,False,False,False,False,False,False,False,False,False,False,True,False,False,False,False,False,False,False,False,False,False,False,False,False,False,False
Anuncio actualizado el 7 de abril,0,0,5.0,0,0,,no indicado,3 plantas,1,1,1716486,2,,Ventosilla y Tejadilla,"Calle Barrio, 4"," Calle Barrio, 4 , Ventosilla y Tejadilla , Área de Sepúlveda - Cantalejo, Segovia ",,"Área de Sepúlveda - Cantalejo, Segovia",23760,1060,2019-04-13,800000,0,4.0,1,0,1,False,False,True,False,False,False,False,False,False,False,False,False,False,False,False,False,False,False,False,False,False,False,True,False,False,False,False,False,False,False
Anuncio actualizado el 8 de abril,0,0,2.0,1,0,,no indicado,planta 1ª exterior,0,0,1732922,8,0,Grajera,"Calle el Pastor, 3"," Calle el Pastor, 3 , Grajera , Área de Sepúlveda - Cantalejo, Segovia ",,"Área de Sepúlveda - Cantalejo, Segovia",100,80,2019-04-13,65000,0,2.0,1,0,0,False,False,True,False,False,False,False,False,False,False,False,False,False,False,False,False,False,False,False,False,False,False,False,False,False,False,False,False,False,False
Anuncio actualizado el 24 de marzo,0,0,1.0,1,0,,no indicado,2 plantas,0,1,2116192,2,,Duruelo,Urb. Monte de los cortos," urbanización Monte de los Cortos, 77 , Urb. Monte de los cortos , Duruelo , Área de Sepúlveda - Cantalejo, Segovia ","urbanización Monte de los Cortos, 77","Área de Sepúlveda - Cantalejo, Segovia",3000,,2019-04-13,179000,0,3.0,1,0,1,False,False,True,False,False,False,False,False,False,False,False,False,False,False,False,False,False,False,False,False,False,False,False,False,False,False,True,False,False,False
Anuncio actualizado el 4 de marzo,0,0,2.0,1,0,,,2 plantas,1,1,2145484,2,,Castillejo de Mesleon,Urb. Urbanización Soto Pinilla," Avenida del Soto, 71 , Urb. Urbanización Soto Pinilla , Castillejo de Mesleon , Área de Sepúlveda - Cantalejo, Segovia ","Avenida del Soto, 71","Área de Sepúlveda - Cantalejo, Segovia",7000,,2019-04-13,195000,0,2.0,1,0,1,False,False,True,False,False,False,False,False,False,False,False,False,False,False,False,False,False,False,False,False,False,False,False,False,False,False,False,False,False,False
Anuncio actualizado el 20 de enero,0,0,3.0,1,0,,en trámite,2 plantas,1,0,29303734,4,,Grajera,"Urb. ""El Palomar"""," la Cabaña, 16 , Urb. ""El Palomar"" , Grajera , Área de Sepúlveda - Cantalejo, Segovia ","la Cabaña, 16","Área de Sepúlveda - Cantalejo, Segovia",170,130,2019-04-13,120000,0,3.0,1,0,0,False,False,True,False,False,False,False,False,False,False,False,False,False,False,True,False,False,False,False,False,False,False,False,False,False,False,False,False,False,False
Anuncio actualizado el 8 de abril,0,0,4.0,1,0,,no indicado,3 plantas,1,1,29665094,2,,Cantalejo,"Calle General Varela, 15"," Calle General Varela, 15 , Cantalejo , Área de Sepúlveda - Cantalejo, Segovia ",,"Área de Sepúlveda - Cantalejo, Segovia",416,366,2019-04-13,350000,0,5.0,1,0,1,False,False,True,False,False,False,False,False,False,False,False,False,False,False,False,False,False,False,False,False,False,False,True,False,False,False,False,False,False,False
Anuncio actualizado el 7 de abril,0,0,2.0,1,0,,inmueble exento,planta 1ª exterior,0,1,30982544,0,0,Cerezo de Arriba,Urb. urbanizacion slalom (La Pinilla) direccion-La buitrera 7," la buitrera, 7 , Urb. urbanizacion slalom (La Pinilla) direccion-La buitrera 7 , Cerezo de Arriba , Área de Sepúlveda - Cantalejo, Segovia ","la buitrera, 7","Área de Sepúlveda - Cantalejo, Segovia",90,80,2019-04-13,60000,0,3.0,1,0,0,False,False,True,False,False,False,False,False,True,False,False,False,False,False,False,False,False,False,False,False,False,True,False,False,False,False,False,False,False,False
Anuncio actualizado el 17 de febrero,0,0,3.0,1,0,,en trámite,3 plantas,1,0,30989879,5,,Pedraza,"Carretera pedraza rades, 5"," Carretera pedraza rades, 5 , Pedraza , Área de Sepúlveda - Cantalejo, Segovia ",,"Área de Sepúlveda - Cantalejo, Segovia",200,165,2019-04-13,139000,0,4.0,0,0,1,False,False,True,False,False,False,False,False,False,False,False,False,False,False,False,False,False,False,False,False,False,False,False,False,False,False,False,False,False,False
Anuncio actualizado el 7 de abril,0,0,2.0,1,0,,no indicado,planta 1ª exterior,1,0,34068421,0,0,Turégano,"Calle bloque la mocha, 3"," Calle bloque la mocha, 3 , Turégano , Área de Sepúlveda - Cantalejo, Segovia ",,"Área de Sepúlveda - Cantalejo, Segovia",90,85,2019-04-13,65000,0,3.0,1,0,1,False,False,True,False,False,False,False,False,False,False,False,False,False,False,False,False,False,False,False,False,False,False,False,False,False,False,False,False,False,False
Anuncio actualizado el 25 de marzo,0,0,2.0,1,0,1981,,3 plantas,1,1,35148007,2,,Torre Val de San Pedro,"Camino las Cruces, 7"," Camino las Cruces, 7 , Torre Val de San Pedro , Área de Sepúlveda - Cantalejo, Segovia ",,"Área de Sepúlveda - Cantalejo, Segovia",1000,,2019-04-13,190000,0,5.0,0,0,1,False,False,True,False,False,False,False,True,False,False,False,False,False,False,False,False,False,False,False,False,False,False,False,False,False,False,False,False,False,False
Anuncio actualizado el 7 de abril,1,0,1.0,1,0,,no indicado,,1,1,34117627,2,,Castillejo de Mesleon,Urb. Sotopinilla," urbanizacion sotopinilla, 3 , Urb. Sotopinilla , Castillejo de Mesleon , Área de Sepúlveda - Cantalejo, Segovia ","urbanizacion sotopinilla, 3","Área de Sepúlveda - Cantalejo, Segovia",10000,,2019-04-13,180000,0,1.0,0,0,0,False,False,True,False,False,False,False,True,False,False,False,False,False,False,False,False,False,False,False,False,False,False,False,False,False,False,False,False,False,False
Anuncio actualizado el 9 de abril,0,0,1.0,0,1,,no indicado,1 planta,1,1,36170832,9,,Pedraza,"Carretera Pedraza Rades, 22"," Carretera Pedraza Rades, 22 , Pedraza , Área de Sepúlveda - Cantalejo, Segovia ",,"Área de Sepúlveda - Cantalejo, Segovia",580,,2019-04-13,170600,0,4.0,1,0,1,False,False,True,False,False,False,False,False,False,False,False,False,False,False,False,False,False,False,False,False,False,False,False,False,False,False,False,False,False,False
Anuncio actualizado el 8 de abril,0,0,2.0,1,0,,,2 plantas,1,1,28935453,2,,Duruelo,"Monte los Cortos, 90"," Monte los Cortos, 90 , Duruelo , Área de Sepúlveda - Cantalejo, Segovia ",,"Área de Sepúlveda - Cantalejo, Segovia",3000,,2019-04-13,240000,0,3.0,1,0,1,False,False,True,False,False,False,False,False,False,False,False,False,False,False,False,False,False,False,False,False,False,False,False,False,False,False,False,False,False,False
Anuncio actualizado el 8 de abril,0,0,7.0,1,0,,en trámite,3 plantas,0,1,37140373,9,,Castroserna de Abajo,"SG-V-2346, 2"," SG-V-2346, 2 , Castroserna de Abajo , Área de Sepúlveda - Cantalejo, Segovia ",,"Área de Sepúlveda - Cantalejo, Segovia",1500,,2019-04-13,180000,0,5.0,1,0,1,False,False,True,False,False,False,False,False,False,False,False,False,False,False,False,False,False,False,False,False,False,False,False,False,False,False,False,False,False,False
Anuncio actualizado el 31 de marzo,0,0,3.0,1,0,,no indicado,3 plantas,1,1,37453406,2,,Duruelo,Urb. Urbanización Monte de los Cortos," Monte los Cortos, 53 , Urb. Urbanización Monte de los Cortos , Duruelo , Área de Sepúlveda - Cantalejo, Segovia ","Monte los Cortos, 53","Área de Sepúlveda - Cantalejo, Segovia",3700,,2019-04-13,225000,0,5.0,1,0,1,False,False,True,False,False,False,False,False,False,False,False,False,False,False,False,False,False,False,False,False,False,False,False,False,False,False,True,False,False,False
Anuncio actualizado el 11 de abril,0,0,1.0,1,0,,inmueble exento,planta 2ª exterior,0,1,37957333,12,1,Cerezo de Arriba,Estacion esqui La Pinilla s/n," Estacion esqui La Pinilla s/n , Cerezo de Arriba , Área de Sepúlveda - Cantalejo, Segovia ",,"Área de Sepúlveda - Cantalejo, Segovia",50,45,2019-04-13,53000,0,0.0,1,1,1,False,False,True,False,False,False,False,True,False,False,False,False,False,False,False,False,False,False,False,False,False,False,False,False,False,False,True,False,False,False
Anuncio actualizado el 8 de marzo,0,0,0.0,0,0,,no indicado,2 plantas,0,0,38755552,1,,Pedraza,"Calle Cantarranas, 65"," Calle Cantarranas, 65 , Pedraza , Área de Sepúlveda - Cantalejo, Segovia ",,"Área de Sepúlveda - Cantalejo, Segovia",220,,2019-04-13,55000,0,0.0,0,0,0,False,False,False,True,False,False,False,False,False,False,False,False,False,False,False,False,False,False,False,False,False,False,False,False,False,False,True,False,False,False
Anuncio actualizado el 10 de abril,0,1,3.0,1,0,2006,en trámite,,1,1,39359250,2,,Fresno de la Fuente,"Calle Frontón, 6"," Calle Frontón, 6 , Fresno de la Fuente , Área de Sepúlveda - Cantalejo, Segovia ",,"Área de Sepúlveda - Cantalejo, Segovia",615,,2019-04-13,260000,0,5.0,1,0,0,False,False,True,False,False,False,False,False,False,False,False,False,False,False,False,False,False,False,False,False,False,False,False,False,False,False,False,False,False,False
Anuncio actualizado el 19 de febrero,0,0,8.0,1,0,,no indicado,3 plantas,1,0,39528566,2,,Valleruela de Pedraza,Carretera SG-P-2322 s/n," Carretera SG-P-2322 s/n , Valleruela de Pedraza , Área de Sepúlveda - Cantalejo, Segovia ",,"Área de Sepúlveda - Cantalejo, Segovia",50000,,2019-04-13,975000,0,6.0,1,0,1,False,False,True,False,False,False,False,False,False,False,False,False,False,False,False,False,False,False,False,False,False,False,False,False,False,False,False,False,False,False
Anuncio actualizado el 19 de marzo,0,0,1.0,1,0,2001,en trámite,1 planta,0,1,40522279,2,,Duruelo,Urb. Monte de los Cortos," Monte de los Cortos, 82 , Urb. Monte de los Cortos , Duruelo , Área de Sepúlveda - Cantalejo, Segovia ","Monte de los Cortos, 82","Área de Sepúlveda - Cantalejo, Segovia",2174,62,2019-04-13,125000,0,3.0,1,1,1,False,False,True,False,False,False,False,False,False,False,False,False,False,False,False,False,False,False,False,False,False,False,False,False,False,False,False,False,False,False
Anuncio actualizado el 7 de enero,0,1,2.0,0,1,,,3 plantas,0,0,81236800,1,,Santo Tomé del Puerto,"Calle Huertos, 12"," Calle Huertos, 12 , Santo Tomé del Puerto , Área de Sepúlveda - Cantalejo, Segovia ",,"Área de Sepúlveda - Cantalejo, Segovia",200,,2019-04-13,125000,0,3.0,0,0,0,False,False,True,False,False,False,False,False,False,False,False,False,False,False,False,False,False,False,False,False,False,False,False,False,False,False,False,True,False,False
Anuncio actualizado el 7 de abril,0,0,2.0,1,1,,en trámite,2 plantas,1,0,81663900,1,,Turégano,Cuesta Carrascal de la s/n," Cuesta Carrascal de la s/n , Turégano , Área de Sepúlveda - Cantalejo, Segovia ",,"Área de Sepúlveda - Cantalejo, Segovia",130,128,2019-04-13,120000,0,2.0,1,0,0,False,False,True,False,False,False,False,False,False,False,False,False,False,False,False,False,False,False,False,False,False,False,False,False,False,False,False,False,False,False
Anuncio actualizado el 9 de abril,0,0,3.0,1,0,,en trámite,2 plantas,1,1,81840944,2,,Duruelo,"Monte los Cortos, 88"," Monte los Cortos, 88 , Duruelo , Área de Sepúlveda - Cantalejo, Segovia ",,"Área de Sepúlveda - Cantalejo, Segovia",2200,237,2019-04-13,365000,0,7.0,1,1,1,False,False,True,False,False,False,False,False,False,False,False,False,False,False,False,False,False,False,False,False,False,False,False,False,False,False,True,False,False,False
Anuncio actualizado el 3 de marzo,0,0,6.0,0,1,,en trámite,1 planta,1,1,82287157,16,,Duruelo,Urb. Monte de los cortos," Monte los Cortos, 267 , Urb. Monte de los cortos , Duruelo , Área de Sepúlveda - Cantalejo, Segovia ","Monte los Cortos, 267","Área de Sepúlveda - Cantalejo, Segovia",3500,,2019-04-13,269000,0,7.0,1,1,1,False,False,True,False,False,False,True,False,False,False,False,False,False,False,False,False,False,False,False,False,False,False,False,False,False,False,False,False,False,False
Anuncio actualizado el 10 de abril,0,0,2.0,1,1,,,3 plantas,1,1,38056066,3,,Aldealengua de Pedraza,"Calle Norte, 4"," Calle Norte, 4 , Aldealengua de Pedraza , Área de Sepúlveda - Cantalejo, Segovia ",,"Área de Sepúlveda - Cantalejo, Segovia",180,,2019-04-13,119600,0,4.0,1,0,0,False,False,True,False,False,False,False,False,True,False,False,False,False,False,False,False,False,False,False,False,True,False,False,False,False,False,False,False,False,False
Anuncio actualizado el 4 de marzo,0,0,2.0,1,0,,no indicado,2 plantas,0,0,82486285,4,,Arcones,Urb. PRADO DE ARCONCILLOS," Calle Real, 50 , Urb. PRADO DE ARCONCILLOS , Arcones , Área de Sepúlveda - Cantalejo, Segovia ","Calle Real, 50","Área de Sepúlveda - Cantalejo, Segovia",70,,2019-04-13,170000,0,3.0,0,0,1,False,False,True,False,False,False,False,False,True,False,False,False,False,False,False,False,False,False,False,False,False,False,False,False,False,False,True,False,False,False
Anuncio actualizado el 14 de noviembre,0,1,3.0,1,0,2006,en trámite,2 plantas,1,1,82575211,2,,Duruelo,Urb. Villas de Sotomosila," Calle B, 30 , Urb. Villas de Sotomosila , Duruelo , Área de Sepúlveda - Cantalejo, Segovia ","Calle B, 30","Área de Sepúlveda - Cantalejo, Segovia",500,200,2019-04-13,250000,0,3.0,1,0,1,False,False,True,False,False,False,False,True,False,False,False,False,False,False,False,False,False,False,False,False,False,False,False,False,False,False,True,False,False,False
Anuncio actualizado el 7 de abril,0,0,1.0,1,0,2007,en trámite,1 planta,1,1,82730414,2,,Duruelo,"Calle F, 143"," Calle F, 143 , Duruelo , Área de Sepúlveda - Cantalejo, Segovia ",,"Área de Sepúlveda - Cantalejo, Segovia",1001,,2019-04-13,129000,1,3.0,1,0,1,False,False,True,False,False,False,False,True,False,False,False,False,False,False,False,False,False,False,False,False,False,False,False,False,False,False,False,False,False,False
Anuncio actualizado el 24 de febrero,0,0,3.0,1,0,,no indicado,,1,1,82893949,2,,Torre Val de San Pedro,"Paseo Solanilla, 4"," Paseo Solanilla, 4 , Torre Val de San Pedro , Área de Sepúlveda - Cantalejo, Segovia ",,"Área de Sepúlveda - Cantalejo, Segovia",1800,,2019-04-13,350000,0,5.0,0,1,1,False,False,True,False,False,False,False,False,False,False,False,False,False,False,False,False,False,False,False,False,False,False,False,False,False,False,False,False,False,False
Anuncio actualizado el 17 de enero,0,0,2.0,1,0,,en trámite,planta 3ª exterior,1,0,30078394,0,0,Cerezo de Arriba,"Calle Serrano II, 1"," Calle Serrano II, 1 , Cerezo de Arriba , Área de Sepúlveda - Cantalejo, Segovia ",,"Área de Sepúlveda - Cantalejo, Segovia",90,,2019-04-13,55000,0,3.0,1,0,0,False,False,True,False,False,False,False,False,False,False,True,False,False,False,False,False,False,False,False,False,False,False,False,False,False,False,False,False,False,False
Anuncio actualizado el 8 de abril,0,1,2.0,1,1,,no indicado,2 plantas,0,0,83681930,10,,Torre Val de San Pedro,"Calle Corta, 5"," Calle Corta, 5 , Torre Val de San Pedro , Área de Sepúlveda - Cantalejo, Segovia ",,"Área de Sepúlveda - Cantalejo, Segovia",250,200,2019-04-13,300000,0,3.0,1,0,1,False,False,True,False,False,False,False,False,False,False,False,False,False,False,False,False,False,False,True,False,False,False,False,False,False,False,False,False,False,False
Anuncio actualizado el 9 de abril,0,1,3.0,1,1,,en trámite,3 plantas,1,0,30121582,3,,Grajera,"Calle Poza Chiquita, 9"," Calle Poza Chiquita, 9 , Grajera , Área de Sepúlveda - Cantalejo, Segovia ",,"Área de Sepúlveda - Cantalejo, Segovia",200,,2019-04-13,210000,0,4.0,1,0,1,False,False,True,False,False,False,False,True,False,False,False,False,False,False,False,False,False,False,False,False,False,False,False,False,False,False,False,False,False,False
Anuncio actualizado el 3 de abril,0,0,1.0,0,0,1930,inmueble exento,1 planta,0,0,84539484,1,,Encinas,"Calle Real, 11"," Calle Real, 11 , Encinas , Área de Sepúlveda - Cantalejo, Segovia ",,"Área de Sepúlveda - Cantalejo, Segovia",319,,2019-04-13,31000,0,2.0,0,0,0,False,False,False,True,False,False,False,False,False,False,False,False,False,False,False,False,False,False,False,False,False,False,False,False,False,False,False,False,False,False
Anuncio actualizado el 12 de marzo,0,0,5.0,1,0,,no indicado,2 plantas,0,1,2084769,5,,Sepúlveda,Urb. Villaseca," Calle Eras, 6 , Urb. Villaseca , Sepúlveda , Área de Sepúlveda - Cantalejo, Segovia ","Calle Eras, 6","Área de Sepúlveda - Cantalejo, Segovia",204,252,2019-04-13,295000,0,4.0,1,0,0,False,False,True,False,False,False,False,False,False,False,False,False,False,False,False,False,False,False,False,False,False,False,False,False,False,False,False,False,False,False
Anuncio actualizado el 10 de abril,0,0,2.0,0,0,,,,0,0,84779495,7,,Cantalejo,"Calle Padilla, 21"," Calle Padilla, 21 , Cantalejo , Área de Sepúlveda - Cantalejo, Segovia ",,"Área de Sepúlveda - Cantalejo, Segovia",122,,2019-04-13,109000,0,3.0,0,0,0,False,False,False,False,False,False,False,False,False,False,False,False,False,False,False,False,False,False,False,False,False,False,False,False,False,False,False,False,False,False
Anuncio actualizado el 6 de noviembre,0,0,1.0,0,0,,no indicado,,0,0,37965050,7,,Pedraza,," , Pedraza , Área de Sepúlveda - Cantalejo, Segovia ",,"Área de Sepúlveda - Cantalejo, Segovia",185,172,2019-04-13,58000,0,4.0,0,0,0,False,False,True,False,False,False,False,False,False,False,False,False,False,False,False,False,False,False,False,False,False,False,False,False,False,False,False,False,False,False
Anuncio actualizado el 10 de abril,0,0,1.0,0,0,,no indicado,bajo exterior,0,0,84315944,0,0,Cantalejo,"Calle Teodoro de Diego, 1"," Calle Teodoro de Diego, 1 , Cantalejo , Área de Sepúlveda - Cantalejo, Segovia ",,"Área de Sepúlveda - Cantalejo, Segovia",106,,2019-04-13,56000,0,3.0,1,0,0,False,False,False,True,False,False,False,False,False,False,False,False,False,False,False,False,False,False,False,False,False,False,False,False,False,False,False,False,False,False
Anuncio actualizado el 4 de abril,0,0,5.0,1,0,,en trámite,3 plantas,0,0,84612263,2,,Santo Tomé del Puerto,," , Santo Tomé del Puerto , Área de Sepúlveda - Cantalejo, Segovia ",,"Área de Sepúlveda - Cantalejo, Segovia",1450,,2019-04-13,450000,0,6.0,1,0,1,False,False,True,False,False,False,False,True,False,False,False,False,False,False,False,False,False,False,False,False,False,False,False,False,False,False,False,False,False,False
Anuncio actualizado el 28 de marzo,0,0,2.0,0,0,2008,en trámite,2 plantas,0,0,84596876,7,,Navalilla,"Calle la Nava, 6"," Calle la Nava, 6 , Navalilla , Área de Sepúlveda - Cantalejo, Segovia ",,"Área de Sepúlveda - Cantalejo, Segovia",314,,2019-04-13,115000,0,4.0,0,0,0,False,False,False,False,False,False,False,False,False,False,False,False,False,False,False,False,False,False,False,False,False,False,False,False,False,False,False,False,False,False
Anuncio actualizado el 26 de noviembre,0,0,2.0,1,0,,no indicado,2 plantas,1,1,1855149,2,,Turégano,"Carretera de Caballar, 4"," Carretera de Caballar, 4 , Turégano , Área de Sepúlveda - Cantalejo, Segovia ",,"Área de Sepúlveda - Cantalejo, Segovia",550,130,2019-04-13,190000,0,3.0,0,0,1,False,False,True,False,False,False,False,False,False,False,False,False,False,False,False,False,False,False,False,False,False,False,False,False,False,False,False,False,False,False
Anuncio actualizado el 1 de abril,0,0,2.0,1,0,,en trámite,planta 1ª exterior,1,0,25938969,8,1,Grajera,"Avenida Frágua, 17"," Avenida Frágua, 17 , Grajera , Área de Sepúlveda - Cantalejo, Segovia ",,"Área de Sepúlveda - Cantalejo, Segovia",88,79,2019-04-13,70000,0,2.0,0,0,0,False,False,True,False,False,False,False,False,False,False,False,False,False,False,False,False,False,False,False,False,False,False,False,False,False,False,False,False,False,True
Anuncio actualizado el 31 de marzo,1,1,3.0,1,0,1993,,planta 2ª exterior,0,0,26368448,8,0,Pradena,"Calle Pedro Enríquez Caballero, 23"," Calle Pedro Enríquez Caballero, 23 , Pradena , Área de Sepúlveda - Cantalejo, Segovia ",,"Área de Sepúlveda - Cantalejo, Segovia",120,110,2019-04-13,210000,0,0.0,1,0,1,False,False,True,False,False,False,False,True,False,False,False,False,False,False,False,False,False,False,False,False,False,False,False,False,False,False,True,False,False,False
Anuncio actualizado el 8 de abril,0,0,2.0,1,0,,en trámite,planta 1ª exterior,0,0,31419790,0,1,Sepúlveda,"Plaza españa, 18"," Plaza españa, 18 , Sepúlveda , Área de Sepúlveda - Cantalejo, Segovia ",,"Área de Sepúlveda - Cantalejo, Segovia",86,,2019-04-13,144500,0,3.0,0,0,0,False,False,True,False,False,False,False,False,False,False,False,False,False,False,False,False,False,False,False,False,False,False,False,False,False,False,False,False,False,False
Anuncio actualizado el 28 de febrero,0,0,4.0,0,0,,en trámite,2 plantas,0,1,38297876,3,,Orejana,," , Orejana , Área de Sepúlveda - Cantalejo, Segovia ",,"Área de Sepúlveda - Cantalejo, Segovia",300,,2019-04-13,470000,0,5.0,0,0,0,False,False,True,False,False,False,False,False,False,False,False,False,False,False,False,False,False,False,False,False,False,False,False,False,False,False,False,False,False,False
Anuncio actualizado el 12 de abril,0,1,0.0,0,0,,inmueble exento,3 plantas,0,1,81332239,10,,Pedraza,," , Pedraza , Área de Sepúlveda - Cantalejo, Segovia ",,"Área de Sepúlveda - Cantalejo, Segovia",1300,,2019-04-13,290000,0,0.0,0,0,0,False,False,False,True,False,False,False,False,False,False,False,False,False,False,False,False,False,False,False,False,False,False,False,False,False,False,False,False,False,False
Anuncio actualizado el 9 de octubre,0,0,5.0,0,0,2004,en trámite,,1,1,82674647,7,,Torre Val de San Pedro,," , Torre Val de San Pedro , Área de Sepúlveda - Cantalejo, Segovia ",,"Área de Sepúlveda - Cantalejo, Segovia",380,330,2019-04-13,560000,0,7.0,0,1,1,False,False,True,False,False,False,False,False,False,False,False,False,False,False,False,False,False,False,False,False,False,False,False,False,False,False,False,False,False,False
Anuncio actualizado el 2 de febrero,0,0,1.0,1,0,1995,en trámite,2 plantas,0,1,84063889,2,,Castillejo de Mesleon,Camino Soto Pinilla," Camino Soto Pinilla , Castillejo de Mesleon , Área de Sepúlveda - Cantalejo, Segovia ",,"Área de Sepúlveda - Cantalejo, Segovia",6634,,2019-04-13,120000,0,1.0,0,0,1,False,False,True,False,False,False,False,True,False,False,False,False,False,False,False,False,False,False,False,False,False,False,False,False,False,False,False,False,False,True
Anuncio actualizado el 4 de noviembre,0,0,1.0,1,0,1975,no indicado,planta 1ª exterior,0,0,82561156,0,0,Cerezo de Arriba,Estacion esqui La Pinilla s/n," Estacion esqui La Pinilla s/n , Cerezo de Arriba , Área de Sepúlveda - Cantalejo, Segovia ",,"Área de Sepúlveda - Cantalejo, Segovia",55,45,2019-04-13,31000,0,1.0,0,0,0,False,False,True,False,False,False,False,False,True,False,False,False,False,False,False,False,False,False,False,False,False,False,False,False,True,False,False,False,False,False
Anuncio actualizado el 9 de diciembre,0,0,4.0,0,0,,,2 plantas,1,0,25641468,5,,Grajera,"Chaparro, 35"," Chaparro, 35 , Grajera , Área de Sepúlveda - Cantalejo, Segovia ",,"Área de Sepúlveda - Cantalejo, Segovia",501,320,2019-04-13,190000,0,6.0,0,0,0,False,False,False,True,False,False,False,False,False,False,False,False,False,False,False,False,False,False,False,False,False,False,False,False,False,False,True,False,False,False
Anuncio actualizado el 12 de noviembre,0,0,2.0,0,0,,no indicado,2 plantas,1,1,40000200,5,,Fuenterrebollo,"Camino Sebulcor, 26"," Camino Sebulcor, 26 , Fuenterrebollo , Área de Sepúlveda - Cantalejo, Segovia ",,"Área de Sepúlveda - Cantalejo, Segovia",156,,2019-04-13,107500,0,3.0,1,0,0,False,True,False,False,False,False,False,False,False,False,False,False,False,False,False,False,False,False,False,False,False,False,False,False,False,False,False,False,False,False
Anuncio actualizado el 20 de marzo,0,0,2.0,0,0,,en trámite,1 planta,0,0,37961529,7,,Barbolla,"Calle eras, 14"," Calle eras, 14 , Barbolla , Área de Sepúlveda - Cantalejo, Segovia ",,"Área de Sepúlveda - Cantalejo, Segovia",281,82,2019-04-13,96000,0,4.0,0,0,0,False,False,False,False,False,False,False,False,False,False,False,False,False,False,False,False,False,False,False,False,False,False,False,False,False,False,False,False,False,False
Anuncio actualizado el 1 de marzo,0,1,8.0,1,0,,en trámite,3 plantas,1,1,84209865,2,,Sepúlveda,SEPULVEDA," SEPULVEDA , Sepúlveda , Área de Sepúlveda - Cantalejo, Segovia ",,"Área de Sepúlveda - Cantalejo, Segovia",566,,2019-04-13,1500000,0,12.0,1,0,1,False,False,True,False,False,False,False,False,True,False,False,False,False,False,False,False,False,False,False,False,False,False,False,True,False,False,False,False,False,False
Anuncio actualizado el 8 de abril,0,0,2.0,1,0,,no indicado,planta 2ª exterior,0,0,84696343,6,0,Pradena,"Plaza de la Constitucion, 19"," Plaza de la Constitucion, 19 , Pradena , Área de Sepúlveda - Cantalejo, Segovia ",,"Área de Sepúlveda - Cantalejo, Segovia",180,160,2019-04-13,179000,0,3.0,0,0,1,False,False,True,False,False,False,False,False,False,False,False,False,False,False,False,True,False,False,False,False,False,False,False,False,False,False,False,False,False,False
Anuncio actualizado el 7 de abril,0,1,2.0,1,0,,no indicado,,1,1,84848140,2,,Grajera,"Calle Pedro Delgado,9, 9"," Calle Pedro Delgado,9, 9 , Grajera , Área de Sepúlveda - Cantalejo, Segovia ",,"Área de Sepúlveda - Cantalejo, Segovia",575,,2019-04-13,180000,0,5.0,0,0,1,False,False,True,False,False,False,False,False,False,False,False,False,False,False,False,False,False,False,False,False,False,False,False,False,False,False,False,False,False,False
Anuncio actualizado el 29 de marzo,0,0,1.0,0,1,,en trámite,2 plantas,0,1,31926824,1,,Cerezo de Arriba,"Calle iglesia, 4"," Calle iglesia, 4 , Cerezo de Arriba , Área de Sepúlveda - Cantalejo, Segovia ",,"Área de Sepúlveda - Cantalejo, Segovia",500,,2019-04-13,110000,0,4.0,1,0,0,False,False,True,False,False,False,False,False,False,False,False,False,False,False,True,False,False,False,False,False,False,False,False,False,False,False,False,False,False,False
Anuncio actualizado el 31 de marzo,0,0,5.0,1,0,,no indicado,,0,1,1693167,2,,Torre Val de San Pedro,"Calle Agedas, 1"," Calle Agedas, 1 , Torre Val de San Pedro , Área de Sepúlveda - Cantalejo, Segovia ",,"Área de Sepúlveda - Cantalejo, Segovia",600,650,2019-04-13,290000,0,5.0,0,0,0,False,False,False,True,False,False,False,False,False,False,False,False,False,False,False,False,False,False,False,False,False,False,False,False,False,False,True,False,False,False
Anuncio actualizado el 19 de noviembre,0,0,1.0,0,0,,en trámite,,1,1,37431893,3,,Sauquillo de Cabezas,"Calle Charcón, 12"," Calle Charcón, 12 , Sauquillo de Cabezas , Área de Sepúlveda - Cantalejo, Segovia ",,"Área de Sepúlveda - Cantalejo, Segovia",205,,2019-04-13,49000,0,3.0,0,0,0,False,False,False,True,False,False,False,False,False,False,False,False,False,False,False,False,False,False,False,False,False,False,False,False,False,False,False,False,False,False
Anuncio actualizado el 18 de marzo,0,0,2.0,1,0,1994,en trámite,2 plantas,1,1,38002736,2,,Santo Tomé del Puerto,"Calle Villarejo, 2 C"," Calle Villarejo, 2 C , Santo Tomé del Puerto , Área de Sepúlveda - Cantalejo, Segovia ",,"Área de Sepúlveda - Cantalejo, Segovia",1000,,2019-04-13,150000,0,5.0,1,0,0,False,False,True,False,False,False,False,False,False,False,False,False,False,False,False,False,False,False,False,False,False,False,True,False,False,False,False,False,False,False
Anuncio actualizado el 10 de abril,0,0,2.0,0,0,,en trámite,1 planta,0,1,39025332,2,,Duruelo,"Calle J, 304"," Calle J, 304 , Duruelo , Área de Sepúlveda - Cantalejo, Segovia ",,"Área de Sepúlveda - Cantalejo, Segovia",1000,,2019-04-13,95000,0,3.0,0,0,0,False,False,False,True,False,False,False,False,False,False,False,False,False,False,False,False,False,False,False,False,False,False,False,False,False,False,False,False,False,False
Anuncio actualizado el 1 de febrero,0,0,3.0,1,0,,en trámite,,1,1,84087962,4,,Bercimuel,"Calle Simeon Gutierrez, 4"," Calle Simeon Gutierrez, 4 , Bercimuel , Área de Sepúlveda - Cantalejo, Segovia ",,"Área de Sepúlveda - Cantalejo, Segovia",125,,2019-04-13,85000,0,3.0,0,0,0,False,False,True,False,False,False,False,False,False,False,False,False,False,False,False,False,False,False,False,False,False,False,False,False,False,False,False,False,False,False
Anuncio actualizado el 11 de abril,0,0,1.0,0,0,,no indicado,bajo exterior,0,0,84485151,0,0,Arcones,"Calle del Sol, 16"," Calle del Sol, 16 , Arcones , Área de Sepúlveda - Cantalejo, Segovia ",,"Área de Sepúlveda - Cantalejo, Segovia",69,67,2019-04-13,68000,0,3.0,0,0,0,False,False,True,False,False,False,False,False,False,False,False,False,False,False,False,False,False,False,False,False,False,False,False,False,False,False,True,False,False,False
Anuncio actualizado el 13 de abril,0,0,2.0,1,0,,no indicado,2 plantas,0,0,84534075,2,,Orejana,"Calle Real, 5"," Calle Real, 5 , Orejana , Área de Sepúlveda - Cantalejo, Segovia ",,"Área de Sepúlveda - Cantalejo, Segovia",143,,2019-04-13,198000,0,3.0,1,0,1,False,False,True,False,False,False,False,True,False,False,False,False,False,False,False,True,False,False,False,False,False,False,False,False,False,False,False,False,False,False
Anuncio actualizado el 2 de abril,0,0,2.0,1,0,,en trámite,3 plantas,0,0,82126900,2,,Santiuste de Pedraza,Urb. Urbanos," Consuelo, 4 , Urb. Urbanos , Santiuste de Pedraza , Área de Sepúlveda - Cantalejo, Segovia ","Consuelo, 4","Área de Sepúlveda - Cantalejo, Segovia",100,,2019-04-13,120000,0,3.0,0,0,0,False,False,True,False,False,False,False,True,False,False,False,False,False,False,False,False,False,True,False,False,False,False,False,False,False,False,False,False,False,False
Anuncio actualizado el 29 de marzo,0,0,1.0,1,0,,en trámite,planta 2ª exterior,0,0,83249764,0,1,Cerezo de Arriba,"Calle Serranova, 1"," Calle Serranova, 1 , Cerezo de Arriba , Área de Sepúlveda - Cantalejo, Segovia ",,"Área de Sepúlveda - Cantalejo, Segovia",58,,2019-04-13,75000,0,1.0,0,1,1,False,False,True,False,False,False,False,False,False,False,False,False,False,False,False,False,False,False,False,False,False,False,False,False,False,False,False,False,False,False
Anuncio actualizado el 24 de febrero,0,0,1.0,0,0,1900,,,0,0,84183519,7,,Aldealengua de Pedraza,," , Aldealengua de Pedraza , Área de Sepúlveda - Cantalejo, Segovia ",,"Área de Sepúlveda - Cantalejo, Segovia",243,80,2019-04-13,120000,0,4.0,0,0,1,False,False,False,True,False,False,False,False,False,False,False,False,False,False,False,False,True,False,False,False,False,False,False,False,False,False,False,False,False,False
Anuncio actualizado el 24 de marzo,0,0,2.0,1,1,,en trámite,,0,1,84581694,3,,Cerezo de Arriba,"Sol, 1"," Sol, 1 , Cerezo de Arriba , Área de Sepúlveda - Cantalejo, Segovia ",,"Área de Sepúlveda - Cantalejo, Segovia",1200,,2019-04-13,260000,0,6.0,1,0,1,False,False,True,False,False,False,False,True,False,False,False,False,False,False,False,False,False,False,False,False,False,False,False,False,False,False,False,False,False,False
Anuncio actualizado el 5 de abril,0,1,3.0,1,0,1985,en trámite,1 planta,1,1,84961260,5,,Caballar,," , Caballar , Área de Sepúlveda - Cantalejo, Segovia ",,"Área de Sepúlveda - Cantalejo, Segovia",2400,,2019-04-13,140000,0,4.0,1,1,1,False,False,True,False,False,False,False,False,True,False,False,False,False,False,False,False,False,False,False,False,False,False,False,False,False,False,True,False,False,False
Anuncio actualizado el 13 de marzo,0,0,4.0,1,0,2011,en trámite,2 plantas,1,1,82237368,2,,Duruelo,Urb. SOTOMOSILA," Calle E , Urb. SOTOMOSILA , Duruelo , Área de Sepúlveda - Cantalejo, Segovia ",Calle E,"Área de Sepúlveda - Cantalejo, Segovia",500,,2019-04-13,249000,0,4.0,1,1,1,False,False,True,False,False,False,False,True,False,False,False,False,False,False,False,False,False,False,False,False,False,False,True,False,False,False,False,False,False,False
Anuncio actualizado el 11 de marzo,0,0,1.0,0,0,1978,en trámite,planta 3ª,0,0,83787136,0,,Cantalejo,Calle Frontón," Calle Frontón , Cantalejo , Área de Sepúlveda - Cantalejo, Segovia ",,"Área de Sepúlveda - Cantalejo, Segovia",84,,2019-04-13,70000,0,3.0,0,0,0,False,False,False,False,False,False,False,False,False,False,False,False,False,False,False,False,False,False,False,False,False,False,False,False,False,False,False,False,False,False
Anuncio actualizado el 12 de marzo,0,0,3.0,0,0,2002,en trámite,2 plantas,0,0,84470018,7,,Valleruela de Pedraza,Calle Barrio Alto," Calle Barrio Alto , Valleruela de Pedraza , Área de Sepúlveda - Cantalejo, Segovia ",,"Área de Sepúlveda - Cantalejo, Segovia",113,,2019-04-13,140000,0,4.0,0,0,0,False,False,False,False,False,False,False,False,False,False,False,False,False,False,False,False,False,False,False,False,False,False,False,False,False,False,False,False,False,False
Anuncio actualizado el 11 de abril,0,0,2.0,0,0,,en trámite,,0,0,84980626,1,,Navares de Enmedio,"oriente, 1"," oriente, 1 , Navares de Enmedio , Área de Sepúlveda - Cantalejo, Segovia ",,"Área de Sepúlveda - Cantalejo, Segovia",120,,2019-04-13,30000,0,4.0,0,0,0,False,False,False,True,False,False,False,False,False,False,False,False,False,False,False,False,False,False,False,False,False,False,False,False,False,False,False,False,False,False
Anuncio actualizado el 10 de abril,0,0,3.0,0,0,2007,en trámite,,0,0,83445901,7,,Orejana,Calle de la Ermita," Calle de la Ermita , Orejana , Área de Sepúlveda - Cantalejo, Segovia ",,"Área de Sepúlveda - Cantalejo, Segovia",350,,2019-04-13,295000,0,4.0,0,0,0,False,False,True,False,False,False,False,True,False,False,False,False,False,False,False,False,False,False,False,False,False,False,False,False,False,False,False,False,False,False
Anuncio actualizado el 16 de febrero,0,1,2.0,1,1,2018,inmueble exento,1 planta,1,1,31326713,3,,Castillejo de Mesleon,Urb. Urbanizacion Soto Pinilla," urbanizacion soto pinilla, 177 parcela , Urb. Urbanizacion Soto Pinilla , Castillejo de Mesleon , Área de Sepúlveda - Cantalejo, Segovia ","urbanizacion soto pinilla, 177 parcela","Área de Sepúlveda - Cantalejo, Segovia",12000,100,2019-04-13,230000,0,3.0,1,1,1,False,False,True,False,False,False,False,True,False,False,False,False,False,False,False,False,False,False,False,False,False,False,False,False,False,False,True,False,False,False
Anuncio actualizado el 22 de febrero,0,0,5.0,0,0,2007,,3 plantas,0,0,37791615,7,,Cantalejo,"Calle general varela, 1"," Calle general varela, 1 , Cantalejo , Área de Sepúlveda - Cantalejo, Segovia ",,"Área de Sepúlveda - Cantalejo, Segovia",414,,2019-04-13,295000,0,5.0,0,0,0,False,False,False,False,False,False,False,False,False,False,False,False,False,False,False,False,False,False,False,False,False,False,False,False,False,False,False,False,False,False
Anuncio actualizado el 8 de abril,0,0,2.0,0,0,1988,en trámite,2 plantas,0,0,81522947,7,,Sepúlveda,"Calle Real, 1"," Calle Real, 1 , Sepúlveda , Área de Sepúlveda - Cantalejo, Segovia ",,"Área de Sepúlveda - Cantalejo, Segovia",213,,2019-04-13,55000,0,4.0,0,0,0,False,False,False,False,False,False,False,False,False,False,False,False,False,False,False,False,False,False,False,False,False,False,False,False,False,False,False,False,False,False
Anuncio actualizado el 22 de febrero,0,0,2.0,0,0,1991,en trámite,2 plantas,1,0,82093406,2,,Sepúlveda,"Calle Real, 16"," Calle Real, 16 , Sepúlveda , Área de Sepúlveda - Cantalejo, Segovia ",,"Área de Sepúlveda - Cantalejo, Segovia",492,,2019-04-13,130000,0,4.0,1,0,1,False,False,False,False,False,False,False,True,False,False,False,False,False,False,False,False,False,False,False,False,False,False,False,False,False,False,False,False,False,False
Anuncio actualizado el 11 de abril,0,0,6.0,0,0,,en trámite,1 planta,0,0,82392295,2,,Duruelo,"Calle los Cortos, 177"," Calle los Cortos, 177 , Duruelo , Área de Sepúlveda - Cantalejo, Segovia ",,"Área de Sepúlveda - Cantalejo, Segovia",3380,,2019-04-13,240000,0,7.0,0,0,0,False,False,True,False,False,False,False,False,False,False,False,False,False,False,False,False,False,False,False,False,False,False,False,False,False,False,False,False,False,False
Anuncio actualizado el 4 de diciembre,0,0,5.0,1,1,,en trámite,,0,1,82784753,3,,Cubillo,"Calle Cotanillos, Cubillo, 20"," Calle Cotanillos, Cubillo, 20 , Cubillo , Área de Sepúlveda - Cantalejo, Segovia ",,"Área de Sepúlveda - Cantalejo, Segovia",380,,2019-04-13,550000,0,5.0,0,1,1,False,False,True,False,False,False,False,True,False,False,False,False,False,False,False,False,False,False,False,False,False,False,False,False,False,False,False,False,False,False
Anuncio actualizado el 6 de marzo,0,0,1.0,0,0,1970,en trámite,2 plantas,0,0,84201733,7,,Aldealcorvo,"Calle Real, 3"," Calle Real, 3 , Aldealcorvo , Área de Sepúlveda - Cantalejo, Segovia ",,"Área de Sepúlveda - Cantalejo, Segovia",395,,2019-04-13,60000,0,4.0,0,0,0,False,False,False,False,False,False,False,False,False,False,False,False,False,False,False,False,False,False,False,False,False,False,False,False,False,False,False,False,False,False
Anuncio actualizado el 17 de marzo,0,0,3.0,0,0,,en trámite,1 planta,0,0,34539770,2,,Turégano,"Camino nuevo de torreiglesias, 4"," Camino nuevo de torreiglesias, 4 , Turégano , Área de Sepúlveda - Cantalejo, Segovia ",,"Área de Sepúlveda - Cantalejo, Segovia",2000,,2019-04-13,155000,0,5.0,0,0,0,False,False,True,False,False,False,False,True,False,False,False,False,False,False,False,False,False,False,False,False,False,False,False,False,False,False,False,False,False,False
Anuncio actualizado el 28 de enero,0,0,1.0,1,0,2006,en trámite,1 planta,0,1,34022423,2,,Duruelo,Urb. Urbanización Sotomosila," Urb. Urbanización Sotomosila , Duruelo , Área de Sepúlveda - Cantalejo, Segovia ",,"Área de Sepúlveda - Cantalejo, Segovia",512,,2019-04-13,110000,0,3.0,0,0,1,False,False,True,False,False,False,False,True,False,False,False,False,False,False,False,False,False,False,False,False,False,False,False,False,False,False,False,True,False,False
Anuncio actualizado el 10 de septiembre,0,0,3.0,1,0,2012,en trámite,2 plantas,1,0,82292175,2,,Orejana,Abajo," Abajo , Orejana , Área de Sepúlveda - Cantalejo, Segovia ",,"Área de Sepúlveda - Cantalejo, Segovia",733,,2019-04-13,300000,0,4.0,1,0,0,False,False,False,True,False,False,False,False,False,False,False,False,False,True,False,False,False,False,False,False,False,False,False,False,False,False,False,False,False,False
Anuncio actualizado el 4 de abril,0,0,2.0,1,0,,,1 planta,0,1,84877752,2,,Duruelo,"Urbanizacion Monte de los Cortos, 219"," Urbanizacion Monte de los Cortos, 219 , Duruelo , Área de Sepúlveda - Cantalejo, Segovia ",,"Área de Sepúlveda - Cantalejo, Segovia",2000,140,2019-04-13,115000,0,3.0,1,0,1,False,False,True,False,False,False,False,True,False,False,False,False,False,False,False,False,False,False,False,False,False,False,False,False,False,False,False,False,False,False
Anuncio actualizado el 8 de abril,0,0,3.0,0,1,1900,en trámite,,0,1,84982956,1,,Navares de Ayuso,," , Navares de Ayuso , Área de Sepúlveda - Cantalejo, Segovia ",,"Área de Sepúlveda - Cantalejo, Segovia",796,,2019-04-13,130000,0,4.0,1,0,1,False,False,True,False,False,False,False,False,False,False,False,False,False,False,False,False,False,False,False,False,False,False,False,False,False,False,False,False,False,False
Anuncio actualizado el 9 de abril,0,0,2.0,1,0,2007,en trámite,2 plantas,1,0,84996645,4,,Navares de Ayuso,," , Navares de Ayuso , Área de Sepúlveda - Cantalejo, Segovia ",,"Área de Sepúlveda - Cantalejo, Segovia",156,,2019-04-13,120000,0,3.0,0,0,0,False,False,True,False,False,False,False,True,False,False,False,False,False,False,False,False,False,False,False,False,False,False,False,False,False,False,False,False,False,False
Anuncio actualizado el 21 de febrero,0,0,0.0,0,1,1900,no indicado,2 plantas,0,1,83113884,1,,Turégano,"Travesía la Iglesia, 18"," Travesía la Iglesia, 18 , Turégano , Área de Sepúlveda - Cantalejo, Segovia ",,"Área de Sepúlveda - Cantalejo, Segovia",400,300,2019-04-13,186300,1,0.0,0,0,0,False,False,False,True,False,False,False,True,False,False,False,False,False,False,False,False,False,False,False,False,False,False,False,False,False,False,False,False,False,True
Anuncio actualizado el 4 de abril,1,0,2.0,1,0,2008,en trámite,1 planta,0,1,84284187,7,,Duruelo,Urb. Monte Cortos," Monte los Cortos , Urb. Monte Cortos , Duruelo , Área de Sepúlveda - Cantalejo, Segovia ",Monte los Cortos,"Área de Sepúlveda - Cantalejo, Segovia",2409,,2019-04-13,245000,0,2.0,0,0,1,False,False,True,False,False,False,False,False,False,False,False,False,False,False,False,False,False,False,False,False,False,False,False,False,False,False,False,False,False,False
Anuncio actualizado el 2 de abril,0,0,1.0,1,0,2000,,planta 2ª,0,0,84779043,0,0,Pedraza,," , Pedraza , Área de Sepúlveda - Cantalejo, Segovia ",,"Área de Sepúlveda - Cantalejo, Segovia",82,71,2019-04-13,85000,0,2.0,0,0,0,False,False,True,False,False,False,False,False,False,False,False,False,False,False,True,False,False,False,False,False,False,False,False,False,False,False,False,False,False,False
Anuncio actualizado el 13 de abril,0,0,1.0,1,0,1971,en trámite,planta 1ª exterior,0,1,84893138,0,0,Cerezo de Arriba,"Urbanización Slalom, 1"," Urbanización Slalom, 1 , Cerezo de Arriba , Área de Sepúlveda - Cantalejo, Segovia ",,"Área de Sepúlveda - Cantalejo, Segovia",43,,2019-04-13,69000,0,1.0,0,0,0,False,False,True,False,False,False,False,False,False,False,False,False,False,False,False,False,False,False,False,False,False,False,False,False,False,False,False,False,False,False
Anuncio actualizado el 1 de febrero,0,0,2.0,1,0,2006,en trámite,,1,1,81956159,2,,Duruelo,Calle A," Calle A , Duruelo , Área de Sepúlveda - Cantalejo, Segovia ",,"Área de Sepúlveda - Cantalejo, Segovia",725,,2019-04-13,155000,0,3.0,0,0,0,False,False,True,False,False,False,False,True,False,False,False,False,False,False,False,False,False,False,False,False,False,False,False,False,False,False,False,False,False,False
Anuncio actualizado el 2 de febrero,1,0,2.0,0,1,2006,inmueble exento,2 plantas,0,1,40163489,1,,Pedraza,"real, 5"," real, 5 , Pedraza , Área de Sepúlveda - Cantalejo, Segovia ",,"Área de Sepúlveda - Cantalejo, Segovia",1000,,2019-04-13,425000,1,3.0,0,0,1,False,False,True,False,False,False,False,False,False,False,False,False,False,False,False,False,False,False,False,False,False,False,False,False,False,False,True,False,False,False
Anuncio actualizado el 8 de febrero,0,1,6.0,1,1,2009,,2 plantas,0,0,82581412,3,,Castroserna de Abajo,"Calle Arroyo Carrascal, 14"," Calle Arroyo Carrascal, 14 , Castroserna de Abajo , Área de Sepúlveda - Cantalejo, Segovia ",,"Área de Sepúlveda - Cantalejo, Segovia",275,274,2019-04-13,160000,1,5.0,1,0,1,False,False,True,False,False,False,False,True,False,False,False,False,False,False,False,False,True,False,False,False,False,False,False,False,False,False,False,False,False,False
Anuncio actualizado el 9 de abril,0,0,1.0,0,0,,en trámite,1 planta,0,0,84653170,7,,Fuenterrebollo,"Calle Independencia, 7"," Calle Independencia, 7 , Fuenterrebollo , Área de Sepúlveda - Cantalejo, Segovia ",,"Área de Sepúlveda - Cantalejo, Segovia",285,,2019-04-13,48000,0,4.0,0,0,0,False,False,False,False,False,False,False,False,False,False,False,False,False,False,False,False,False,False,False,False,False,False,False,False,False,False,False,False,False,False
Anuncio actualizado el 9 de abril,0,0,2.0,0,0,1982,en trámite,2 plantas,0,0,81364437,2,,Duruelo,Urb. Monte de los Cortos," Monte de los Cortos, 90 , Urb. Monte de los Cortos , Duruelo , Área de Sepúlveda - Cantalejo, Segovia ","Monte de los Cortos, 90","Área de Sepúlveda - Cantalejo, Segovia",3000,250,2019-04-13,210000,0,3.0,0,0,1,False,False,True,False,False,False,False,False,False,False,False,False,False,False,False,False,False,False,False,False,False,False,False,False,False,False,False,False,False,False
Anuncio actualizado el 18 de febrero,0,0,2.0,1,1,,,2 plantas,1,1,83888810,3,,Sepúlveda,," , Sepúlveda , Área de Sepúlveda - Cantalejo, Segovia ",,"Área de Sepúlveda - Cantalejo, Segovia",15000,,2019-04-13,2500000,0,5.0,1,1,1,False,False,True,False,False,False,False,False,False,False,False,False,False,False,True,False,False,False,False,False,False,False,False,False,False,False,False,False,False,False
Anuncio actualizado el 1 de febrero,0,0,4.0,1,1,,en trámite,,1,1,38225157,1,,Pedraza,," , Pedraza , Área de Sepúlveda - Cantalejo, Segovia ",,"Área de Sepúlveda - Cantalejo, Segovia",1200,,2019-04-13,420000,0,4.0,1,0,1,False,False,True,False,False,False,False,False,False,False,False,False,False,False,False,False,False,False,False,False,False,False,False,False,False,False,False,False,False,False
Anuncio actualizado el 12 de abril,0,0,5.0,1,1,,en trámite,2 plantas,1,1,40431724,1,,Pedraza,," , Pedraza , Área de Sepúlveda - Cantalejo, Segovia ",,"Área de Sepúlveda - Cantalejo, Segovia",1225,,2019-04-13,550000,0,4.0,0,0,1,False,False,True,False,False,False,False,False,False,False,False,False,False,False,False,False,False,False,False,False,False,False,False,False,False,False,False,False,False,False
Anuncio actualizado el 13 de marzo,0,1,6.0,1,0,2001,en trámite,4 plantas,1,1,81864458,2,,Cantalejo,"Travesía Majones, Cantalejo, 1 N2-1"," Travesía Majones, Cantalejo, 1 N2-1 , Cantalejo , Área de Sepúlveda - Cantalejo, Segovia ",,"Área de Sepúlveda - Cantalejo, Segovia",331,425,2019-04-13,275000,0,7.0,1,0,1,False,False,True,False,False,False,False,True,False,False,False,False,False,False,False,False,False,False,False,False,False,False,True,False,False,False,False,False,False,False
Anuncio actualizado el 1 de abril,1,1,2.0,1,0,2007,en trámite,planta 3ª exterior,0,1,82418612,8,1,Cantalejo,"Travesía Majones, 1 Duplicad"," Travesía Majones, 1 Duplicad , Cantalejo , Área de Sepúlveda - Cantalejo, Segovia ",,"Área de Sepúlveda - Cantalejo, Segovia",115,92,2019-04-13,139000,1,3.0,0,0,1,False,False,True,False,False,False,False,False,False,False,True,False,False,False,False,False,False,False,False,False,False,False,False,False,False,False,False,False,False,True
Anuncio actualizado el 1 de febrero,0,1,5.0,0,1,,en trámite,,1,1,82804258,10,,Navafria,," , Navafria , Área de Sepúlveda - Cantalejo, Segovia ",,"Área de Sepúlveda - Cantalejo, Segovia",20000,,2019-04-13,1090000,0,5.0,1,0,1,False,False,True,False,False,False,False,False,False,False,False,False,False,False,False,False,False,False,False,False,False,False,False,False,False,False,False,False,False,False
Anuncio actualizado el 13 de marzo,0,0,2.0,1,0,2007,en trámite,planta 1ª exterior,1,0,25265686,8,1,Grajera,Urb. EL FRONTON," Avenida de la Fragua, 19 , Urb. EL FRONTON , Grajera , Área de Sepúlveda - Cantalejo, Segovia ","Avenida de la Fragua, 19","Área de Sepúlveda - Cantalejo, Segovia",97,85,2019-04-13,90000,0,2.0,0,0,0,False,False,True,False,False,False,False,False,False,False,False,False,False,False,False,False,False,False,False,False,False,False,False,False,False,False,False,True,False,False
Anuncio actualizado el 1 de diciembre,0,0,0.0,0,0,1900,no indicado,,0,0,83093426,1,,Collado Hermoso,Plaza del Rosario s/n," Plaza del Rosario s/n , Collado Hermoso , Área de Sepúlveda - Cantalejo, Segovia ",,"Área de Sepúlveda - Cantalejo, Segovia",80,70,2019-04-13,46000,1,0.0,0,0,0,False,False,False,True,False,False,False,False,False,False,False,False,False,False,False,False,False,False,False,False,False,False,False,False,False,False,True,False,False,False
Anuncio actualizado el 7 de abril,0,0,4.0,1,0,,no indicado,3 plantas,0,1,1656459,2,,Turégano,Urb. Carrascal de la Cuesta," Calle Carrascal de la Cuesta, 48 , Urb. Carrascal de la Cuesta , Turégano , Área de Sepúlveda - Cantalejo, Segovia ","Calle Carrascal de la Cuesta, 48","Área de Sepúlveda - Cantalejo, Segovia",150,141,2019-04-13,180000,0,3.0,1,1,1,False,False,True,False,False,False,False,False,False,False,False,False,False,False,False,False,False,False,False,False,False,False,False,False,False,False,False,False,False,False
Anuncio actualizado el 8 de marzo,0,0,1.0,1,0,,,bajo exterior,1,1,36192158,0,0,Grajera,"Avenida del Pinar, 4"," Avenida del Pinar, 4 , Grajera , Área de Sepúlveda - Cantalejo, Segovia ",,"Área de Sepúlveda - Cantalejo, Segovia",90,80,2019-04-13,115000,0,2.0,1,0,1,False,False,True,False,False,False,False,False,False,False,False,False,False,False,False,False,False,False,False,False,False,False,False,False,False,False,False,False,False,False
Anuncio actualizado el 7 de abril,0,0,1.0,1,0,,no indicado,planta 2ª exterior,0,1,37942729,0,0,Cerezo de Arriba,Urb. Residencial Slalom," Estacion esqui La Pinilla s/n , Urb. Residencial Slalom , Cerezo de Arriba , Área de Sepúlveda - Cantalejo, Segovia ",Estacion esqui La Pinilla s/n,"Área de Sepúlveda - Cantalejo, Segovia",41,34,2019-04-13,42300,0,1.0,1,0,0,False,False,True,False,False,False,False,False,False,False,False,False,False,False,True,False,False,False,False,False,False,False,False,False,False,False,False,False,False,False
Anuncio actualizado el 8 de abril,0,1,4.0,0,1,,,2 plantas,1,1,40109642,3,,Matabuena,Calle Ejido s/n," Calle Ejido s/n , Matabuena , Área de Sepúlveda - Cantalejo, Segovia ",,"Área de Sepúlveda - Cantalejo, Segovia",525,,2019-04-13,770000,0,4.0,1,0,0,False,False,True,False,False,False,False,False,False,False,False,False,False,False,False,False,False,False,False,False,False,False,True,False,False,False,False,False,False,False
Anuncio actualizado el 7 de abril,0,0,0.0,0,0,,no indicado,2 plantas,0,1,40390550,1,,Gallegos,Calle de la Mata s/n," Calle de la Mata s/n , Gallegos , Área de Sepúlveda - Cantalejo, Segovia ",,"Área de Sepúlveda - Cantalejo, Segovia",800,,2019-04-13,130000,0,0.0,0,0,0,False,False,False,True,False,False,False,False,False,False,False,False,False,False,False,False,False,False,False,False,False,False,True,False,False,False,False,False,False,False
Anuncio actualizado el 7 de abril,0,0,3.0,1,0,,no indicado,3 plantas,1,0,40398561,4,,Grajera,"Calle El Labrador, 30"," Calle El Labrador, 30 , Grajera , Área de Sepúlveda - Cantalejo, Segovia ",,"Área de Sepúlveda - Cantalejo, Segovia",90,,2019-04-13,165000,0,4.0,1,0,1,False,False,True,False,False,False,False,False,False,False,False,False,False,False,False,False,False,False,False,False,False,False,False,False,True,False,False,False,False,False
Anuncio actualizado el 4 de abril,0,1,4.0,1,0,,no indicado,3 plantas,1,1,84248630,2,,Pradena,"Travesía Enebral, 6"," Travesía Enebral, 6 , Pradena , Área de Sepúlveda - Cantalejo, Segovia ",,"Área de Sepúlveda - Cantalejo, Segovia",420,,2019-04-13,425000,0,5.0,0,1,0,False,False,True,False,False,False,False,False,False,False,False,False,False,False,False,False,False,False,False,False,False,False,False,False,False,False,False,False,False,False
Anuncio actualizado el 20 de marzo,0,0,2.0,0,1,1990,,2 plantas,0,0,83005473,1,,Turégano,carretera s/n," carretera s/n , Turégano , Área de Sepúlveda - Cantalejo, Segovia ",,"Área de Sepúlveda - Cantalejo, Segovia",13000,180,2019-04-13,155000,0,3.0,0,0,0,False,False,True,False,False,False,False,False,False,False,False,True,False,False,False,False,False,False,False,False,False,False,False,False,False,False,False,True,False,False
Anuncio actualizado el 15 de marzo,0,0,2.0,1,0,1973,,planta 3ª exterior,0,1,84204515,8,1,Cerezo de Arriba,Calle Serranova," Calle Serranova , Cerezo de Arriba , Área de Sepúlveda - Cantalejo, Segovia ",,"Área de Sepúlveda - Cantalejo, Segovia",104,95,2019-04-13,75000,0,2.0,0,1,1,False,False,True,False,False,False,False,True,False,False,False,False,False,False,False,False,False,False,False,False,False,False,False,False,True,False,False,False,False,False
Anuncio actualizado el 9 de febrero,0,0,1.0,1,0,1971,en trámite,planta 1ª exterior,0,0,83315212,0,0,Cerezo de Arriba,Calle Cervunal," Calle Cervunal , Cerezo de Arriba , Área de Sepúlveda - Cantalejo, Segovia ",,"Área de Sepúlveda - Cantalejo, Segovia",49,,2019-04-13,58000,0,1.0,1,0,0,False,False,True,False,False,False,False,True,False,False,False,False,False,False,False,True,False,False,False,False,False,False,False,False,False,False,False,False,False,False
Anuncio actualizado el 3 de enero,0,0,3.0,0,0,2014,en trámite,2 plantas,1,1,83727742,4,,Cerezo de Abajo,Calle la fragua," Calle la fragua , Cerezo de Abajo , Área de Sepúlveda - Cantalejo, Segovia ",,"Área de Sepúlveda - Cantalejo, Segovia",194,140,2019-04-13,170000,0,5.0,1,0,1,False,False,True,False,False,False,False,False,False,False,False,False,False,False,False,False,False,False,False,False,False,False,False,False,False,False,False,False,False,False
Anuncio actualizado el 9 de febrero,0,0,3.0,0,0,2014,en trámite,2 plantas,1,1,83709826,4,,Cerezo de Abajo,Calle Fragua," Calle Fragua , Cerezo de Abajo , Área de Sepúlveda - Cantalejo, Segovia ",,"Área de Sepúlveda - Cantalejo, Segovia",152,135,2019-04-13,160000,0,3.0,0,0,1,False,False,True,False,False,False,False,True,False,False,False,False,False,False,False,False,False,False,False,False,False,False,False,False,False,False,False,False,False,False
Anuncio actualizado el 8 de abril,0,0,4.0,1,0,2009,en trámite,2 plantas,1,1,39603856,2,,Torre Val de San Pedro,Torre Val de San Pedro s/n," Torre Val de San Pedro s/n , Torre Val de San Pedro , Área de Sepúlveda - Cantalejo, Segovia ",,"Área de Sepúlveda - Cantalejo, Segovia",921,,2019-04-13,398000,0,4.0,0,1,0,False,False,True,False,False,False,False,False,False,False,False,False,False,False,False,False,False,False,False,False,False,False,False,False,False,False,True,False,False,False
Anuncio actualizado el 9 de enero,0,0,0.0,0,0,1900,en trámite,,0,0,83094504,1,,Pedraza,"Cantarranas, 1"," Cantarranas, 1 , Pedraza , Área de Sepúlveda - Cantalejo, Segovia ",,"Área de Sepúlveda - Cantalejo, Segovia",81,70,2019-04-13,65000,1,0.0,0,0,0,False,False,False,True,False,False,False,False,False,False,False,False,False,False,False,False,False,False,False,False,False,False,False,False,False,False,True,False,False,False
Anuncio actualizado el 8 de abril,0,0,1.0,0,0,1900,en trámite,2 plantas,0,0,83723505,7,,Santo Tomé del Puerto,Calle la Fragua," Calle la Fragua , Santo Tomé del Puerto , Área de Sepúlveda - Cantalejo, Segovia ",,"Área de Sepúlveda - Cantalejo, Segovia",375,,2019-04-13,27000,0,3.0,0,0,0,False,False,False,False,False,False,False,False,False,False,False,False,False,False,False,False,False,False,False,False,False,False,False,False,False,False,False,False,False,False
Anuncio actualizado el 12 de abril,0,0,1.0,1,0,,en trámite,planta 2ª exterior,0,1,84977080,0,0,Cerezo de Arriba,"Nogal, 1"," Nogal, 1 , Cerezo de Arriba , Área de Sepúlveda - Cantalejo, Segovia ",,"Área de Sepúlveda - Cantalejo, Segovia",45,,2019-04-13,39900,0,1.0,0,0,0,False,False,True,False,False,False,False,False,True,False,False,False,False,False,False,False,False,False,False,False,False,False,False,False,False,False,True,False,False,False
Anuncio actualizado el 8 de abril,0,1,2.0,0,0,,en trámite,,1,1,84991530,2,,Duruelo,"Calle Cantarranas, 26"," Calle Cantarranas, 26 , Duruelo , Área de Sepúlveda - Cantalejo, Segovia ",,"Área de Sepúlveda - Cantalejo, Segovia",150,,2019-04-13,100000,0,5.0,0,0,0,False,False,True,False,False,False,False,False,False,False,False,False,False,False,False,False,False,False,False,False,False,False,False,False,False,False,False,False,False,False
Anuncio actualizado el 22 de marzo,1,0,2.0,0,0,2007,no indicado,,1,0,83673427,7,,Duruelo,Urb. null," Calle Indiones , Urb. null , Duruelo , Área de Sepúlveda - Cantalejo, Segovia ",Calle Indiones,"Área de Sepúlveda - Cantalejo, Segovia",122,122,2019-04-13,135000,0,3.0,0,0,1,False,False,False,False,False,False,False,True,False,False,False,False,False,False,False,False,False,False,False,False,False,False,False,False,False,False,True,False,False,False
Anuncio actualizado el 6 de abril,0,0,1.0,0,0,,inmueble exento,,0,0,32196664,3,,Puebla de Pedraza,"Calle del sol, 8"," Calle del sol, 8 , Puebla de Pedraza , Área de Sepúlveda - Cantalejo, Segovia ",,"Área de Sepúlveda - Cantalejo, Segovia",2000,160,2019-04-13,40000,0,4.0,0,0,0,False,False,False,True,False,False,False,False,False,False,False,False,False,False,False,False,False,False,False,False,False,False,False,False,False,False,False,False,False,False
Anuncio actualizado el 20 de marzo,0,1,3.0,1,0,1960,en trámite,2 plantas,1,1,81158643,2,,Gallegos,"Calle Fuente, 3"," Calle Fuente, 3 , Gallegos , Área de Sepúlveda - Cantalejo, Segovia ",,"Área de Sepúlveda - Cantalejo, Segovia",600,220,2019-04-13,125000,0,8.0,1,1,1,False,False,True,False,False,False,False,False,False,False,False,False,False,False,False,False,False,False,False,False,False,False,True,False,False,False,False,False,False,False
Anuncio actualizado el 12 de abril,0,0,1.0,1,0,1971,en trámite,planta 1ª exterior,0,0,83796820,0,0,Cerezo de Arriba,Urb. Edificio Abeto 1-7," Urb. Edificio Abeto 1-7 , Cerezo de Arriba , Área de Sepúlveda - Cantalejo, Segovia ",,"Área de Sepúlveda - Cantalejo, Segovia",45,43,2019-04-13,39000,0,1.0,0,0,0,False,False,True,False,False,False,False,False,False,False,False,False,False,False,True,False,False,False,False,False,False,False,False,False,False,False,False,False,False,False
Anuncio actualizado el 10 de abril,0,0,2.0,1,0,,en trámite,2 plantas,0,0,85015685,2,,Fresno de la Fuente,"Calle la Calleja, 4"," Calle la Calleja, 4 , Fresno de la Fuente , Área de Sepúlveda - Cantalejo, Segovia ",,"Área de Sepúlveda - Cantalejo, Segovia",138,,2019-04-13,110000,0,2.0,0,0,0,False,False,True,False,False,False,False,False,False,False,False,False,False,False,False,False,True,False,False,False,False,False,False,False,False,False,False,False,False,False
Anuncio actualizado el 11 de abril,0,0,1.0,0,0,,en trámite,2 plantas,0,0,85035967,7,,Cantalejo,"Calle Juan Bravo, 21"," Calle Juan Bravo, 21 , Cantalejo , Área de Sepúlveda - Cantalejo, Segovia ",,"Área de Sepúlveda - Cantalejo, Segovia",222,,2019-04-13,55000,0,5.0,0,0,0,False,False,False,False,False,False,False,False,False,False,False,False,False,False,False,False,False,False,False,False,False,False,False,False,False,False,False,False,False,False
Anuncio actualizado el 9 de abril,0,1,1.0,1,0,,,planta 1ª exterior,1,1,85004779,6,0,Grajera,Calle El Labrador s/n," Calle El Labrador s/n , Grajera , Área de Sepúlveda - Cantalejo, Segovia ",,"Área de Sepúlveda - Cantalejo, Segovia",85,,2019-04-13,90000,0,2.0,1,0,1,False,False,True,False,False,False,False,True,False,False,False,False,False,False,False,False,False,False,False,False,False,False,False,False,False,False,False,False,True,False
Anuncio actualizado el 13 de abril,0,0,2.0,1,0,2004,,,0,0,85061260,7,,Navafria,," , Navafria , Área de Sepúlveda - Cantalejo, Segovia ",,"Área de Sepúlveda - Cantalejo, Segovia",516,92,2019-04-13,295000,0,3.0,0,0,1,False,False,True,False,False,False,False,False,False,False,False,False,False,False,False,False,False,False,False,False,False,False,False,False,False,False,True,False,False,False
Anuncio actualizado el 11 de abril,0,0,3.0,0,0,2001,en trámite,2 plantas,0,0,85040705,7,,Turégano,"Carretera Sotosalbos, 18"," Carretera Sotosalbos, 18 , Turégano , Área de Sepúlveda - Cantalejo, Segovia ",,"Área de Sepúlveda - Cantalejo, Segovia",125,,2019-04-13,105000,0,3.0,0,0,1,False,False,False,False,False,False,False,False,False,False,False,False,False,False,False,False,False,False,False,False,False,False,False,False,False,False,False,False,False,False
Anuncio actualizado el 26 de marzo,0,1,4.0,0,1,,en trámite,,0,1,81681834,10,,Valdevacas y Guijar,," , Valdevacas y Guijar , Área de Sepúlveda - Cantalejo, Segovia ",,"Área de Sepúlveda - Cantalejo, Segovia",219,,2019-04-13,285000,0,4.0,0,0,0,False,False,True,False,False,False,False,False,False,False,False,False,False,False,False,False,False,False,False,False,False,False,False,False,False,False,False,False,False,False
Anuncio actualizado el 13 de marzo,0,0,3.0,1,0,,en trámite,3 plantas,0,0,84031228,2,,San Pedro de Gaillos,," , San Pedro de Gaillos , Área de Sepúlveda - Cantalejo, Segovia ",,"Área de Sepúlveda - Cantalejo, Segovia",290,,2019-04-13,220000,0,4.0,0,0,0,False,False,True,False,False,False,False,True,False,False,False,False,False,False,False,False,False,False,False,False,False,False,False,False,False,False,False,False,False,False
Anuncio actualizado el 20 de febrero,0,0,2.0,0,0,2001,en trámite,,1,0,31833258,2,,Turégano,," , Turégano , Área de Sepúlveda - Cantalejo, Segovia ",,"Área de Sepúlveda - Cantalejo, Segovia",150,,2019-04-13,90000,0,3.0,0,0,0,False,False,True,False,False,False,False,True,False,False,False,False,False,False,False,False,False,False,False,False,False,False,False,False,False,False,False,False,False,False
Anuncio actualizado el 7 de abril,0,0,1.0,1,0,,no indicado,planta 2ª exterior,0,1,26399471,0,0,Cerezo de Arriba,Urb. Estacion de eski la Pinilla," Urbanizacion la Pinilla s/n , Urb. Estacion de eski la Pinilla , Cerezo de Arriba , Área de Sepúlveda - Cantalejo, Segovia ",Urbanizacion la Pinilla s/n,"Área de Sepúlveda - Cantalejo, Segovia",70,65,2019-04-13,50000,0,1.0,1,0,1,False,False,True,False,False,False,False,False,False,False,False,False,False,False,True,False,False,False,False,False,False,False,False,False,False,False,False,False,False,False
Anuncio actualizado el 13 de febrero,0,0,1.0,0,0,1900,no indicado,,0,0,83231435,7,,Santo Tomé del Puerto,," , Santo Tomé del Puerto , Área de Sepúlveda - Cantalejo, Segovia ",,"Área de Sepúlveda - Cantalejo, Segovia",130,120,2019-04-13,76000,0,3.0,0,0,0,False,False,False,True,False,False,False,False,False,False,False,False,False,False,False,False,False,False,False,False,False,False,False,False,False,False,False,False,False,False
Anuncio actualizado el 18 de marzo,0,0,3.0,1,0,,en trámite,2 plantas,0,0,81751121,2,,Duruelo,Urb. Las Villas de Sotomosila," Urb. Las Villas de Sotomosila , Duruelo , Área de Sepúlveda - Cantalejo, Segovia ",,"Área de Sepúlveda - Cantalejo, Segovia",1025,,2019-04-13,135000,0,4.0,0,0,1,False,False,True,False,False,False,False,False,False,False,False,False,False,False,False,False,False,False,False,False,False,False,False,False,False,False,False,False,False,False
Anuncio actualizado el 9 de abril,0,0,3.0,1,0,2007,en trámite,2 plantas,1,1,81295205,2,,Duruelo,," , Duruelo , Área de Sepúlveda - Cantalejo, Segovia ",,"Área de Sepúlveda - Cantalejo, Segovia",1000,,2019-04-13,189000,0,3.0,1,0,1,False,False,True,False,False,False,False,False,False,False,False,False,False,False,False,False,False,False,False,False,False,False,True,False,False,False,False,False,False,False
Anuncio actualizado el 20 de marzo,1,1,4.0,1,0,,en trámite,,1,1,84728202,2,,Pedraza,," , Pedraza , Área de Sepúlveda - Cantalejo, Segovia ",,"Área de Sepúlveda - Cantalejo, Segovia",300,,2019-04-13,470000,0,5.0,1,0,1,False,False,True,False,False,False,False,False,False,False,False,False,False,False,False,False,False,False,False,False,False,False,False,False,False,False,True,False,False,False
Anuncio actualizado el 1 de abril,1,1,2.0,1,0,1980,,2 plantas,0,1,83548007,2,,Turégano,"Calle Doctor Dorronsoro, Turégano, 13"," Calle Doctor Dorronsoro, Turégano, 13 , Turégano , Área de Sepúlveda - Cantalejo, Segovia ",,"Área de Sepúlveda - Cantalejo, Segovia",1293,,2019-04-13,371175,0,3.0,1,1,1,False,False,True,False,False,False,False,True,False,False,False,False,False,False,False,False,True,False,False,False,False,False,False,False,False,False,False,False,False,False
Anuncio actualizado el 28 de marzo,1,0,8.0,0,0,,en trámite,,1,1,84060783,7,,Casla,"Calle Urbanización Virgen de la Estrella, 1 -5"," Calle Urbanización Virgen de la Estrella, 1 -5 , Casla , Área de Sepúlveda - Cantalejo, Segovia ",,"Área de Sepúlveda - Cantalejo, Segovia",408,400,2019-04-13,360000,1,5.0,1,0,1,False,False,True,False,False,False,False,False,False,False,False,False,False,False,False,False,False,False,False,False,False,False,False,False,False,False,False,False,False,False
Anuncio actualizado el 5 de abril,0,1,3.0,0,1,,inmueble exento,2 plantas,1,1,84724807,9,,Sepúlveda,Camino de ocecilla s/n," Camino de ocecilla s/n , Sepúlveda , Área de Sepúlveda - Cantalejo, Segovia ",,"Área de Sepúlveda - Cantalejo, Segovia",157000,,2019-04-13,2500000,0,5.0,1,1,1,False,False,False,True,False,False,False,False,False,False,False,False,False,False,False,False,False,False,False,False,False,False,False,False,False,False,False,False,False,False
Anuncio actualizado el 10 de abril,0,0,3.0,1,0,,en trámite,,1,1,83041082,7,,Duruelo,," , Duruelo , Área de Sepúlveda - Cantalejo, Segovia ",,"Área de Sepúlveda - Cantalejo, Segovia",502,286,2019-04-13,215000,0,4.0,1,0,0,False,False,True,False,False,False,False,False,False,False,False,False,False,False,False,False,False,False,False,False,False,False,False,False,False,False,False,False,False,False
Anuncio actualizado el 12 de abril,0,0,5.0,0,0,,en trámite,,1,1,84256438,7,,Cantalejo,," , Cantalejo , Área de Sepúlveda - Cantalejo, Segovia ",,"Área de Sepúlveda - Cantalejo, Segovia",582,430,2019-04-13,345000,0,5.0,1,0,1,False,False,True,False,False,False,False,False,False,False,False,False,False,False,False,False,False,False,False,False,False,False,False,False,False,False,False,False,False,False
Anuncio actualizado el 10 de abril,0,0,2.0,1,0,,en trámite,planta 1ª exterior,0,1,84534235,0,0,Cerezo de Arriba,," , Cerezo de Arriba , Área de Sepúlveda - Cantalejo, Segovia ",,"Área de Sepúlveda - Cantalejo, Segovia",95,,2019-04-13,95000,0,3.0,1,0,0,False,False,True,False,False,False,False,False,False,False,False,False,False,False,False,False,False,False,False,False,False,False,False,False,False,False,False,False,False,False
Anuncio actualizado el 28 de febrero,0,0,5.0,1,0,,,2 plantas,1,1,82725410,10,,Valdevacas y Guijar,," , Valdevacas y Guijar , Área de Sepúlveda - Cantalejo, Segovia ",,"Área de Sepúlveda - Cantalejo, Segovia",4000,,2019-04-13,800000,0,5.0,1,0,1,False,False,True,False,False,False,False,False,False,False,False,False,False,False,False,False,False,False,False,False,False,False,False,False,False,False,False,False,False,False
Anuncio actualizado el 8 de abril,0,0,5.0,1,1,1750,inmueble exento,2 plantas,1,1,82497844,9,,Navafria,," , Navafria , Área de Sepúlveda - Cantalejo, Segovia ",,"Área de Sepúlveda - Cantalejo, Segovia",17467,,2019-04-13,1090000,0,6.0,1,0,1,False,False,True,False,False,False,False,False,True,False,False,False,False,False,False,False,False,False,False,False,False,False,True,False,False,False,False,False,False,False
Anuncio actualizado el 2 de abril,0,0,2.0,1,0,2008,,2 plantas,1,1,81820146,2,,Santiuste de Pedraza,"Carretera de Segovia, 12"," Carretera de Segovia, 12 , Santiuste de Pedraza , Área de Sepúlveda - Cantalejo, Segovia ",,"Área de Sepúlveda - Cantalejo, Segovia",1150,175,2019-04-13,249000,0,2.0,1,0,0,False,False,True,False,False,False,False,True,False,False,False,False,False,False,False,False,False,False,False,False,False,False,True,False,False,False,False,False,False,False
Anuncio actualizado el 8 de abril,0,0,5.0,1,0,1750,inmueble exento,2 plantas,1,1,38555647,2,,Navafria,Carretera N-110 y SG-V-6112 s/n," Carretera N-110 y SG-V-6112 s/n , Navafria , Área de Sepúlveda - Cantalejo, Segovia ",,"Área de Sepúlveda - Cantalejo, Segovia",17467,,2019-04-13,1090000,0,6.0,1,0,1,False,False,True,False,False,False,False,False,True,False,False,False,False,False,False,False,False,False,False,False,False,False,True,False,False,False,False,False,False,False
ad_last_update,air_conditioner,balcony,0.0,built_in_wardrobe,chimney,construct_date,energetic_certif,floor,1,garden,house_id,11,lift,loc_city,loc_district,loc_full,loc_neigh,loc_zone,m2_real,m2_useful,obtention_date,price,reduced_mobility,0.0,storage_room,swimming_pool,terrace,True,False,False,False,False,False,False,False,False,False,False,False,True,False,False,False,False,False,False,False,False,False,False,False,False,True,False,False,False,False
Anuncio actualizado el 9 de abril,0,0,3.0,1,0,,no indicado,,0,0,83627276,2,,Armuña,," , Armuña , Área de Santa María Real de Nieva, Segovia ",,"Área de Santa María Real de Nieva, Segovia",500,468,2019-04-13,287000,0,4.0,0,0,0,False,False,False,False,False,False,False,False,False,False,False,False,False,False,False,False,False,False,False,False,False,False,False,False,False,False,False,False,False,False
más de 5 meses sin actualizar,0,0,0.0,0,0,,no indicado,2 plantas,0,0,29208235,2,,Santa Maria la Real de Nieva,"Plaza Mayor, 10"," Plaza Mayor, 10 , Santa Maria la Real de Nieva , Área de Santa María Real de Nieva, Segovia ",,"Área de Santa María Real de Nieva, Segovia",250,,2019-04-13,15000,0,3.0,0,0,0,False,False,False,True,False,False,False,False,False,False,False,False,False,False,False,False,False,False,False,False,False,False,False,False,False,False,False,False,False,False
más de 5 meses sin actualizar,0,0,1.0,1,1,,no indicado,2 plantas,0,1,38432911,1,,Bernardos,"Travesía Castillo, 4"," Travesía Castillo, 4 , Bernardos , Área de Santa María Real de Nieva, Segovia ",,"Área de Santa María Real de Nieva, Segovia",1000,,2019-04-13,50000,1,5.0,0,0,0,False,False,False,True,False,False,False,False,False,False,False,False,False,False,False,False,False,False,False,False,False,False,False,False,True,False,False,False,False,False
más de 5 meses sin actualizar,0,0,1.0,0,1,,no indicado,2 plantas,1,0,37838131,1,,Martin Muñoz de las Posadas,"Calle Real, 16"," Calle Real, 16 , Martin Muñoz de las Posadas , Área de Santa María Real de Nieva, Segovia ",,"Área de Santa María Real de Nieva, Segovia",430,,2019-04-13,90000,0,4.0,1,0,0,False,False,True,False,False,False,False,False,False,False,False,False,False,False,True,False,False,False,False,False,False,False,False,False,False,False,False,False,False,False
más de 5 meses sin actualizar,0,0,1.0,0,0,,no indicado,2 plantas,1,0,37933504,1,,Martin Muñoz de las Posadas,"Calle San Juan, 46"," Calle San Juan, 46 , Martin Muñoz de las Posadas , Área de Santa María Real de Nieva, Segovia ",,"Área de Santa María Real de Nieva, Segovia",140,,2019-04-13,39000,0,3.0,1,0,0,False,False,True,False,False,False,False,False,False,False,False,False,False,False,False,False,False,False,False,False,False,False,False,False,False,False,False,False,False,False
más de 5 meses sin actualizar,0,0,1.0,0,0,,no indicado,2 plantas,1,0,38899730,1,,Codorniz,"Calle del Pozo, 9"," Calle del Pozo, 9 , Codorniz , Área de Santa María Real de Nieva, Segovia ",,"Área de Santa María Real de Nieva, Segovia",400,100,2019-04-13,60000,0,4.0,1,0,1,False,False,False,True,False,False,False,False,False,False,False,False,False,False,False,False,False,False,False,False,False,False,False,False,True,False,False,False,False,False
más de 5 meses sin actualizar,0,0,1.0,0,0,,no indicado,planta 2ª exterior,0,0,34623774,0,0,Coca,"Calle mesonero mayor de castilla, 6"," Calle mesonero mayor de castilla, 6 , Coca , Área de Santa María Real de Nieva, Segovia ",,"Área de Santa María Real de Nieva, Segovia",60,58,2019-04-13,80000,0,2.0,0,0,0,False,False,True,False,False,False,False,False,False,False,False,False,False,False,False,False,False,False,False,False,False,False,False,False,False,False,False,False,False,False
más de 5 meses sin actualizar,0,0,2.0,0,1,,no indicado,2 plantas,0,1,35171059,1,,Santa Maria la Real de Nieva,"Calle Escuelas, 5"," Calle Escuelas, 5 , Santa Maria la Real de Nieva , Área de Santa María Real de Nieva, Segovia ",,"Área de Santa María Real de Nieva, Segovia",200,,2019-04-13,130000,0,2.0,0,0,0,False,False,True,False,False,False,False,False,False,False,False,False,False,False,False,False,False,False,False,False,False,False,False,False,False,False,False,False,False,False
más de 5 meses sin actualizar,0,0,1.0,0,0,,no indicado,3 plantas,1,0,30648335,4,,Muñopedro,"Travesía lagares, 2"," Travesía lagares, 2 , Muñopedro , Área de Santa María Real de Nieva, Segovia ",,"Área de Santa María Real de Nieva, Segovia",380,180,2019-04-13,80000,0,3.0,1,0,1,False,False,True,False,False,False,False,False,False,False,False,False,False,False,False,False,False,False,False,False,False,False,False,False,False,False,False,False,False,False
más de 5 meses sin actualizar,0,0,1.0,0,1,,no indicado,,1,1,31137469,13,,Santiuste de San Juan Bautista,"Calle grupo calvo sotelo, 1"," Calle grupo calvo sotelo, 1 , Santiuste de San Juan Bautista , Área de Santa María Real de Nieva, Segovia ",,"Área de Santa María Real de Nieva, Segovia",380,,2019-04-13,35000,0,8.0,0,0,1,False,False,True,False,False,False,False,False,False,False,False,False,False,False,False,False,False,False,False,False,False,False,False,False,False,False,True,False,False,False
más de 5 meses sin actualizar,0,0,2.0,0,0,,no indicado,2 plantas,0,0,36610189,2,,Santa Maria la Real de Nieva,"Calle Capeas, 2"," Calle Capeas, 2 , Santa Maria la Real de Nieva , Área de Santa María Real de Nieva, Segovia ",,"Área de Santa María Real de Nieva, Segovia",100,,2019-04-13,200000,0,3.0,1,0,1,False,False,True,False,False,False,False,False,False,False,False,False,False,False,False,False,False,False,False,False,False,False,False,False,False,False,True,False,False,False
más de 5 meses sin actualizar,0,0,1.0,0,0,,no indicado,1 planta,0,0,40578070,1,,Santa Maria la Real de Nieva,"Calle Botón, 14 C"," Calle Botón, 14 C , Santa Maria la Real de Nieva , Área de Santa María Real de Nieva, Segovia ",,"Área de Santa María Real de Nieva, Segovia",105,67,2019-04-13,35000,0,2.0,0,0,1,False,False,True,False,False,False,False,False,False,False,False,False,False,False,False,False,False,False,False,False,False,False,False,False,True,False,False,False,False,False
más de 5 meses sin actualizar,0,0,3.0,1,0,1999,en trámite,2 plantas,0,0,27032314,4,,Armuña,"Calle del Corpus, 677660500"," Calle del Corpus, 677660500 , Armuña , Área de Santa María Real de Nieva, Segovia ",,"Área de Santa María Real de Nieva, Segovia",203,146,2019-04-13,135000,0,4.0,0,0,0,False,False,True,False,False,False,False,False,False,False,False,False,False,False,True,False,False,False,False,False,False,False,False,False,False,False,False,False,False,False
más de 5 meses sin actualizar,0,1,1.0,1,0,1984,no indicado,planta 1ª exterior,1,0,82319288,0,0,Coca,"Calle de Luis Galicia Alonso, 1"," Calle de Luis Galicia Alonso, 1 , Coca , Área de Santa María Real de Nieva, Segovia ",,"Área de Santa María Real de Nieva, Segovia",82,72,2019-04-13,83000,0,3.0,0,0,1,False,False,True,False,False,False,False,True,False,False,False,False,False,False,False,False,False,False,False,False,False,False,False,False,False,False,True,False,False,False
más de 5 meses sin actualizar,0,0,2.0,1,0,,no indicado,planta 3ª exterior,1,0,30279971,0,0,Nava de la Asuncion,"Calle de Andres Sanz, 2"," Calle de Andres Sanz, 2 , Nava de la Asuncion , Área de Santa María Real de Nieva, Segovia ",,"Área de Santa María Real de Nieva, Segovia",135,,2019-04-13,70000,0,3.0,0,0,1,False,False,True,False,False,False,False,False,False,False,False,False,False,False,False,False,False,False,False,False,False,False,False,False,False,False,False,False,False,False
más de 5 meses sin actualizar,0,0,1.0,0,1,,en trámite,2 plantas,1,0,38982384,1,,Armuña,"Travesía de Segovia, 20"," Travesía de Segovia, 20 , Armuña , Área de Santa María Real de Nieva, Segovia ",,"Área de Santa María Real de Nieva, Segovia",300,,2019-04-13,95000,0,3.0,0,0,0,False,False,True,False,False,False,False,False,False,False,False,False,False,False,False,True,False,False,False,False,False,False,False,False,False,False,False,False,False,False
más de 5 meses sin actualizar,0,0,1.0,1,0,,no indicado,,1,1,82004634,2,,Santiuste de San Juan Bautista,"Calle Molino, 2"," Calle Molino, 2 , Santiuste de San Juan Bautista , Área de Santa María Real de Nieva, Segovia ",,"Área de Santa María Real de Nieva, Segovia",303,147,2019-04-13,60000,0,2.0,1,0,1,False,False,True,False,False,False,False,False,False,False,False,False,False,False,True,False,False,False,False,False,False,False,False,False,False,False,False,False,False,False
más de 5 meses sin actualizar,0,0,2.0,1,0,,no indicado,1 planta,0,0,32395092,2,,Nava de la Asuncion,"juan gris, 13"," juan gris, 13 , Nava de la Asuncion , Área de Santa María Real de Nieva, Segovia ",,"Área de Santa María Real de Nieva, Segovia",450,120,2019-04-13,120000,0,3.0,0,0,0,False,False,True,False,False,False,False,False,False,False,False,False,False,False,False,False,False,False,False,False,False,False,False,False,False,False,False,False,False,False
más de 5 meses sin actualizar,0,0,1.0,1,0,,no indicado,2 plantas,1,0,34577040,1,,Santiuste de San Juan Bautista,"Calle real del caño, 19"," Calle real del caño, 19 , Santiuste de San Juan Bautista , Área de Santa María Real de Nieva, Segovia ",,"Área de Santa María Real de Nieva, Segovia",148,120,2019-04-13,47900,0,3.0,0,0,0,False,False,True,False,False,False,False,False,False,False,False,False,False,False,False,False,False,False,False,False,False,False,False,False,False,False,False,False,False,False
Anuncio actualizado el 31 de marzo,0,0,2.0,1,0,,no indicado,3 plantas,1,0,83055564,2,,Bercial,Urb. Centro del pueblo," Calle Empedrada s/n , Urb. Centro del pueblo , Bercial , Área de Santa María Real de Nieva, Segovia ",Calle Empedrada s/n,"Área de Santa María Real de Nieva, Segovia",50,50,2019-04-13,65000,0,3.0,1,0,1,False,False,True,False,False,False,False,False,False,False,False,False,False,False,False,False,True,False,False,False,False,False,False,False,False,False,False,False,False,False
Anuncio actualizado el 29 de enero,0,1,1.0,0,0,,no indicado,planta 2ª exterior,0,0,84072749,0,0,Nava de la Asuncion,"Calle de Felipe Villagran, 11"," Calle de Felipe Villagran, 11 , Nava de la Asuncion , Área de Santa María Real de Nieva, Segovia ",,"Área de Santa María Real de Nieva, Segovia",95,90,2019-04-13,78000,0,3.0,0,0,0,False,False,True,False,False,False,False,False,False,False,False,False,False,False,False,False,False,False,False,False,False,False,False,False,False,False,False,False,False,False
Anuncio actualizado el 30 de marzo,0,1,1.0,0,0,,inmueble exento,planta 2ª exterior,1,0,84415597,0,0,Nava de la Asuncion,"Plaza Sedeño, 21"," Plaza Sedeño, 21 , Nava de la Asuncion , Área de Santa María Real de Nieva, Segovia ",,"Área de Santa María Real de Nieva, Segovia",65,60,2019-04-13,12000,0,3.0,0,0,0,False,False,False,True,False,False,False,False,False,False,False,False,False,False,False,False,False,False,False,False,False,False,False,False,False,False,False,False,False,False
Anuncio actualizado el 9 de abril,0,1,1.0,1,1,1985,no indicado,1 planta,1,1,84140752,1,,Codorniz,"Calle Carravilla, 2"," Calle Carravilla, 2 , Codorniz , Área de Santa María Real de Nieva, Segovia ",,"Área de Santa María Real de Nieva, Segovia",480,,2019-04-13,100000,1,5.0,1,0,1,False,False,True,False,False,False,False,True,False,False,False,False,False,False,False,False,False,False,False,False,False,False,False,False,False,False,False,False,False,False
Anuncio actualizado el 7 de abril,0,0,2.0,1,1,,no indicado,,0,0,82933353,1,,Domingo Garcia,," , Domingo Garcia , Área de Santa María Real de Nieva, Segovia ",,"Área de Santa María Real de Nieva, Segovia",200,,2019-04-13,210000,0,3.0,1,0,0,False,False,True,False,False,False,False,False,False,False,False,False,False,False,False,False,False,False,False,False,False,False,False,False,False,False,False,False,False,False
Anuncio actualizado el 6 de enero,0,0,1.0,0,0,,no indicado,,0,0,36330506,1,,Santa Maria la Real de Nieva,"Calle jose zorrilla, 1"," Calle jose zorrilla, 1 , Santa Maria la Real de Nieva , Área de Santa María Real de Nieva, Segovia ",,"Área de Santa María Real de Nieva, Segovia",76,,2019-04-13,39000,0,2.0,0,0,0,False,False,False,True,False,False,False,False,False,False,False,False,False,False,False,False,False,False,False,False,False,False,False,False,False,False,False,False,False,False
Anuncio actualizado el 1 de noviembre,0,0,2.0,0,0,,no indicado,,1,0,29655724,4,,Santa Maria la Real de Nieva,"Calle Catalina de Lancaster, 8"," Calle Catalina de Lancaster, 8 , Santa Maria la Real de Nieva , Área de Santa María Real de Nieva, Segovia ",,"Área de Santa María Real de Nieva, Segovia",150,,2019-04-13,145000,0,3.0,0,0,0,False,False,True,False,False,False,False,False,False,False,False,False,False,False,False,False,False,False,False,False,False,False,False,False,False,False,False,False,False,False
Anuncio actualizado el 27 de diciembre,0,0,1.0,0,0,,,,0,0,81475491,7,,Ortigosa de Pestaño,," , Ortigosa de Pestaño , Área de Santa María Real de Nieva, Segovia ",,"Área de Santa María Real de Nieva, Segovia",200,144,2019-04-13,24000,0,2.0,0,0,0,False,False,False,False,False,False,False,False,False,False,False,False,False,False,False,False,False,False,False,False,False,False,False,False,False,False,False,False,False,False
Anuncio actualizado el 14 de diciembre,0,0,1.0,0,0,,no indicado,,0,0,27754281,2,,Fuente de Santa Cruz,"Calle Santiago Gonzalez, 15"," Calle Santiago Gonzalez, 15 , Fuente de Santa Cruz , Área de Santa María Real de Nieva, Segovia ",,"Área de Santa María Real de Nieva, Segovia",240,,2019-04-13,48000,0,4.0,0,0,0,False,False,False,True,False,False,False,False,False,False,False,False,False,False,False,False,False,False,False,False,False,False,False,False,False,False,False,False,False,False
Anuncio actualizado el 31 de marzo,0,0,0.0,0,0,,no indicado,,0,0,28818710,1,,Rapariegos,"Calle Duque de la Victoria, 14"," Calle Duque de la Victoria, 14 , Rapariegos , Área de Santa María Real de Nieva, Segovia ",,"Área de Santa María Real de Nieva, Segovia",89,,2019-04-13,14000,0,2.0,0,0,0,False,False,False,True,False,False,False,False,False,False,False,False,False,False,False,False,False,False,False,False,False,False,False,False,False,False,False,False,False,False
Anuncio actualizado el 11 de febrero,0,0,1.0,1,1,,no indicado,,1,1,38167787,1,,Santa Maria la Real de Nieva,"Calle Larga, 8"," Calle Larga, 8 , Santa Maria la Real de Nieva , Área de Santa María Real de Nieva, Segovia ",,"Área de Santa María Real de Nieva, Segovia",950,,2019-04-13,94000,0,4.0,1,0,0,False,False,False,True,False,False,False,False,False,False,False,False,False,False,False,False,False,False,False,False,False,False,False,False,False,False,False,False,False,False
Anuncio actualizado el 8 de febrero,0,0,1.0,0,0,,no indicado,,0,0,30387684,1,,Santa Maria la Real de Nieva,"Calle Iglesia, 18"," Calle Iglesia, 18 , Santa Maria la Real de Nieva , Área de Santa María Real de Nieva, Segovia ",,"Área de Santa María Real de Nieva, Segovia",200,,2019-04-13,36000,0,4.0,0,0,0,False,False,False,True,False,False,False,False,False,False,False,False,False,False,False,False,False,False,False,False,False,False,False,False,False,False,False,False,False,False
Anuncio actualizado el 24 de marzo,0,1,3.0,0,0,,inmueble exento,3 plantas,1,0,82119217,4,,Montejo de Arévalo,"Calle Carpio, 7"," Calle Carpio, 7 , Montejo de Arévalo , Área de Santa María Real de Nieva, Segovia ",,"Área de Santa María Real de Nieva, Segovia",218,,2019-04-13,170000,0,4.0,1,0,1,False,False,True,False,False,False,False,False,False,False,False,False,False,False,False,False,False,False,False,False,False,False,False,False,False,False,False,False,False,False
Anuncio actualizado el 1 de enero,0,0,3.0,0,0,,en trámite,,0,0,82239771,2,,Montejo de Arévalo,"Calle Carpio, 12"," Calle Carpio, 12 , Montejo de Arévalo , Área de Santa María Real de Nieva, Segovia ",,"Área de Santa María Real de Nieva, Segovia",120,,2019-04-13,150000,0,4.0,0,0,0,False,False,True,False,False,False,False,False,False,False,False,False,False,False,False,False,False,False,False,False,False,False,False,False,False,False,False,False,False,False
Anuncio actualizado el 12 de marzo,0,0,2.0,0,0,,no indicado,,1,0,84530514,2,,Martin Muñoz de la Dehesa,"Calle dunas de la vega, 182"," Calle dunas de la vega, 182 , Martin Muñoz de la Dehesa , Área de Santa María Real de Nieva, Segovia ",,"Área de Santa María Real de Nieva, Segovia",245,,2019-04-13,200000,0,4.0,1,0,1,False,False,True,False,False,False,False,False,False,False,False,False,False,False,False,False,False,False,False,False,False,False,False,False,False,False,False,False,False,False
Anuncio actualizado el 5 de noviembre,0,0,1.0,1,0,,no indicado,1 planta,0,0,1902403,2,,San Cristobal de la Vega,"Carretera Cuellar Arevalo, 11"," Carretera Cuellar Arevalo, 11 , San Cristobal de la Vega , Área de Santa María Real de Nieva, Segovia ",,"Área de Santa María Real de Nieva, Segovia",250,100,2019-04-13,72000,0,4.0,0,0,1,False,False,True,False,False,False,False,False,False,False,False,False,False,False,False,False,False,False,False,False,False,False,False,False,False,False,False,False,False,False
Anuncio actualizado el 12 de diciembre,0,0,1.0,0,1,,no indicado,1 planta,1,0,34050269,1,,Rapariegos,"Calle alegria, 29"," Calle alegria, 29 , Rapariegos , Área de Santa María Real de Nieva, Segovia ",,"Área de Santa María Real de Nieva, Segovia",180,,2019-04-13,33000,0,2.0,1,0,1,False,False,True,False,False,False,False,False,False,False,False,False,False,False,False,False,False,False,False,False,False,False,False,False,False,False,False,False,False,False
Anuncio actualizado el 23 de enero,0,0,0.0,0,0,,no indicado,1 planta,1,0,33887525,1,,Muñopedro,"Travesía lagares, 3"," Travesía lagares, 3 , Muñopedro , Área de Santa María Real de Nieva, Segovia ",,"Área de Santa María Real de Nieva, Segovia",130,,2019-04-13,33000,0,2.0,0,0,0,False,False,False,True,False,False,False,False,False,False,False,False,False,False,False,False,False,False,False,False,False,False,False,False,False,False,False,False,False,False
Anuncio actualizado el 9 de abril,0,0,2.0,1,0,,inmueble exento,bajo exterior,1,1,1998531,0,1,Nava de la Asuncion,"Calle Portugal, 17"," Calle Portugal, 17 , Nava de la Asuncion , Área de Santa María Real de Nieva, Segovia ",,"Área de Santa María Real de Nieva, Segovia",99,90,2019-04-13,165000,1,3.0,1,0,0,False,False,True,False,False,False,False,False,False,False,False,False,False,False,False,False,True,False,False,False,False,False,False,False,False,False,False,False,False,False
Anuncio actualizado el 11 de diciembre,0,0,2.0,0,0,2009,no indicado,2 plantas,0,0,81662434,4,,Martin Muñoz de las Posadas,"Calle San Juan, 11"," Calle San Juan, 11 , Martin Muñoz de las Posadas , Área de Santa María Real de Nieva, Segovia ",,"Área de Santa María Real de Nieva, Segovia",322,,2019-04-13,198000,0,4.0,0,0,0,False,False,True,False,False,False,False,False,False,False,False,False,False,False,False,False,False,False,False,False,False,False,False,False,False,False,False,False,False,False
Anuncio actualizado el 17 de marzo,0,0,1.0,0,0,,no indicado,1 planta,0,0,81991956,1,,Codorniz,"VALLADOLID, 24"," VALLADOLID, 24 , Codorniz , Área de Santa María Real de Nieva, Segovia ",,"Área de Santa María Real de Nieva, Segovia",200,,2019-04-13,30000,0,3.0,0,0,0,False,False,False,True,False,False,False,False,False,False,False,False,False,False,False,False,False,False,False,False,False,False,False,False,False,False,False,False,False,False
Anuncio actualizado el 7 de abril,0,0,3.0,1,0,,,3 plantas,1,1,82740871,5,,Montejo de Arévalo,"Calle Carpio, 7"," Calle Carpio, 7 , Montejo de Arévalo , Área de Santa María Real de Nieva, Segovia ",,"Área de Santa María Real de Nieva, Segovia",550,,2019-04-13,170000,0,4.0,1,0,1,False,False,True,False,False,False,False,False,False,False,False,False,False,False,False,False,False,False,False,False,False,False,False,False,False,False,False,False,False,False
Anuncio actualizado el 4 de diciembre,0,0,1.0,0,1,,,1 planta,1,1,83444437,1,,Santa Maria la Real de Nieva,"Calle Oro, 1"," Calle Oro, 1 , Santa Maria la Real de Nieva , Área de Santa María Real de Nieva, Segovia ",,"Área de Santa María Real de Nieva, Segovia",410,,2019-04-13,60000,0,3.0,1,0,0,False,False,False,True,False,False,False,False,False,False,False,False,False,False,False,False,False,False,False,False,False,False,False,False,True,False,False,False,False,False
Anuncio actualizado el 7 de abril,0,0,1.0,0,0,,no indicado,1 planta,0,0,84552985,1,,Santa Maria la Real de Nieva,"Calle Miguel Ibáñez, 19"," Calle Miguel Ibáñez, 19 , Santa Maria la Real de Nieva , Área de Santa María Real de Nieva, Segovia ",,"Área de Santa María Real de Nieva, Segovia",150,,2019-04-13,30000,0,3.0,0,0,0,False,False,False,True,False,False,False,False,False,False,False,False,False,False,False,False,False,False,False,False,True,False,False,False,False,False,False,False,False,False
Anuncio actualizado el 7 de abril,0,0,1.0,0,0,,no indicado,,0,0,28370301,2,,Rapariegos,"Calle Alegria, 6"," Calle Alegria, 6 , Rapariegos , Área de Santa María Real de Nieva, Segovia ",,"Área de Santa María Real de Nieva, Segovia",156,,2019-04-13,100000,0,4.0,0,0,0,False,False,True,False,False,False,False,False,False,False,False,False,False,False,False,False,False,False,False,False,False,False,False,False,False,False,False,False,False,False
Anuncio actualizado el 15 de noviembre,0,0,2.0,0,0,,no indicado,2 plantas,0,1,35663545,1,,Melque de Cercos,"Calle Arevalo, 10"," Calle Arevalo, 10 , Melque de Cercos , Área de Santa María Real de Nieva, Segovia ",,"Área de Santa María Real de Nieva, Segovia",3930,,2019-04-13,120000,0,4.0,0,0,0,False,False,False,True,False,False,False,False,False,False,False,False,False,False,False,False,False,False,False,False,False,False,False,False,False,False,False,False,False,False
Anuncio actualizado el 10 de abril,0,0,0.0,0,0,,no indicado,2 plantas,0,1,37696483,9,,Bernardos,"Calle Pajarillos, 33"," Calle Pajarillos, 33 , Bernardos , Área de Santa María Real de Nieva, Segovia ",,"Área de Santa María Real de Nieva, Segovia",821,,2019-04-13,97000,0,7.0,0,0,0,False,False,False,True,False,False,False,False,False,False,False,False,False,False,False,False,False,False,False,False,False,False,False,False,False,False,False,False,False,False
Anuncio actualizado el 8 de abril,0,0,2.0,0,0,2005,,1 planta,0,0,39733859,2,,Martin Muñoz de la Dehesa,Urb. Dunas de la Vega," Urbanizacion Dunas de la Vega, 186 , Urb. Dunas de la Vega , Martin Muñoz de la Dehesa , Área de Santa María Real de Nieva, Segovia ","Urbanizacion Dunas de la Vega, 186","Área de Santa María Real de Nieva, Segovia",400,80,2019-04-13,110000,0,2.0,0,0,1,False,False,True,False,False,False,False,False,False,False,False,False,False,False,False,False,False,False,False,False,False,False,False,False,False,False,False,False,False,False
Anuncio actualizado el 16 de diciembre,0,0,1.0,0,0,,no indicado,1 planta,0,0,40527256,1,,Santa Maria la Real de Nieva,"Calle Trinidad, 19"," Calle Trinidad, 19 , Santa Maria la Real de Nieva , Área de Santa María Real de Nieva, Segovia ",,"Área de Santa María Real de Nieva, Segovia",375,,2019-04-13,25000,0,3.0,0,0,0,False,False,False,True,False,False,False,False,False,False,False,False,False,False,False,False,False,False,False,False,False,False,False,False,False,False,False,False,False,False
Anuncio actualizado el 25 de febrero,0,0,1.0,0,1,,,2 plantas,0,1,33109967,1,,Rapariegos,"Calle norte, 17"," Calle norte, 17 , Rapariegos , Área de Santa María Real de Nieva, Segovia ",,"Área de Santa María Real de Nieva, Segovia",280,100,2019-04-13,62000,0,4.0,1,0,1,False,False,True,False,False,False,False,False,False,False,False,False,False,False,False,False,False,False,False,False,False,False,False,False,False,False,False,False,False,False
Anuncio actualizado el 10 de abril,0,0,2.0,0,1,,en trámite,2 plantas,1,1,84547167,1,,Armuña,"Calle de la Iglesia, 1"," Calle de la Iglesia, 1 , Armuña , Área de Santa María Real de Nieva, Segovia ",,"Área de Santa María Real de Nieva, Segovia",100,180,2019-04-13,35000,0,3.0,0,0,1,False,False,False,True,False,False,False,False,False,False,False,False,False,False,True,False,False,False,False,False,False,False,False,False,False,False,False,False,False,False
Anuncio actualizado el 23 de febrero,0,0,2.0,0,0,,no indicado,,0,0,813485,4,,Nava de la Asuncion,Calle Salamanca," Calle Salamanca , Nava de la Asuncion , Área de Santa María Real de Nieva, Segovia ",,"Área de Santa María Real de Nieva, Segovia",134,,2019-04-13,96000,0,4.0,0,0,0,False,False,True,False,False,False,False,False,False,False,False,False,False,False,False,False,False,False,False,False,False,False,False,False,False,False,False,False,False,False
Anuncio actualizado el 2 de abril,0,0,1.0,0,0,,no indicado,planta 3ª exterior,0,0,28381195,0,0,Nava de la Asuncion,"Calle Alcoceros, 1"," Calle Alcoceros, 1 , Nava de la Asuncion , Área de Santa María Real de Nieva, Segovia ",,"Área de Santa María Real de Nieva, Segovia",80,,2019-04-13,33000,0,3.0,0,0,0,False,False,True,False,False,False,False,False,False,False,False,False,False,False,False,False,False,False,False,False,False,False,False,False,False,False,False,False,False,False
Anuncio actualizado el 7 de abril,0,0,1.0,0,1,,no indicado,2 plantas,0,0,28871029,1,,Santa Maria la Real de Nieva,"Calle Real, 11"," Calle Real, 11 , Santa Maria la Real de Nieva , Área de Santa María Real de Nieva, Segovia ",,"Área de Santa María Real de Nieva, Segovia",152,,2019-04-13,55000,0,2.0,1,0,1,False,False,True,False,False,False,False,False,False,False,False,False,False,False,False,False,False,False,False,False,False,False,False,False,False,False,False,False,False,False
Anuncio actualizado el 17 de marzo,1,0,2.0,1,0,,,planta 1ª exterior,1,0,30486370,0,0,Nava de la Asuncion,"Calle Inés Lozano, 1"," Calle Inés Lozano, 1 , Nava de la Asuncion , Área de Santa María Real de Nieva, Segovia ",,"Área de Santa María Real de Nieva, Segovia",80,,2019-04-13,80000,0,3.0,0,0,1,False,False,True,False,False,False,False,False,False,True,False,False,False,False,False,False,False,False,False,False,False,False,False,False,False,False,False,False,False,False
Anuncio actualizado el 19 de junio,0,0,1.0,0,0,,inmueble exento,,0,0,30512557,2,,Santa Maria la Real de Nieva,"Calle Santa María-Ochando, 4"," Calle Santa María-Ochando, 4 , Santa Maria la Real de Nieva , Área de Santa María Real de Nieva, Segovia ",,"Área de Santa María Real de Nieva, Segovia",312,,2019-04-13,31125,0,1.0,0,0,0,False,False,False,True,False,False,False,False,False,False,False,False,False,False,False,False,False,False,False,False,False,False,False,False,False,False,False,False,False,False
Anuncio actualizado el 31 de marzo,0,0,2.0,0,0,,no indicado,2 plantas,0,0,36259551,2,,Muñopedro,"Calle Labajos, 11"," Calle Labajos, 11 , Muñopedro , Área de Santa María Real de Nieva, Segovia ",,"Área de Santa María Real de Nieva, Segovia",260,,2019-04-13,160000,0,3.0,0,0,0,False,False,True,False,False,False,False,False,False,False,False,False,False,False,False,False,False,False,False,False,False,False,False,False,False,False,False,False,False,False
Anuncio actualizado el 8 de noviembre,0,0,1.0,0,0,,en trámite,planta 2ª,0,0,39806668,0,,Nava de la Asuncion,," , Nava de la Asuncion , Área de Santa María Real de Nieva, Segovia ",,"Área de Santa María Real de Nieva, Segovia",68,,2019-04-13,62000,0,2.0,0,0,0,False,False,False,False,False,False,False,False,False,False,False,False,False,False,False,False,False,False,False,False,False,False,False,False,False,False,False,False,False,False
Anuncio actualizado el 13 de noviembre,0,0,1.0,0,0,,no indicado,2 plantas,0,0,39995032,4,,Santa Maria la Real de Nieva,"Calle Miguel Ibáñez, 23"," Calle Miguel Ibáñez, 23 , Santa Maria la Real de Nieva , Área de Santa María Real de Nieva, Segovia ",,"Área de Santa María Real de Nieva, Segovia",500,,2019-04-13,50000,0,5.0,0,0,0,False,False,False,True,False,False,False,False,False,False,False,False,False,False,False,False,False,False,False,False,False,False,False,False,False,False,False,False,False,False
Anuncio actualizado el 24 de febrero,0,0,2.0,1,1,,no indicado,2 plantas,1,0,81746637,1,,Santa Maria la Real de Nieva,"Calle Laguna, 4"," Calle Laguna, 4 , Santa Maria la Real de Nieva , Área de Santa María Real de Nieva, Segovia ",,"Área de Santa María Real de Nieva, Segovia",400,,2019-04-13,40000,0,5.0,1,0,0,False,False,False,True,False,False,False,False,False,False,False,False,False,False,False,False,False,False,False,False,False,False,False,False,False,False,False,False,False,False
Anuncio actualizado el 20 de marzo,0,1,2.0,1,0,2001,inmueble exento,3 plantas,1,1,82038187,4,,Bernardos,"Calle Media Luna, 6"," Calle Media Luna, 6 , Bernardos , Área de Santa María Real de Nieva, Segovia ",,"Área de Santa María Real de Nieva, Segovia",171,,2019-04-13,110000,0,3.0,1,0,1,False,False,True,False,False,False,False,False,False,False,False,False,False,False,False,False,False,False,False,False,False,False,False,False,False,False,False,False,False,False
Anuncio actualizado el 11 de noviembre,1,1,2.0,0,0,,inmueble exento,1 planta,1,0,83011407,1,,Santa Maria la Real de Nieva,"Calle Sanchidrián, 1 Nmero"," Calle Sanchidrián, 1 Nmero , Santa Maria la Real de Nieva , Área de Santa María Real de Nieva, Segovia ",,"Área de Santa María Real de Nieva, Segovia",50,180,2019-04-13,50000,0,3.0,1,0,1,False,False,True,False,False,False,False,False,False,False,False,False,False,False,False,False,False,False,False,False,False,False,False,False,False,False,True,False,False,False
Anuncio actualizado el 27 de diciembre,0,0,1.0,0,1,,no indicado,1 planta,1,0,36779897,9,,Bernardos,"Calle Carbonero, 15"," Calle Carbonero, 15 , Bernardos , Área de Santa María Real de Nieva, Segovia ",,"Área de Santa María Real de Nieva, Segovia",1000,,2019-04-13,70000,0,5.0,1,0,1,False,False,False,True,False,False,False,False,False,False,False,False,False,False,False,False,False,False,False,False,False,False,False,False,False,False,False,False,False,False
Anuncio actualizado el 7 de febrero,0,0,1.0,0,0,,,,0,0,81871021,5,,Villeguillo,," , Villeguillo , Área de Santa María Real de Nieva, Segovia ",,"Área de Santa María Real de Nieva, Segovia",86,,2019-04-13,41325,0,3.0,0,0,0,False,False,False,False,False,False,False,False,False,False,False,False,False,False,False,False,False,False,False,False,False,False,False,False,False,False,False,False,False,False
Anuncio actualizado el 7 de febrero,0,0,1.0,0,0,,,,0,0,81871211,5,,Villeguillo,," , Villeguillo , Área de Santa María Real de Nieva, Segovia ",,"Área de Santa María Real de Nieva, Segovia",69,65,2019-04-13,41800,0,2.0,0,0,0,False,False,False,False,False,False,False,False,False,False,False,False,False,False,False,False,False,False,False,False,False,False,False,False,False,False,False,False,False,False
Anuncio actualizado el 7 de febrero,0,0,2.0,0,0,,,,0,0,81871412,0,0,Nava de la Asuncion,," , Nava de la Asuncion , Área de Santa María Real de Nieva, Segovia ",,"Área de Santa María Real de Nieva, Segovia",122,108,2019-04-13,71250,0,4.0,0,0,0,False,False,False,False,False,False,False,False,False,False,False,False,False,False,False,False,False,False,False,False,False,False,False,False,False,False,False,False,False,False
Anuncio actualizado el 7 de febrero,0,0,2.0,0,0,,,,0,0,81871413,0,0,Villaverde de Iscar,," , Villaverde de Iscar , Área de Santa María Real de Nieva, Segovia ",,"Área de Santa María Real de Nieva, Segovia",120,115,2019-04-13,49875,0,4.0,0,0,0,False,False,False,False,False,False,False,False,False,False,False,False,False,False,False,False,False,False,False,False,False,False,False,False,False,False,False,False,False,False
Anuncio actualizado el 23 de febrero,0,0,2.0,0,0,,,2 plantas,0,0,30383829,2,,Melque de Cercos,"Plaza Arrabal, 5"," Plaza Arrabal, 5 , Melque de Cercos , Área de Santa María Real de Nieva, Segovia ",,"Área de Santa María Real de Nieva, Segovia",154,,2019-04-13,42061,0,4.0,0,0,0,False,False,False,True,False,False,False,False,False,False,False,False,False,False,False,False,False,False,False,False,False,False,False,False,False,False,False,False,False,False
Anuncio actualizado el 28 de marzo,0,0,1.0,0,0,,no indicado,,0,1,84833014,7,,Juarros de Voltoya,," , Juarros de Voltoya , Área de Santa María Real de Nieva, Segovia ",,"Área de Santa María Real de Nieva, Segovia",126,,2019-04-13,65000,0,2.0,0,0,0,False,False,False,False,False,False,False,False,False,False,False,False,False,False,False,False,False,False,False,False,False,False,False,False,False,False,False,False,False,False
más de 5 meses sin actualizar,0,0,1.0,0,0,,,1 planta,0,0,38928517,2,,Santiuste de San Juan Bautista,"Calle Carrenilla, 15"," Calle Carrenilla, 15 , Santiuste de San Juan Bautista , Área de Santa María Real de Nieva, Segovia ",,"Área de Santa María Real de Nieva, Segovia",80,,2019-04-13,18000,0,2.0,0,0,0,False,False,False,True,False,False,False,False,False,False,False,False,False,False,False,False,False,False,False,False,False,False,False,False,False,False,False,False,False,False
Anuncio actualizado el 7 de abril,0,0,1.0,0,0,,no indicado,planta 3ª exterior,0,0,1694904,0,0,Nava de la Asuncion,"Plaza Sonsoto, 4"," Plaza Sonsoto, 4 , Nava de la Asuncion , Área de Santa María Real de Nieva, Segovia ",,"Área de Santa María Real de Nieva, Segovia",85,80,2019-04-13,49900,0,3.0,1,0,1,False,False,True,False,False,False,False,False,False,False,False,False,False,False,False,False,False,False,False,False,False,False,False,False,False,False,False,False,False,False
Anuncio actualizado el 11 de febrero,0,0,1.0,1,0,,no indicado,planta 1ª exterior,0,0,1880789,0,0,Nava de la Asuncion,"Antonio Galicia, 2"," Antonio Galicia, 2 , Nava de la Asuncion , Área de Santa María Real de Nieva, Segovia ",,"Área de Santa María Real de Nieva, Segovia",53,,2019-04-13,39000,0,3.0,0,0,0,False,False,True,False,False,False,False,False,False,False,False,False,False,False,False,False,False,False,False,False,False,False,False,False,False,False,True,False,False,False
Anuncio actualizado el 7 de abril,0,0,1.0,1,0,,no indicado,2 plantas,0,1,27330144,1,,Santa Maria la Real de Nieva,"Calle Iglesia, 15"," Calle Iglesia, 15 , Santa Maria la Real de Nieva , Área de Santa María Real de Nieva, Segovia ",,"Área de Santa María Real de Nieva, Segovia",271,185,2019-04-13,74000,0,5.0,1,0,1,False,False,True,False,False,False,False,False,False,False,False,False,False,False,False,False,False,False,False,False,False,False,False,False,False,False,True,False,False,False
Anuncio actualizado el 7 de abril,0,0,2.0,1,0,,en trámite,2 plantas,0,0,30640261,2,,Nieva,"Calle virgen pozo viejo, 14"," Calle virgen pozo viejo, 14 , Nieva , Área de Santa María Real de Nieva, Segovia ",,"Área de Santa María Real de Nieva, Segovia",573,,2019-04-13,67000,0,3.0,1,0,0,False,False,True,False,False,False,False,False,False,False,False,False,False,False,False,False,False,False,False,False,False,False,False,False,False,False,False,False,False,False
Anuncio actualizado el 14 de enero,0,0,1.0,0,0,,no indicado,2 plantas,0,0,30898740,1,,Ortigosa de Pestaño,"Calle pozo, 32"," Calle pozo, 32 , Ortigosa de Pestaño , Área de Santa María Real de Nieva, Segovia ",,"Área de Santa María Real de Nieva, Segovia",1000,280,2019-04-13,60000,0,2.0,1,0,0,False,False,False,True,False,False,False,False,False,False,False,False,False,False,False,False,False,False,False,False,False,False,False,False,False,False,True,False,False,False
Anuncio actualizado el 9 de abril,0,0,3.0,1,1,,,2 plantas,0,1,31090447,3,,Bernardos,"Calle carbonero, 18"," Calle carbonero, 18 , Bernardos , Área de Santa María Real de Nieva, Segovia ",,"Área de Santa María Real de Nieva, Segovia",200,,2019-04-13,237000,0,5.0,0,0,1,False,False,True,False,False,False,False,False,False,False,False,False,False,False,False,False,False,False,False,False,False,False,False,False,False,False,False,False,False,False
Anuncio actualizado el 29 de enero,0,0,2.0,0,0,,no indicado,2 plantas,0,0,31451900,1,,Miguelañez,"Calle san isidro, 4"," Calle san isidro, 4 , Miguelañez , Área de Santa María Real de Nieva, Segovia ",,"Área de Santa María Real de Nieva, Segovia",300,,2019-04-13,140000,0,6.0,0,0,0,False,False,True,False,False,False,False,False,False,False,False,False,False,False,False,False,False,False,False,False,False,False,False,False,False,False,False,False,False,False
Anuncio actualizado el 11 de marzo,0,1,1.0,0,0,,en trámite,2 plantas,1,0,33304236,1,,Armuña,"Calle de la iglesia, 5"," Calle de la iglesia, 5 , Armuña , Área de Santa María Real de Nieva, Segovia ",,"Área de Santa María Real de Nieva, Segovia",280,,2019-04-13,59000,0,4.0,1,0,0,False,False,True,False,False,False,False,True,False,False,False,False,False,False,False,False,False,False,False,False,False,False,False,False,False,False,True,False,False,False
Anuncio actualizado el 31 de marzo,0,0,1.0,0,0,,no indicado,planta 2ª exterior,0,0,34503124,0,0,Nava de la Asuncion,"Plaza sonsoto, 3"," Plaza sonsoto, 3 , Nava de la Asuncion , Área de Santa María Real de Nieva, Segovia ",,"Área de Santa María Real de Nieva, Segovia",85,70,2019-04-13,37000,0,3.0,0,0,0,False,False,True,False,False,False,False,False,False,False,False,False,False,False,True,False,False,False,False,False,False,False,False,False,False,False,False,False,False,False
Anuncio actualizado el 9 de enero,0,0,0.0,0,0,,no indicado,2 plantas,1,1,35878445,1,,Santa Maria la Real de Nieva,Plaza Mayor s/n," Plaza Mayor s/n , Santa Maria la Real de Nieva , Área de Santa María Real de Nieva, Segovia ",,"Área de Santa María Real de Nieva, Segovia",60,182,2019-04-13,9000,0,0.0,0,0,0,False,False,False,True,False,False,False,False,False,False,False,False,False,False,False,False,False,False,False,False,False,False,False,False,True,False,False,False,False,False
Anuncio actualizado el 12 de abril,0,0,1.0,0,0,,en trámite,2 plantas,0,0,37611374,2,,Nava de la Asuncion,"Calle de Ignacio Herranz, 3"," Calle de Ignacio Herranz, 3 , Nava de la Asuncion , Área de Santa María Real de Nieva, Segovia ",,"Área de Santa María Real de Nieva, Segovia",55,,2019-04-13,127500,0,3.0,0,0,1,False,False,True,False,False,False,False,False,False,False,False,False,False,False,False,False,False,False,False,False,False,False,False,False,False,False,False,False,False,False
Anuncio actualizado el 17 de febrero,0,1,1.0,1,0,1984,no indicado,planta 2ª exterior,0,0,37868537,0,0,Santa Maria la Real de Nieva,"Calle de los Maestros, 4"," Calle de los Maestros, 4 , Santa Maria la Real de Nieva , Área de Santa María Real de Nieva, Segovia ",,"Área de Santa María Real de Nieva, Segovia",91,90,2019-04-13,46000,0,3.0,0,0,1,False,False,True,False,False,False,False,False,True,False,False,False,False,False,True,False,False,False,False,False,False,False,False,False,False,False,False,False,False,False
Anuncio actualizado el 10 de marzo,0,0,1.0,0,0,,no indicado,3 plantas,0,0,81472585,1,,Nieva,"Calle Arévalo, 16"," Calle Arévalo, 16 , Nieva , Área de Santa María Real de Nieva, Segovia ",,"Área de Santa María Real de Nieva, Segovia",75,70,2019-04-13,50000,0,2.0,0,0,0,False,False,True,False,False,False,False,False,False,False,False,False,False,False,False,False,False,False,False,False,False,False,False,False,False,False,True,False,False,False
Anuncio actualizado el 10 de marzo,0,0,2.0,0,1,,no indicado,2 plantas,1,1,81863552,1,,Domingo Garcia,"Calle de las Nieves, 6"," Calle de las Nieves, 6 , Domingo Garcia , Área de Santa María Real de Nieva, Segovia ",,"Área de Santa María Real de Nieva, Segovia",260,90,2019-04-13,55000,1,3.0,0,0,0,False,False,True,False,False,False,False,False,False,False,False,False,False,False,False,False,True,False,False,False,False,False,False,False,False,False,False,False,False,False
Anuncio actualizado el 3 de febrero,0,1,2.0,1,0,,,3 plantas,1,0,81909621,5,,Nava de la Asuncion,"Calle Enebro, 6"," Calle Enebro, 6 , Nava de la Asuncion , Área de Santa María Real de Nieva, Segovia ",,"Área de Santa María Real de Nieva, Segovia",330,,2019-04-13,240000,0,5.0,0,0,1,False,False,True,False,False,False,False,False,False,False,False,False,False,False,False,False,False,False,False,False,False,False,False,False,False,False,False,False,False,False
Anuncio actualizado el 27 de marzo,0,0,2.0,0,0,,,,0,0,38626196,2,,San Cristobal de la Vega,Calle de la iglesia," Calle de la iglesia , San Cristobal de la Vega , Área de Santa María Real de Nieva, Segovia ",,"Área de Santa María Real de Nieva, Segovia",139,,2019-04-13,18538,0,3.0,0,0,0,False,False,True,False,False,False,False,False,False,False,False,False,False,False,False,False,False,False,False,False,False,False,False,False,False,False,False,False,False,False
Anuncio actualizado el 27 de marzo,0,0,2.0,0,0,,,bajo,0,0,81183774,0,0,Santiuste de San Juan Bautista,Calle Carmen," Calle Carmen , Santiuste de San Juan Bautista , Área de Santa María Real de Nieva, Segovia ",,"Área de Santa María Real de Nieva, Segovia",111,97,2019-04-13,55856,0,3.0,0,0,0,False,False,True,False,False,False,False,False,False,False,False,False,False,False,False,False,False,False,False,False,False,False,False,False,False,False,False,False,False,False
Anuncio actualizado el 27 de marzo,0,0,2.0,0,0,,,,0,0,36616013,4,,Melque de Cercos,Calle de ronda," Calle de ronda , Melque de Cercos , Área de Santa María Real de Nieva, Segovia ",,"Área de Santa María Real de Nieva, Segovia",147,,2019-04-13,46602,0,4.0,0,0,0,False,False,True,False,False,False,False,False,False,False,False,False,False,False,False,False,False,False,False,False,False,False,False,False,False,False,False,False,False,False
Anuncio actualizado el 10 de marzo,0,0,2.0,1,0,,,2 plantas,1,0,83548518,4,,Martin Muñoz de la Dehesa,"Urbanizacion Dunas de la Vega, 193 Parcela"," Urbanizacion Dunas de la Vega, 193 Parcela , Martin Muñoz de la Dehesa , Área de Santa María Real de Nieva, Segovia ",,"Área de Santa María Real de Nieva, Segovia",400,,2019-04-13,130000,0,4.0,0,0,1,False,False,True,False,False,False,False,False,False,False,True,False,False,False,False,False,False,False,False,False,False,False,False,False,False,False,False,False,False,False
Anuncio actualizado el 31 de marzo,0,0,1.0,0,1,,,2 plantas,1,0,83723004,1,,Santa Maria la Real de Nieva,"Calle Muñopedro, 2"," Calle Muñopedro, 2 , Santa Maria la Real de Nieva , Área de Santa María Real de Nieva, Segovia ",,"Área de Santa María Real de Nieva, Segovia",180,165,2019-04-13,65000,0,5.0,0,0,1,False,False,True,False,False,False,False,True,False,False,False,False,False,False,False,False,False,False,False,False,False,False,False,False,True,False,False,False,False,False
Anuncio actualizado el 2 de abril,0,1,2.0,1,0,,en trámite,planta 2ª exterior,1,0,83971609,0,0,Nava de la Asuncion,"Calle Hermanos García Barbero, 4"," Calle Hermanos García Barbero, 4 , Nava de la Asuncion , Área de Santa María Real de Nieva, Segovia ",,"Área de Santa María Real de Nieva, Segovia",100,89,2019-04-13,45000,0,3.0,1,0,1,False,False,True,False,False,False,False,False,False,False,False,False,False,False,False,False,False,False,False,False,False,False,False,False,False,False,False,False,False,False
Anuncio actualizado el 25 de marzo,0,0,0.0,0,0,,no indicado,2 plantas,1,0,84069023,1,,Juarros de Voltoya,"Calle Huertos, 2"," Calle Huertos, 2 , Juarros de Voltoya , Área de Santa María Real de Nieva, Segovia ",,"Área de Santa María Real de Nieva, Segovia",143,,2019-04-13,18970,0,6.0,1,0,0,False,False,False,True,False,False,False,False,False,False,False,False,False,False,False,False,False,False,False,False,False,False,False,False,False,False,False,False,False,False
Anuncio actualizado el 7 de abril,0,0,2.0,1,0,,no indicado,2 plantas,0,1,84256239,4,,Labajos,"Virgen, 12"," Virgen, 12 , Labajos , Área de Santa María Real de Nieva, Segovia ",,"Área de Santa María Real de Nieva, Segovia",170,150,2019-04-13,93000,0,4.0,1,0,1,False,False,True,False,False,False,False,True,False,False,False,False,False,False,False,False,False,False,False,False,False,False,False,False,False,False,False,False,False,False
Anuncio actualizado el 19 de marzo,0,0,1.0,0,0,1990,en trámite,2 plantas,0,0,39808444,4,,Bernardos,," , Bernardos , Área de Santa María Real de Nieva, Segovia ",,"Área de Santa María Real de Nieva, Segovia",80,,2019-04-13,80000,0,3.0,0,0,0,False,False,True,False,False,False,False,True,False,False,False,False,False,False,False,False,False,False,False,False,False,False,False,False,False,False,False,False,False,False
Anuncio actualizado el 9 de abril,0,0,2.0,0,0,,en trámite,,0,0,84697851,7,,Nieva,," , Nieva , Área de Santa María Real de Nieva, Segovia ",,"Área de Santa María Real de Nieva, Segovia",172,,2019-04-13,75000,0,2.0,0,0,0,False,False,False,False,False,False,False,False,False,False,False,False,False,False,False,False,False,False,False,False,False,False,False,False,False,False,False,False,False,False
Anuncio actualizado el 13 de febrero,0,0,1.0,0,0,,,,0,0,39903949,0,0,Sangarcia,Calle Etreros," Calle Etreros , Sangarcia , Área de Santa María Real de Nieva, Segovia ",,"Área de Santa María Real de Nieva, Segovia",95,,2019-04-13,26890,0,3.0,0,0,0,False,False,True,False,False,False,False,False,False,False,False,False,False,False,False,False,False,False,False,False,False,False,False,False,False,False,False,False,False,False
Anuncio actualizado el 30 de marzo,0,0,2.0,0,0,,,,0,0,81170506,0,0,Nava de la Asuncion,Calle Monasterio," Calle Monasterio , Nava de la Asuncion , Área de Santa María Real de Nieva, Segovia ",,"Área de Santa María Real de Nieva, Segovia",109,,2019-04-13,46000,0,3.0,0,0,0,False,False,True,False,False,False,False,False,False,False,False,False,False,False,False,False,False,False,False,False,False,False,False,False,False,False,False,False,False,False
Anuncio actualizado el 27 de marzo,0,0,1.0,0,0,,,planta 2ª,0,0,81211072,0,0,Nava de la Asuncion,Calle Fray Sebastián," Calle Fray Sebastián , Nava de la Asuncion , Área de Santa María Real de Nieva, Segovia ",,"Área de Santa María Real de Nieva, Segovia",119,1,2019-04-13,97459,0,3.0,0,0,0,False,False,True,False,False,False,False,False,False,False,False,False,False,False,False,False,False,False,False,False,False,False,False,False,False,False,False,False,False,False
Anuncio actualizado el 6 de abril,0,0,1.0,0,0,,,planta 3ª,0,0,83449284,0,0,Nava de la Asuncion,Plaza Sonsoto," Plaza Sonsoto , Nava de la Asuncion , Área de Santa María Real de Nieva, Segovia ",,"Área de Santa María Real de Nieva, Segovia",86,69,2019-04-13,40202,0,3.0,0,0,0,False,False,True,False,False,False,False,False,False,False,False,False,False,False,False,False,False,False,False,False,False,False,False,False,False,False,False,False,False,False
Anuncio actualizado el 25 de octubre,0,0,2.0,0,0,,en trámite,2 plantas,0,0,82739056,9,,Fuente de Santa Cruz,Calle de Santiago Gonzalez Muñoz," Calle de Santiago Gonzalez Muñoz , Fuente de Santa Cruz , Área de Santa María Real de Nieva, Segovia ",,"Área de Santa María Real de Nieva, Segovia",445,265,2019-04-13,50000,0,5.0,0,0,0,False,False,False,False,False,False,False,False,False,False,False,False,False,False,False,False,False,False,False,False,False,False,False,False,False,False,False,False,False,False
Anuncio actualizado el 7 de abril,0,0,2.0,0,0,,,2 plantas,0,0,36193029,4,,Coca,"Calle FRANCISCANOS, 2"," Calle FRANCISCANOS, 2 , Coca , Área de Santa María Real de Nieva, Segovia ",,"Área de Santa María Real de Nieva, Segovia",112,,2019-04-13,65000,0,4.0,0,0,0,False,False,True,False,False,False,False,False,False,False,False,False,False,False,False,False,False,False,False,False,False,False,False,False,False,False,True,False,False,False
Anuncio actualizado el 6 de abril,0,0,1.0,0,0,,,,1,0,83449279,4,,Codorniz,Calle Ancha," Calle Ancha , Codorniz , Área de Santa María Real de Nieva, Segovia ",,"Área de Santa María Real de Nieva, Segovia",110,89,2019-04-13,59314,0,2.0,0,0,0,False,False,True,False,False,False,False,False,False,False,False,False,False,False,False,False,False,False,False,False,False,False,False,False,False,False,False,False,False,False
Anuncio actualizado el 14 de octubre,0,0,2.0,0,0,,no indicado,2 plantas,1,0,37663313,1,,Santiuste de San Juan Bautista,," , Santiuste de San Juan Bautista , Área de Santa María Real de Nieva, Segovia ",,"Área de Santa María Real de Nieva, Segovia",105,100,2019-04-13,80000,0,4.0,1,0,1,False,False,True,False,False,False,False,False,False,False,False,False,False,False,False,False,False,False,False,False,False,False,False,False,False,False,False,False,False,False
Anuncio actualizado el 21 de enero,0,0,2.0,0,0,,en trámite,2 plantas,0,0,83924894,7,,Bernardos,Calle Mota," Calle Mota , Bernardos , Área de Santa María Real de Nieva, Segovia ",,"Área de Santa María Real de Nieva, Segovia",169,,2019-04-13,105300,0,3.0,0,0,0,False,False,False,False,False,False,False,False,False,False,False,False,False,False,False,False,False,False,False,False,False,False,False,False,False,False,False,False,False,False
Anuncio actualizado el 23 de marzo,0,0,2.0,1,0,,,bajo,0,0,81310886,0,0,Santiuste de San Juan Bautista,"Calle Carmen, 7"," Calle Carmen, 7 , Santiuste de San Juan Bautista , Área de Santa María Real de Nieva, Segovia ",,"Área de Santa María Real de Nieva, Segovia",111,96,2019-04-13,55856,0,3.0,0,0,0,False,False,False,False,False,False,False,False,False,False,False,False,False,False,False,False,False,False,False,False,False,False,False,False,False,False,False,False,False,False
Anuncio actualizado el 25 de marzo,0,0,2.0,1,0,,no indicado,3 plantas,1,1,1822217,2,,Domingo Garcia,"Calle Larga, 14"," Calle Larga, 14 , Domingo Garcia , Área de Santa María Real de Nieva, Segovia ",,"Área de Santa María Real de Nieva, Segovia",588,230,2019-04-13,165000,0,3.0,1,1,1,False,False,True,False,False,False,False,False,False,False,False,False,False,False,False,False,False,False,False,False,False,False,False,False,False,False,True,False,False,False
Anuncio actualizado el 7 de abril,0,1,2.0,0,0,,no indicado,2 plantas,0,0,84519534,1,,Santa Maria la Real de Nieva,"Calle Extramuros, 33"," Calle Extramuros, 33 , Santa Maria la Real de Nieva , Área de Santa María Real de Nieva, Segovia ",,"Área de Santa María Real de Nieva, Segovia",172,,2019-04-13,39000,0,4.0,0,0,0,False,False,False,True,False,False,False,False,False,False,False,False,False,False,False,False,False,False,False,False,False,False,False,False,False,False,False,False,False,False
Anuncio actualizado el 23 de enero,0,0,1.0,1,0,,en trámite,1 planta,0,0,27830973,2,,Santa Maria la Real de Nieva,," , Santa Maria la Real de Nieva , Área de Santa María Real de Nieva, Segovia ",,"Área de Santa María Real de Nieva, Segovia",259,160,2019-04-13,80000,0,5.0,1,0,1,False,False,True,False,False,False,False,False,False,False,False,False,False,False,False,False,False,False,False,False,False,False,False,False,False,False,False,False,False,True
Anuncio actualizado el 7 de abril,0,0,2.0,0,0,,no indicado,2 plantas,0,0,30061556,2,,Bernardos,"Calle Ancha, 12"," Calle Ancha, 12 , Bernardos , Área de Santa María Real de Nieva, Segovia ",,"Área de Santa María Real de Nieva, Segovia",145,,2019-04-13,112000,0,4.0,1,0,1,False,False,True,False,False,False,False,False,False,False,False,False,False,False,False,False,False,False,False,False,False,False,False,False,False,False,False,False,False,False
Anuncio actualizado el 13 de enero,0,0,3.0,0,0,,no indicado,,0,0,30233188,2,,Santiuste de San Juan Bautista,"Calle Real, 10"," Calle Real, 10 , Santiuste de San Juan Bautista , Área de Santa María Real de Nieva, Segovia ",,"Área de Santa María Real de Nieva, Segovia",500,300,2019-04-13,180000,0,4.0,0,0,0,False,False,True,False,False,False,False,False,False,False,False,False,False,False,False,False,False,False,False,False,False,False,False,False,False,False,False,False,False,False
Anuncio actualizado el 24 de marzo,0,0,2.0,1,0,,no indicado,planta 1ª exterior,1,0,30378804,0,1,Nava de la Asuncion,"Calle Portugal, 17"," Calle Portugal, 17 , Nava de la Asuncion , Área de Santa María Real de Nieva, Segovia ",,"Área de Santa María Real de Nieva, Segovia",95,90,2019-04-13,118000,0,3.0,1,0,0,False,False,True,False,False,False,False,False,False,False,False,False,False,False,False,False,True,False,False,False,False,False,False,False,False,False,False,False,False,False
Anuncio actualizado el 9 de abril,0,0,1.0,0,0,,en trámite,2 plantas,0,0,32035268,1,,San Cristobal de la Vega,"Calle centro, 14"," Calle centro, 14 , San Cristobal de la Vega , Área de Santa María Real de Nieva, Segovia ",,"Área de Santa María Real de Nieva, Segovia",556,,2019-04-13,84000,0,5.0,0,0,0,False,False,False,True,False,False,False,False,False,False,False,False,False,False,False,False,False,False,False,False,False,False,False,False,False,False,False,False,False,False
Anuncio actualizado el 9 de abril,0,0,1.0,0,0,,no indicado,2 plantas,0,0,32035266,1,,San Cristobal de la Vega,"Carretera de adanero, 10"," Carretera de adanero, 10 , San Cristobal de la Vega , Área de Santa María Real de Nieva, Segovia ",,"Área de Santa María Real de Nieva, Segovia",256,,2019-04-13,45000,0,6.0,0,0,0,False,False,False,True,False,False,False,False,False,False,False,False,False,False,False,False,False,False,False,False,False,False,False,False,False,False,False,False,False,False
Anuncio actualizado el 8 de abril,0,0,2.0,1,1,2002,no indicado,2 plantas,1,1,34226564,1,,Melque de Cercos,"Calle la Ruta, 3"," Calle la Ruta, 3 , Melque de Cercos , Área de Santa María Real de Nieva, Segovia ",,"Área de Santa María Real de Nieva, Segovia",80,220,2019-04-13,188000,1,3.0,1,0,1,False,False,True,False,False,False,False,True,False,False,False,False,False,False,False,False,False,False,True,False,False,False,False,False,False,False,False,False,False,False
Anuncio actualizado el 12 de diciembre,0,0,2.0,1,0,1997,no indicado,2 plantas,1,0,36824420,4,,Coca,"Calle Maestro Don Linos Muñoz de Pedro, 6"," Calle Maestro Don Linos Muñoz de Pedro, 6 , Coca , Área de Santa María Real de Nieva, Segovia ",,"Área de Santa María Real de Nieva, Segovia",25,,2019-04-13,140000,0,4.0,0,0,1,False,False,True,False,False,False,False,False,False,False,False,False,False,False,False,False,False,False,False,False,False,False,False,False,False,False,True,False,False,False
Anuncio actualizado el 24 de marzo,0,0,4.0,1,0,,no indicado,2 plantas,1,1,38153371,2,,Nieva,"Calle Posada, 24"," Calle Posada, 24 , Nieva , Área de Santa María Real de Nieva, Segovia ",,"Área de Santa María Real de Nieva, Segovia",1304,499,2019-04-13,590000,0,8.0,1,0,1,False,False,True,False,False,False,False,False,False,False,False,False,False,False,False,False,False,False,False,False,False,False,True,False,False,False,False,False,False,False
Anuncio actualizado el 17 de febrero,0,1,2.0,1,0,,no indicado,3 plantas,1,1,81458233,1,,Montejo de Arévalo,"Calle Ginebra, 19"," Calle Ginebra, 19 , Montejo de Arévalo , Área de Santa María Real de Nieva, Segovia ",,"Área de Santa María Real de Nieva, Segovia",217,95,2019-04-13,115000,0,4.0,0,0,0,False,False,True,False,False,False,False,False,False,False,False,False,False,False,False,False,False,False,False,False,False,False,False,False,False,False,True,False,False,False
Anuncio actualizado el 27 de diciembre,0,0,1.0,0,0,,,,0,0,81476524,7,,Santiuste de San Juan Bautista,," , Santiuste de San Juan Bautista , Área de Santa María Real de Nieva, Segovia ",,"Área de Santa María Real de Nieva, Segovia",55,49,2019-04-13,10500,0,4.0,0,0,0,False,False,False,False,False,False,False,False,False,False,False,False,False,False,False,False,False,False,False,False,False,False,False,False,False,False,False,False,False,False
Anuncio actualizado el 27 de diciembre,0,0,1.0,0,0,,,,0,0,81475691,0,0,Sangarcia,," , Sangarcia , Área de Santa María Real de Nieva, Segovia ",,"Área de Santa María Real de Nieva, Segovia",91,71,2019-04-13,40000,0,3.0,0,0,0,False,False,False,False,False,False,False,False,False,False,False,False,False,False,False,False,False,False,False,False,False,False,False,False,False,False,False,False,False,False
Anuncio actualizado el 7 de febrero,0,0,2.0,0,0,,,,0,0,81871345,0,0,Villaverde de Iscar,," , Villaverde de Iscar , Área de Santa María Real de Nieva, Segovia ",,"Área de Santa María Real de Nieva, Segovia",120,115,2019-04-13,50825,0,5.0,0,0,0,False,False,False,False,False,False,False,False,False,False,False,False,False,False,False,False,False,False,False,False,False,False,False,False,False,False,False,False,False,False
Anuncio actualizado el 23 de marzo,0,0,2.0,1,0,,no indicado,2 plantas,1,0,81815795,4,,Armuña,," , Armuña , Área de Santa María Real de Nieva, Segovia ",,"Área de Santa María Real de Nieva, Segovia",96,,2019-04-13,73000,0,3.0,0,0,0,False,False,False,False,False,False,False,False,False,False,False,False,False,False,False,False,False,False,False,False,False,False,False,False,False,False,False,False,False,False
Anuncio actualizado el 23 de marzo,0,0,2.0,1,0,,no indicado,2 plantas,1,0,81815799,4,,Armuña,," , Armuña , Área de Santa María Real de Nieva, Segovia ",,"Área de Santa María Real de Nieva, Segovia",111,,2019-04-13,94000,0,3.0,0,0,0,False,False,False,False,False,False,False,False,False,False,False,False,False,False,False,False,False,False,False,False,False,False,False,False,False,False,False,False,False,False
Anuncio actualizado el 23 de marzo,0,0,2.0,1,0,,no indicado,2 plantas,1,0,81815801,4,,Armuña,," , Armuña , Área de Santa María Real de Nieva, Segovia ",,"Área de Santa María Real de Nieva, Segovia",100,,2019-04-13,72000,0,3.0,0,0,0,False,False,False,False,False,False,False,False,False,False,False,False,False,False,False,False,False,False,False,False,False,False,False,False,False,False,False,False,False,False
Anuncio actualizado el 23 de marzo,0,0,2.0,1,0,,no indicado,2 plantas,1,0,81815803,4,,Armuña,," , Armuña , Área de Santa María Real de Nieva, Segovia ",,"Área de Santa María Real de Nieva, Segovia",116,,2019-04-13,83000,0,3.0,0,0,0,False,False,False,False,False,False,False,False,False,False,False,False,False,False,False,False,False,False,False,False,False,False,False,False,False,False,False,False,False,False
Anuncio actualizado el 25 de marzo,0,0,1.0,0,0,,,2 plantas,0,0,37823749,4,,San Cristobal de la Vega,," , San Cristobal de la Vega , Área de Santa María Real de Nieva, Segovia ",,"Área de Santa María Real de Nieva, Segovia",109,,2019-04-13,18538,0,3.0,0,0,0,False,False,False,False,False,False,False,False,False,False,False,False,False,False,False,False,False,False,False,False,False,False,False,False,False,False,False,False,False,False
Anuncio actualizado el 23 de marzo,0,0,1.0,0,0,,,planta 1ª,0,0,81310824,0,0,Sangarcia,," , Sangarcia , Área de Santa María Real de Nieva, Segovia ",,"Área de Santa María Real de Nieva, Segovia",96,72,2019-04-13,62294,0,3.0,0,0,0,False,False,False,False,False,False,False,False,False,False,False,False,False,False,False,False,False,False,False,False,False,False,False,False,False,False,False,False,False,False
Anuncio actualizado el 1 de abril,1,0,2.0,0,1,1975,en trámite,1 planta,1,1,84889637,3,,Santa Maria la Real de Nieva,," , Santa Maria la Real de Nieva , Área de Santa María Real de Nieva, Segovia ",,"Área de Santa María Real de Nieva, Segovia",2000,,2019-04-13,199000,0,5.0,0,0,0,False,False,True,False,False,False,False,False,False,False,False,False,False,False,False,False,False,False,False,False,False,False,False,False,False,False,False,False,False,False
Anuncio actualizado el 25 de marzo,0,0,1.0,1,0,,no indicado,planta 1ª,0,0,81310933,0,0,Nava de la Asuncion,"Calle Segovia, 4"," Calle Segovia, 4 , Nava de la Asuncion , Área de Santa María Real de Nieva, Segovia ",,"Área de Santa María Real de Nieva, Segovia",108,89,2019-04-13,39401,0,4.0,0,0,0,False,False,False,False,False,False,False,False,False,False,False,False,False,False,False,False,False,False,False,False,False,False,False,False,False,False,False,False,False,False
Anuncio actualizado el 7 de abril,0,0,1.0,0,0,,no indicado,1 planta,1,1,27549706,2,,Coca,"Calle Valdenebro, 12"," Calle Valdenebro, 12 , Coca , Área de Santa María Real de Nieva, Segovia ",,"Área de Santa María Real de Nieva, Segovia",110,115,2019-04-13,95000,0,3.0,1,0,0,False,False,True,False,False,False,False,False,False,False,False,False,False,False,False,False,False,False,True,False,False,False,False,False,False,False,False,False,False,False
Anuncio actualizado el 7 de abril,0,0,3.0,1,0,,,2 plantas,0,1,28177456,2,,Juarros de Voltoya,"Calle Hoyuelos, 21"," Calle Hoyuelos, 21 , Juarros de Voltoya , Área de Santa María Real de Nieva, Segovia ",,"Área de Santa María Real de Nieva, Segovia",500,250,2019-04-13,170000,0,5.0,0,0,1,False,False,True,False,False,False,False,False,False,False,False,False,False,False,False,False,False,False,False,False,False,False,False,False,False,False,True,False,False,False
Anuncio actualizado el 7 de abril,0,0,1.0,0,0,,no indicado,2 plantas,0,0,29353253,1,,Bernardos,"Calle Dobate, 14"," Calle Dobate, 14 , Bernardos , Área de Santa María Real de Nieva, Segovia ",,"Área de Santa María Real de Nieva, Segovia",150,,2019-04-13,75000,0,4.0,0,0,0,False,False,False,True,False,False,False,False,False,False,False,False,False,False,False,False,False,False,False,False,False,False,False,False,False,False,False,False,False,False
Anuncio actualizado el 8 de abril,0,0,1.0,0,0,,en trámite,2 plantas,0,0,36836765,2,,Bernardos,"Calle Dobate, 4"," Calle Dobate, 4 , Bernardos , Área de Santa María Real de Nieva, Segovia ",,"Área de Santa María Real de Nieva, Segovia",280,,2019-04-13,70000,0,4.0,0,0,0,False,False,False,True,False,False,False,False,False,False,False,False,False,False,False,False,False,False,False,False,False,False,False,False,False,False,False,False,False,False
Anuncio actualizado el 27 de marzo,0,0,1.0,0,0,,,bajo,0,0,81211065,0,0,Sangarcia,Plaza Eleuterio Delgado," Plaza Eleuterio Delgado , Sangarcia , Área de Santa María Real de Nieva, Segovia ",,"Área de Santa María Real de Nieva, Segovia",193,97,2019-04-13,62294,0,3.0,0,0,0,False,False,True,False,False,False,False,False,False,False,False,False,False,False,False,False,False,False,False,False,False,False,False,False,False,False,False,False,False,False
Anuncio actualizado el 27 de marzo,0,0,2.0,0,0,,,,1,0,81947060,4,,Armuña,Ronda Molino," Ronda Molino , Armuña , Área de Santa María Real de Nieva, Segovia ",,"Área de Santa María Real de Nieva, Segovia",140,101,2019-04-13,72000,0,3.0,0,0,0,False,False,True,False,False,False,False,False,False,False,False,False,False,False,False,False,False,False,False,False,False,False,False,False,False,False,False,False,False,False
Anuncio actualizado el 1 de abril,0,0,1.0,0,0,,en trámite,,0,0,82143830,4,,Bernardos,"Calle Pajaritos, 3"," Calle Pajaritos, 3 , Bernardos , Área de Santa María Real de Nieva, Segovia ",,"Área de Santa María Real de Nieva, Segovia",250,,2019-04-13,60000,0,5.0,0,0,0,False,False,True,False,False,False,False,False,False,False,False,False,False,False,False,False,False,False,False,False,False,False,False,False,False,False,False,False,False,False
Anuncio actualizado el 27 de marzo,0,0,2.0,0,0,,,,1,0,84336052,4,,Armuña,Travesía del Molino," Travesía del Molino , Armuña , Área de Santa María Real de Nieva, Segovia ",,"Área de Santa María Real de Nieva, Segovia",162,117,2019-04-13,83000,0,3.0,0,0,0,False,False,True,False,False,False,False,False,False,False,False,False,False,False,False,False,False,False,False,False,False,False,False,False,False,False,False,False,False,False
Anuncio actualizado el 27 de marzo,0,0,2.0,0,0,,,,1,0,84336053,4,,Armuña,Travesía del Molino," Travesía del Molino , Armuña , Área de Santa María Real de Nieva, Segovia ",,"Área de Santa María Real de Nieva, Segovia",159,111,2019-04-13,94000,0,3.0,0,0,0,False,False,True,False,False,False,False,False,False,False,False,False,False,False,False,False,False,False,False,False,False,False,False,False,False,False,False,False,False,False
Anuncio actualizado el 27 de marzo,0,0,2.0,0,0,,,,1,0,84336054,4,,Armuña,Travesía del Molino," Travesía del Molino , Armuña , Área de Santa María Real de Nieva, Segovia ",,"Área de Santa María Real de Nieva, Segovia",142,97,2019-04-13,73000,0,3.0,0,0,0,False,False,True,False,False,False,False,False,False,False,False,False,False,False,False,False,False,False,False,False,False,False,False,False,False,False,False,False,False,False
Anuncio actualizado el 10 de abril,0,0,1.0,1,0,,no indicado,1 planta,1,1,84347212,4,,Nava de la Asuncion,"Calle las Tortolas, 6"," Calle las Tortolas, 6 , Nava de la Asuncion , Área de Santa María Real de Nieva, Segovia ",,"Área de Santa María Real de Nieva, Segovia",180,,2019-04-13,112000,0,3.0,0,0,1,False,False,True,False,False,False,False,True,False,False,False,False,False,False,True,False,False,False,False,False,False,False,False,False,False,False,False,False,False,False
Anuncio actualizado el 25 de marzo,0,0,2.0,0,0,,,2 plantas,0,0,37825154,4,,Melque de Cercos,"Plaza arrabal, 7"," Plaza arrabal, 7 , Melque de Cercos , Área de Santa María Real de Nieva, Segovia ",,"Área de Santa María Real de Nieva, Segovia",127,,2019-04-13,46602,0,4.0,0,0,0,False,False,False,False,False,False,False,False,False,False,False,False,False,False,False,False,False,False,False,False,False,False,False,False,False,False,False,False,False,False
Anuncio actualizado el 4 de abril,0,0,2.0,0,0,,,planta 3ª,0,0,26902717,0,1,Nava de la Asuncion,Plaza mayor," Plaza mayor , Nava de la Asuncion , Área de Santa María Real de Nieva, Segovia ",,"Área de Santa María Real de Nieva, Segovia",130,,2019-04-13,91500,0,3.0,0,0,0,False,False,True,False,False,False,False,False,False,False,False,False,False,False,False,False,False,False,False,False,False,False,False,False,False,False,False,False,False,False
Anuncio actualizado el 26 de enero,0,0,2.0,0,0,,,,0,0,33220167,0,,Nava de la Asuncion,," , Nava de la Asuncion , Área de Santa María Real de Nieva, Segovia ",,"Área de Santa María Real de Nieva, Segovia",85,,2019-04-13,37200,0,2.0,0,0,1,False,False,False,False,False,False,False,False,False,False,False,False,False,False,False,False,False,False,False,False,False,False,False,False,False,False,False,False,False,False
Anuncio actualizado el 26 de enero,0,0,2.0,0,0,,,,0,0,33236049,0,,Nava de la Asuncion,," , Nava de la Asuncion , Área de Santa María Real de Nieva, Segovia ",,"Área de Santa María Real de Nieva, Segovia",84,,2019-04-13,40450,0,3.0,0,0,1,False,False,False,False,False,False,False,False,False,False,False,False,False,False,False,False,False,False,False,False,False,False,False,False,False,False,False,False,False,False
Anuncio actualizado el 7 de abril,0,0,1.0,0,0,,,1 planta,1,0,38646294,1,,Santiuste de San Juan Bautista,"Calle molino, 9"," Calle molino, 9 , Santiuste de San Juan Bautista , Área de Santa María Real de Nieva, Segovia ",,"Área de Santa María Real de Nieva, Segovia",140,,2019-04-13,75000,0,3.0,1,0,1,False,False,True,False,False,False,False,True,False,False,False,False,False,False,False,False,False,False,False,False,False,False,False,False,False,False,False,False,False,False
Anuncio actualizado el 23 de marzo,0,0,2.0,1,0,,,,0,0,81135286,0,,Nava de la Asuncion,," , Nava de la Asuncion , Área de Santa María Real de Nieva, Segovia ",,"Área de Santa María Real de Nieva, Segovia",109,82,2019-04-13,46000,0,3.0,0,0,0,False,False,True,False,False,False,False,False,False,False,False,False,False,False,False,False,False,False,False,False,False,False,False,False,False,False,False,False,False,False
Anuncio actualizado el 4 de abril,0,0,1.0,0,0,,,planta 1ª,0,0,27107870,0,0,Nava de la Asuncion,Calle Irenéo Gómez," Calle Irenéo Gómez , Nava de la Asuncion , Área de Santa María Real de Nieva, Segovia ",,"Área de Santa María Real de Nieva, Segovia",82,,2019-04-13,47000,0,3.0,0,0,0,False,False,True,False,False,False,False,False,False,False,False,False,False,False,False,False,False,False,False,False,False,False,False,False,False,False,False,False,False,False
Anuncio actualizado el 25 de octubre,0,1,1.0,1,0,1993,no indicado,2 plantas,0,0,36138749,7,,Villaverde de Iscar,Calle huertas," Calle huertas , Villaverde de Iscar , Área de Santa María Real de Nieva, Segovia ",,"Área de Santa María Real de Nieva, Segovia",175,143,2019-04-13,89000,0,5.0,0,0,0,False,False,False,False,False,False,False,False,False,False,False,False,False,False,False,False,False,False,False,False,False,False,False,False,False,False,False,False,False,False
Anuncio actualizado el 21 de enero,0,0,2.0,1,0,,,1 planta,0,1,1671547,2,,Domingo Garcia,"Calle Nava, 6"," Calle Nava, 6 , Domingo Garcia , Área de Santa María Real de Nieva, Segovia ",,"Área de Santa María Real de Nieva, Segovia",482,,2019-04-13,249000,0,4.0,1,0,1,False,False,True,False,False,False,False,False,False,False,False,False,False,False,False,False,False,False,False,False,False,False,False,False,False,False,False,False,False,True
Anuncio actualizado el 7 de abril,0,0,1.0,0,0,,no indicado,1 planta,0,0,83027214,1,,Santiuste de San Juan Bautista,"Calle Real del Pino, 30"," Calle Real del Pino, 30 , Santiuste de San Juan Bautista , Área de Santa María Real de Nieva, Segovia ",,"Área de Santa María Real de Nieva, Segovia",180,,2019-04-13,11000,0,3.0,0,0,0,False,False,False,True,False,False,False,False,False,False,False,False,False,False,False,False,False,False,False,False,False,False,False,False,False,False,False,False,False,False
Anuncio actualizado el 6 de abril,1,0,2.0,1,0,,no indicado,planta 3ª exterior,0,0,84973131,6,1,Nava de la Asuncion,"Calle de Elías Vírseda, 16"," Calle de Elías Vírseda, 16 , Nava de la Asuncion , Área de Santa María Real de Nieva, Segovia ",,"Área de Santa María Real de Nieva, Segovia",130,120,2019-04-13,80000,0,3.0,1,0,1,False,False,True,False,False,False,False,False,False,False,False,False,False,False,False,False,False,True,False,False,False,False,False,False,False,False,False,False,False,False
Anuncio actualizado el 21 de marzo,0,0,1.0,1,0,,,planta 2ª exterior,0,0,32535647,0,,Sangarcia,Calle etreros," Calle etreros , Sangarcia , Área de Santa María Real de Nieva, Segovia ",,"Área de Santa María Real de Nieva, Segovia",95,,2019-04-13,26890,0,3.0,0,0,0,False,False,False,False,False,False,False,False,False,False,False,False,False,False,False,False,False,False,False,False,False,False,False,False,False,False,False,False,False,False
Anuncio actualizado el 27 de marzo,0,0,1.0,0,0,,,planta 1ª,0,0,81183788,0,0,Nava de la Asuncion,Calle Segovia," Calle Segovia , Nava de la Asuncion , Área de Santa María Real de Nieva, Segovia ",,"Área de Santa María Real de Nieva, Segovia",109,89,2019-04-13,39401,0,4.0,0,0,0,False,False,True,False,False,False,False,False,False,False,False,False,False,False,False,False,False,False,False,False,False,False,False,False,False,False,False,False,False,False
Anuncio actualizado el 5 de abril,0,0,2.0,0,0,,no indicado,planta 3ª,0,0,83727149,0,0,Nava de la Asuncion,"Plaza Sonsoto, 3"," Plaza Sonsoto, 3 , Nava de la Asuncion , Área de Santa María Real de Nieva, Segovia ",,"Área de Santa María Real de Nieva, Segovia",86,69,2019-04-13,40202,0,3.0,0,0,0,False,False,False,False,False,False,False,False,False,False,False,False,False,False,False,False,False,False,False,False,False,False,False,False,False,False,False,False,False,False
Anuncio actualizado el 26 de enero,0,0,1.0,0,0,,,,0,0,32241755,4,,Villeguillo,," , Villeguillo , Área de Santa María Real de Nieva, Segovia ",,"Área de Santa María Real de Nieva, Segovia",93,,2019-04-13,37100,0,2.0,0,0,0,False,False,False,False,False,False,False,False,False,False,False,False,False,False,False,False,False,False,False,False,False,False,False,False,False,False,False,False,False,False
Anuncio actualizado el 8 de abril,0,0,2.0,0,0,,,,1,0,31729780,0,0,Nava de la Asuncion,," , Nava de la Asuncion , Área de Santa María Real de Nieva, Segovia ",,"Área de Santa María Real de Nieva, Segovia",90,75,2019-04-13,58300,0,3.0,1,0,0,False,False,False,False,False,False,False,False,False,False,False,False,False,False,False,False,False,False,False,False,False,False,False,False,False,False,False,False,False,False
Anuncio actualizado el 21 de enero,0,0,2.0,0,0,2006,en trámite,1 planta,0,0,83924891,7,,Villeguillo,Calle la Vega," Calle la Vega , Villeguillo , Área de Santa María Real de Nieva, Segovia ",,"Área de Santa María Real de Nieva, Segovia",103,,2019-04-13,54200,0,3.0,0,0,0,False,False,False,False,False,False,False,False,False,False,False,False,False,False,False,False,False,False,False,False,False,False,False,False,False,False,False,False,False,False
Anuncio actualizado el 23 de agosto,0,0,1.0,0,0,2009,,,0,0,38617459,0,1,Nava de la Asuncion,Carretera de Coca," Carretera de Coca , Nava de la Asuncion , Área de Santa María Real de Nieva, Segovia ",,"Área de Santa María Real de Nieva, Segovia",68,62,2019-04-13,62000,0,2.0,0,0,0,False,False,False,False,False,False,False,False,False,False,False,False,False,False,False,False,False,False,False,False,False,False,False,False,False,False,False,False,False,False
Anuncio actualizado el 5 de abril,0,0,1.0,0,0,,no indicado,1 planta,1,0,83727157,4,,Codorniz,"Calle Ancha, 10"," Calle Ancha, 10 , Codorniz , Área de Santa María Real de Nieva, Segovia ",,"Área de Santa María Real de Nieva, Segovia",89,109,2019-04-13,59314,0,2.0,0,0,0,False,False,False,False,False,False,False,False,False,False,False,False,False,False,False,False,False,False,False,False,False,False,False,False,False,False,False,False,False,False
Anuncio actualizado el 21 de enero,0,0,1.0,0,0,,en trámite,1 planta,0,0,83924886,7,,Labajos,Calle Circular I," Calle Circular I , Labajos , Área de Santa María Real de Nieva, Segovia ",,"Área de Santa María Real de Nieva, Segovia",720,,2019-04-13,84500,0,3.0,0,0,0,False,False,False,False,False,False,False,False,False,False,False,False,False,False,False,False,False,False,False,False,False,False,False,False,False,False,False,False,False,False
Anuncio actualizado el 4 de diciembre,0,0,5.0,1,1,,en trámite,2 plantas,0,1,82062982,3,,Bernardos,," , Bernardos , Área de Santa María Real de Nieva, Segovia ",,"Área de Santa María Real de Nieva, Segovia",750,,2019-04-13,460000,0,5.0,0,0,0,False,False,True,False,False,False,False,False,False,False,False,False,False,False,False,False,False,False,False,False,False,False,False,False,False,False,False,False,False,False
Anuncio actualizado el 15 de marzo,1,0,3.0,0,0,,,,1,0,83925329,7,,Coca,," , Coca , Área de Santa María Real de Nieva, Segovia ",,"Área de Santa María Real de Nieva, Segovia",113,,2019-04-13,99900,0,3.0,0,0,0,False,False,False,False,False,False,False,False,False,False,False,False,False,False,False,False,False,False,False,False,False,False,False,False,False,False,False,False,False,False
Anuncio actualizado el 26 de enero,0,0,1.0,0,0,,,,0,0,34241012,4,,Villeguillo,Calle la vega s/n," Calle la vega s/n , Villeguillo , Área de Santa María Real de Nieva, Segovia ",,"Área de Santa María Real de Nieva, Segovia",70,62,2019-04-13,29300,0,3.0,0,0,0,False,False,False,False,False,False,False,False,False,False,False,False,False,False,False,False,False,False,False,False,False,False,False,False,False,False,False,False,False,False
Anuncio actualizado el 19 de marzo,0,0,4.0,1,0,,,2 plantas,1,1,31060085,2,,Domingo Garcia,"Calle de la fuente, 7"," Calle de la fuente, 7 , Domingo Garcia , Área de Santa María Real de Nieva, Segovia ",,"Área de Santa María Real de Nieva, Segovia",1320,,2019-04-13,189000,0,4.0,1,0,1,False,False,True,False,False,False,False,False,False,False,False,False,False,False,False,False,False,False,False,False,True,False,False,False,False,False,False,False,False,False
Anuncio actualizado el 27 de enero,0,0,1.0,1,0,,,2 plantas,0,1,36709880,2,,Martin Muñoz de la Dehesa,Urb. Dunas de la Vega," Calle 1, 1 , Urb. Dunas de la Vega , Martin Muñoz de la Dehesa , Área de Santa María Real de Nieva, Segovia ","Calle 1, 1","Área de Santa María Real de Nieva, Segovia",445,120,2019-04-13,135000,0,3.0,0,0,0,False,False,True,False,False,False,False,False,False,False,False,False,False,False,False,False,False,False,False,False,False,False,False,False,False,False,False,False,False,False
Anuncio actualizado el 7 de abril,1,0,8.0,0,0,,en trámite,2 plantas,1,1,39142867,2,,Coca,"Avenida del Icona, 28"," Avenida del Icona, 28 , Coca , Área de Santa María Real de Nieva, Segovia ",,"Área de Santa María Real de Nieva, Segovia",650,290,2019-04-13,280000,1,6.0,1,0,1,False,False,True,False,False,False,False,True,False,False,False,False,False,False,False,False,False,False,False,False,False,True,False,False,False,False,False,False,False,False
Anuncio actualizado el 3 de diciembre,0,0,1.0,0,1,,en trámite,2 plantas,1,0,40070729,1,,Martin Muñoz de las Posadas,"Calle Arevalo, 3"," Calle Arevalo, 3 , Martin Muñoz de las Posadas , Área de Santa María Real de Nieva, Segovia ",,"Área de Santa María Real de Nieva, Segovia",360,,2019-04-13,65000,0,4.0,1,0,0,False,False,False,True,False,False,False,False,False,False,False,False,False,False,False,False,False,False,False,False,False,False,False,False,False,False,False,False,False,False
Anuncio actualizado el 27 de enero,0,0,2.0,1,0,,no indicado,2 plantas,1,1,82078096,2,,Santa Maria la Real de Nieva,"Calle Aragoneses, 6"," Calle Aragoneses, 6 , Santa Maria la Real de Nieva , Área de Santa María Real de Nieva, Segovia ",,"Área de Santa María Real de Nieva, Segovia",243,231,2019-04-13,160000,0,3.0,0,1,0,False,False,True,False,False,False,False,False,False,False,False,False,False,False,False,False,False,False,False,False,False,False,False,False,False,False,False,False,False,False
Anuncio actualizado el 7 de abril,0,0,4.0,1,0,2003,en trámite,2 plantas,1,1,82163824,3,,Aldeanueva del Codonal,"Plaza Constitucion, 3"," Plaza Constitucion, 3 , Aldeanueva del Codonal , Área de Santa María Real de Nieva, Segovia ",,"Área de Santa María Real de Nieva, Segovia",860,265,2019-04-13,218000,1,6.0,1,0,1,False,False,True,False,False,False,False,True,False,False,False,False,False,False,False,False,False,False,False,False,True,False,False,False,False,False,False,False,False,False
Anuncio actualizado el 28 de marzo,0,0,2.0,0,0,,no indicado,2 plantas,0,0,83915837,1,,Villaverde de Iscar,"Camino Molino, 7"," Camino Molino, 7 , Villaverde de Iscar , Área de Santa María Real de Nieva, Segovia ",,"Área de Santa María Real de Nieva, Segovia",74,,2019-04-13,50000,0,4.0,0,0,0,False,False,False,True,False,False,False,True,False,False,False,False,False,False,False,False,False,False,False,False,False,False,False,False,False,False,False,False,False,False
Anuncio actualizado el 26 de enero,0,0,1.0,0,0,,,,0,0,32241869,4,,Villeguillo,Calle real s/n," Calle real s/n , Villeguillo , Área de Santa María Real de Nieva, Segovia ",,"Área de Santa María Real de Nieva, Segovia",100,,2019-04-13,29100,0,3.0,0,0,0,False,False,False,False,False,False,False,False,False,False,False,False,False,False,False,False,False,False,False,False,False,False,False,False,False,False,False,False,False,False
Anuncio actualizado el 26 de enero,0,0,2.0,0,0,,,,0,0,33220174,0,,Nava de la Asuncion,Calle monasterio s/n," Calle monasterio s/n , Nava de la Asuncion , Área de Santa María Real de Nieva, Segovia ",,"Área de Santa María Real de Nieva, Segovia",98,,2019-04-13,41000,0,3.0,0,0,1,False,False,False,False,False,False,False,False,False,False,False,False,False,False,False,False,False,False,False,False,False,False,False,False,False,False,False,False,False,False
Anuncio actualizado el 17 de febrero,0,0,2.0,0,0,,no indicado,,0,0,38172191,7,,Villeguillo,Calle Caballero Vela," Calle Caballero Vela , Villeguillo , Área de Santa María Real de Nieva, Segovia ",,"Área de Santa María Real de Nieva, Segovia",126,,2019-04-13,54200,0,3.0,0,0,0,False,False,False,False,False,False,False,False,False,False,False,False,False,False,False,False,False,False,False,False,False,False,False,False,False,False,False,False,False,False
Anuncio actualizado el 7 de abril,0,0,0.0,0,0,,no indicado,2 plantas,0,1,40066915,1,,Miguelañez,"Calle Tejera, 4"," Calle Tejera, 4 , Miguelañez , Área de Santa María Real de Nieva, Segovia ",,"Área de Santa María Real de Nieva, Segovia",390,130,2019-04-13,75000,0,0.0,1,0,0,False,False,False,True,False,False,False,False,False,False,False,False,False,False,True,False,False,False,False,False,False,False,False,False,False,False,False,False,False,False
Anuncio actualizado el 17 de febrero,0,0,2.0,0,0,,no indicado,,0,0,38171539,7,,Bernardos,Urbanizacion Media Luna," Urbanizacion Media Luna , Bernardos , Área de Santa María Real de Nieva, Segovia ",,"Área de Santa María Real de Nieva, Segovia",169,,2019-04-13,105300,0,3.0,0,0,0,False,False,False,False,False,False,False,False,False,False,False,False,False,False,False,False,False,False,False,False,False,False,False,False,False,False,False,False,False,False
Anuncio actualizado el 17 de febrero,0,0,1.0,0,0,,no indicado,,0,0,38176882,7,,Santa Maria la Real de Nieva,Calle Pinilla," Calle Pinilla , Santa Maria la Real de Nieva , Área de Santa María Real de Nieva, Segovia ",,"Área de Santa María Real de Nieva, Segovia",183,,2019-04-13,70400,0,3.0,0,0,0,False,False,False,False,False,False,False,False,False,False,False,False,False,False,False,False,False,False,False,False,False,False,False,False,False,False,False,False,False,False
Anuncio actualizado el 26 de enero,0,0,2.0,0,0,,,,0,0,32241851,4,,Villeguillo,Calle caballero vela s/n," Calle caballero vela s/n , Villeguillo , Área de Santa María Real de Nieva, Segovia ",,"Área de Santa María Real de Nieva, Segovia",123,,2019-04-13,44700,0,3.0,0,0,0,False,False,False,False,False,False,False,False,False,False,False,False,False,False,False,False,False,False,False,False,False,False,False,False,False,False,False,False,False,False
Anuncio actualizado el 26 de enero,0,0,2.0,0,0,,,,0,0,40033736,0,,Nava de la Asuncion,Calle monasterio s/n," Calle monasterio s/n , Nava de la Asuncion , Área de Santa María Real de Nieva, Segovia ",,"Área de Santa María Real de Nieva, Segovia",83,,2019-04-13,43500,0,3.0,1,0,1,False,False,False,False,False,False,False,False,False,False,False,False,False,False,False,False,False,False,False,False,False,False,False,False,False,False,False,False,False,False
Anuncio actualizado el 30 de noviembre,0,0,3.0,1,0,1998,,,1,0,81391503,7,,Nieva,," , Nieva , Área de Santa María Real de Nieva, Segovia ",,"Área de Santa María Real de Nieva, Segovia",1198,352,2019-04-13,350000,0,7.0,0,0,1,False,False,True,False,False,False,False,False,False,False,False,False,False,False,True,False,False,False,False,False,False,False,False,False,False,False,False,False,False,False
Anuncio actualizado el 10 de diciembre,0,0,3.0,0,0,,en trámite,3 plantas,0,0,83526006,7,,Coca,Avenida del Icona," Avenida del Icona , Coca , Área de Santa María Real de Nieva, Segovia ",,"Área de Santa María Real de Nieva, Segovia",136,,2019-04-13,99900,0,3.0,0,0,0,False,False,False,False,False,False,False,False,False,False,False,False,False,False,False,False,False,False,False,False,False,False,False,False,False,False,False,False,False,False
Anuncio actualizado el 4 de marzo,0,0,3.0,0,0,,en trámite,1 planta,0,0,83977307,7,,Nava de la Asuncion,Calle Cañamares," Calle Cañamares , Nava de la Asuncion , Área de Santa María Real de Nieva, Segovia ",,"Área de Santa María Real de Nieva, Segovia",219,,2019-04-13,145900,0,3.0,0,0,0,False,False,False,False,False,False,False,False,False,False,False,False,False,False,False,False,False,False,False,False,False,False,False,False,False,False,False,False,False,False
Anuncio actualizado el 20 de febrero,0,0,2.0,0,1,,en trámite,1 planta,0,1,84363744,3,,Nava de la Asuncion,Callejón de Arévalo," Callejón de Arévalo , Nava de la Asuncion , Área de Santa María Real de Nieva, Segovia ",,"Área de Santa María Real de Nieva, Segovia",200,,2019-04-13,165000,0,5.0,1,0,0,False,False,True,False,False,False,False,False,True,False,False,False,False,False,False,False,False,False,False,False,False,False,False,False,False,False,True,False,False,False
Anuncio actualizado el 14 de noviembre,0,0,0.0,0,0,,no indicado,2 plantas,0,0,40154083,3,,Bernardos,Camino del arco s/n," Camino del arco s/n , Bernardos , Área de Santa María Real de Nieva, Segovia ",,"Área de Santa María Real de Nieva, Segovia",20000,,2019-04-13,140000,0,0.0,0,0,0,False,False,False,True,False,False,False,False,False,False,False,False,False,False,False,False,False,False,False,False,False,False,False,False,False,False,False,False,False,False
Anuncio actualizado el 13 de marzo,0,0,2.0,1,0,,en trámite,1 planta,0,1,40371826,2,,Domingo Garcia,," , Domingo Garcia , Área de Santa María Real de Nieva, Segovia ",,"Área de Santa María Real de Nieva, Segovia",482,,2019-04-13,249000,0,4.0,1,0,1,False,False,True,False,False,False,False,False,False,False,False,False,False,False,False,False,False,False,False,False,False,False,True,False,False,False,False,False,False,False
Anuncio actualizado el 18 de enero,0,0,1.0,0,0,2007,en trámite,,0,0,36255229,7,,Ortigosa de Pestaño,Plaza Mayor," Plaza Mayor , Ortigosa de Pestaño , Área de Santa María Real de Nieva, Segovia ",,"Área de Santa María Real de Nieva, Segovia",80,69,2019-04-13,60000,0,3.0,1,0,0,False,False,False,False,False,False,False,False,False,False,False,False,False,False,False,False,False,False,False,False,False,False,False,False,False,False,False,False,False,False
Anuncio actualizado el 1 de abril,0,0,3.0,0,0,2010,en trámite,2 plantas,1,1,40346321,2,,Ortigosa de Pestaño,"Calle TABERNA, 7"," Calle TABERNA, 7 , Ortigosa de Pestaño , Área de Santa María Real de Nieva, Segovia ",,"Área de Santa María Real de Nieva, Segovia",696,380,2019-04-13,249000,0,4.0,1,0,0,False,False,True,False,False,False,False,False,False,False,False,False,False,False,False,False,False,False,False,False,False,False,True,False,False,False,False,False,False,False
Anuncio actualizado el 29 de mayo,0,0,4.0,0,0,,en trámite,planta 1ª exterior,0,0,36739213,0,0,Muñopedro,," , Muñopedro , Área de Santa María Real de Nieva, Segovia ",,"Área de Santa María Real de Nieva, Segovia",566,,2019-04-13,1390000,0,5.0,0,0,0,False,False,True,False,False,False,False,False,False,False,False,False,False,False,False,False,False,False,False,False,False,False,False,False,False,False,False,False,False,False
Anuncio actualizado el 13 de marzo,0,0,2.0,0,0,,no indicado,2 plantas,1,0,1627740,2,,Miguelañez,"Calle San Isidro, 1"," Calle San Isidro, 1 , Miguelañez , Área de Santa María Real de Nieva, Segovia ",,"Área de Santa María Real de Nieva, Segovia",280,,2019-04-13,128000,0,3.0,0,0,1,False,False,True,False,False,False,False,False,False,False,False,False,False,False,False,False,True,False,False,False,False,False,False,False,False,False,False,False,False,False
Anuncio actualizado el 18 de marzo,0,0,1.0,0,1,,no indicado,1 planta,1,0,28540939,1,,Melque de Cercos,"Calle Castillo, 1"," Calle Castillo, 1 , Melque de Cercos , Área de Santa María Real de Nieva, Segovia ",,"Área de Santa María Real de Nieva, Segovia",460,130,2019-04-13,40000,0,4.0,1,0,1,False,False,True,False,False,False,False,False,False,False,False,False,False,False,True,False,False,False,False,False,False,False,False,False,False,False,False,False,False,False
Anuncio actualizado el 24 de febrero,0,0,2.0,1,1,,no indicado,2 plantas,0,0,36154501,1,,Santa Maria la Real de Nieva,"Calle Balisa, 14"," Calle Balisa, 14 , Santa Maria la Real de Nieva , Área de Santa María Real de Nieva, Segovia ",,"Área de Santa María Real de Nieva, Segovia",240,,2019-04-13,73000,0,5.0,1,0,0,False,False,True,False,False,False,False,False,False,False,False,False,False,False,False,False,False,False,False,False,False,False,False,False,False,False,False,False,False,False
Anuncio actualizado el 15 de noviembre,1,0,5.0,0,0,,en trámite,,1,0,39877190,2,,Muñopedro,," , Muñopedro , Área de Santa María Real de Nieva, Segovia ",,"Área de Santa María Real de Nieva, Segovia",230000,500,2019-04-13,1500000,0,5.0,0,0,0,False,False,True,False,False,False,False,False,False,False,False,False,False,False,False,False,False,False,False,False,False,False,False,False,False,False,False,False,False,False
Anuncio actualizado el 16 de octubre,0,0,4.0,0,0,,no indicado,,1,0,26685683,2,,Nava de la Asuncion,Urb. Los Cañamares," urbanización los Cañamares, 1 , Urb. Los Cañamares , Nava de la Asuncion , Área de Santa María Real de Nieva, Segovia ","urbanización los Cañamares, 1","Área de Santa María Real de Nieva, Segovia",600,521,2019-04-13,395000,0,6.0,1,0,1,False,False,True,False,False,False,False,False,False,False,False,False,False,False,False,False,False,False,False,False,False,False,False,False,False,False,False,False,False,False
Anuncio actualizado el 9 de abril,0,0,1.0,0,1,2009,en trámite,1 planta,0,1,84166464,9,,Aldehuela del Codonal,"Juarros, 22"," Juarros, 22 , Aldehuela del Codonal , Área de Santa María Real de Nieva, Segovia ",,"Área de Santa María Real de Nieva, Segovia",700,60,2019-04-13,38000,1,3.0,0,1,1,False,False,True,False,False,False,False,False,True,False,False,False,False,False,False,False,True,False,False,False,False,False,False,False,False,False,False,False,False,False
Anuncio actualizado el 7 de abril,0,0,2.0,1,0,,no indicado,1 planta,0,1,37803324,2,,Ortigosa de Pestaño,"Las Eras, 4"," Las Eras, 4 , Ortigosa de Pestaño , Área de Santa María Real de Nieva, Segovia ",,"Área de Santa María Real de Nieva, Segovia",888,,2019-04-13,98000,0,4.0,0,0,1,False,False,True,False,False,False,False,False,False,False,False,False,False,False,False,False,False,False,False,False,False,False,False,False,False,False,False,False,False,False
Anuncio actualizado el 12 de abril,0,0,1.0,0,0,,no indicado,2 plantas,0,0,85057468,1,,Nieva,"PUENTE, 34"," PUENTE, 34 , Nieva , Área de Santa María Real de Nieva, Segovia ",,"Área de Santa María Real de Nieva, Segovia",175,60,2019-04-13,25000,0,2.0,0,0,0,False,False,False,True,False,False,False,False,False,False,False,False,False,False,False,False,False,False,False,False,False,False,False,False,False,False,True,False,False,False
Anuncio actualizado el 27 de febrero,0,0,1.0,0,0,,en trámite,,0,0,35684493,4,,Santiuste de San Juan Bautista,," , Santiuste de San Juan Bautista , Área de Santa María Real de Nieva, Segovia ",,"Área de Santa María Real de Nieva, Segovia",110,95,2019-04-13,75000,0,3.0,0,0,0,False,False,True,False,False,False,False,True,False,False,False,False,False,False,False,False,False,False,False,False,False,False,False,False,False,False,False,False,False,False
Anuncio actualizado el 29 de enero,0,0,2.0,0,0,2008,,,0,1,37569200,2,,Domingo Garcia,," , Domingo Garcia , Área de Santa María Real de Nieva, Segovia ",,"Área de Santa María Real de Nieva, Segovia",482,,2019-04-13,249000,0,4.0,0,0,0,False,False,True,False,False,False,False,True,False,False,False,False,False,False,False,False,False,False,False,False,False,False,False,False,False,False,False,False,False,False
Anuncio actualizado el 10 de abril,0,0,1.0,0,0,,no indicado,,0,0,85016946,5,,Villeguillo,," , Villeguillo , Área de Santa María Real de Nieva, Segovia ",,"Área de Santa María Real de Nieva, Segovia",70,62,2019-04-13,29300,0,3.0,0,0,0,False,False,False,False,False,False,False,False,False,False,False,False,False,False,False,False,False,False,False,False,False,False,False,False,False,False,False,False,False,False
Anuncio actualizado el 10 de abril,0,0,2.0,0,0,,no indicado,,0,0,85016922,0,,Nava de la Asuncion,," , Nava de la Asuncion , Área de Santa María Real de Nieva, Segovia ",,"Área de Santa María Real de Nieva, Segovia",84,,2019-04-13,40450,0,3.0,0,0,1,False,False,False,False,False,False,False,False,False,False,False,False,False,False,False,False,False,False,False,False,False,False,False,False,False,False,False,False,False,False
Anuncio actualizado el 10 de abril,0,0,2.0,0,0,,no indicado,,0,0,85016930,0,,Nava de la Asuncion,," , Nava de la Asuncion , Área de Santa María Real de Nieva, Segovia ",,"Área de Santa María Real de Nieva, Segovia",98,,2019-04-13,41000,0,3.0,0,0,1,False,False,False,False,False,False,False,False,False,False,False,False,False,False,False,False,False,False,False,False,False,False,False,False,False,False,False,False,False,False
Anuncio actualizado el 10 de abril,0,0,2.0,0,0,,no indicado,,0,0,85016935,0,,Nava de la Asuncion,," , Nava de la Asuncion , Área de Santa María Real de Nieva, Segovia ",,"Área de Santa María Real de Nieva, Segovia",85,,2019-04-13,37200,0,2.0,0,0,1,False,False,False,False,False,False,False,False,False,False,False,False,False,False,False,False,False,False,False,False,False,False,False,False,False,False,False,False,False,False
Anuncio actualizado el 10 de abril,0,0,1.0,0,0,,no indicado,,0,0,85016942,5,,Villeguillo,," , Villeguillo , Área de Santa María Real de Nieva, Segovia ",,"Área de Santa María Real de Nieva, Segovia",100,,2019-04-13,29100,0,3.0,0,0,0,False,False,False,False,False,False,False,False,False,False,False,False,False,False,False,False,False,False,False,False,False,False,False,False,False,False,False,False,False,False
Anuncio actualizado el 10 de abril,0,0,2.0,0,0,,no indicado,,0,0,85016945,5,,Villeguillo,," , Villeguillo , Área de Santa María Real de Nieva, Segovia ",,"Área de Santa María Real de Nieva, Segovia",101,,2019-04-13,37800,0,3.0,0,0,0,False,False,False,False,False,False,False,False,False,False,False,False,False,False,False,False,False,False,False,False,False,False,False,False,False,False,False,False,False,False
Anuncio actualizado el 10 de abril,0,0,3.0,0,0,,no indicado,,0,0,85016924,2,,Nava de la Asuncion,," , Nava de la Asuncion , Área de Santa María Real de Nieva, Segovia ",,"Área de Santa María Real de Nieva, Segovia",219,,2019-04-13,140000,0,3.0,0,0,0,False,False,False,False,False,False,False,False,False,False,False,False,False,False,False,False,False,False,False,False,False,False,False,False,False,False,False,False,False,False
Anuncio actualizado el 10 de abril,0,0,2.0,0,0,,no indicado,,1,0,85016933,0,,Nava de la Asuncion,," , Nava de la Asuncion , Área de Santa María Real de Nieva, Segovia ",,"Área de Santa María Real de Nieva, Segovia",84,83,2019-04-13,43500,0,3.0,1,0,1,False,False,False,False,False,False,False,False,False,False,False,False,False,False,False,False,False,False,False,False,False,False,False,False,False,False,False,False,False,False
Anuncio actualizado el 10 de abril,0,0,2.0,0,0,,no indicado,,0,0,85016938,5,,Villeguillo,," , Villeguillo , Área de Santa María Real de Nieva, Segovia ",,"Área de Santa María Real de Nieva, Segovia",123,,2019-04-13,44700,0,3.0,0,0,0,False,False,False,False,False,False,False,False,False,False,False,False,False,False,False,False,False,False,False,False,False,False,False,False,False,False,False,False,False,False
Anuncio actualizado el 10 de abril,0,0,1.0,0,0,,no indicado,,0,0,85016940,5,,Villeguillo,," , Villeguillo , Área de Santa María Real de Nieva, Segovia ",,"Área de Santa María Real de Nieva, Segovia",94,93,2019-04-13,37100,0,2.0,0,0,0,False,False,False,False,False,False,False,False,False,False,False,False,False,False,False,False,False,False,False,False,False,False,False,False,False,False,False,False,False,False
ad_last_update,air_conditioner,balcony,0.0,built_in_wardrobe,chimney,construct_date,energetic_certif,floor,1,garden,house_id,11,lift,loc_city,loc_district,loc_full,loc_neigh,loc_zone,m2_real,m2_useful,obtention_date,price,reduced_mobility,0.0,storage_room,swimming_pool,terrace,True,False,False,False,False,False,False,False,False,False,False,False,True,False,False,False,False,False,False,False,False,False,False,False,False,True,False,False,False,False
Anuncio actualizado el 6 de abril,0,0,2.0,1,0,1880,,planta 1ª exterior,0,0,82529390,8,1,Segovia,Distrito Plaza Mayor - S.Agustín," Calle del Sol, 6 , Distrito Plaza Mayor - S.Agustín , Segovia , Área de Segovia, Segovia ","Calle del Sol, 6","Área de Segovia, Segovia",122,97,2019-04-13,449000,0,2.0,0,0,1,False,False,True,False,False,False,False,False,False,False,False,False,False,True,False,False,False,False,False,False,False,False,False,False,False,False,True,False,False,False
más de 5 meses sin actualizar,0,0,1.0,0,0,,no indicado,planta 3ª exterior,0,0,38183201,0,1,Segovia,Distrito Centro," , Distrito Centro , Segovia , Área de Segovia, Segovia ",,"Área de Segovia, Segovia",73,,2019-04-13,120000,0,1.0,0,0,1,False,False,True,False,False,False,False,False,False,False,False,False,False,False,False,False,False,False,False,False,False,False,False,False,False,False,False,False,False,False
más de 5 meses sin actualizar,0,0,3.0,0,0,,no indicado,planta 1ª exterior,1,0,398879,0,1,Segovia,Distrito Sector Plaza de Toros," sector plaza de Toros, 8 , Distrito Sector Plaza de Toros , Segovia , Área de Segovia, Segovia ","sector plaza de Toros, 8","Área de Segovia, Segovia",139,,2019-04-13,340000,0,3.0,1,0,0,False,False,True,False,False,False,False,False,False,False,False,False,False,False,False,False,False,False,False,False,False,False,False,False,False,False,False,False,False,False
más de 5 meses sin actualizar,0,0,2.0,1,0,,no indicado,planta 3ª exterior,0,0,33063911,0,1,Segovia,Distrito Ezequiel González - Cde. Sepulveda," Paseo conde de sepúlveda, 19 , Urb. no , Distrito Ezequiel González - Cde. Sepulveda , Segovia , Área de Segovia, Segovia ",Urb. no,"Área de Segovia, Segovia",150,130,2019-04-13,400000,0,3.0,0,0,1,False,False,True,False,False,False,False,False,False,False,False,False,False,False,False,False,False,False,False,False,False,False,False,False,False,False,False,False,False,False
más de 5 meses sin actualizar,0,0,1.0,1,0,2006,en trámite,planta 3ª exterior,1,0,39992154,0,1,Segovia,Distrito El Cerro - Crtra. San Rafael," Carretera de villacastín, 56 A , Distrito El Cerro - Crtra. San Rafael , Segovia , Área de Segovia, Segovia ","Carretera de villacastín, 56 A","Área de Segovia, Segovia",60,50,2019-04-13,168000,0,2.0,1,1,1,False,False,True,False,False,False,False,False,False,False,False,False,False,False,True,False,False,False,False,False,False,False,False,False,False,False,False,False,False,False
más de 5 meses sin actualizar,0,0,2.0,1,0,,no indicado,2 plantas,1,0,81467529,2,,Segovia,Distrito Centro," Calle Carmen, 40004 , Distrito Centro , Segovia , Área de Segovia, Segovia ","Calle Carmen, 40004","Área de Segovia, Segovia",250,230,2019-04-13,279000,0,5.0,0,0,1,False,False,False,True,False,False,False,False,False,False,False,False,False,False,False,False,False,False,False,False,False,False,False,False,False,False,False,False,False,False
más de 5 meses sin actualizar,0,0,1.0,1,0,,no indicado,bajo exterior,0,0,26459998,0,0,Segovia,Distrito Centro," Calle Bajada de la Canaleja, 2 , Distrito Centro , Segovia , Área de Segovia, Segovia ","Calle Bajada de la Canaleja, 2","Área de Segovia, Segovia",55,45,2019-04-13,80000,0,1.0,0,0,0,False,False,True,False,False,False,False,False,False,False,False,False,False,False,False,False,False,False,True,False,False,False,False,False,False,False,False,False,False,False
más de 5 meses sin actualizar,0,0,2.0,1,0,,en trámite,planta 2ª exterior,1,1,37676962,0,0,Segovia,Distrito Ezequiel González - Cde. Sepulveda," Calle Teófilo Ayuso, 2 , Distrito Ezequiel González - Cde. Sepulveda , Segovia , Área de Segovia, Segovia ","Calle Teófilo Ayuso, 2","Área de Segovia, Segovia",120,,2019-04-13,175000,0,4.0,1,0,1,False,False,False,True,False,False,False,False,False,False,False,False,False,False,False,False,False,False,False,False,False,False,False,False,False,False,False,False,False,False
más de 5 meses sin actualizar,0,0,1.0,0,0,,no indicado,planta 3ª exterior,0,0,38513845,0,0,Segovia,Distrito El Carmen," Calle Alfonso VI, 83 , Distrito El Carmen , Segovia , Área de Segovia, Segovia ","Calle Alfonso VI, 83","Área de Segovia, Segovia",75,,2019-04-13,70000,0,2.0,0,0,1,False,False,True,False,False,False,False,False,False,False,False,False,False,False,False,False,False,False,False,False,False,False,False,False,False,False,False,False,False,False
más de 5 meses sin actualizar,0,0,1.0,0,0,,,planta 1ª exterior,0,0,40066247,0,0,Segovia,Distrito S.Lorenzo - S.Marcos," Plaza de San Lorenzo, 1 , Distrito S.Lorenzo - S.Marcos , Segovia , Área de Segovia, Segovia ","Plaza de San Lorenzo, 1","Área de Segovia, Segovia",75,,2019-04-13,120000,0,3.0,0,0,0,False,False,True,False,False,False,False,False,False,False,False,False,False,False,False,False,False,False,False,False,False,False,False,False,False,False,False,False,False,False
más de 5 meses sin actualizar,0,0,1.0,0,0,,no indicado,planta 3ª exterior,0,0,81685306,0,0,Segovia,Distrito El Cerro - Crtra. San Rafael," Calle los Cotos, 3 , Distrito El Cerro - Crtra. San Rafael , Segovia , Área de Segovia, Segovia ","Calle los Cotos, 3","Área de Segovia, Segovia",80,,2019-04-13,85000,0,4.0,0,0,0,False,False,True,False,False,False,False,False,False,False,False,False,False,False,False,False,False,False,False,False,False,False,False,False,False,False,False,False,False,False
más de 5 meses sin actualizar,0,0,3.0,1,0,,,planta 1ª exterior,0,0,38377916,0,1,Segovia,Distrito Plaza Mayor - S.Agustín," Calle Juan Bravo, 25 , Distrito Plaza Mayor - S.Agustín , Segovia , Área de Segovia, Segovia ","Calle Juan Bravo, 25","Área de Segovia, Segovia",144,,2019-04-13,315000,0,3.0,0,0,0,False,False,True,False,False,False,False,False,False,False,False,False,False,False,False,False,False,False,False,False,False,False,False,False,False,False,True,False,False,False
más de 5 meses sin actualizar,0,0,1.0,0,0,,no indicado,planta 4ª exterior,0,0,39784202,0,1,Segovia,Distrito José Zorrilla - Padre Claret," Calle de Jose Zorrilla, 93 , Distrito José Zorrilla - Padre Claret , Segovia , Área de Segovia, Segovia ","Calle de Jose Zorrilla, 93","Área de Segovia, Segovia",95,,2019-04-13,190000,0,3.0,0,0,1,False,False,True,False,False,False,False,False,False,False,False,False,False,False,False,False,False,False,False,False,False,False,False,False,True,False,False,False,False,False
más de 5 meses sin actualizar,0,0,2.0,1,0,,no indicado,planta 2ª exterior,1,0,81569794,0,1,Segovia,Distrito José Zorrilla - Padre Claret," Calle de Jose Zorrilla, 87 , Distrito José Zorrilla - Padre Claret , Segovia , Área de Segovia, Segovia ","Calle de Jose Zorrilla, 87","Área de Segovia, Segovia",194,,2019-04-13,349000,0,4.0,0,0,1,False,False,True,False,False,False,False,False,False,False,False,False,False,False,False,False,False,False,False,False,False,False,False,False,False,False,False,False,False,False
más de 5 meses sin actualizar,0,0,1.0,1,0,,inmueble exento,planta 3ª interior,0,0,29809595,0,0,Segovia,Distrito José Zorrilla - Padre Claret," Calle Cantarranas, 13 , Distrito José Zorrilla - Padre Claret , Segovia , Área de Segovia, Segovia ","Calle Cantarranas, 13","Área de Segovia, Segovia",86,75,2019-04-13,156000,0,3.0,0,0,1,False,False,True,False,False,False,False,False,False,False,False,False,False,False,False,False,False,False,False,False,False,False,False,False,False,False,False,False,False,False
más de 5 meses sin actualizar,0,0,2.0,0,0,,no indicado,3 plantas,0,0,81261087,2,,Segovia,Distrito El Carmen," Calle Santa Teresa de Jesús, 40004 , Distrito El Carmen , Segovia , Área de Segovia, Segovia ","Calle Santa Teresa de Jesús, 40004","Área de Segovia, Segovia",280,,2019-04-13,325000,0,6.0,0,0,1,False,False,True,False,False,False,False,False,False,False,False,False,False,False,False,False,False,False,False,False,False,False,False,False,False,False,False,False,False,False
más de 5 meses sin actualizar,0,0,2.0,1,0,,no indicado,planta 1ª exterior,0,0,26727116,0,1,Segovia,Distrito Centro," Plaza del Corpus, 7 , Distrito Centro , Segovia , Área de Segovia, Segovia ","Plaza del Corpus, 7","Área de Segovia, Segovia",97,90,2019-04-13,275000,0,3.0,0,0,0,False,False,True,False,False,False,False,False,False,False,False,False,False,False,False,False,False,False,False,False,False,False,False,False,False,False,True,False,False,False
más de 5 meses sin actualizar,0,0,3.0,0,0,,no indicado,3 plantas,0,0,1796692,4,,Segovia,Distrito Centro," Calle Santo Domingo de Silos, 15 , Distrito Centro , Segovia , Área de Segovia, Segovia ","Calle Santo Domingo de Silos, 15","Área de Segovia, Segovia",145,180,2019-04-13,450000,0,3.0,0,0,0,False,False,True,False,False,False,False,False,False,False,False,False,False,False,False,False,False,False,True,False,False,False,False,False,False,False,False,False,False,False
Anuncio actualizado el 24 de febrero,0,0,1.0,1,0,1997,no indicado,planta 2ª exterior,0,0,421384,12,1,Segovia,Distrito Centro," Calle San Francisco, 15 , Distrito Centro , Segovia , Área de Segovia, Segovia ","Calle San Francisco, 15","Área de Segovia, Segovia",110,,2019-04-13,135000,0,0.0,0,0,0,False,False,True,False,False,False,False,False,False,False,False,False,False,False,False,False,False,False,False,False,False,False,False,False,False,False,False,False,False,False
Anuncio actualizado el 6 de abril,0,0,1.0,1,0,,no indicado,planta 3ª exterior,0,0,83772790,0,1,Segovia,Distrito Centro," Calle Soldado Español, 22 , Distrito Centro , Segovia , Área de Segovia, Segovia ","Calle Soldado Español, 22","Área de Segovia, Segovia",96,,2019-04-13,110000,0,3.0,1,0,1,False,False,False,True,False,False,False,False,False,False,False,False,False,False,False,False,False,False,False,False,False,False,False,False,False,False,False,False,False,False
Anuncio actualizado el 27 de febrero,0,0,1.0,0,0,,,bajo exterior,0,1,84450089,0,1,Segovia,Distrito El Carmen," Plaza Zamora, 1 , Distrito El Carmen , Segovia , Área de Segovia, Segovia ","Plaza Zamora, 1","Área de Segovia, Segovia",70,,2019-04-13,90000,0,3.0,0,0,0,False,False,True,False,False,False,False,False,False,False,False,False,False,False,False,False,False,False,False,False,False,False,False,False,True,False,False,False,False,False
Anuncio actualizado el 17 de marzo,0,0,3.0,1,0,,no indicado,4 plantas,1,0,25222457,4,,Segovia,Distrito S.Lorenzo - S.Marcos," Calle de San Cristóbal, 18 , Distrito S.Lorenzo - S.Marcos , Segovia , Área de Segovia, Segovia ","Calle de San Cristóbal, 18","Área de Segovia, Segovia",100,,2019-04-13,254000,0,2.0,0,0,1,False,False,True,False,False,False,False,False,False,False,False,False,False,False,False,False,False,False,False,False,False,False,False,False,False,False,False,False,False,False
Anuncio actualizado el 7 de abril,0,0,1.0,0,0,,no indicado,1 planta,1,0,82486370,2,,Segovia,Distrito El Carmen," Calle Santa Bárbara, 24 , Distrito El Carmen , Segovia , Área de Segovia, Segovia ","Calle Santa Bárbara, 24","Área de Segovia, Segovia",155,,2019-04-13,250000,0,3.0,0,0,1,False,False,True,False,False,False,False,False,False,False,False,False,False,False,False,False,False,False,False,False,False,False,False,False,False,False,False,False,False,False
Anuncio actualizado el 19 de noviembre,0,0,2.0,0,0,,no indicado,planta 1ª exterior,0,0,83196824,0,0,Segovia,Distrito S.Lorenzo - S.Marcos," Plaza la Castellana, 5 , Distrito S.Lorenzo - S.Marcos , Segovia , Área de Segovia, Segovia ","Plaza la Castellana, 5","Área de Segovia, Segovia",110,,2019-04-13,175000,0,4.0,0,0,0,False,False,True,False,False,False,False,False,False,False,False,False,False,False,False,False,False,False,False,False,False,False,False,False,False,False,False,False,False,False
Anuncio actualizado el 18 de febrero,0,0,2.0,0,0,,,planta 3ª,1,0,33142872,8,1,Segovia,Distrito El Cerro - Crtra. San Rafael," Carretera de villacastín, 52 , Urb. 36277-0001 , Distrito El Cerro - Crtra. San Rafael , Segovia , Área de Segovia, Segovia ",Urb. 36277-0001,"Área de Segovia, Segovia",110,,2019-04-13,137900,0,3.0,1,0,0,False,False,False,False,False,False,False,False,False,False,False,False,False,False,False,False,False,False,False,False,False,False,False,False,False,False,False,False,False,False
Anuncio actualizado el 21 de marzo,0,0,1.0,0,0,,no indicado,planta 1ª exterior,0,0,84086504,0,0,Segovia,Distrito Centro," Calle de Jose Zorrilla, 14 , Distrito Centro , Segovia , Área de Segovia, Segovia ","Calle de Jose Zorrilla, 14","Área de Segovia, Segovia",70,,2019-04-13,85000,0,0.0,0,0,0,False,False,False,True,False,False,False,False,False,False,False,False,False,False,False,False,False,False,False,False,False,False,False,False,False,False,False,False,False,False
Anuncio actualizado el 27 de septiembre,0,0,1.0,0,0,,en trámite,planta 3ª,0,0,82013286,8,1,Segovia,Distrito Centro," Calle de San Francisco , Distrito Centro , Segovia , Área de Segovia, Segovia ",Calle de San Francisco,"Área de Segovia, Segovia",90,80,2019-04-13,195000,0,3.0,1,0,0,False,False,True,False,False,False,False,False,False,False,False,False,False,False,False,False,False,False,False,False,False,False,False,False,False,False,False,False,False,False
Anuncio actualizado el 10 de abril,0,1,1.0,0,0,,en trámite,planta 4ª,0,0,32240407,0,,Segovia,Distrito Sector Plaza de Toros," , Distrito Sector Plaza de Toros , Segovia , Área de Segovia, Segovia ",,"Área de Segovia, Segovia",80,69,2019-04-13,60000,0,3.0,0,0,0,False,False,True,False,False,False,False,True,False,False,False,False,False,False,False,False,False,False,False,False,False,False,False,False,False,False,False,False,False,False
Anuncio actualizado el 10 de abril,0,0,1.0,0,0,,en trámite,bajo,0,0,84117137,0,1,Segovia,Distrito Sector Plaza de Toros," , Distrito Sector Plaza de Toros , Segovia , Área de Segovia, Segovia ",,"Área de Segovia, Segovia",72,62,2019-04-13,48000,0,2.0,1,0,0,False,False,False,True,False,False,False,False,False,False,False,False,False,False,False,False,False,False,False,False,False,False,False,False,False,False,False,False,False,False
Anuncio actualizado el 10 de abril,0,0,1.0,0,0,,en trámite,,0,0,82520999,4,,Segovia,Distrito El Carmen," , Distrito El Carmen , Segovia , Área de Segovia, Segovia ",,"Área de Segovia, Segovia",146,,2019-04-13,125000,0,3.0,1,0,0,False,False,False,True,False,False,False,False,True,False,False,False,False,False,False,False,False,False,False,False,False,False,False,False,False,False,False,False,False,False
Anuncio actualizado el 22 de noviembre,0,0,1.0,1,0,,,bajo exterior,0,0,36350766,0,0,Segovia,Distrito Plaza Mayor - S.Agustín," , Distrito Plaza Mayor - S.Agustín , Segovia , Área de Segovia, Segovia ",,"Área de Segovia, Segovia",92,,2019-04-13,104000,0,3.0,1,0,0,False,False,False,True,False,False,False,False,False,False,False,False,False,False,False,False,False,False,False,False,False,False,False,False,False,False,True,False,False,False
Anuncio actualizado el 21 de febrero,0,0,1.0,0,0,,no indicado,2 plantas,0,0,1064466,2,,Segovia,Distrito Vía Roma," , Distrito Vía Roma , Segovia , Área de Segovia, Segovia ",,"Área de Segovia, Segovia",200,,2019-04-13,200000,0,2.0,0,0,0,False,False,False,True,False,False,False,False,False,False,False,False,False,False,False,False,False,False,False,False,False,False,False,False,False,False,True,False,False,False
Anuncio actualizado el 31 de enero,0,0,1.0,0,0,,en trámite,planta 4ª exterior,0,0,36268115,0,0,Segovia,Distrito El Cerro - Crtra. San Rafael," , Distrito El Cerro - Crtra. San Rafael , Segovia , Área de Segovia, Segovia ",,"Área de Segovia, Segovia",77,,2019-04-13,68281,0,3.0,0,0,0,False,False,True,False,False,False,False,False,False,False,False,False,False,False,False,False,False,False,False,False,False,False,False,False,False,False,False,False,False,False
Anuncio actualizado el 21 de marzo,0,0,1.0,0,0,1949,no indicado,planta 1ª exterior,0,0,84751930,0,0,Segovia,Distrito José Zorrilla - Padre Claret," , Distrito José Zorrilla - Padre Claret , Segovia , Área de Segovia, Segovia ",,"Área de Segovia, Segovia",73,60,2019-04-13,70000,0,3.0,1,0,0,False,False,False,True,False,False,False,False,False,False,False,False,False,False,True,False,False,False,False,False,False,False,False,False,False,False,False,False,False,False
Anuncio actualizado el 8 de enero,0,0,1.0,0,0,,no indicado,planta 3ª exterior,0,0,83654735,0,0,Segovia,Distrito Centro," , Distrito Centro , Segovia , Área de Segovia, Segovia ",,"Área de Segovia, Segovia",74,,2019-04-13,85000,0,3.0,1,0,0,False,False,True,False,False,False,False,False,False,False,False,False,False,False,False,False,False,False,False,False,False,False,False,False,False,False,False,False,False,False
Anuncio actualizado el 29 de marzo,0,0,1.0,0,0,,no indicado,bajo,0,0,84589646,0,0,Segovia,Distrito Centro," , Distrito Centro , Segovia , Área de Segovia, Segovia ",,"Área de Segovia, Segovia",344,,2019-04-13,370000,0,1.0,0,0,0,False,False,False,True,False,False,False,False,False,False,False,False,False,False,False,False,False,False,False,False,False,False,False,False,False,False,False,False,False,False
Anuncio actualizado el 2 de marzo,0,0,2.0,1,0,1987,no indicado,planta 1ª exterior,1,0,35501258,0,1,Segovia,Distrito Ezequiel González - Cde. Sepulveda," , Distrito Ezequiel González - Cde. Sepulveda , Segovia , Área de Segovia, Segovia ",,"Área de Segovia, Segovia",150,120,2019-04-13,240000,0,4.0,0,0,1,False,False,True,False,False,False,False,False,False,False,False,False,False,False,False,False,False,False,False,False,False,False,False,False,False,False,True,False,False,False
Anuncio actualizado el 8 de abril,0,0,1.0,0,0,,en trámite,planta 1ª exterior,0,0,37308961,0,0,Segovia,Distrito Centro," , Distrito Centro , Segovia , Área de Segovia, Segovia ",,"Área de Segovia, Segovia",36,,2019-04-13,99000,0,1.0,0,0,0,False,False,True,False,False,False,False,False,False,False,False,False,False,False,False,False,False,False,False,False,False,False,False,False,False,False,False,False,False,False
Anuncio actualizado el 10 de abril,0,0,1.0,0,0,,en trámite,,0,0,37469657,4,,Segovia,Distrito S.Lorenzo - S.Marcos," , Distrito S.Lorenzo - S.Marcos , Segovia , Área de Segovia, Segovia ",,"Área de Segovia, Segovia",126,,2019-04-13,180000,0,3.0,1,0,0,False,False,False,True,False,False,False,True,False,False,False,False,False,False,False,False,False,False,False,False,False,False,False,False,False,False,False,False,False,False
Anuncio actualizado el 10 de abril,0,0,1.0,0,0,,,planta 1ª,0,0,34051702,0,,Segovia,Distrito Centro," , Distrito Centro , Segovia , Área de Segovia, Segovia ",,"Área de Segovia, Segovia",90,,2019-04-13,197000,0,4.0,0,0,1,False,False,True,False,True,False,False,False,False,False,False,False,False,False,False,False,False,False,False,False,False,False,False,False,False,False,False,False,False,False
Anuncio actualizado el 29 de enero,0,0,2.0,0,0,1940,no indicado,,0,0,37356221,7,,Segovia,Distrito S.Lorenzo - S.Marcos," , Distrito S.Lorenzo - S.Marcos , Segovia , Área de Segovia, Segovia ",,"Área de Segovia, Segovia",141,120,2019-04-13,130000,0,4.0,1,0,1,False,False,False,True,False,False,False,False,False,False,False,False,False,False,False,False,False,True,False,False,False,False,False,False,False,False,False,False,False,False
Anuncio actualizado el 23 de marzo,0,0,1.0,0,0,1982,no indicado,bajo interior,0,0,38956278,0,1,Segovia,Distrito Centro," , Distrito Centro , Segovia , Área de Segovia, Segovia ",,"Área de Segovia, Segovia",56,41,2019-04-13,120000,1,1.0,0,0,0,False,False,True,False,False,False,False,False,False,False,False,False,False,False,False,False,False,False,False,False,True,False,False,False,False,False,False,False,False,False
Anuncio actualizado el 1 de febrero,0,1,1.0,0,0,1990,no indicado,planta 4ª exterior,1,0,34947596,0,1,Segovia,Distrito Vía Roma," , Distrito Vía Roma , Segovia , Área de Segovia, Segovia ",,"Área de Segovia, Segovia",64,,2019-04-13,99000,0,2.0,0,0,0,False,False,True,False,False,False,False,False,False,False,False,False,False,False,False,False,False,False,False,False,False,False,False,False,False,False,False,False,False,False
Anuncio actualizado el 29 de enero,0,0,1.0,0,0,1972,,planta 3ª,0,0,40001705,0,1,Segovia,Distrito José Zorrilla - Padre Claret," , Distrito José Zorrilla - Padre Claret , Segovia , Área de Segovia, Segovia ",,"Área de Segovia, Segovia",95,,2019-04-13,100000,0,3.0,0,0,0,False,False,False,False,False,False,False,False,False,False,False,False,False,False,False,False,False,False,False,False,False,False,False,False,False,False,False,False,False,False
Anuncio actualizado el 1 de abril,0,0,2.0,0,0,,no indicado,planta 3ª,0,0,40378808,0,0,Segovia,Distrito Centro," , Distrito Centro , Segovia , Área de Segovia, Segovia ",,"Área de Segovia, Segovia",203,190,2019-04-13,350000,0,3.0,0,0,1,False,False,True,False,False,False,False,False,False,False,False,False,False,False,False,False,False,False,False,False,False,False,False,False,False,False,False,False,False,False
Anuncio actualizado el 31 de marzo,0,0,1.0,0,0,,,planta 4ª,1,0,83776338,0,1,Segovia,Distrito Ezequiel González - Cde. Sepulveda," , Distrito Ezequiel González - Cde. Sepulveda , Segovia , Área de Segovia, Segovia ",,"Área de Segovia, Segovia",85,70,2019-04-13,135000,0,3.0,1,0,0,False,False,True,False,False,False,False,False,False,False,False,False,False,False,False,False,False,False,False,False,False,False,False,False,False,False,False,False,False,False
Anuncio actualizado el 10 de abril,0,0,1.0,0,0,,en trámite,planta 3ª,0,0,84447829,0,,Segovia,Distrito El Carmen," , Distrito El Carmen , Segovia , Área de Segovia, Segovia ",,"Área de Segovia, Segovia",80,70,2019-04-13,68000,0,3.0,0,0,1,False,False,False,True,False,False,False,False,False,False,False,False,False,False,False,False,False,False,False,False,False,False,False,False,False,False,False,False,False,False
Anuncio actualizado el 27 de febrero,0,0,2.0,0,0,,no indicado,planta 2ª,0,0,39612762,0,1,Segovia,Distrito José Zorrilla - Padre Claret," , Distrito José Zorrilla - Padre Claret , Segovia , Área de Segovia, Segovia ",,"Área de Segovia, Segovia",120,94,2019-04-13,148000,0,4.0,0,0,0,False,False,True,False,False,False,False,False,False,False,False,False,False,False,False,False,False,False,False,False,False,False,False,False,False,False,False,False,False,False
Anuncio actualizado el 11 de marzo,0,0,2.0,1,0,,no indicado,planta 1ª exterior,1,1,25863357,0,1,Segovia,Distrito Sector Plaza de Toros," Ramón Gómez de la Serna, 19 , Distrito Sector Plaza de Toros , Segovia , Área de Segovia, Segovia ","Ramón Gómez de la Serna, 19","Área de Segovia, Segovia",94,78,2019-04-13,200000,0,3.0,1,0,1,False,False,True,False,False,False,False,False,False,False,False,False,False,False,True,False,False,False,False,False,False,False,False,False,False,False,False,False,False,False
Anuncio actualizado el 21 de diciembre,0,0,1.0,1,0,,no indicado,planta 1ª interior,0,0,39347065,0,1,Segovia,Distrito Centro," , Distrito Centro , Segovia , Área de Segovia, Segovia ",,"Área de Segovia, Segovia",80,70,2019-04-13,115000,0,2.0,1,0,0,False,False,True,False,False,False,False,False,False,False,False,False,False,False,False,False,False,False,False,False,False,False,False,False,False,False,False,False,False,False
Anuncio actualizado el 22 de marzo,0,0,2.0,0,0,,no indicado,planta 1ª exterior,0,0,81188778,0,1,Segovia,Distrito Centro," , Distrito Centro , Segovia , Área de Segovia, Segovia ",,"Área de Segovia, Segovia",180,,2019-04-13,400000,0,5.0,0,0,0,False,False,False,True,False,False,False,False,False,False,False,False,False,False,False,False,False,False,False,False,False,False,False,False,False,False,False,False,False,False
Anuncio actualizado el 4 de abril,0,0,2.0,0,0,,en trámite,planta 1ª,1,0,83700018,0,1,Segovia,Distrito Sector Plaza de Toros," , Distrito Sector Plaza de Toros , Segovia , Área de Segovia, Segovia ",,"Área de Segovia, Segovia",99,85,2019-04-13,150000,0,4.0,1,0,0,False,False,False,False,False,False,False,False,False,False,False,False,False,False,False,False,False,False,False,False,False,False,False,False,False,False,False,False,False,False
Anuncio actualizado el 8 de marzo,0,0,1.0,1,0,1978,no indicado,planta 2ª interior,1,0,84190435,0,0,Segovia,Distrito Sector Plaza de Toros," , Distrito Sector Plaza de Toros , Segovia , Área de Segovia, Segovia ",,"Área de Segovia, Segovia",67,,2019-04-13,130000,0,3.0,1,0,0,False,False,True,False,False,False,False,False,False,False,False,False,False,False,False,False,False,False,False,False,False,False,False,False,False,False,False,False,False,False
Anuncio actualizado el 21 de marzo,0,0,2.0,1,0,2002,no indicado,planta 2ª exterior,1,0,84765009,0,0,Segovia,Distrito Plaza Mayor - S.Agustín," , Distrito Plaza Mayor - S.Agustín , Segovia , Área de Segovia, Segovia ",,"Área de Segovia, Segovia",108,95,2019-04-13,240000,0,3.0,1,0,0,False,False,True,False,False,False,False,False,False,False,False,False,False,False,True,False,False,False,False,False,False,False,False,False,False,False,False,False,False,False
Anuncio actualizado el 31 de marzo,0,0,2.0,1,0,,no indicado,planta 3ª exterior,0,0,25377464,0,1,Segovia,Distrito El Carmen," Calle de Alfonso VI, 37 , Distrito El Carmen , Segovia , Área de Segovia, Segovia ","Calle de Alfonso VI, 37","Área de Segovia, Segovia",89,69,2019-04-13,75000,0,4.0,1,0,0,False,False,False,True,False,False,False,False,False,False,False,False,False,False,False,False,False,False,False,False,False,False,False,False,False,False,True,False,False,False
Anuncio actualizado el 28 de febrero,0,0,1.0,0,0,,en trámite,planta 3ª,0,0,39069474,0,,Segovia,Distrito El Carmen," , Distrito El Carmen , Segovia , Área de Segovia, Segovia ",,"Área de Segovia, Segovia",90,72,2019-04-13,69000,0,3.0,0,0,1,False,False,False,True,False,False,False,False,True,False,False,False,False,False,False,False,False,False,False,False,False,False,False,False,False,False,False,False,False,False
Anuncio actualizado el 15 de diciembre,0,0,1.0,0,0,,en trámite,planta 2ª exterior,0,0,39068311,0,,Segovia,Distrito Ezequiel González - Cde. Sepulveda," , Distrito Ezequiel González - Cde. Sepulveda , Segovia , Área de Segovia, Segovia ",,"Área de Segovia, Segovia",60,48,2019-04-13,92000,0,2.0,0,0,0,False,False,False,False,False,False,False,True,False,False,False,False,False,False,False,False,False,False,False,False,False,False,False,False,False,False,False,False,False,False
Anuncio actualizado el 10 de abril,0,0,1.0,1,0,1980,en trámite,planta 4ª exterior,1,0,38492473,0,0,Segovia,Distrito Vía Roma," , Distrito Vía Roma , Segovia , Área de Segovia, Segovia ",,"Área de Segovia, Segovia",115,100,2019-04-13,95000,0,4.0,0,0,1,False,False,True,False,False,False,False,True,False,False,False,False,False,False,False,True,False,False,False,False,False,False,False,False,False,False,False,False,False,False
Anuncio actualizado el 10 de abril,0,0,0.0,0,0,,inmueble exento,,0,0,39635103,7,,Segovia,Distrito S.Lorenzo - S.Marcos," , Distrito S.Lorenzo - S.Marcos , Segovia , Área de Segovia, Segovia ",,"Área de Segovia, Segovia",84,,2019-04-13,75000,0,0.0,0,0,0,False,False,False,True,False,False,False,False,False,False,False,False,False,False,False,False,False,False,False,False,False,False,False,False,False,False,False,False,False,False
Anuncio actualizado el 6 de febrero,0,0,1.0,1,0,1971,en trámite,planta 2ª exterior,0,0,39796142,0,,Segovia,Distrito El Carmen," , Distrito El Carmen , Segovia , Área de Segovia, Segovia ",,"Área de Segovia, Segovia",86,66,2019-04-13,95000,0,3.0,0,0,0,False,False,False,False,False,False,False,True,False,False,False,False,False,False,False,False,False,False,False,False,False,False,False,False,False,False,False,False,False,False
Anuncio actualizado el 23 de octubre,0,0,1.0,1,0,1992,en trámite,planta 2ª exterior,0,0,39893697,8,1,Segovia,Distrito Vía Roma," , Distrito Vía Roma , Segovia , Área de Segovia, Segovia ",,"Área de Segovia, Segovia",113,,2019-04-13,210000,0,3.0,0,0,1,False,False,False,False,True,False,False,False,False,False,False,False,False,False,False,False,False,False,False,False,False,False,False,False,False,False,False,False,False,False
Anuncio actualizado el 7 de abril,0,1,1.0,1,0,,no indicado,planta 4ª exterior,0,0,81961612,0,0,Segovia,Distrito Sector Plaza de Toros," Calle Berlín, 11 , Urb. No , Distrito Sector Plaza de Toros , Segovia , Área de Segovia, Segovia ",Urb. No,"Área de Segovia, Segovia",70,61,2019-04-13,48300,0,3.0,0,0,0,False,False,False,True,False,False,False,False,False,True,False,False,False,False,False,True,False,False,False,False,False,False,False,False,False,False,False,False,False,False
Anuncio actualizado el 22 de enero,0,0,1.0,0,0,,en trámite,planta 3ª,0,0,81964515,0,,Segovia,Distrito S.Lorenzo - S.Marcos," , Distrito S.Lorenzo - S.Marcos , Segovia , Área de Segovia, Segovia ",,"Área de Segovia, Segovia",82,,2019-04-13,70000,0,3.0,0,0,0,False,False,False,False,False,False,False,False,False,False,False,False,False,False,False,False,False,False,False,False,False,False,False,False,False,False,False,False,False,False
Anuncio actualizado el 1 de febrero,0,0,1.0,0,0,,en trámite,planta 1ª exterior,0,0,81533225,0,1,Segovia,Distrito Centro," , Distrito Centro , Segovia , Área de Segovia, Segovia ",,"Área de Segovia, Segovia",65,,2019-04-13,120000,0,1.0,1,0,0,False,False,False,False,False,False,False,True,False,False,False,False,False,False,False,False,False,False,False,False,False,False,False,False,False,False,False,False,False,False
Anuncio actualizado el 28 de enero,0,0,1.0,1,0,,en trámite,planta 1ª,0,0,40201635,0,,Segovia,Distrito Centro," , Distrito Centro , Segovia , Área de Segovia, Segovia ",,"Área de Segovia, Segovia",110,,2019-04-13,99000,0,3.0,0,0,0,False,False,False,False,False,False,False,False,False,False,False,False,False,False,False,False,False,False,False,False,False,False,False,False,False,False,False,False,False,False
Anuncio actualizado el 20 de diciembre,0,0,2.0,0,0,,no indicado,planta 3ª,0,0,83214112,0,0,Segovia,Distrito José Zorrilla - Padre Claret," , Distrito José Zorrilla - Padre Claret , Segovia , Área de Segovia, Segovia ",,"Área de Segovia, Segovia",125,,2019-04-13,280000,0,4.0,0,0,0,False,False,False,False,False,False,False,False,False,False,False,False,False,False,False,False,False,False,False,False,False,False,False,False,False,False,False,False,False,False
Anuncio actualizado el 20 de diciembre,0,0,1.0,0,0,,no indicado,planta 1ª exterior,0,0,83214135,0,0,Segovia,Distrito Plaza Mayor - S.Agustín," , Distrito Plaza Mayor - S.Agustín , Segovia , Área de Segovia, Segovia ",,"Área de Segovia, Segovia",100,,2019-04-13,155000,0,3.0,0,0,1,False,False,False,False,False,False,False,False,False,False,False,False,False,False,False,False,False,False,False,False,False,False,False,False,False,False,False,False,False,False
Anuncio actualizado el 20 de diciembre,0,0,2.0,0,0,,no indicado,planta 2ª exterior,0,0,83214138,0,1,Segovia,Distrito Vía Roma," , Distrito Vía Roma , Segovia , Área de Segovia, Segovia ",,"Área de Segovia, Segovia",118,,2019-04-13,270000,0,4.0,1,0,1,False,False,True,False,False,False,False,False,False,False,False,False,False,False,False,False,False,False,False,False,False,False,False,False,False,False,False,False,False,False
Anuncio actualizado el 25 de marzo,0,0,1.0,0,0,,no indicado,planta 1ª exterior,0,0,83223112,0,1,Segovia,Distrito Sector Plaza de Toros," , Distrito Sector Plaza de Toros , Segovia , Área de Segovia, Segovia ",,"Área de Segovia, Segovia",61,,2019-04-13,85000,0,3.0,1,0,0,False,False,True,False,False,False,False,False,False,False,False,False,False,False,False,False,False,False,False,False,False,False,False,False,False,False,False,False,False,False
Anuncio actualizado el 15 de diciembre,0,0,2.0,0,0,2006,en trámite,planta 1ª exterior,0,0,39068768,0,,Segovia,Distrito Centro," , Distrito Centro , Segovia , Área de Segovia, Segovia ",,"Área de Segovia, Segovia",108,90,2019-04-13,159000,0,3.0,0,0,0,False,False,True,False,False,False,False,False,False,False,False,False,False,False,False,False,False,False,False,False,False,False,False,False,False,False,False,False,False,False
Anuncio actualizado el 28 de enero,0,0,1.0,0,0,,en trámite,planta 1ª,0,0,39069069,0,,Segovia,Distrito Plaza Mayor - S.Agustín," , Distrito Plaza Mayor - S.Agustín , Segovia , Área de Segovia, Segovia ",,"Área de Segovia, Segovia",100,80,2019-04-13,140000,0,3.0,0,0,0,False,False,True,False,False,False,False,False,True,False,False,False,False,False,False,False,False,False,False,False,False,False,False,False,False,False,False,False,False,False
Anuncio actualizado el 5 de febrero,0,0,1.0,0,0,,en trámite,planta 3ª exterior,0,0,82767861,0,0,Segovia,Distrito José Zorrilla - Padre Claret," , Distrito José Zorrilla - Padre Claret , Segovia , Área de Segovia, Segovia ",,"Área de Segovia, Segovia",70,,2019-04-13,73000,0,3.0,1,0,0,False,False,False,True,False,False,False,False,True,False,False,False,False,False,False,False,False,False,False,False,False,False,False,False,False,False,False,False,False,False
Anuncio actualizado el 13 de marzo,0,0,1.0,0,0,,,planta 6ª exterior,0,0,83971879,0,1,Segovia,Distrito El Cerro - Crtra. San Rafael," , Distrito El Cerro - Crtra. San Rafael , Segovia , Área de Segovia, Segovia ",,"Área de Segovia, Segovia",115,,2019-04-13,107000,0,3.0,0,0,1,False,False,False,False,False,False,False,False,False,False,False,False,False,False,False,False,False,False,False,False,False,False,False,False,False,False,False,False,False,False
Anuncio actualizado el 10 de abril,0,0,1.0,0,0,,en trámite,planta 2ª,0,0,84410927,0,,Segovia,Distrito José Zorrilla - Padre Claret," , Distrito José Zorrilla - Padre Claret , Segovia , Área de Segovia, Segovia ",,"Área de Segovia, Segovia",65,50,2019-04-13,115000,0,3.0,1,0,0,False,False,True,False,False,False,False,False,False,False,False,False,False,False,False,False,False,False,False,False,False,False,False,False,False,False,False,False,False,False
Anuncio actualizado el 9 de abril,0,0,1.0,1,0,,no indicado,bajo exterior,0,0,1607399,0,0,Segovia,Distrito Plaza Mayor - S.Agustín," Plaza San Nicolas, 2 , Distrito Plaza Mayor - S.Agustín , Segovia , Área de Segovia, Segovia ","Plaza San Nicolas, 2","Área de Segovia, Segovia",85,65,2019-04-13,89000,0,3.0,1,0,1,False,False,False,True,False,False,False,False,False,False,False,False,False,False,False,False,False,False,False,False,False,False,False,False,False,False,False,False,False,False
Anuncio actualizado el 7 de abril,0,0,1.0,1,0,,no indicado,bajo exterior,0,0,26492271,0,0,Segovia,Distrito Sector Plaza de Toros," Plaza Mester de Clerecía, 2 , Distrito Sector Plaza de Toros , Segovia , Área de Segovia, Segovia ","Plaza Mester de Clerecía, 2","Área de Segovia, Segovia",70,62,2019-04-13,100000,0,3.0,0,0,0,False,False,True,False,False,False,False,False,False,False,False,False,False,False,False,False,False,False,False,False,False,False,False,False,False,False,False,False,False,False
Anuncio actualizado el 16 de marzo,0,0,1.0,1,0,,no indicado,planta 3ª exterior,1,1,337857,0,1,Segovia,Distrito El Cerro - Crtra. San Rafael," Carretera Villacastin, 56 , Distrito El Cerro - Crtra. San Rafael , Segovia , Área de Segovia, Segovia ","Carretera Villacastin, 56","Área de Segovia, Segovia",55,,2019-04-13,205000,0,2.0,1,1,1,False,False,True,False,False,False,False,False,False,False,False,False,False,False,False,False,False,False,False,False,False,False,False,False,False,False,False,False,False,False
Anuncio actualizado el 16 de diciembre,0,0,1.0,0,0,,en trámite,planta 2ª interior,0,0,35694965,0,0,Segovia,Distrito S.Lorenzo - S.Marcos," Calle de las Nieves, 24 , Distrito S.Lorenzo - S.Marcos , Segovia , Área de Segovia, Segovia ","Calle de las Nieves, 24","Área de Segovia, Segovia",80,,2019-04-13,75000,0,3.0,0,0,1,False,False,True,False,False,False,False,False,False,False,False,False,False,False,False,False,False,False,False,False,False,False,False,False,False,False,False,False,False,False
Anuncio actualizado el 5 de febrero,0,0,1.0,1,0,,en trámite,planta 5ª exterior,0,1,27662016,6,1,Segovia,Distrito Vía Roma," Calle Riaza, 4 , Urb. JARDIN DEL ERESMA , Distrito Vía Roma , Segovia , Área de Segovia, Segovia ",Urb. JARDIN DEL ERESMA,"Área de Segovia, Segovia",70,60,2019-04-13,110000,0,2.0,1,0,1,False,False,True,False,False,False,False,False,False,False,False,False,False,False,False,False,False,False,False,False,False,False,False,False,False,False,False,True,False,False
Anuncio actualizado el 7 de abril,0,0,3.0,1,0,,en trámite,2 plantas,1,0,38867115,2,,Segovia,Distrito Plaza Mayor - S.Agustín," Ronda de Don Juan II, 1 , Distrito Plaza Mayor - S.Agustín , Segovia , Área de Segovia, Segovia ","Ronda de Don Juan II, 1","Área de Segovia, Segovia",440,,2019-04-13,800000,0,3.0,0,0,1,False,False,True,False,False,False,False,False,False,False,False,False,False,False,False,False,False,False,False,False,False,False,False,False,False,False,False,False,False,False
Anuncio actualizado el 27 de noviembre,0,0,1.0,0,0,,no indicado,1 planta,0,0,39022707,2,,Segovia,Distrito El Cerro - Crtra. San Rafael," Calle Espliego, 4 , Distrito El Cerro - Crtra. San Rafael , Segovia , Área de Segovia, Segovia ","Calle Espliego, 4","Área de Segovia, Segovia",82,,2019-04-13,70000,0,4.0,1,0,0,False,False,False,True,False,False,False,False,False,False,False,False,False,False,False,False,False,False,False,False,False,False,False,False,False,False,False,False,False,False
Anuncio actualizado el 25 de marzo,0,0,1.0,1,0,,no indicado,planta 1ª exterior,1,0,81974451,0,0,Segovia,Distrito S.Lorenzo - S.Marcos," Calle Corta, 8 , Distrito S.Lorenzo - S.Marcos , Segovia , Área de Segovia, Segovia ","Calle Corta, 8","Área de Segovia, Segovia",94,88,2019-04-13,105000,0,3.0,1,0,0,False,False,True,False,False,False,False,False,False,False,False,False,False,False,False,False,False,False,False,False,False,False,False,False,False,False,True,False,False,False
Anuncio actualizado el 25 de febrero,0,1,1.0,1,0,,no indicado,planta 5ª exterior,1,1,82140327,0,1,Segovia,Distrito El Carmen," Calle guadalajara, 8 n , Distrito El Carmen , Segovia , Área de Segovia, Segovia ","Calle guadalajara, 8 n","Área de Segovia, Segovia",80,,2019-04-13,159500,0,3.0,0,0,1,False,False,True,False,False,True,False,False,False,False,False,False,False,False,False,False,False,False,False,False,False,False,False,False,False,False,False,False,False,False
Anuncio actualizado el 11 de febrero,0,0,1.0,0,0,1982,en trámite,planta 1ª exterior,0,1,82516555,0,0,Segovia,Distrito Sector Plaza de Toros," Plaza Mester de Clerecía, 1 , Distrito Sector Plaza de Toros , Segovia , Área de Segovia, Segovia ","Plaza Mester de Clerecía, 1","Área de Segovia, Segovia",70,60,2019-04-13,80000,0,2.0,0,0,0,False,False,True,False,False,False,False,True,False,False,False,False,False,False,False,False,True,False,False,False,False,False,False,False,False,False,False,False,False,False
Anuncio actualizado el 10 de marzo,0,0,1.0,0,0,,en trámite,planta 2ª exterior,0,1,82520258,0,0,Segovia,Distrito Sector Plaza de Toros," Carretera de Valdevilla, 5 , Distrito Sector Plaza de Toros , Segovia , Área de Segovia, Segovia ","Carretera de Valdevilla, 5","Área de Segovia, Segovia",48,41,2019-04-13,67000,0,2.0,0,0,0,False,False,True,False,False,False,False,False,False,False,False,False,False,False,False,False,False,False,False,False,False,False,False,False,False,False,False,False,False,False
Anuncio actualizado el 12 de abril,0,0,2.0,0,0,,en trámite,,1,0,82863946,0,1,Segovia,Distrito Sector Plaza de Toros," , Distrito Sector Plaza de Toros , Segovia , Área de Segovia, Segovia ",,"Área de Segovia, Segovia",116,87,2019-04-13,214000,0,3.0,1,0,0,False,True,False,False,False,False,False,False,False,False,False,False,False,False,False,False,False,False,False,False,False,False,False,False,False,False,False,False,False,False
Anuncio actualizado el 12 de abril,0,0,2.0,0,0,,en trámite,,1,0,82863948,0,1,Segovia,Distrito Sector Plaza de Toros," , Distrito Sector Plaza de Toros , Segovia , Área de Segovia, Segovia ",,"Área de Segovia, Segovia",116,87,2019-04-13,208000,0,3.0,1,0,0,False,True,False,False,False,False,False,False,False,False,False,False,False,False,False,False,False,False,False,False,False,False,False,False,False,False,False,False,False,False
Anuncio actualizado el 12 de abril,0,0,2.0,0,0,,en trámite,,1,0,82863949,0,1,Segovia,Distrito Sector Plaza de Toros," , Distrito Sector Plaza de Toros , Segovia , Área de Segovia, Segovia ",,"Área de Segovia, Segovia",116,87,2019-04-13,209000,0,3.0,1,0,0,False,True,False,False,False,False,False,False,False,False,False,False,False,False,False,False,False,False,False,False,False,False,False,False,False,False,False,False,False,False
Anuncio actualizado el 12 de abril,0,0,2.0,0,0,,en trámite,,0,0,82863950,0,1,Segovia,Distrito Sector Plaza de Toros," , Distrito Sector Plaza de Toros , Segovia , Área de Segovia, Segovia ",,"Área de Segovia, Segovia",116,87,2019-04-13,205000,0,3.0,1,0,0,False,True,False,False,False,False,False,False,False,False,False,False,False,False,False,False,False,False,False,False,False,False,False,False,False,False,False,False,False,False
Anuncio actualizado el 12 de abril,0,0,2.0,0,0,,en trámite,,1,0,82863951,0,1,Segovia,Distrito Sector Plaza de Toros," , Distrito Sector Plaza de Toros , Segovia , Área de Segovia, Segovia ",,"Área de Segovia, Segovia",116,87,2019-04-13,200000,0,3.0,1,0,0,False,True,False,False,False,False,False,False,False,False,False,False,False,False,False,False,False,False,False,False,False,False,False,False,False,False,False,False,False,False
Anuncio actualizado el 12 de abril,0,0,2.0,0,0,,en trámite,,1,0,82863952,0,1,Segovia,Distrito Sector Plaza de Toros," , Distrito Sector Plaza de Toros , Segovia , Área de Segovia, Segovia ",,"Área de Segovia, Segovia",119,89,2019-04-13,213000,0,3.0,1,0,0,False,True,False,False,False,False,False,False,False,False,False,False,False,False,False,False,False,False,False,False,False,False,False,False,False,False,False,False,False,False
Anuncio actualizado el 12 de abril,0,0,2.0,0,0,,en trámite,,1,0,82863953,0,1,Segovia,Distrito Sector Plaza de Toros," , Distrito Sector Plaza de Toros , Segovia , Área de Segovia, Segovia ",,"Área de Segovia, Segovia",123,92,2019-04-13,227000,0,3.0,1,0,0,False,True,False,False,False,False,False,False,False,False,False,False,False,False,False,False,False,False,False,False,False,False,False,False,False,False,False,False,False,False
Anuncio actualizado el 12 de abril,0,0,2.0,0,0,,en trámite,,1,0,82863954,0,1,Segovia,Distrito Sector Plaza de Toros," , Distrito Sector Plaza de Toros , Segovia , Área de Segovia, Segovia ",,"Área de Segovia, Segovia",125,94,2019-04-13,220000,0,3.0,1,0,0,False,True,False,False,False,False,False,False,False,False,False,False,False,False,False,False,False,False,False,False,False,False,False,False,False,False,False,False,False,False
Anuncio actualizado el 12 de abril,0,0,2.0,0,0,,en trámite,,1,0,82863955,0,1,Segovia,Distrito Sector Plaza de Toros," , Distrito Sector Plaza de Toros , Segovia , Área de Segovia, Segovia ",,"Área de Segovia, Segovia",119,90,2019-04-13,210000,0,3.0,1,0,0,False,True,False,False,False,False,False,False,False,False,False,False,False,False,False,False,False,False,False,False,False,False,False,False,False,False,False,False,False,False
Anuncio actualizado el 12 de abril,0,0,2.0,0,0,,en trámite,,0,0,82863957,0,1,Segovia,Distrito Sector Plaza de Toros," , Distrito Sector Plaza de Toros , Segovia , Área de Segovia, Segovia ",,"Área de Segovia, Segovia",119,89,2019-04-13,218000,0,3.0,1,0,0,False,True,False,False,False,False,False,False,False,False,False,False,False,False,False,False,False,False,False,False,False,False,False,False,False,False,False,False,False,False
Anuncio actualizado el 12 de abril,0,0,2.0,0,0,,en trámite,,1,0,82863962,0,1,Segovia,Distrito Sector Plaza de Toros," , Distrito Sector Plaza de Toros , Segovia , Área de Segovia, Segovia ",,"Área de Segovia, Segovia",119,90,2019-04-13,215000,0,3.0,1,0,0,False,True,False,False,False,False,False,False,False,False,False,False,False,False,False,False,False,False,False,False,False,False,False,False,False,False,False,False,False,False
Anuncio actualizado el 12 de abril,0,0,2.0,0,0,,en trámite,,1,0,82863964,0,1,Segovia,Distrito Sector Plaza de Toros," , Distrito Sector Plaza de Toros , Segovia , Área de Segovia, Segovia ",,"Área de Segovia, Segovia",116,87,2019-04-13,213000,0,3.0,1,0,0,False,True,False,False,False,False,False,False,False,False,False,False,False,False,False,False,False,False,False,False,False,False,False,False,False,False,False,False,False,False
Anuncio actualizado el 12 de abril,0,0,2.0,0,0,,en trámite,,1,0,82863969,0,1,Segovia,Distrito Sector Plaza de Toros," , Distrito Sector Plaza de Toros , Segovia , Área de Segovia, Segovia ",,"Área de Segovia, Segovia",119,89,2019-04-13,219000,0,3.0,1,0,0,False,True,False,False,False,False,False,False,False,False,False,False,False,False,False,False,False,False,False,False,False,False,False,False,False,False,False,False,False,False
Anuncio actualizado el 12 de abril,0,0,2.0,0,0,,en trámite,,1,0,82863970,0,1,Segovia,Distrito Sector Plaza de Toros," , Distrito Sector Plaza de Toros , Segovia , Área de Segovia, Segovia ",,"Área de Segovia, Segovia",119,89,2019-04-13,214000,0,3.0,1,0,0,False,True,False,False,False,False,False,False,False,False,False,False,False,False,False,False,False,False,False,False,False,False,False,False,False,False,False,False,False,False
Anuncio actualizado el 12 de abril,0,0,2.0,0,0,,en trámite,,1,0,82863971,0,1,Segovia,Distrito Sector Plaza de Toros," , Distrito Sector Plaza de Toros , Segovia , Área de Segovia, Segovia ",,"Área de Segovia, Segovia",120,90,2019-04-13,228000,0,3.0,1,0,0,False,True,False,False,False,False,False,False,False,False,False,False,False,False,False,False,False,False,False,False,False,False,False,False,False,False,False,False,False,False
Anuncio actualizado el 12 de abril,0,0,2.0,0,0,,en trámite,,1,0,82863972,0,1,Segovia,Distrito Sector Plaza de Toros," , Distrito Sector Plaza de Toros , Segovia , Área de Segovia, Segovia ",,"Área de Segovia, Segovia",120,90,2019-04-13,224000,0,3.0,1,0,0,False,True,False,False,False,False,False,False,False,False,False,False,False,False,False,False,False,False,False,False,False,False,False,False,False,False,False,False,False,False
Anuncio actualizado el 12 de abril,0,0,2.0,0,0,,en trámite,,1,0,82863973,0,1,Segovia,Distrito Sector Plaza de Toros," , Distrito Sector Plaza de Toros , Segovia , Área de Segovia, Segovia ",,"Área de Segovia, Segovia",110,83,2019-04-13,212000,0,3.0,1,0,0,False,True,False,False,False,False,False,False,False,False,False,False,False,False,False,False,False,False,False,False,False,False,False,False,False,False,False,False,False,False
Anuncio actualizado el 12 de abril,0,0,2.0,0,0,,en trámite,,1,0,82863974,0,1,Segovia,Distrito Sector Plaza de Toros," , Distrito Sector Plaza de Toros , Segovia , Área de Segovia, Segovia ",,"Área de Segovia, Segovia",120,90,2019-04-13,225000,0,3.0,1,0,0,False,True,False,False,False,False,False,False,False,False,False,False,False,False,False,False,False,False,False,False,False,False,False,False,False,False,False,False,False,False
Anuncio actualizado el 12 de abril,0,0,2.0,0,0,,en trámite,,1,0,82863975,0,1,Segovia,Distrito Sector Plaza de Toros," , Distrito Sector Plaza de Toros , Segovia , Área de Segovia, Segovia ",,"Área de Segovia, Segovia",120,90,2019-04-13,221000,0,3.0,1,0,0,False,True,False,False,False,False,False,False,False,False,False,False,False,False,False,False,False,False,False,False,False,False,False,False,False,False,False,False,False,False
Anuncio actualizado el 12 de abril,0,0,2.0,0,0,,en trámite,,1,0,82863976,0,1,Segovia,Distrito Sector Plaza de Toros," , Distrito Sector Plaza de Toros , Segovia , Área de Segovia, Segovia ",,"Área de Segovia, Segovia",110,83,2019-04-13,209000,0,3.0,1,0,0,False,True,False,False,False,False,False,False,False,False,False,False,False,False,False,False,False,False,False,False,False,False,False,False,False,False,False,False,False,False
Anuncio actualizado el 12 de abril,0,0,2.0,0,0,,en trámite,,1,0,82863977,0,1,Segovia,Distrito Sector Plaza de Toros," , Distrito Sector Plaza de Toros , Segovia , Área de Segovia, Segovia ",,"Área de Segovia, Segovia",120,90,2019-04-13,220000,0,3.0,1,0,0,False,True,False,False,False,False,False,False,False,False,False,False,False,False,False,False,False,False,False,False,False,False,False,False,False,False,False,False,False,False
Anuncio actualizado el 12 de abril,0,0,2.0,0,0,,en trámite,,1,0,82863978,0,1,Segovia,Distrito Sector Plaza de Toros," , Distrito Sector Plaza de Toros , Segovia , Área de Segovia, Segovia ",,"Área de Segovia, Segovia",107,81,2019-04-13,199000,0,3.0,1,0,0,False,True,False,False,False,False,False,False,False,False,False,False,False,False,False,False,False,False,False,False,False,False,False,False,False,False,False,False,False,False
Anuncio actualizado el 12 de abril,0,0,2.0,0,0,,en trámite,,1,0,82863983,0,1,Segovia,Distrito Sector Plaza de Toros," , Distrito Sector Plaza de Toros , Segovia , Área de Segovia, Segovia ",,"Área de Segovia, Segovia",140,90,2019-04-13,220000,0,3.0,1,0,0,False,True,False,False,False,False,False,False,False,False,False,False,False,False,False,False,False,False,False,False,False,False,False,False,False,False,False,False,False,False
Anuncio actualizado el 12 de abril,0,0,2.0,0,0,,en trámite,,1,0,82895257,0,1,Segovia,Distrito Sector Plaza de Toros," , Distrito Sector Plaza de Toros , Segovia , Área de Segovia, Segovia ",,"Área de Segovia, Segovia",134,101,2019-04-13,264000,0,4.0,1,0,0,False,True,False,False,False,False,False,False,False,False,False,False,False,False,False,False,False,False,False,False,False,False,False,False,False,False,False,False,False,False
Anuncio actualizado el 12 de abril,0,0,3.0,0,0,,en trámite,,1,0,82895258,0,1,Segovia,Distrito Sector Plaza de Toros," , Distrito Sector Plaza de Toros , Segovia , Área de Segovia, Segovia ",,"Área de Segovia, Segovia",142,107,2019-04-13,273000,0,4.0,1,0,0,False,True,False,False,False,False,False,False,False,False,False,False,False,False,False,False,False,False,False,False,False,False,False,False,False,False,False,False,False,False
Anuncio actualizado el 12 de abril,0,0,2.0,0,0,,en trámite,,1,0,82895260,0,1,Segovia,Distrito Sector Plaza de Toros," , Distrito Sector Plaza de Toros , Segovia , Área de Segovia, Segovia ",,"Área de Segovia, Segovia",142,107,2019-04-13,268000,0,4.0,1,0,0,False,True,False,False,False,False,False,False,False,False,False,False,False,False,False,False,False,False,False,False,False,False,False,False,False,False,False,False,False,False
Anuncio actualizado el 12 de abril,0,0,3.0,0,0,,en trámite,,1,0,82895261,0,1,Segovia,Distrito Sector Plaza de Toros," , Distrito Sector Plaza de Toros , Segovia , Área de Segovia, Segovia ",,"Área de Segovia, Segovia",142,107,2019-04-13,283000,0,4.0,1,0,0,False,True,False,False,False,False,False,False,False,False,False,False,False,False,False,False,False,False,False,False,False,False,False,False,False,False,False,False,False,False
Anuncio actualizado el 12 de abril,0,0,3.0,0,0,,en trámite,,1,0,82895263,0,1,Segovia,Distrito Sector Plaza de Toros," , Distrito Sector Plaza de Toros , Segovia , Área de Segovia, Segovia ",,"Área de Segovia, Segovia",142,107,2019-04-13,278000,0,4.0,1,0,0,False,True,False,False,False,False,False,False,False,False,False,False,False,False,False,False,False,False,False,False,False,False,False,False,False,False,False,False,False,False
Anuncio actualizado el 12 de abril,0,0,2.0,0,0,,en trámite,,1,0,82895264,0,1,Segovia,Distrito Sector Plaza de Toros," , Distrito Sector Plaza de Toros , Segovia , Área de Segovia, Segovia ",,"Área de Segovia, Segovia",134,101,2019-04-13,269000,0,4.0,1,0,0,False,True,False,False,False,False,False,False,False,False,False,False,False,False,False,False,False,False,False,False,False,False,False,False,False,False,False,False,False,False
Anuncio actualizado el 12 de abril,0,0,1.0,0,0,,en trámite,,1,0,82895277,0,1,Segovia,Distrito Sector Plaza de Toros," , Distrito Sector Plaza de Toros , Segovia , Área de Segovia, Segovia ",,"Área de Segovia, Segovia",120,90,2019-04-13,221000,0,3.0,1,0,0,False,True,False,False,False,False,False,False,False,False,False,False,False,False,False,False,False,False,False,False,False,False,False,False,False,False,False,False,False,False
Anuncio actualizado el 12 de abril,0,0,2.0,0,0,,en trámite,,1,0,82895279,0,1,Segovia,Distrito Sector Plaza de Toros," , Distrito Sector Plaza de Toros , Segovia , Área de Segovia, Segovia ",,"Área de Segovia, Segovia",107,80,2019-04-13,193000,0,3.0,1,0,0,False,True,False,False,False,False,False,False,False,False,False,False,False,False,False,False,False,False,False,False,False,False,False,False,False,False,False,False,False,False
Anuncio actualizado el 12 de abril,0,0,1.0,0,0,,en trámite,,0,0,84391489,6,1,Segovia,Distrito Sector Plaza de Toros," , Distrito Sector Plaza de Toros , Segovia , Área de Segovia, Segovia ",,"Área de Segovia, Segovia",71,54,2019-04-13,168000,0,2.0,1,0,0,False,True,False,False,False,False,False,False,False,False,False,False,False,False,False,False,False,False,False,False,False,False,False,False,False,False,False,False,False,False
Anuncio actualizado el 4 de marzo,0,0,1.0,1,0,,,planta 1ª exterior,1,0,84518264,0,0,Segovia,Distrito Sector Plaza de Toros," Plaza Calderón de la Barca, 4 , Distrito Sector Plaza de Toros , Segovia , Área de Segovia, Segovia ","Plaza Calderón de la Barca, 4","Área de Segovia, Segovia",85,65,2019-04-13,120000,0,3.0,0,0,0,False,False,True,False,False,False,False,False,False,False,False,False,False,False,True,False,False,False,False,False,False,False,False,False,False,False,False,False,False,False
Anuncio actualizado el 7 de enero,0,0,1.0,0,0,,en trámite,planta 1ª exterior,0,0,30194231,0,1,Segovia,Distrito El Cerro - Crtra. San Rafael," , Distrito El Cerro - Crtra. San Rafael , Segovia , Área de Segovia, Segovia ",,"Área de Segovia, Segovia",80,70,2019-04-13,81000,0,3.0,1,0,0,False,False,True,False,False,False,False,False,False,False,False,False,False,False,False,False,False,False,False,False,False,False,False,False,False,False,False,False,False,False
Anuncio actualizado el 7 de enero,0,0,1.0,1,0,,en trámite,planta 2ª exterior,0,0,31210633,0,1,Segovia,Distrito Ezequiel González - Cde. Sepulveda," , Distrito Ezequiel González - Cde. Sepulveda , Segovia , Área de Segovia, Segovia ",,"Área de Segovia, Segovia",80,70,2019-04-13,186000,0,2.0,1,0,1,False,False,True,False,False,False,False,False,False,False,False,False,False,False,False,False,False,False,False,False,False,False,False,False,False,False,False,False,False,False
Anuncio actualizado el 5 de febrero,0,0,2.0,1,0,,en trámite,planta 2ª exterior,1,0,32217373,0,1,Segovia,Distrito José Zorrilla - Padre Claret," , Distrito José Zorrilla - Padre Claret , Segovia , Área de Segovia, Segovia ",,"Área de Segovia, Segovia",110,100,2019-04-13,136000,0,4.0,0,0,0,False,False,True,False,False,False,False,False,False,False,False,False,False,False,False,False,False,False,False,False,False,False,False,False,False,False,False,False,False,False
Anuncio actualizado el 9 de enero,0,0,2.0,1,0,,en trámite,planta 2ª exterior,0,0,28831335,0,1,Segovia,Distrito Sector Plaza de Toros," , Distrito Sector Plaza de Toros , Segovia , Área de Segovia, Segovia ",,"Área de Segovia, Segovia",110,100,2019-04-13,196000,0,3.0,0,0,0,False,False,True,False,False,False,False,False,False,False,False,False,False,False,False,False,False,False,False,False,False,False,False,False,False,False,False,False,False,False
Anuncio actualizado el 8 de abril,0,0,2.0,0,0,,no indicado,planta 4ª exterior,1,0,28010448,0,1,Segovia,Distrito Sector Plaza de Toros," Plaza Miguel Hernández, 4 , Distrito Sector Plaza de Toros , Segovia , Área de Segovia, Segovia ","Plaza Miguel Hernández, 4","Área de Segovia, Segovia",110,89,2019-04-13,155000,0,4.0,1,0,0,False,False,True,False,False,False,False,False,False,False,False,False,False,False,False,False,False,False,False,False,False,False,False,False,False,False,False,False,False,False
Anuncio actualizado el 9 de enero,0,0,2.0,0,0,,en trámite,planta 2ª exterior,0,0,35629569,0,0,Segovia,Distrito José Zorrilla - Padre Claret," , Distrito José Zorrilla - Padre Claret , Segovia , Área de Segovia, Segovia ",,"Área de Segovia, Segovia",120,100,2019-04-13,136000,0,4.0,0,0,1,False,False,True,False,False,False,False,False,False,False,False,False,False,False,False,False,False,False,False,False,False,False,False,False,False,False,False,False,False,False
Anuncio actualizado el 19 de febrero,0,0,1.0,0,0,,no indicado,bajo exterior,0,0,36824111,12,0,Segovia,Distrito Centro," Calle de la Canaleja, 2 , Distrito Centro , Segovia , Área de Segovia, Segovia ","Calle de la Canaleja, 2","Área de Segovia, Segovia",50,,2019-04-13,75000,0,0.0,0,0,0,False,False,True,False,False,False,False,False,False,False,False,False,False,False,False,False,False,False,False,False,False,False,False,False,False,False,False,False,False,False
Anuncio actualizado el 8 de noviembre,0,0,1.0,0,0,,,planta 2ª,0,0,37980063,0,,Segovia,Distrito El Cerro - Crtra. San Rafael," , Distrito El Cerro - Crtra. San Rafael , Segovia , Área de Segovia, Segovia ",,"Área de Segovia, Segovia",86,,2019-04-13,116770,0,2.0,0,0,0,False,False,False,False,False,False,False,False,False,False,False,False,False,False,False,False,False,False,False,False,False,False,False,False,False,False,False,False,False,False
Anuncio actualizado el 21 de diciembre,0,0,2.0,1,0,,no indicado,planta 1ª exterior,1,0,38125102,0,1,Segovia,Distrito Plaza Mayor - S.Agustín," , Distrito Plaza Mayor - S.Agustín , Segovia , Área de Segovia, Segovia ",,"Área de Segovia, Segovia",130,,2019-04-13,285000,0,3.0,0,0,0,False,False,True,False,False,False,False,False,False,False,False,False,False,False,False,False,False,False,False,False,False,False,False,False,False,False,False,False,False,False
Anuncio actualizado el 23 de enero,0,0,1.0,1,0,1964,en trámite,planta 2ª exterior,0,0,38156577,0,0,Segovia,Distrito Sector Plaza de Toros," , Distrito Sector Plaza de Toros , Segovia , Área de Segovia, Segovia ",,"Área de Segovia, Segovia",72,62,2019-04-13,70000,0,3.0,0,0,1,False,False,True,False,False,False,False,False,False,False,False,False,False,False,False,False,False,False,False,False,False,False,False,False,False,False,False,False,False,True
Anuncio actualizado el 21 de diciembre,0,0,2.0,0,0,,no indicado,planta 1ª,1,0,38556767,0,1,Segovia,Distrito José Zorrilla - Padre Claret," , Distrito José Zorrilla - Padre Claret , Segovia , Área de Segovia, Segovia ",,"Área de Segovia, Segovia",144,,2019-04-13,200000,0,4.0,0,0,0,False,False,True,False,False,False,False,False,False,False,False,False,False,False,False,False,False,False,False,False,False,False,False,False,False,False,False,False,False,False
Anuncio actualizado el 23 de enero,0,0,1.0,1,0,1982,en trámite,bajo exterior,0,0,38998751,0,0,Segovia,Distrito Sector Plaza de Toros," , Distrito Sector Plaza de Toros , Segovia , Área de Segovia, Segovia ",,"Área de Segovia, Segovia",75,61,2019-04-13,55000,0,3.0,0,0,0,False,False,False,True,False,False,False,False,False,False,False,False,False,False,False,True,False,False,False,False,False,False,False,False,False,False,False,False,False,False
Anuncio actualizado el 28 de noviembre,0,0,2.0,0,0,,en trámite,planta 3ª exterior,0,0,39168753,0,0,Segovia,Distrito Centro," , Distrito Centro , Segovia , Área de Segovia, Segovia ",,"Área de Segovia, Segovia",90,80,2019-04-13,96000,0,4.0,0,0,0,False,False,True,False,False,False,False,False,False,False,False,False,False,False,False,False,False,False,False,False,False,False,False,False,False,False,False,False,False,False
Anuncio actualizado el 23 de enero,0,0,1.0,0,0,1982,en trámite,planta 4ª exterior,0,0,31148585,0,0,Segovia,Distrito Sector Plaza de Toros," , Distrito Sector Plaza de Toros , Segovia , Área de Segovia, Segovia ",,"Área de Segovia, Segovia",67,52,2019-04-13,49000,0,2.0,0,0,0,False,False,True,False,False,False,False,False,False,False,False,False,False,False,False,False,False,False,False,False,False,False,False,False,True,False,False,False,False,False
Anuncio actualizado el 5 de febrero,0,0,2.0,1,0,,en trámite,planta 3ª exterior,1,0,82573823,0,1,Segovia,Distrito El Cerro - Crtra. San Rafael," , Distrito El Cerro - Crtra. San Rafael , Segovia , Área de Segovia, Segovia ",,"Área de Segovia, Segovia",115,100,2019-04-13,180000,0,3.0,1,0,1,False,False,True,False,False,False,False,False,False,True,False,False,False,False,False,False,False,False,False,False,False,False,False,False,False,False,False,False,False,False
Anuncio actualizado el 8 de noviembre,0,0,1.0,0,0,,en trámite,bajo,0,0,82596850,0,,Segovia,Distrito El Cerro - Crtra. San Rafael," , Distrito El Cerro - Crtra. San Rafael , Segovia , Área de Segovia, Segovia ",,"Área de Segovia, Segovia",40,,2019-04-13,69000,0,1.0,0,0,0,False,False,False,False,False,False,False,False,False,False,False,False,False,False,False,False,False,False,False,False,False,False,False,False,False,False,False,False,False,False
Anuncio actualizado el 23 de enero,0,0,1.0,1,0,2002,en trámite,bajo interior,1,0,82659317,0,1,Segovia,Distrito Centro," , Distrito Centro , Segovia , Área de Segovia, Segovia ",,"Área de Segovia, Segovia",50,45,2019-04-13,93000,0,1.0,0,0,0,False,False,True,False,False,False,False,False,False,True,False,False,False,False,False,False,False,False,False,False,False,False,False,False,True,False,False,False,False,False
Anuncio actualizado el 27 de marzo,0,0,1.0,1,0,,en trámite,planta 5ª exterior,0,0,84247538,0,0,Segovia,Distrito El Carmen," Plaza de la sección femenina, 2 , Distrito El Carmen , Segovia , Área de Segovia, Segovia ","Plaza de la sección femenina, 2","Área de Segovia, Segovia",74,68,2019-04-13,79900,0,2.0,0,0,1,False,False,True,False,False,False,False,False,False,False,False,False,False,False,False,False,False,False,False,False,False,False,False,False,False,False,False,False,False,False
Anuncio actualizado el 13 de marzo,0,0,2.0,1,0,,no indicado,planta 2ª exterior,0,0,84570881,0,1,Segovia,Distrito Centro," , Distrito Centro , Segovia , Área de Segovia, Segovia ",,"Área de Segovia, Segovia",100,,2019-04-13,250000,0,3.0,0,0,0,False,False,False,False,False,False,False,False,False,False,False,False,False,False,False,False,False,False,False,False,False,False,False,False,False,False,False,False,False,False
Anuncio actualizado el 8 de marzo,0,0,3.0,1,0,,no indicado,planta 1ª exterior,1,0,84409914,0,1,Segovia,Distrito Plaza Mayor - S.Agustín," , Distrito Plaza Mayor - S.Agustín , Segovia , Área de Segovia, Segovia ",,"Área de Segovia, Segovia",220,,2019-04-13,600000,0,4.0,1,0,0,False,False,True,False,False,False,False,False,False,False,False,False,False,False,False,False,False,False,False,False,False,False,False,False,False,False,False,False,False,False
Anuncio actualizado el 28 de marzo,0,0,2.0,0,0,1975,no indicado,planta 3ª,0,0,84753726,0,1,Segovia,Distrito Centro," , Distrito Centro , Segovia , Área de Segovia, Segovia ",,"Área de Segovia, Segovia",120,,2019-04-13,218000,0,4.0,0,0,1,False,False,False,False,False,False,False,False,False,False,False,False,False,False,False,False,False,False,False,False,False,False,False,False,False,False,False,False,False,False
Anuncio actualizado el 10 de abril,0,1,1.0,0,0,,en trámite,planta 5ª exterior,0,0,81288807,0,,Segovia,Distrito El Carmen," , Distrito El Carmen , Segovia , Área de Segovia, Segovia ",,"Área de Segovia, Segovia",74,68,2019-04-13,79900,0,2.0,0,0,0,False,False,True,False,False,False,False,True,False,False,False,False,False,False,False,False,False,False,False,False,False,False,False,False,False,False,False,False,False,False
Anuncio actualizado el 24 de febrero,0,0,1.0,0,0,,,,0,0,81871595,0,0,Segovia,Distrito El Cerro - Crtra. San Rafael," , Distrito El Cerro - Crtra. San Rafael , Segovia , Área de Segovia, Segovia ",,"Área de Segovia, Segovia",85,74,2019-04-13,84550,0,3.0,0,0,0,False,False,False,False,False,False,False,False,False,False,False,False,False,False,False,False,False,False,False,False,False,False,False,False,False,False,False,False,False,False
Anuncio actualizado el 10 de abril,0,0,1.0,0,0,1971,en trámite,planta 5ª,1,0,83203003,0,,Segovia,Distrito El Carmen," , Distrito El Carmen , Segovia , Área de Segovia, Segovia ",,"Área de Segovia, Segovia",86,82,2019-04-13,89000,0,3.0,0,0,0,False,False,True,False,False,False,False,True,False,False,False,False,False,False,True,False,False,False,False,False,False,False,False,False,False,False,False,False,False,False
Anuncio actualizado el 10 de abril,0,0,2.0,0,0,,en trámite,planta 1ª,0,0,36300235,0,,Segovia,Distrito S.Lorenzo - S.Marcos," , Distrito S.Lorenzo - S.Marcos , Segovia , Área de Segovia, Segovia ",,"Área de Segovia, Segovia",120,110,2019-04-13,155000,0,3.0,0,1,0,False,False,True,False,True,False,False,False,False,False,False,False,False,False,False,False,False,False,False,False,False,False,False,False,False,False,False,False,False,False
Anuncio actualizado el 20 de marzo,0,0,2.0,1,0,,,planta 4ª interior,1,1,84731220,0,1,Segovia,Distrito Sector Plaza de Toros," Plaza Espronceda, 17 , Distrito Sector Plaza de Toros , Segovia , Área de Segovia, Segovia ","Plaza Espronceda, 17","Área de Segovia, Segovia",115,78,2019-04-13,148000,0,3.0,1,0,0,False,False,True,False,False,False,False,False,False,False,False,False,False,False,True,False,False,False,False,False,False,False,False,False,False,False,False,False,False,False
Anuncio actualizado el 10 de abril,0,0,1.0,0,0,,en trámite,planta 3ª exterior,0,0,84925413,0,1,Segovia,Distrito José Zorrilla - Padre Claret," , Distrito José Zorrilla - Padre Claret , Segovia , Área de Segovia, Segovia ",,"Área de Segovia, Segovia",95,80,2019-04-13,120000,0,3.0,0,0,0,False,False,False,False,True,False,False,False,False,False,False,False,False,False,False,False,False,False,False,False,False,False,False,False,False,False,False,False,False,False
Anuncio actualizado el 4 de abril,0,0,1.0,0,0,,en trámite,bajo exterior,0,0,84942649,0,,Segovia,Distrito El Cerro - Crtra. San Rafael," , Distrito El Cerro - Crtra. San Rafael , Segovia , Área de Segovia, Segovia ",,"Área de Segovia, Segovia",70,58,2019-04-13,50000,0,2.0,0,0,0,False,False,False,False,False,False,False,False,False,False,False,False,False,False,False,False,False,False,False,False,False,False,False,False,False,False,False,False,False,False
Anuncio actualizado el 21 de febrero,0,0,2.0,0,0,,,planta 2ª exterior,1,0,26033619,0,1,Segovia,Distrito Centro," Calle Gobernador Fernández Jiménez , Distrito Centro , Segovia , Área de Segovia, Segovia ",Calle Gobernador Fernández Jiménez,"Área de Segovia, Segovia",227,,2019-04-13,600000,0,5.0,1,0,0,False,False,True,False,False,False,False,False,False,False,False,False,False,False,False,False,False,False,False,False,False,False,False,False,False,False,False,False,False,False
Anuncio actualizado el 27 de enero,0,0,2.0,1,0,,no indicado,planta 1ª exterior,0,0,1610752,0,1,Segovia,Distrito Centro," Calle Coronel Rexach, 14 , Distrito Centro , Segovia , Área de Segovia, Segovia ","Calle Coronel Rexach, 14","Área de Segovia, Segovia",120,100,2019-04-13,210000,0,4.0,0,0,1,False,False,True,False,False,False,False,False,False,False,False,False,False,False,False,False,False,False,False,False,False,False,False,False,False,False,False,False,False,False
Anuncio actualizado el 26 de febrero,0,0,2.0,1,0,,no indicado,planta 4ª exterior,0,0,1615125,0,1,Segovia,Distrito José Zorrilla - Padre Claret," Calle la Dehesa, 2 , Distrito José Zorrilla - Padre Claret , Segovia , Área de Segovia, Segovia ","Calle la Dehesa, 2","Área de Segovia, Segovia",65,,2019-04-13,135000,0,3.0,0,0,0,False,False,True,False,False,False,False,False,False,False,False,False,False,False,False,False,False,False,False,False,False,False,False,False,False,False,False,True,False,False
Anuncio actualizado el 11 de febrero,0,0,2.0,0,0,,no indicado,,1,0,307086,5,,Segovia,Distrito Sector Plaza de Toros," Carretera Valdevilla, 1 , Distrito Sector Plaza de Toros , Segovia , Área de Segovia, Segovia ","Carretera Valdevilla, 1","Área de Segovia, Segovia",110,102,2019-04-13,231000,0,3.0,0,0,0,False,False,True,False,False,False,False,False,False,False,False,False,False,False,False,False,False,False,False,False,False,False,False,False,False,False,False,False,False,False
Anuncio actualizado el 27 de enero,0,1,2.0,1,0,,en trámite,planta 1ª exterior,1,0,315453,0,0,Segovia,Distrito Ezequiel González - Cde. Sepulveda," Calle Zurbaran, 12 , Distrito Ezequiel González - Cde. Sepulveda , Segovia , Área de Segovia, Segovia ","Calle Zurbaran, 12","Área de Segovia, Segovia",91,76,2019-04-13,155000,0,3.0,0,0,1,False,False,True,False,False,False,False,True,False,False,False,False,False,False,False,False,False,False,False,False,False,False,False,False,False,False,False,False,False,False
Anuncio actualizado el 7 de abril,0,0,2.0,1,0,,no indicado,planta 3ª exterior,1,0,1765492,0,1,Segovia,Distrito El Cerro - Crtra. San Rafael," Carretera Villacastín, 11 , Distrito El Cerro - Crtra. San Rafael , Segovia , Área de Segovia, Segovia ","Carretera Villacastín, 11","Área de Segovia, Segovia",102,86,2019-04-13,265000,0,3.0,1,0,0,False,False,True,False,False,False,False,False,False,False,False,False,False,False,False,False,False,False,False,False,False,False,False,False,False,False,False,False,False,False
Anuncio actualizado el 2 de enero,0,0,2.0,1,0,,no indicado,planta 4ª exterior,1,0,1774055,8,1,Segovia,Distrito El Cerro - Crtra. San Rafael," Calle Espliego, 10 , Distrito El Cerro - Crtra. San Rafael , Segovia , Área de Segovia, Segovia ","Calle Espliego, 10","Área de Segovia, Segovia",123,,2019-04-13,230000,0,3.0,1,0,0,False,False,True,False,False,False,False,False,False,False,False,False,False,False,False,False,False,False,False,False,False,False,False,False,False,False,False,False,False,True
Anuncio actualizado el 7 de abril,0,0,1.0,1,0,,,planta 1ª exterior,1,1,37431325,0,1,Segovia,Distrito Ezequiel González - Cde. Sepulveda," Calle Ezequiel González, 32 , Distrito Ezequiel González - Cde. Sepulveda , Segovia , Área de Segovia, Segovia ","Calle Ezequiel González, 32","Área de Segovia, Segovia",80,,2019-04-13,182000,0,3.0,0,0,1,False,False,True,False,False,False,False,False,False,False,False,False,False,False,False,False,False,False,False,False,False,False,False,False,False,False,True,False,False,False
Anuncio actualizado el 14 de marzo,0,0,3.0,1,0,,en trámite,4 plantas,1,1,1841081,4,,Segovia,Distrito Vía Roma," Calle Riaza, 16 , Urb. MONTELAVIÑA , Distrito Vía Roma , Segovia , Área de Segovia, Segovia ",Urb. MONTELAVIÑA,"Área de Segovia, Segovia",61,,2019-04-13,370000,0,4.0,1,1,1,False,False,True,False,False,False,False,False,False,False,False,False,False,False,False,False,False,False,False,False,False,False,False,False,False,False,False,False,False,False
Anuncio actualizado el 9 de abril,0,0,1.0,0,0,,en trámite,planta 3ª exterior,0,0,373633,0,0,Segovia,Distrito José Zorrilla - Padre Claret," Avenida Constitución, 8 , Distrito José Zorrilla - Padre Claret , Segovia , Área de Segovia, Segovia ","Avenida Constitución, 8","Área de Segovia, Segovia",70,,2019-04-13,100000,0,3.0,0,0,0,False,False,True,False,False,False,False,False,False,False,False,False,False,False,True,False,False,False,False,False,False,False,False,False,False,False,False,False,False,False
Anuncio actualizado el 6 de noviembre,0,0,1.0,1,0,,no indicado,planta 2ª exterior,0,0,1909704,0,1,Segovia,Distrito Ezequiel González - Cde. Sepulveda," Calle Velazquez, 20 , Distrito Ezequiel González - Cde. Sepulveda , Segovia , Área de Segovia, Segovia ","Calle Velazquez, 20","Área de Segovia, Segovia",123,109,2019-04-13,198000,0,3.0,0,0,1,False,False,False,True,False,False,False,False,False,False,False,False,False,False,True,False,False,False,False,False,False,False,False,False,False,False,False,False,False,False
Anuncio actualizado el 17 de marzo,0,0,1.0,1,0,,no indicado,planta 1ª exterior,0,0,1640775,0,0,Segovia,Distrito Plaza Mayor - S.Agustín," Calle San Nicolas, 8 , Distrito Plaza Mayor - S.Agustín , Segovia , Área de Segovia, Segovia ","Calle San Nicolas, 8","Área de Segovia, Segovia",76,60,2019-04-13,199000,0,2.0,0,0,0,False,False,True,False,False,False,False,False,False,False,False,False,False,False,False,False,False,False,False,False,False,False,False,False,False,False,True,False,False,False
Anuncio actualizado el 12 de febrero,0,0,1.0,0,0,,no indicado,planta 4ª exterior,0,1,1957024,0,0,Segovia,Distrito Sector Plaza de Toros," Calle Manuel de Falla, 10 , Urb. Mirasierra , Distrito Sector Plaza de Toros , Segovia , Área de Segovia, Segovia ",Urb. Mirasierra,"Área de Segovia, Segovia",72,,2019-04-13,65000,0,3.0,1,0,0,False,False,True,False,False,False,False,False,False,False,False,False,False,False,False,False,False,False,False,False,False,False,False,False,False,False,False,False,False,False
Anuncio actualizado el 21 de febrero,0,0,1.0,0,0,,no indicado,planta 5ª exterior,0,0,812028,0,0,Segovia,Distrito El Carmen," Calle Tercios Segovianos , Distrito El Carmen , Segovia , Área de Segovia, Segovia ",Calle Tercios Segovianos,"Área de Segovia, Segovia",91,,2019-04-13,119000,0,3.0,0,0,0,False,False,True,False,False,False,False,False,False,False,False,False,False,False,False,False,False,False,False,False,False,False,False,False,False,False,False,False,False,False
Anuncio actualizado el 26 de marzo,0,0,3.0,1,0,,no indicado,2 plantas,1,1,2058501,4,,Segovia,Distrito El Cerro - Crtra. San Rafael," Camino Abadejos, 2 , Distrito El Cerro - Crtra. San Rafael , Segovia , Área de Segovia, Segovia ","Camino Abadejos, 2","Área de Segovia, Segovia",200,90,2019-04-13,180000,0,4.0,0,0,1,False,False,True,False,False,False,False,False,False,False,False,False,False,False,True,False,False,False,False,False,False,False,False,False,False,False,False,False,False,False
Anuncio actualizado el 21 de febrero,0,0,2.0,0,0,,en trámite,planta 2ª exterior,0,0,26057643,0,0,Segovia,Distrito Centro," Calle San Francisco , Distrito Centro , Segovia , Área de Segovia, Segovia ",Calle San Francisco,"Área de Segovia, Segovia",118,,2019-04-13,250000,0,3.0,0,0,0,False,False,True,False,False,False,False,False,False,False,False,False,False,False,False,False,False,False,False,False,False,False,False,False,False,False,False,False,False,False
Anuncio actualizado el 21 de febrero,0,0,1.0,0,0,,en trámite,planta 4ª exterior,0,0,26787282,0,1,Segovia,Distrito El Cerro - Crtra. San Rafael," Calle Murillo , Distrito El Cerro - Crtra. San Rafael , Segovia , Área de Segovia, Segovia ",Calle Murillo,"Área de Segovia, Segovia",107,,2019-04-13,115000,0,3.0,0,0,0,False,False,True,False,False,False,False,False,False,False,False,False,False,False,False,False,False,False,False,False,False,False,False,False,False,False,False,False,False,False
Anuncio actualizado el 12 de abril,0,0,2.0,1,0,,no indicado,bajo exterior,0,0,26826393,0,1,Segovia,Distrito Centro," Calle San Antón, 9 , Distrito Centro , Segovia , Área de Segovia, Segovia ","Calle San Antón, 9","Área de Segovia, Segovia",110,100,2019-04-13,150000,0,4.0,0,0,1,False,False,True,False,False,False,False,False,False,False,False,False,False,False,True,False,False,False,False,False,False,False,False,False,False,False,False,False,False,False
Anuncio actualizado el 7 de abril,0,0,1.0,1,0,,,bajo exterior,0,0,27295024,6,0,Segovia,Distrito Plaza Mayor - S.Agustín," Leopoldo Moreno, 9 , Distrito Plaza Mayor - S.Agustín , Segovia , Área de Segovia, Segovia ","Leopoldo Moreno, 9","Área de Segovia, Segovia",53,48,2019-04-13,240000,0,1.0,0,0,0,False,False,True,False,False,False,False,False,False,False,False,False,False,False,False,False,False,False,False,False,False,False,False,False,False,False,True,False,False,False
Anuncio actualizado el 11 de marzo,0,0,1.0,0,0,,no indicado,planta 2ª exterior,0,0,27303877,0,0,Segovia,Distrito Sector Plaza de Toros," Calle Manuel García Gutierrez, 16 , Distrito Sector Plaza de Toros , Segovia , Área de Segovia, Segovia ","Calle Manuel García Gutierrez, 16","Área de Segovia, Segovia",75,,2019-04-13,85000,0,3.0,0,0,0,False,False,True,False,False,False,False,False,False,False,False,False,False,False,False,False,False,False,False,False,False,False,False,False,False,False,False,False,False,False
Anuncio actualizado el 18 de febrero,0,0,1.0,1,0,,no indicado,planta 2ª exterior,0,0,29433596,0,1,Segovia,Distrito Plaza Mayor - S.Agustín," Calle Desamparados, 8 , Distrito Plaza Mayor - S.Agustín , Segovia , Área de Segovia, Segovia ","Calle Desamparados, 8","Área de Segovia, Segovia",68,52,2019-04-13,180000,0,1.0,0,0,0,False,False,True,False,False,False,False,False,False,False,False,False,False,False,False,False,False,False,False,False,False,False,False,False,False,False,False,False,False,False
Anuncio actualizado el 7 de abril,0,0,1.0,1,0,,en trámite,planta 3ª exterior,0,0,30365261,0,0,Segovia,Distrito El Cerro - Crtra. San Rafael," Calle los Cotos, 14 , Distrito El Cerro - Crtra. San Rafael , Segovia , Área de Segovia, Segovia ","Calle los Cotos, 14","Área de Segovia, Segovia",99,,2019-04-13,65000,0,4.0,1,0,0,False,False,True,False,False,False,False,False,False,False,False,False,False,False,False,False,False,False,False,False,False,False,False,False,False,False,True,False,False,False
Anuncio actualizado el 27 de noviembre,0,0,3.0,1,0,,no indicado,bajo exterior,0,0,31370051,8,0,Segovia,Distrito Plaza Mayor - S.Agustín," Calle la judería nueva, 18 , Distrito Plaza Mayor - S.Agustín , Segovia , Área de Segovia, Segovia ","Calle la judería nueva, 18","Área de Segovia, Segovia",130,100,2019-04-13,270000,0,3.0,0,0,0,False,False,True,False,False,False,False,False,False,False,False,False,False,False,False,False,False,False,False,False,False,False,False,False,False,False,True,False,False,False
Anuncio actualizado el 3 de abril,1,0,1.0,0,0,,no indicado,planta 2ª exterior,0,0,33003972,0,1,Segovia,Distrito Centro," Calle de jose zorrilla, 12 , Distrito Centro , Segovia , Área de Segovia, Segovia ","Calle de jose zorrilla, 12","Área de Segovia, Segovia",84,70,2019-04-13,146000,0,3.0,0,0,1,False,False,True,False,False,False,False,False,False,False,False,False,False,False,False,False,False,False,False,False,False,False,False,False,True,False,False,False,False,False
Anuncio actualizado el 20 de enero,0,1,1.0,0,0,,no indicado,planta 1ª interior,0,0,34153401,0,0,Segovia,Distrito Ezequiel González - Cde. Sepulveda," Calle clavel, 5 , Distrito Ezequiel González - Cde. Sepulveda , Segovia , Área de Segovia, Segovia ","Calle clavel, 5","Área de Segovia, Segovia",67,65,2019-04-13,92000,0,3.0,0,0,0,False,False,True,False,False,False,False,False,False,True,False,False,False,False,False,False,False,False,False,False,False,False,False,False,False,False,False,False,False,False
Anuncio actualizado el 27 de noviembre,0,1,1.0,1,0,,no indicado,planta 1ª exterior,0,0,34287862,0,1,Segovia,Distrito Ezequiel González - Cde. Sepulveda," Paseo ezequiel gonzález, 4 , Distrito Ezequiel González - Cde. Sepulveda , Segovia , Área de Segovia, Segovia ","Paseo ezequiel gonzález, 4","Área de Segovia, Segovia",120,100,2019-04-13,168000,0,3.0,0,0,1,False,False,False,True,False,False,False,False,False,False,False,False,False,False,False,False,False,False,False,False,False,False,False,False,True,False,False,False,False,False
Anuncio actualizado el 8 de abril,0,0,1.0,1,0,,en trámite,planta 4ª exterior,0,0,34749537,0,1,Segovia,Distrito El Cerro - Crtra. San Rafael," Paseo Conde de Sepúlveda, 32 , Distrito El Cerro - Crtra. San Rafael , Segovia , Área de Segovia, Segovia ","Paseo Conde de Sepúlveda, 32","Área de Segovia, Segovia",100,82,2019-04-13,160000,0,3.0,0,0,1,False,False,True,False,False,False,False,False,False,False,False,False,False,False,False,False,False,False,False,False,False,False,False,False,False,False,False,False,False,False
Anuncio actualizado el 7 de abril,0,0,1.0,1,0,,no indicado,planta 2ª exterior,0,0,1969134,6,0,Segovia,Distrito Plaza Mayor - S.Agustín," Plaza San Nicolás, 3 , Distrito Plaza Mayor - S.Agustín , Segovia , Área de Segovia, Segovia ","Plaza San Nicolás, 3","Área de Segovia, Segovia",92,,2019-04-13,198000,0,2.0,0,0,0,False,False,True,False,False,False,False,False,False,False,False,False,False,False,False,False,False,False,False,False,False,False,False,False,False,False,False,False,False,False
Anuncio actualizado el 6 de marzo,0,0,1.0,1,0,,en trámite,planta 1ª exterior,0,0,29800425,0,1,Segovia,Distrito El Cerro - Crtra. San Rafael," Avenida del Obispo Quesada, 16 , Distrito El Cerro - Crtra. San Rafael , Segovia , Área de Segovia, Segovia ","Avenida del Obispo Quesada, 16","Área de Segovia, Segovia",85,73,2019-04-13,105000,0,3.0,1,0,1,False,False,True,False,False,False,False,False,False,False,False,False,False,False,True,False,False,False,False,False,False,False,False,False,False,False,False,False,False,False
Anuncio actualizado el 7 de abril,0,0,1.0,0,0,,no indicado,planta 2ª exterior,0,0,36421078,0,1,Segovia,Distrito José Zorrilla - Padre Claret," Calle la Dehesa, 2 , Distrito José Zorrilla - Padre Claret , Segovia , Área de Segovia, Segovia ","Calle la Dehesa, 2","Área de Segovia, Segovia",65,,2019-04-13,125000,0,3.0,0,0,0,False,False,True,False,False,False,False,False,False,False,False,False,False,False,False,False,False,False,False,False,False,False,False,False,False,False,False,False,False,False
Anuncio actualizado el 7 de abril,0,0,1.0,0,0,,no indicado,planta 2ª interior,0,0,36467361,0,0,Segovia,Distrito Centro," Calle Soldado Español, 10 , Distrito Centro , Segovia , Área de Segovia, Segovia ","Calle Soldado Español, 10","Área de Segovia, Segovia",85,,2019-04-13,109000,0,3.0,0,0,0,False,False,True,False,False,False,False,False,False,False,False,False,False,False,False,False,False,False,False,False,False,False,False,False,False,False,False,False,False,False
más de 5 meses sin actualizar,0,0,1.0,0,0,,no indicado,planta 3ª exterior,0,0,36705805,0,0,Segovia,Distrito El Carmen," Calle los Tercios Segovianos, 7 , Distrito El Carmen , Segovia , Área de Segovia, Segovia ","Calle los Tercios Segovianos, 7","Área de Segovia, Segovia",73,65,2019-04-13,65000,0,3.0,0,0,1,False,False,False,True,False,False,False,False,False,False,False,False,False,False,False,False,False,False,False,False,False,False,False,False,False,False,False,False,False,False
Anuncio actualizado el 7 de abril,0,0,1.0,0,0,,,planta 2ª exterior,0,0,36858114,0,0,Segovia,Distrito Centro," Calle de los Coches, 14 n , Distrito Centro , Segovia , Área de Segovia, Segovia ","Calle de los Coches, 14 n","Área de Segovia, Segovia",75,,2019-04-13,125000,0,3.0,1,0,1,False,False,False,True,False,False,False,False,False,False,False,False,False,False,False,False,False,False,False,False,False,False,False,False,False,False,True,False,False,False
Anuncio actualizado el 11 de febrero,0,0,1.0,1,0,,no indicado,planta 2ª exterior,0,0,37667344,0,0,Segovia,Distrito El Cerro - Crtra. San Rafael," Calle la Fuenfría, 9 , Distrito El Cerro - Crtra. San Rafael , Segovia , Área de Segovia, Segovia ","Calle la Fuenfría, 9","Área de Segovia, Segovia",95,90,2019-04-13,73000,0,4.0,1,0,0,False,False,True,False,False,False,False,False,False,False,False,False,False,False,False,False,False,False,False,False,False,False,False,False,False,False,False,False,False,False
Anuncio actualizado el 9 de abril,0,0,1.0,1,0,,en trámite,planta 4ª exterior,0,1,1619275,0,0,Segovia,Distrito Sector Plaza de Toros," Plaza Tomás Bretón, 3 , Distrito Sector Plaza de Toros , Segovia , Área de Segovia, Segovia ","Plaza Tomás Bretón, 3","Área de Segovia, Segovia",70,65,2019-04-13,65000,0,3.0,1,0,0,False,False,True,False,False,False,False,False,False,False,False,False,False,False,False,False,False,False,False,False,False,False,False,False,False,False,False,False,False,False
Anuncio actualizado el 17 de marzo,0,0,2.0,1,0,,no indicado,planta 2ª exterior,1,0,39080567,8,0,Segovia,Distrito Sector Plaza de Toros," Carretera de Valdevilla, 4 , Distrito Sector Plaza de Toros , Segovia , Área de Segovia, Segovia ","Carretera de Valdevilla, 4","Área de Segovia, Segovia",102,,2019-04-13,126000,0,3.0,0,0,1,False,False,True,False,False,False,False,False,False,False,False,False,False,False,False,True,False,False,False,False,False,False,False,False,False,False,False,False,False,False
Anuncio actualizado el 8 de abril,0,0,1.0,1,0,,no indicado,planta 1ª interior,0,0,39244245,8,0,Segovia,Distrito Plaza Mayor - S.Agustín," Travesía Patín, 5 , Distrito Plaza Mayor - S.Agustín , Segovia , Área de Segovia, Segovia ","Travesía Patín, 5","Área de Segovia, Segovia",115,90,2019-04-13,125000,0,2.0,0,0,0,False,False,True,False,False,False,False,False,False,False,False,False,False,False,True,False,False,False,False,False,False,False,False,False,False,False,False,False,False,False
Anuncio actualizado el 11 de abril,0,0,1.0,0,0,,,planta 2ª exterior,0,0,39269969,0,1,Segovia,Distrito Centro," Calle María de Pablos Cerezo, 10 , Distrito Centro , Segovia , Área de Segovia, Segovia ","Calle María de Pablos Cerezo, 10","Área de Segovia, Segovia",94,,2019-04-13,108000,0,3.0,0,0,1,False,False,True,False,False,True,False,False,False,False,False,False,False,False,True,False,False,False,False,False,False,False,False,False,False,False,False,False,False,False
Anuncio actualizado el 27 de enero,0,0,1.0,1,0,,no indicado,planta 2ª exterior,0,0,81251005,0,1,Segovia,Distrito Centro," Calle Santo Tomás, 12 , Distrito Centro , Segovia , Área de Segovia, Segovia ","Calle Santo Tomás, 12","Área de Segovia, Segovia",91,,2019-04-13,135000,1,3.0,0,0,1,False,False,True,False,False,False,False,False,False,False,False,False,False,False,False,False,False,False,False,False,False,False,False,False,False,False,False,False,False,False
Anuncio actualizado el 3 de febrero,0,1,2.0,1,0,,en trámite,planta 2ª exterior,0,0,81292484,0,0,Segovia,Distrito José Zorrilla - Padre Claret," Calle Cantarranas, 5 , Distrito José Zorrilla - Padre Claret , Segovia , Área de Segovia, Segovia ","Calle Cantarranas, 5","Área de Segovia, Segovia",125,99,2019-04-13,145000,0,4.0,0,0,1,False,False,True,False,False,False,False,False,False,False,False,False,False,False,False,False,False,False,False,False,False,False,False,False,False,False,False,False,False,False
Anuncio actualizado el 25 de febrero,0,0,1.0,1,0,,no indicado,planta 4ª interior,1,0,81292471,0,1,Segovia,Distrito Ezequiel González - Cde. Sepulveda," Paseo Conde de Sepúlveda, 33 , Distrito Ezequiel González - Cde. Sepulveda , Segovia , Área de Segovia, Segovia ","Paseo Conde de Sepúlveda, 33","Área de Segovia, Segovia",66,65,2019-04-13,135000,1,3.0,1,0,0,False,False,True,False,False,False,False,False,False,False,False,False,False,False,False,False,False,False,False,False,False,False,False,False,False,False,False,False,False,False
Anuncio actualizado el 7 de abril,0,0,2.0,0,0,,no indicado,2 plantas,0,0,81547586,5,,Segovia,Distrito El Carmen," Plaza del Peñascal, 16 , Distrito El Carmen , Segovia , Área de Segovia, Segovia ","Plaza del Peñascal, 16","Área de Segovia, Segovia",143,,2019-04-13,199000,0,5.0,1,0,1,False,False,False,True,False,False,False,False,False,False,False,False,False,False,False,False,False,False,False,False,False,False,False,False,False,False,False,False,False,False
Anuncio actualizado el 7 de abril,0,1,2.0,0,0,,en trámite,planta 1ª exterior,0,0,81836945,0,0,Segovia,Distrito Plaza Mayor - S.Agustín," Calle Daoiz, 4 , Distrito Plaza Mayor - S.Agustín , Segovia , Área de Segovia, Segovia ","Calle Daoiz, 4","Área de Segovia, Segovia",180,,2019-04-13,310000,0,5.0,0,0,0,False,False,False,True,False,False,False,False,False,False,False,False,False,False,False,False,False,False,False,False,False,False,False,False,False,False,False,False,False,False
Anuncio actualizado el 5 de marzo,0,1,2.0,0,0,,no indicado,planta 1ª interior,1,0,81993601,0,1,Segovia,Distrito El Cerro - Crtra. San Rafael," Calle las Lastras, 11 , Distrito El Cerro - Crtra. San Rafael , Segovia , Área de Segovia, Segovia ","Calle las Lastras, 11","Área de Segovia, Segovia",130,,2019-04-13,143000,1,4.0,0,0,1,False,False,False,True,False,False,False,False,False,False,False,False,False,False,False,False,False,False,False,False,False,False,False,False,False,False,False,False,False,False
Anuncio actualizado el 7 de abril,0,0,1.0,0,0,,,planta 3ª exterior,0,0,81972846,0,0,Segovia,Distrito Sector Plaza de Toros," Plaza Ruperto Chapí, 3 , Urb. Mirasierra , Distrito Sector Plaza de Toros , Segovia , Área de Segovia, Segovia ",Urb. Mirasierra,"Área de Segovia, Segovia",72,68,2019-04-13,66000,0,3.0,0,0,0,False,False,True,False,False,False,False,False,False,True,False,False,False,False,False,False,False,False,False,False,False,False,False,False,False,False,False,False,False,False
Anuncio actualizado el 23 de marzo,0,1,1.0,0,0,,en trámite,planta 4ª exterior,0,1,82070048,0,0,Segovia,Distrito Sector Plaza de Toros," Calle Manuel de Falla, 24 , Urb. MIRASIERRA , Distrito Sector Plaza de Toros , Segovia , Área de Segovia, Segovia ",Urb. MIRASIERRA,"Área de Segovia, Segovia",72,70,2019-04-13,60000,0,3.0,0,0,0,False,False,True,False,False,False,False,False,False,False,False,False,False,False,False,False,False,False,False,False,False,False,False,False,False,False,False,False,False,False
Anuncio actualizado el 7 de abril,0,1,1.0,0,0,,en trámite,planta 1ª exterior,0,0,82092630,0,0,Segovia,Distrito Centro," Calle Ochoa Ondategui, 12 , Distrito Centro , Segovia , Área de Segovia, Segovia ","Calle Ochoa Ondategui, 12","Área de Segovia, Segovia",58,45,2019-04-13,125000,0,1.0,0,0,0,False,False,True,False,False,False,False,False,False,False,False,False,False,False,False,False,False,False,False,False,False,False,False,False,True,False,False,False,False,False
Anuncio actualizado el 7 de abril,0,1,3.0,1,0,,no indicado,4 plantas,1,1,82116095,5,,Segovia,Distrito Sector Plaza de Toros," Calle Luis de Proust, 11 , Distrito Sector Plaza de Toros , Segovia , Área de Segovia, Segovia ","Calle Luis de Proust, 11","Área de Segovia, Segovia",180,,2019-04-13,300000,0,4.0,0,0,1,False,False,True,False,False,False,False,False,False,False,False,False,False,False,False,False,False,False,False,False,True,False,False,False,False,False,False,False,False,False
Anuncio actualizado el 10 de marzo,0,0,2.0,1,0,,,planta 2ª exterior,1,0,82298114,0,1,Segovia,Distrito Sector Plaza de Toros," Plaza Samaniego, 1 , Distrito Sector Plaza de Toros , Segovia , Área de Segovia, Segovia ","Plaza Samaniego, 1","Área de Segovia, Segovia",110,89,2019-04-13,160000,0,4.0,1,0,1,False,False,True,False,False,False,False,False,False,False,False,False,False,False,False,False,False,False,False,False,False,False,False,False,True,False,False,False,False,False
Anuncio actualizado el 7 de abril,0,1,1.0,0,0,,no indicado,planta 1ª exterior,0,0,82543178,0,0,Segovia,Distrito El Carmen," Calle Alfonso VI, 41 , Distrito El Carmen , Segovia , Área de Segovia, Segovia ","Calle Alfonso VI, 41","Área de Segovia, Segovia",90,,2019-04-13,70000,0,3.0,1,0,1,False,False,False,True,False,False,False,True,False,False,False,False,False,False,False,False,True,False,False,False,False,False,False,False,False,False,False,False,False,False
Anuncio actualizado el 7 de abril,0,1,1.0,0,0,,no indicado,planta 3ª exterior,0,1,83565912,0,0,Segovia,Distrito Sector Plaza de Toros," Calle Manuel de Falla, 32 , Urb. Mirasierra , Distrito Sector Plaza de Toros , Segovia , Área de Segovia, Segovia ",Urb. Mirasierra,"Área de Segovia, Segovia",70,60,2019-04-13,65000,0,3.0,1,0,0,False,False,True,False,False,False,False,False,False,False,False,False,False,False,False,False,False,False,False,False,False,False,False,False,False,False,True,False,False,False
Anuncio actualizado el 7 de abril,0,0,1.0,0,0,,no indicado,planta 1ª exterior,0,0,84235626,0,0,Segovia,Distrito Plaza Mayor - S.Agustín," Calle Doctor Velasco, 22 , Distrito Plaza Mayor - S.Agustín , Segovia , Área de Segovia, Segovia ","Calle Doctor Velasco, 22","Área de Segovia, Segovia",85,67,2019-04-13,130000,0,3.0,0,0,0,False,False,False,True,False,False,False,False,False,False,False,False,False,False,False,False,False,False,False,False,False,False,False,False,False,False,False,False,False,False
Anuncio actualizado el 31 de marzo,0,0,1.0,0,0,,no indicado,planta 3ª exterior,0,0,84380364,0,1,Segovia,Distrito Sector Plaza de Toros," Calle Mónaco, 8 , Distrito Sector Plaza de Toros , Segovia , Área de Segovia, Segovia ","Calle Mónaco, 8","Área de Segovia, Segovia",50,,2019-04-13,42000,0,3.0,0,0,0,False,False,False,True,False,False,False,False,False,False,False,False,False,False,False,False,False,False,False,False,False,False,False,False,False,False,False,False,False,False
Anuncio actualizado el 13 de marzo,0,0,2.0,0,0,,no indicado,planta 3ª exterior,0,0,84546624,0,1,Segovia,Distrito Centro," Calle Severo Ochoa, 1 , Distrito Centro , Segovia , Área de Segovia, Segovia ","Calle Severo Ochoa, 1","Área de Segovia, Segovia",117,,2019-04-13,215000,0,4.0,1,0,1,False,False,False,True,False,False,False,False,False,False,False,False,False,False,False,False,False,False,False,False,False,False,False,False,False,False,False,False,False,False
Anuncio actualizado el 30 de agosto,0,0,1.0,0,0,,en trámite,bajo interior,1,0,36123695,0,1,Segovia,Distrito Centro," Calle María de Pablos Cerezo , Distrito Centro , Segovia , Área de Segovia, Segovia ",Calle María de Pablos Cerezo,"Área de Segovia, Segovia",50,,2019-04-13,93000,0,1.0,0,0,0,False,False,True,False,False,False,False,False,False,False,False,False,False,False,False,False,False,False,False,False,False,False,False,False,False,False,False,False,False,False
Anuncio actualizado el 27 de marzo,0,0,1.0,0,0,,en trámite,planta 1ª exterior,0,0,39783397,0,0,Segovia,Distrito El Carmen," , Distrito El Carmen , Segovia , Área de Segovia, Segovia ",,"Área de Segovia, Segovia",60,55,2019-04-13,69000,0,3.0,0,0,0,False,False,False,False,False,False,False,False,False,False,False,False,False,False,False,False,False,False,False,False,False,False,False,False,False,False,False,False,False,False
Anuncio actualizado el 30 de enero,0,0,1.0,1,0,,en trámite,planta 3ª exterior,0,0,81427332,0,1,Segovia,Distrito Centro," soldado español , Distrito Centro , Segovia , Área de Segovia, Segovia ",soldado español,"Área de Segovia, Segovia",96,79,2019-04-13,112000,0,3.0,1,0,1,False,False,False,True,False,True,False,False,False,False,False,False,False,False,False,False,False,False,False,False,False,False,False,False,False,False,False,False,False,False
Anuncio actualizado el 22 de noviembre,0,0,0.0,0,0,,inmueble exento,4 plantas,0,0,83243115,4,,Segovia,Distrito Plaza Mayor - S.Agustín," Calle la Judería Vieja, Segovia , Distrito Plaza Mayor - S.Agustín , Segovia , Área de Segovia, Segovia ","Calle la Judería Vieja, Segovia","Área de Segovia, Segovia",350,300,2019-04-13,280000,0,0.0,0,0,0,False,False,False,True,False,False,False,False,False,False,False,False,False,True,False,False,False,False,False,False,False,False,False,False,False,False,True,False,False,False
Anuncio actualizado el 17 de enero,0,0,1.0,0,0,,en trámite,,0,0,82594304,0,0,Segovia,Distrito Plaza Mayor - S.Agustín," , Distrito Plaza Mayor - S.Agustín , Segovia , Área de Segovia, Segovia ",,"Área de Segovia, Segovia",72,54,2019-04-13,145000,0,2.0,0,0,0,False,False,False,False,False,False,False,False,False,False,False,False,False,False,False,False,False,False,False,False,False,False,False,False,False,False,False,False,False,False
Anuncio actualizado el 19 de marzo,0,0,1.0,0,0,,en trámite,planta 1ª exterior,0,0,81993924,0,1,Segovia,Distrito El Cerro - Crtra. San Rafael," , Distrito El Cerro - Crtra. San Rafael , Segovia , Área de Segovia, Segovia ",,"Área de Segovia, Segovia",100,,2019-04-13,143000,0,4.0,0,0,0,False,False,False,False,False,False,False,False,False,False,False,False,False,False,False,False,False,False,False,False,False,False,False,False,False,False,False,False,False,False
Anuncio actualizado el 30 de enero,0,0,3.0,0,0,2008,en trámite,planta 2ª exterior,0,0,39068382,8,1,Segovia,Distrito Centro," Calle los cañuelos , Urb. TRAVESIA DEL ACUEDUCTO , Distrito Centro , Segovia , Área de Segovia, Segovia ",Urb. TRAVESIA DEL ACUEDUCTO,"Área de Segovia, Segovia",138,107,2019-04-13,450000,0,3.0,1,0,0,False,False,False,False,False,False,False,True,False,False,False,False,False,False,False,False,False,False,False,False,False,False,False,False,False,False,False,False,False,False
Anuncio actualizado el 12 de octubre,0,1,1.0,0,0,1970,en trámite,planta 5ª exterior,0,0,82712341,0,0,Segovia,Distrito José Zorrilla - Padre Claret," , Distrito José Zorrilla - Padre Claret , Segovia , Área de Segovia, Segovia ",,"Área de Segovia, Segovia",55,,2019-04-13,85000,0,2.0,0,0,0,False,False,True,False,False,False,False,False,False,True,False,False,False,False,True,False,False,False,False,False,False,False,False,False,False,False,False,False,False,False
Anuncio actualizado el 10 de abril,0,0,3.0,1,0,,en trámite,planta 2ª exterior,1,0,84117140,0,0,Segovia,Distrito Centro," , Distrito Centro , Segovia , Área de Segovia, Segovia ",,"Área de Segovia, Segovia",160,145,2019-04-13,310000,0,5.0,0,0,0,False,False,False,True,False,False,False,False,False,False,False,False,False,False,False,False,False,False,False,False,False,False,False,False,False,False,True,False,False,False
Anuncio actualizado el 8 de marzo,0,0,1.0,0,0,1973,,planta 2ª exterior,0,0,84250486,0,1,Segovia,Distrito Centro," , Distrito Centro , Segovia , Área de Segovia, Segovia ",,"Área de Segovia, Segovia",98,,2019-04-13,149400,1,3.0,0,0,1,False,False,False,True,False,False,True,False,False,False,False,False,False,False,False,False,False,False,False,False,False,False,False,False,False,False,True,False,False,False
Anuncio actualizado el 4 de abril,0,0,1.0,0,0,,,planta 5ª,0,0,25662347,0,0,Segovia,Distrito El Carmen," Calle santa teresa de jesús , Distrito El Carmen , Segovia , Área de Segovia, Segovia ",Calle santa teresa de jesús,"Área de Segovia, Segovia",78,,2019-04-13,80000,0,3.0,0,0,0,False,False,False,True,False,False,False,False,False,False,False,False,False,False,False,False,False,False,False,False,False,False,False,False,False,False,False,False,False,False
Anuncio actualizado el 8 de noviembre,0,0,1.0,1,0,,en trámite,planta 3ª exterior,0,0,37506406,8,1,Segovia,Distrito Centro," Calle de San Francisco , Distrito Centro , Segovia , Área de Segovia, Segovia ",Calle de San Francisco,"Área de Segovia, Segovia",85,,2019-04-13,195000,0,2.0,0,0,0,False,False,True,False,False,False,False,False,False,False,False,False,False,False,False,False,False,False,False,False,False,False,False,False,False,False,False,False,False,False
Anuncio actualizado el 6 de marzo,1,0,1.0,1,0,1985,en trámite,planta 1ª exterior,0,0,39100183,0,0,Segovia,Distrito Centro," Calle de los Coches , Distrito Centro , Segovia , Área de Segovia, Segovia ",Calle de los Coches,"Área de Segovia, Segovia",90,85,2019-04-13,186000,0,2.0,1,0,1,False,False,True,False,False,False,False,False,False,False,False,False,False,False,False,False,False,False,False,False,False,False,False,False,False,False,False,False,False,False
Anuncio actualizado el 10 de abril,0,0,1.0,0,0,,no indicado,planta 3ª exterior,0,0,36954297,0,1,Segovia,Distrito El Cerro - Crtra. San Rafael," Calle de Jose Zorrilla , Distrito El Cerro - Crtra. San Rafael , Segovia , Área de Segovia, Segovia ",Calle de Jose Zorrilla,"Área de Segovia, Segovia",55,43,2019-04-13,145000,0,1.0,0,0,0,False,False,True,False,False,False,False,True,False,False,False,False,False,False,False,False,False,False,False,False,False,False,False,False,False,False,False,False,False,False
Anuncio actualizado el 11 de junio,0,0,1.0,1,0,,en trámite,planta 3ª exterior,0,0,39857393,0,0,Segovia,Distrito Centro," San Francisco , Distrito Centro , Segovia , Área de Segovia, Segovia ",San Francisco,"Área de Segovia, Segovia",103,73,2019-04-13,141000,0,3.0,0,0,0,False,False,True,False,False,False,False,False,False,False,False,False,False,False,True,False,False,False,False,False,False,False,False,False,False,False,False,False,False,False
Anuncio actualizado el 27 de marzo,0,0,1.0,0,0,,,bajo,0,0,40540745,0,0,Segovia,Distrito Sector Plaza de Toros," Carretera de Valdevilla , Distrito Sector Plaza de Toros , Segovia , Área de Segovia, Segovia ",Carretera de Valdevilla,"Área de Segovia, Segovia",47,35,2019-04-13,52065,0,1.0,0,0,0,False,False,True,False,False,False,False,False,False,False,False,False,False,False,False,False,False,False,False,False,False,False,False,False,False,False,False,False,False,False
Anuncio actualizado el 11 de mayo,0,0,2.0,1,0,,,2 plantas,0,1,37120779,4,,Segovia,Distrito Plaza Mayor - S.Agustín," Doctor Velasco , Distrito Plaza Mayor - S.Agustín , Segovia , Área de Segovia, Segovia ",Doctor Velasco,"Área de Segovia, Segovia",82,,2019-04-13,310000,0,2.0,1,0,1,False,False,True,False,False,False,False,False,False,False,False,False,False,False,True,False,False,False,False,False,False,False,False,False,False,False,False,False,False,False
Anuncio actualizado el 10 de julio,1,0,1.0,1,0,,,planta 1ª exterior,0,0,39720765,0,0,Segovia,Distrito Centro," COCHES , Distrito Centro , Segovia , Área de Segovia, Segovia ",COCHES,"Área de Segovia, Segovia",90,,2019-04-13,186000,0,2.0,1,0,1,False,False,True,False,False,False,False,False,False,False,False,False,False,False,False,False,False,False,False,False,False,False,False,False,False,False,False,False,False,False
Anuncio actualizado el 28 de septiembre,0,0,1.0,1,0,,,planta 4ª interior,1,0,82541125,0,1,Segovia,Distrito Ezequiel González - Cde. Sepulveda," Conde Sepulveda , Distrito Ezequiel González - Cde. Sepulveda , Segovia , Área de Segovia, Segovia ",Conde Sepulveda,"Área de Segovia, Segovia",65,,2019-04-13,135000,1,3.0,1,0,0,False,False,True,False,False,False,False,True,False,False,False,False,False,False,False,False,False,False,False,False,False,False,False,False,False,False,False,False,False,False
Anuncio actualizado el 26 de febrero,0,0,1.0,1,0,,en trámite,planta 3ª exterior,0,0,82821862,6,1,Segovia,Distrito Plaza Mayor - S.Agustín," San Agustín , Distrito Plaza Mayor - S.Agustín , Segovia , Área de Segovia, Segovia ",San Agustín,"Área de Segovia, Segovia",92,73,2019-04-13,190000,0,3.0,0,0,0,False,False,True,False,False,False,False,False,False,True,False,False,False,False,False,False,False,False,False,False,False,False,False,False,False,False,False,True,False,False
Anuncio actualizado el 7 de abril,0,0,2.0,1,0,,no indicado,planta 1ª exterior,1,0,83452693,0,1,Segovia,Distrito El Cerro - Crtra. San Rafael," Calle Buena Vista, 6 , Distrito El Cerro - Crtra. San Rafael , Segovia , Área de Segovia, Segovia ","Calle Buena Vista, 6","Área de Segovia, Segovia",98,,2019-04-13,159000,1,3.0,1,0,1,False,False,True,False,False,False,False,False,False,False,False,False,False,False,False,False,False,False,False,False,False,False,False,False,False,False,False,False,False,False
Anuncio actualizado el 18 de diciembre,0,0,2.0,1,0,,,planta 2ª exterior,0,0,83618324,8,1,Segovia,Distrito Centro," San Francisco , Distrito Centro , Segovia , Área de Segovia, Segovia ",San Francisco,"Área de Segovia, Segovia",90,,2019-04-13,185000,0,2.0,0,0,0,False,False,True,False,False,True,False,False,False,False,False,False,False,False,False,False,False,False,False,False,False,False,False,False,False,False,False,False,False,False
Anuncio actualizado el 27 de marzo,0,0,2.0,0,0,1700,no indicado,,0,0,35953264,7,,Segovia,Distrito Plaza Mayor - S.Agustín," , Distrito Plaza Mayor - S.Agustín , Segovia , Área de Segovia, Segovia ",,"Área de Segovia, Segovia",90,261,2019-04-13,275000,0,8.0,0,0,0,False,False,False,True,False,False,False,False,False,False,False,False,False,False,False,False,False,False,False,False,True,False,False,False,False,False,False,False,False,False
Anuncio actualizado el 6 de febrero,0,0,1.0,1,0,,en trámite,planta 3ª exterior,0,0,84172577,0,0,Segovia,Distrito Ezequiel González - Cde. Sepulveda," Calle Clavel , Distrito Ezequiel González - Cde. Sepulveda , Segovia , Área de Segovia, Segovia ",Calle Clavel,"Área de Segovia, Segovia",85,,2019-04-13,118000,0,3.0,0,0,0,False,False,True,False,False,False,False,True,False,False,False,False,False,False,False,False,False,False,False,False,False,False,False,False,False,False,False,True,False,False
Anuncio actualizado el 25 de febrero,1,0,2.0,0,0,1971,no indicado,planta 3ª,0,0,84431749,0,0,Segovia,Distrito Centro," , Distrito Centro , Segovia , Área de Segovia, Segovia ",,"Área de Segovia, Segovia",74,69,2019-04-13,90000,0,3.0,1,0,1,False,False,True,False,False,False,False,False,False,False,False,False,False,False,False,False,False,False,False,False,False,False,False,False,False,False,True,False,False,False
Anuncio actualizado el 6 de marzo,0,0,2.0,1,0,,en trámite,planta 1ª exterior,1,0,84555698,0,1,Segovia,Distrito Ezequiel González - Cde. Sepulveda," Calle las Lastras, Segovia , Distrito Ezequiel González - Cde. Sepulveda , Segovia , Área de Segovia, Segovia ","Calle las Lastras, Segovia","Área de Segovia, Segovia",105,85,2019-04-13,143000,0,3.0,0,0,0,False,False,True,False,False,True,False,False,False,False,False,False,False,False,False,False,False,False,False,False,False,False,False,False,False,False,False,False,False,False
Anuncio actualizado el 11 de abril,0,0,2.0,0,0,,en trámite,entreplanta exterior,0,0,84788199,0,1,Segovia,Distrito Ezequiel González - Cde. Sepulveda," Calle San Vicente Ferrer, 1 , Distrito Ezequiel González - Cde. Sepulveda , Segovia , Área de Segovia, Segovia ","Calle San Vicente Ferrer, 1","Área de Segovia, Segovia",100,80,2019-04-13,199000,0,4.0,1,0,1,False,False,True,False,False,False,False,False,False,False,False,False,False,False,False,False,False,False,False,False,False,False,False,False,False,False,False,False,False,False
Anuncio actualizado el 10 de abril,0,0,1.0,1,0,,,bajo exterior,1,0,84806545,0,1,Segovia,Distrito El Cerro - Crtra. San Rafael," Carretera de Villacastín, 56 , Distrito El Cerro - Crtra. San Rafael , Segovia , Área de Segovia, Segovia ","Carretera de Villacastín, 56","Área de Segovia, Segovia",50,,2019-04-13,125000,0,1.0,1,1,0,False,False,True,False,False,False,False,False,False,True,False,False,False,False,False,False,False,False,False,False,False,False,False,False,False,False,True,False,False,False
Anuncio actualizado el 10 de abril,0,0,1.0,0,0,,en trámite,planta 1ª,0,0,81354352,0,1,Segovia,Distrito José Zorrilla - Padre Claret," Calle de Jose Zorrilla , Distrito José Zorrilla - Padre Claret , Segovia , Área de Segovia, Segovia ",Calle de Jose Zorrilla,"Área de Segovia, Segovia",100,90,2019-04-13,125000,0,3.0,0,0,0,False,False,False,True,True,False,False,False,False,False,False,False,False,False,False,False,False,False,False,False,False,False,False,False,False,False,False,False,False,False
Anuncio actualizado el 25 de enero,0,0,1.0,1,0,,en trámite,bajo exterior,0,0,81532709,0,1,Segovia,Distrito Sector Plaza de Toros," Carretera de Valdevilla, 11 , Distrito Sector Plaza de Toros , Segovia , Área de Segovia, Segovia ","Carretera de Valdevilla, 11","Área de Segovia, Segovia",47,35,2019-04-13,52065,1,1.0,0,0,0,False,False,True,False,False,False,False,True,False,False,False,False,False,False,False,False,False,False,False,False,False,False,False,False,False,False,True,False,False,False
Anuncio actualizado el 1 de agosto,0,0,2.0,1,0,1984,en trámite,planta 1ª interior,1,0,81939961,0,0,Segovia,Distrito Vía Roma," Via Roma, 12 , Distrito Vía Roma , Segovia , Área de Segovia, Segovia ","Via Roma, 12","Área de Segovia, Segovia",99,85,2019-04-13,195000,0,3.0,0,0,1,False,False,True,False,False,False,False,False,False,False,False,False,False,False,False,False,False,False,False,False,False,False,False,False,False,False,True,False,False,False
Anuncio actualizado el 10 de abril,0,0,1.0,0,0,1974,en trámite,planta 4ª,0,0,81881873,0,,Segovia,Distrito Sector Plaza de Toros," Plaza de Federico Chueca , Distrito Sector Plaza de Toros , Segovia , Área de Segovia, Segovia ",Plaza de Federico Chueca,"Área de Segovia, Segovia",72,65,2019-04-13,49500,0,3.0,1,0,0,False,False,False,True,False,False,False,True,False,False,False,False,False,False,False,False,False,False,False,False,False,False,False,False,False,False,False,False,False,False
Anuncio actualizado el 21 de febrero,0,0,2.0,0,0,1981,,planta 3ª,1,0,38779695,0,1,Segovia,Distrito El Cerro - Crtra. San Rafael," , Distrito El Cerro - Crtra. San Rafael , Segovia , Área de Segovia, Segovia ",,"Área de Segovia, Segovia",148,,2019-04-13,137000,0,4.0,0,0,0,False,False,False,False,False,False,False,False,False,False,False,False,False,False,False,False,False,False,False,False,False,False,False,False,False,False,False,False,False,False
Anuncio actualizado el 10 de abril,0,0,0.0,0,0,,no indicado,,0,0,37036508,7,,Segovia,Distrito S.Lorenzo - S.Marcos," Calle la Hoya , Distrito S.Lorenzo - S.Marcos , Segovia , Área de Segovia, Segovia ",Calle la Hoya,"Área de Segovia, Segovia",228,,2019-04-13,99000,0,0.0,0,0,0,False,False,False,True,False,False,False,False,False,False,False,False,False,False,False,False,False,False,False,False,False,False,False,False,False,False,False,False,False,False
Anuncio actualizado el 28 de noviembre,0,1,2.0,1,0,,en trámite,planta 2ª exterior,1,0,83330594,0,1,Segovia,Distrito Plaza Mayor - S.Agustín," Plaza San Nicolas s/n , Distrito Plaza Mayor - S.Agustín , Segovia , Área de Segovia, Segovia ",Plaza San Nicolas s/n,"Área de Segovia, Segovia",120,104,2019-04-13,174000,0,4.0,0,0,1,False,False,False,True,False,False,True,False,False,False,False,False,False,False,False,False,False,False,False,True,False,False,False,False,False,False,False,False,False,False
Anuncio actualizado el 7 de noviembre,0,0,2.0,0,0,,,planta 1ª,0,0,33142387,0,1,Segovia,Distrito Centro," Calle la independencia, 11 , Urb. 34721-0001 , Distrito Centro , Segovia , Área de Segovia, Segovia ",Urb. 34721-0001,"Área de Segovia, Segovia",138,,2019-04-13,179700,0,4.0,0,0,0,False,False,False,False,False,False,False,False,False,False,False,False,False,False,False,False,False,False,False,False,False,False,False,False,False,False,False,False,False,False
Anuncio actualizado el 3 de diciembre,0,0,2.0,0,0,,en trámite,bajo,0,0,39069477,0,,Segovia,Distrito S.Lorenzo - S.Marcos," , Distrito S.Lorenzo - S.Marcos , Segovia , Área de Segovia, Segovia ",,"Área de Segovia, Segovia",120,100,2019-04-13,177000,0,2.0,1,0,0,False,False,False,False,False,False,False,True,False,False,False,False,False,False,False,False,False,False,False,False,False,False,False,False,False,False,False,False,False,False
Anuncio actualizado el 24 de marzo,0,1,1.0,1,0,,en trámite,planta 1ª exterior,0,0,29353025,0,0,Segovia,Distrito Vía Roma," Carretera Trescasas, 34 , Distrito Vía Roma , Segovia , Área de Segovia, Segovia ","Carretera Trescasas, 34","Área de Segovia, Segovia",98,,2019-04-13,153000,0,3.0,0,0,1,False,False,True,False,False,False,False,False,False,False,False,False,False,False,False,True,False,False,False,False,False,False,False,False,False,False,False,False,False,False
Anuncio actualizado el 9 de abril,0,0,1.0,0,0,,no indicado,planta 2ª exterior,0,0,83214130,0,1,Segovia,Distrito Centro," , Distrito Centro , Segovia , Área de Segovia, Segovia ",,"Área de Segovia, Segovia",80,,2019-04-13,155000,0,3.0,0,0,0,False,False,False,False,False,False,False,False,False,False,False,False,False,False,False,False,False,False,False,False,False,False,False,False,False,False,False,False,False,False
Anuncio actualizado el 5 de febrero,0,0,2.0,0,0,,no indicado,planta 2ª exterior,0,0,83214137,0,1,Segovia,Distrito Centro," , Distrito Centro , Segovia , Área de Segovia, Segovia ",,"Área de Segovia, Segovia",125,,2019-04-13,275000,0,3.0,1,0,1,False,False,False,False,False,False,False,False,False,False,False,False,False,False,False,False,False,False,False,False,False,False,False,False,False,False,False,False,False,False
Anuncio actualizado el 28 de enero,0,0,2.0,0,0,,en trámite,planta 2ª exterior,0,0,39069416,0,,Segovia,Distrito S.Lorenzo - S.Marcos," , Distrito S.Lorenzo - S.Marcos , Segovia , Área de Segovia, Segovia ",,"Área de Segovia, Segovia",110,88,2019-04-13,160000,0,4.0,0,0,0,False,False,False,False,True,False,False,False,False,False,False,False,False,False,False,False,False,False,False,False,False,False,False,False,False,False,False,False,False,False
Anuncio actualizado el 30 de noviembre,0,0,3.0,1,0,,,planta 3ª exterior,0,0,82996977,8,,Segovia,Distrito Centro," , Distrito Centro , Segovia , Área de Segovia, Segovia ",,"Área de Segovia, Segovia",280,240,2019-04-13,396000,0,5.0,1,0,0,False,False,True,False,False,False,False,True,False,False,False,False,False,False,False,False,False,False,False,False,False,False,False,False,False,False,False,False,False,False
Anuncio actualizado el 7 de abril,0,0,1.0,1,0,,no indicado,planta 3ª exterior,0,0,83610610,0,0,Segovia,Distrito Sector Plaza de Toros," Carretera de Valdevilla, 3 , Distrito Sector Plaza de Toros , Segovia , Área de Segovia, Segovia ","Carretera de Valdevilla, 3","Área de Segovia, Segovia",53,50,2019-04-13,43750,0,2.0,0,0,0,False,False,True,False,False,False,False,False,False,False,False,False,False,False,False,False,False,False,False,False,False,False,False,False,False,False,True,False,False,False
Anuncio actualizado el 10 de abril,0,0,2.0,0,0,,en trámite,planta 1ª exterior,1,0,84069675,0,1,Segovia,Distrito Sector Plaza de Toros," Plaza Tirso de Molina, 13 , Distrito Sector Plaza de Toros , Segovia , Área de Segovia, Segovia ","Plaza Tirso de Molina, 13","Área de Segovia, Segovia",90,,2019-04-13,170000,0,3.0,1,0,0,False,False,True,False,False,False,False,False,False,False,False,False,False,False,False,False,True,False,False,False,False,False,False,False,False,False,False,False,False,False
Anuncio actualizado el 14 de enero,0,0,1.0,0,0,,no indicado,planta 3ª exterior,0,0,37517151,0,0,Segovia,Distrito El Cerro - Crtra. San Rafael," Avenida del obispo quesada, 12 , Distrito El Cerro - Crtra. San Rafael , Segovia , Área de Segovia, Segovia ","Avenida del obispo quesada, 12","Área de Segovia, Segovia",90,80,2019-04-13,65000,0,4.0,0,0,1,False,False,False,True,False,False,False,False,False,False,False,False,False,False,False,False,False,False,False,False,False,False,False,False,False,False,False,False,False,False
Anuncio actualizado el 19 de marzo,0,1,1.0,0,0,1978,no indicado,planta 2ª exterior,1,0,82781304,0,0,Segovia,Distrito S.Lorenzo - S.Marcos," , Distrito S.Lorenzo - S.Marcos , Segovia , Área de Segovia, Segovia ",,"Área de Segovia, Segovia",83,75,2019-04-13,95000,0,3.0,0,0,0,False,False,True,False,False,False,False,False,False,False,False,False,False,False,False,False,False,False,False,False,False,False,False,False,False,False,False,False,False,False
Anuncio actualizado el 23 de enero,0,0,2.0,1,0,1974,en trámite,bajo exterior,0,0,82813087,0,0,Segovia,Distrito Centro," Calle Teniente Ochoa , Distrito Centro , Segovia , Área de Segovia, Segovia ",Calle Teniente Ochoa,"Área de Segovia, Segovia",76,68,2019-04-13,115000,0,3.0,1,0,0,False,False,True,False,False,False,False,False,False,True,False,False,False,False,False,True,False,False,False,False,False,False,False,False,False,False,False,False,False,False
Anuncio actualizado el 11 de febrero,0,0,1.0,0,0,,en trámite,planta 3ª,0,0,83844048,0,,Segovia,Distrito El Cerro - Crtra. San Rafael," Calle Malagosto , Distrito El Cerro - Crtra. San Rafael , Segovia , Área de Segovia, Segovia ",Calle Malagosto,"Área de Segovia, Segovia",100,,2019-04-13,93000,0,3.0,0,0,0,False,False,False,False,False,False,False,False,False,False,False,False,False,False,False,False,False,False,False,False,False,False,False,False,False,False,False,False,False,False
Anuncio actualizado el 25 de enero,0,0,1.0,0,0,,en trámite,,0,0,84027987,0,,Segovia,Distrito Centro," Calle Santa Isabel , Distrito Centro , Segovia , Área de Segovia, Segovia ",Calle Santa Isabel,"Área de Segovia, Segovia",85,,2019-04-13,136000,0,3.0,0,0,0,False,False,False,False,False,False,False,False,False,False,False,False,False,False,False,False,False,False,False,False,False,False,False,False,False,False,False,False,False,False
Anuncio actualizado el 29 de enero,0,0,2.0,1,0,2004,no indicado,bajo exterior,0,0,82013574,8,0,Segovia,Distrito S.Lorenzo - S.Marcos," , Distrito S.Lorenzo - S.Marcos , Segovia , Área de Segovia, Segovia ",,"Área de Segovia, Segovia",99,75,2019-04-13,95000,0,3.0,0,0,1,False,False,True,False,False,False,False,False,False,False,False,False,False,False,False,True,False,False,False,False,False,False,False,False,False,False,False,False,False,False
Anuncio actualizado el 27 de febrero,0,0,2.0,0,0,2000,no indicado,bajo exterior,1,0,83446962,0,1,Segovia,Distrito El Cerro - Crtra. San Rafael," , Distrito El Cerro - Crtra. San Rafael , Segovia , Área de Segovia, Segovia ",,"Área de Segovia, Segovia",96,85,2019-04-13,169000,0,3.0,1,0,0,False,False,True,False,False,False,False,False,False,False,False,False,False,False,False,False,False,False,False,False,False,False,False,False,False,False,False,False,False,True
Anuncio actualizado el 29 de enero,0,0,2.0,1,0,1985,no indicado,planta 2ª exterior,1,0,83204700,0,1,Segovia,Distrito Sector Plaza de Toros," , Distrito Sector Plaza de Toros , Segovia , Área de Segovia, Segovia ",,"Área de Segovia, Segovia",95,87,2019-04-13,150000,0,4.0,1,0,1,False,False,True,False,False,False,False,False,False,False,False,False,False,False,False,False,False,False,False,False,False,False,False,False,False,False,False,False,False,False
Anuncio actualizado el 5 de febrero,0,0,1.0,0,0,1967,no indicado,planta 1ª,0,0,84023771,0,1,Segovia,Distrito Centro," , Distrito Centro , Segovia , Área de Segovia, Segovia ",,"Área de Segovia, Segovia",76,64,2019-04-13,136000,0,3.0,0,0,0,False,False,True,False,False,False,False,False,False,False,False,False,False,False,True,False,False,False,False,False,False,False,False,False,False,False,False,False,False,False
Anuncio actualizado el 15 de febrero,0,0,2.0,0,0,,no indicado,bajo,1,0,81574524,0,1,Segovia,Distrito Sector Plaza de Toros," Calle de los Depositos, 10 , Distrito Sector Plaza de Toros , Segovia , Área de Segovia, Segovia ","Calle de los Depositos, 10","Área de Segovia, Segovia",136,113,2019-04-13,191038,0,3.0,0,0,0,False,False,False,False,False,False,False,False,False,False,False,False,False,False,False,False,False,False,False,False,False,False,False,False,False,False,False,False,False,False
Anuncio actualizado el 15 de febrero,0,0,2.0,0,0,,no indicado,bajo,1,0,39449207,0,1,Segovia,Distrito Sector Plaza de Toros," Calle de los depositos, 10 , Distrito Sector Plaza de Toros , Segovia , Área de Segovia, Segovia ","Calle de los depositos, 10","Área de Segovia, Segovia",133,112,2019-04-13,186722,0,3.0,0,0,0,False,False,False,False,False,False,False,False,False,False,False,False,False,False,False,False,False,False,False,False,False,False,False,False,False,False,False,False,False,False
Anuncio actualizado el 15 de febrero,0,0,2.0,0,0,,no indicado,bajo,1,0,39837150,0,1,Segovia,Distrito Sector Plaza de Toros," Calle de los depositos, 16 , Distrito Sector Plaza de Toros , Segovia , Área de Segovia, Segovia ","Calle de los depositos, 16","Área de Segovia, Segovia",133,112,2019-04-13,187312,0,3.0,0,0,0,False,False,False,False,False,False,False,False,False,False,False,False,False,False,False,False,False,False,False,False,False,False,False,False,False,False,False,False,False,False
Anuncio actualizado el 15 de febrero,0,0,2.0,0,0,,no indicado,bajo,1,0,38960028,0,1,Segovia,Distrito Sector Plaza de Toros," Calle de los depositos, 12 , Distrito Sector Plaza de Toros , Segovia , Área de Segovia, Segovia ","Calle de los depositos, 12","Área de Segovia, Segovia",134,112,2019-04-13,188270,0,3.0,0,0,0,False,False,False,False,False,False,False,False,False,False,False,False,False,False,False,False,False,False,False,False,False,False,False,False,False,False,False,False,False,False
Anuncio actualizado el 19 de febrero,0,0,1.0,0,0,,en trámite,planta 1ª,0,0,84349209,0,,Segovia,Distrito El Cerro - Crtra. San Rafael," Carretera de Villacastín , Distrito El Cerro - Crtra. San Rafael , Segovia , Área de Segovia, Segovia ",Carretera de Villacastín,"Área de Segovia, Segovia",58,,2019-04-13,45600,0,1.0,0,0,0,False,False,False,False,False,False,False,False,False,False,False,False,False,False,False,False,False,False,False,False,False,False,False,False,False,False,False,False,False,False
Anuncio actualizado el 10 de abril,0,0,2.0,1,0,,en trámite,planta 1ª,0,0,39413955,0,,Segovia,Distrito José Zorrilla - Padre Claret," , Distrito José Zorrilla - Padre Claret , Segovia , Área de Segovia, Segovia ",,"Área de Segovia, Segovia",100,,2019-04-13,176000,0,3.0,1,0,0,False,False,True,False,False,False,False,True,False,False,False,False,False,False,True,False,False,False,False,False,False,False,False,False,False,False,False,False,False,False
Anuncio actualizado el 5 de abril,0,0,2.0,1,0,2007,no indicado,planta 3ª exterior,1,0,84566752,0,1,Segovia,Distrito José Zorrilla - Padre Claret," , Distrito José Zorrilla - Padre Claret , Segovia , Área de Segovia, Segovia ",,"Área de Segovia, Segovia",77,70,2019-04-13,240000,1,2.0,1,0,1,False,False,True,False,False,False,False,False,False,False,False,False,False,False,False,False,False,False,False,False,False,False,False,False,True,False,False,False,False,False
Anuncio actualizado el 24 de marzo,0,0,2.0,0,0,1999,en trámite,planta 2ª,0,0,84612193,0,,Segovia,Distrito El Cerro - Crtra. San Rafael," Carretera de Villacastín , Distrito El Cerro - Crtra. San Rafael , Segovia , Área de Segovia, Segovia ",Carretera de Villacastín,"Área de Segovia, Segovia",85,,2019-04-13,102000,0,3.0,0,0,0,False,False,False,False,False,False,False,False,False,False,False,False,False,False,False,False,False,False,False,False,False,False,False,False,False,False,False,False,False,False
Anuncio actualizado el 17 de enero,0,0,1.0,0,0,,no indicado,planta 4ª exterior,0,0,83242555,0,0,Segovia,Distrito Plaza Mayor - S.Agustín," Calle del Mal Consejo, 6 , Distrito Plaza Mayor - S.Agustín , Segovia , Área de Segovia, Segovia ","Calle del Mal Consejo, 6","Área de Segovia, Segovia",75,,2019-04-13,115000,0,3.0,0,0,1,False,False,True,False,False,False,False,False,False,False,False,False,False,True,False,False,False,False,False,False,False,False,False,False,True,False,False,False,False,False
Anuncio actualizado el 10 de abril,0,0,1.0,0,0,,,planta 2ª,0,0,37800478,0,,Segovia,Distrito Sector Plaza de Toros," Calle Tomasa de la Iglesia , Distrito Sector Plaza de Toros , Segovia , Área de Segovia, Segovia ",Calle Tomasa de la Iglesia,"Área de Segovia, Segovia",65,50,2019-04-13,58000,0,3.0,0,0,0,False,False,True,False,False,False,False,False,False,False,False,False,False,False,False,False,False,False,False,False,False,False,False,False,False,False,False,False,False,False
Anuncio actualizado el 10 de abril,0,1,2.0,1,0,,en trámite,planta 2ª,0,0,38012490,0,1,Segovia,Distrito Plaza Mayor - S.Agustín," Cuesta San Bartolomé , Distrito Plaza Mayor - S.Agustín , Segovia , Área de Segovia, Segovia ",Cuesta San Bartolomé,"Área de Segovia, Segovia",104,94,2019-04-13,174000,0,4.0,0,0,1,False,False,True,False,False,False,False,True,False,False,False,False,False,False,False,False,False,False,False,False,False,False,False,False,False,False,False,False,False,False
Anuncio actualizado el 6 de noviembre,0,0,2.0,1,0,1973,no indicado,planta 2ª exterior,1,0,39436053,0,0,Segovia,Distrito Ezequiel González - Cde. Sepulveda," , Distrito Ezequiel González - Cde. Sepulveda , Segovia , Área de Segovia, Segovia ",,"Área de Segovia, Segovia",127,117,2019-04-13,180000,0,4.0,0,0,1,False,False,False,True,False,False,False,False,False,False,False,False,False,False,False,False,False,False,False,False,False,False,False,False,False,False,False,False,False,False
Anuncio actualizado el 10 de abril,0,0,1.0,0,0,,en trámite,planta 3ª,0,0,39770802,0,1,Segovia,Distrito José Zorrilla - Padre Claret," Calle la Cruz de Mayo , Distrito José Zorrilla - Padre Claret , Segovia , Área de Segovia, Segovia ",Calle la Cruz de Mayo,"Área de Segovia, Segovia",80,70,2019-04-13,149900,0,3.0,1,0,1,False,False,True,False,False,False,False,False,False,False,False,False,False,False,False,False,False,False,False,False,False,False,False,False,False,False,False,False,False,False
Anuncio actualizado el 10 de abril,0,0,1.0,1,0,,en trámite,bajo,1,0,39944672,0,1,Segovia,Distrito Centro," Calle María de Pablos Cerezo , Distrito Centro , Segovia , Área de Segovia, Segovia ",Calle María de Pablos Cerezo,"Área de Segovia, Segovia",59,48,2019-04-13,90000,0,1.0,0,0,0,False,False,True,False,False,False,False,True,False,False,False,False,False,False,False,False,False,False,False,False,False,False,False,False,False,False,False,False,False,False
Anuncio actualizado el 23 de octubre,0,0,1.0,0,0,,en trámite,planta 1ª,0,0,40516666,0,,Segovia,Distrito José Zorrilla - Padre Claret," , Distrito José Zorrilla - Padre Claret , Segovia , Área de Segovia, Segovia ",,"Área de Segovia, Segovia",75,69,2019-04-13,87000,0,3.0,0,0,0,False,False,False,False,False,False,False,False,False,False,False,False,False,False,False,False,False,False,False,False,False,False,False,False,False,False,False,False,False,False
Anuncio actualizado el 10 de abril,0,0,2.0,0,0,,en trámite,planta 3ª,0,0,81242547,0,,Segovia,Distrito Centro," Calle Juan Bravo , Distrito Centro , Segovia , Área de Segovia, Segovia ",Calle Juan Bravo,"Área de Segovia, Segovia",203,183,2019-04-13,350000,0,4.0,1,0,1,False,False,False,True,False,False,False,True,False,False,False,False,False,False,False,False,False,False,False,False,False,False,False,False,False,False,False,False,False,False
Anuncio actualizado el 10 de abril,0,0,1.0,0,0,,en trámite,planta 3ª,0,0,81421818,0,1,Segovia,Distrito Centro," Calle Santo Tomás , Distrito Centro , Segovia , Área de Segovia, Segovia ",Calle Santo Tomás,"Área de Segovia, Segovia",87,79,2019-04-13,135000,1,3.0,0,0,1,False,False,True,False,True,False,False,False,False,False,False,False,False,False,False,False,False,False,False,False,False,False,False,False,False,False,False,False,False,False
Anuncio actualizado el 10 de abril,0,0,2.0,1,0,,en trámite,planta 1ª,0,0,81305105,0,1,Segovia,Distrito José Zorrilla - Padre Claret," Calle Coronel Rexach , Distrito José Zorrilla - Padre Claret , Segovia , Área de Segovia, Segovia ",Calle Coronel Rexach,"Área de Segovia, Segovia",120,100,2019-04-13,218000,0,4.0,0,0,1,False,False,True,False,True,False,False,False,False,False,False,False,False,False,False,False,False,False,False,False,False,False,False,False,False,False,False,False,False,False
Anuncio actualizado el 10 de abril,0,0,1.0,0,0,,en trámite,planta 2ª,0,0,81509715,0,1,Segovia,Distrito Centro," Calle Santo Tomás , Distrito Centro , Segovia , Área de Segovia, Segovia ",Calle Santo Tomás,"Área de Segovia, Segovia",91,80,2019-04-13,135000,1,3.0,0,0,1,False,False,True,False,True,False,False,False,False,False,False,False,False,False,False,False,False,False,False,False,False,False,False,False,False,False,False,False,False,False
Anuncio actualizado el 10 de abril,0,0,2.0,1,0,,en trámite,planta 1ª,0,0,81437754,0,,Segovia,Distrito Plaza Mayor - S.Agustín," Calle Daoiz , Distrito Plaza Mayor - S.Agustín , Segovia , Área de Segovia, Segovia ",Calle Daoiz,"Área de Segovia, Segovia",180,160,2019-04-13,310000,0,5.0,0,0,0,False,False,False,True,False,False,False,False,True,False,False,False,False,False,False,False,False,False,False,False,False,False,False,False,False,False,False,False,False,False
Anuncio actualizado el 10 de abril,0,0,2.0,1,0,,en trámite,planta 1ª,1,0,81229439,0,1,Segovia,Distrito Centro," Calle Larga , Distrito Centro , Segovia , Área de Segovia, Segovia ",Calle Larga,"Área de Segovia, Segovia",85,75,2019-04-13,213000,0,2.0,0,0,1,False,False,True,False,False,False,False,True,False,False,False,False,False,False,False,False,False,False,False,False,False,False,False,False,False,False,False,False,False,False
Anuncio actualizado el 10 de abril,0,0,2.0,0,0,1968,en trámite,planta 1ª,0,0,82536312,0,,Segovia,Distrito José Zorrilla - Padre Claret," Calle Blanca de Silos , Distrito José Zorrilla - Padre Claret , Segovia , Área de Segovia, Segovia ",Calle Blanca de Silos,"Área de Segovia, Segovia",85,76,2019-04-13,176000,0,3.0,1,0,0,False,False,True,False,False,False,False,True,False,False,False,False,False,False,False,False,False,False,False,False,False,False,False,False,False,False,False,False,False,False
Anuncio actualizado el 10 de abril,0,0,1.0,0,0,1975,en trámite,planta 3ª,1,0,82661155,0,,Segovia,Distrito Centro," Calle los Estiradores , Distrito Centro , Segovia , Área de Segovia, Segovia ",Calle los Estiradores,"Área de Segovia, Segovia",96,88,2019-04-13,134000,0,3.0,0,0,1,False,False,False,True,True,False,False,False,False,False,False,False,False,False,False,False,False,False,False,False,False,False,False,False,False,False,False,False,False,False
Anuncio actualizado el 10 de abril,0,0,1.0,1,0,,en trámite,planta 2ª,0,0,82763509,0,,Segovia,Distrito S.Lorenzo - S.Marcos," Calle de las Nieves , Distrito S.Lorenzo - S.Marcos , Segovia , Área de Segovia, Segovia ",Calle de las Nieves,"Área de Segovia, Segovia",70,63,2019-04-13,69000,0,3.0,1,0,0,False,False,True,False,False,False,False,True,False,False,False,False,False,False,False,False,False,False,False,False,False,False,False,False,False,False,False,False,False,False
Anuncio actualizado el 10 de abril,0,0,1.0,0,0,1966,en trámite,planta 5ª,0,0,82793232,0,1,Segovia,Distrito Centro," Paseo Ezequiel González , Distrito Centro , Segovia , Área de Segovia, Segovia ",Paseo Ezequiel González,"Área de Segovia, Segovia",93,78,2019-04-13,170000,1,2.0,1,0,1,False,False,False,True,True,False,False,False,False,False,False,False,False,False,False,False,False,False,False,False,False,False,False,False,False,False,True,False,False,False
Anuncio actualizado el 6 de marzo,0,0,2.0,0,0,,en trámite,planta 1ª exterior,1,0,82984495,0,1,Segovia,Distrito El Cerro - Crtra. San Rafael," , Distrito El Cerro - Crtra. San Rafael , Segovia , Área de Segovia, Segovia ",,"Área de Segovia, Segovia",130,115,2019-04-13,143000,0,4.0,0,0,0,False,False,False,False,False,False,False,False,False,False,False,False,False,False,False,False,False,False,False,False,False,False,False,False,False,False,False,False,False,False
Anuncio actualizado el 10 de abril,0,0,1.0,0,0,,en trámite,planta 1ª,0,0,83235643,0,,Segovia,Distrito Plaza Mayor - S.Agustín," Calle del Mal Consejo , Distrito Plaza Mayor - S.Agustín , Segovia , Área de Segovia, Segovia ",Calle del Mal Consejo,"Área de Segovia, Segovia",98,90,2019-04-13,140000,0,3.0,0,0,1,False,False,True,False,False,False,False,False,False,False,False,False,False,False,False,False,False,False,False,False,False,False,False,False,False,False,False,False,False,False
Anuncio actualizado el 10 de abril,0,0,2.0,0,0,,en trámite,planta 3ª,1,0,40565242,0,,Segovia,Distrito Vía Roma," Calle Cuéllar , Distrito Vía Roma , Segovia , Área de Segovia, Segovia ",Calle Cuéllar,"Área de Segovia, Segovia",105,98,2019-04-13,121000,0,4.0,1,0,1,False,False,True,False,False,False,False,True,False,False,False,False,False,False,False,False,False,False,False,False,False,False,False,False,False,False,False,False,False,False
Anuncio actualizado el 10 de abril,0,0,1.0,1,0,,en trámite,planta 2ª,1,0,83558906,0,1,Segovia,Distrito Vía Roma," Camino la Presa , Distrito Vía Roma , Segovia , Área de Segovia, Segovia ",Camino la Presa,"Área de Segovia, Segovia",75,65,2019-04-13,114000,0,2.0,1,0,1,False,False,True,False,False,False,False,False,True,False,False,False,False,False,False,False,False,False,False,False,False,False,False,False,False,False,False,False,False,False
Anuncio actualizado el 14 de marzo,0,0,2.0,0,0,,en trámite,planta 2ª exterior,1,0,83642749,0,1,Segovia,Distrito Centro," , Distrito Centro , Segovia , Área de Segovia, Segovia ",,"Área de Segovia, Segovia",136,105,2019-04-13,206000,0,4.0,0,0,0,False,False,True,False,False,False,False,False,False,False,False,False,False,False,False,False,False,False,False,False,False,False,False,False,False,False,False,False,False,False
Anuncio actualizado el 10 de abril,0,0,2.0,1,0,2005,en trámite,planta 3ª exterior,1,0,83775243,0,1,Segovia,Distrito Centro," Calle María de Pablos Cerezo , Distrito Centro , Segovia , Área de Segovia, Segovia ",Calle María de Pablos Cerezo,"Área de Segovia, Segovia",145,112,2019-04-13,235000,1,3.0,0,0,1,False,False,True,False,False,False,False,True,False,False,False,False,False,False,False,False,False,False,False,False,False,False,False,False,False,False,False,False,False,False
Anuncio actualizado el 10 de abril,0,0,2.0,0,0,2008,en trámite,,0,0,84087787,2,,Segovia,Distrito S.Lorenzo - S.Marcos," Calle Rosario , Distrito S.Lorenzo - S.Marcos , Segovia , Área de Segovia, Segovia ",Calle Rosario,"Área de Segovia, Segovia",120,,2019-04-13,245000,0,4.0,0,0,0,False,False,True,False,False,False,False,True,False,False,False,False,False,False,False,False,False,False,False,False,False,False,False,False,False,False,False,False,False,False
Anuncio actualizado el 14 de febrero,0,0,2.0,0,0,,en trámite,planta 3ª exterior,0,0,84032515,0,0,Segovia,Distrito S.Lorenzo - S.Marcos," , Distrito S.Lorenzo - S.Marcos , Segovia , Área de Segovia, Segovia ",,"Área de Segovia, Segovia",110,95,2019-04-13,120000,0,4.0,0,1,0,False,False,True,False,False,False,False,False,False,False,False,False,False,False,False,False,False,False,False,False,False,False,False,False,False,False,False,False,False,False
Anuncio actualizado el 10 de abril,0,0,2.0,1,0,,en trámite,planta 1ª exterior,1,0,84423194,0,1,Segovia,Distrito Sector Plaza de Toros," Plaza Calderón de La Barca , Distrito Sector Plaza de Toros , Segovia , Área de Segovia, Segovia ",Plaza Calderón de La Barca,"Área de Segovia, Segovia",120,100,2019-04-13,139500,0,3.0,1,0,0,False,False,True,False,False,False,False,True,False,False,False,False,False,False,False,False,False,False,False,False,False,False,False,False,False,False,False,False,False,False
Anuncio actualizado el 14 de marzo,0,0,2.0,0,0,,en trámite,planta 2ª exterior,0,0,84426228,0,0,Segovia,Distrito Plaza Mayor - S.Agustín," , Distrito Plaza Mayor - S.Agustín , Segovia , Área de Segovia, Segovia ",,"Área de Segovia, Segovia",196,,2019-04-13,399000,0,4.0,0,0,0,False,False,True,False,False,False,False,False,False,False,False,False,False,False,False,False,False,False,False,False,False,False,False,False,False,False,False,False,False,False
Anuncio actualizado el 10 de abril,0,0,1.0,0,0,,en trámite,planta 1ª,0,0,84451687,0,,Segovia,Distrito José Zorrilla - Padre Claret," Calle San Antonio el Real , Distrito José Zorrilla - Padre Claret , Segovia , Área de Segovia, Segovia ",Calle San Antonio el Real,"Área de Segovia, Segovia",80,75,2019-04-13,126000,0,3.0,1,0,0,False,False,True,False,False,False,False,False,False,False,False,False,False,False,False,False,False,False,False,False,False,False,False,False,False,False,False,False,False,False
Anuncio actualizado el 10 de abril,0,0,1.0,1,0,,no indicado,planta 1ª,1,0,84558418,0,,Segovia,Distrito Sector Plaza de Toros," Plaza Calderón de La Barca , Distrito Sector Plaza de Toros , Segovia , Área de Segovia, Segovia ",Plaza Calderón de La Barca,"Área de Segovia, Segovia",85,75,2019-04-13,122500,0,3.0,0,0,0,False,False,True,False,False,False,False,False,False,False,False,False,False,False,False,False,False,False,False,False,False,False,False,False,False,False,False,False,False,False
Anuncio actualizado el 10 de abril,0,0,2.0,1,0,,en trámite,planta 3ª exterior,0,0,84558416,0,1,Segovia,Distrito Centro," Calle Severo Ochoa , Distrito Centro , Segovia , Área de Segovia, Segovia ",Calle Severo Ochoa,"Área de Segovia, Segovia",117,104,2019-04-13,215000,0,4.0,1,0,1,False,False,False,True,False,False,False,False,False,True,False,False,False,False,False,False,False,False,False,False,False,False,False,False,False,False,False,False,False,False
Anuncio actualizado el 10 de abril,0,0,1.0,0,0,1980,en trámite,planta 2ª,1,0,84654101,0,0,Segovia,Distrito José Zorrilla - Padre Claret," , Distrito José Zorrilla - Padre Claret , Segovia , Área de Segovia, Segovia ",,"Área de Segovia, Segovia",104,100,2019-04-13,145000,0,3.0,0,0,0,False,False,True,False,False,False,False,False,False,False,False,False,False,False,False,False,False,False,False,False,False,False,False,False,False,False,False,False,False,False
Anuncio actualizado el 11 de abril,1,1,2.0,1,0,2010,no indicado,planta 4ª exterior,0,0,84751931,0,1,Segovia,Distrito El Cerro - Crtra. San Rafael," , Distrito El Cerro - Crtra. San Rafael , Segovia , Área de Segovia, Segovia ",,"Área de Segovia, Segovia",126,83,2019-04-13,245000,1,2.0,0,0,1,False,False,True,False,False,False,False,False,False,False,False,False,False,False,True,False,False,False,False,False,False,False,False,False,False,False,False,False,False,False
Anuncio actualizado el 26 de marzo,0,0,1.0,1,0,,en trámite,planta 2ª exterior,1,0,84757068,0,1,Segovia,Distrito Vía Roma," Camino de la Presa , Distrito Vía Roma , Segovia , Área de Segovia, Segovia ",Camino de la Presa,"Área de Segovia, Segovia",70,58,2019-04-13,114000,0,2.0,1,0,1,False,False,True,False,False,False,False,False,True,False,False,False,False,False,False,False,False,False,False,False,False,False,False,False,False,False,False,False,False,True
Anuncio actualizado el 28 de marzo,0,0,2.0,0,0,1964,en trámite,planta 2ª exterior,0,0,84843994,0,0,Segovia,Distrito Centro," , Distrito Centro , Segovia , Área de Segovia, Segovia ",,"Área de Segovia, Segovia",134,112,2019-04-13,210000,0,4.0,0,0,1,False,False,True,False,False,False,False,False,False,False,False,False,False,False,False,False,False,False,False,False,False,False,False,False,False,False,False,False,False,False
Anuncio actualizado el 29 de marzo,0,1,4.0,1,1,1979,no indicado,,0,0,84871643,9,,Segovia,Distrito Plaza Mayor - S.Agustín," , Distrito Plaza Mayor - S.Agustín , Segovia , Área de Segovia, Segovia ",,"Área de Segovia, Segovia",183,290,2019-04-13,480000,0,5.0,0,0,1,False,False,True,False,False,False,False,False,False,False,False,False,False,False,False,False,False,False,False,False,False,False,False,False,False,False,True,False,False,False
Anuncio actualizado el 4 de abril,0,0,1.0,1,0,,,planta 2ª exterior,0,0,84941497,0,1,Segovia,Distrito Centro," Escultor Marinas , Distrito Centro , Segovia , Área de Segovia, Segovia ",Escultor Marinas,"Área de Segovia, Segovia",67,50,2019-04-13,160000,0,2.0,0,0,0,False,False,True,False,False,False,False,False,False,False,False,False,False,False,False,False,False,False,False,False,False,False,False,False,False,False,False,False,False,False
Anuncio actualizado el 7 de abril,0,0,2.0,1,0,,,3 plantas,1,1,25622356,4,,Segovia,Distrito Sector Plaza de Toros," Plaza Góngora, 11 , Distrito Sector Plaza de Toros , Segovia , Área de Segovia, Segovia ","Plaza Góngora, 11","Área de Segovia, Segovia",185,170,2019-04-13,220000,0,4.0,1,0,1,False,False,True,False,False,False,False,False,False,True,False,False,False,False,False,False,False,False,False,False,False,False,False,False,False,False,True,False,False,False
Anuncio actualizado el 23 de enero,0,0,1.0,1,0,,en trámite,planta 3ª exterior,0,0,29278224,0,0,Segovia,Distrito Sector Plaza de Toros," , Distrito Sector Plaza de Toros , Segovia , Área de Segovia, Segovia ",,"Área de Segovia, Segovia",72,65,2019-04-13,55000,0,3.0,0,0,0,False,False,True,False,False,False,False,False,False,False,False,False,False,False,False,False,False,False,False,False,False,False,False,False,True,False,False,False,False,False
Anuncio actualizado el 24 de marzo,0,0,2.0,1,0,,no indicado,2 plantas,0,0,36512366,2,,Segovia,Distrito S.Lorenzo - S.Marcos," Calle Rosario, 45 , Distrito S.Lorenzo - S.Marcos , Segovia , Área de Segovia, Segovia ","Calle Rosario, 45","Área de Segovia, Segovia",110,,2019-04-13,255000,0,4.0,1,0,1,False,False,True,False,False,False,False,False,False,False,False,False,False,False,False,False,False,False,False,False,False,False,False,False,False,False,False,False,False,False
Anuncio actualizado el 23 de enero,0,0,2.0,1,0,2004,en trámite,planta 1ª exterior,1,0,40188029,8,0,Segovia,Distrito Sector Plaza de Toros," , Distrito Sector Plaza de Toros , Segovia , Área de Segovia, Segovia ",,"Área de Segovia, Segovia",103,95,2019-04-13,126000,0,3.0,0,0,1,False,False,True,False,False,False,False,False,False,False,False,False,False,False,False,True,False,False,False,False,False,False,False,False,False,False,False,False,False,False
Anuncio actualizado el 19 de marzo,0,0,1.0,0,0,,en trámite,planta 1ª exterior,1,0,83014419,0,0,Segovia,Distrito El Cerro - Crtra. San Rafael," , Distrito El Cerro - Crtra. San Rafael , Segovia , Área de Segovia, Segovia ",,"Área de Segovia, Segovia",85,,2019-04-13,150000,0,3.0,0,0,0,False,False,True,False,False,False,False,False,False,True,False,False,False,False,False,False,False,False,False,False,False,False,False,False,True,False,False,False,False,False
Anuncio actualizado el 20 de diciembre,0,0,1.0,0,0,,no indicado,planta 2ª exterior,0,0,83168765,0,0,Segovia,Distrito José Zorrilla - Padre Claret," , Distrito José Zorrilla - Padre Claret , Segovia , Área de Segovia, Segovia ",,"Área de Segovia, Segovia",65,50,2019-04-13,80000,0,2.0,0,0,0,False,False,False,False,False,False,False,False,False,False,False,False,False,False,False,False,False,False,False,False,False,False,False,False,False,False,False,False,False,False
Anuncio actualizado el 21 de diciembre,0,0,2.0,0,0,,no indicado,planta 2ª exterior,0,0,83229181,0,1,Segovia,Distrito José Zorrilla - Padre Claret," , Distrito José Zorrilla - Padre Claret , Segovia , Área de Segovia, Segovia ",,"Área de Segovia, Segovia",88,,2019-04-13,170000,0,3.0,0,0,0,False,False,True,False,False,False,False,False,False,False,False,False,False,False,False,False,False,False,False,False,False,False,False,False,False,False,False,False,False,False
Anuncio actualizado el 6 de febrero,0,0,1.0,1,0,,en trámite,planta 1ª interior,0,0,83526415,0,1,Segovia,Distrito José Zorrilla - Padre Claret," , Distrito José Zorrilla - Padre Claret , Segovia , Área de Segovia, Segovia ",,"Área de Segovia, Segovia",112,,2019-04-13,170000,0,3.0,1,0,0,False,False,False,False,False,False,False,True,False,False,False,False,False,False,False,False,False,False,False,False,False,False,False,False,False,False,False,False,False,False
Anuncio actualizado el 17 de enero,0,0,1.0,0,0,,en trámite,exterior,0,0,83557888,0,1,Segovia,Distrito El Carmen," , Distrito El Carmen , Segovia , Área de Segovia, Segovia ",,"Área de Segovia, Segovia",84,68,2019-04-13,99000,0,3.0,0,0,1,False,False,False,False,True,False,False,False,False,False,False,False,False,False,False,False,False,False,False,False,False,False,False,False,False,False,False,False,False,False
Anuncio actualizado el 2 de abril,0,0,1.0,0,0,,no indicado,planta 2ª,0,0,84528559,0,0,Segovia,Distrito Sector Plaza de Toros," , Distrito Sector Plaza de Toros , Segovia , Área de Segovia, Segovia ",,"Área de Segovia, Segovia",55,,2019-04-13,38000,0,2.0,0,0,0,False,False,False,False,False,False,False,False,False,False,False,False,False,False,False,False,False,False,False,False,False,False,False,False,False,False,False,False,False,False
Anuncio actualizado el 13 de marzo,0,0,1.0,0,0,,no indicado,planta 3ª,0,0,84528560,0,0,Segovia,Distrito Sector Plaza de Toros," , Distrito Sector Plaza de Toros , Segovia , Área de Segovia, Segovia ",,"Área de Segovia, Segovia",70,,2019-04-13,46000,0,3.0,0,0,1,False,False,False,False,False,False,False,False,False,False,False,False,False,False,False,False,False,False,False,False,False,False,False,False,False,False,False,False,False,False
Anuncio actualizado el 28 de marzo,0,0,3.0,1,0,,en trámite,4 plantas,0,1,83981614,4,,Segovia,Distrito Sector Plaza de Toros," , Distrito Sector Plaza de Toros , Segovia , Área de Segovia, Segovia ",,"Área de Segovia, Segovia",160,220,2019-04-13,265000,0,4.0,1,0,1,False,False,True,False,False,False,False,False,False,True,False,False,False,False,False,False,False,False,False,False,False,False,False,False,False,False,False,False,False,False
Anuncio actualizado el 24 de marzo,0,0,3.0,0,0,2010,en trámite,3 plantas,0,1,39068655,4,,Segovia,Distrito S.Lorenzo - S.Marcos," Urb. ALAMEDA , Distrito S.Lorenzo - S.Marcos , Segovia , Área de Segovia, Segovia ",Urb. ALAMEDA,"Área de Segovia, Segovia",177,,2019-04-13,495000,0,4.0,0,0,0,False,False,True,False,False,False,False,False,False,True,False,False,False,False,False,False,False,False,False,False,False,False,False,False,False,False,False,False,False,False
Anuncio actualizado el 11 de abril,0,0,0.0,0,0,,no indicado,,0,0,84671509,7,,Segovia,Distrito Plaza Mayor - S.Agustín," , Distrito Plaza Mayor - S.Agustín , Segovia , Área de Segovia, Segovia ",,"Área de Segovia, Segovia",52724,,2019-04-13,4352460,0,0.0,0,0,0,False,False,False,True,False,False,False,False,False,False,False,False,False,False,False,False,False,False,False,False,False,False,False,False,False,False,False,False,False,False
Anuncio actualizado el 10 de abril,0,1,1.0,0,0,1975,en trámite,planta 2ª,0,0,84779677,0,1,Segovia,Distrito Centro," Calle de Jose Zorrilla , Distrito Centro , Segovia , Área de Segovia, Segovia ",Calle de Jose Zorrilla,"Área de Segovia, Segovia",80,70,2019-04-13,146000,0,3.0,0,0,0,False,False,True,False,False,False,False,False,False,False,False,False,False,False,False,False,False,False,False,False,False,False,False,False,False,False,False,False,False,False
Anuncio actualizado el 12 de abril,0,1,2.0,0,0,1969,no indicado,planta 1ª,0,0,82815502,0,0,Segovia,Distrito Plaza Mayor - S.Agustín," , Distrito Plaza Mayor - S.Agustín , Segovia , Área de Segovia, Segovia ",,"Área de Segovia, Segovia",121,110,2019-04-13,160000,0,3.0,0,0,0,False,False,False,True,False,False,False,False,False,False,False,False,False,False,False,False,False,False,False,True,False,False,False,False,False,False,False,False,False,False
Anuncio actualizado el 8 de abril,0,0,1.0,0,0,,inmueble exento,,0,1,84988856,4,,Segovia,Distrito El Carmen," , Distrito El Carmen , Segovia , Área de Segovia, Segovia ",,"Área de Segovia, Segovia",80,,2019-04-13,150000,0,3.0,0,0,0,False,False,False,True,False,False,False,False,False,False,False,False,False,False,False,False,False,False,False,False,False,False,False,False,False,False,False,False,False,False
Anuncio actualizado el 27 de marzo,0,0,1.0,1,0,,no indicado,planta 2ª,0,0,84573008,0,0,Segovia,Distrito Plaza Mayor - S.Agustín," , Distrito Plaza Mayor - S.Agustín , Segovia , Área de Segovia, Segovia ",,"Área de Segovia, Segovia",60,,2019-04-13,140000,0,1.0,0,0,0,False,False,True,False,False,False,False,False,False,False,False,False,False,False,False,False,False,False,False,False,False,False,False,False,False,False,False,False,False,False
Anuncio actualizado el 28 de mayo,0,0,2.0,0,0,,no indicado,planta 1ª exterior,0,1,154000,0,1,Segovia,Distrito Sector Plaza de Toros," Avenida Juan Carlos I, 1 , Distrito Sector Plaza de Toros , Segovia , Área de Segovia, Segovia ","Avenida Juan Carlos I, 1","Área de Segovia, Segovia",85,,2019-04-13,191000,0,2.0,0,1,0,False,True,False,False,False,False,False,False,False,False,False,False,False,False,False,False,False,False,False,False,False,False,False,False,False,False,False,False,False,False
Anuncio actualizado el 28 de mayo,0,0,4.0,0,0,,no indicado,planta 4ª exterior,0,1,154002,8,1,Segovia,Distrito Sector Plaza de Toros," Avenida Juan Carlos I, 1 , Distrito Sector Plaza de Toros , Segovia , Área de Segovia, Segovia ","Avenida Juan Carlos I, 1","Área de Segovia, Segovia",159,,2019-04-13,370000,0,4.0,0,1,1,False,True,False,False,False,False,False,False,False,False,False,False,False,False,False,False,False,False,False,False,False,False,False,False,False,False,False,False,False,False
Anuncio actualizado el 8 de abril,0,0,1.0,1,0,2005,en trámite,planta 1ª exterior,0,0,32239038,0,0,Segovia,Distrito Centro," , Distrito Centro , Segovia , Área de Segovia, Segovia ",,"Área de Segovia, Segovia",43,40,2019-04-13,100000,0,1.0,0,0,0,False,False,True,False,False,False,False,False,False,False,False,False,False,False,False,True,False,False,False,False,False,False,False,False,False,False,False,False,False,False
Anuncio actualizado el 27 de septiembre,0,0,2.0,0,0,,no indicado,planta 4ª,0,0,33595998,0,1,Segovia,Distrito Ezequiel González - Cde. Sepulveda," Paseo conde de sepúlveda , Distrito Ezequiel González - Cde. Sepulveda , Segovia , Área de Segovia, Segovia ",Paseo conde de sepúlveda,"Área de Segovia, Segovia",110,100,2019-04-13,190000,0,3.0,0,0,0,False,False,True,False,False,False,False,False,False,False,False,False,False,False,False,False,False,False,False,False,False,False,False,False,False,False,False,False,False,False
Anuncio actualizado el 19 de septiembre,0,0,3.0,1,0,,en trámite,,0,1,33670789,2,,Segovia,Distrito Vía Roma," Carretera de valladolid , Distrito Vía Roma , Segovia , Área de Segovia, Segovia ",Carretera de valladolid,"Área de Segovia, Segovia",20,,2019-04-13,750000,0,4.0,1,0,0,False,False,True,False,False,False,False,False,False,False,False,False,False,False,True,False,False,False,False,False,False,False,False,False,False,False,False,False,False,False
Anuncio actualizado el 8 de abril,0,0,2.0,1,0,,,planta 6ª exterior,0,1,34415882,0,1,Segovia,Distrito Ezequiel González - Cde. Sepulveda," Paseo ezequiel gonzález, 32 , bloque 5, 4ºb , Urb. mahonias , Distrito Ezequiel González - Cde. Sepulveda , Segovia , Área de Segovia, Segovia ",Urb. mahonias,"Área de Segovia, Segovia",171,129,2019-04-13,379000,0,5.0,0,0,1,False,False,True,False,False,False,False,False,False,False,False,False,False,False,False,False,False,False,False,False,False,False,False,False,False,False,False,False,False,False
Anuncio actualizado el 27 de septiembre,0,0,2.0,0,0,,no indicado,planta 2ª,1,0,36018220,0,1,Segovia,Distrito Sector Plaza de Toros," Plaza de miguel hernandez , Distrito Sector Plaza de Toros , Segovia , Área de Segovia, Segovia ",Plaza de miguel hernandez,"Área de Segovia, Segovia",101,,2019-04-13,150000,0,4.0,1,0,0,False,False,True,False,False,False,False,False,False,False,False,False,False,False,False,False,False,False,False,False,False,False,False,False,False,False,False,False,False,False
Anuncio actualizado el 11 de febrero,0,0,1.0,0,0,,no indicado,bajo exterior,0,0,36906091,0,0,Segovia,Distrito Sector Plaza de Toros," Carretera Valdevilla, 13 , Distrito Sector Plaza de Toros , Segovia , Área de Segovia, Segovia ","Carretera Valdevilla, 13","Área de Segovia, Segovia",70,65,2019-04-13,63000,0,3.0,0,0,0,False,False,True,False,False,False,False,False,False,False,False,False,False,False,False,False,False,False,False,False,False,False,False,False,False,False,False,False,False,False
Anuncio actualizado el 17 de enero,0,1,1.0,0,0,,no indicado,planta 1ª,0,0,37071213,0,0,Segovia,Distrito Ezequiel González - Cde. Sepulveda," Calle Clavel , Distrito Ezequiel González - Cde. Sepulveda , Segovia , Área de Segovia, Segovia ",Calle Clavel,"Área de Segovia, Segovia",62,,2019-04-13,90000,0,3.0,0,0,0,False,False,True,False,False,False,False,False,False,False,False,False,False,False,False,False,False,False,False,False,False,False,False,False,False,False,False,False,False,False
Anuncio actualizado el 19 de septiembre,0,0,1.0,0,0,,no indicado,planta 2ª,0,0,37741591,0,1,Segovia,Distrito El Cerro - Crtra. San Rafael," Paseo conde de sepúlveda , Distrito El Cerro - Crtra. San Rafael , Segovia , Área de Segovia, Segovia ",Paseo conde de sepúlveda,"Área de Segovia, Segovia",86,70,2019-04-13,100000,0,3.0,0,0,0,False,False,True,False,False,False,False,False,False,False,False,False,False,False,False,False,False,False,False,False,False,False,False,False,False,False,False,False,False,False
Anuncio actualizado el 7 de abril,0,1,1.0,0,0,,en trámite,planta 3ª exterior,0,1,37875012,0,0,Segovia,Distrito Sector Plaza de Toros," Calle Manuel de Falla, 14 , Distrito Sector Plaza de Toros , Segovia , Área de Segovia, Segovia ","Calle Manuel de Falla, 14","Área de Segovia, Segovia",83,72,2019-04-13,105000,0,3.0,1,0,0,False,False,True,False,False,False,False,True,False,False,False,False,False,False,False,True,False,False,False,False,False,False,False,False,False,False,False,False,False,False
Anuncio actualizado el 24 de abril,0,0,2.0,1,0,2003,en trámite,planta 1ª exterior,0,0,38297795,8,0,Segovia,Distrito S.Lorenzo - S.Marcos," , Distrito S.Lorenzo - S.Marcos , Segovia , Área de Segovia, Segovia ",,"Área de Segovia, Segovia",98,,2019-04-13,125000,0,2.0,0,0,0,False,False,True,False,False,False,False,False,False,False,False,False,False,False,False,False,False,False,False,False,False,False,False,False,False,False,False,False,False,False
Anuncio actualizado el 18 de noviembre,0,0,2.0,1,0,,en trámite,planta 3ª exterior,0,0,38814234,0,0,Segovia,Distrito El Cerro - Crtra. San Rafael," , Distrito El Cerro - Crtra. San Rafael , Segovia , Área de Segovia, Segovia ",,"Área de Segovia, Segovia",103,,2019-04-13,90000,0,4.0,0,0,0,False,False,True,False,False,False,False,False,False,False,False,False,False,False,False,False,False,False,False,False,False,False,False,False,False,False,False,False,False,False
Anuncio actualizado el 13 de noviembre,0,0,1.0,0,0,1983,en trámite,planta 1ª interior,0,0,39531594,0,1,Segovia,Distrito Ezequiel González - Cde. Sepulveda," , Distrito Ezequiel González - Cde. Sepulveda , Segovia , Área de Segovia, Segovia ",,"Área de Segovia, Segovia",61,,2019-04-13,100000,0,2.0,1,0,0,False,False,True,False,False,False,False,False,False,False,False,False,False,False,False,False,False,False,False,False,False,False,False,False,False,False,False,False,False,False
Anuncio actualizado el 1 de marzo,0,0,1.0,0,0,,en trámite,planta 2ª exterior,0,0,39734227,0,0,Segovia,Distrito El Carmen," , Distrito El Carmen , Segovia , Área de Segovia, Segovia ",,"Área de Segovia, Segovia",87,,2019-04-13,95000,0,3.0,0,0,1,False,False,True,False,False,False,False,False,False,False,False,False,False,False,False,False,False,False,False,False,False,False,False,False,False,False,False,False,False,False
Anuncio actualizado el 9 de marzo,0,0,1.0,0,0,,en trámite,planta 3ª exterior,0,0,39844911,0,0,Segovia,Distrito El Carmen," , Distrito El Carmen , Segovia , Área de Segovia, Segovia ",,"Área de Segovia, Segovia",81,,2019-04-13,65000,0,3.0,0,0,1,False,False,True,False,False,False,False,False,False,False,False,False,False,False,False,False,False,False,False,False,False,False,False,False,False,False,False,False,False,False
Anuncio actualizado el 9 de enero,0,1,2.0,1,0,,en trámite,planta 2ª exterior,1,0,39486008,8,0,Segovia,Distrito Plaza Mayor - S.Agustín," , Distrito Plaza Mayor - S.Agustín , Segovia , Área de Segovia, Segovia ",,"Área de Segovia, Segovia",77,,2019-04-13,240000,0,4.0,1,0,0,False,False,True,False,False,False,False,False,False,False,False,False,False,False,False,False,False,True,False,False,False,False,False,False,False,False,False,False,False,False
Anuncio actualizado el 24 de julio,0,0,1.0,0,0,,en trámite,planta 2ª exterior,0,0,81860259,0,0,Segovia,Distrito Centro," , Distrito Centro , Segovia , Área de Segovia, Segovia ",,"Área de Segovia, Segovia",75,,2019-04-13,100000,0,3.0,0,0,1,False,False,False,True,False,False,False,False,False,False,False,False,False,False,False,False,False,False,False,False,False,False,False,False,False,False,False,False,False,False
Anuncio actualizado el 4 de diciembre,0,0,2.0,0,0,,en trámite,planta 1ª exterior,0,0,81860544,0,1,Segovia,Distrito Ezequiel González - Cde. Sepulveda," , Distrito Ezequiel González - Cde. Sepulveda , Segovia , Área de Segovia, Segovia ",,"Área de Segovia, Segovia",93,,2019-04-13,125000,0,3.0,0,0,1,False,False,False,True,False,False,False,False,False,False,False,False,False,False,False,False,False,False,False,False,False,False,False,False,False,False,False,False,False,False
Anuncio actualizado el 4 de diciembre,0,0,2.0,0,0,,en trámite,planta 4ª exterior,0,0,81878312,0,0,Segovia,Distrito El Cerro - Crtra. San Rafael," , Distrito El Cerro - Crtra. San Rafael , Segovia , Área de Segovia, Segovia ",,"Área de Segovia, Segovia",99,,2019-04-13,65000,0,4.0,0,0,0,False,False,False,True,False,False,False,False,False,False,False,False,False,False,False,False,False,False,False,False,False,False,False,False,False,False,False,False,False,False
más de 5 meses sin actualizar,0,0,1.0,0,0,,no indicado,planta 1ª exterior,0,0,82083502,0,0,Segovia,Distrito Plaza Mayor - S.Agustín," Calle de la Herrería, 12 , Distrito Plaza Mayor - S.Agustín , Segovia , Área de Segovia, Segovia ","Calle de la Herrería, 12","Área de Segovia, Segovia",140,,2019-04-13,198000,0,3.0,1,0,0,False,False,False,True,False,False,False,False,False,False,False,False,False,False,False,True,False,False,False,False,False,False,False,False,False,False,False,False,False,False
Anuncio actualizado el 4 de diciembre,0,0,1.0,0,0,,en trámite,planta 3ª exterior,0,0,82257429,0,1,Segovia,Distrito José Zorrilla - Padre Claret," , Distrito José Zorrilla - Padre Claret , Segovia , Área de Segovia, Segovia ",,"Área de Segovia, Segovia",95,,2019-04-13,100000,0,3.0,0,0,0,False,False,False,True,False,False,False,False,False,False,False,False,False,False,False,False,False,False,False,False,False,False,False,False,False,False,False,False,False,False
Anuncio actualizado el 7 de marzo,0,1,2.0,0,0,,en trámite,planta 1ª exterior,1,0,82172605,0,1,Segovia,Distrito El Cerro - Crtra. San Rafael," , Distrito El Cerro - Crtra. San Rafael , Segovia , Área de Segovia, Segovia ",,"Área de Segovia, Segovia",120,,2019-04-13,143000,0,4.0,0,0,0,False,False,False,True,False,False,False,True,False,False,False,False,False,False,False,False,False,False,False,False,False,False,False,False,False,False,False,False,False,False
más de 5 meses sin actualizar,0,0,3.0,1,0,2000,en trámite,4 plantas,1,0,82893017,4,,Segovia,Distrito Sector Plaza de Toros," Calle Vicente Aleixandre, 67 , Distrito Sector Plaza de Toros , Segovia , Área de Segovia, Segovia ","Calle Vicente Aleixandre, 67","Área de Segovia, Segovia",380,280,2019-04-13,350000,0,3.0,1,0,1,False,False,True,False,False,False,False,True,False,False,False,False,False,False,False,False,False,False,False,False,False,False,False,False,False,False,False,False,True,False
Anuncio actualizado el 4 de diciembre,0,0,2.0,0,0,,en trámite,planta 1ª exterior,0,0,83077997,0,1,Segovia,Distrito Ezequiel González - Cde. Sepulveda," , Distrito Ezequiel González - Cde. Sepulveda , Segovia , Área de Segovia, Segovia ",,"Área de Segovia, Segovia",100,,2019-04-13,200000,0,4.0,1,0,0,False,False,True,False,False,False,False,False,False,True,False,False,False,False,False,False,False,False,False,False,False,False,False,False,False,False,False,False,False,False
Anuncio actualizado el 22 de febrero,0,0,1.0,1,0,,en trámite,planta 3ª exterior,0,0,83215220,6,1,Segovia,Distrito Plaza Mayor - S.Agustín," , Distrito Plaza Mayor - S.Agustín , Segovia , Área de Segovia, Segovia ",,"Área de Segovia, Segovia",91,,2019-04-13,190000,0,3.0,0,0,0,False,False,True,False,False,False,False,False,False,True,False,False,False,False,False,False,False,False,False,False,False,False,False,False,False,False,False,False,False,False
Anuncio actualizado el 9 de abril,0,0,3.0,1,0,2005,en trámite,planta 2ª exterior,0,0,39648903,8,1,Segovia,Distrito El Carmen," , Distrito El Carmen , Segovia , Área de Segovia, Segovia ",,"Área de Segovia, Segovia",139,118,2019-04-13,209000,0,4.0,0,0,1,False,False,True,False,False,False,False,False,False,False,False,False,False,False,False,True,False,False,False,False,False,False,False,False,False,False,False,False,False,False
Anuncio actualizado el 20 de diciembre,0,0,1.0,0,0,,en trámite,planta 2ª exterior,0,0,83648740,0,0,Segovia,Distrito El Cerro - Crtra. San Rafael," , Distrito El Cerro - Crtra. San Rafael , Segovia , Área de Segovia, Segovia ",,"Área de Segovia, Segovia",50,,2019-04-13,55000,0,2.0,0,0,0,False,False,True,False,False,False,False,False,False,True,False,False,False,False,False,False,False,False,False,False,False,False,False,False,False,False,False,False,False,False
Anuncio actualizado el 13 de febrero,0,0,3.0,1,0,2003,no indicado,planta 3ª,1,0,83835457,0,1,Segovia,Distrito Centro," , Distrito Centro , Segovia , Área de Segovia, Segovia ",,"Área de Segovia, Segovia",300,,2019-04-13,520000,0,5.0,0,0,0,False,False,True,False,False,False,False,False,False,False,False,False,False,False,False,False,False,False,False,False,False,False,False,False,False,False,False,False,False,False
Anuncio actualizado el 23 de enero,0,0,1.0,0,0,,en trámite,planta 2ª exterior,0,0,83958331,0,1,Segovia,Distrito El Cerro - Crtra. San Rafael," , Distrito El Cerro - Crtra. San Rafael , Segovia , Área de Segovia, Segovia ",,"Área de Segovia, Segovia",90,,2019-04-13,120000,0,3.0,0,0,1,False,False,False,True,False,False,False,False,False,True,False,False,False,False,False,False,False,False,False,False,False,False,False,False,False,False,False,False,False,False
Anuncio actualizado el 19 de febrero,0,0,2.0,1,0,,en trámite,planta 3ª exterior,1,0,84086929,0,1,Segovia,Distrito Centro," , Distrito Centro , Segovia , Área de Segovia, Segovia ",,"Área de Segovia, Segovia",121,,2019-04-13,280000,0,3.0,0,0,1,False,False,True,False,False,False,False,True,False,False,False,False,False,False,False,False,False,False,False,False,False,False,False,False,False,False,False,False,False,False
Anuncio actualizado el 13 de febrero,1,0,2.0,1,0,,no indicado,planta 2ª exterior,1,0,28591634,8,0,Segovia,Distrito Vía Roma," Calle Sepúlveda, 5 , Distrito Vía Roma , Segovia , Área de Segovia, Segovia ","Calle Sepúlveda, 5","Área de Segovia, Segovia",150,121,2019-04-13,260000,0,3.0,1,0,1,False,False,True,False,False,False,False,False,False,False,False,False,False,False,True,False,False,False,False,False,False,False,False,False,False,False,False,False,False,False
Anuncio actualizado el 26 de febrero,0,0,1.0,1,0,,en trámite,bajo exterior,1,1,84440349,0,1,Segovia,Distrito Sector Plaza de Toros," , Distrito Sector Plaza de Toros , Segovia , Área de Segovia, Segovia ",,"Área de Segovia, Segovia",81,,2019-04-13,130000,0,2.0,1,0,0,False,False,True,False,False,False,False,False,False,True,False,False,False,False,False,False,False,False,False,False,False,False,False,False,False,False,False,False,False,False
Anuncio actualizado el 19 de marzo,0,0,1.0,0,0,,en trámite,planta 1ª exterior,0,0,84476527,0,0,Segovia,Distrito Centro," , Distrito Centro , Segovia , Área de Segovia, Segovia ",,"Área de Segovia, Segovia",80,,2019-04-13,125000,0,3.0,1,0,1,False,False,True,False,False,False,False,False,True,False,False,False,False,False,False,False,False,False,False,False,False,False,False,False,False,False,False,False,False,False
Anuncio actualizado el 5 de abril,0,0,1.0,1,0,2005,en trámite,bajo exterior,1,0,84655607,0,1,Segovia,Distrito El Cerro - Crtra. San Rafael," , Distrito El Cerro - Crtra. San Rafael , Segovia , Área de Segovia, Segovia ",,"Área de Segovia, Segovia",61,53,2019-04-13,110000,0,2.0,1,1,0,False,False,True,False,False,False,False,False,False,False,False,False,False,False,False,False,False,False,False,False,False,False,False,False,False,False,False,False,False,False
Anuncio actualizado el 8 de abril,0,0,1.0,1,0,,en trámite,bajo exterior,0,0,84738195,0,0,Segovia,Distrito El Cerro - Crtra. San Rafael," Calle Doctor Víctor Sanz Gómez, Segovia , Distrito El Cerro - Crtra. San Rafael , Segovia , Área de Segovia, Segovia ","Calle Doctor Víctor Sanz Gómez, Segovia","Área de Segovia, Segovia",65,,2019-04-13,50000,0,2.0,0,0,1,False,False,False,True,False,False,False,False,True,False,False,False,False,False,False,False,False,False,False,False,False,False,False,False,False,False,False,False,False,False
Anuncio actualizado el 20 de marzo,0,0,1.0,0,0,,inmueble exento,planta 1ª exterior,0,0,84738187,0,1,Segovia,Distrito Plaza Mayor - S.Agustín," , Distrito Plaza Mayor - S.Agustín , Segovia , Área de Segovia, Segovia ",,"Área de Segovia, Segovia",160,,2019-04-13,220000,0,3.0,0,0,0,False,False,False,True,False,False,False,False,False,False,False,False,False,False,False,False,False,False,False,False,False,False,False,False,False,False,False,False,False,False
Anuncio actualizado el 25 de marzo,0,0,1.0,0,0,1971,en trámite,planta 2ª exterior,0,0,84798969,0,0,Segovia,Distrito Ezequiel González - Cde. Sepulveda," , Distrito Ezequiel González - Cde. Sepulveda , Segovia , Área de Segovia, Segovia ",,"Área de Segovia, Segovia",86,,2019-04-13,120000,0,2.0,1,0,1,False,False,False,True,False,False,False,False,False,True,False,False,False,False,False,False,False,False,False,False,False,False,False,False,False,False,False,False,False,False
Anuncio actualizado el 27 de marzo,1,0,1.0,1,0,2009,en trámite,planta 1ª exterior,0,0,84829014,0,0,Segovia,Distrito Centro," , Distrito Centro , Segovia , Área de Segovia, Segovia ",,"Área de Segovia, Segovia",90,,2019-04-13,188000,0,2.0,0,0,0,False,False,True,False,False,False,False,False,True,False,False,False,False,False,False,False,False,False,False,False,False,False,False,False,False,False,False,True,False,False
Anuncio actualizado el 1 de abril,0,0,2.0,0,0,,en trámite,planta 3ª,0,0,84894228,0,,Segovia,Distrito El Cerro - Crtra. San Rafael," Calle del Greco , Distrito El Cerro - Crtra. San Rafael , Segovia , Área de Segovia, Segovia ",Calle del Greco,"Área de Segovia, Segovia",140,,2019-04-13,138000,0,4.0,0,0,0,False,False,False,False,False,False,False,False,False,False,False,False,False,False,False,False,False,False,False,False,False,False,False,False,False,False,False,False,False,False
Anuncio actualizado el 4 de abril,0,0,2.0,1,0,1990,en trámite,planta 2ª exterior,0,1,84941097,8,1,Segovia,Distrito Centro," , Distrito Centro , Segovia , Área de Segovia, Segovia ",,"Área de Segovia, Segovia",130,,2019-04-13,250000,0,4.0,1,0,0,False,False,True,False,False,False,False,False,False,False,False,False,False,False,False,False,False,False,False,False,False,False,False,False,False,False,False,False,False,False
Anuncio actualizado el 4 de abril,0,0,2.0,0,0,1961,en trámite,planta 2ª exterior,0,0,84920787,0,1,Segovia,Distrito Centro," , Distrito Centro , Segovia , Área de Segovia, Segovia ",,"Área de Segovia, Segovia",158,,2019-04-13,270000,0,5.0,0,0,1,False,False,False,True,True,False,False,False,False,False,False,False,False,False,False,False,False,False,False,False,False,False,False,False,False,False,False,False,False,True
Anuncio actualizado el 3 de marzo,0,0,1.0,1,0,,en trámite,planta 3ª exterior,0,0,82487302,0,0,Segovia,Distrito El Cerro - Crtra. San Rafael," Calle dr Víctor san Gómez, 10 , Distrito El Cerro - Crtra. San Rafael , Segovia , Área de Segovia, Segovia ","Calle dr Víctor san Gómez, 10","Área de Segovia, Segovia",100,90,2019-04-13,65000,0,3.0,1,0,1,False,False,False,True,False,False,False,False,False,True,False,False,False,False,False,False,False,False,False,False,False,False,False,False,False,False,False,False,False,False
Anuncio actualizado el 6 de febrero,0,0,1.0,0,0,,,,0,0,81475821,0,0,Segovia,Distrito El Carmen," , Distrito El Carmen , Segovia , Área de Segovia, Segovia ",,"Área de Segovia, Segovia",86,76,2019-04-13,63000,0,3.0,0,0,0,False,False,False,False,False,False,False,False,False,False,False,False,False,False,False,False,False,False,False,False,False,False,False,False,False,False,False,False,False,False
Anuncio actualizado el 29 de marzo,0,0,2.0,0,0,1983,en trámite,planta 4ª exterior,1,0,83214139,0,1,Segovia,Distrito Ezequiel González - Cde. Sepulveda," , Distrito Ezequiel González - Cde. Sepulveda , Segovia , Área de Segovia, Segovia ",,"Área de Segovia, Segovia",110,,2019-04-13,245000,0,3.0,1,0,1,False,False,True,False,False,False,False,False,False,False,False,False,False,False,False,False,False,False,False,False,False,False,False,False,False,False,False,False,False,False
Anuncio actualizado el 29 de marzo,0,0,1.0,0,0,,no indicado,planta 2ª exterior,0,0,84866292,0,1,Segovia,Distrito Sector Plaza de Toros," , Distrito Sector Plaza de Toros , Segovia , Área de Segovia, Segovia ",,"Área de Segovia, Segovia",50,,2019-04-13,45000,0,3.0,0,0,0,False,False,False,False,False,False,False,False,False,False,False,False,False,False,False,False,False,False,False,False,False,False,False,False,False,False,False,False,False,False
Anuncio actualizado el 17 de marzo,1,0,1.0,1,0,,no indicado,planta 2ª exterior,0,0,1738762,0,0,Segovia,Distrito Centro," Calle Coronel Rexach, 5 , Distrito Centro , Segovia , Área de Segovia, Segovia ","Calle Coronel Rexach, 5","Área de Segovia, Segovia",84,70,2019-04-13,215000,0,2.0,1,0,0,False,False,True,False,False,False,False,False,False,False,False,False,False,False,False,False,False,False,False,False,False,False,False,False,False,False,False,False,False,True
Anuncio actualizado el 26 de noviembre,0,0,1.0,1,0,,no indicado,planta 4ª exterior,0,0,1992524,6,0,Segovia,Distrito Plaza Mayor - S.Agustín," Calle Corralilllo de San Nicolas, 4 , Distrito Plaza Mayor - S.Agustín , Segovia , Área de Segovia, Segovia ","Calle Corralilllo de San Nicolas, 4","Área de Segovia, Segovia",78,58,2019-04-13,134000,0,2.0,1,0,1,False,False,True,False,False,False,False,False,False,False,False,False,False,False,False,False,False,False,False,False,False,False,False,False,False,False,False,False,False,False
Anuncio actualizado el 11 de abril,0,0,2.0,1,0,1994,no indicado,4 plantas,0,1,2012524,4,,Segovia,Distrito Vía Roma," Carretera Tres Casas, 79 , Distrito Vía Roma , Segovia , Área de Segovia, Segovia ","Carretera Tres Casas, 79","Área de Segovia, Segovia",150,175,2019-04-13,295000,0,4.0,1,1,1,False,False,True,False,False,False,False,True,False,False,False,False,False,False,False,True,False,False,False,False,False,False,False,False,False,False,False,False,False,False
Anuncio actualizado el 3 de marzo,0,0,2.0,0,0,,no indicado,2 plantas,1,1,2062750,2,,Segovia,Distrito S.Lorenzo - S.Marcos," Carretera Arévalo, 5 , Distrito S.Lorenzo - S.Marcos , Segovia , Área de Segovia, Segovia ","Carretera Arévalo, 5","Área de Segovia, Segovia",4400,,2019-04-13,850000,0,9.0,0,1,0,False,False,True,False,False,False,False,False,False,False,False,False,False,False,False,False,False,False,False,False,False,False,False,False,False,False,False,False,False,False
Anuncio actualizado el 8 de abril,0,0,1.0,1,0,,no indicado,planta 1ª exterior,0,0,2133442,0,0,Segovia,Distrito Centro," Calle Almira, 29 , Distrito Centro , Segovia , Área de Segovia, Segovia ","Calle Almira, 29","Área de Segovia, Segovia",38,36,2019-04-13,95000,0,2.0,0,0,0,False,False,True,False,False,False,False,False,True,False,False,False,False,False,True,False,False,False,False,False,False,False,False,False,False,False,False,False,False,False
Anuncio actualizado el 1 de abril,0,0,2.0,1,0,,no indicado,4 plantas,0,0,1666094,5,,Segovia,Distrito Plaza Mayor - S.Agustín," Calle Corral del Mudo, 4 , Distrito Plaza Mayor - S.Agustín , Segovia , Área de Segovia, Segovia ","Calle Corral del Mudo, 4","Área de Segovia, Segovia",50,114,2019-04-13,390000,0,3.0,1,0,0,False,False,True,False,False,False,False,False,False,False,False,False,False,False,False,False,False,False,False,False,False,False,False,False,False,False,True,False,False,False
Anuncio actualizado el 31 de marzo,0,0,1.0,1,0,,no indicado,planta 2ª exterior,0,0,27301303,8,0,Segovia,Distrito Centro," Calle Almira, 31 , Distrito Centro , Segovia , Área de Segovia, Segovia ","Calle Almira, 31","Área de Segovia, Segovia",53,40,2019-04-13,125000,0,2.0,0,0,0,False,False,True,False,False,False,False,False,False,False,False,False,False,False,False,False,False,False,False,False,False,False,False,False,False,False,False,False,False,False
Anuncio actualizado el 10 de marzo,0,1,2.0,1,0,,,planta 7ª exterior,1,0,1850143,0,1,Segovia,Distrito El Cerro - Crtra. San Rafael," Carretera de Villacastín, 20 , Distrito El Cerro - Crtra. San Rafael , Segovia , Área de Segovia, Segovia ","Carretera de Villacastín, 20","Área de Segovia, Segovia",139,106,2019-04-13,208000,0,4.0,1,0,1,False,False,True,False,False,False,False,False,False,False,False,False,False,False,False,False,False,False,False,False,False,False,False,False,False,False,False,False,False,False
Anuncio actualizado el 8 de abril,0,0,1.0,0,0,,en trámite,planta 2ª exterior,0,0,32159574,0,0,Segovia,Distrito Ezequiel González - Cde. Sepulveda," Calle zurbarán, 7 , Distrito Ezequiel González - Cde. Sepulveda , Segovia , Área de Segovia, Segovia ","Calle zurbarán, 7","Área de Segovia, Segovia",90,84,2019-04-13,92000,0,3.0,0,0,0,False,False,True,False,False,False,False,False,False,False,False,False,False,False,False,False,False,False,False,False,False,False,False,False,False,False,False,False,False,False
Anuncio actualizado el 8 de abril,0,0,1.0,1,0,,en trámite,planta 1ª exterior,0,0,34375425,0,0,Segovia,Distrito Plaza Mayor - S.Agustín," Calle la judería nueva, 12 , Distrito Plaza Mayor - S.Agustín , Segovia , Área de Segovia, Segovia ","Calle la judería nueva, 12","Área de Segovia, Segovia",50,,2019-04-13,105000,0,1.0,0,0,0,False,False,True,False,False,False,False,False,False,False,False,False,False,False,False,False,False,False,False,False,False,False,False,False,False,False,False,False,False,False
Anuncio actualizado el 7 de noviembre,0,0,1.0,0,0,,en trámite,planta 2ª interior,0,0,34747921,0,1,Segovia,Distrito El Cerro - Crtra. San Rafael," Paseo Conde de Sepúlveda, 30 , Distrito El Cerro - Crtra. San Rafael , Segovia , Área de Segovia, Segovia ","Paseo Conde de Sepúlveda, 30","Área de Segovia, Segovia",89,70,2019-04-13,95000,0,3.0,0,0,1,False,False,True,False,False,False,False,False,False,False,False,False,False,False,False,False,False,False,False,False,False,False,False,False,False,False,False,False,False,False
Anuncio actualizado el 11 de marzo,0,0,1.0,1,0,,,planta 2ª exterior,0,1,35220187,6,0,Segovia,Distrito Ezequiel González - Cde. Sepulveda," Calle Zurbarán, 7 , Distrito Ezequiel González - Cde. Sepulveda , Segovia , Área de Segovia, Segovia ","Calle Zurbarán, 7","Área de Segovia, Segovia",68,60,2019-04-13,92000,0,2.0,1,0,0,False,False,True,False,False,False,False,False,False,False,False,False,False,False,False,False,False,False,False,False,False,False,False,False,False,False,False,True,False,False
Anuncio actualizado el 8 de abril,0,0,3.0,1,0,,en trámite,,1,1,38711959,2,,Segovia,Distrito Vía Roma," Calle de San Gabriel, 14 -16 , Distrito Vía Roma , Segovia , Área de Segovia, Segovia ","Calle de San Gabriel, 14 -16","Área de Segovia, Segovia",284,,2019-04-13,720000,0,5.0,1,0,1,False,False,True,False,False,False,False,False,False,False,False,False,False,False,False,False,False,False,False,False,False,False,False,False,False,False,False,False,False,False
Anuncio actualizado el 12 de marzo,0,0,1.0,1,0,,no indicado,planta 3ª exterior,1,0,30394086,0,0,Segovia,Distrito S.Lorenzo - S.Marcos," Calle de las Nieves, 23 , Distrito S.Lorenzo - S.Marcos , Segovia , Área de Segovia, Segovia ","Calle de las Nieves, 23","Área de Segovia, Segovia",80,65,2019-04-13,92000,0,3.0,1,0,0,False,False,True,False,False,False,False,False,False,False,False,False,False,False,True,False,False,False,False,False,False,False,False,False,False,False,False,False,False,False
Anuncio actualizado el 29 de enero,0,1,2.0,1,0,1975,en trámite,planta 3ª exterior,1,1,39666785,0,0,Segovia,Distrito Ezequiel González - Cde. Sepulveda," Calle Teófilo Ayuso , Distrito Ezequiel González - Cde. Sepulveda , Segovia , Área de Segovia, Segovia ",Calle Teófilo Ayuso,"Área de Segovia, Segovia",115,95,2019-04-13,189500,0,4.0,0,0,1,False,False,True,False,False,False,False,True,False,False,False,False,False,False,False,False,False,True,False,False,False,False,False,False,False,False,False,False,False,False
Anuncio actualizado el 28 de febrero,0,0,1.0,0,0,1975,,planta 3ª exterior,0,0,39862267,0,1,Segovia,Distrito El Carmen," valencia , Distrito El Carmen , Segovia , Área de Segovia, Segovia ",valencia,"Área de Segovia, Segovia",90,72,2019-04-13,88000,0,3.0,0,0,1,False,False,False,True,False,False,False,True,False,False,False,False,False,False,True,False,False,False,False,False,False,False,False,False,False,False,False,False,False,False
Anuncio actualizado el 6 de febrero,0,0,1.0,1,0,,en trámite,planta 3ª exterior,1,0,400707,0,0,Segovia,Distrito El Carmen," Calle Alfonso VI, 1 , Distrito El Carmen , Segovia , Área de Segovia, Segovia ","Calle Alfonso VI, 1","Área de Segovia, Segovia",90,,2019-04-13,139000,0,3.0,1,0,1,False,False,True,False,False,False,False,False,False,False,False,False,False,False,False,False,False,False,False,False,False,False,False,False,False,False,False,False,False,True
Anuncio actualizado el 9 de enero,0,1,1.0,1,0,,no indicado,planta 2ª exterior,0,0,81204615,0,0,Segovia,Distrito Centro," Calle Teniente Ochoa, 11 , Distrito Centro , Segovia , Área de Segovia, Segovia ","Calle Teniente Ochoa, 11","Área de Segovia, Segovia",44,,2019-04-13,84000,0,1.0,0,0,0,False,False,True,False,False,False,False,False,True,False,False,False,False,False,False,False,False,False,False,False,False,False,False,False,False,False,False,False,False,True
Anuncio actualizado el 25 de febrero,0,0,1.0,1,0,,en trámite,planta 2ª exterior,0,0,81659237,0,0,Segovia,Distrito El Cerro - Crtra. San Rafael," Calle los Cotos, 1 , Distrito El Cerro - Crtra. San Rafael , Segovia , Área de Segovia, Segovia ","Calle los Cotos, 1","Área de Segovia, Segovia",100,75,2019-04-13,80000,0,4.0,0,0,0,False,False,True,False,False,False,False,False,False,False,False,False,False,False,False,False,False,False,False,False,False,False,False,False,False,False,False,False,False,False
Anuncio actualizado el 12 de diciembre,0,1,2.0,1,0,1980,,planta 2ª exterior,0,0,81684650,0,0,Segovia,Distrito José Zorrilla - Padre Claret," Calle Cantarranas, Segovia , Distrito José Zorrilla - Padre Claret , Segovia , Área de Segovia, Segovia ","Calle Cantarranas, Segovia","Área de Segovia, Segovia",115,92,2019-04-13,160000,0,4.0,0,0,0,False,False,True,False,False,False,True,False,False,False,False,False,False,False,False,False,False,False,False,False,False,False,False,False,False,False,False,False,False,True
Anuncio actualizado el 31 de diciembre,0,0,1.0,0,0,,no indicado,planta 2ª exterior,1,0,81845959,0,0,Segovia,Distrito El Cerro - Crtra. San Rafael," Carretera de Villacastín, 76 , Distrito El Cerro - Crtra. San Rafael , Segovia , Área de Segovia, Segovia ","Carretera de Villacastín, 76","Área de Segovia, Segovia",65,57,2019-04-13,100000,0,3.0,1,0,1,False,False,True,False,False,False,False,False,False,False,False,False,False,False,False,False,False,False,False,False,False,False,False,False,False,False,False,False,False,False
Anuncio actualizado el 17 de marzo,0,0,3.0,1,0,,en trámite,planta 3ª exterior,0,0,30058189,0,0,Segovia,Distrito Centro," Calle la Independencia, 10 , Distrito Centro , Segovia , Área de Segovia, Segovia ","Calle la Independencia, 10","Área de Segovia, Segovia",240,,2019-04-13,396000,0,6.0,1,0,1,False,False,True,False,False,False,False,False,False,False,False,False,False,False,False,False,False,False,False,False,False,False,True,False,False,False,False,False,False,False
Anuncio actualizado el 16 de agosto,0,0,1.0,1,0,1960,en trámite,planta 3ª exterior,0,0,82060478,0,0,Segovia,Distrito José Zorrilla - Padre Claret," Avenida de la Constitución , Distrito José Zorrilla - Padre Claret , Segovia , Área de Segovia, Segovia ",Avenida de la Constitución,"Área de Segovia, Segovia",60,56,2019-04-13,98000,0,2.0,0,0,0,False,False,True,False,False,False,False,False,True,False,False,False,False,False,False,False,False,False,False,False,False,False,False,False,False,False,False,False,False,False
Anuncio actualizado el 7 de noviembre,0,0,2.0,1,0,2000,,bajo exterior,0,0,82241737,0,0,Segovia,Distrito El Carmen," Calle prado , Distrito El Carmen , Segovia , Área de Segovia, Segovia ",Calle prado,"Área de Segovia, Segovia",87,78,2019-04-13,135000,0,2.0,1,0,1,False,False,True,False,False,False,False,False,False,True,False,False,False,False,False,False,False,False,False,False,False,False,False,False,False,False,False,True,False,False
Anuncio actualizado el 14 de diciembre,0,0,1.0,1,0,,en trámite,bajo exterior,0,0,82729098,0,0,Segovia,Distrito El Cerro - Crtra. San Rafael," Calle Malagosto, 17 , Distrito El Cerro - Crtra. San Rafael , Segovia , Área de Segovia, Segovia ","Calle Malagosto, 17","Área de Segovia, Segovia",99,,2019-04-13,75000,0,4.0,0,0,0,False,False,False,True,False,False,False,False,False,False,False,False,False,False,False,False,False,False,False,False,False,False,False,False,False,False,False,False,False,False
Anuncio actualizado el 8 de enero,0,0,1.0,1,0,,en trámite,planta 1ª exterior,0,0,82894338,0,0,Segovia,Distrito El Carmen," Calle los Tercios Segovianos, 7 , Distrito El Carmen , Segovia , Área de Segovia, Segovia ","Calle los Tercios Segovianos, 7","Área de Segovia, Segovia",81,,2019-04-13,129000,0,3.0,1,0,1,False,False,True,False,False,False,False,True,False,False,False,False,False,False,False,False,False,False,False,False,False,False,False,False,False,False,True,False,False,False
Anuncio actualizado el 6 de febrero,1,0,4.0,1,0,,en trámite,planta 2ª exterior,1,1,82949299,0,1,Segovia,Distrito Centro," Calle Ramón y Cajal, 1 , Distrito Centro , Segovia , Área de Segovia, Segovia ","Calle Ramón y Cajal, 1","Área de Segovia, Segovia",235,,2019-04-13,680000,0,5.0,1,1,1,False,False,True,False,False,False,False,False,False,False,False,False,False,False,False,False,False,False,False,False,False,False,False,False,False,False,False,False,False,False
Anuncio actualizado el 26 de marzo,0,1,2.0,0,0,,no indicado,2 plantas,0,0,84206440,1,,Segovia,Distrito S.Lorenzo - S.Marcos," Calle Marqués de Villena, 3 , Distrito S.Lorenzo - S.Marcos , Segovia , Área de Segovia, Segovia ","Calle Marqués de Villena, 3","Área de Segovia, Segovia",186,178,2019-04-13,230000,0,6.0,0,0,0,False,False,False,True,False,False,False,True,False,False,False,False,False,False,False,False,False,False,False,False,False,False,False,False,False,False,False,False,False,False
Anuncio actualizado el 5 de abril,0,0,2.0,1,0,,no indicado,planta 1ª exterior,0,0,84661909,0,1,Segovia,Distrito El Carmen," , Distrito El Carmen , Segovia , Área de Segovia, Segovia ",,"Área de Segovia, Segovia",116,,2019-04-13,185000,0,3.0,0,0,0,False,False,False,False,False,False,False,False,False,False,False,False,False,False,False,False,False,False,False,False,False,False,False,False,False,False,False,False,False,False
Anuncio actualizado el 5 de abril,0,0,2.0,0,0,,no indicado,planta 1ª,0,0,84831595,0,0,Segovia,Distrito Centro," , Distrito Centro , Segovia , Área de Segovia, Segovia ",,"Área de Segovia, Segovia",92,,2019-04-13,123600,0,3.0,0,0,0,False,False,True,False,False,False,False,False,False,False,False,False,False,False,False,False,False,False,False,False,False,False,False,False,False,False,False,False,False,False
Anuncio actualizado el 4 de abril,0,0,1.0,0,0,,,planta 3ª,0,0,1374566,0,0,Segovia,Distrito Sector Plaza de Toros," Calle Tomasa de la Iglesia , Distrito Sector Plaza de Toros , Segovia , Área de Segovia, Segovia ",Calle Tomasa de la Iglesia,"Área de Segovia, Segovia",73,,2019-04-13,62000,0,3.0,0,0,0,False,False,True,False,False,False,False,False,False,False,False,False,False,False,False,False,False,False,False,False,False,False,False,False,False,False,False,False,False,False
Anuncio actualizado el 29 de enero,0,0,1.0,0,0,1970,,planta 1ª exterior,0,0,40334363,0,0,Segovia,Distrito S.Lorenzo - S.Marcos," Calle Domingo Vidaechea, 5 , Distrito S.Lorenzo - S.Marcos , Segovia , Área de Segovia, Segovia ","Calle Domingo Vidaechea, 5","Área de Segovia, Segovia",60,50,2019-04-13,55000,0,2.0,0,0,0,False,False,False,True,False,False,False,False,False,True,False,False,False,False,False,False,False,False,False,False,True,False,False,False,False,False,False,False,False,False
Anuncio actualizado el 28 de marzo,0,0,3.0,1,0,2002,en trámite,4 plantas,1,0,82535786,4,,Segovia,Distrito Sector Plaza de Toros," , Distrito Sector Plaza de Toros , Segovia , Área de Segovia, Segovia ",,"Área de Segovia, Segovia",150,198,2019-04-13,300000,0,4.0,1,0,1,False,False,True,False,False,False,False,False,False,True,False,False,False,False,False,False,False,False,False,False,False,False,False,False,False,False,False,False,True,False
Anuncio actualizado el 12 de marzo,0,1,3.0,1,0,1999,no indicado,,0,1,83862344,4,,Segovia,Distrito Sector Plaza de Toros," , Distrito Sector Plaza de Toros , Segovia , Área de Segovia, Segovia ",,"Área de Segovia, Segovia",240,214,2019-04-13,265000,0,4.0,0,0,1,False,False,True,False,False,False,False,False,False,False,False,False,False,False,False,False,False,False,False,False,False,False,False,False,False,False,False,False,False,False
Anuncio actualizado el 24 de enero,0,0,1.0,1,0,1969,,planta 1ª exterior,0,0,83899802,0,0,Segovia,Distrito Centro," Calle Larga, 6 , Distrito Centro , Segovia , Área de Segovia, Segovia ","Calle Larga, 6","Área de Segovia, Segovia",70,58,2019-04-13,68000,0,2.0,0,0,0,False,False,False,True,False,False,False,False,False,True,False,False,False,False,False,False,False,False,False,False,False,False,False,False,True,False,False,False,False,False
Anuncio actualizado el 18 de febrero,0,1,1.0,0,0,1965,,planta 3ª exterior,0,0,83967209,0,0,Segovia,Distrito El Carmen," Calle Alfonso VI, 15 , Distrito El Carmen , Segovia , Área de Segovia, Segovia ","Calle Alfonso VI, 15","Área de Segovia, Segovia",90,75,2019-04-13,85000,0,3.0,1,0,0,False,False,False,True,False,False,False,False,False,False,False,True,False,False,True,False,False,False,False,False,False,False,False,False,False,False,False,False,False,False
Anuncio actualizado el 1 de febrero,0,0,1.0,1,0,1960,,planta 2ª exterior,0,0,82481231,0,0,Segovia,Distrito Vía Roma," Via Roma, Segovia, 42 , Distrito Vía Roma , Segovia , Área de Segovia, Segovia ","Via Roma, Segovia, 42","Área de Segovia, Segovia",70,57,2019-04-13,93000,0,2.0,1,0,0,False,False,True,False,False,False,False,False,False,False,False,True,False,False,False,False,False,False,False,False,False,False,False,False,False,False,False,True,False,False
Anuncio actualizado el 21 de marzo,0,0,2.0,1,0,1991,,planta 2ª exterior,0,0,84528634,8,1,Segovia,Distrito El Carmen," , Distrito El Carmen , Segovia , Área de Segovia, Segovia ",,"Área de Segovia, Segovia",81,,2019-04-13,140000,0,2.0,0,0,0,False,False,True,False,False,False,True,False,False,False,False,False,False,False,False,False,False,False,False,False,False,False,True,False,False,False,False,False,False,False
Anuncio actualizado el 10 de abril,0,0,1.0,0,0,,en trámite,planta 1ª interior,0,0,84632492,0,0,Segovia,Distrito Centro," , Distrito Centro , Segovia , Área de Segovia, Segovia ",,"Área de Segovia, Segovia",62,,2019-04-13,75000,0,2.0,0,0,0,False,False,True,False,False,False,False,False,False,True,False,False,False,False,False,False,False,False,False,False,False,False,False,False,False,False,False,False,False,False
Anuncio actualizado el 12 de marzo,0,0,1.0,1,0,,en trámite,planta 2ª exterior,0,0,84632677,0,0,Segovia,Distrito Ezequiel González - Cde. Sepulveda," , Distrito Ezequiel González - Cde. Sepulveda , Segovia , Área de Segovia, Segovia ",,"Área de Segovia, Segovia",80,,2019-04-13,110000,0,4.0,1,0,1,False,False,True,False,False,False,False,False,False,True,False,False,False,False,False,False,False,False,False,False,False,False,False,False,False,False,False,False,False,False
Anuncio actualizado el 27 de marzo,0,0,2.0,1,0,2005,no indicado,planta 1ª exterior,0,0,38522650,0,1,Segovia,Distrito El Carmen," , Distrito El Carmen , Segovia , Área de Segovia, Segovia ",,"Área de Segovia, Segovia",116,96,2019-04-13,180000,0,3.0,0,0,0,False,False,True,False,False,False,False,False,False,False,False,False,False,False,False,False,False,False,False,False,True,False,False,False,False,False,False,False,False,False
Anuncio actualizado el 28 de marzo,0,0,2.0,1,0,,en trámite,planta 2ª exterior,0,0,84845970,0,0,Segovia,Distrito Centro," , Distrito Centro , Segovia , Área de Segovia, Segovia ",,"Área de Segovia, Segovia",95,,2019-04-13,190000,0,4.0,0,0,0,False,False,True,False,False,False,False,True,False,False,False,False,False,False,False,False,False,False,False,False,False,False,False,False,False,False,False,False,False,False
Anuncio actualizado el 5 de abril,0,0,1.0,0,0,1956,en trámite,planta 1ª,0,0,36255214,0,0,Segovia,Distrito Sector Plaza de Toros," Calle de Doroteo Pato , Distrito Sector Plaza de Toros , Segovia , Área de Segovia, Segovia ",Calle de Doroteo Pato,"Área de Segovia, Segovia",71,65,2019-04-13,60000,0,3.0,0,0,0,False,False,False,True,False,False,False,False,False,False,False,False,False,False,False,False,False,False,False,False,False,False,False,False,False,False,False,False,False,False
Anuncio actualizado el 28 de mayo,0,0,1.0,0,0,,no indicado,planta 1ª exterior,0,1,153995,0,1,Segovia,Distrito Sector Plaza de Toros," Avenida Juan Carlos I, 1 , Distrito Sector Plaza de Toros , Segovia , Área de Segovia, Segovia ","Avenida Juan Carlos I, 1","Área de Segovia, Segovia",64,,2019-04-13,143500,0,1.0,0,1,0,False,True,False,False,False,False,False,False,False,False,False,False,False,False,False,False,False,False,False,False,False,False,False,False,False,False,False,False,False,False
Anuncio actualizado el 8 de abril,0,0,3.0,1,0,,,,1,1,40550190,4,,Segovia,Distrito Sector Plaza de Toros," Plaza Azorín, 40 , Distrito Sector Plaza de Toros , Segovia , Área de Segovia, Segovia ","Plaza Azorín, 40","Área de Segovia, Segovia",150,210,2019-04-13,265000,0,4.0,0,0,1,False,False,True,False,False,False,False,False,False,True,False,False,False,False,False,True,False,False,False,False,False,False,False,False,False,False,False,False,False,False
Anuncio actualizado el 1 de noviembre,0,1,2.0,0,0,1961,en trámite,2 plantas,1,0,82936634,4,,Segovia,Distrito José Zorrilla - Padre Claret," , Distrito José Zorrilla - Padre Claret , Segovia , Área de Segovia, Segovia ",,"Área de Segovia, Segovia",133,,2019-04-13,280000,0,3.0,0,0,1,False,False,False,True,False,False,False,False,False,True,False,False,False,False,False,False,False,False,False,False,False,False,False,False,False,False,True,False,False,False
Anuncio actualizado el 10 de abril,0,0,1.0,1,0,,en trámite,planta 2ª exterior,0,0,84896595,0,1,Segovia,Distrito Centro," , Distrito Centro , Segovia , Área de Segovia, Segovia ",,"Área de Segovia, Segovia",110,95,2019-04-13,125000,1,3.0,0,0,0,False,False,True,False,True,False,False,False,False,False,False,False,False,False,False,False,False,False,False,False,False,False,False,False,False,False,False,False,False,False
Anuncio actualizado el 26 de noviembre,0,0,1.0,1,0,2003,en trámite,planta 1ª exterior,0,0,83288686,0,0,Segovia,Distrito Plaza Mayor - S.Agustín," Travesía patín , Distrito Plaza Mayor - S.Agustín , Segovia , Área de Segovia, Segovia ",Travesía patín,"Área de Segovia, Segovia",110,,2019-04-13,125000,0,2.0,0,0,0,False,False,True,False,False,False,False,False,False,False,False,False,False,False,False,False,False,False,False,False,False,False,False,False,False,False,False,False,False,False
Anuncio actualizado el 17 de febrero,1,0,3.0,1,0,2012,en trámite,bajo exterior,1,1,38959993,0,1,Segovia,Distrito Sector Plaza de Toros," Calle del Sexmo de Lozoya , Distrito Sector Plaza de Toros , Segovia , Área de Segovia, Segovia ",Calle del Sexmo de Lozoya,"Área de Segovia, Segovia",137,116,2019-04-13,186722,1,3.0,1,0,0,False,False,True,False,False,False,False,True,False,False,False,False,False,False,False,False,False,False,False,False,False,False,False,False,False,False,False,False,False,False
Anuncio actualizado el 17 de febrero,1,0,3.0,1,0,2012,en trámite,bajo exterior,1,1,84316360,0,1,Segovia,Distrito Sector Plaza de Toros," Calle del Sexmo de Lozoya, Segovia , Distrito Sector Plaza de Toros , Segovia , Área de Segovia, Segovia ","Calle del Sexmo de Lozoya, Segovia","Área de Segovia, Segovia",137,,2019-04-13,186722,1,3.0,1,0,0,False,False,True,False,False,False,False,False,False,True,False,False,False,False,False,False,False,False,False,False,False,False,False,False,False,False,False,False,False,False
Anuncio actualizado el 11 de abril,0,0,0.0,0,0,,,planta 1ª,0,0,85030511,12,1,Segovia,Distrito El Cerro - Crtra. San Rafael," Carretera de Villacastín , Distrito El Cerro - Crtra. San Rafael , Segovia , Área de Segovia, Segovia ",Carretera de Villacastín,"Área de Segovia, Segovia",104,,2019-04-13,110000,0,0.0,0,0,0,False,False,False,True,False,False,False,False,False,False,False,False,False,False,False,False,False,False,False,False,False,False,False,False,False,False,False,False,False,False
Anuncio actualizado el 8 de abril,0,0,3.0,0,0,,,,0,0,36562328,4,,Segovia,Distrito Sector Plaza de Toros," , Distrito Sector Plaza de Toros , Segovia , Área de Segovia, Segovia ",,"Área de Segovia, Segovia",218,183,2019-04-13,293500,0,4.0,0,0,0,False,False,False,False,False,False,False,False,False,False,False,False,False,False,False,False,False,False,False,False,False,False,False,False,False,False,False,False,False,False
Anuncio actualizado el 28 de marzo,0,0,2.0,1,0,,en trámite,planta 2ª exterior,0,0,39450972,0,1,Segovia,Distrito José Zorrilla - Padre Claret," , Distrito José Zorrilla - Padre Claret , Segovia , Área de Segovia, Segovia ",,"Área de Segovia, Segovia",88,,2019-04-13,165000,0,3.0,0,0,0,False,False,True,False,False,False,False,False,False,False,False,False,False,False,False,False,False,False,False,False,False,False,False,False,False,False,False,False,False,False
Anuncio actualizado el 3 de diciembre,0,0,2.0,0,0,,en trámite,planta 3ª exterior,1,0,82989872,0,1,Segovia,Distrito Centro," Calle de San Francisco , Distrito Centro , Segovia , Área de Segovia, Segovia ",Calle de San Francisco,"Área de Segovia, Segovia",180,140,2019-04-13,330000,0,4.0,0,0,1,False,False,False,False,False,False,False,False,False,False,False,False,False,False,False,False,False,False,False,False,False,False,False,False,False,False,False,False,False,False
Anuncio actualizado el 20 de marzo,0,1,1.0,0,0,1970,,planta 3ª exterior,0,0,35978218,0,0,Segovia,Distrito Centro," Calle de San Francisco, 26 , Distrito Centro , Segovia , Área de Segovia, Segovia ","Calle de San Francisco, 26","Área de Segovia, Segovia",102,80,2019-04-13,154000,0,2.0,1,0,0,False,False,True,False,False,False,False,False,False,True,False,False,False,False,True,False,False,False,False,False,False,False,False,False,False,False,False,False,False,False
Anuncio actualizado el 7 de marzo,0,0,1.0,1,0,,,planta 1ª exterior,0,0,81661632,0,0,Segovia,Distrito El Cerro - Crtra. San Rafael," villacastin, 17 , Urb. portal 7 , Distrito El Cerro - Crtra. San Rafael , Segovia , Área de Segovia, Segovia ",Urb. portal 7,"Área de Segovia, Segovia",85,,2019-04-13,74000,0,3.0,0,0,0,False,False,True,False,False,False,False,False,False,False,False,False,False,False,True,False,False,False,False,False,False,False,False,False,False,False,False,False,False,False
Anuncio actualizado el 27 de marzo,0,1,2.0,1,0,1991,en trámite,planta 2ª exterior,1,0,84820373,0,1,Segovia,Distrito Centro," Calle Teniente Ochoa, 15 , Urb. ZONA SAN MILLAN , Distrito Centro , Segovia , Área de Segovia, Segovia ",Urb. ZONA SAN MILLAN,"Área de Segovia, Segovia",111,85,2019-04-13,210000,0,3.0,0,0,1,False,False,True,False,False,False,False,True,False,False,False,False,False,False,False,False,False,False,False,False,False,False,False,False,False,False,False,False,False,False
Anuncio actualizado el 24 de enero,0,0,3.0,1,0,2004,en trámite,planta 2ª interior,0,0,83340486,8,1,Segovia,Distrito Centro," , Distrito Centro , Segovia , Área de Segovia, Segovia ",,"Área de Segovia, Segovia",220,,2019-04-13,340000,0,3.0,0,0,1,False,False,True,False,False,False,False,False,False,True,False,False,False,False,False,False,False,False,False,False,False,False,False,False,False,False,False,False,False,False
Anuncio actualizado el 8 de abril,0,0,3.0,1,0,,en trámite,planta 3ª exterior,0,0,81683511,8,0,Segovia,Distrito Centro," , Distrito Centro , Segovia , Área de Segovia, Segovia ",,"Área de Segovia, Segovia",150,,2019-04-13,330000,0,5.0,0,0,0,False,False,True,False,False,False,False,False,False,False,False,False,False,False,False,False,False,False,False,False,False,False,False,False,False,False,False,False,False,False
Anuncio actualizado el 18 de enero,0,0,1.0,0,0,,en trámite,planta 3ª exterior,0,0,34823096,0,0,Segovia,Distrito Centro," Calle ochoa ondategui , Distrito Centro , Segovia , Área de Segovia, Segovia ",Calle ochoa ondategui,"Área de Segovia, Segovia",85,80,2019-04-13,150000,0,3.0,0,0,0,False,False,True,False,False,False,False,False,True,False,False,False,False,False,False,False,False,False,False,False,False,False,False,False,False,False,False,False,False,False
Anuncio actualizado el 5 de abril,0,0,2.0,1,0,1996,en trámite,planta 2ª exterior,0,0,38522608,0,1,Segovia,Distrito Plaza Mayor - S.Agustín," , Distrito Plaza Mayor - S.Agustín , Segovia , Área de Segovia, Segovia ",,"Área de Segovia, Segovia",117,86,2019-04-13,299995,0,3.0,0,0,0,False,False,True,False,False,False,False,False,False,False,False,False,False,False,False,False,False,False,False,False,False,False,False,False,False,False,True,False,False,False
Anuncio actualizado el 7 de abril,0,0,2.0,0,0,,no indicado,planta 2ª exterior,1,0,32839255,0,1,Segovia,Distrito El Cerro - Crtra. San Rafael," Carretera de villacastín, 19 , Distrito El Cerro - Crtra. San Rafael , Segovia , Área de Segovia, Segovia ","Carretera de villacastín, 19","Área de Segovia, Segovia",89,,2019-04-13,135000,1,3.0,1,0,1,False,False,True,False,False,False,False,False,False,False,False,False,False,False,False,False,False,False,False,False,False,False,False,False,True,False,False,False,False,False
Anuncio actualizado el 5 de abril,0,1,2.0,1,0,1975,en trámite,planta 2ª exterior,1,0,39854243,0,0,Segovia,Distrito Ezequiel González - Cde. Sepulveda," , Distrito Ezequiel González - Cde. Sepulveda , Segovia , Área de Segovia, Segovia ",,"Área de Segovia, Segovia",142,121,2019-04-13,260000,0,4.0,0,0,1,False,False,True,False,False,False,False,False,False,False,False,False,False,False,False,False,False,False,False,False,False,False,False,False,False,False,False,False,False,False
Anuncio actualizado el 8 de abril,0,0,4.0,1,0,,,2 plantas,1,1,39757789,2,,Segovia,Distrito Vía Roma," Carretera San Critobal, 15 , Distrito Vía Roma , Segovia , Área de Segovia, Segovia ","Carretera San Critobal, 15","Área de Segovia, Segovia",1000,250,2019-04-13,399000,0,4.0,1,1,1,False,False,True,False,False,False,False,True,False,False,False,False,False,False,False,False,False,False,False,False,False,False,False,False,False,False,False,False,False,False
Anuncio actualizado el 5 de febrero,0,0,1.0,0,0,,inmueble exento,planta 2ª exterior,0,0,83323120,0,1,Segovia,Distrito El Carmen," , Distrito El Carmen , Segovia , Área de Segovia, Segovia ",,"Área de Segovia, Segovia",87,,2019-04-13,85000,0,3.0,0,0,1,False,False,False,True,False,False,False,False,False,False,False,False,False,False,False,False,False,False,False,False,False,False,False,False,False,False,False,False,False,False
Anuncio actualizado el 28 de noviembre,0,1,4.0,1,0,2005,en trámite,3 plantas,1,0,83307373,2,,Segovia,Distrito S.Lorenzo - S.Marcos," , Distrito S.Lorenzo - S.Marcos , Segovia , Área de Segovia, Segovia ",,"Área de Segovia, Segovia",270,,2019-04-13,450000,0,5.0,1,0,1,False,False,True,False,False,False,False,True,False,False,False,False,False,False,False,False,False,False,False,False,False,False,False,False,False,False,False,False,False,False
Anuncio actualizado el 6 de abril,0,1,2.0,1,0,1966,no indicado,planta 3ª exterior,0,0,83538970,0,1,Segovia,Distrito Centro," , Distrito Centro , Segovia , Área de Segovia, Segovia ",,"Área de Segovia, Segovia",180,165,2019-04-13,400000,1,5.0,0,0,1,False,False,False,False,False,False,False,False,False,False,False,False,False,False,False,False,False,False,False,False,False,False,False,False,False,False,True,False,False,False
Anuncio actualizado el 8 de abril,0,0,1.0,1,0,1971,en trámite,planta 3ª exterior,0,0,83710494,0,0,Segovia,Distrito Vía Roma," , Distrito Vía Roma , Segovia , Área de Segovia, Segovia ",,"Área de Segovia, Segovia",75,59,2019-04-13,79000,0,3.0,1,0,1,False,False,True,False,False,False,False,False,False,True,False,False,False,False,False,False,False,False,False,False,False,False,False,False,False,False,False,False,False,False
Anuncio actualizado el 10 de abril,0,1,2.0,1,0,,en trámite,,1,0,83835753,4,,Segovia,Distrito El Carmen," , Distrito El Carmen , Segovia , Área de Segovia, Segovia ",,"Área de Segovia, Segovia",148,,2019-04-13,290000,0,6.0,1,0,0,False,False,False,True,False,False,False,False,False,False,False,False,False,False,False,False,False,False,False,False,False,False,False,False,False,False,False,False,False,False
Anuncio actualizado el 19 de febrero,0,0,1.0,0,0,,no indicado,,0,0,83909766,7,,Segovia,Distrito El Carmen," , Distrito El Carmen , Segovia , Área de Segovia, Segovia ",,"Área de Segovia, Segovia",107,88,2019-04-13,195000,0,3.0,1,0,0,False,False,True,False,False,False,False,False,False,False,False,False,False,False,False,False,False,False,False,False,False,False,False,False,False,False,False,False,False,False
Anuncio actualizado el 24 de marzo,0,1,2.0,1,0,,no indicado,,1,1,81688828,2,,Segovia,Distrito Sector Plaza de Toros," , Distrito Sector Plaza de Toros , Segovia , Área de Segovia, Segovia ",,"Área de Segovia, Segovia",210,146,2019-04-13,269000,0,4.0,1,0,0,False,False,True,False,False,False,False,False,False,False,False,False,False,False,False,False,False,False,False,False,False,False,False,False,False,False,False,False,False,False
Anuncio actualizado el 5 de febrero,1,0,2.0,0,0,,no indicado,planta 4ª exterior,0,0,84158195,0,0,Segovia,Distrito Centro," , Distrito Centro , Segovia , Área de Segovia, Segovia ",,"Área de Segovia, Segovia",74,,2019-04-13,90000,0,3.0,1,0,0,False,False,True,False,False,False,False,False,False,True,False,False,False,False,False,False,False,False,False,False,False,False,False,False,False,False,False,False,False,False
Anuncio actualizado el 14 de febrero,0,1,1.0,0,0,,en trámite,planta 3ª exterior,0,0,84279173,0,0,Segovia,Distrito Sector Plaza de Toros," , Distrito Sector Plaza de Toros , Segovia , Área de Segovia, Segovia ",,"Área de Segovia, Segovia",72,,2019-04-13,69000,0,3.0,0,0,0,False,False,True,False,False,False,False,False,False,True,False,False,False,False,False,False,False,False,False,False,False,False,False,False,False,False,False,False,False,False
Anuncio actualizado el 22 de febrero,0,0,2.0,1,0,,no indicado,planta 2ª exterior,0,0,40305948,0,1,Segovia,Distrito El Cerro - Crtra. San Rafael," Paseo Conde de Sepúlveda, 22 , Distrito El Cerro - Crtra. San Rafael , Segovia , Área de Segovia, Segovia ","Paseo Conde de Sepúlveda, 22","Área de Segovia, Segovia",110,,2019-04-13,215000,0,4.0,0,0,1,False,False,True,False,False,False,True,False,False,False,False,False,False,False,False,False,False,False,False,False,False,False,False,False,False,False,True,False,False,False
Anuncio actualizado el 1 de febrero,0,0,2.0,0,0,2008,,,0,0,38383701,0,1,Segovia,Distrito El Cerro - Crtra. San Rafael," Carretera de Villacastín , Distrito El Cerro - Crtra. San Rafael , Segovia , Área de Segovia, Segovia ",Carretera de Villacastín,"Área de Segovia, Segovia",105,82,2019-04-13,142000,0,2.0,0,0,0,False,False,False,False,False,False,False,False,False,False,False,False,False,False,False,False,False,False,False,False,False,False,False,False,False,False,False,False,False,False
Anuncio actualizado el 19 de noviembre,0,0,3.0,1,0,1997,no indicado,planta 1ª exterior,0,1,39327069,0,1,Segovia,Distrito Plaza Mayor - S.Agustín," , Distrito Plaza Mayor - S.Agustín , Segovia , Área de Segovia, Segovia ",,"Área de Segovia, Segovia",150,140,2019-04-13,385000,0,3.0,0,0,0,False,False,True,False,False,False,False,False,False,False,False,False,False,False,False,False,False,False,False,False,False,False,False,False,False,False,False,False,False,False
Anuncio actualizado el 8 de junio,0,0,2.0,1,0,2007,no indicado,planta 2ª exterior,1,0,39442929,6,0,Segovia,Distrito Vía Roma," , Distrito Vía Roma , Segovia , Área de Segovia, Segovia ",,"Área de Segovia, Segovia",123,108,2019-04-13,265000,0,3.0,0,0,1,False,False,True,False,False,False,False,False,False,False,False,False,False,False,False,False,False,False,False,False,False,False,False,False,False,False,False,False,False,False
Anuncio actualizado el 14 de febrero,0,0,3.0,1,0,2003,no indicado,planta 2ª exterior,1,0,39595802,8,1,Segovia,Distrito Plaza Mayor - S.Agustín," , Distrito Plaza Mayor - S.Agustín , Segovia , Área de Segovia, Segovia ",,"Área de Segovia, Segovia",140,115,2019-04-13,395000,0,4.0,1,0,0,False,False,True,False,False,False,False,False,False,False,False,False,False,False,False,False,False,False,False,False,False,False,False,False,False,False,False,False,False,False
Anuncio actualizado el 13 de febrero,0,0,2.0,0,0,,en trámite,2 plantas,0,0,39668104,5,,Segovia,Distrito Ezequiel González - Cde. Sepulveda," , Distrito Ezequiel González - Cde. Sepulveda , Segovia , Área de Segovia, Segovia ",,"Área de Segovia, Segovia",316,130,2019-04-13,420000,0,3.0,1,0,1,False,False,False,False,False,False,False,False,False,False,False,False,False,False,True,False,False,False,False,False,False,False,False,False,False,False,False,False,False,False
Anuncio actualizado el 10 de abril,0,0,1.0,0,0,,en trámite,planta 4ª,0,0,40000829,0,1,Segovia,Distrito José Zorrilla - Padre Claret," Calle de Jose Zorrilla , Distrito José Zorrilla - Padre Claret , Segovia , Área de Segovia, Segovia ",Calle de Jose Zorrilla,"Área de Segovia, Segovia",95,90,2019-04-13,197000,0,3.0,0,0,1,False,False,True,False,False,False,False,False,False,False,False,False,False,False,False,False,False,False,False,False,False,False,False,False,False,False,False,False,False,False
Anuncio actualizado el 10 de abril,0,0,2.0,1,0,,en trámite,planta 3ª,1,0,34445478,0,1,Segovia,Distrito Centro," Calle de San Francisco , Distrito Centro , Segovia , Área de Segovia, Segovia ",Calle de San Francisco,"Área de Segovia, Segovia",182,175,2019-04-13,330000,0,4.0,0,0,1,False,False,True,False,False,False,False,True,False,False,False,False,False,False,False,False,False,False,False,False,False,False,False,False,False,False,False,False,False,False
Anuncio actualizado el 24 de enero,0,0,2.0,0,0,,en trámite,planta 3ª exterior,1,0,81418753,0,1,Segovia,Distrito José Zorrilla - Padre Claret," , Distrito José Zorrilla - Padre Claret , Segovia , Área de Segovia, Segovia ",,"Área de Segovia, Segovia",111,100,2019-04-13,205000,0,3.0,0,0,0,False,False,False,False,False,False,False,False,False,False,False,False,False,False,False,False,False,False,False,False,False,False,False,False,False,False,False,False,False,False
Anuncio actualizado el 14 de noviembre,0,1,2.0,1,0,2018,inmueble exento,planta 2ª exterior,1,0,39769550,8,1,Segovia,Distrito Plaza Mayor - S.Agustín," Plaza San Nicolás, 4 , Distrito Plaza Mayor - S.Agustín , Segovia , Área de Segovia, Segovia ","Plaza San Nicolás, 4","Área de Segovia, Segovia",136,90,2019-04-13,275000,1,3.0,0,0,0,False,False,True,False,False,False,False,False,False,False,False,False,False,False,False,False,False,False,False,False,False,False,False,False,False,False,False,False,False,False
Anuncio actualizado el 10 de abril,0,0,1.0,0,0,1973,en trámite,planta 2ª,0,0,82844161,0,1,Segovia,Distrito Centro," Calle Félix Gila , Distrito Centro , Segovia , Área de Segovia, Segovia ",Calle Félix Gila,"Área de Segovia, Segovia",99,90,2019-04-13,149400,0,3.0,0,0,1,False,False,False,True,True,False,False,False,False,False,False,False,False,False,False,False,False,False,False,False,False,False,False,False,False,False,False,False,False,False
Anuncio actualizado el 25 de enero,0,0,3.0,1,0,,en trámite,planta 2ª exterior,0,0,35992437,0,1,Segovia,Distrito El Carmen," , Distrito El Carmen , Segovia , Área de Segovia, Segovia ",,"Área de Segovia, Segovia",140,119,2019-04-13,209000,0,4.0,0,0,1,False,False,True,False,False,False,False,False,False,False,False,False,False,False,False,False,False,False,False,False,False,False,False,False,False,False,False,False,False,False
Anuncio actualizado el 11 de marzo,0,0,2.0,0,0,,en trámite,3 plantas,0,0,83192518,7,,Segovia,Distrito Sector Plaza de Toros," , Distrito Sector Plaza de Toros , Segovia , Área de Segovia, Segovia ",,"Área de Segovia, Segovia",260,230,2019-04-13,265000,0,4.0,0,0,0,False,False,False,False,False,False,False,False,False,False,False,False,False,False,False,False,False,False,False,False,False,False,False,False,False,False,False,False,False,False
Anuncio actualizado el 13 de marzo,0,0,1.0,0,0,1960,no indicado,1 planta,0,0,84137020,2,,Segovia,Distrito Ezequiel González - Cde. Sepulveda," , Distrito Ezequiel González - Cde. Sepulveda , Segovia , Área de Segovia, Segovia ",,"Área de Segovia, Segovia",152,,2019-04-13,165000,0,3.0,1,0,1,False,False,False,True,False,False,False,True,False,False,False,False,False,False,False,False,False,False,False,False,False,False,False,False,False,False,False,False,False,False
Anuncio actualizado el 12 de febrero,1,0,1.0,1,0,,en trámite,planta 3ª exterior,0,0,84252606,0,0,Segovia,Distrito Ezequiel González - Cde. Sepulveda," , Distrito Ezequiel González - Cde. Sepulveda , Segovia , Área de Segovia, Segovia ",,"Área de Segovia, Segovia",87,,2019-04-13,118000,0,3.0,0,0,0,False,False,True,False,False,False,True,False,False,False,False,False,False,False,True,False,False,False,False,False,False,False,False,False,False,False,False,False,False,False
Anuncio actualizado el 2 de abril,0,0,2.0,0,0,,en trámite,planta 3ª exterior,1,0,84119117,0,1,Segovia,Distrito Centro," , Distrito Centro , Segovia , Área de Segovia, Segovia ",,"Área de Segovia, Segovia",121,108,2019-04-13,280000,0,3.0,0,0,0,False,False,True,False,False,False,False,False,False,False,False,False,False,False,False,False,False,False,False,False,False,False,False,False,False,False,False,False,False,False
Anuncio actualizado el 26 de marzo,0,0,2.0,0,0,,en trámite,planta 3ª exterior,0,0,84602912,0,1,Segovia,Distrito Centro," , Distrito Centro , Segovia , Área de Segovia, Segovia ",,"Área de Segovia, Segovia",117,104,2019-04-13,215000,0,4.0,1,0,1,False,False,False,True,False,False,False,False,False,False,False,False,False,False,False,False,False,False,False,False,False,False,False,False,False,False,False,False,False,False
Anuncio actualizado el 14 de marzo,0,0,2.0,1,0,2005,,planta 2ª exterior,1,0,84617544,0,1,Segovia,Distrito Sector Plaza de Toros," Plaza Espronceda, Segovia, 17 , Distrito Sector Plaza de Toros , Segovia , Área de Segovia, Segovia ","Plaza Espronceda, Segovia, 17","Área de Segovia, Segovia",115,80,2019-04-13,148000,0,3.0,1,0,0,False,False,True,False,False,False,False,False,False,True,False,False,False,False,True,False,False,False,False,False,False,False,False,False,False,False,False,False,False,False
Anuncio actualizado el 13 de marzo,0,0,1.0,1,0,1911,,planta 1ª exterior,0,0,33425498,0,0,Segovia,Distrito Plaza Mayor - S.Agustín," , Distrito Plaza Mayor - S.Agustín , Segovia , Área de Segovia, Segovia ",,"Área de Segovia, Segovia",141,130,2019-04-13,165000,0,6.0,0,0,0,False,False,False,True,False,False,False,False,False,False,False,False,False,False,True,False,False,False,False,False,False,False,False,False,False,False,False,False,False,False
Anuncio actualizado el 16 de octubre,0,0,1.0,1,0,1964,,planta 1ª,0,0,34098415,0,0,Segovia,Distrito Centro," , Distrito Centro , Segovia , Área de Segovia, Segovia ",,"Área de Segovia, Segovia",99,83,2019-04-13,99000,0,4.0,0,0,1,False,False,False,True,False,False,False,False,False,False,False,False,False,False,True,False,False,False,False,False,False,False,False,False,False,False,False,False,False,False
Anuncio actualizado el 23 de febrero,0,0,1.0,0,0,1970,en trámite,planta 1ª exterior,0,0,36919978,0,0,Segovia,Distrito El Carmen," , Distrito El Carmen , Segovia , Área de Segovia, Segovia ",,"Área de Segovia, Segovia",72,61,2019-04-13,90000,0,3.0,0,0,1,False,False,True,False,False,False,False,False,False,False,False,False,False,False,False,False,False,True,False,False,False,False,False,False,False,False,False,False,False,False
Anuncio actualizado el 5 de septiembre,0,0,1.0,0,0,1950,en trámite,planta 2ª,0,0,37289526,0,0,Segovia,Distrito José Zorrilla - Padre Claret," , Distrito José Zorrilla - Padre Claret , Segovia , Área de Segovia, Segovia ",,"Área de Segovia, Segovia",92,74,2019-04-13,100000,0,3.0,0,0,0,False,False,True,False,False,False,False,False,False,False,False,False,False,False,True,False,False,False,False,False,False,False,False,False,False,False,False,False,False,False
Anuncio actualizado el 5 de septiembre,0,0,2.0,1,0,1973,,planta 2ª,1,0,37802291,0,0,Segovia,Distrito Ezequiel González - Cde. Sepulveda," , Distrito Ezequiel González - Cde. Sepulveda , Segovia , Área de Segovia, Segovia ",,"Área de Segovia, Segovia",127,115,2019-04-13,180000,0,4.0,0,0,1,False,False,True,False,False,False,False,False,False,False,False,False,False,False,False,False,False,False,False,False,False,False,False,False,True,False,False,False,False,False
Anuncio actualizado el 23 de enero,0,0,2.0,1,0,2002,en trámite,planta 2ª exterior,1,0,39609246,8,0,Segovia,Distrito Plaza Mayor - S.Agustín," San Agustín, 18 , Distrito Plaza Mayor - S.Agustín , Segovia , Área de Segovia, Segovia ","San Agustín, 18","Área de Segovia, Segovia",108,95,2019-04-13,240000,0,4.0,1,0,0,False,False,True,False,False,False,False,False,False,False,False,False,False,False,False,True,False,False,False,False,False,False,False,False,False,False,False,False,False,False
Anuncio actualizado el 8 de marzo,0,0,1.0,0,0,1965,,planta 4ª,0,0,40021136,0,0,Segovia,Distrito José Zorrilla - Padre Claret," , Distrito José Zorrilla - Padre Claret , Segovia , Área de Segovia, Segovia ",,"Área de Segovia, Segovia",66,54,2019-04-13,56000,0,3.0,0,0,0,False,False,False,True,False,False,False,False,False,False,False,False,False,False,False,False,True,False,False,False,False,False,False,False,False,False,False,False,False,False
Anuncio actualizado el 11 de marzo,0,0,3.0,0,0,2010,en trámite,3 plantas,0,1,39068656,4,,Segovia,Distrito Plaza Mayor - S.Agustín," , Distrito Plaza Mayor - S.Agustín , Segovia , Área de Segovia, Segovia ",,"Área de Segovia, Segovia",142,,2019-04-13,490000,0,4.0,0,0,0,False,False,True,False,False,False,False,False,False,True,False,False,False,False,False,False,False,False,False,False,False,False,False,False,False,False,False,False,False,False
Anuncio actualizado el 13 de marzo,0,0,1.0,1,0,1980,,planta 3ª interior,1,0,40374313,0,0,Segovia,Distrito S.Lorenzo - S.Marcos," Calle san cristobal , Distrito S.Lorenzo - S.Marcos , Segovia , Área de Segovia, Segovia ",Calle san cristobal,"Área de Segovia, Segovia",75,60,2019-04-13,95000,0,3.0,1,0,1,False,False,True,False,False,False,False,False,True,False,False,False,False,False,True,False,False,False,False,False,False,False,False,False,False,False,False,False,False,False
Anuncio actualizado el 8 de abril,0,0,1.0,1,0,1985,,planta 1ª,0,0,81713495,0,1,Segovia,Distrito Centro," , Distrito Centro , Segovia , Área de Segovia, Segovia ",,"Área de Segovia, Segovia",50,41,2019-04-13,130000,0,1.0,0,0,1,False,False,True,False,False,False,False,False,False,False,False,False,False,False,False,False,True,False,False,False,False,False,False,False,False,False,False,False,False,False
Anuncio actualizado el 5 de septiembre,0,0,1.0,1,0,1975,,planta 3ª,1,0,81906927,0,0,Segovia,Distrito Ezequiel González - Cde. Sepulveda," , Distrito Ezequiel González - Cde. Sepulveda , Segovia , Área de Segovia, Segovia ",,"Área de Segovia, Segovia",115,90,2019-04-13,190000,0,4.0,0,0,1,False,False,True,False,False,False,False,False,False,False,False,False,False,False,False,False,False,False,False,False,False,False,False,False,False,False,False,False,False,False
Anuncio actualizado el 5 de diciembre,0,0,1.0,0,0,1900,en trámite,,0,0,82115068,7,,Segovia,Distrito Plaza Mayor - S.Agustín," , Distrito Plaza Mayor - S.Agustín , Segovia , Área de Segovia, Segovia ",,"Área de Segovia, Segovia",113,88,2019-04-13,200000,0,5.0,0,0,0,False,False,False,True,False,False,False,False,False,False,False,False,False,False,False,False,False,False,False,False,False,False,False,False,False,False,False,False,False,False
Anuncio actualizado el 28 de febrero,0,0,1.0,1,0,1940,,,0,0,82733585,7,,Segovia,Distrito S.Lorenzo - S.Marcos," , Distrito S.Lorenzo - S.Marcos , Segovia , Área de Segovia, Segovia ",,"Área de Segovia, Segovia",136,81,2019-04-13,139500,0,4.0,0,0,1,False,False,True,False,False,False,False,False,False,False,False,False,False,False,False,False,False,False,False,False,False,False,False,False,False,False,False,False,False,False
Anuncio actualizado el 20 de diciembre,0,0,2.0,0,0,,no indicado,planta 1ª interior,0,0,83168772,0,1,Segovia,Distrito Ezequiel González - Cde. Sepulveda," , Distrito Ezequiel González - Cde. Sepulveda , Segovia , Área de Segovia, Segovia ",,"Área de Segovia, Segovia",100,92,2019-04-13,132000,0,3.0,0,0,0,False,False,False,False,False,False,False,False,False,False,False,False,False,False,False,False,False,False,False,False,False,False,False,False,False,False,False,False,False,False
Anuncio actualizado el 20 de diciembre,0,0,2.0,0,0,1984,no indicado,planta 2ª exterior,1,0,83214157,0,1,Segovia,Distrito José Zorrilla - Padre Claret," , Distrito José Zorrilla - Padre Claret , Segovia , Área de Segovia, Segovia ",,"Área de Segovia, Segovia",197,168,2019-04-13,360000,0,4.0,0,0,0,False,False,True,False,False,False,False,False,False,False,False,False,False,False,False,False,False,False,False,False,False,False,False,False,False,False,False,False,False,False
Anuncio actualizado el 20 de diciembre,0,0,2.0,0,0,,no indicado,planta 1ª exterior,1,0,83214159,0,1,Segovia,Distrito El Cerro - Crtra. San Rafael," , Distrito El Cerro - Crtra. San Rafael , Segovia , Área de Segovia, Segovia ",,"Área de Segovia, Segovia",130,95,2019-04-13,150000,0,4.0,0,0,0,False,False,False,False,False,False,False,False,False,False,False,False,False,False,False,False,False,False,False,False,False,False,False,False,False,False,False,False,False,False
Anuncio actualizado el 20 de diciembre,0,0,3.0,0,0,,no indicado,,0,1,83214160,7,,Segovia,Distrito Sector Plaza de Toros," , Distrito Sector Plaza de Toros , Segovia , Área de Segovia, Segovia ",,"Área de Segovia, Segovia",75,,2019-04-13,350000,0,4.0,1,0,1,False,False,False,False,False,False,False,False,False,False,False,False,False,False,False,False,False,False,False,False,False,False,False,False,False,False,False,False,False,False
Anuncio actualizado el 28 de marzo,0,0,1.0,0,0,1966,,planta 2ª exterior,0,0,83235784,0,0,Segovia,Distrito Sector Plaza de Toros," Calle Tomasa de la Iglesia, 12 , Distrito Sector Plaza de Toros , Segovia , Área de Segovia, Segovia ","Calle Tomasa de la Iglesia, 12","Área de Segovia, Segovia",70,56,2019-04-13,51000,0,3.0,0,0,1,False,False,True,False,False,False,False,False,False,True,False,False,False,False,False,False,False,False,False,False,True,False,False,False,False,False,False,False,False,False
Anuncio actualizado el 11 de diciembre,0,0,2.0,1,0,1983,,planta 1ª,1,0,83539229,0,1,Segovia,Distrito Sector Plaza de Toros," , Distrito Sector Plaza de Toros , Segovia , Área de Segovia, Segovia ",,"Área de Segovia, Segovia",135,87,2019-04-13,165000,0,4.0,0,0,1,False,False,True,False,False,False,False,False,False,False,False,False,False,False,False,False,False,False,False,False,False,False,False,False,False,False,True,False,False,False
Anuncio actualizado el 16 de enero,0,0,2.0,1,0,1991,,planta 2ª,1,0,83863023,8,1,Segovia,Distrito Vía Roma," , Distrito Vía Roma , Segovia , Área de Segovia, Segovia ",,"Área de Segovia, Segovia",105,90,2019-04-13,160000,0,2.0,0,1,1,False,False,True,False,False,False,False,False,False,False,False,False,False,False,False,False,False,False,False,False,False,False,False,False,False,False,False,False,False,False
Anuncio actualizado el 13 de febrero,0,0,2.0,0,0,,en trámite,3 plantas,0,1,84115743,7,,Segovia,Distrito Ezequiel González - Cde. Sepulveda," , Distrito Ezequiel González - Cde. Sepulveda , Segovia , Área de Segovia, Segovia ",,"Área de Segovia, Segovia",324,,2019-04-13,420000,0,3.0,0,0,1,False,False,False,False,False,False,False,True,False,False,False,False,False,False,False,False,False,False,False,False,False,False,False,False,False,False,False,False,False,False
Anuncio actualizado el 12 de febrero,0,0,1.0,1,0,1968,,planta 5ª,1,0,84237855,0,1,Segovia,Distrito Centro," , Distrito Centro , Segovia , Área de Segovia, Segovia ",,"Área de Segovia, Segovia",93,78,2019-04-13,170000,0,2.0,0,0,1,False,False,True,False,False,False,False,False,False,False,False,False,False,False,True,False,False,False,False,False,False,False,False,False,False,False,False,False,False,False
Anuncio actualizado el 11 de abril,0,0,2.0,0,0,1978,,planta 1ª,1,0,84308352,0,0,Segovia,Distrito S.Lorenzo - S.Marcos," , Distrito S.Lorenzo - S.Marcos , Segovia , Área de Segovia, Segovia ",,"Área de Segovia, Segovia",127,107,2019-04-13,175000,0,4.0,0,0,1,False,False,True,False,False,False,False,False,False,False,False,False,False,False,False,False,False,False,False,False,False,False,False,False,False,False,False,False,False,False
Anuncio actualizado el 8 de marzo,0,0,1.0,1,0,2005,,bajo,1,0,84356025,0,1,Segovia,Distrito El Cerro - Crtra. San Rafael," , Distrito El Cerro - Crtra. San Rafael , Segovia , Área de Segovia, Segovia ",,"Área de Segovia, Segovia",51,39,2019-04-13,119000,0,1.0,0,0,0,False,False,True,False,False,False,False,False,False,False,False,False,False,False,False,False,False,False,False,False,False,False,False,False,False,False,False,False,False,False
Anuncio actualizado el 20 de febrero,0,0,1.0,1,0,1982,,planta 5ª,0,0,84356030,6,1,Segovia,Distrito Centro," , Distrito Centro , Segovia , Área de Segovia, Segovia ",,"Área de Segovia, Segovia",106,80,2019-04-13,225000,0,3.0,0,0,1,False,False,True,False,False,False,False,False,False,False,False,False,False,False,False,False,False,False,False,False,False,False,False,False,False,False,False,False,False,False
Anuncio actualizado el 23 de febrero,0,0,1.0,1,0,1982,,planta 2ª,1,0,84356032,0,0,Segovia,Distrito S.Lorenzo - S.Marcos," , Distrito S.Lorenzo - S.Marcos , Segovia , Área de Segovia, Segovia ",,"Área de Segovia, Segovia",95,76,2019-04-13,120000,0,3.0,0,0,1,False,False,True,False,False,False,False,False,False,False,False,False,False,False,False,False,False,False,False,False,False,False,False,False,False,False,False,False,False,False
Anuncio actualizado el 5 de marzo,0,0,1.0,1,0,1983,en trámite,planta 3ª exterior,1,0,84372169,0,0,Segovia,Distrito Sector Plaza de Toros," , Distrito Sector Plaza de Toros , Segovia , Área de Segovia, Segovia ",,"Área de Segovia, Segovia",70,61,2019-04-13,85000,0,3.0,0,0,0,False,False,True,False,False,False,False,False,False,False,False,False,False,False,False,False,False,False,False,False,False,False,False,False,False,False,False,False,False,False
Anuncio actualizado el 6 de marzo,0,0,1.0,1,0,1969,,planta 1ª,0,0,84406833,0,0,Segovia,Distrito Plaza Mayor - S.Agustín," , Distrito Plaza Mayor - S.Agustín , Segovia , Área de Segovia, Segovia ",,"Área de Segovia, Segovia",113,96,2019-04-13,180000,0,3.0,0,0,0,False,False,True,False,False,False,False,False,False,False,False,False,False,False,False,False,False,False,False,False,False,False,False,False,False,False,False,False,False,False
Anuncio actualizado el 1 de marzo,0,0,1.0,0,0,1973,,planta 2ª,0,0,84489064,0,1,Segovia,Distrito Centro," , Distrito Centro , Segovia , Área de Segovia, Segovia ",,"Área de Segovia, Segovia",98,77,2019-04-13,149400,0,3.0,0,0,1,False,False,False,True,False,False,False,False,False,False,False,False,False,False,False,False,False,False,False,False,False,False,False,False,False,False,False,False,False,False
Anuncio actualizado el 27 de marzo,0,0,1.0,1,0,1999,,bajo,1,0,84640134,0,1,Segovia,Distrito Sector Plaza de Toros," , Distrito Sector Plaza de Toros , Segovia , Área de Segovia, Segovia ",,"Área de Segovia, Segovia",80,61,2019-04-13,133000,0,2.0,0,0,1,False,False,True,False,False,False,False,False,False,False,False,False,False,False,False,False,False,True,False,False,False,False,False,False,False,False,False,False,False,False
Anuncio actualizado el 13 de abril,0,0,1.0,0,0,1973,en trámite,planta 1ª,0,0,84825146,0,1,Segovia,Distrito El Carmen," , Distrito El Carmen , Segovia , Área de Segovia, Segovia ",,"Área de Segovia, Segovia",82,77,2019-04-13,95000,0,3.0,0,0,1,False,False,False,True,False,False,False,False,False,False,False,False,False,False,False,False,False,False,False,False,False,False,False,False,False,False,False,False,False,False
Anuncio actualizado el 5 de abril,0,1,1.0,0,0,1968,no indicado,planta 3ª exterior,0,0,84968239,0,1,Segovia,Distrito Centro," , Distrito Centro , Segovia , Área de Segovia, Segovia ",,"Área de Segovia, Segovia",97,86,2019-04-13,135000,0,3.0,0,0,0,False,False,True,False,False,False,False,False,False,False,False,False,False,False,False,False,False,False,False,False,False,False,False,False,False,False,False,False,False,True
Anuncio actualizado el 9 de abril,0,0,2.0,1,0,1966,en trámite,planta 1ª exterior,0,0,84996800,0,1,Segovia,Distrito Ezequiel González - Cde. Sepulveda," , Distrito Ezequiel González - Cde. Sepulveda , Segovia , Área de Segovia, Segovia ",,"Área de Segovia, Segovia",92,,2019-04-13,220000,0,3.0,0,0,1,False,False,True,False,False,False,False,True,False,False,False,False,False,False,False,False,False,False,False,False,False,False,False,False,False,False,False,False,False,False
Anuncio actualizado el 20 de marzo,0,0,1.0,1,0,1971,,planta 2ª exterior,0,0,39596693,0,0,Segovia,Distrito El Carmen," Plaza Caja de Ahorros , Distrito El Carmen , Segovia , Área de Segovia, Segovia ",Plaza Caja de Ahorros,"Área de Segovia, Segovia",81,,2019-04-13,95000,0,3.0,0,0,0,False,False,True,False,False,False,True,False,False,False,False,False,False,False,False,False,False,False,False,False,True,False,False,False,False,False,False,False,False,False
Anuncio actualizado el 17 de diciembre,0,0,2.0,1,0,1970,,planta 5ª exterior,0,1,81403072,8,1,Segovia,Distrito El Carmen," Calle Alfonso VI , Distrito El Carmen , Segovia , Área de Segovia, Segovia ",Calle Alfonso VI,"Área de Segovia, Segovia",87,70,2019-04-13,75000,1,4.0,1,0,0,False,False,False,True,False,False,False,False,False,False,False,False,False,False,False,True,False,False,False,False,False,False,False,False,False,False,False,False,False,False
Anuncio actualizado el 8 de noviembre,0,0,1.0,0,0,2008,en trámite,planta 3ª,0,0,82971538,0,,Segovia,Distrito El Cerro - Crtra. San Rafael," Carretera de Villacastín , Distrito El Cerro - Crtra. San Rafael , Segovia , Área de Segovia, Segovia ",Carretera de Villacastín,"Área de Segovia, Segovia",95,,2019-04-13,129900,0,2.0,0,0,0,False,False,False,False,False,False,False,False,False,False,False,False,False,False,False,False,False,False,False,False,False,False,False,False,False,False,False,False,False,False
Anuncio actualizado el 19 de septiembre,0,0,1.0,0,0,,no indicado,planta 1ª,0,0,37345495,0,1,Segovia,Distrito Centro," Calle María de Pablos Cerezo , Distrito Centro , Segovia , Área de Segovia, Segovia ",Calle María de Pablos Cerezo,"Área de Segovia, Segovia",85,70,2019-04-13,115000,0,2.0,0,0,0,False,False,True,False,False,False,False,False,False,False,False,False,False,False,False,False,False,False,False,False,False,False,False,False,False,False,False,False,False,False
Anuncio actualizado el 10 de abril,0,0,3.0,0,0,,en trámite,bajo,1,0,82261043,0,1,Segovia,Distrito El Carmen," Calle la Luz , Distrito El Carmen , Segovia , Área de Segovia, Segovia ",Calle la Luz,"Área de Segovia, Segovia",120,100,2019-04-13,180000,0,3.0,0,0,1,False,False,False,False,False,False,False,True,False,False,False,False,False,False,False,False,False,False,False,False,False,False,False,False,False,False,False,False,False,False
Anuncio actualizado el 1 de abril,0,1,2.0,1,0,,en trámite,planta 3ª exterior,0,0,83579598,0,1,Segovia,Distrito Plaza Mayor - S.Agustín," Calle Barrionuevo, 3 , Distrito Plaza Mayor - S.Agustín , Segovia , Área de Segovia, Segovia ","Calle Barrionuevo, 3","Área de Segovia, Segovia",107,100,2019-04-13,250000,0,3.0,1,0,0,False,False,False,True,False,False,False,False,True,False,False,False,False,False,False,False,False,False,False,False,True,False,False,False,False,False,False,False,False,False
Anuncio actualizado el 10 de abril,0,0,1.0,1,0,,en trámite,planta 3ª,0,0,83795270,0,1,Segovia,Distrito Centro," Calle Soldado Español , Distrito Centro , Segovia , Área de Segovia, Segovia ",Calle Soldado Español,"Área de Segovia, Segovia",96,82,2019-04-13,110000,0,3.0,1,0,1,False,False,False,True,True,False,False,False,False,False,False,False,False,False,False,False,False,False,False,False,False,False,False,False,False,False,False,False,False,False
Anuncio actualizado el 4 de abril,0,0,2.0,1,0,1900,no indicado,planta 3ª,0,0,84019270,6,0,Segovia,Distrito Centro," , Distrito Centro , Segovia , Área de Segovia, Segovia ",,"Área de Segovia, Segovia",126,112,2019-04-13,205000,0,3.0,0,0,1,False,False,False,False,False,False,False,False,False,False,False,False,False,False,False,False,False,False,False,False,False,False,False,False,False,False,False,False,False,False
Anuncio actualizado el 10 de abril,0,0,2.0,1,0,,en trámite,planta 2ª,0,0,84496594,0,,Segovia,Distrito Plaza Mayor - S.Agustín," Calle de San Agustín , Distrito Plaza Mayor - S.Agustín , Segovia , Área de Segovia, Segovia ",Calle de San Agustín,"Área de Segovia, Segovia",196,190,2019-04-13,399000,0,4.0,0,0,0,False,False,True,False,False,False,False,True,False,False,False,False,False,False,False,False,False,False,False,False,False,False,False,False,False,False,False,False,False,False
Anuncio actualizado el 1 de abril,0,0,2.0,1,0,,en trámite,planta 1ª exterior,0,0,84809481,0,1,Segovia,Distrito El Cerro - Crtra. San Rafael," , Distrito El Cerro - Crtra. San Rafael , Segovia , Área de Segovia, Segovia ",,"Área de Segovia, Segovia",136,,2019-04-13,115000,0,4.0,0,0,0,False,False,False,True,False,False,True,False,False,False,False,False,False,False,False,False,False,False,False,False,False,False,False,False,False,False,False,False,False,False
Anuncio actualizado el 5 de abril,0,1,4.0,1,0,1998,en trámite,4 plantas,1,1,84529113,4,,Segovia,Distrito Vía Roma," , Distrito Vía Roma , Segovia , Área de Segovia, Segovia ",,"Área de Segovia, Segovia",40,,2019-04-13,429000,0,4.0,1,1,1,False,False,True,False,False,False,False,True,False,False,False,False,False,False,False,False,False,False,False,False,False,False,False,False,False,False,True,False,False,False
Anuncio actualizado el 23 de enero,0,0,2.0,1,0,1974,en trámite,planta 4ª exterior,1,1,30240007,0,1,Segovia,Distrito Sector Plaza de Toros," , Distrito Sector Plaza de Toros , Segovia , Área de Segovia, Segovia ",,"Área de Segovia, Segovia",110,90,2019-04-13,155000,0,4.0,1,0,1,False,False,True,False,False,False,False,False,False,False,False,False,False,False,False,False,False,False,False,False,False,False,False,False,True,False,False,False,False,False
Anuncio actualizado el 27 de septiembre,0,0,1.0,0,0,,no indicado,planta 3ª,0,0,33606720,0,0,Segovia,Distrito Centro," Calle ochoa ondategui , Distrito Centro , Segovia , Área de Segovia, Segovia ",Calle ochoa ondategui,"Área de Segovia, Segovia",80,,2019-04-13,180000,0,3.0,0,0,0,False,False,True,False,False,False,False,False,False,False,False,False,False,False,True,False,False,False,False,False,False,False,False,False,False,False,False,False,False,False
Anuncio actualizado el 23 de enero,0,0,4.0,0,0,,inmueble exento,3 plantas,0,1,33933264,4,,Segovia,Distrito Vía Roma," Calle de san gabriel, 22 , Distrito Vía Roma , Segovia , Área de Segovia, Segovia ","Calle de san gabriel, 22","Área de Segovia, Segovia",267,159,2019-04-13,155000,0,3.0,1,0,1,False,False,False,True,False,False,False,False,False,False,False,False,False,False,False,True,False,False,False,False,False,False,False,False,False,False,False,False,False,False
Anuncio actualizado el 19 de septiembre,0,0,2.0,0,0,,,planta 1ª,0,0,34053814,0,0,Segovia,Distrito Centro," Calle soldado español , Distrito Centro , Segovia , Área de Segovia, Segovia ",Calle soldado español,"Área de Segovia, Segovia",145,,2019-04-13,230000,0,4.0,1,0,0,False,False,True,False,False,False,False,False,False,False,False,False,False,False,False,False,False,False,False,False,False,False,False,False,False,False,False,False,False,False
Anuncio actualizado el 20 de octubre,0,0,2.0,0,0,,no indicado,planta 1ª,0,0,34450272,0,1,Segovia,Distrito José Zorrilla - Padre Claret," Avenida la constitución , Distrito José Zorrilla - Padre Claret , Segovia , Área de Segovia, Segovia ",Avenida la constitución,"Área de Segovia, Segovia",125,,2019-04-13,130000,0,4.0,0,0,0,False,False,True,False,False,False,False,False,False,False,False,False,False,False,False,False,False,False,False,False,False,False,False,False,False,False,False,False,False,False
Anuncio actualizado el 28 de diciembre,0,0,1.0,0,0,,no indicado,,0,0,35240581,2,,Segovia,Distrito El Carmen," Calle concilio de trento , Distrito El Carmen , Segovia , Área de Segovia, Segovia ",Calle concilio de trento,"Área de Segovia, Segovia",100,,2019-04-13,250000,0,3.0,1,0,0,False,False,True,False,False,False,False,False,False,False,False,False,False,False,False,False,False,False,False,False,False,False,False,False,False,False,False,False,False,False
Anuncio actualizado el 19 de septiembre,0,0,1.0,0,0,,no indicado,planta 4ª,0,0,36802143,0,0,Segovia,Distrito El Cerro - Crtra. San Rafael," Calle los Cotos , Distrito El Cerro - Crtra. San Rafael , Segovia , Área de Segovia, Segovia ",Calle los Cotos,"Área de Segovia, Segovia",120,96,2019-04-13,95000,0,3.0,1,0,0,False,False,True,False,False,False,False,False,False,False,False,False,False,False,False,False,False,False,False,False,False,False,False,False,False,False,False,False,False,False
Anuncio actualizado el 28 de diciembre,0,0,1.0,0,0,,no indicado,planta 3ª,0,0,37892185,0,0,Segovia,Distrito El Cerro - Crtra. San Rafael," Avenida del obispo quesada , Distrito El Cerro - Crtra. San Rafael , Segovia , Área de Segovia, Segovia ",Avenida del obispo quesada,"Área de Segovia, Segovia",87,79,2019-04-13,80000,0,4.0,0,0,1,False,False,False,True,False,False,False,False,False,False,False,False,False,False,False,False,False,False,False,False,False,False,False,False,False,False,False,False,False,False
Anuncio actualizado el 28 de diciembre,0,0,4.0,0,0,,no indicado,,0,0,36244507,7,,Segovia,Distrito S.Lorenzo - S.Marcos," Calle del terminillo , Distrito S.Lorenzo - S.Marcos , Segovia , Área de Segovia, Segovia ",Calle del terminillo,"Área de Segovia, Segovia",250,,2019-04-13,115000,0,10.0,1,0,0,False,False,True,False,False,False,False,False,False,False,False,False,False,False,True,False,False,False,False,False,False,False,False,False,False,False,False,False,False,False
Anuncio actualizado el 15 de octubre,0,0,4.0,0,0,,en trámite,,0,0,36315746,2,,Segovia,Distrito Vía Roma," Carretera de Valladolid , Distrito Vía Roma , Segovia , Área de Segovia, Segovia ",Carretera de Valladolid,"Área de Segovia, Segovia",269,233,2019-04-13,240000,0,4.0,0,0,0,False,False,True,False,False,False,False,False,False,False,False,False,False,False,False,False,False,False,False,False,False,False,False,False,False,False,False,False,False,False
Anuncio actualizado el 19 de septiembre,0,0,2.0,0,0,,no indicado,bajo,0,0,38000444,0,0,Segovia,Distrito José Zorrilla - Padre Claret," Calle coronel rexach , Distrito José Zorrilla - Padre Claret , Segovia , Área de Segovia, Segovia ",Calle coronel rexach,"Área de Segovia, Segovia",120,100,2019-04-13,210000,0,4.0,0,0,0,False,False,True,False,False,False,False,False,False,False,False,False,False,False,False,False,False,False,False,False,False,False,False,False,False,False,False,False,False,False
Anuncio actualizado el 31 de enero,0,0,2.0,0,0,1970,en trámite,planta 3ª exterior,0,0,40017019,0,0,Segovia,Distrito S.Lorenzo - S.Marcos," , Distrito S.Lorenzo - S.Marcos , Segovia , Área de Segovia, Segovia ",,"Área de Segovia, Segovia",61,,2019-04-13,74000,0,3.0,1,0,0,False,False,True,False,False,False,False,False,False,True,False,False,False,False,False,False,False,False,False,False,False,False,False,False,False,False,False,True,False,False
Anuncio actualizado el 16 de noviembre,0,1,1.0,0,0,1970,en trámite,planta 2ª exterior,0,0,81605732,0,0,Segovia,Distrito Vía Roma," , Distrito Vía Roma , Segovia , Área de Segovia, Segovia ",,"Área de Segovia, Segovia",78,,2019-04-13,69000,0,3.0,1,0,0,False,False,True,False,False,False,False,False,False,True,False,False,False,False,False,False,False,False,False,False,False,False,False,False,True,False,False,False,False,False
Anuncio actualizado el 17 de enero,0,0,2.0,0,0,,no indicado,planta 3ª,0,0,82013277,8,1,Segovia,Distrito Centro," Calle de San Francisco , Distrito Centro , Segovia , Área de Segovia, Segovia ",Calle de San Francisco,"Área de Segovia, Segovia",182,,2019-04-13,470000,0,4.0,0,0,0,False,False,True,False,False,False,False,False,False,False,False,False,False,False,False,False,False,False,False,False,False,False,False,False,False,False,False,False,False,False
Anuncio actualizado el 27 de septiembre,0,0,2.0,0,0,,en trámite,planta 4ª,0,0,82013281,8,0,Segovia,Distrito El Carmen," Calle Alfonso VI , Distrito El Carmen , Segovia , Área de Segovia, Segovia ",Calle Alfonso VI,"Área de Segovia, Segovia",89,70,2019-04-13,75000,0,5.0,0,0,0,False,False,False,True,False,False,False,False,False,False,False,False,False,False,False,False,False,False,False,False,False,False,False,False,False,False,False,False,False,False
Anuncio actualizado el 18 de marzo,0,0,2.0,1,0,1995,en trámite,planta 2ª exterior,1,0,82380753,8,0,Segovia,Distrito Vía Roma," , Distrito Vía Roma , Segovia , Área de Segovia, Segovia ",,"Área de Segovia, Segovia",176,155,2019-04-13,149900,0,5.0,1,0,0,False,False,True,False,False,False,True,False,False,False,False,False,False,False,False,True,False,False,False,False,False,False,False,False,False,False,False,False,False,False
Anuncio actualizado el 21 de marzo,0,1,1.0,0,0,,en trámite,planta 3ª exterior,0,0,83676713,0,0,Segovia,Distrito Centro," , Distrito Centro , Segovia , Área de Segovia, Segovia ",,"Área de Segovia, Segovia",102,,2019-04-13,159000,0,2.0,0,0,0,False,False,True,False,False,False,False,False,False,True,False,False,False,False,False,False,False,False,False,False,False,False,False,False,False,False,False,False,False,False
Anuncio actualizado el 27 de febrero,0,0,2.0,0,0,,no indicado,bajo,0,0,84197803,0,1,Segovia,Distrito José Zorrilla - Padre Claret," Avenida la Constitución , Distrito José Zorrilla - Padre Claret , Segovia , Área de Segovia, Segovia ",Avenida la Constitución,"Área de Segovia, Segovia",120,110,2019-04-13,158000,0,4.0,0,0,0,False,False,True,False,False,False,False,False,False,False,False,False,False,False,False,False,False,False,False,False,False,False,False,False,False,False,False,False,False,False
Anuncio actualizado el 27 de marzo,0,0,2.0,1,0,1991,no indicado,planta 2ª exterior,1,0,84655614,0,0,Segovia,Distrito Centro," , Distrito Centro , Segovia , Área de Segovia, Segovia ",,"Área de Segovia, Segovia",76,68,2019-04-13,145000,0,3.0,0,0,1,False,False,False,False,False,False,False,False,False,False,False,False,False,False,False,False,False,False,False,False,True,False,False,False,False,False,False,False,False,False
Anuncio actualizado el 21 de marzo,0,0,1.0,1,0,2000,no indicado,planta 2ª exterior,0,0,84655587,0,0,Segovia,Distrito Centro," , Distrito Centro , Segovia , Área de Segovia, Segovia ",,"Área de Segovia, Segovia",54,50,2019-04-13,99900,0,1.0,0,0,0,False,False,True,False,False,False,False,False,False,False,False,False,False,False,False,False,False,False,False,False,False,False,False,False,False,False,True,False,False,False
Anuncio actualizado el 5 de abril,0,0,1.0,1,0,1979,en trámite,planta 6ª,0,0,84535890,0,1,Segovia,Distrito El Cerro - Crtra. San Rafael," , Distrito El Cerro - Crtra. San Rafael , Segovia , Área de Segovia, Segovia ",,"Área de Segovia, Segovia",85,78,2019-04-13,120000,1,3.0,0,0,1,False,False,True,False,False,False,False,False,False,False,False,False,False,False,False,False,False,False,False,False,False,False,False,False,False,False,False,False,False,False
Anuncio actualizado el 15 de marzo,0,1,1.0,1,0,1976,en trámite,planta 1ª,0,0,84472519,0,1,Segovia,Distrito Centro," , Distrito Centro , Segovia , Área de Segovia, Segovia ",,"Área de Segovia, Segovia",80,76,2019-04-13,136000,0,3.0,0,0,0,False,False,True,False,False,False,False,False,False,False,False,False,False,False,False,False,False,False,False,False,False,False,False,False,False,False,False,False,False,False
Anuncio actualizado el 15 de marzo,0,0,1.0,0,0,1974,en trámite,planta 3ª exterior,0,0,84304737,0,0,Segovia,Distrito Sector Plaza de Toros," , Distrito Sector Plaza de Toros , Segovia , Área de Segovia, Segovia ",,"Área de Segovia, Segovia",70,62,2019-04-13,68000,0,3.0,0,0,0,False,False,True,False,False,False,False,False,False,False,False,False,False,False,False,False,False,False,False,False,False,False,False,False,False,False,False,False,False,False
Anuncio actualizado el 15 de marzo,0,1,1.0,0,0,1980,en trámite,planta 3ª exterior,0,0,84039027,0,0,Segovia,Distrito Vía Roma," , Distrito Vía Roma , Segovia , Área de Segovia, Segovia ",,"Área de Segovia, Segovia",74,68,2019-04-13,90000,0,3.0,0,0,1,False,False,True,False,False,False,False,False,False,False,False,False,False,False,False,False,False,False,False,False,False,False,False,False,False,False,False,False,False,False
Anuncio actualizado el 23 de marzo,0,0,2.0,1,0,1980,,planta 1ª exterior,0,0,83335905,0,1,Segovia,Distrito Centro," , Distrito Centro , Segovia , Área de Segovia, Segovia ",,"Área de Segovia, Segovia",151,133,2019-04-13,375000,1,4.0,0,0,0,False,False,True,False,False,False,False,False,False,False,False,False,False,False,False,False,False,False,False,False,False,False,False,False,False,False,True,False,False,False
Anuncio actualizado el 13 de abril,0,0,1.0,1,0,1955,no indicado,bajo exterior,0,0,82831967,0,1,Segovia,Distrito Sector Plaza de Toros," , Distrito Sector Plaza de Toros , Segovia , Área de Segovia, Segovia ",,"Área de Segovia, Segovia",70,64,2019-04-13,64100,0,2.0,1,0,0,False,False,True,False,False,False,False,False,False,False,False,False,False,False,False,False,False,False,False,False,True,False,False,False,False,False,False,False,False,False
Anuncio actualizado el 29 de marzo,1,1,2.0,1,0,2007,en trámite,planta 2ª exterior,1,0,82015484,8,0,Segovia,Distrito Vía Roma," , Distrito Vía Roma , Segovia , Área de Segovia, Segovia ",,"Área de Segovia, Segovia",122,110,2019-04-13,274996,0,3.0,1,0,1,False,False,True,False,False,False,False,False,False,False,False,False,False,False,False,False,False,False,False,False,True,False,False,False,False,False,False,False,False,False
Anuncio actualizado el 5 de abril,0,0,1.0,1,0,1963,en trámite,planta 1ª exterior,0,0,84406186,0,0,Segovia,Distrito Centro," , Distrito Centro , Segovia , Área de Segovia, Segovia ",,"Área de Segovia, Segovia",70,60,2019-04-13,66000,0,2.0,1,0,0,False,False,False,True,False,False,False,False,False,False,False,False,False,False,False,False,False,False,False,False,False,False,False,False,False,False,False,False,False,False
Anuncio actualizado el 11 de abril,0,0,1.0,0,0,1960,no indicado,planta 3ª exterior,0,0,84472523,0,0,Segovia,Distrito Sector Plaza de Toros," , Distrito Sector Plaza de Toros , Segovia , Área de Segovia, Segovia ",,"Área de Segovia, Segovia",61,56,2019-04-13,55000,0,3.0,1,0,1,False,False,True,False,False,False,False,False,False,False,False,False,False,False,False,False,False,False,False,False,False,False,False,False,False,False,True,False,False,False
Anuncio actualizado el 18 de marzo,0,0,2.0,0,0,,en trámite,,0,0,84703949,4,,Segovia,Distrito Plaza Mayor - S.Agustín," , Distrito Plaza Mayor - S.Agustín , Segovia , Área de Segovia, Segovia ",,"Área de Segovia, Segovia",118,,2019-04-13,310000,0,2.0,0,0,0,False,False,True,False,False,False,False,False,False,False,False,False,False,False,False,False,False,False,False,False,False,False,False,False,False,False,False,False,False,False
Anuncio actualizado el 20 de marzo,0,1,2.0,0,0,,en trámite,planta 3ª exterior,0,0,84704801,0,0,Segovia,Distrito Plaza Mayor - S.Agustín," , Distrito Plaza Mayor - S.Agustín , Segovia , Área de Segovia, Segovia ",,"Área de Segovia, Segovia",194,,2019-04-13,245000,0,7.0,0,0,0,False,False,False,True,False,False,False,False,False,False,False,False,False,False,False,False,False,False,False,False,False,False,False,False,False,False,False,False,False,False
Anuncio actualizado el 19 de marzo,0,0,2.0,0,0,,en trámite,planta 1ª exterior,1,0,84719011,0,1,Segovia,Distrito Ezequiel González - Cde. Sepulveda," , Distrito Ezequiel González - Cde. Sepulveda , Segovia , Área de Segovia, Segovia ",,"Área de Segovia, Segovia",130,,2019-04-13,143000,0,4.0,0,0,0,False,False,True,False,False,False,False,False,False,False,False,False,False,False,False,False,False,False,False,False,False,False,False,False,False,False,False,False,False,False
Anuncio actualizado el 19 de marzo,0,0,1.0,0,0,,en trámite,planta 3ª exterior,0,0,84722613,0,0,Segovia,Distrito S.Lorenzo - S.Marcos," , Distrito S.Lorenzo - S.Marcos , Segovia , Área de Segovia, Segovia ",,"Área de Segovia, Segovia",63,,2019-04-13,59000,0,3.0,0,0,1,False,False,True,False,False,False,False,False,False,False,False,False,False,False,False,False,False,False,False,False,False,False,False,False,False,False,False,False,False,False
Anuncio actualizado el 19 de marzo,0,0,2.0,1,0,,en trámite,planta 3ª exterior,1,0,84722859,0,1,Segovia,Distrito El Cerro - Crtra. San Rafael," , Distrito El Cerro - Crtra. San Rafael , Segovia , Área de Segovia, Segovia ",,"Área de Segovia, Segovia",101,,2019-04-13,160000,0,3.0,1,0,0,False,False,True,False,False,False,False,False,False,False,False,False,False,False,False,False,False,False,False,False,False,False,False,False,False,False,False,False,False,False
Anuncio actualizado el 19 de marzo,0,0,3.0,1,0,,en trámite,,1,1,84723001,4,,Segovia,Distrito Sector Plaza de Toros," , Distrito Sector Plaza de Toros , Segovia , Área de Segovia, Segovia ",,"Área de Segovia, Segovia",280,,2019-04-13,339000,0,3.0,1,0,0,False,False,True,False,False,False,False,False,False,False,False,False,False,False,False,False,False,False,False,False,False,False,False,False,False,False,False,False,False,False
Anuncio actualizado el 20 de marzo,0,0,1.0,0,0,,inmueble exento,planta 7ª exterior,0,0,84737717,0,1,Segovia,Distrito El Carmen," , Distrito El Carmen , Segovia , Área de Segovia, Segovia ",,"Área de Segovia, Segovia",87,,2019-04-13,85000,0,3.0,0,0,1,False,False,False,True,False,False,False,False,False,False,False,False,False,False,False,False,False,False,False,False,False,False,False,False,False,False,False,False,False,False
Anuncio actualizado el 20 de marzo,0,0,1.0,0,0,,en trámite,,0,1,84738381,4,,Segovia,Distrito S.Lorenzo - S.Marcos," , Distrito S.Lorenzo - S.Marcos , Segovia , Área de Segovia, Segovia ",,"Área de Segovia, Segovia",105,,2019-04-13,139500,0,3.0,0,0,0,False,False,True,False,False,False,False,False,False,False,False,False,False,False,False,False,False,False,False,False,False,False,False,False,False,False,False,False,False,False
Anuncio actualizado el 21 de marzo,0,0,2.0,1,0,,en trámite,planta 1ª exterior,1,1,84757027,0,1,Segovia,Distrito El Cerro - Crtra. San Rafael," , Distrito El Cerro - Crtra. San Rafael , Segovia , Área de Segovia, Segovia ",,"Área de Segovia, Segovia",101,,2019-04-13,169000,0,3.0,1,0,0,False,False,True,False,True,False,False,False,False,False,False,False,False,False,False,False,False,False,False,False,False,False,False,False,False,False,False,False,False,False
Anuncio actualizado el 22 de marzo,0,0,3.0,1,0,,en trámite,bajo exterior,0,1,84772040,8,0,Segovia,Distrito Plaza Mayor - S.Agustín," , Distrito Plaza Mayor - S.Agustín , Segovia , Área de Segovia, Segovia ",,"Área de Segovia, Segovia",135,,2019-04-13,385000,0,3.0,0,0,0,False,False,True,False,False,False,False,False,False,False,False,False,False,False,False,False,False,False,False,False,False,False,False,False,False,False,False,False,False,False
Anuncio actualizado el 22 de marzo,0,0,1.0,0,0,,inmueble exento,planta 4ª exterior,0,0,84772724,0,1,Segovia,Distrito El Carmen," , Distrito El Carmen , Segovia , Área de Segovia, Segovia ",,"Área de Segovia, Segovia",88,,2019-04-13,99000,0,3.0,0,0,0,False,False,False,True,False,False,False,False,False,False,False,False,False,False,False,False,False,False,False,False,False,False,False,False,False,False,False,False,False,False
Anuncio actualizado el 25 de marzo,0,1,2.0,1,0,1974,en trámite,planta 3ª exterior,0,0,84788931,0,1,Segovia,Distrito Centro," , Distrito Centro , Segovia , Área de Segovia, Segovia ",,"Área de Segovia, Segovia",147,135,2019-04-13,400001,1,4.0,0,0,1,False,False,True,False,False,False,False,False,False,False,False,False,False,False,False,False,False,False,False,False,False,False,False,False,False,False,True,False,False,False
Anuncio actualizado el 27 de marzo,0,0,2.0,1,0,1900,en trámite,bajo exterior,0,0,84764949,0,0,Segovia,Distrito Centro," , Distrito Centro , Segovia , Área de Segovia, Segovia ",,"Área de Segovia, Segovia",144,120,2019-04-13,226000,0,3.0,1,0,1,False,False,True,False,False,False,False,False,False,False,False,False,False,False,False,False,False,False,False,False,False,False,False,False,False,False,True,False,False,False
Anuncio actualizado el 28 de marzo,0,1,1.0,0,0,1985,en trámite,bajo exterior,1,0,84844525,0,1,Segovia,Distrito Sector Plaza de Toros," , Distrito Sector Plaza de Toros , Segovia , Área de Segovia, Segovia ",,"Área de Segovia, Segovia",107,83,2019-04-13,145000,0,3.0,1,0,1,False,False,False,True,False,False,True,False,False,False,False,False,False,False,False,False,False,False,False,False,False,False,False,False,False,False,False,False,False,False
Anuncio actualizado el 8 de abril,0,0,2.0,0,0,,inmueble exento,planta 1ª exterior,0,0,84849575,0,1,Segovia,Distrito El Cerro - Crtra. San Rafael," , Distrito El Cerro - Crtra. San Rafael , Segovia , Área de Segovia, Segovia ",,"Área de Segovia, Segovia",135,,2019-04-13,115000,0,4.0,0,0,0,False,False,False,True,False,False,False,False,False,False,False,False,False,False,False,False,False,False,False,False,False,False,False,False,False,False,False,False,False,False
Anuncio actualizado el 1 de abril,0,0,2.0,0,0,,inmueble exento,planta 3ª exterior,0,0,84887645,0,0,Segovia,Distrito Centro," , Distrito Centro , Segovia , Área de Segovia, Segovia ",,"Área de Segovia, Segovia",203,,2019-04-13,350000,0,5.0,1,0,1,False,False,False,True,False,False,False,False,False,False,False,False,False,False,False,False,False,False,False,False,False,False,False,False,False,False,False,False,False,False
Anuncio actualizado el 3 de abril,1,1,3.0,1,0,1997,en trámite,,1,1,84920987,5,,Segovia,Distrito Vía Roma," , Distrito Vía Roma , Segovia , Área de Segovia, Segovia ",,"Área de Segovia, Segovia",129,,2019-04-13,420000,0,4.0,1,1,1,False,False,True,False,False,False,False,True,False,False,False,False,False,False,False,False,False,False,False,False,False,False,False,False,False,False,False,False,False,False
Anuncio actualizado el 4 de abril,0,0,2.0,0,0,1963,en trámite,planta 1ª exterior,1,0,84941162,0,0,Segovia,Distrito José Zorrilla - Padre Claret," , Distrito José Zorrilla - Padre Claret , Segovia , Área de Segovia, Segovia ",,"Área de Segovia, Segovia",126,102,2019-04-13,200000,0,3.0,1,0,1,False,False,True,False,False,False,False,False,False,False,False,False,False,False,False,False,False,False,False,False,False,False,False,False,False,False,False,False,False,False
Anuncio actualizado el 4 de abril,0,0,5.0,0,0,1979,en trámite,planta 1ª exterior,0,0,84941421,0,1,Segovia,Distrito José Zorrilla - Padre Claret," , Distrito José Zorrilla - Padre Claret , Segovia , Área de Segovia, Segovia ",,"Área de Segovia, Segovia",141,120,2019-04-13,210000,0,4.0,0,0,1,False,False,True,False,False,False,True,False,False,False,False,False,False,False,False,False,False,False,False,False,False,False,False,False,False,False,False,True,False,False
Anuncio actualizado el 4 de abril,0,0,2.0,1,0,1900,en trámite,planta 3ª exterior,0,0,84941495,6,0,Segovia,Distrito Centro," , Distrito Centro , Segovia , Área de Segovia, Segovia ",,"Área de Segovia, Segovia",126,90,2019-04-13,205000,0,3.0,1,0,0,False,False,True,False,False,False,False,False,True,False,False,False,False,False,False,False,False,False,False,False,False,False,False,False,False,False,False,False,False,False
Anuncio actualizado el 11 de abril,0,0,2.0,1,0,2004,en trámite,planta 1ª exterior,1,0,84941606,0,1,Segovia,Distrito Sector Plaza de Toros," , Distrito Sector Plaza de Toros , Segovia , Área de Segovia, Segovia ",,"Área de Segovia, Segovia",92,,2019-04-13,180000,0,3.0,1,0,1,False,False,True,False,False,False,False,False,False,True,False,False,False,False,True,False,False,False,False,False,False,False,False,False,False,False,False,False,False,False
Anuncio actualizado el 4 de abril,0,0,1.0,0,0,1955,en trámite,planta 1ª exterior,0,1,84920864,0,1,Segovia,Distrito Sector Plaza de Toros," , Distrito Sector Plaza de Toros , Segovia , Área de Segovia, Segovia ",,"Área de Segovia, Segovia",73,,2019-04-13,80000,0,3.0,0,0,1,False,False,True,False,False,False,False,False,False,True,False,False,False,False,False,False,False,False,False,False,False,False,False,False,False,False,False,True,False,False
Anuncio actualizado el 4 de abril,0,0,2.0,1,0,1984,en trámite,planta 3ª exterior,0,0,84920832,0,1,Segovia,Distrito Centro," , Distrito Centro , Segovia , Área de Segovia, Segovia ",,"Área de Segovia, Segovia",140,110,2019-04-13,350000,0,3.0,0,0,1,False,False,True,False,False,False,False,False,False,True,False,False,False,False,True,False,False,False,False,False,False,False,False,False,False,False,False,False,False,False
Anuncio actualizado el 4 de abril,0,1,1.0,1,0,1983,en trámite,planta 2ª exterior,1,0,84920719,0,1,Segovia,Distrito El Carmen," , Distrito El Carmen , Segovia , Área de Segovia, Segovia ",,"Área de Segovia, Segovia",123,,2019-04-13,230000,0,4.0,1,0,0,False,False,True,False,False,False,False,False,False,True,False,False,False,False,False,False,False,False,False,False,False,False,False,False,False,False,False,False,False,False
Anuncio actualizado el 10 de abril,0,0,2.0,0,0,,no indicado,exterior,1,0,83680614,0,1,Segovia,Distrito Sector Plaza de Toros," Calle Sexmo de Casarrubios s/n , Distrito Sector Plaza de Toros , Segovia , Área de Segovia, Segovia ",Calle Sexmo de Casarrubios s/n,"Área de Segovia, Segovia",94,,2019-04-13,162000,0,2.0,1,0,0,False,True,False,False,False,False,False,False,False,False,False,False,False,False,False,False,False,False,False,False,False,False,False,False,False,False,False,False,False,False
Anuncio actualizado el 10 de abril,0,0,2.0,0,0,,no indicado,planta 3ª exterior,1,0,28990128,0,1,Segovia,Distrito Sector Plaza de Toros," Calle Sexmo de Casarrubios s/n , Distrito Sector Plaza de Toros , Segovia , Área de Segovia, Segovia ",Calle Sexmo de Casarrubios s/n,"Área de Segovia, Segovia",130,,2019-04-13,165000,0,2.0,1,0,0,False,True,False,False,False,False,False,False,False,False,False,False,False,False,False,False,False,False,False,False,False,False,False,False,False,False,False,False,False,False
Anuncio actualizado el 10 de abril,0,0,2.0,0,0,,no indicado,planta 3ª exterior,1,0,28990154,0,1,Segovia,Distrito Sector Plaza de Toros," Calle Sexmo de Casarrubios s/n , Distrito Sector Plaza de Toros , Segovia , Área de Segovia, Segovia ",Calle Sexmo de Casarrubios s/n,"Área de Segovia, Segovia",94,,2019-04-13,165000,0,2.0,1,0,0,False,True,False,False,False,False,False,False,False,False,False,False,False,False,False,False,False,False,False,False,False,False,False,False,False,False,False,False,False,False
Anuncio actualizado el 10 de abril,0,0,2.0,0,0,,no indicado,bajo exterior,1,0,28990174,0,1,Segovia,Distrito Sector Plaza de Toros," Calle Sexmo de Casarrubios s/n , Distrito Sector Plaza de Toros , Segovia , Área de Segovia, Segovia ",Calle Sexmo de Casarrubios s/n,"Área de Segovia, Segovia",119,,2019-04-13,189000,0,3.0,1,0,0,False,True,False,False,False,False,False,False,False,False,False,False,False,False,False,False,False,False,False,False,False,False,False,False,False,False,False,False,False,False
Anuncio actualizado el 10 de abril,0,0,2.0,0,0,,no indicado,planta 1ª exterior,1,0,28990184,0,1,Segovia,Distrito Sector Plaza de Toros," Calle Sexmo de Casarrubios s/n , Distrito Sector Plaza de Toros , Segovia , Área de Segovia, Segovia ",Calle Sexmo de Casarrubios s/n,"Área de Segovia, Segovia",119,,2019-04-13,200000,0,3.0,1,0,0,False,True,False,False,False,False,False,False,False,False,False,False,False,False,False,False,False,False,False,False,False,False,False,False,False,False,False,False,False,False
Anuncio actualizado el 10 de abril,0,0,2.0,0,0,,no indicado,planta 3ª exterior,1,0,28990241,0,1,Segovia,Distrito Sector Plaza de Toros," Calle Sexmo de Casarrubios s/n , Distrito Sector Plaza de Toros , Segovia , Área de Segovia, Segovia ",Calle Sexmo de Casarrubios s/n,"Área de Segovia, Segovia",122,,2019-04-13,214000,0,3.0,1,0,0,False,True,False,False,False,False,False,False,False,False,False,False,False,False,False,False,False,False,False,False,False,False,False,False,False,False,False,False,False,False
Anuncio actualizado el 10 de abril,0,0,2.0,0,0,,no indicado,exterior,1,0,83680460,6,1,Segovia,Distrito Sector Plaza de Toros," Calle Sexmo de Casarrubios s/n , Distrito Sector Plaza de Toros , Segovia , Área de Segovia, Segovia ",Calle Sexmo de Casarrubios s/n,"Área de Segovia, Segovia",111,,2019-04-13,215000,0,3.0,1,0,0,False,True,False,False,False,False,False,False,False,False,False,False,False,False,False,False,False,False,False,False,False,False,False,False,False,False,False,False,False,False
Anuncio actualizado el 10 de abril,0,0,2.0,0,0,,no indicado,planta 3ª exterior,1,0,83680487,0,1,Segovia,Distrito Sector Plaza de Toros," Calle Sexmo de Casarrubios s/n , Distrito Sector Plaza de Toros , Segovia , Área de Segovia, Segovia ",Calle Sexmo de Casarrubios s/n,"Área de Segovia, Segovia",121,,2019-04-13,214000,0,3.0,1,0,0,False,True,False,False,False,False,False,False,False,False,False,False,False,False,False,False,False,False,False,False,False,False,False,False,False,False,False,False,False,False
Anuncio actualizado el 10 de abril,0,0,2.0,0,0,,no indicado,planta 1ª exterior,1,0,83680495,0,1,Segovia,Distrito Sector Plaza de Toros," Calle Sexmo de Casarrubios s/n , Distrito Sector Plaza de Toros , Segovia , Área de Segovia, Segovia ",Calle Sexmo de Casarrubios s/n,"Área de Segovia, Segovia",121,,2019-04-13,205000,0,3.0,1,0,0,False,True,False,False,False,False,False,False,False,False,False,False,False,False,False,False,False,False,False,False,False,False,False,False,False,False,False,False,False,False
Anuncio actualizado el 10 de abril,0,0,2.0,0,0,,no indicado,planta 3ª exterior,1,0,83680493,0,1,Segovia,Distrito Sector Plaza de Toros," Calle Sexmo de Casarrubios s/n , Distrito Sector Plaza de Toros , Segovia , Área de Segovia, Segovia ",Calle Sexmo de Casarrubios s/n,"Área de Segovia, Segovia",100,,2019-04-13,185000,0,3.0,1,0,0,False,True,False,False,False,False,False,False,False,False,False,False,False,False,False,False,False,False,False,False,False,False,False,False,False,False,False,False,False,False
Anuncio actualizado el 10 de abril,0,0,2.0,0,0,,no indicado,planta 2ª exterior,1,0,83680492,0,1,Segovia,Distrito Sector Plaza de Toros," Calle Sexmo de Casarrubios s/n , Distrito Sector Plaza de Toros , Segovia , Área de Segovia, Segovia ",Calle Sexmo de Casarrubios s/n,"Área de Segovia, Segovia",100,,2019-04-13,180000,0,3.0,1,0,0,False,True,False,False,False,False,False,False,False,False,False,False,False,False,False,False,False,False,False,False,False,False,False,False,False,False,False,False,False,False
Anuncio actualizado el 10 de abril,0,0,2.0,0,0,,no indicado,planta 2ª exterior,1,0,28990190,0,1,Segovia,Distrito Sector Plaza de Toros," Calle Sexmo de Casarrubios s/n , Distrito Sector Plaza de Toros , Segovia , Área de Segovia, Segovia ",Calle Sexmo de Casarrubios s/n,"Área de Segovia, Segovia",122,,2019-04-13,209000,0,3.0,1,0,0,False,True,False,False,False,False,False,False,False,False,False,False,False,False,False,False,False,False,False,False,False,False,False,False,False,False,False,False,False,False
Anuncio actualizado el 27 de marzo,0,0,1.0,0,0,1966,en trámite,planta 2ª exterior,0,0,83849577,0,0,Segovia,Distrito Sector Plaza de Toros," Calle Estocolmo , Distrito Sector Plaza de Toros , Segovia , Área de Segovia, Segovia ",Calle Estocolmo,"Área de Segovia, Segovia",59,49,2019-04-13,42000,0,2.0,0,0,0,False,False,False,True,False,False,False,False,False,False,False,False,False,False,False,False,False,False,False,False,False,False,False,False,False,False,False,False,False,True
Anuncio actualizado el 10 de abril,0,0,3.0,0,0,,en trámite,,0,0,84288461,2,,Segovia,Distrito Vía Roma," , Distrito Vía Roma , Segovia , Área de Segovia, Segovia ",,"Área de Segovia, Segovia",204,190,2019-04-13,360000,0,4.0,0,0,1,False,False,True,False,False,False,False,True,False,False,False,False,False,False,False,False,False,False,False,False,False,False,False,False,False,False,False,False,False,False
Anuncio actualizado el 11 de abril,0,0,1.0,0,0,,en trámite,,0,0,84664101,4,,Segovia,Distrito S.Lorenzo - S.Marcos," , Distrito S.Lorenzo - S.Marcos , Segovia , Área de Segovia, Segovia ",,"Área de Segovia, Segovia",96,,2019-04-13,139500,0,3.0,0,0,0,False,False,True,False,False,False,False,False,False,False,False,False,False,False,False,False,False,False,False,False,False,False,False,False,False,False,False,False,False,False
Anuncio actualizado el 27 de marzo,0,0,2.0,0,0,,en trámite,planta 4ª exterior,0,0,84830087,0,1,Segovia,Distrito Sector Plaza de Toros," , Distrito Sector Plaza de Toros , Segovia , Área de Segovia, Segovia ",,"Área de Segovia, Segovia",114,,2019-04-13,149500,0,4.0,0,0,0,False,False,True,False,False,False,False,False,False,False,False,False,False,False,False,False,False,False,False,False,False,False,False,False,False,False,False,False,False,False
Anuncio actualizado el 5 de abril,0,0,1.0,1,0,1982,en trámite,bajo interior,0,1,84957168,0,1,Segovia,Distrito Centro," , Distrito Centro , Segovia , Área de Segovia, Segovia ",,"Área de Segovia, Segovia",100,,2019-04-13,220000,0,3.0,0,1,0,False,False,True,False,False,False,False,False,False,False,False,False,False,False,False,False,False,False,False,False,False,False,False,False,False,False,False,False,False,False
Anuncio actualizado el 5 de abril,0,0,1.0,0,0,,inmueble exento,planta 2ª exterior,0,0,84957794,0,1,Segovia,Distrito Sector Plaza de Toros," , Distrito Sector Plaza de Toros , Segovia , Área de Segovia, Segovia ",,"Área de Segovia, Segovia",57,,2019-04-13,45000,0,3.0,0,0,0,False,False,False,True,False,False,False,False,False,False,False,False,False,False,False,False,False,False,False,False,False,False,False,False,False,False,False,False,False,False
Anuncio actualizado el 8 de abril,0,0,1.0,1,0,2005,en trámite,bajo interior,1,0,84983412,0,1,Segovia,Distrito Centro," , Distrito Centro , Segovia , Área de Segovia, Segovia ",,"Área de Segovia, Segovia",86,48,2019-04-13,90000,0,1.0,0,0,0,False,False,True,False,False,False,False,False,False,False,False,False,False,False,False,False,False,False,False,False,False,False,False,False,False,False,False,False,False,False
Anuncio actualizado el 8 de abril,0,0,1.0,0,0,1933,en trámite,planta 1ª exterior,0,0,84983474,8,0,Segovia,Distrito Plaza Mayor - S.Agustín," , Distrito Plaza Mayor - S.Agustín , Segovia , Área de Segovia, Segovia ",,"Área de Segovia, Segovia",115,,2019-04-13,125000,0,2.0,0,0,0,False,False,True,False,False,False,False,False,False,False,False,False,False,False,False,False,False,False,False,False,False,False,False,False,False,False,False,False,False,False
Anuncio actualizado el 8 de abril,0,0,2.0,1,0,1981,en trámite,planta 4ª exterior,1,0,84983519,0,1,Segovia,Distrito Ezequiel González - Cde. Sepulveda," , Distrito Ezequiel González - Cde. Sepulveda , Segovia , Área de Segovia, Segovia ",,"Área de Segovia, Segovia",114,,2019-04-13,225000,0,3.0,1,0,1,False,False,True,False,False,False,False,False,False,True,False,False,False,False,False,False,False,False,False,False,False,False,False,False,False,False,False,False,False,False
Anuncio actualizado el 8 de abril,0,0,1.0,0,0,1985,en trámite,planta 1ª exterior,0,0,84984024,0,1,Segovia,Distrito Centro," , Distrito Centro , Segovia , Área de Segovia, Segovia ",,"Área de Segovia, Segovia",41,,2019-04-13,130000,0,1.0,0,0,1,False,False,True,False,True,False,False,False,False,False,False,False,False,False,False,False,False,False,False,False,False,False,False,False,False,False,False,False,False,False
Anuncio actualizado el 8 de abril,0,0,2.0,1,0,2005,en trámite,planta 1ª exterior,0,0,84984100,8,1,Segovia,Distrito El Carmen," , Distrito El Carmen , Segovia , Área de Segovia, Segovia ",,"Área de Segovia, Segovia",116,,2019-04-13,180000,0,3.0,0,0,0,False,False,True,False,False,False,False,True,False,False,False,False,False,False,False,False,False,False,False,False,False,False,False,False,False,False,False,False,False,False
Anuncio actualizado el 8 de abril,0,0,1.0,0,0,1930,en trámite,planta 1ª exterior,0,0,84984215,0,1,Segovia,Distrito Plaza Mayor - S.Agustín," , Distrito Plaza Mayor - S.Agustín , Segovia , Área de Segovia, Segovia ",,"Área de Segovia, Segovia",121,115,2019-04-13,105000,0,3.0,0,0,0,False,False,True,False,False,False,False,False,False,False,False,False,False,False,False,False,False,False,False,False,False,False,False,False,False,False,False,True,False,False
Anuncio actualizado el 8 de abril,0,0,1.0,1,0,1975,en trámite,planta 3ª exterior,1,0,84984248,0,0,Segovia,Distrito Centro," , Distrito Centro , Segovia , Área de Segovia, Segovia ",,"Área de Segovia, Segovia",126,,2019-04-13,139000,0,3.0,0,0,1,False,False,True,False,False,False,False,False,False,False,False,False,False,False,False,False,False,False,False,False,False,False,False,False,False,False,False,False,False,False
Anuncio actualizado el 8 de abril,0,0,1.0,1,0,1930,en trámite,planta 1ª exterior,0,0,84984293,0,0,Segovia,Distrito Plaza Mayor - S.Agustín," , Distrito Plaza Mayor - S.Agustín , Segovia , Área de Segovia, Segovia ",,"Área de Segovia, Segovia",51,,2019-04-13,105000,0,1.0,0,0,0,False,False,True,False,False,False,False,False,False,False,False,False,False,False,False,False,False,False,False,False,False,False,False,False,False,False,False,False,False,False
Anuncio actualizado el 8 de abril,0,1,1.0,1,0,1920,en trámite,planta 1ª exterior,0,0,84984453,0,0,Segovia,Distrito Centro," , Distrito Centro , Segovia , Área de Segovia, Segovia ",,"Área de Segovia, Segovia",37,,2019-04-13,95000,0,1.0,0,0,0,False,False,True,False,False,False,False,False,True,False,False,False,False,False,False,False,False,False,False,False,False,False,False,False,False,False,False,False,False,False
Anuncio actualizado el 9 de abril,0,0,1.0,0,0,1968,en trámite,planta 3ª exterior,0,0,84996783,0,1,Segovia,Distrito Centro," , Distrito Centro , Segovia , Área de Segovia, Segovia ",,"Área de Segovia, Segovia",86,,2019-04-13,135000,0,3.0,0,0,0,False,False,True,False,False,False,True,False,False,False,False,False,False,False,False,False,False,False,False,False,False,False,False,False,False,False,False,False,False,False
Anuncio actualizado el 9 de abril,0,0,1.0,0,0,1979,,planta 1ª exterior,0,0,84997357,0,1,Segovia,Distrito Centro," , Distrito Centro , Segovia , Área de Segovia, Segovia ",,"Área de Segovia, Segovia",93,86,2019-04-13,170000,0,3.0,0,0,1,False,False,True,False,False,False,False,False,False,False,False,False,False,False,False,False,False,False,False,False,False,False,False,False,False,False,False,False,False,False
Anuncio actualizado el 9 de abril,0,0,1.0,1,0,1968,en trámite,planta 2ª exterior,0,0,84957021,0,1,Segovia,Distrito Plaza Mayor - S.Agustín," , Distrito Plaza Mayor - S.Agustín , Segovia , Área de Segovia, Segovia ",,"Área de Segovia, Segovia",65,,2019-04-13,150000,0,1.0,0,0,0,False,False,True,False,False,False,False,False,False,False,False,False,False,False,False,False,False,False,False,False,False,False,False,False,False,False,False,False,False,False
Anuncio actualizado el 9 de abril,0,0,1.0,0,0,,en trámite,bajo exterior,0,0,84998951,0,0,Segovia,Distrito Sector Plaza de Toros," , Distrito Sector Plaza de Toros , Segovia , Área de Segovia, Segovia ",,"Área de Segovia, Segovia",72,,2019-04-13,64000,0,3.0,0,0,0,False,False,True,False,False,False,False,False,False,True,False,False,False,False,False,False,False,False,False,False,False,False,False,False,False,False,False,False,False,False
Anuncio actualizado el 10 de abril,1,0,1.0,1,0,2010,en trámite,planta 2ª exterior,1,0,84956566,0,1,Segovia,Distrito José Zorrilla - Padre Claret," , Distrito José Zorrilla - Padre Claret , Segovia , Área de Segovia, Segovia ",,"Área de Segovia, Segovia",55,43,2019-04-13,145000,0,1.0,1,0,0,False,False,True,False,False,False,False,False,False,False,False,False,False,False,False,False,False,False,False,False,False,False,False,False,False,False,False,False,False,False
Anuncio actualizado el 11 de abril,0,1,1.0,0,0,,no indicado,planta 2ª exterior,0,0,85001616,0,0,Segovia,Distrito S.Lorenzo - S.Marcos," Calle de las Nieves, 30 , Distrito S.Lorenzo - S.Marcos , Segovia , Área de Segovia, Segovia ","Calle de las Nieves, 30","Área de Segovia, Segovia",70,65,2019-04-13,65000,0,3.0,1,0,0,False,False,False,True,False,False,False,False,False,False,False,False,False,False,True,False,False,False,False,False,False,False,False,False,False,False,False,False,False,False
Anuncio actualizado el 10 de abril,0,0,1.0,1,0,,no indicado,planta 1ª exterior,0,0,84400602,0,1,Segovia,Distrito Centro," Calle los Carros , Distrito Centro , Segovia , Área de Segovia, Segovia ",Calle los Carros,"Área de Segovia, Segovia",90,82,2019-04-13,215000,0,3.0,1,0,1,False,False,True,False,False,False,False,True,False,False,False,False,False,False,False,False,False,False,False,False,False,False,False,False,False,False,False,False,False,False
Anuncio actualizado el 26 de marzo,0,0,1.0,0,0,1999,,,0,0,84489971,0,0,Segovia,Distrito El Cerro - Crtra. San Rafael," Carretera de Villacastín , Distrito El Cerro - Crtra. San Rafael , Segovia , Área de Segovia, Segovia ",Carretera de Villacastín,"Área de Segovia, Segovia",85,74,2019-04-13,102000,0,3.0,0,0,0,False,False,True,False,False,False,False,False,False,False,False,False,False,False,False,False,False,False,False,False,False,False,False,False,False,False,False,False,False,False
Anuncio actualizado el 4 de abril,0,0,2.0,0,0,1964,,planta 3ª,0,0,84673391,0,1,Segovia,Distrito Centro," , Distrito Centro , Segovia , Área de Segovia, Segovia ",,"Área de Segovia, Segovia",117,92,2019-04-13,215000,0,4.0,0,0,1,False,False,False,True,False,False,False,False,False,False,False,False,False,False,False,False,True,False,False,False,False,False,False,False,False,False,False,False,False,False
Anuncio actualizado el 8 de abril,0,0,1.0,1,0,1991,,bajo,0,0,84688256,0,0,Segovia,Distrito El Cerro - Crtra. San Rafael," , Distrito El Cerro - Crtra. San Rafael , Segovia , Área de Segovia, Segovia ",,"Área de Segovia, Segovia",169,135,2019-04-13,120000,0,3.0,0,0,1,False,False,True,False,False,False,False,False,False,False,False,False,False,False,False,False,False,False,False,False,False,False,False,False,False,False,False,False,False,False
Anuncio actualizado el 8 de abril,0,0,1.0,1,0,1973,,planta 3ª,1,0,84688258,0,0,Segovia,Distrito S.Lorenzo - S.Marcos," , Distrito S.Lorenzo - S.Marcos , Segovia , Área de Segovia, Segovia ",,"Área de Segovia, Segovia",139,112,2019-04-13,120000,0,4.0,0,1,0,False,False,True,False,False,False,False,False,False,False,False,False,False,False,False,False,False,False,False,False,False,False,False,False,False,False,False,False,False,False
Anuncio actualizado el 18 de marzo,0,0,1.0,1,0,,en trámite,planta 2ª exterior,0,0,84710625,0,0,Segovia,Distrito El Cerro - Crtra. San Rafael," Calle Doctor Víctor Sanz Gómez, Segovia, 12 , Urb. Pa doctor Gila 4 , Distrito El Cerro - Crtra. San Rafael , Segovia , Área de Segovia, Segovia ",Urb. Pa doctor Gila 4,"Área de Segovia, Segovia",78,68,2019-04-13,70000,0,3.0,0,0,1,False,False,False,True,False,False,False,False,False,True,False,False,False,False,False,True,False,False,False,False,False,False,False,False,False,False,False,False,False,False
Anuncio actualizado el 21 de marzo,0,0,1.0,1,0,1993,,bajo,1,0,84749743,0,0,Segovia,Distrito S.Lorenzo - S.Marcos," , Distrito S.Lorenzo - S.Marcos , Segovia , Área de Segovia, Segovia ",,"Área de Segovia, Segovia",79,58,2019-04-13,150000,0,2.0,0,0,1,False,False,True,False,False,False,False,False,False,False,False,False,False,False,False,False,False,False,False,False,False,False,False,False,False,False,False,False,False,False
Anuncio actualizado el 28 de marzo,0,0,2.0,1,0,1966,,planta 1ª,1,0,84841789,0,0,Segovia,Distrito Centro," , Distrito Centro , Segovia , Área de Segovia, Segovia ",,"Área de Segovia, Segovia",150,130,2019-04-13,215000,0,4.0,0,0,1,False,False,False,True,False,False,False,False,False,False,False,False,False,False,False,False,False,False,False,True,False,False,False,False,False,False,False,False,False,False
Anuncio actualizado el 3 de abril,0,0,2.0,1,0,1991,,planta 2ª,1,0,84884051,0,1,Segovia,Distrito Centro," , Distrito Centro , Segovia , Área de Segovia, Segovia ",,"Área de Segovia, Segovia",111,84,2019-04-13,210000,0,3.0,0,0,1,False,False,True,False,False,False,False,False,False,False,False,False,False,False,False,False,False,False,False,False,False,False,False,False,False,False,False,False,False,False
Anuncio actualizado el 10 de abril,0,0,2.0,0,0,,en trámite,planta 3ª,1,0,85023509,0,1,Segovia,Distrito Centro," , Distrito Centro , Segovia , Área de Segovia, Segovia ",,"Área de Segovia, Segovia",112,95,2019-04-13,210000,0,4.0,1,0,0,False,False,False,False,False,False,False,False,False,False,False,False,False,False,False,False,False,False,False,False,False,False,False,False,False,False,False,False,False,False
Anuncio actualizado el 26 de marzo,0,0,2.0,1,0,,no indicado,planta 3ª exterior,1,1,29056591,0,1,Segovia,Distrito Plaza Mayor - S.Agustín," Calle Daoiz, 10 , Distrito Plaza Mayor - S.Agustín , Segovia , Área de Segovia, Segovia ","Calle Daoiz, 10","Área de Segovia, Segovia",160,122,2019-04-13,490000,0,3.0,1,0,0,False,False,True,False,False,False,False,False,False,False,False,False,False,False,False,False,True,False,False,False,False,False,False,False,False,False,False,False,False,False
Anuncio actualizado el 7 de abril,0,0,4.0,1,0,,en trámite,3 plantas,0,0,29497688,2,,Segovia,Distrito Plaza Mayor - S.Agustín," Calle Manuel Entero, 1 , Distrito Plaza Mayor - S.Agustín , Segovia , Área de Segovia, Segovia ","Calle Manuel Entero, 1","Área de Segovia, Segovia",185,,2019-04-13,485000,0,5.0,0,0,1,False,False,True,False,False,False,False,False,False,False,False,False,False,False,False,False,False,False,False,False,False,False,False,False,False,False,True,False,False,False
Anuncio actualizado el 4 de marzo,0,0,2.0,0,0,,en trámite,planta 3ª exterior,0,0,29666241,0,0,Segovia,Distrito Plaza Mayor - S.Agustín," Calle Eulogio Martín Higuera, 1 , Distrito Plaza Mayor - S.Agustín , Segovia , Área de Segovia, Segovia ","Calle Eulogio Martín Higuera, 1","Área de Segovia, Segovia",112,,2019-04-13,258000,0,3.0,0,0,0,False,False,True,False,False,False,False,False,False,False,False,False,False,False,False,False,False,False,False,False,False,False,False,False,False,False,True,False,False,False
Anuncio actualizado el 28 de diciembre,0,0,1.0,0,0,,no indicado,planta 2ª,0,0,34271290,0,1,Segovia,Distrito Centro," Plaza del corpus , Distrito Centro , Segovia , Área de Segovia, Segovia ",Plaza del corpus,"Área de Segovia, Segovia",120,,2019-04-13,300000,0,3.0,0,0,0,False,False,True,False,False,False,False,False,False,False,False,False,False,False,False,False,False,False,False,False,False,False,False,False,False,False,False,False,False,False
Anuncio actualizado el 27 de septiembre,0,0,2.0,0,0,,no indicado,planta 1ª,1,1,35072135,0,0,Segovia,Distrito S.Lorenzo - S.Marcos," Calle del piano , Distrito S.Lorenzo - S.Marcos , Segovia , Área de Segovia, Segovia ",Calle del piano,"Área de Segovia, Segovia",120,,2019-04-13,166000,0,3.0,0,1,1,False,False,True,False,False,False,False,False,False,False,False,False,False,False,False,False,False,False,False,False,False,False,False,False,False,False,False,False,False,False
Anuncio actualizado el 27 de septiembre,0,0,2.0,1,0,2002,en trámite,planta 1ª,0,0,36209478,0,1,Segovia,Distrito El Cerro - Crtra. San Rafael," Carretera de Villacastín , Distrito El Cerro - Crtra. San Rafael , Segovia , Área de Segovia, Segovia ",Carretera de Villacastín,"Área de Segovia, Segovia",100,86,2019-04-13,180000,0,3.0,0,0,0,False,False,True,False,False,False,False,False,False,False,False,False,False,False,False,False,False,False,False,False,False,False,False,False,False,False,False,False,False,False
Anuncio actualizado el 14 de febrero,0,0,2.0,1,0,1996,en trámite,planta 1ª exterior,1,1,36964082,0,0,Segovia,Distrito El Cerro - Crtra. San Rafael," Carretera de Villacastín, 37 , Urb. CAMINO REAL , Distrito El Cerro - Crtra. San Rafael , Segovia , Área de Segovia, Segovia ",Urb. CAMINO REAL,"Área de Segovia, Segovia",87,79,2019-04-13,130000,0,3.0,1,0,1,False,False,True,False,False,False,False,False,False,True,False,False,False,False,True,False,False,False,False,False,False,False,False,False,False,False,False,False,False,False
Anuncio actualizado el 19 de diciembre,0,0,1.0,0,0,,no indicado,planta 2ª,0,0,37071211,0,0,Segovia,Distrito José Zorrilla - Padre Claret," Calle Cantarranas , Distrito José Zorrilla - Padre Claret , Segovia , Área de Segovia, Segovia ",Calle Cantarranas,"Área de Segovia, Segovia",110,95,2019-04-13,120000,0,3.0,1,0,0,False,False,True,False,False,False,False,False,False,False,False,False,False,False,False,False,False,False,False,False,False,False,False,False,False,False,False,False,False,False
Anuncio actualizado el 28 de diciembre,0,0,2.0,0,0,,en trámite,bajo,0,0,36301282,0,0,Segovia,Distrito Centro," Plaza de la Morería , Distrito Centro , Segovia , Área de Segovia, Segovia ",Plaza de la Morería,"Área de Segovia, Segovia",110,95,2019-04-13,240000,0,4.0,1,0,1,False,False,True,False,False,False,False,False,False,False,False,False,False,False,False,False,False,False,False,False,False,False,False,False,False,False,False,False,False,False
Anuncio actualizado el 7 de abril,0,1,2.0,1,0,2000,en trámite,,1,1,38052345,4,,Segovia,Distrito Sector Plaza de Toros," Calle Luis de Proust, 7 , Distrito Sector Plaza de Toros , Segovia , Área de Segovia, Segovia ","Calle Luis de Proust, 7","Área de Segovia, Segovia",120,200,2019-04-13,269000,0,4.0,1,0,1,False,False,True,False,False,False,False,False,False,True,False,False,False,False,False,True,False,False,False,False,False,False,False,False,False,False,False,False,False,False
Anuncio actualizado el 19 de septiembre,0,0,1.0,0,0,1958,no indicado,bajo,0,0,38406965,12,0,Segovia,Distrito Centro," Calle de la canaleja , Distrito Centro , Segovia , Área de Segovia, Segovia ",Calle de la canaleja,"Área de Segovia, Segovia",60,45,2019-04-13,80000,0,0.0,0,0,0,False,False,True,False,False,False,False,False,False,False,False,False,False,False,False,False,False,False,False,False,False,False,False,False,False,False,False,False,False,False
Anuncio actualizado el 28 de marzo,0,0,1.0,0,0,1973,no indicado,planta 3ª exterior,0,0,38522590,0,1,Segovia,Distrito Vía Roma," , Distrito Vía Roma , Segovia , Área de Segovia, Segovia ",,"Área de Segovia, Segovia",109,99,2019-04-13,108000,0,3.0,0,0,1,False,False,True,False,False,False,False,False,False,False,False,False,False,False,False,False,False,False,False,False,False,False,False,False,False,False,False,False,False,False
Anuncio actualizado el 12 de marzo,0,0,1.0,0,0,,no indicado,planta 2ª,0,0,39037856,0,0,Segovia,Distrito Ezequiel González - Cde. Sepulveda," Calle romero , Distrito Ezequiel González - Cde. Sepulveda , Segovia , Área de Segovia, Segovia ",Calle romero,"Área de Segovia, Segovia",90,83,2019-04-13,89000,0,4.0,0,0,0,False,False,False,True,False,False,False,False,False,False,False,False,False,False,False,False,False,False,False,False,False,False,False,False,False,False,False,False,False,False
Anuncio actualizado el 12 de marzo,0,0,1.0,0,0,1965,no indicado,planta 2ª,0,0,38767766,0,0,Segovia,Distrito Ezequiel González - Cde. Sepulveda," Calle romero , Distrito Ezequiel González - Cde. Sepulveda , Segovia , Área de Segovia, Segovia ",Calle romero,"Área de Segovia, Segovia",74,69,2019-04-13,89000,0,3.0,0,0,0,False,False,False,True,False,False,False,False,False,False,False,False,False,False,False,False,False,False,False,False,False,False,False,False,False,False,False,False,False,False
Anuncio actualizado el 9 de abril,0,1,2.0,1,0,2003,,planta 2ª exterior,1,0,81266535,8,1,Segovia,Distrito El Carmen," Calle la Luz , Distrito El Carmen , Segovia , Área de Segovia, Segovia ",Calle la Luz,"Área de Segovia, Segovia",102,89,2019-04-13,176000,0,3.0,0,0,0,False,False,True,False,False,False,False,False,False,False,False,False,False,False,False,False,False,False,False,False,False,False,False,False,False,False,False,True,False,False
Anuncio actualizado el 23 de enero,0,1,1.0,0,0,1970,en trámite,planta 4ª exterior,0,0,81359728,0,1,Segovia,Distrito José Zorrilla - Padre Claret," JOSE ZORRILLA , Distrito José Zorrilla - Padre Claret , Segovia , Área de Segovia, Segovia ",JOSE ZORRILLA,"Área de Segovia, Segovia",98,83,2019-04-13,180000,0,3.0,0,0,0,False,False,True,False,False,False,False,False,False,False,False,False,False,False,False,False,False,False,False,False,False,False,False,False,False,False,False,True,False,False
Anuncio actualizado el 8 de enero,0,1,2.0,1,0,2002,en trámite,planta 3ª exterior,1,1,81469790,0,1,Segovia,Distrito El Cerro - Crtra. San Rafael," Calle Buena Vista, 8 , Distrito El Cerro - Crtra. San Rafael , Segovia , Área de Segovia, Segovia ","Calle Buena Vista, 8","Área de Segovia, Segovia",101,,2019-04-13,160000,1,3.0,1,0,1,False,False,True,False,False,False,False,False,False,False,False,False,False,False,False,False,False,False,False,False,False,False,False,False,False,False,True,False,False,False
Anuncio actualizado el 29 de enero,0,1,2.0,1,0,1980,en trámite,planta 2ª exterior,1,0,81533619,0,1,Segovia,Distrito José Zorrilla - Padre Claret," JOSE ZORRILLA , Distrito José Zorrilla - Padre Claret , Segovia , Área de Segovia, Segovia ",JOSE ZORRILLA,"Área de Segovia, Segovia",196,167,2019-04-13,363000,0,4.0,0,0,0,False,False,True,False,False,False,False,False,False,True,False,False,False,False,False,False,False,False,False,False,False,False,False,False,False,False,False,True,False,False
Anuncio actualizado el 22 de febrero,0,1,2.0,1,0,1994,,planta 2ª exterior,1,0,81382326,0,1,Segovia,Distrito El Carmen," cronista enriquez , Distrito El Carmen , Segovia , Área de Segovia, Segovia ",cronista enriquez,"Área de Segovia, Segovia",90,75,2019-04-13,149800,0,3.0,0,0,0,False,False,True,False,False,False,False,False,False,False,False,False,False,False,False,False,False,False,False,False,False,False,False,False,False,False,False,False,False,True
Anuncio actualizado el 20 de febrero,0,1,2.0,1,0,2005,,planta 1ª exterior,1,0,81704439,0,1,Segovia,Distrito Centro," Calle María de Pablos Cerezo, Segovia , Distrito Centro , Segovia , Área de Segovia, Segovia ","Calle María de Pablos Cerezo, Segovia","Área de Segovia, Segovia",87,73,2019-04-13,210000,0,3.0,0,0,0,False,False,True,False,False,False,False,False,False,True,False,False,False,False,False,False,False,False,False,False,False,False,False,False,False,False,False,True,False,False
Anuncio actualizado el 2 de abril,0,1,4.0,1,0,1998,no indicado,3 plantas,1,1,81729803,2,,Segovia,Distrito S.Lorenzo - S.Marcos," Camino la Huerta, 37 , Distrito S.Lorenzo - S.Marcos , Segovia , Área de Segovia, Segovia ","Camino la Huerta, 37","Área de Segovia, Segovia",280,300,2019-04-13,450000,0,6.0,1,0,1,False,False,True,False,False,False,True,False,False,False,False,False,False,False,False,False,False,False,False,False,False,False,False,False,False,False,False,False,False,False
