price,bath_num,room_num,house_type,house_id,m2_real,m2_useful,loc_city,loc_zone,construct_date
275000,2.0,3.0,0,84583299,197,166,Toses,"Ripollès, Girona",
200000,2.0,3.0,1,32480175,140,,Ripoll,"Ripollès, Girona",
119500,1.0,3.0,1,35944672,64,,Ripoll,"Ripollès, Girona",
115000,1.0,3.0,1,81158906,82,,Sant Joan de les Abadesses,"Ripollès, Girona",
80000,1.0,1.0,2,81410845,62,,Ribes de Freser,"Ripollès, Girona",
180000,2.0,4.0,3,38197092,2327,,Ripoll,"Ripollès, Girona",
300000,3.0,4.0,3,321374,660,,Campdevánol,"Ripollès, Girona",
220000,2.0,3.0,4,36260745,102,,Llanars,"Ripollès, Girona",
155000,2.0,3.0,1,32206943,90,,Toses,"Ripollès, Girona",
170000,2.0,3.0,1,35064729,85,,Camprodon,"Ripollès, Girona",
230000,2.0,5.0,5,37457107,150,,Planoles,"Ripollès, Girona",
210000,2.0,3.0,4,81551558,95,,Setcases,"Ripollès, Girona",
86000,1.0,1.0,1,82393342,50,,Camprodon,"Ripollès, Girona",
150000,2.0,4.0,1,29455495,105,,Ripoll,"Ripollès, Girona",
120000,1.0,1.0,1,396602,40,,Vilallonga de Ter,"Ripollès, Girona",
170000,1.0,2.0,1,2103439,54,44,Vilallonga de Ter,"Ripollès, Girona",
700000,4.0,7.0,6,29026042,680,,Sant Joan de les Abadesses,"Ripollès, Girona",
495000,2.0,5.0,3,30268282,800,,Ribes de Freser,"Ripollès, Girona",
125000,1.0,2.0,1,31576916,60,,Camprodon,"Ripollès, Girona",
70000,1.0,3.0,1,26717912,70,66,Ripoll,"Ripollès, Girona",
145000,1.0,2.0,1,36463265,72,,Ripoll,"Ripollès, Girona",
359990,5.0,7.0,6,40526254,803,,Vallfogona de Ripollès,"Ripollès, Girona",
39000,1.0,2.0,1,27228625,48,45,Campdevánol,"Ripollès, Girona",
240000,2.0,3.0,7,34343065,800,,Camprodon,"Ripollès, Girona",
100000,1.0,3.0,1,1802871,85,70,Sant Joan de les Abadesses,"Ripollès, Girona",
135000,2.0,4.0,8,30052249,150,,Planoles,"Ripollès, Girona",
130000,1.0,2.0,2,1889948,60,,Sant Joan de les Abadesses,"Ripollès, Girona",
124000,1.0,4.0,1,35426917,125,,Ripoll,"Ripollès, Girona",
209000,2.0,4.0,4,82254095,122,,Llanars,"Ripollès, Girona",
210000,2.0,4.0,3,34223883,800,,Camprodon,"Ripollès, Girona",
169000,2.0,3.0,4,40031692,130,,Ribes de Freser,"Ripollès, Girona",
210000,2.0,3.0,1,38671035,104,,Sant Pau de Segúries,"Ripollès, Girona",
240000,3.0,5.0,9,34217117,120,,Camprodon,"Ripollès, Girona",
130000,2.0,3.0,1,27672800,117,,Ripoll,"Ripollès, Girona",
80000,1.0,2.0,2,39780145,68,,Camprodon,"Ripollès, Girona",
129000,1.0,3.0,1,83561149,62,56,Camprodon,"Ripollès, Girona",
240000,2.0,3.0,3,38927005,800,,Ogassa,"Ripollès, Girona",
255000,3.0,4.0,9,84590436,275,,Campdevánol,"Ripollès, Girona",
220000,1.0,2.0,1,84984415,80,,Vilallonga de Ter,"Ripollès, Girona",
99000,2.0,0.0,10,40373124,462,277,Ripoll,"Ripollès, Girona",
121000,2.0,0.0,10,40373125,400,240,Ripoll,"Ripollès, Girona",
126500,2.0,0.0,10,40373126,400,240,Ripoll,"Ripollès, Girona",
145200,2.0,0.0,10,40373127,400,240,Ripoll,"Ripollès, Girona",
121000,2.0,0.0,10,40373138,711,427,Ripoll,"Ripollès, Girona",
99000,2.0,0.0,10,40373139,408,245,Ripoll,"Ripollès, Girona",
99000,2.0,0.0,10,40373140,412,247,Ripoll,"Ripollès, Girona",
99000,2.0,0.0,10,40373142,412,247,Ripoll,"Ripollès, Girona",
110000,2.0,0.0,10,40373143,405,243,Ripoll,"Ripollès, Girona",
110000,2.0,0.0,10,40373144,405,243,Ripoll,"Ripollès, Girona",
115500,2.0,0.0,10,40373145,444,266,Ripoll,"Ripollès, Girona",
126500,2.0,0.0,10,40373146,478,287,Ripoll,"Ripollès, Girona",
126500,2.0,0.0,10,40373147,491,295,Ripoll,"Ripollès, Girona",
121000,2.0,0.0,10,40373148,431,259,Ripoll,"Ripollès, Girona",
137500,2.0,0.0,10,40373149,528,317,Ripoll,"Ripollès, Girona",
137500,2.0,0.0,10,40373150,546,328,Ripoll,"Ripollès, Girona",
137500,2.0,0.0,10,40373151,604,362,Ripoll,"Ripollès, Girona",
67000,1.0,2.0,1,82457798,50,,Sant Joan de les Abadesses,"Ripollès, Girona",
120000,1.0,4.0,5,36053001,558,,Sant Pau de Segúries,"Ripollès, Girona",
168000,2.0,2.0,11,28953923,100,,Ribes de Freser,"Ripollès, Girona",
45000,1.0,3.0,1,39954959,70,,Ripoll,"Ripollès, Girona",
74000,1.0,3.0,1,83242504,75,,Ripoll,"Ripollès, Girona",
74000,1.0,3.0,1,83339360,70,,Ripoll,"Ripollès, Girona",
90000,1.0,3.0,3,83590730,80,,Ripoll,"Ripollès, Girona",
79500,2.0,2.0,4,84254198,67,,Sant Joan de les Abadesses,"Ripollès, Girona",
600000,3.0,6.0,3,33985847,290,,Ribes de Freser,"Ripollès, Girona",
100000,4.0,6.0,5,36432418,320,260,Planoles,"Ripollès, Girona",
145000,1.0,2.0,1,40482397,70,,Ribes de Freser,"Ripollès, Girona",
120000,2.0,3.0,9,81168737,238,220,Sant Pau de Segúries,"Ripollès, Girona",1960
31000,0.0,1.0,1,81580593,64,,Camprodon,"Ripollès, Girona",
150000,3.0,4.0,1,82933486,110,100,Camprodon,"Ripollès, Girona",
110000,1.0,3.0,1,84451769,70,,Ribes de Freser,"Ripollès, Girona",
47700,1.0,3.0,1,84909725,84,,Ripoll,"Ripollès, Girona",
830000,4.0,3.0,3,81599291,1010,274,Llanars,"Ripollès, Girona",2007
83000,2.0,3.0,1,37735087,95,81,Ribes de Freser,"Ripollès, Girona",
92400,2.0,3.0,1,37735086,95,81,Ribes de Freser,"Ripollès, Girona",
265000,2.0,3.0,3,1660932,800,,Camprodon,"Ripollès, Girona",
290000,2.0,3.0,11,1923626,50,,Vilallonga de Ter,"Ripollès, Girona",2011
85000,1.0,3.0,1,1752965,90,85,Ripoll,"Ripollès, Girona",
260000,3.0,6.0,3,25950147,433,304,Ripoll,"Ripollès, Girona",
190000,2.0,4.0,3,27577745,1000,120,Camprodon,"Ripollès, Girona",
120000,2.0,2.0,4,30285888,85,80,Ripoll,"Ripollès, Girona",
80000,0.0,0.0,5,32083116,300,,Campelles,"Ripollès, Girona",
110000,1.0,4.0,1,28865643,104,,Camprodon,"Ripollès, Girona",
68000,1.0,2.0,1,38028399,65,,Ripoll,"Ripollès, Girona",
250000,1.0,5.0,6,81411348,500,,Sant Pau de Segúries,"Ripollès, Girona",
75900,1.0,3.0,1,37091151,72,70,Sant Joan de les Abadesses,"Ripollès, Girona",
250000,3.0,4.0,4,83703926,183,,Camprodon,"Ripollès, Girona",
94000,2.0,1.0,4,83786730,70,60,Sant Joan de les Abadesses,"Ripollès, Girona",
150000,1.0,2.0,1,35965795,55,,Vilallonga de Ter,"Ripollès, Girona",
160000,1.0,3.0,0,84687762,180,170,Sant Pau de Segúries,"Ripollès, Girona",1900
110000,2.0,4.0,1,84399171,92,,Camprodon,"Ripollès, Girona",
108000,1.0,2.0,1,27657800,80,,Ogassa,"Ripollès, Girona",
110000,1.0,3.0,1,28282600,113,,Ripoll,"Ripollès, Girona",
155000,1.0,2.0,1,28453124,70,,Ribes de Freser,"Ripollès, Girona",
160000,1.0,0.0,10,29026961,65,,Queralbs,"Ripollès, Girona",
120000,2.0,2.0,4,32488102,70,,Ripoll,"Ripollès, Girona",
250000,3.0,3.0,3,1724152,194,,Ripoll,"Ripollès, Girona",
100000,2.0,2.0,4,34561991,75,,Planoles,"Ripollès, Girona",
100000,1.0,2.0,1,27428021,78,75,Ribes de Freser,"Ripollès, Girona",
125000,1.0,2.0,2,37660942,70,,Camprodon,"Ripollès, Girona",1987
290000,2.0,4.0,9,25269955,220,170,Ripoll,"Ripollès, Girona",
124000,2.0,3.0,1,81944517,95,90,Camprodon,"Ripollès, Girona",
137000,1.0,2.0,1,82979038,54,,Gombrèn,"Ripollès, Girona",
950000,6.0,10.0,12,81336759,35000,650,Sant Pau de Segúries,"Ripollès, Girona",
125000,1.0,2.0,1,38966351,60,,Camprodon,"Ripollès, Girona",
128000,1.0,3.0,9,84366379,85,,Campdevánol,"Ripollès, Girona",
130000,2.0,6.0,13,84765749,3,340,Ripoll,"Ripollès, Girona",
204800,2.0,3.0,1,84833097,100,,Ripoll,"Ripollès, Girona",1968
92400,2.0,3.0,1,31354067,95,81,Ribes de Freser,"Ripollès, Girona",
61010,1.0,1.0,1,37457546,31,,Ripoll,"Ripollès, Girona",
63770,2.0,4.0,1,38270063,154,,Ripoll,"Ripollès, Girona",
83000,2.0,3.0,1,31340409,95,81,Ribes de Freser,"Ripollès, Girona",
275000,2.0,3.0,9,84975014,252,,Campdevánol,"Ripollès, Girona",
149000,1.0,2.0,1,1640578,70,,Setcases,"Ripollès, Girona",
170000,1.0,2.0,1,310988,118,100,Vilallonga de Ter,"Ripollès, Girona",
190000,1.0,2.0,1,1759720,90,80,Sant Joan de les Abadesses,"Ripollès, Girona",
160000,2.0,4.0,1,1805704,136,123,Sant Joan de les Abadesses,"Ripollès, Girona",
1800000,5.0,8.0,3,1976103,2500,,Ripoll,"Ripollès, Girona",
140000,2.0,2.0,4,2019524,106,90,Ribes de Freser,"Ripollès, Girona",
115000,1.0,1.0,2,2134656,45,,Molló,"Ripollès, Girona",
120000,1.0,1.0,1,25461378,38,,Camprodon,"Ripollès, Girona",
145000,1.0,2.0,1,25590296,70,60,Setcases,"Ripollès, Girona",
230000,2.0,5.0,8,28261751,180,170,Vilallonga de Ter,"Ripollès, Girona",
120000,1.0,4.0,1,30102519,127,99,Ribes de Freser,"Ripollès, Girona",
215000,2.0,4.0,3,30968437,350,180,Campdevánol,"Ripollès, Girona",
135000,1.0,2.0,1,31231013,70,50,Ribes de Freser,"Ripollès, Girona",
135000,2.0,3.0,1,32920957,95,,Ribes de Freser,"Ripollès, Girona",
160000,1.0,2.0,4,33190494,80,75,Camprodon,"Ripollès, Girona",
59000,1.0,3.0,1,33403003,92,,Ripoll,"Ripollès, Girona",
110000,1.0,4.0,1,81645197,90,85,Camprodon,"Ripollès, Girona",
84000,1.0,3.0,1,33786677,100,,Campdevánol,"Ripollès, Girona",
180000,1.0,3.0,1,27120211,65,,Camprodon,"Ripollès, Girona",2003
400000,6.0,16.0,5,34431353,241,,Ripoll,"Ripollès, Girona",
185000,2.0,3.0,4,34570590,130,110,Ribes de Freser,"Ripollès, Girona",2005
69000,1.0,0.0,10,35928747,30,,Camprodon,"Ripollès, Girona",
87000,1.0,1.0,1,36188651,40,,Setcases,"Ripollès, Girona",
80000,2.0,3.0,1,36386549,85,78,Ripoll,"Ripollès, Girona",
193000,2.0,3.0,3,36611034,1000,120,Camprodon,"Ripollès, Girona",
119000,2.0,3.0,1,36779432,80,73,Ripoll,"Ripollès, Girona",
175000,2.0,4.0,3,36985028,750,,Camprodon,"Ripollès, Girona",
99000,1.0,3.0,1,37091443,118,112,Sant Joan de les Abadesses,"Ripollès, Girona",
180000,2.0,2.0,11,37645007,84,,Vilallonga de Ter,"Ripollès, Girona",
90000,1.0,1.0,1,38060713,45,42,Camprodon,"Ripollès, Girona",
73019,2.0,5.0,3,38624227,318,,Ripoll,"Ripollès, Girona",
20216,1.0,2.0,1,36556081,81,,Ripoll,"Ripollès, Girona",
175000,2.0,4.0,2,39161608,185,170,Camprodon,"Ripollès, Girona",
125000,1.0,2.0,1,39363158,65,,Ripoll,"Ripollès, Girona",
89000,1.0,2.0,1,39472502,58,50,Ripoll,"Ripollès, Girona",
110000,1.0,2.0,1,25537915,75,67,Camprodon,"Ripollès, Girona",2007
95000,1.0,1.0,1,28432574,50,48,Queralbs,"Ripollès, Girona",
165000,2.0,4.0,1,40176674,110,105,Ripoll,"Ripollès, Girona",
190000,2.0,3.0,9,81909249,172,,Sant Joan de les Abadesses,"Ripollès, Girona",1997
100000,1.0,3.0,1,25395396,70,45,Ripoll,"Ripollès, Girona",1970
42677,1.0,3.0,1,36535126,70,,Ripoll,"Ripollès, Girona",
96000,1.0,2.0,1,82343981,62,48,Camprodon,"Ripollès, Girona",
77900,1.0,3.0,1,38700461,53,,Ripoll,"Ripollès, Girona",
71500,1.0,2.0,1,38270236,61,,Ripoll,"Ripollès, Girona",
92400,3.0,3.0,1,33361739,95,72,Ribes de Freser,"Ripollès, Girona",
120000,1.0,2.0,1,82589371,65,,Setcases,"Ripollès, Girona",2004
96400,1.0,3.0,1,82644519,70,,Ribes de Freser,"Ripollès, Girona",
325000,2.0,4.0,3,82649399,110,95,Queralbs,"Ripollès, Girona",
70000,1.0,4.0,1,82975109,135,,Ribes de Freser,"Ripollès, Girona",1880
200000,2.0,4.0,1,83125664,287,,Ripoll,"Ripollès, Girona",
195000,3.0,3.0,4,83194739,100,,Planoles,"Ripollès, Girona",
240000,3.0,4.0,4,83187325,200,,Vallfogona de Ripollès,"Ripollès, Girona",
295000,2.0,4.0,3,28819459,1000,,Camprodon,"Ripollès, Girona",
63700,1.0,3.0,1,83934066,59,,Gombrèn,"Ripollès, Girona",
83000,3.0,3.0,1,33363319,95,81,Ribes de Freser,"Ripollès, Girona",
220000,1.0,2.0,1,84079008,60,,Molló,"Ripollès, Girona",
125300,1.0,3.0,1,36965791,80,,Ripoll,"Ripollès, Girona",
32500,1.0,1.0,1,82708796,21,,Ripoll,"Ripollès, Girona",
82000,1.0,4.0,1,37686564,68,,Ripoll,"Ripollès, Girona",
275655,3.0,4.0,3,84308700,234,,Campdevánol,"Ripollès, Girona",
68000,1.0,3.0,1,35831279,62,,Ripoll,"Ripollès, Girona",
195000,2.0,5.0,5,84413886,190,,Setcases,"Ripollès, Girona",
250000,1.0,5.0,6,30200058,5000,180,Ogassa,"Ripollès, Girona",
125000,1.0,2.0,1,84519844,70,55,Queralbs,"Ripollès, Girona",
85050,1.0,1.0,1,84673573,174,,Campdevánol,"Ripollès, Girona",
75000,2.0,3.0,3,83542390,158,126,Vilallonga de Ter,"Ripollès, Girona",
250000,2.0,3.0,1,38499939,95,,Llanars,"Ripollès, Girona",
165000,2.0,3.0,1,81328435,125,103,Sant Pau de Segúries,"Ripollès, Girona",
199500,3.0,3.0,0,40568305,130,,Ripoll,"Ripollès, Girona",1900
72000,1.0,4.0,1,82848125,84,83,Sant Joan de les Abadesses,"Ripollès, Girona",
38000,1.0,1.0,1,84107471,70,,Ripoll,"Ripollès, Girona",
95000,1.0,3.0,1,39805386,93,85,Ripoll,"Ripollès, Girona",
111000,1.0,3.0,1,1060034,107,87,Ripoll,"Ripollès, Girona",
75000,1.0,3.0,1,27664423,78,61,Ripoll,"Ripollès, Girona",
106000,1.0,4.0,1,32534882,109,,Ripoll,"Ripollès, Girona",
106000,1.0,4.0,1,39903860,109,,Ripoll,"Ripollès, Girona",
150000,2.0,3.0,1,40125464,106,88,Ripoll,"Ripollès, Girona",
125000,1.0,2.0,1,38455934,67,,Camprodon,"Ripollès, Girona",
73500,1.0,3.0,1,40507990,89,74,Ripoll,"Ripollès, Girona",1920
106000,1.0,4.0,1,82988528,95,85,Ripoll,"Ripollès, Girona",
52000,1.0,2.0,1,26662232,61,50,Ripoll,"Ripollès, Girona",
756400,2.0,4.0,3,36742695,240,,Camprodon,"Ripollès, Girona",
176670,1.0,3.0,1,84372412,90,,Sant Pau de Segúries,"Ripollès, Girona",
287000,2.0,4.0,9,84553489,160,124,Molló,"Ripollès, Girona",
53000,1.0,3.0,1,84553490,84,66,Ripoll,"Ripollès, Girona",
170000,2.0,3.0,2,81321562,111,87,Llanars,"Ripollès, Girona",1992
90000,1.0,2.0,1,81843998,73,42,Camprodon,"Ripollès, Girona",1920
110000,2.0,4.0,8,84160625,129,170,Llanars,"Ripollès, Girona",1965
88700,1.0,3.0,1,84715978,75,,Ribes de Freser,"Ripollès, Girona",
103700,2.0,4.0,1,84716166,84,,Ripoll,"Ripollès, Girona",
191300,1.0,3.0,1,84874209,76,,Llanars,"Ripollès, Girona",
76000,1.0,4.0,1,36256729,77,70,Ripoll,"Ripollès, Girona",1973
79380,1.0,3.0,1,38288960,79,66,Ripoll,"Ripollès, Girona",1971
90000,2.0,4.0,0,37680676,51,50,Ripoll,"Ripollès, Girona",
204800,2.0,2.0,1,84109383,50,,Ripoll,"Ripollès, Girona",
198800,2.0,3.0,0,84956986,175,158,Camprodon,"Ripollès, Girona",
76000,1.0,2.0,1,33470856,61,49,Ripoll,"Ripollès, Girona",
283500,2.0,2.0,4,84902693,249,125,Sant Joan de les Abadesses,"Ripollès, Girona",
283500,1.0,2.0,1,84902707,249,80,Sant Joan de les Abadesses,"Ripollès, Girona",
125000,1.0,2.0,1,1829645,65,45,Vilallonga de Ter,"Ripollès, Girona",2005
23000,1.0,2.0,1,83758765,65,,Ripoll,"Ripollès, Girona",
26000,1.0,3.0,1,84966935,87,,Ripoll,"Ripollès, Girona",
110000,2.0,3.0,1,38255597,126,113,Sant Joan de les Abadesses,"Ripollès, Girona",
350000,2.0,6.0,0,82861254,811,,Sant Pau de Segúries,"Ripollès, Girona",1940
47700,1.0,3.0,1,32534224,84,,Ripoll,"Ripollès, Girona",
47700,1.0,3.0,1,39904014,84,,Ripoll,"Ripollès, Girona",
145000,1.0,2.0,1,36288116,54,,Setcases,"Ripollès, Girona",
125000,1.0,2.0,1,38770224,60,52,Camprodon,"Ripollès, Girona",
176670,1.0,3.0,1,84375506,90,,Sant Pau de Segúries,"Ripollès, Girona",
204800,2.0,2.0,1,84861501,100,,Ripoll,"Ripollès, Girona",
145000,1.0,3.0,1,84897119,92,,Ribes de Freser,"Ripollès, Girona",
200000,2.0,4.0,1,83913015,90,,Ripoll,"Ripollès, Girona",2005
58500,1.0,2.0,1,84219880,60,56,Ripoll,"Ripollès, Girona",2011
1350000,10.0,14.0,6,28296870,250000,,Molló,"Ripollès, Girona",
124000,2.0,3.0,4,37812801,90,82,Camprodon,"Ripollès, Girona",1996
250000,1.0,4.0,3,39413079,130,,Camprodon,"Ripollès, Girona",
100000,2.0,4.0,1,39824796,120,,Sant Joan de les Abadesses,"Ripollès, Girona",
1500000,5.0,8.0,12,38928284,1,,Campdevánol,"Ripollès, Girona",
44500,1.0,3.0,1,84055772,73,65,Ripoll,"Ripollès, Girona",1901
124000,1.0,4.0,1,39833530,112,89,Ripoll,"Ripollès, Girona",
325000,1.0,1.0,1,84765750,694,650,Ripoll,"Ripollès, Girona",
150000,1.0,3.0,1,39805375,125,113,Ripoll,"Ripollès, Girona",
150000,2.0,3.0,1,33692400,250,200,Ripoll,"Ripollès, Girona",1978
198000,3.0,4.0,1,37758360,164,,Gombrèn,"Ripollès, Girona",
85100,1.0,3.0,1,39273665,93,,Sant Joan de les Abadesses,"Ripollès, Girona",
75600,1.0,2.0,1,37738628,60,46,Ripoll,"Ripollès, Girona",
47600,1.0,2.0,1,82593829,62,,Ripoll,"Ripollès, Girona",
90000,1.0,3.0,1,82763279,90,85,Ripoll,"Ripollès, Girona",1975
47600,1.0,2.0,1,82988524,62,55,Ripoll,"Ripollès, Girona",
42677,1.0,3.0,1,37822863,70,,Ripoll,"Ripollès, Girona",
204800,2.0,2.0,1,84127444,100,,Ripoll,"Ripollès, Girona",
74000,1.0,3.0,1,84789056,70,64,Ripoll,"Ripollès, Girona",
150000,2.0,3.0,11,36633917,90,,Planoles,"Ripollès, Girona",
98100,1.0,2.0,1,31695822,77,64,Sant Pau de Segúries,"Ripollès, Girona",
130000,2.0,2.0,4,81163002,70,,Ripoll,"Ripollès, Girona",
150000,2.0,4.0,5,39480117,120,,Planoles,"Ripollès, Girona",1990
350000,3.0,4.0,3,28738619,870,165,Molló,"Ripollès, Girona",
235000,3.0,4.0,9,31366363,135,,Sant Joan de les Abadesses,"Ripollès, Girona",
140000,1.0,3.0,1,33809913,115,100,Ripoll,"Ripollès, Girona",
155000,1.0,2.0,1,36018358,99,,Ribes de Freser,"Ripollès, Girona",
105000,1.0,2.0,4,36786921,63,55,Vilallonga de Ter,"Ripollès, Girona",2007
350000,5.0,8.0,12,37773597,530000,,Les Llosses,"Ripollès, Girona",
190000,2.0,3.0,3,38143167,200,,Toses,"Ripollès, Girona",
155000,2.0,3.0,1,38564841,120,100,Camprodon,"Ripollès, Girona",
115000,1.0,1.0,1,39523562,45,,Molló,"Ripollès, Girona",
450000,4.0,5.0,3,39664839,1200,,Camprodon,"Ripollès, Girona",
450000,2.0,4.0,4,81222076,230,220,Ribes de Freser,"Ripollès, Girona",
320000,3.0,5.0,5,81622174,540,,Camprodon,"Ripollès, Girona",
350000,3.0,3.0,4,81794538,115,108,Camprodon,"Ripollès, Girona",
190000,2.0,2.0,8,82326469,1800,120,Vilallonga de Ter,"Ripollès, Girona",
190000,2.0,6.0,1,82894200,384,350,Sant Joan de les Abadesses,"Ripollès, Girona",
440000,3.0,5.0,3,31354189,1500,400,Ripoll,"Ripollès, Girona",
250000,2.0,4.0,1,83215272,190,165,Camprodon,"Ripollès, Girona",
390000,3.0,6.0,12,37396309,2300,265,Vilallonga de Ter,"Ripollès, Girona",
298000,2.0,4.0,3,84602769,600,120,Ogassa,"Ripollès, Girona",2003
195000,3.0,8.0,12,84774526,4045,346,Sant Joan de les Abadesses,"Ripollès, Girona",1938
275000,1.0,5.0,8,34659520,7814,,Ribes de Freser,"Ripollès, Girona",
75600,1.0,2.0,1,82276945,60,,Ripoll,"Ripollès, Girona",
80000,1.0,2.0,1,34732518,60,,Campdevánol,"Ripollès, Girona",
250000,2.0,3.0,1,84697797,95,,Llanars,"Ripollès, Girona",
74000,1.0,3.0,1,84789035,66,59,Ripoll,"Ripollès, Girona",
65000,1.0,3.0,1,84789036,68,61,Ripoll,"Ripollès, Girona",
81000,1.0,3.0,1,84789037,82,74,Ripoll,"Ripollès, Girona",
141000,2.0,4.0,1,84789045,105,96,Ripoll,"Ripollès, Girona",
95000,1.0,2.0,1,84823664,68,61,Ripoll,"Ripollès, Girona",
39000,1.0,2.0,1,84823666,44,40,Campdevánol,"Ripollès, Girona",
45000,1.0,3.0,1,84823671,73,66,Ripoll,"Ripollès, Girona",
191300,1.0,3.0,1,84875593,76,,Llanars,"Ripollès, Girona",
75600,1.0,2.0,1,36245477,60,46,Ripoll,"Ripollès, Girona",
750000,4.0,8.0,3,36850995,30000,520,Sant Joan de les Abadesses,"Ripollès, Girona",1700
136100,2.0,2.0,4,31695845,107,86,Sant Pau de Segúries,"Ripollès, Girona",
119100,0.0,0.0,10,82979283,84,68,Sant Pau de Segúries,"Ripollès, Girona",
175000,1.0,2.0,9,25887266,80,76,Setcases,"Ripollès, Girona",
350000,0.0,0.0,5,26751961,110,300,Ripoll,"Ripollès, Girona",
180000,1.0,1.0,4,27657806,60,54,Setcases,"Ripollès, Girona",
120000,2.0,3.0,4,1781613,75,60,Vilallonga de Ter,"Ripollès, Girona",
220000,2.0,3.0,11,28082537,200,160,Molló,"Ripollès, Girona",
145000,1.0,3.0,1,25895973,99,80,Ripoll,"Ripollès, Girona",
210000,2.0,4.0,9,1818863,175,150,Campdevánol,"Ripollès, Girona",
69000,1.0,3.0,1,35762502,80,75,Ripoll,"Ripollès, Girona",
220000,2.0,3.0,9,37085906,95,,Toses,"Ripollès, Girona",
330000,2.0,4.0,3,38060205,1823,,Sant Joan de les Abadesses,"Ripollès, Girona",
100000,1.0,2.0,1,38511005,62,55,Camprodon,"Ripollès, Girona",2000
155000,2.0,3.0,9,39014546,140,,Campdevánol,"Ripollès, Girona",
205000,2.0,3.0,4,361079,108,,Camprodon,"Ripollès, Girona",
89000,1.0,3.0,1,34351496,70,,Sant Joan de les Abadesses,"Ripollès, Girona",
170000,2.0,4.0,5,82063789,303,,Ogassa,"Ripollès, Girona",
94500,1.0,2.0,1,82261314,70,,Sant Joan de les Abadesses,"Ripollès, Girona",
300000,2.0,4.0,11,82531851,180,148,Ripoll,"Ripollès, Girona",
155000,1.0,2.0,1,82891915,70,,Ribes de Freser,"Ripollès, Girona",
28300,1.0,2.0,1,38662543,52,44,Ripoll,"Ripollès, Girona",
105000,2.0,5.0,1,84307244,143,140,Sant Joan de les Abadesses,"Ripollès, Girona",1974
266986,1.0,1.0,1,84407180,448,400,Ripoll,"Ripollès, Girona",
55000,1.0,3.0,1,2062623,70,67,Sant Joan de les Abadesses,"Ripollès, Girona",1975
210000,2.0,3.0,0,40566275,166,150,Ripoll,"Ripollès, Girona",
375000,1.0,1.0,3,37805928,1,,Molló,"Ripollès, Girona",
140520,1.0,3.0,1,36985887,81,,Ribes de Freser,"Ripollès, Girona",
77700,1.0,1.0,1,37288002,48,38,Camprodon,"Ripollès, Girona",
168900,1.0,3.0,3,37035858,105,,Planoles,"Ripollès, Girona",
237200,2.0,3.0,1,84238570,86,,Ribes de Freser,"Ripollès, Girona",
108200,1.0,1.0,1,81827566,62,57,Camprodon,"Ripollès, Girona",
110300,1.0,1.0,1,81987118,64,50,Camprodon,"Ripollès, Girona",
148100,2.0,3.0,1,84238817,85,66,Camprodon,"Ripollès, Girona",
115500,2.0,2.0,1,81946385,66,52,Camprodon,"Ripollès, Girona",
142800,2.0,3.0,1,81971363,82,63,Camprodon,"Ripollès, Girona",
65000,2.0,2.0,1,84681710,80,75,Ripoll,"Ripollès, Girona",1975
70000,1.0,1.0,1,83468880,37,,Camprodon,"Ripollès, Girona",
160000,1.0,2.0,1,1988553,72,66,Ribes de Freser,"Ripollès, Girona",
70000,1.0,3.0,1,40063965,64,,Ripoll,"Ripollès, Girona",1977
80000,1.0,3.0,2,82038783,79,,Camprodon,"Ripollès, Girona",
79200,1.0,3.0,1,82290458,77,63,Campdevánol,"Ripollès, Girona",
38000,1.0,1.0,1,84127493,70,,Ripoll,"Ripollès, Girona",
106000,1.0,4.0,1,82586372,109,,Ripoll,"Ripollès, Girona",
85000,1.0,3.0,1,39805385,82,74,Ripoll,"Ripollès, Girona",
105000,1.0,4.0,1,83523986,143,140,Sant Joan de les Abadesses,"Ripollès, Girona",1974
487500,3.0,3.0,3,83539383,375,315,Queralbs,"Ripollès, Girona",
26000,1.0,3.0,1,84745502,65,50,Ripoll,"Ripollès, Girona",1923
191300,1.0,3.0,1,84861661,76,,Llanars,"Ripollès, Girona",2004
98840,1.0,3.0,9,31707905,112,,Ripoll,"Ripollès, Girona",
136000,2.0,2.0,1,36122277,100,80,Camprodon,"Ripollès, Girona",
250000,2.0,2.0,9,37565245,90,75,Vilallonga de Ter,"Ripollès, Girona",
57400,1.0,1.0,1,39713889,39,31,Camprodon,"Ripollès, Girona",
105000,2.0,4.0,1,82703523,137,,Sant Joan de les Abadesses,"Ripollès, Girona",1969
230000,2.0,3.0,1,83015550,80,60,Llanars,"Ripollès, Girona",2002
96000,1.0,0.0,10,83916509,39,,Camprodon,"Ripollès, Girona",2008
120500,1.0,2.0,1,35545237,55,,Camprodon,"Ripollès, Girona",2007
138500,1.0,1.0,1,35518765,48,,Camprodon,"Ripollès, Girona",2011
180000,2.0,3.0,4,84314141,78,70,Vilallonga de Ter,"Ripollès, Girona",2006
149000,1.0,3.0,2,37573228,85,75,Llanars,"Ripollès, Girona",
100000,1.0,1.0,1,84315960,48,31,Setcases,"Ripollès, Girona",2009
225000,2.0,2.0,4,84590060,91,60,Llanars,"Ripollès, Girona",2003
160000,1.0,2.0,1,84678937,65,,Ribes de Freser,"Ripollès, Girona",
165000,1.0,3.0,1,84745113,90,77,Ribes de Freser,"Ripollès, Girona",
82000,1.0,0.0,10,85047505,42,,Vilallonga de Ter,"Ripollès, Girona",
240000,2.0,3.0,3,82425670,104,,Ripoll,"Ripollès, Girona",
390000,3.0,5.0,6,83470794,2250,267,Vilallonga de Ter,"Ripollès, Girona",1920
30000,1.0,3.0,1,39805377,73,66,Ripoll,"Ripollès, Girona",
96700,2.0,3.0,1,31766829,152,133,Campdevánol,"Ripollès, Girona",
39000,1.0,3.0,1,26446066,88,71,Ripoll,"Ripollès, Girona",
75000,1.0,3.0,1,34975474,107,87,Ripoll,"Ripollès, Girona",
40900,1.0,3.0,1,38335992,79,63,Ripoll,"Ripollès, Girona",
58000,1.0,2.0,1,39403430,61,49,Sant Joan de les Abadesses,"Ripollès, Girona",
64500,1.0,2.0,1,82055022,91,,Ripoll,"Ripollès, Girona",
158400,2.0,4.0,9,82979274,147,,Ripoll,"Ripollès, Girona",
379000,2.0,4.0,5,82980491,128,,Ribes de Freser,"Ripollès, Girona",1970
38000,1.0,1.0,1,83422129,70,56,Ripoll,"Ripollès, Girona",
306600,2.0,4.0,11,83556682,231,207,Ripoll,"Ripollès, Girona",
145000,2.0,3.0,4,84721199,180,129,Ripoll,"Ripollès, Girona",
132000,1.0,2.0,1,38830198,60,,Planoles,"Ripollès, Girona",
350000,2.0,3.0,4,82905711,115,,Camprodon,"Ripollès, Girona",
135000,1.0,2.0,1,84924885,60,50,Ripoll,"Ripollès, Girona",2010
115000,2.0,3.0,1,84925278,92,77,Ripoll,"Ripollès, Girona",2006
80000,1.0,3.0,1,84925364,75,63,Ribes de Freser,"Ripollès, Girona",1968
350000,3.0,3.0,3,82603052,157,,Molló,"Ripollès, Girona",2005
85000,1.0,3.0,1,83814173,85,,Ripoll,"Ripollès, Girona",
500000,3.0,5.0,0,84823661,387,345,Queralbs,"Ripollès, Girona",
149000,2.0,3.0,1,84840802,96,87,Campdevánol,"Ripollès, Girona",
107000,1.0,2.0,1,40546974,60,,Camprodon,"Ripollès, Girona",1993
98840,1.0,3.0,9,84261516,134,112,Ripoll,"Ripollès, Girona",
38000,1.0,3.0,1,85059999,48,43,Ripoll,"Ripollès, Girona",
110500,3.0,4.0,0,31776092,308,253,Gombrèn,"Ripollès, Girona",
58400,1.0,1.0,1,32854239,50,36,Sant Joan de les Abadesses,"Ripollès, Girona",
78600,1.0,2.0,1,32854240,76,55,Sant Joan de les Abadesses,"Ripollès, Girona",
62600,1.0,2.0,1,32854241,57,41,Sant Joan de les Abadesses,"Ripollès, Girona",
54500,1.0,1.0,1,32854242,50,36,Sant Joan de les Abadesses,"Ripollès, Girona",
77800,1.0,2.0,1,32854243,76,55,Sant Joan de les Abadesses,"Ripollès, Girona",
61800,1.0,2.0,1,32854244,57,41,Sant Joan de les Abadesses,"Ripollès, Girona",
80500,1.0,1.0,1,32854245,75,51,Sant Joan de les Abadesses,"Ripollès, Girona",
102500,1.0,1.0,1,32854246,103,74,Sant Joan de les Abadesses,"Ripollès, Girona",
70600,1.0,1.0,1,32854247,74,48,Sant Joan de les Abadesses,"Ripollès, Girona",
250000,3.0,4.0,3,37399211,800,130,Camprodon,"Ripollès, Girona",2001
350000,3.0,3.0,3,38583851,100,200,Molló,"Ripollès, Girona",
300000,4.0,4.0,12,39741167,730,,Vilallonga de Ter,"Ripollès, Girona",
180000,2.0,3.0,4,32493915,170,150,Sant Pau de Segúries,"Ripollès, Girona",2007
429000,4.0,6.0,12,40493546,3200,,Ripoll,"Ripollès, Girona",
75430,1.0,3.0,9,81952229,75,,Vilallonga de Ter,"Ripollès, Girona",1860
660000,3.0,6.0,3,82741891,888,,Campdevánol,"Ripollès, Girona",1995
58000,1.0,3.0,1,84745496,84,68,Ripoll,"Ripollès, Girona",1971
65000,1.0,3.0,1,84745476,73,55,Ripoll,"Ripollès, Girona",
58000,3.0,9.0,5,33492543,244,,Ripoll,"Ripollès, Girona",
490000,4.0,5.0,3,36945031,1200,,Camprodon,"Ripollès, Girona",2002
180000,2.0,4.0,9,37943523,165,,Vilallonga de Ter,"Ripollès, Girona",1790
695000,5.0,4.0,3,39480254,1738,290,Camprodon,"Ripollès, Girona",1999
750000,9.0,16.0,12,37832980,648,,Sant Joan de les Abadesses,"Ripollès, Girona",
990000,4.0,5.0,12,34662218,1750,,Sant Joan de les Abadesses,"Ripollès, Girona",
390000,3.0,5.0,8,40227486,2490,,Vilallonga de Ter,"Ripollès, Girona",
175000,2.0,3.0,6,40575213,170,,Toses,"Ripollès, Girona",
320000,2.0,3.0,11,40575429,310,,Molló,"Ripollès, Girona",
330000,2.0,3.0,11,40575658,525,,Molló,"Ripollès, Girona",
242000,1.0,5.0,8,40575770,148,,Toses,"Ripollès, Girona",
249900,3.0,9.0,5,81143407,157,,Ripoll,"Ripollès, Girona",
260000,1.0,3.0,8,81357780,1120,,Camprodon,"Ripollès, Girona",
198000,2.0,2.0,8,81552754,61,,Ribes de Freser,"Ripollès, Girona",
275000,2.0,3.0,1,81578799,92,,Camprodon,"Ripollès, Girona",2002
253298,2.0,4.0,3,36972595,1350,100,Camprodon,"Ripollès, Girona",
895000,3.0,6.0,12,81807897,13645,,Camprodon,"Ripollès, Girona",
695000,5.0,4.0,3,82259153,1706,,Camprodon,"Ripollès, Girona",2001
180000,3.0,3.0,5,82695187,210,,Toses,"Ripollès, Girona",
20216,1.0,2.0,1,38529858,81,59,Ripoll,"Ripollès, Girona",
639000,3.0,6.0,12,83153554,27000,314,Toses,"Ripollès, Girona",
530000,2.0,13.0,3,83527155,5000,600,Camprodon,"Ripollès, Girona",
266986,2.0,3.0,1,84552766,448,400,Ripoll,"Ripollès, Girona",
120000,2.0,3.0,1,35437061,91,79,Ribes de Freser,"Ripollès, Girona",2008
290000,1.0,4.0,12,84983290,510000,940,Ripoll,"Ripollès, Girona",1900
122000,1.0,2.0,1,84182101,55,50,Planoles,"Ripollès, Girona",
830000,3.0,3.0,3,84273193,330,,Llanars,"Ripollès, Girona",
59000,1.0,3.0,1,85059997,82,74,Ripoll,"Ripollès, Girona",
80000,2.0,3.0,1,1622060,86,80,Sant Joan de les Abadesses,"Ripollès, Girona",
695000,6.0,4.0,3,1790783,1607,,Camprodon,"Ripollès, Girona",
195000,2.0,3.0,3,1923079,828,97,Camprodon,"Ripollès, Girona",
200000,1.0,2.0,1,1983903,75,,Vilallonga de Ter,"Ripollès, Girona",
280000,2.0,2.0,9,2027264,500,145,Molló,"Ripollès, Girona",
299000,2.0,6.0,3,2049457,12900,,Ripoll,"Ripollès, Girona",
249000,2.0,3.0,4,27013064,127,120,Llanars,"Ripollès, Girona",
49000,1.0,2.0,1,30226154,81,77,Campdevánol,"Ripollès, Girona",
170000,2.0,4.0,2,32480181,110,,Ribes de Freser,"Ripollès, Girona",1970
365000,3.0,5.0,3,32496056,1000,,Camprodon,"Ripollès, Girona",
95000,1.0,3.0,5,36435534,320,117,Toses,"Ripollès, Girona",
298000,1.0,5.0,3,36694990,1023,,Campelles,"Ripollès, Girona",
195000,3.0,3.0,8,37650163,120,,Llanars,"Ripollès, Girona",
900000,7.0,8.0,3,37886977,363,320,Toses,"Ripollès, Girona",
170000,1.0,3.0,1,38026082,135,118,Ripoll,"Ripollès, Girona",
194000,2.0,3.0,4,38229495,100,,Setcases,"Ripollès, Girona",
165000,1.0,2.0,5,39434176,115,112,Molló,"Ripollès, Girona",
278000,2.0,5.0,5,81449264,315,250,Toses,"Ripollès, Girona",2009
130000,1.0,2.0,1,36788763,65,,Setcases,"Ripollès, Girona",
47600,1.0,2.0,1,82212613,62,,Ripoll,"Ripollès, Girona",
240000,2.0,4.0,3,28587096,1350,105,Camprodon,"Ripollès, Girona",2005
150000,2.0,3.0,1,82801540,114,97,Ripoll,"Ripollès, Girona",2003
250000,2.0,3.0,1,34709706,95,,Llanars,"Ripollès, Girona",
28300,1.0,2.0,1,37830166,52,43,Ripoll,"Ripollès, Girona",
365000,2.0,5.0,3,83846786,600,159,Toses,"Ripollès, Girona",2008
449995,4.0,5.0,5,84263362,500,,Queralbs,"Ripollès, Girona",
244900,2.0,4.0,9,84313969,156,104,Ribes de Freser,"Ripollès, Girona",1998
375000,2.0,3.0,3,84595036,210,,Campelles,"Ripollès, Girona",
99500,2.0,3.0,5,30143120,105,90,Sant Pau de Segúries,"Ripollès, Girona",2014
238000,1.0,3.0,8,84613607,13000,,Ribes de Freser,"Ripollès, Girona",
350000,2.0,5.0,0,84758520,150,,Planoles,"Ripollès, Girona",
85000,1.0,3.0,1,39805382,73,66,Ripoll,"Ripollès, Girona",
59000,1.0,3.0,1,39805388,61,56,Ripoll,"Ripollès, Girona",
138000,1.0,2.0,1,39930011,85,67,Ribes de Freser,"Ripollès, Girona",2008
130000,1.0,3.0,1,84789038,76,69,Ripoll,"Ripollès, Girona",
149000,2.0,3.0,1,84789040,84,76,Campdevánol,"Ripollès, Girona",
98000,2.0,4.0,1,84789042,100,91,Ribes de Freser,"Ripollès, Girona",
76000,1.0,3.0,1,84789044,87,79,Ripoll,"Ripollès, Girona",
84000,1.0,3.0,1,84789047,87,79,Ripoll,"Ripollès, Girona",
198000,1.0,10.0,1,84789049,288,263,Ripoll,"Ripollès, Girona",
110000,1.0,3.0,1,84789055,80,74,Ripoll,"Ripollès, Girona",
190000,2.0,3.0,0,84823660,162,147,Sant Joan de les Abadesses,"Ripollès, Girona",
355000,2.0,5.0,4,38828793,198,,Ribes de Freser,"Ripollès, Girona",
487500,3.0,3.0,3,83727161,315,375,Queralbs,"Ripollès, Girona",
140000,2.0,4.0,1,84722441,154,130,Ripoll,"Ripollès, Girona",1979
420000,2.0,4.0,3,40057461,500,,Planoles,"Ripollès, Girona",2002
405000,2.0,5.0,3,81981431,575,170,Camprodon,"Ripollès, Girona",
105000,2.0,4.0,1,82033668,117,97,Camprodon,"Ripollès, Girona",
172000,3.0,3.0,9,83212365,182,151,Sant Joan de les Abadesses,"Ripollès, Girona",
164600,3.0,3.0,9,83212302,175,151,Sant Joan de les Abadesses,"Ripollès, Girona",
150000,2.0,4.0,1,40137703,111,101,Ripoll,"Ripollès, Girona",
350000,3.0,3.0,5,84809304,40,230,Molló,"Ripollès, Girona",2005
266000,2.0,5.0,9,36783441,233,,Campdevánol,"Ripollès, Girona",
429000,4.0,6.0,3,37394917,3000,,Ripoll,"Ripollès, Girona",
390000,3.0,6.0,12,38487951,2300,250,Vilallonga de Ter,"Ripollès, Girona",
142000,2.0,5.0,9,39156685,170,,Campdevánol,"Ripollès, Girona",
270000,2.0,2.0,3,36028582,1800,120,Camprodon,"Ripollès, Girona",1974
365000,3.0,3.0,5,83340198,145,,Ribes de Freser,"Ripollès, Girona",2007
240000,2.0,5.0,8,84509759,192,,Vilallonga de Ter,"Ripollès, Girona",1900
96000,1.0,2.0,1,84337874,65,62,Camprodon,"Ripollès, Girona",1998
190000,1.0,2.0,4,39887498,95,82,Planoles,"Ripollès, Girona",
215000,2.0,3.0,0,83777303,150,125,Setcases,"Ripollès, Girona",2006
85000,1.0,4.0,1,84351441,120,105,Campdevánol,"Ripollès, Girona",
168900,1.0,3.0,9,84779228,105,,Planoles,"Ripollès, Girona",
199200,1.0,2.0,1,84780250,92,71,Ribes de Freser,"Ripollès, Girona",
200700,1.0,3.0,1,84780272,92,71,Ribes de Freser,"Ripollès, Girona",
198700,1.0,2.0,1,84780299,91,71,Ribes de Freser,"Ripollès, Girona",
430000,2.0,3.0,3,36861720,1100,200,Campelles,"Ripollès, Girona",2007
280000,2.0,4.0,11,82184450,5500,280,Sant Joan de les Abadesses,"Ripollès, Girona",
850000,4.0,5.0,3,37758581,2100,,Camprodon,"Ripollès, Girona",
390000,2.0,4.0,5,82973572,158,,Setcases,"Ripollès, Girona",2005
190000,2.0,4.0,9,37032735,259,152,Setcases,"Ripollès, Girona",1974
345000,4.0,5.0,12,39337969,1388,,Vilallonga de Ter,"Ripollès, Girona",2008
180000,1.0,3.0,1,83634467,77,,Ribes de Freser,"Ripollès, Girona",2002
160000,1.0,2.0,1,84987263,61,55,Ribes de Freser,"Ripollès, Girona",2004
50000,1.0,0.0,1,38470633,100,86,Sant Joan de les Abadesses,"Ripollès, Girona",1900
249500,2.0,3.0,9,25622960,100,220,Vallfogona de Ripollès,"Ripollès, Girona",
125000,1.0,3.0,1,82539733,150,145,Vilallonga de Ter,"Ripollès, Girona",1940
250000,2.0,4.0,0,39875260,185,172,Ribes de Freser,"Ripollès, Girona",
198000,2.0,4.0,1,40137704,140,128,Camprodon,"Ripollès, Girona",
850000,2.0,4.0,0,84789051,295,268,Campdevánol,"Ripollès, Girona",
180000,1.0,3.0,0,84872965,278,253,Campdevánol,"Ripollès, Girona",
115500,2.0,2.0,4,38204375,66,52,Camprodon,"Ripollès, Girona",
108200,1.0,1.0,1,38206883,62,57,Camprodon,"Ripollès, Girona",
110300,1.0,1.0,1,38206886,64,50,Camprodon,"Ripollès, Girona",
142800,2.0,3.0,4,38209751,82,63,Camprodon,"Ripollès, Girona",
148100,2.0,3.0,4,38211049,85,66,Camprodon,"Ripollès, Girona",
77700,1.0,1.0,1,38211047,48,38,Camprodon,"Ripollès, Girona",
195000,1.0,3.0,1,32687679,97,95,Ribes de Freser,"Ripollès, Girona",2007
53000,1.0,1.0,1,82533765,45,36,Ripoll,"Ripollès, Girona",2008
88000,1.0,3.0,2,84366222,82,75,Ripoll,"Ripollès, Girona",
95000,1.0,3.0,1,85059995,82,74,Sant Joan de les Abadesses,"Ripollès, Girona",
119000,3.0,6.0,3,33393526,192,,Camprodon,"Ripollès, Girona",2007
210000,2.0,5.0,3,83176871,780,140,Camprodon,"Ripollès, Girona",1979
122000,1.0,2.0,1,84499953,55,,Planoles,"Ripollès, Girona",
390000,3.0,5.0,6,39552691,2200,,Vilallonga de Ter,"Ripollès, Girona",1992
48000,1.0,3.0,1,31909390,83,64,Ripoll,"Ripollès, Girona",
159000,1.0,3.0,2,39810032,90,,Ribes de Freser,"Ripollès, Girona",
425000,2.0,4.0,12,40400018,900,250,Camprodon,"Ripollès, Girona",
107000,2.0,3.0,1,84771752,108,88,Ripoll,"Ripollès, Girona",1976
111000,2.0,3.0,1,84772035,107,88,Ripoll,"Ripollès, Girona",1975
52000,1.0,2.0,1,84835807,61,50,Ripoll,"Ripollès, Girona",1977
75000,1.0,3.0,1,84836229,79,62,Ripoll,"Ripollès, Girona",1979
76000,1.0,3.0,1,84836597,88,71,Ripoll,"Ripollès, Girona",1949
150000,2.0,3.0,1,84844590,106,89,Ripoll,"Ripollès, Girona",1985
124500,3.0,3.0,9,83212368,175,157,Sant Joan de les Abadesses,"Ripollès, Girona",
295000,2.0,8.0,7,29450772,1151,350,Ribes de Freser,"Ripollès, Girona",1917
88000,1.0,3.0,1,84969872,82,75,Ripoll,"Ripollès, Girona",
83000,1.0,2.0,1,81792278,69,,Campdevánol,"Ripollès, Girona",2011
122000,2.0,3.0,4,81791712,131,,Campdevánol,"Ripollès, Girona",2011
72000,1.0,2.0,1,82682074,69,,Campdevánol,"Ripollès, Girona",2011
290000,3.0,5.0,9,84956977,265,270,Ripoll,"Ripollès, Girona",1995
239500,1.0,3.0,1,85047229,97,77,Ribes de Freser,"Ripollès, Girona",2006
60000,1.0,4.0,1,39587045,70,,Ribes de Freser,"Ripollès, Girona",
300000,3.0,4.0,9,82074728,50,122,Camprodon,"Ripollès, Girona",2003
348000,3.0,5.0,9,83957941,103,240,Vilallonga de Ter,"Ripollès, Girona",1920
170000,2.0,3.0,8,35048600,206,,Camprodon,"Ripollès, Girona",1980
298000,3.0,5.0,3,35639154,610,244,Sant Pau de Segúries,"Ripollès, Girona",2007
400000,1.0,5.0,5,84996268,297,,Pardines,"Ripollès, Girona",1898
450000,2.0,5.0,5,85024119,575,500,Gombrèn,"Ripollès, Girona",1867
225000,2.0,4.0,4,1187974,129,111,Ribes de Freser,"Ripollès, Girona",
120000,1.0,2.0,1,25650124,55,51,Ribes de Freser,"Ripollès, Girona",
100000,1.0,1.0,1,39003776,60,50,Setcases,"Ripollès, Girona",2005
350000,1.0,8.0,12,37791476,20000,800,Ripoll,"Ripollès, Girona",1800
119000,1.0,3.0,1,39833535,82,71,Ripoll,"Ripollès, Girona",2005
170000,1.0,2.0,0,83104787,700,42,Camprodon,"Ripollès, Girona",1974
110000,1.0,2.0,1,84867257,82,74,Ripoll,"Ripollès, Girona",2000
390000,3.0,6.0,12,32349315,2250,265,Vilallonga de Ter,"Ripollès, Girona",
41500,1.0,3.0,1,84745499,75,60,Ripoll,"Ripollès, Girona",
275655,3.0,4.0,9,84296928,121,234,Campdevánol,"Ripollès, Girona",1990
176670,1.0,2.0,1,84356958,102,90,Sant Pau de Segúries,"Ripollès, Girona",2007
85000,1.0,3.0,1,84745497,89,78,Ripoll,"Ripollès, Girona",2007
270000,3.0,3.0,0,84899339,260,240,Sant Joan de les Abadesses,"Ripollès, Girona",
145000,2.0,3.0,4,82754082,68,,Vilallonga de Ter,"Ripollès, Girona",2007
1350000,6.0,6.0,12,82497461,5,,Camprodon,"Ripollès, Girona",
600000,2.0,10.0,5,35255888,742,,Setcases,"Ripollès, Girona",1992
155000,1.0,2.0,1,83615916,76,64,Ribes de Freser,"Ripollès, Girona",2002
47900,1.0,3.0,1,40331180,90,74,Sant Joan de les Abadesses,"Ripollès, Girona",2012
124500,1.0,4.0,0,40331178,175,157,Sant Joan de les Abadesses,"Ripollès, Girona",2016
1490000,3.0,3.0,3,82373226,3548,,Camprodon,"Ripollès, Girona",
price,0.0,0.0,14,house_id,m2_real,m2_useful,loc_city,loc_zone,construct_date
995000,5.0,7.0,0,85062641,3952,470,Torroella de Fluvià,"Alt Empordà, Girona",
170000,1.0,4.0,9,1614481,100,,L'Armentera,"Alt Empordà, Girona",1960
230000,2.0,3.0,9,26463819,160,120,Vilamacolum,"Alt Empordà, Girona",
230000,2.0,4.0,9,82526028,233,,L'Armentera,"Alt Empordà, Girona",
390000,3.0,6.0,3,27927852,2230,380,Viladamat,"Alt Empordà, Girona",
250000,3.0,3.0,3,32400422,150,,Ventallo,"Alt Empordà, Girona",
850000,4.0,6.0,3,37056607,15664,422,Torroella de Fluvià,"Alt Empordà, Girona",
275000,2.0,3.0,11,38117830,175,,L'Armentera,"Alt Empordà, Girona",
850000,4.0,7.0,13,38334116,17000,585,Torroella de Fluvià,"Alt Empordà, Girona",
82000,1.0,1.0,1,81808351,49,,Torroella de Fluvià,"Alt Empordà, Girona",
230000,1.0,2.0,0,40183154,402,90,Torroella de Fluvià,"Alt Empordà, Girona",
102000,1.0,2.0,1,1666798,75,65,L'Armentera,"Alt Empordà, Girona",
350000,2.0,4.0,5,28657710,250,220,L'Armentera,"Alt Empordà, Girona",
450000,0.0,0.0,8,26529558,2500,,Ventallo,"Alt Empordà, Girona",
580000,5.0,8.0,8,81353922,1702,,Ventallo,"Alt Empordà, Girona",
190000,2.0,3.0,0,81438163,82,78,Ventallo,"Alt Empordà, Girona",2001
75000,1.0,1.0,1,40496391,40,,Ventallo,"Alt Empordà, Girona",
82000,1.0,1.0,1,82882050,49,,Torroella de Fluvià,"Alt Empordà, Girona",
111600,2.0,2.0,1,37720109,88,,Torroella de Fluvià,"Alt Empordà, Girona",
110000,2.0,3.0,1,35562721,105,,L'Armentera,"Alt Empordà, Girona",
550000,2.0,3.0,5,34718449,534,,Ventallo,"Alt Empordà, Girona",
290000,2.0,3.0,3,83580492,150,130,Ventallo,"Alt Empordà, Girona",1890
800000,5.0,12.0,15,38724228,949,1000,Torroella de Fluvià,"Alt Empordà, Girona",1782
299000,2.0,3.0,0,84461326,183,400,Ventallo,"Alt Empordà, Girona",
850000,4.0,7.0,3,1584224,17000,,Torroella de Fluvià,"Alt Empordà, Girona",
549000,6.0,7.0,8,31230692,450,,Ventallo,"Alt Empordà, Girona",
299000,2.0,3.0,3,28868823,433,,Vilamacolum,"Alt Empordà, Girona",
355000,3.0,4.0,0,85058228,638,107,Viladamat,"Alt Empordà, Girona",2012
1990000,5.0,6.0,0,31332437,2800,,L'Armentera,"Alt Empordà, Girona",
196000,2.0,3.0,16,35232816,65,140,Ventallo,"Alt Empordà, Girona",
250000,2.0,4.0,0,38024826,110,96,Torroella de Fluvià,"Alt Empordà, Girona",
260000,2.0,3.0,11,39423106,223,,Torroella de Fluvià,"Alt Empordà, Girona",
425000,2.0,3.0,3,39423047,605,,Torroella de Fluvià,"Alt Empordà, Girona",2005
240000,2.0,3.0,6,38824279,11300,115,Torroella de Fluvià,"Alt Empordà, Girona",
885000,3.0,7.0,0,39763609,600,,Torroella de Fluvià,"Alt Empordà, Girona",
312000,3.0,4.0,0,81968728,255,240,Vilamacolum,"Alt Empordà, Girona",2018
515000,3.0,4.0,0,40213327,1523,229,Torroella de Fluvià,"Alt Empordà, Girona",
279000,1.0,5.0,6,83432009,405,,Ventallo,"Alt Empordà, Girona",
82000,1.0,1.0,1,84055661,70,49,Torroella de Fluvià,"Alt Empordà, Girona",
1800000,5.0,17.0,17,33687850,40000,,Ventallo,"Alt Empordà, Girona",1924
180000,2.0,3.0,5,37904237,200,,L'Armentera,"Alt Empordà, Girona",
230000,1.0,4.0,0,84203771,246,103,L'Armentera,"Alt Empordà, Girona",1992
790000,3.0,4.0,3,38867188,36000,270,Ventallo,"Alt Empordà, Girona",1995
950000,3.0,4.0,0,37445154,432,,Torroella de Fluvià,"Alt Empordà, Girona",
195000,2.0,2.0,2,82810304,128,,Torroella de Fluvià,"Alt Empordà, Girona",2002
449900,2.0,3.0,0,82926947,607,,Torroella de Fluvià,"Alt Empordà, Girona",
635000,2.0,4.0,13,83651769,349,240,Torroella de Fluvià,"Alt Empordà, Girona",2004
950000,2.0,4.0,13,83896523,482,260,Torroella de Fluvià,"Alt Empordà, Girona",2005
111600,2.0,2.0,0,38362461,88,83,Torroella de Fluvià,"Alt Empordà, Girona",1998
259900,2.0,2.0,0,38976496,155,130,Torroella de Fluvià,"Alt Empordà, Girona",1998
697000,3.0,3.0,12,28183883,12250,245,Ventallo,"Alt Empordà, Girona",
850000,4.0,7.0,12,33264454,16000,,Torroella de Fluvià,"Alt Empordà, Girona",
320000,2.0,3.0,13,34141095,180,162,Ventallo,"Alt Empordà, Girona",
400000,2.0,4.0,5,37403195,332,,Viladamat,"Alt Empordà, Girona",
450000,3.0,5.0,3,39423104,1091,,Ventallo,"Alt Empordà, Girona",1989
440000,2.0,5.0,0,84724130,1100,,Viladamat,"Alt Empordà, Girona",
375000,2.0,3.0,5,84620320,210,,Viladamat,"Alt Empordà, Girona",
550000,4.0,3.0,3,39430754,360,260,Vilamacolum,"Alt Empordà, Girona",1960
950000,3.0,4.0,12,35076038,2166,,Torroella de Fluvià,"Alt Empordà, Girona",
450000,3.0,6.0,3,83740167,1091,,Ventallo,"Alt Empordà, Girona",
279000,1.0,5.0,13,84916980,315,255,Ventallo,"Alt Empordà, Girona",
495000,2.0,3.0,0,84916978,250,114,Torroella de Fluvià,"Alt Empordà, Girona",2005
199500,2.0,3.0,4,35232716,141,118,Ventallo,"Alt Empordà, Girona",
595000,3.0,5.0,3,34544973,1360,240,Torroella de Fluvià,"Alt Empordà, Girona",
270000,2.0,3.0,11,84461482,135,,Torroella de Fluvià,"Alt Empordà, Girona",
259500,2.0,2.0,3,39621405,490,,Torroella de Fluvià,"Alt Empordà, Girona",2002
950000,3.0,4.0,12,39621716,2166,,Torroella de Fluvià,"Alt Empordà, Girona",2005
109000,1.0,2.0,2,39653060,58,,Torroella de Fluvià,"Alt Empordà, Girona",2000
595000,3.0,4.0,12,39705370,1360,,Torroella de Fluvià,"Alt Empordà, Girona",2004
1990000,7.0,7.0,3,33237962,2810,,L'Armentera,"Alt Empordà, Girona",
675000,3.0,4.0,3,33545182,1350,,Torroella de Fluvià,"Alt Empordà, Girona",2004
299000,2.0,4.0,3,83732968,476,157,Ventallo,"Alt Empordà, Girona",1998
230000,1.0,4.0,0,84622191,198,170,L'Armentera,"Alt Empordà, Girona",1992
750000,2.0,3.0,0,84993572,689,600,Viladamat,"Alt Empordà, Girona",1972
245000,3.0,4.0,3,85003218,387,140,L'Armentera,"Alt Empordà, Girona",
385000,4.0,6.0,12,39292948,500,,Ventallo,"Alt Empordà, Girona",
199000,3.0,7.0,0,36288507,430,300,Viladamat,"Alt Empordà, Girona",
450000,3.0,5.0,3,83873543,1000,,Ventallo,"Alt Empordà, Girona",1989
250000,2.0,2.0,0,84592519,394,74,Ventallo,"Alt Empordà, Girona",1991
400000,2.0,5.0,11,84592522,1800,150,Viladamat,"Alt Empordà, Girona",1978
800000,2.0,4.0,3,84592495,2200,,Viladamat,"Alt Empordà, Girona",1972
288500,2.0,3.0,0,84689652,142,105,Torroella de Fluvià,"Alt Empordà, Girona",2002
445500,2.0,7.0,16,35233020,220,512,L'Armentera,"Alt Empordà, Girona",
395000,2.0,6.0,0,82922699,2358,334,Viladamat,"Alt Empordà, Girona",
850000,4.0,7.0,13,39756552,600,,Torroella de Fluvià,"Alt Empordà, Girona",
270000,2.0,3.0,0,84917002,135,120,Torroella de Fluvià,"Alt Empordà, Girona",2005
279000,2.0,5.0,5,84922045,405,400,Ventallo,"Alt Empordà, Girona",1950
850000,4.0,7.0,3,37071313,16000,590,Torroella de Fluvià,"Alt Empordà, Girona",
320000,1.0,3.0,0,35162492,180,160,Ventallo,"Alt Empordà, Girona",
235000,2.0,4.0,9,81873030,100,98,L'Armentera,"Alt Empordà, Girona",1990
2995000,9.0,9.0,12,26599831,900,,Ventallo,"Alt Empordà, Girona",
230000,2.0,4.0,9,82549146,140,137,L'Armentera,"Alt Empordà, Girona",
270000,2.0,3.0,0,84406180,135,120,Torroella de Fluvià,"Alt Empordà, Girona",2005
82000,1.0,1.0,1,85070142,49,,Torroella de Fluvià,"Alt Empordà, Girona",
160000,1.0,3.0,3,85002982,223,120,L'Armentera,"Alt Empordà, Girona",
250000,2.0,3.0,3,85003380,405,120,Ventallo,"Alt Empordà, Girona",
395000,3.0,6.0,3,40039058,2000,,Viladamat,"Alt Empordà, Girona",
970000,2.0,3.0,3,85073788,8796,345,Viladamat,"Alt Empordà, Girona",1986
585000,3.0,4.0,13,81561871,239,,Ventallo,"Alt Empordà, Girona",
175000,2.0,7.0,9,40256292,250,,Vilamacolum,"Alt Empordà, Girona",
230000,4.0,4.0,3,83593320,234,103,L'Armentera,"Alt Empordà, Girona",
299000,2.0,4.0,3,84678863,177,,Viladamat,"Alt Empordà, Girona",
495000,3.0,4.0,0,40371249,1500,249,Torroella de Fluvià,"Alt Empordà, Girona",
950000,3.0,4.0,0,81150065,2100,430,Torroella de Fluvià,"Alt Empordà, Girona",
950000,3.0,4.0,13,39423064,2166,,Torroella de Fluvià,"Alt Empordà, Girona",
850000,4.0,6.0,0,40313623,17000,600,Torroella de Fluvià,"Alt Empordà, Girona",
550000,2.0,3.0,0,40313640,534,122,Ventallo,"Alt Empordà, Girona",
595000,3.0,4.0,0,40348998,1297,240,Torroella de Fluvià,"Alt Empordà, Girona",
850000,4.0,6.0,13,38839682,15664,380,Torroella de Fluvià,"Alt Empordà, Girona",2000
240000,2.0,3.0,0,81150076,11000,110,Torroella de Fluvià,"Alt Empordà, Girona",
940000,3.0,4.0,13,81831930,4500,260,Ventallo,"Alt Empordà, Girona",1920
199000,1.0,2.0,0,40349002,402,90,Torroella de Fluvià,"Alt Empordà, Girona",
price,0.0,0.0,14,house_id,m2_real,m2_useful,loc_city,loc_zone,construct_date
175000,1.0,5.0,5,84878878,300,380,Sant Pere Pescador,"Alt Empordà, Girona",
195000,2.0,4.0,11,35736305,230,140,Sant Pere Pescador,"Alt Empordà, Girona",
230000,2.0,2.0,9,82377398,64,,Sant Pere Pescador,"Alt Empordà, Girona",2018
155000,1.0,4.0,0,81893883,390,,Sant Pere Pescador,"Alt Empordà, Girona",1900
450300,1.0,3.0,1,40138361,91,,Sant Pere Pescador,"Alt Empordà, Girona",
160000,1.0,2.0,9,27805842,70,90,Sant Pere Pescador,"Alt Empordà, Girona",
90000,1.0,2.0,1,39359878,60,,Sant Pere Pescador,"Alt Empordà, Girona",
42521,1.0,2.0,1,36535989,81,,Sant Pere Pescador,"Alt Empordà, Girona",
256500,2.0,4.0,3,81874720,380,520,Sant Pere Pescador,"Alt Empordà, Girona",
249000,2.0,7.0,0,35562670,300,,Sant Pere Pescador,"Alt Empordà, Girona",
194000,2.0,4.0,0,83022044,168,105,Sant Pere Pescador,"Alt Empordà, Girona",
159000,2.0,3.0,1,81985454,97,71,Sant Pere Pescador,"Alt Empordà, Girona",2007
149000,3.0,3.0,0,35562711,136,,Sant Pere Pescador,"Alt Empordà, Girona",
73000,1.0,2.0,1,83166678,65,50,Sant Pere Pescador,"Alt Empordà, Girona",
159000,2.0,3.0,1,82300624,97,71,Sant Pere Pescador,"Alt Empordà, Girona",
185000,2.0,4.0,3,36208968,140,120,Sant Pere Pescador,"Alt Empordà, Girona",
218000,3.0,4.0,3,34546471,125,,Sant Pere Pescador,"Alt Empordà, Girona",
355000,3.0,3.0,0,34864359,293,111,Sant Pere Pescador,"Alt Empordà, Girona",
149000,3.0,3.0,0,35932892,136,118,Sant Pere Pescador,"Alt Empordà, Girona",1980
75000,1.0,2.0,1,26737341,70,60,Sant Pere Pescador,"Alt Empordà, Girona",
210000,2.0,3.0,0,84729287,163,130,Sant Pere Pescador,"Alt Empordà, Girona",2003
105000,2.0,3.0,1,84822493,93,80,Sant Pere Pescador,"Alt Empordà, Girona",
380000,3.0,4.0,11,84760071,282,,Sant Pere Pescador,"Alt Empordà, Girona",
159000,2.0,3.0,1,36783729,90,,Sant Pere Pescador,"Alt Empordà, Girona",
110000,1.0,2.0,1,81851657,56,55,Sant Pere Pescador,"Alt Empordà, Girona",
355000,4.0,4.0,0,35562715,240,,Sant Pere Pescador,"Alt Empordà, Girona",
89000,1.0,2.0,1,40437234,57,,Sant Pere Pescador,"Alt Empordà, Girona",1970
346500,2.0,3.0,0,35562704,133,,Sant Pere Pescador,"Alt Empordà, Girona",
110000,1.0,2.0,1,82397812,72,56,Sant Pere Pescador,"Alt Empordà, Girona",1970
218000,2.0,4.0,0,35376222,126,,Sant Pere Pescador,"Alt Empordà, Girona",
95500,2.0,3.0,1,84746080,88,,Sant Pere Pescador,"Alt Empordà, Girona",
95500,2.0,3.0,1,84765907,88,,Sant Pere Pescador,"Alt Empordà, Girona",
150000,2.0,4.0,1,31945423,169,124,Sant Pere Pescador,"Alt Empordà, Girona",
95500,2.0,3.0,1,84732068,88,,Sant Pere Pescador,"Alt Empordà, Girona",
99500,1.0,2.0,1,85060038,57,,Sant Pere Pescador,"Alt Empordà, Girona",
89900,1.0,2.0,1,85060059,61,,Sant Pere Pescador,"Alt Empordà, Girona",
450000,4.0,8.0,5,28299398,600,510,Sant Pere Pescador,"Alt Empordà, Girona",
238000,3.0,5.0,0,81868742,175,209,Sant Pere Pescador,"Alt Empordà, Girona",1973
181000,1.0,3.0,0,40538429,400,87,Sant Pere Pescador,"Alt Empordà, Girona",
159000,2.0,3.0,1,82369914,97,71,Sant Pere Pescador,"Alt Empordà, Girona",
159000,2.0,3.0,1,82360904,97,71,Sant Pere Pescador,"Alt Empordà, Girona",2007
495000,2.0,6.0,3,35341649,570,,Sant Pere Pescador,"Alt Empordà, Girona",1979
1300000,13.0,13.0,3,39876544,976,,Sant Pere Pescador,"Alt Empordà, Girona",1990
299000,3.0,4.0,3,84768960,620,,Sant Pere Pescador,"Alt Empordà, Girona",
375000,2.0,3.0,3,84218818,156,135,Sant Pere Pescador,"Alt Empordà, Girona",2000
256500,2.0,4.0,0,84758459,380,,Sant Pere Pescador,"Alt Empordà, Girona",
299000,3.0,4.0,3,84754518,542,,Sant Pere Pescador,"Alt Empordà, Girona",
105000,2.0,3.0,1,85021973,120,93,Sant Pere Pescador,"Alt Empordà, Girona",
150000,2.0,4.0,1,35618651,175,,Sant Pere Pescador,"Alt Empordà, Girona",
1700000,6.0,6.0,13,84857416,130000,630,Sant Pere Pescador,"Alt Empordà, Girona",1800
105000,2.0,3.0,1,85069832,93,,Sant Pere Pescador,"Alt Empordà, Girona",
255000,2.0,3.0,0,82608165,514,100,Sant Pere Pescador,"Alt Empordà, Girona",1987
258000,3.0,5.0,0,40313632,182,240,Sant Pere Pescador,"Alt Empordà, Girona",
1200000,3.0,4.0,0,81821545,500,216,Sant Pere Pescador,"Alt Empordà, Girona",
price,0.0,0.0,14,house_id,m2_real,m2_useful,loc_city,loc_zone,construct_date
297000,1.0,2.0,1,84642292,68,59,Roses,"Alt Empordà, Girona",
160000,1.0,2.0,1,81569743,60,,Roses,"Alt Empordà, Girona",
130000,1.0,2.0,9,82486359,50,,Roses,"Alt Empordà, Girona",
220000,1.0,2.0,3,82510696,255,,Roses,"Alt Empordà, Girona",
150000,1.0,2.0,1,82567645,60,,Roses,"Alt Empordà, Girona",
1825000,4.0,4.0,3,38058297,1227,,Roses,"Alt Empordà, Girona",
269000,3.0,4.0,9,440849,145,,Roses,"Alt Empordà, Girona",
140000,1.0,3.0,1,30750953,70,,Roses,"Alt Empordà, Girona",
179000,1.0,2.0,9,38134781,60,,Roses,"Alt Empordà, Girona",
325000,2.0,4.0,1,34931085,130,,Roses,"Alt Empordà, Girona",
135000,1.0,2.0,2,26662995,60,50,Roses,"Alt Empordà, Girona",
174000,1.0,2.0,1,39609012,72,,Roses,"Alt Empordà, Girona",
950000,3.0,6.0,3,30811807,1190,370,Roses,"Alt Empordà, Girona",
390000,3.0,5.0,1,30989564,235,,Roses,"Alt Empordà, Girona",1971
168000,1.0,3.0,1,34762292,90,75,Roses,"Alt Empordà, Girona",
95000,1.0,1.0,1,36700174,48,,Roses,"Alt Empordà, Girona",
150000,1.0,3.0,1,37463839,68,,Roses,"Alt Empordà, Girona",
127000,1.0,2.0,1,40348988,53,,Roses,"Alt Empordà, Girona",
215000,1.0,2.0,1,32210909,62,,Roses,"Alt Empordà, Girona",2005
150000,2.0,2.0,2,82243047,75,60,Roses,"Alt Empordà, Girona",
140000,1.0,2.0,1,82657059,70,,Roses,"Alt Empordà, Girona",
240000,1.0,2.0,1,82368381,52,,Roses,"Alt Empordà, Girona",
330000,3.0,2.0,3,81633324,303,60,Roses,"Alt Empordà, Girona",
150000,1.0,1.0,2,26764315,88,80,Roses,"Alt Empordà, Girona",
795000,3.0,4.0,0,33662184,500,195,Roses,"Alt Empordà, Girona",2013
79000,1.0,0.0,10,83244926,30,22,Roses,"Alt Empordà, Girona",
135000,1.0,2.0,1,1921978,90,65,Roses,"Alt Empordà, Girona",
180000,2.0,4.0,1,36898538,99,,Roses,"Alt Empordà, Girona",
365000,4.0,4.0,9,39895267,430,,Roses,"Alt Empordà, Girona",
200000,1.0,1.0,1,83625276,72,,Roses,"Alt Empordà, Girona",
3600000,2.0,56.0,1,30178388,1980,,Roses,"Alt Empordà, Girona",
118000,1.0,2.0,1,84652202,40,,Roses,"Alt Empordà, Girona",
179000,1.0,1.0,1,84652229,40,,Roses,"Alt Empordà, Girona",
199000,2.0,2.0,1,38427717,60,,Roses,"Alt Empordà, Girona",
3900000,2.0,32.0,1,30178394,1200,,Roses,"Alt Empordà, Girona",
164000,1.0,2.0,1,84657707,75,44,Roses,"Alt Empordà, Girona",2008
129000,1.0,1.0,1,84568491,46,,Roses,"Alt Empordà, Girona",2006
169000,1.0,2.0,1,84614908,56,,Roses,"Alt Empordà, Girona",
149000,1.0,1.0,1,84623846,84,59,Roses,"Alt Empordà, Girona",1978
229000,1.0,2.0,1,84657700,206,66,Roses,"Alt Empordà, Girona",1980
221000,2.0,2.0,1,84657701,70,,Roses,"Alt Empordà, Girona",
244000,2.0,3.0,1,84657706,110,88,Roses,"Alt Empordà, Girona",2004
142000,1.0,2.0,1,81895902,63,,Roses,"Alt Empordà, Girona",1980
147000,1.0,2.0,1,82615752,105,100,Roses,"Alt Empordà, Girona",1975
304000,2.0,4.0,0,84040126,140,120,Roses,"Alt Empordà, Girona",
140000,2.0,3.0,1,84269181,82,,Roses,"Alt Empordà, Girona",1984
165000,2.0,3.0,1,81895906,102,90,Roses,"Alt Empordà, Girona",
210000,1.0,2.0,1,84657710,75,63,Roses,"Alt Empordà, Girona",
297000,2.0,3.0,0,84657711,520,72,Roses,"Alt Empordà, Girona",1982
116000,1.0,3.0,1,81895891,108,,Roses,"Alt Empordà, Girona",
185000,2.0,4.0,1,84657723,117,,Roses,"Alt Empordà, Girona",
128000,1.0,3.0,1,81895979,75,,Roses,"Alt Empordà, Girona",
85000,1.0,1.0,1,84657726,46,40,Roses,"Alt Empordà, Girona",
118000,1.0,4.0,1,84657730,112,,Roses,"Alt Empordà, Girona",
98000,1.0,3.0,1,84657732,73,70,Roses,"Alt Empordà, Girona",
175000,1.0,2.0,0,81895879,100,60,Roses,"Alt Empordà, Girona",
180000,2.0,3.0,1,84657735,102,92,Roses,"Alt Empordà, Girona",2000
154000,1.0,2.0,1,84657736,80,50,Roses,"Alt Empordà, Girona",
199000,1.0,2.0,1,84657740,149,70,Roses,"Alt Empordà, Girona",
210000,2.0,3.0,1,84657745,100,90,Roses,"Alt Empordà, Girona",
190000,2.0,4.0,1,84657748,99,,Roses,"Alt Empordà, Girona",
106500,1.0,0.0,10,81941352,37,,Roses,"Alt Empordà, Girona",1988
105000,1.0,1.0,1,82883046,40,36,Roses,"Alt Empordà, Girona",
195000,1.0,2.0,1,40566403,60,51,Roses,"Alt Empordà, Girona",
120000,1.0,2.0,1,26049181,60,,Roses,"Alt Empordà, Girona",
685000,2.0,3.0,0,26152022,500,,Roses,"Alt Empordà, Girona",
137000,1.0,2.0,1,35936956,70,,Roses,"Alt Empordà, Girona",
147000,2.0,2.0,1,37712277,65,,Roses,"Alt Empordà, Girona",
149000,2.0,3.0,0,40183196,223,,Roses,"Alt Empordà, Girona",
150000,1.0,2.0,1,40324388,56,,Roses,"Alt Empordà, Girona",
170000,1.0,2.0,1,40373569,52,47,Roses,"Alt Empordà, Girona",
365000,2.0,4.0,9,31884897,200,200,Roses,"Alt Empordà, Girona",
154500,1.0,2.0,1,81366125,50,,Roses,"Alt Empordà, Girona",1972
120000,1.0,1.0,1,81366398,56,,Roses,"Alt Empordà, Girona",1981
189000,1.0,2.0,1,40533929,70,58,Roses,"Alt Empordà, Girona",1978
128000,1.0,1.0,9,81196297,55,,Roses,"Alt Empordà, Girona",
99000,1.0,2.0,1,81940361,48,41,Roses,"Alt Empordà, Girona",
199000,1.0,2.0,9,81941658,71,,Roses,"Alt Empordà, Girona",
319000,2.0,3.0,11,82080115,70,100,Roses,"Alt Empordà, Girona",
116000,2.0,2.0,1,82240156,51,,Roses,"Alt Empordà, Girona",
175000,2.0,3.0,1,82240150,96,,Roses,"Alt Empordà, Girona",
144000,1.0,1.0,1,82240145,44,,Roses,"Alt Empordà, Girona",
159000,1.0,2.0,1,82240159,55,,Roses,"Alt Empordà, Girona",
169000,1.0,2.0,1,81821008,50,,Roses,"Alt Empordà, Girona",
139000,1.0,2.0,1,82754151,60,50,Roses,"Alt Empordà, Girona",
120000,1.0,2.0,1,82791307,67,,Roses,"Alt Empordà, Girona",
99000,1.0,1.0,1,82821532,40,35,Roses,"Alt Empordà, Girona",1975
160000,1.0,2.0,11,82882914,76,,Roses,"Alt Empordà, Girona",1986
209000,2.0,3.0,4,82883426,120,,Roses,"Alt Empordà, Girona",
250000,1.0,3.0,11,83078495,75,,Roses,"Alt Empordà, Girona",1981
127000,1.0,1.0,1,83197762,54,,Roses,"Alt Empordà, Girona",2008
144000,1.0,2.0,4,83391111,63,,Roses,"Alt Empordà, Girona",2005
185000,2.0,4.0,1,83580840,138,,Roses,"Alt Empordà, Girona",
189000,1.0,2.0,1,83855660,67,53,Roses,"Alt Empordà, Girona",
497500,1.0,3.0,0,83888870,320,,Roses,"Alt Empordà, Girona",
135000,1.0,2.0,1,83891446,56,,Roses,"Alt Empordà, Girona",2001
130000,1.0,1.0,1,83941266,58,41,Roses,"Alt Empordà, Girona",
295000,1.0,2.0,3,84079446,70,,Roses,"Alt Empordà, Girona",
125000,1.0,2.0,1,84191440,52,,Roses,"Alt Empordà, Girona",
178000,1.0,2.0,2,84232919,61,51,Roses,"Alt Empordà, Girona",2007
169000,1.0,1.0,1,81779022,59,49,Roses,"Alt Empordà, Girona",
127000,1.0,1.0,1,81818978,52,43,Roses,"Alt Empordà, Girona",1970
52000,1.0,0.0,10,84576335,35,30,Roses,"Alt Empordà, Girona",
65000,1.0,1.0,1,83311975,57,,Roses,"Alt Empordà, Girona",1975
600000,3.0,4.0,4,83893334,232,,Roses,"Alt Empordà, Girona",1975
139000,1.0,2.0,1,84918639,63,51,Roses,"Alt Empordà, Girona",
159000,1.0,2.0,1,84926271,65,55,Roses,"Alt Empordà, Girona",2010
122000,1.0,1.0,1,1865151,48,,Roses,"Alt Empordà, Girona",
108000,1.0,1.0,1,40004416,48,,Roses,"Alt Empordà, Girona",
420000,3.0,4.0,3,82962485,280,,Roses,"Alt Empordà, Girona",
98000,1.0,1.0,1,83430622,55,50,Roses,"Alt Empordà, Girona",
85000,1.0,1.0,1,84297979,48,,Roses,"Alt Empordà, Girona",
190000,1.0,3.0,1,338235,80,,Roses,"Alt Empordà, Girona",
135000,1.0,3.0,1,1821974,83,,Roses,"Alt Empordà, Girona",
106000,1.0,0.0,10,363258,40,,Roses,"Alt Empordà, Girona",
135000,1.0,2.0,1,32865698,65,64,Roses,"Alt Empordà, Girona",
280000,2.0,3.0,9,33158374,205,157,Roses,"Alt Empordà, Girona",2000
390000,2.0,3.0,1,81680662,100,,Roses,"Alt Empordà, Girona",
59000,1.0,0.0,10,82016311,39,32,Roses,"Alt Empordà, Girona",1980
93000,1.0,1.0,1,83571526,36,,Roses,"Alt Empordà, Girona",
165000,1.0,2.0,9,34307307,120,80,Roses,"Alt Empordà, Girona",
441000,3.0,3.0,0,26073081,260,,Roses,"Alt Empordà, Girona",
175000,2.0,3.0,1,26602932,110,,Roses,"Alt Empordà, Girona",
472500,3.0,5.0,0,27460682,650,,Roses,"Alt Empordà, Girona",
425000,1.0,2.0,0,26146504,642,,Roses,"Alt Empordà, Girona",
170000,1.0,2.0,1,26049189,71,,Roses,"Alt Empordà, Girona",
100000,1.0,0.0,10,26058344,32,,Roses,"Alt Empordà, Girona",
219000,1.0,2.0,1,26049180,61,,Roses,"Alt Empordà, Girona",
147000,1.0,3.0,1,26049176,120,,Roses,"Alt Empordà, Girona",
195000,1.0,3.0,1,26049172,100,,Roses,"Alt Empordà, Girona",
232000,1.0,3.0,1,26049169,80,,Roses,"Alt Empordà, Girona",
210000,2.0,3.0,1,26049166,98,,Roses,"Alt Empordà, Girona",
190000,2.0,3.0,1,26049165,82,,Roses,"Alt Empordà, Girona",
390000,2.0,3.0,0,26135911,550,,Roses,"Alt Empordà, Girona",
500000,4.0,5.0,0,26135910,500,,Roses,"Alt Empordà, Girona",
730000,3.0,3.0,0,26152021,481,,Roses,"Alt Empordà, Girona",
284000,3.0,5.0,1,26049170,148,,Roses,"Alt Empordà, Girona",
180000,2.0,2.0,1,32311188,80,,Roses,"Alt Empordà, Girona",
275000,2.0,2.0,3,33752430,114,,Roses,"Alt Empordà, Girona",1998
120000,2.0,2.0,2,34929224,64,54,Roses,"Alt Empordà, Girona",
400000,3.0,4.0,13,35037905,50,,Roses,"Alt Empordà, Girona",
110000,1.0,2.0,1,35037906,50,,Roses,"Alt Empordà, Girona",
135000,1.0,0.0,10,25394905,80,70,Roses,"Alt Empordà, Girona",
198000,1.0,2.0,1,35977077,68,,Roses,"Alt Empordà, Girona",
320000,3.0,5.0,9,36995201,236,,Roses,"Alt Empordà, Girona",
210000,1.0,1.0,1,39039017,52,,Roses,"Alt Empordà, Girona",
189000,1.0,3.0,1,37950614,100,96,Roses,"Alt Empordà, Girona",1984
145000,2.0,3.0,1,39920864,74,,Roses,"Alt Empordà, Girona",
75000,1.0,0.0,10,39994758,22,,Roses,"Alt Empordà, Girona",
135000,1.0,3.0,1,39749463,67,,Roses,"Alt Empordà, Girona",
153000,1.0,2.0,1,37124994,67,,Roses,"Alt Empordà, Girona",
65000,1.0,0.0,10,40238758,30,,Roses,"Alt Empordà, Girona",
74500,1.0,0.0,10,40243110,30,,Roses,"Alt Empordà, Girona",
109000,1.0,1.0,1,40253201,40,,Roses,"Alt Empordà, Girona",
199000,1.0,2.0,1,40255652,49,,Roses,"Alt Empordà, Girona",
215000,1.0,2.0,1,40256346,53,,Roses,"Alt Empordà, Girona",
115000,1.0,1.0,1,40261123,45,,Roses,"Alt Empordà, Girona",
212500,2.0,3.0,3,40266530,206,,Roses,"Alt Empordà, Girona",
119000,1.0,3.0,1,40273325,66,,Roses,"Alt Empordà, Girona",
189000,1.0,2.0,3,40277063,66,,Roses,"Alt Empordà, Girona",
185000,1.0,3.0,1,40293622,75,,Roses,"Alt Empordà, Girona",
180000,1.0,2.0,1,40294573,56,,Roses,"Alt Empordà, Girona",
173000,1.0,2.0,1,40294897,74,,Roses,"Alt Empordà, Girona",
125000,1.0,1.0,1,40313444,53,,Roses,"Alt Empordà, Girona",
159500,2.0,2.0,1,40314360,65,,Roses,"Alt Empordà, Girona",
139000,1.0,2.0,1,40316410,45,,Roses,"Alt Empordà, Girona",
140000,2.0,4.0,9,40324470,85,,Roses,"Alt Empordà, Girona",
150000,2.0,4.0,1,40324924,90,,Roses,"Alt Empordà, Girona",
130000,1.0,1.0,1,40334476,51,,Roses,"Alt Empordà, Girona",
139000,2.0,2.0,1,40337447,93,,Roses,"Alt Empordà, Girona",
139000,2.0,2.0,9,40338535,75,,Roses,"Alt Empordà, Girona",
255000,2.0,3.0,3,40349633,160,,Roses,"Alt Empordà, Girona",
295000,2.0,5.0,3,40354555,110,,Roses,"Alt Empordà, Girona",
299000,3.0,3.0,9,40355528,80,,Roses,"Alt Empordà, Girona",
1800000,5.0,5.0,3,40372785,1180,,Roses,"Alt Empordà, Girona",
149000,1.0,2.0,1,82633088,64,,Roses,"Alt Empordà, Girona",
189000,1.0,1.0,1,83025988,40,,Roses,"Alt Empordà, Girona",
150000,1.0,1.0,1,83623903,39,,Roses,"Alt Empordà, Girona",
105000,1.0,3.0,1,39650668,120,100,Roses,"Alt Empordà, Girona",
83000,1.0,1.0,1,36818665,50,43,Roses,"Alt Empordà, Girona",
1325000,4.0,4.0,3,40004867,840,440,Roses,"Alt Empordà, Girona",
1750000,7.0,7.0,3,40004986,1040,720,Roses,"Alt Empordà, Girona",
138000,2.0,4.0,1,84690791,92,80,Roses,"Alt Empordà, Girona",
135000,1.0,2.0,1,84749217,51,,Roses,"Alt Empordà, Girona",
65000,1.0,0.0,10,84825643,20,,Roses,"Alt Empordà, Girona",1971
269000,2.0,3.0,11,84853521,166,90,Roses,"Alt Empordà, Girona",
129000,1.0,2.0,1,84854030,69,65,Roses,"Alt Empordà, Girona",
244000,1.0,2.0,1,81348374,765,62,Roses,"Alt Empordà, Girona",2002
159000,1.0,2.0,1,81220376,65,50,Roses,"Alt Empordà, Girona",
126000,1.0,1.0,1,39626704,63,53,Roses,"Alt Empordà, Girona",
139500,1.0,3.0,1,39762982,81,,Roses,"Alt Empordà, Girona",
169000,2.0,3.0,1,39763000,90,,Roses,"Alt Empordà, Girona",
92000,1.0,1.0,1,39763006,55,,Roses,"Alt Empordà, Girona",
88000,1.0,1.0,1,39762974,52,,Roses,"Alt Empordà, Girona",
79500,1.0,0.0,10,82641058,22,,Roses,"Alt Empordà, Girona",
199000,1.0,2.0,1,82840287,67,,Roses,"Alt Empordà, Girona",
235000,1.0,2.0,1,83941627,60,,Roses,"Alt Empordà, Girona",
490000,2.0,2.0,1,84657664,1985,78,Roses,"Alt Empordà, Girona",
155000,2.0,2.0,1,84724073,88,75,Roses,"Alt Empordà, Girona",
68000,1.0,0.0,10,38089021,35,31,Roses,"Alt Empordà, Girona",1968
175000,1.0,3.0,1,82349386,103,91,Roses,"Alt Empordà, Girona",
50000,1.0,0.0,10,38089013,29,26,Roses,"Alt Empordà, Girona",1968
99900,1.0,1.0,1,39820700,55,45,Roses,"Alt Empordà, Girona",
530000,2.0,4.0,3,35715628,615,,Roses,"Alt Empordà, Girona",
53000,1.0,0.0,10,38089015,35,31,Roses,"Alt Empordà, Girona",1968
160000,1.0,2.0,1,38630675,77,67,Roses,"Alt Empordà, Girona",
130000,1.0,1.0,1,38630674,54,48,Roses,"Alt Empordà, Girona",
125000,1.0,2.0,1,81839631,86,75,Roses,"Alt Empordà, Girona",
231900,2.0,4.0,1,38089060,120,100,Roses,"Alt Empordà, Girona",1984
99500,1.0,0.0,10,39827311,52,46,Roses,"Alt Empordà, Girona",
140000,1.0,0.0,10,81220159,120,80,Roses,"Alt Empordà, Girona",
269000,3.0,0.0,10,82627067,130,123,Roses,"Alt Empordà, Girona",2004
85000,1.0,0.0,10,82531130,57,35,Roses,"Alt Empordà, Girona",
850000,2.0,3.0,2,83590353,160,70,Roses,"Alt Empordà, Girona",2008
190000,1.0,2.0,1,84797654,62,49,Roses,"Alt Empordà, Girona",
228000,2.0,0.0,10,84801880,100,90,Roses,"Alt Empordà, Girona",
230000,1.0,3.0,0,84927882,90,,Roses,"Alt Empordà, Girona",
120000,2.0,2.0,2,26972059,64,57,Roses,"Alt Empordà, Girona",
65000,1.0,0.0,10,29353868,40,,Roses,"Alt Empordà, Girona",
175000,2.0,4.0,1,29412219,110,,Roses,"Alt Empordà, Girona",
125000,1.0,1.0,1,30681125,58,53,Roses,"Alt Empordà, Girona",
199000,2.0,2.0,9,32186053,20,82,Roses,"Alt Empordà, Girona",
335000,1.0,2.0,1,33280601,57,,Roses,"Alt Empordà, Girona",1966
230000,1.0,2.0,3,33284181,382,82,Roses,"Alt Empordà, Girona",
70000,1.0,1.0,1,37921813,37,35,Roses,"Alt Empordà, Girona",
135000,1.0,1.0,1,38425212,45,32,Roses,"Alt Empordà, Girona",
185000,2.0,4.0,1,38880258,145,,Roses,"Alt Empordà, Girona",
160000,2.0,3.0,1,38519628,87,,Roses,"Alt Empordà, Girona",
129000,1.0,3.0,1,39275900,75,,Roses,"Alt Empordà, Girona",
190000,2.0,3.0,9,39985132,300,70,Roses,"Alt Empordà, Girona",
170000,2.0,2.0,11,40167141,153,70,Roses,"Alt Empordà, Girona",
119000,1.0,2.0,1,82201379,69,,Roses,"Alt Empordà, Girona",
230000,1.0,2.0,1,82485867,60,,Roses,"Alt Empordà, Girona",
420000,4.0,4.0,9,82609912,386,,Roses,"Alt Empordà, Girona",
430000,4.0,3.0,3,83408875,537,,Roses,"Alt Empordà, Girona",
102063,1.0,1.0,1,83430732,50,,Roses,"Alt Empordà, Girona",
95000,1.0,1.0,1,39928590,70,68,Roses,"Alt Empordà, Girona",
150000,1.0,2.0,1,39703143,67,55,Roses,"Alt Empordà, Girona",2009
195000,1.0,3.0,1,84072128,91,71,Roses,"Alt Empordà, Girona",
180000,1.0,3.0,1,40071427,80,78,Roses,"Alt Empordà, Girona",2000
200000,2.0,3.0,1,82292255,92,87,Roses,"Alt Empordà, Girona",2000
950000,3.0,3.0,0,38519715,481,,Roses,"Alt Empordà, Girona",
240000,2.0,4.0,1,38519683,113,,Roses,"Alt Empordà, Girona",
91000,1.0,2.0,1,38519673,56,,Roses,"Alt Empordà, Girona",
152250,1.0,3.0,1,38519639,60,,Roses,"Alt Empordà, Girona",
91000,1.0,2.0,1,38519573,34,,Roses,"Alt Empordà, Girona",
96000,1.0,2.0,1,38519455,35,,Roses,"Alt Empordà, Girona",
147000,1.0,2.0,1,38519396,50,,Roses,"Alt Empordà, Girona",
185000,2.0,2.0,0,38519368,80,,Roses,"Alt Empordà, Girona",
131250,1.0,1.0,1,38519329,55,,Roses,"Alt Empordà, Girona",
120000,1.0,2.0,1,38518916,50,,Roses,"Alt Empordà, Girona",
137000,2.0,2.0,1,38518933,48,,Roses,"Alt Empordà, Girona",
142000,2.0,2.0,1,38518935,62,,Roses,"Alt Empordà, Girona",
80000,1.0,2.0,1,38788048,40,,Roses,"Alt Empordà, Girona",
99000,1.0,2.0,1,82256283,64,,Roses,"Alt Empordà, Girona",
210000,1.0,2.0,1,81895952,116,84,Roses,"Alt Empordà, Girona",2007
749000,2.0,4.0,0,84657713,550,320,Roses,"Alt Empordà, Girona",
145000,1.0,2.0,1,84753796,55,,Roses,"Alt Empordà, Girona",
210000,1.0,2.0,1,84770501,65,,Roses,"Alt Empordà, Girona",
116000,1.0,1.0,1,39762975,46,,Roses,"Alt Empordà, Girona",
119000,1.0,2.0,1,39762976,68,,Roses,"Alt Empordà, Girona",
97000,1.0,2.0,1,39762979,50,,Roses,"Alt Empordà, Girona",
239000,2.0,2.0,1,39762994,120,,Roses,"Alt Empordà, Girona",
139000,1.0,2.0,1,39762996,72,,Roses,"Alt Empordà, Girona",
165000,2.0,3.0,1,39762997,80,,Roses,"Alt Empordà, Girona",
170000,1.0,2.0,0,39763002,82,,Roses,"Alt Empordà, Girona",
175000,2.0,3.0,1,39763003,125,,Roses,"Alt Empordà, Girona",
240000,1.0,3.0,0,39763597,430,,Roses,"Alt Empordà, Girona",
193500,2.0,3.0,1,39763018,103,,Roses,"Alt Empordà, Girona",2008
580000,4.0,6.0,0,39763592,625,,Roses,"Alt Empordà, Girona",
242000,2.0,2.0,1,40232735,78,,Roses,"Alt Empordà, Girona",
133000,1.0,2.0,1,40345484,72,,Roses,"Alt Empordà, Girona",
203000,1.0,2.0,1,39763008,80,,Roses,"Alt Empordà, Girona",
123000,1.0,2.0,1,83849184,70,,Roses,"Alt Empordà, Girona",
105000,1.0,1.0,1,84646989,43,36,Roses,"Alt Empordà, Girona",
52000,1.0,0.0,10,84646979,35,27,Roses,"Alt Empordà, Girona",
202000,2.0,3.0,1,84646941,100,,Roses,"Alt Empordà, Girona",1978
425000,2.0,4.0,9,84767416,200,,Roses,"Alt Empordà, Girona",
190000,2.0,3.0,1,39613366,98,,Roses,"Alt Empordà, Girona",2009
75000,1.0,0.0,10,84837593,39,35,Roses,"Alt Empordà, Girona",
88500,1.0,0.0,10,82001147,45,35,Roses,"Alt Empordà, Girona",1951
305000,2.0,3.0,1,34613055,97,78,Roses,"Alt Empordà, Girona",
195000,1.0,2.0,9,35541880,60,50,Roses,"Alt Empordà, Girona",
120000,1.0,2.0,1,35715552,61,50,Roses,"Alt Empordà, Girona",
195000,1.0,2.0,1,35717332,60,55,Roses,"Alt Empordà, Girona",
170000,2.0,3.0,1,36683921,88,70,Roses,"Alt Empordà, Girona",
139000,1.0,2.0,1,37087240,45,,Roses,"Alt Empordà, Girona",
170000,1.0,3.0,1,38770502,66,,Roses,"Alt Empordà, Girona",
925000,3.0,6.0,3,40059577,1160,,Roses,"Alt Empordà, Girona",2001
170000,1.0,2.0,2,82518950,72,64,Roses,"Alt Empordà, Girona",
76600,1.0,1.0,1,83554558,40,,Roses,"Alt Empordà, Girona",
166500,1.0,2.0,1,39568869,56,,Roses,"Alt Empordà, Girona",
72000,1.0,0.0,10,38548635,35,,Roses,"Alt Empordà, Girona",
299000,2.0,2.0,1,39097612,65,55,Roses,"Alt Empordà, Girona",
85000,1.0,1.0,1,39113905,56,50,Roses,"Alt Empordà, Girona",
150000,1.0,2.0,1,39909467,75,70,Roses,"Alt Empordà, Girona",
152000,2.0,3.0,1,81432775,79,69,Roses,"Alt Empordà, Girona",
115000,1.0,0.0,10,81526207,33,24,Roses,"Alt Empordà, Girona",1970
130000,1.0,2.0,1,81895909,81,,Roses,"Alt Empordà, Girona",1998
145000,2.0,3.0,1,81895944,82,74,Roses,"Alt Empordà, Girona",
228000,2.0,3.0,1,81987459,100,95,Roses,"Alt Empordà, Girona",
145000,1.0,2.0,1,82193704,46,44,Roses,"Alt Empordà, Girona",1980
189000,1.0,2.0,1,82089658,60,52,Roses,"Alt Empordà, Girona",1978
110000,1.0,1.0,1,82540254,60,57,Roses,"Alt Empordà, Girona",1972
95000,1.0,1.0,1,82540602,60,57,Roses,"Alt Empordà, Girona",1962
139000,1.0,2.0,1,82615787,54,44,Roses,"Alt Empordà, Girona",
231000,2.0,3.0,1,82615804,170,100,Roses,"Alt Empordà, Girona",
131000,1.0,1.0,1,82240126,51,,Roses,"Alt Empordà, Girona",
99000,1.0,1.0,1,82813095,45,35,Roses,"Alt Empordà, Girona",
180000,2.0,2.0,1,82813110,79,60,Roses,"Alt Empordà, Girona",
209000,1.0,2.0,1,82813114,74,63,Roses,"Alt Empordà, Girona",
159000,1.0,2.0,1,82813116,59,57,Roses,"Alt Empordà, Girona",
130000,1.0,1.0,1,82813118,57,51,Roses,"Alt Empordà, Girona",
198000,2.0,3.0,1,82813119,105,,Roses,"Alt Empordà, Girona",
99000,1.0,1.0,1,82813121,50,40,Roses,"Alt Empordà, Girona",
2100000,3.0,5.0,0,82813138,1180,449,Roses,"Alt Empordà, Girona",
140000,3.0,4.0,0,82813141,85,,Roses,"Alt Empordà, Girona",
189000,2.0,2.0,1,82917808,70,69,Roses,"Alt Empordà, Girona",1989
85000,1.0,1.0,1,82930288,30,29,Roses,"Alt Empordà, Girona",
119000,2.0,3.0,1,83385386,85,,Roses,"Alt Empordà, Girona",
695000,3.0,4.0,0,82615811,524,323,Roses,"Alt Empordà, Girona",
90000,1.0,2.0,1,83782971,75,70,Roses,"Alt Empordà, Girona",
225000,2.0,2.0,1,83825801,70,,Roses,"Alt Empordà, Girona",
65000,1.0,0.0,10,84040916,35,30,Roses,"Alt Empordà, Girona",1980
150000,1.0,2.0,2,84052500,59,56,Roses,"Alt Empordà, Girona",
185000,1.0,3.0,1,84055416,90,75,Roses,"Alt Empordà, Girona",
99000,1.0,1.0,1,84099122,45,35,Roses,"Alt Empordà, Girona",
173000,2.0,3.0,2,84103473,110,104,Roses,"Alt Empordà, Girona",
73000,1.0,0.0,10,84121524,48,41,Roses,"Alt Empordà, Girona",
149000,1.0,2.0,1,84122462,65,51,Roses,"Alt Empordà, Girona",
103000,1.0,0.0,10,84130736,43,37,Roses,"Alt Empordà, Girona",
387000,2.0,3.0,11,84139310,434,,Roses,"Alt Empordà, Girona",
108000,1.0,1.0,1,84143121,51,40,Roses,"Alt Empordà, Girona",
299000,3.0,3.0,9,84144934,12,80,Roses,"Alt Empordà, Girona",
96000,1.0,1.0,1,84161790,47,38,Roses,"Alt Empordà, Girona",
245000,1.0,2.0,1,84176810,87,62,Roses,"Alt Empordà, Girona",
170000,1.0,2.0,1,84177922,73,56,Roses,"Alt Empordà, Girona",
770000,3.0,5.0,3,84192239,800,225,Roses,"Alt Empordà, Girona",
430000,2.0,2.0,3,84208560,625,,Roses,"Alt Empordà, Girona",
180000,1.0,2.0,1,84231169,72,56,Roses,"Alt Empordà, Girona",
85000,1.0,1.0,1,84312139,36,7,Roses,"Alt Empordà, Girona",
169000,1.0,2.0,1,84313644,61,57,Roses,"Alt Empordà, Girona",
390000,2.0,4.0,3,84323563,436,,Roses,"Alt Empordà, Girona",
159000,1.0,2.0,1,84348442,59,57,Roses,"Alt Empordà, Girona",
139000,2.0,2.0,9,84358545,75,,Roses,"Alt Empordà, Girona",
295000,2.0,3.0,1,84391413,99,85,Roses,"Alt Empordà, Girona",
312000,2.0,2.0,1,84592828,78,63,Roses,"Alt Empordà, Girona",
124900,1.0,2.0,0,84597023,80,,Roses,"Alt Empordà, Girona",
168000,1.0,2.0,1,84618338,65,,Roses,"Alt Empordà, Girona",
145000,1.0,3.0,1,84657708,75,,Roses,"Alt Empordà, Girona",
286000,2.0,4.0,1,81895888,172,150,Roses,"Alt Empordà, Girona",
148000,1.0,2.0,1,84657728,63,55,Roses,"Alt Empordà, Girona",
235000,1.0,3.0,0,84657733,260,,Roses,"Alt Empordà, Girona",
340000,3.0,5.0,0,84657734,236,,Roses,"Alt Empordà, Girona",1992
205000,1.0,1.0,1,84927937,55,,Roses,"Alt Empordà, Girona",2009
550000,2.0,3.0,1,33573596,104,90,Roses,"Alt Empordà, Girona",2013
257250,1.0,2.0,1,38519747,67,,Roses,"Alt Empordà, Girona",
298700,1.0,3.0,1,38519734,58,,Roses,"Alt Empordà, Girona",
258000,1.0,2.0,0,38519701,200,,Roses,"Alt Empordà, Girona",
141750,1.0,2.0,1,38519679,50,,Roses,"Alt Empordà, Girona",
135000,2.0,2.0,1,38519626,60,,Roses,"Alt Empordà, Girona",
357000,2.0,3.0,0,38519655,120,,Roses,"Alt Empordà, Girona",
199000,1.0,2.0,1,38519614,80,,Roses,"Alt Empordà, Girona",
180200,1.0,2.0,1,38519592,62,,Roses,"Alt Empordà, Girona",
147500,1.0,2.0,0,38519428,145,,Roses,"Alt Empordà, Girona",
131000,1.0,2.0,1,38519440,50,,Roses,"Alt Empordà, Girona",
240000,2.0,5.0,4,38519361,150,,Roses,"Alt Empordà, Girona",
147000,2.0,2.0,1,38519407,56,,Roses,"Alt Empordà, Girona",
149100,1.0,1.0,0,38519410,55,,Roses,"Alt Empordà, Girona",
130000,2.0,3.0,0,38519345,70,,Roses,"Alt Empordà, Girona",
346500,2.0,3.0,1,38519369,100,,Roses,"Alt Empordà, Girona",
179000,1.0,1.0,1,38519322,70,,Roses,"Alt Empordà, Girona",
1260000,2.0,5.0,0,38519323,842,,Roses,"Alt Empordà, Girona",
148000,1.0,2.0,1,38519316,50,,Roses,"Alt Empordà, Girona",
357000,1.0,3.0,1,38519328,120,,Roses,"Alt Empordà, Girona",
294000,1.0,3.0,1,38519339,70,,Roses,"Alt Empordà, Girona",
148000,1.0,2.0,1,38519286,50,,Roses,"Alt Empordà, Girona",
440000,2.0,2.0,4,38519296,80,,Roses,"Alt Empordà, Girona",
115800,1.0,1.0,1,38519293,45,,Roses,"Alt Empordà, Girona",
134000,2.0,2.0,1,38518927,60,,Roses,"Alt Empordà, Girona",
196193,2.0,4.0,1,82639156,145,117,Roses,"Alt Empordà, Girona",1989
58000,1.0,1.0,1,84641141,20,,Roses,"Alt Empordà, Girona",1982
75000,1.0,0.0,10,33373038,30,,Roses,"Alt Empordà, Girona",
110000,1.0,1.0,1,38357459,59,,Roses,"Alt Empordà, Girona",
497500,2.0,3.0,0,37712275,140,,Roses,"Alt Empordà, Girona",
195000,2.0,2.0,3,39794725,245,,Roses,"Alt Empordà, Girona",
485000,3.0,4.0,0,40137597,403,102,Roses,"Alt Empordà, Girona",1983
125000,1.0,1.0,1,81749869,54,40,Roses,"Alt Empordà, Girona",
99000,1.0,1.0,1,81772850,35,,Roses,"Alt Empordà, Girona",
349000,1.0,1.0,11,81787844,100,55,Roses,"Alt Empordà, Girona",
390000,2.0,4.0,0,81808573,436,,Roses,"Alt Empordà, Girona",
275000,2.0,3.0,0,81808851,246,,Roses,"Alt Empordà, Girona",
106500,1.0,2.0,1,81808931,37,,Roses,"Alt Empordà, Girona",
139000,1.0,1.0,1,82470621,54,,Roses,"Alt Empordà, Girona",
220000,1.0,2.0,1,82240139,65,,Roses,"Alt Empordà, Girona",
295000,2.0,3.0,0,82240119,300,,Roses,"Alt Empordà, Girona",
99000,1.0,1.0,1,82715156,27,,Roses,"Alt Empordà, Girona",
165000,1.0,2.0,1,82742173,68,,Roses,"Alt Empordà, Girona",
335000,1.0,2.0,1,82813077,66,48,Roses,"Alt Empordà, Girona",
303000,1.0,2.0,1,83039601,60,,Roses,"Alt Empordà, Girona",2017
2500000,4.0,5.0,3,83408470,800,330,Roses,"Alt Empordà, Girona",2014
475000,2.0,3.0,3,83411793,400,120,Roses,"Alt Empordà, Girona",
217000,1.0,3.0,1,83271038,90,75,Roses,"Alt Empordà, Girona",1978
145000,1.0,1.0,1,83942822,49,,Roses,"Alt Empordà, Girona",
105000,1.0,1.0,2,84102190,34,,Roses,"Alt Empordà, Girona",1982
489000,2.0,3.0,3,84231384,800,160,Roses,"Alt Empordà, Girona",
310000,4.0,3.0,0,81869314,209,,Roses,"Alt Empordà, Girona",
149000,1.0,1.0,1,81655661,56,44,Roses,"Alt Empordà, Girona",
145000,1.0,2.0,1,84738434,45,,Roses,"Alt Empordà, Girona",
135000,1.0,2.0,1,38630679,77,67,Roses,"Alt Empordà, Girona",
259000,2.0,3.0,9,81534874,49,66,Roses,"Alt Empordà, Girona",
227000,1.0,2.0,1,84926279,91,75,Roses,"Alt Empordà, Girona",
102000,1.0,1.0,1,84927887,43,,Roses,"Alt Empordà, Girona",1988
295000,2.0,3.0,2,27695087,95,83,Roses,"Alt Empordà, Girona",
105000,1.0,1.0,1,29228950,60,45,Roses,"Alt Empordà, Girona",
126000,1.0,1.0,1,34137932,55,53,Roses,"Alt Empordà, Girona",
151500,1.0,2.0,1,33143650,97,,Roses,"Alt Empordà, Girona",
85000,1.0,1.0,1,36788401,43,40,Roses,"Alt Empordà, Girona",
185000,1.0,2.0,0,35246278,45,51,Roses,"Alt Empordà, Girona",1983
208000,2.0,3.0,1,35246280,80,78,Roses,"Alt Empordà, Girona",
155000,1.0,2.0,1,35476082,53,45,Roses,"Alt Empordà, Girona",
399000,1.0,2.0,1,34247578,60,,Roses,"Alt Empordà, Girona",1982
120000,1.0,1.0,1,39754156,46,40,Roses,"Alt Empordà, Girona",
148000,2.0,2.0,1,37666744,73,64,Roses,"Alt Empordà, Girona",
110000,1.0,1.0,1,81739799,48,40,Roses,"Alt Empordà, Girona",
108000,1.0,1.0,1,81808398,40,,Roses,"Alt Empordà, Girona",
160000,2.0,2.0,1,81808956,58,,Roses,"Alt Empordà, Girona",
99500,1.0,2.0,1,81921182,46,41,Roses,"Alt Empordà, Girona",
158000,2.0,3.0,1,82263391,95,85,Roses,"Alt Empordà, Girona",1982
154000,1.0,2.0,1,82417756,85,50,Roses,"Alt Empordà, Girona",1999
78000,1.0,0.0,10,82778073,34,32,Roses,"Alt Empordà, Girona",
60000,1.0,2.0,1,82846209,29,24,Roses,"Alt Empordà, Girona",1968
200000,2.0,3.0,1,83012723,94,,Roses,"Alt Empordà, Girona",
155000,1.0,1.0,1,83423319,48,40,Roses,"Alt Empordà, Girona",
109000,1.0,3.0,1,83492030,79,,Roses,"Alt Empordà, Girona",
169000,1.0,3.0,1,83541195,100,,Roses,"Alt Empordà, Girona",
128000,1.0,1.0,1,82345554,45,44,Roses,"Alt Empordà, Girona",
160000,1.0,2.0,1,83760848,61,53,Roses,"Alt Empordà, Girona",
135000,1.0,3.0,1,81488865,98,69,Roses,"Alt Empordà, Girona",1964
260000,2.0,2.0,1,29447263,71,65,Roses,"Alt Empordà, Girona",
114000,1.0,1.0,1,84074190,57,50,Roses,"Alt Empordà, Girona",
156000,1.0,2.0,1,84126713,68,53,Roses,"Alt Empordà, Girona",
119000,1.0,2.0,1,84198901,55,,Roses,"Alt Empordà, Girona",
183000,2.0,3.0,1,84310872,85,71,Roses,"Alt Empordà, Girona",2006
100000,1.0,1.0,1,27695028,28,,Roses,"Alt Empordà, Girona",
395000,2.0,3.0,0,84596053,480,136,Roses,"Alt Empordà, Girona",
630000,3.0,4.0,0,82016316,835,,Roses,"Alt Empordà, Girona",
523900,4.0,5.0,0,84674978,560,300,Roses,"Alt Empordà, Girona",2006
135000,1.0,2.0,1,31202971,57,,Roses,"Alt Empordà, Girona",
136500,1.0,1.0,9,30660665,85,55,Roses,"Alt Empordà, Girona",
75000,1.0,1.0,1,30660702,32,,Roses,"Alt Empordà, Girona",
295000,2.0,3.0,0,34267905,80,,Roses,"Alt Empordà, Girona",
259000,2.0,4.0,0,34267904,193,,Roses,"Alt Empordà, Girona",
195000,1.0,2.0,0,36749589,52,,Roses,"Alt Empordà, Girona",
159500,1.0,2.0,1,36818567,65,,Roses,"Alt Empordà, Girona",
64500,1.0,2.0,1,38111399,26,,Roses,"Alt Empordà, Girona",
173000,1.0,2.0,1,37263897,50,,Roses,"Alt Empordà, Girona",
173000,2.0,2.0,1,34267918,59,,Roses,"Alt Empordà, Girona",
225000,2.0,2.0,1,81168059,74,69,Roses,"Alt Empordà, Girona",
279000,3.0,3.0,1,81354794,149,125,Roses,"Alt Empordà, Girona",
108000,1.0,1.0,1,81768985,46,40,Roses,"Alt Empordà, Girona",
254000,1.0,2.0,1,82079649,96,56,Roses,"Alt Empordà, Girona",2019
139000,1.0,2.0,1,82144537,55,45,Roses,"Alt Empordà, Girona",
138000,1.0,3.0,1,83400486,90,,Roses,"Alt Empordà, Girona",
460000,3.0,4.0,0,83623877,130,,Roses,"Alt Empordà, Girona",
157000,1.0,2.0,1,83623898,65,,Roses,"Alt Empordà, Girona",
124000,1.0,3.0,1,83623899,65,,Roses,"Alt Empordà, Girona",
305000,1.0,2.0,1,83623902,69,,Roses,"Alt Empordà, Girona",
116000,1.0,1.0,1,83623905,45,,Roses,"Alt Empordà, Girona",
155000,1.0,2.0,1,83623906,60,,Roses,"Alt Empordà, Girona",
215000,1.0,3.0,1,83623907,85,,Roses,"Alt Empordà, Girona",
237000,2.0,3.0,1,83623908,88,,Roses,"Alt Empordà, Girona",
137000,1.0,2.0,1,83623920,46,,Roses,"Alt Empordà, Girona",
210000,2.0,3.0,1,84277379,110,,Roses,"Alt Empordà, Girona",
162000,1.0,2.0,1,84277316,87,56,Roses,"Alt Empordà, Girona",1973
523900,4.0,5.0,3,84715890,298,,Roses,"Alt Empordà, Girona",
384800,2.0,4.0,3,84715912,184,,Roses,"Alt Empordà, Girona",
143300,2.0,3.0,1,84825265,93,83,Roses,"Alt Empordà, Girona",
199500,1.0,2.0,0,35376227,67,51,Roses,"Alt Empordà, Girona",
850000,2.0,2.0,0,37445174,241,,Roses,"Alt Empordà, Girona",
227000,1.0,2.0,1,38129430,71,56,Roses,"Alt Empordà, Girona",1986
285000,2.0,4.0,0,38120246,90,,Roses,"Alt Empordà, Girona",
87000,1.0,1.0,1,39600226,40,,Roses,"Alt Empordà, Girona",
120000,1.0,1.0,1,39805564,37,,Roses,"Alt Empordà, Girona",
118000,1.0,2.0,1,39505879,67,,Roses,"Alt Empordà, Girona",
165000,2.0,2.0,11,40325039,199,,Roses,"Alt Empordà, Girona",1982
239000,1.0,2.0,1,81215216,73,,Roses,"Alt Empordà, Girona",
435000,1.0,3.0,0,81215213,97,,Roses,"Alt Empordà, Girona",
249000,1.0,2.0,1,81215212,86,,Roses,"Alt Empordà, Girona",
95000,1.0,1.0,1,81751980,36,27,Roses,"Alt Empordà, Girona",
320000,2.0,4.0,3,81935474,341,,Roses,"Alt Empordà, Girona",2009
695000,4.0,4.0,11,40511782,850,156,Roses,"Alt Empordà, Girona",
125000,1.0,2.0,1,81989614,53,,Roses,"Alt Empordà, Girona",
175000,2.0,3.0,1,81857283,96,,Roses,"Alt Empordà, Girona",
89000,1.0,1.0,1,82095630,57,46,Roses,"Alt Empordà, Girona",
210000,1.0,2.0,0,81325738,92,,Roses,"Alt Empordà, Girona",
266000,2.0,2.0,1,82656123,89,,Roses,"Alt Empordà, Girona",1986
190000,2.0,3.0,3,82980047,109,,Roses,"Alt Empordà, Girona",
199000,1.0,1.0,1,82780208,60,,Roses,"Alt Empordà, Girona",
175000,1.0,2.0,1,83941265,75,61,Roses,"Alt Empordà, Girona",
83000,1.0,1.0,1,84102788,38,,Roses,"Alt Empordà, Girona",1987
145000,1.0,3.0,1,84209974,80,,Roses,"Alt Empordà, Girona",
455000,3.0,3.0,0,84356376,537,170,Roses,"Alt Empordà, Girona",
180000,1.0,1.0,1,84417302,45,40,Roses,"Alt Empordà, Girona",
295000,2.0,5.0,3,39509374,110,,Roses,"Alt Empordà, Girona",
195000,1.0,2.0,0,84519460,81,60,Roses,"Alt Empordà, Girona",
185000,1.0,2.0,1,84558207,56,49,Roses,"Alt Empordà, Girona",
170000,1.0,2.0,1,84642130,60,,Roses,"Alt Empordà, Girona",2002
81800,1.0,1.0,1,39625824,55,45,Roses,"Alt Empordà, Girona",
1800000,5.0,5.0,3,84724784,1180,,Roses,"Alt Empordà, Girona",
750000,2.0,3.0,3,84725628,480,,Roses,"Alt Empordà, Girona",
224000,1.0,2.0,3,84739690,400,,Roses,"Alt Empordà, Girona",
159000,1.0,2.0,1,84739926,72,52,Roses,"Alt Empordà, Girona",
220000,2.0,3.0,1,84761081,105,90,Roses,"Alt Empordà, Girona",
150000,1.0,2.0,1,84794792,63,53,Roses,"Alt Empordà, Girona",
91500,1.0,2.0,1,84796790,57,52,Roses,"Alt Empordà, Girona",
65000,1.0,0.0,10,84800794,24,23,Roses,"Alt Empordà, Girona",
324000,2.0,3.0,9,84801012,540,120,Roses,"Alt Empordà, Girona",
185000,1.0,1.0,1,84817438,64,45,Roses,"Alt Empordà, Girona",
349000,2.0,3.0,0,81895880,495,,Roses,"Alt Empordà, Girona",
159500,1.0,2.0,1,84846007,80,65,Roses,"Alt Empordà, Girona",
102000,1.0,1.0,1,84846565,49,43,Roses,"Alt Empordà, Girona",
159000,1.0,2.0,1,84848135,60,55,Roses,"Alt Empordà, Girona",
160000,2.0,2.0,1,84851824,68,58,Roses,"Alt Empordà, Girona",
121900,1.0,1.0,1,84851777,52,40,Roses,"Alt Empordà, Girona",
99000,1.0,2.0,1,84852711,61,54,Roses,"Alt Empordà, Girona",
106500,1.0,0.0,10,84859468,37,,Roses,"Alt Empordà, Girona",
144000,1.0,1.0,1,84861435,56,44,Roses,"Alt Empordà, Girona",
150000,1.0,2.0,1,84861650,75,50,Roses,"Alt Empordà, Girona",
89000,1.0,1.0,1,84862479,41,33,Roses,"Alt Empordà, Girona",
96500,1.0,1.0,1,84862539,50,4,Roses,"Alt Empordà, Girona",
550000,1.0,2.0,3,84886833,427,80,Roses,"Alt Empordà, Girona",
369000,2.0,3.0,0,84909746,190,120,Roses,"Alt Empordà, Girona",
188000,1.0,2.0,1,84910055,61,50,Roses,"Alt Empordà, Girona",
89000,1.0,2.0,1,84939429,65,60,Roses,"Alt Empordà, Girona",
390000,3.0,4.0,0,27460681,220,,Roses,"Alt Empordà, Girona",
500000,2.0,3.0,3,29958063,150,,Roses,"Alt Empordà, Girona",
350000,2.0,2.0,1,31886218,65,,Roses,"Alt Empordà, Girona",
189000,1.0,2.0,0,33293961,85,75,Roses,"Alt Empordà, Girona",1984
280000,1.0,4.0,11,33373040,120,,Roses,"Alt Empordà, Girona",
190000,1.0,3.0,3,31953019,85,,Roses,"Alt Empordà, Girona",
238000,2.0,4.0,11,32590398,128,,Roses,"Alt Empordà, Girona",
159000,1.0,2.0,1,33919091,69,57,Roses,"Alt Empordà, Girona",2006
295000,2.0,3.0,0,35037911,192,,Roses,"Alt Empordà, Girona",
525000,3.0,5.0,0,35037926,371,,Roses,"Alt Empordà, Girona",
750000,3.0,4.0,0,35037940,480,,Roses,"Alt Empordà, Girona",
390000,2.0,3.0,0,35071092,650,,Roses,"Alt Empordà, Girona",
195000,1.0,2.0,0,35135397,54,,Roses,"Alt Empordà, Girona",1983
385000,2.0,4.0,0,30660688,200,,Roses,"Alt Empordà, Girona",
90000,1.0,1.0,1,33919113,40,,Roses,"Alt Empordà, Girona",
159000,1.0,2.0,1,37614004,57,,Roses,"Alt Empordà, Girona",
390000,3.0,7.0,13,37124996,117,,Roses,"Alt Empordà, Girona",
110000,1.0,1.0,1,38115358,35,,Roses,"Alt Empordà, Girona",
151500,1.0,2.0,1,38362460,98,87,Roses,"Alt Empordà, Girona",2005
101500,1.0,2.0,1,38375091,70,,Roses,"Alt Empordà, Girona",2006
157000,1.0,2.0,1,38917010,65,,Roses,"Alt Empordà, Girona",
130000,1.0,1.0,1,38924622,53,44,Roses,"Alt Empordà, Girona",1988
135000,1.0,2.0,1,39306638,60,,Roses,"Alt Empordà, Girona",
325000,2.0,4.0,0,39501726,436,,Roses,"Alt Empordà, Girona",
225000,1.0,4.0,0,39762943,180,,Roses,"Alt Empordà, Girona",
199000,1.0,2.0,1,39868540,49,,Roses,"Alt Empordà, Girona",
95000,1.0,1.0,1,39917492,38,,Roses,"Alt Empordà, Girona",1979
99000,1.0,2.0,1,39920260,63,,Roses,"Alt Empordà, Girona",
212500,1.0,3.0,9,39983684,206,,Roses,"Alt Empordà, Girona",1965
110000,1.0,1.0,1,40049534,49,,Roses,"Alt Empordà, Girona",1981
79000,1.0,0.0,10,40104849,37,30,Roses,"Alt Empordà, Girona",
475000,2.0,4.0,5,40183209,190,,Roses,"Alt Empordà, Girona",
345000,2.0,4.0,0,37124989,500,,Roses,"Alt Empordà, Girona",
110000,1.0,1.0,1,40266148,45,,Roses,"Alt Empordà, Girona",
325000,3.0,3.0,1,40213408,120,,Roses,"Alt Empordà, Girona",
74500,1.0,0.0,10,40366781,40,31,Roses,"Alt Empordà, Girona",1988
96500,1.0,1.0,1,40418976,40,,Roses,"Alt Empordà, Girona",
165000,1.0,2.0,1,40460057,51,,Roses,"Alt Empordà, Girona",
209000,1.0,2.0,1,40479201,63,56,Roses,"Alt Empordà, Girona",
790000,2.0,3.0,0,40270923,754,231,Roses,"Alt Empordà, Girona",
144000,1.0,1.0,1,40500502,44,,Roses,"Alt Empordà, Girona",
550000,1.0,2.0,3,40534715,427,,Roses,"Alt Empordà, Girona",
135000,2.0,0.0,10,40535718,56,,Roses,"Alt Empordà, Girona",
157000,1.0,2.0,1,40548655,65,,Roses,"Alt Empordà, Girona",
320000,1.0,2.0,1,40460055,56,,Roses,"Alt Empordà, Girona",
312000,2.0,3.0,1,40460053,63,,Roses,"Alt Empordà, Girona",
106500,1.0,0.0,10,81238038,37,,Roses,"Alt Empordà, Girona",
227000,1.0,2.0,1,81257855,55,,Roses,"Alt Empordà, Girona",1986
299000,3.0,3.0,3,81288640,80,,Roses,"Alt Empordà, Girona",
205000,2.0,2.0,1,81325327,71,,Roses,"Alt Empordà, Girona",
170000,2.0,2.0,1,81540890,58,,Roses,"Alt Empordà, Girona",
116000,2.0,2.0,1,81552401,51,,Roses,"Alt Empordà, Girona",
340000,1.0,4.0,0,81484650,287,95,Roses,"Alt Empordà, Girona",
180000,2.0,2.0,1,81772860,60,,Roses,"Alt Empordà, Girona",
209000,1.0,2.0,1,81772867,63,,Roses,"Alt Empordà, Girona",
159000,1.0,2.0,1,81772872,57,,Roses,"Alt Empordà, Girona",
130000,1.0,1.0,1,81772876,51,,Roses,"Alt Empordà, Girona",
144000,1.0,1.0,1,81772888,44,,Roses,"Alt Empordà, Girona",
140000,2.0,4.0,0,81772896,85,,Roses,"Alt Empordà, Girona",
159000,1.0,2.0,1,81772897,55,,Roses,"Alt Empordà, Girona",
125000,1.0,2.0,1,81772900,52,,Roses,"Alt Empordà, Girona",
165000,1.0,2.0,1,81772901,50,,Roses,"Alt Empordà, Girona",
147000,2.0,2.0,1,81778560,100,70,Roses,"Alt Empordà, Girona",
198000,2.0,3.0,1,81808269,105,,Roses,"Alt Empordà, Girona",
132000,1.0,2.0,0,81808312,70,,Roses,"Alt Empordà, Girona",
750000,2.0,4.0,0,81808320,480,,Roses,"Alt Empordà, Girona",
890000,3.0,3.0,0,81808325,860,,Roses,"Alt Empordà, Girona",
185000,1.0,3.0,1,81808331,75,,Roses,"Alt Empordà, Girona",
170000,1.0,2.0,1,81808366,60,,Roses,"Alt Empordà, Girona",
79900,1.0,1.0,1,81808368,60,,Roses,"Alt Empordà, Girona",
199000,1.0,2.0,1,81808372,49,,Roses,"Alt Empordà, Girona",
235000,1.0,2.0,0,81808373,416,,Roses,"Alt Empordà, Girona",
170000,2.0,2.0,1,81808377,53,,Roses,"Alt Empordà, Girona",
149000,1.0,2.0,1,81808381,51,,Roses,"Alt Empordà, Girona",
139000,1.0,2.0,0,81808394,75,,Roses,"Alt Empordà, Girona",
299000,2.0,3.0,0,81808414,80,,Roses,"Alt Empordà, Girona",
144000,1.0,3.0,1,81808417,61,,Roses,"Alt Empordà, Girona",
335000,1.0,2.0,1,81808424,56,,Roses,"Alt Empordà, Girona",
155000,2.0,2.0,1,81808426,62,,Roses,"Alt Empordà, Girona",
199000,1.0,3.0,1,81808463,72,,Roses,"Alt Empordà, Girona",
129000,1.0,1.0,1,81808473,41,,Roses,"Alt Empordà, Girona",
220000,1.0,2.0,1,81808475,70,,Roses,"Alt Empordà, Girona",
180000,1.0,2.0,1,81808479,56,,Roses,"Alt Empordà, Girona",
181000,2.0,3.0,1,81808480,94,,Roses,"Alt Empordà, Girona",
115000,1.0,1.0,1,81808483,45,,Roses,"Alt Empordà, Girona",
255000,1.0,3.0,0,81808488,160,,Roses,"Alt Empordà, Girona",
165000,1.0,2.0,1,81808510,68,,Roses,"Alt Empordà, Girona",
180000,1.0,3.0,1,81808523,88,,Roses,"Alt Empordà, Girona",
74500,1.0,2.0,1,81808538,30,,Roses,"Alt Empordà, Girona",
238000,2.0,3.0,0,81808546,123,,Roses,"Alt Empordà, Girona",
85000,1.0,1.0,1,81808561,36,,Roses,"Alt Empordà, Girona",
139000,1.0,2.0,1,81808563,45,,Roses,"Alt Empordà, Girona",
119000,1.0,1.0,1,81808585,27,,Roses,"Alt Empordà, Girona",
340000,2.0,3.0,0,81808589,245,,Roses,"Alt Empordà, Girona",
150000,1.0,4.0,1,81808599,90,,Roses,"Alt Empordà, Girona",
112000,1.0,1.0,1,81808636,34,,Roses,"Alt Empordà, Girona",
178000,1.0,2.0,1,81808730,56,,Roses,"Alt Empordà, Girona",
147000,2.0,2.0,1,81808733,100,,Roses,"Alt Empordà, Girona",
157000,1.0,2.0,1,81808721,65,,Roses,"Alt Empordà, Girona",
109500,1.0,1.0,1,81808750,40,,Roses,"Alt Empordà, Girona",
253000,3.0,3.0,0,81808793,439,,Roses,"Alt Empordà, Girona",
175000,1.0,3.0,1,81808805,94,,Roses,"Alt Empordà, Girona",
210000,1.0,3.0,1,81808819,65,,Roses,"Alt Empordà, Girona",
295000,1.0,2.0,0,81808833,176,,Roses,"Alt Empordà, Girona",
95000,1.0,1.0,1,81808846,38,,Roses,"Alt Empordà, Girona",
199000,2.0,2.0,1,81808857,71,,Roses,"Alt Empordà, Girona",
212500,1.0,3.0,0,81808858,206,,Roses,"Alt Empordà, Girona",
110000,1.0,1.0,1,81808860,49,,Roses,"Alt Empordà, Girona",
550000,1.0,2.0,0,81808877,427,,Roses,"Alt Empordà, Girona",
135000,2.0,2.0,1,81808879,56,,Roses,"Alt Empordà, Girona",
96500,1.0,1.0,1,81808891,40,,Roses,"Alt Empordà, Girona",
89000,1.0,1.0,1,81808893,33,,Roses,"Alt Empordà, Girona",
150000,1.0,2.0,1,81808914,50,,Roses,"Alt Empordà, Girona",
131000,1.0,1.0,1,81619823,51,,Roses,"Alt Empordà, Girona",
159000,1.0,2.0,1,81619822,55,,Roses,"Alt Empordà, Girona",
168000,1.0,2.0,1,81809030,47,,Roses,"Alt Empordà, Girona",
125000,1.0,0.0,10,81960640,52,,Roses,"Alt Empordà, Girona",
92500,1.0,0.0,10,81960641,38,,Roses,"Alt Empordà, Girona",
100000,1.0,1.0,1,81973417,31,,Roses,"Alt Empordà, Girona",
150000,1.0,1.0,1,82097847,40,,Roses,"Alt Empordà, Girona",
144000,1.0,1.0,1,82531306,62,54,Roses,"Alt Empordà, Girona",2007
89000,1.0,1.0,1,82641057,40,,Roses,"Alt Empordà, Girona",
488000,1.0,2.0,1,82496683,159,78,Roses,"Alt Empordà, Girona",
225000,2.0,3.0,4,82633084,120,,Roses,"Alt Empordà, Girona",
84000,1.0,0.0,10,82879045,36,30,Roses,"Alt Empordà, Girona",
185000,1.0,1.0,1,83012695,45,,Roses,"Alt Empordà, Girona",
175000,2.0,2.0,1,83203300,61,,Roses,"Alt Empordà, Girona",
220000,1.0,2.0,1,83200785,81,67,Roses,"Alt Empordà, Girona",
250000,2.0,3.0,3,83200786,75,71,Roses,"Alt Empordà, Girona",
170000,1.0,2.0,1,83289256,64,,Roses,"Alt Empordà, Girona",
85000,1.0,1.0,1,83289267,42,,Roses,"Alt Empordà, Girona",
102000,1.0,1.0,1,83289274,32,,Roses,"Alt Empordà, Girona",
96000,1.0,3.0,1,83289289,73,,Roses,"Alt Empordà, Girona",
142000,1.0,2.0,1,83289294,64,,Roses,"Alt Empordà, Girona",
250000,1.0,3.0,0,83289304,460,,Roses,"Alt Empordà, Girona",
250000,1.0,3.0,0,83289306,75,,Roses,"Alt Empordà, Girona",
181000,2.0,3.0,1,83278079,115,94,Roses,"Alt Empordà, Girona",
130000,1.0,1.0,1,83387682,41,,Roses,"Alt Empordà, Girona",
130000,1.0,1.0,1,83488843,41,,Roses,"Alt Empordà, Girona",
250000,1.0,3.0,3,83561713,460,,Roses,"Alt Empordà, Girona",1972
109000,1.0,3.0,1,83585445,79,,Roses,"Alt Empordà, Girona",
118000,1.0,1.0,1,35656802,65,40,Roses,"Alt Empordà, Girona",
198000,1.0,2.0,1,83866290,55,,Roses,"Alt Empordà, Girona",
91000,1.0,1.0,1,84094155,40,33,Roses,"Alt Empordà, Girona",
125000,1.0,2.0,1,84191437,52,,Roses,"Alt Empordà, Girona",
149900,1.0,2.0,1,84191464,49,,Roses,"Alt Empordà, Girona",2003
79500,1.0,0.0,10,84356388,22,,Roses,"Alt Empordà, Girona",
185000,1.0,2.0,1,84391390,79,59,Roses,"Alt Empordà, Girona",2008
170000,2.0,2.0,1,84559523,73,53,Roses,"Alt Empordà, Girona",2006
224000,1.0,2.0,3,84614879,400,,Roses,"Alt Empordà, Girona",1984
179500,1.0,2.0,1,84648005,63,54,Roses,"Alt Empordà, Girona",2006
159000,1.0,2.0,1,84657659,52,,Roses,"Alt Empordà, Girona",
170000,1.0,2.0,1,84673818,64,,Roses,"Alt Empordà, Girona",1982
92000,1.0,1.0,1,84723454,33,,Roses,"Alt Empordà, Girona",
330000,2.0,3.0,1,84724416,70,,Roses,"Alt Empordà, Girona",
70000,1.0,0.0,10,84818112,30,,Roses,"Alt Empordà, Girona",
148000,2.0,2.0,1,84833354,60,,Roses,"Alt Empordà, Girona",
150000,1.0,2.0,1,84850631,55,,Roses,"Alt Empordà, Girona",
200000,1.0,3.0,1,84927896,100,,Roses,"Alt Empordà, Girona",
89000,1.0,1.0,1,84927924,39,,Roses,"Alt Empordà, Girona",1988
127000,1.0,1.0,1,84927912,74,,Roses,"Alt Empordà, Girona",
138000,1.0,4.0,1,84927922,74,,Roses,"Alt Empordà, Girona",
104000,1.0,1.0,1,84927917,36,,Roses,"Alt Empordà, Girona",2004
215000,1.0,2.0,0,84927892,80,,Roses,"Alt Empordà, Girona",1985
138000,1.0,3.0,1,84927914,71,,Roses,"Alt Empordà, Girona",
138000,1.0,1.0,1,84927898,45,,Roses,"Alt Empordà, Girona",
310000,1.0,3.0,0,84927927,153,,Roses,"Alt Empordà, Girona",1999
144000,1.0,1.0,1,84927873,46,,Roses,"Alt Empordà, Girona",2007
249000,1.0,2.0,1,84927876,76,,Roses,"Alt Empordà, Girona",
265000,1.0,3.0,1,84927862,124,,Roses,"Alt Empordà, Girona",1988
187000,1.0,3.0,1,84927824,66,,Roses,"Alt Empordà, Girona",1970
160000,1.0,3.0,1,84927851,74,,Roses,"Alt Empordà, Girona",
186000,1.0,4.0,1,84927838,129,,Roses,"Alt Empordà, Girona",1988
148000,1.0,2.0,1,84927835,60,,Roses,"Alt Empordà, Girona",
169000,1.0,2.0,1,84927848,61,,Roses,"Alt Empordà, Girona",1990
253000,1.0,2.0,1,84927780,63,,Roses,"Alt Empordà, Girona",
139000,1.0,2.0,1,84927783,52,,Roses,"Alt Empordà, Girona",2007
195000,1.0,3.0,1,84927787,86,,Roses,"Alt Empordà, Girona",
137000,1.0,1.0,1,84927799,62,,Roses,"Alt Empordà, Girona",
75000,1.0,1.0,1,84927812,30,,Roses,"Alt Empordà, Girona",
180000,2.0,2.0,1,84927762,70,,Roses,"Alt Empordà, Girona",2003
155000,2.0,2.0,1,84927744,75,,Roses,"Alt Empordà, Girona",
168000,1.0,2.0,1,84927766,47,,Roses,"Alt Empordà, Girona",
85000,1.0,1.0,1,84927748,58,,Roses,"Alt Empordà, Girona",1968
75000,1.0,1.0,1,84927749,32,,Roses,"Alt Empordà, Girona",
120000,1.0,2.0,1,84927754,48,,Roses,"Alt Empordà, Girona",1975
66294,1.0,2.0,1,83065792,61,,Roses,"Alt Empordà, Girona",
181000,2.0,3.0,1,84642143,94,,Roses,"Alt Empordà, Girona",
98000,1.0,0.0,10,84758817,35,30,Roses,"Alt Empordà, Girona",1968
123000,1.0,2.0,1,84795226,91,69,Roses,"Alt Empordà, Girona",
79000,1.0,0.0,10,84905894,50,42,Roses,"Alt Empordà, Girona",2000
429000,2.0,3.0,3,37966354,410,,Roses,"Alt Empordà, Girona",
275000,2.0,3.0,3,40352359,246,,Roses,"Alt Empordà, Girona",
222000,2.0,2.0,1,81520714,70,,Roses,"Alt Empordà, Girona",
195000,1.0,2.0,1,81401141,79,,Roses,"Alt Empordà, Girona",
119000,1.0,2.0,1,82511102,47,,Roses,"Alt Empordà, Girona",
75000,1.0,0.0,10,29229103,24,,Roses,"Alt Empordà, Girona",
155000,1.0,3.0,1,84715770,86,72,Roses,"Alt Empordà, Girona",
189000,2.0,3.0,1,82392882,97,87,Roses,"Alt Empordà, Girona",
109000,1.0,2.0,1,84724399,40,,Roses,"Alt Empordà, Girona",
127600,1.0,1.0,1,84744304,42,34,Roses,"Alt Empordà, Girona",1971
275000,2.0,3.0,3,37028207,390,83,Roses,"Alt Empordà, Girona",1980
420000,2.0,4.0,0,38453154,245,222,Roses,"Alt Empordà, Girona",1997
135000,1.0,1.0,1,38630684,61,51,Roses,"Alt Empordà, Girona",
620000,2.0,4.0,0,81858316,300,155,Roses,"Alt Empordà, Girona",2017
330000,2.0,0.0,10,83574519,108,93,Roses,"Alt Empordà, Girona",
640000,4.0,3.0,3,84797970,1276,372,Roses,"Alt Empordà, Girona",
59000,1.0,0.0,10,84798358,36,30,Roses,"Alt Empordà, Girona",
119900,1.0,2.0,1,84801179,45,40,Roses,"Alt Empordà, Girona",
126000,1.0,1.0,1,84801260,46,41,Roses,"Alt Empordà, Girona",
112000,1.0,1.0,1,84837724,48,43,Roses,"Alt Empordà, Girona",
125000,2.0,2.0,1,85010077,78,64,Roses,"Alt Empordà, Girona",1980
89000,1.0,3.0,1,40228057,63,,Roses,"Alt Empordà, Girona",
76600,1.0,1.0,1,81907826,50,,Roses,"Alt Empordà, Girona",
119000,1.0,2.0,1,83475874,66,63,Roses,"Alt Empordà, Girona",
169500,1.0,2.0,1,83726696,70,64,Roses,"Alt Empordà, Girona",
155000,1.0,2.0,1,83800017,88,,Roses,"Alt Empordà, Girona",2007
180000,1.0,2.0,9,83962496,110,90,Roses,"Alt Empordà, Girona",
155000,1.0,3.0,1,84500849,77,,Roses,"Alt Empordà, Girona",
230000,2.0,3.0,1,84774145,80,75,Roses,"Alt Empordà, Girona",2004
185000,1.0,2.0,1,84774147,80,,Roses,"Alt Empordà, Girona",2009
210000,1.0,2.0,0,84820220,85,,Roses,"Alt Empordà, Girona",
157000,1.0,3.0,1,84842773,90,,Roses,"Alt Empordà, Girona",1986
156000,1.0,3.0,1,84948423,75,,Roses,"Alt Empordà, Girona",
600000,5.0,5.0,3,34245462,1034,240,Roses,"Alt Empordà, Girona",1977
59752,1.0,1.0,1,36591252,70,,Roses,"Alt Empordà, Girona",
170000,2.0,2.0,1,84666526,53,,Roses,"Alt Empordà, Girona",2005
297000,2.0,2.0,3,84646934,99,,Roses,"Alt Empordà, Girona",
259000,3.0,4.0,11,31605103,143,125,Roses,"Alt Empordà, Girona",2002
170000,2.0,3.0,1,38722757,100,97,Roses,"Alt Empordà, Girona",2000
89000,1.0,1.0,1,40044193,58,47,Roses,"Alt Empordà, Girona",1968
90000,1.0,1.0,1,84789039,34,,Roses,"Alt Empordà, Girona",1988
290000,1.0,3.0,2,37955042,90,83,Roses,"Alt Empordà, Girona",
162000,1.0,2.0,1,81555360,65,64,Roses,"Alt Empordà, Girona",
830000,3.0,3.0,3,82165025,650,205,Roses,"Alt Empordà, Girona",
296000,1.0,2.0,0,84627659,343,,Roses,"Alt Empordà, Girona",
85000,1.0,1.0,1,84724081,48,41,Roses,"Alt Empordà, Girona",
73000,1.0,0.0,10,84724090,35,30,Roses,"Alt Empordà, Girona",1968
230000,2.0,3.0,1,84724096,132,110,Roses,"Alt Empordà, Girona",
241000,2.0,3.0,1,84724102,104,94,Roses,"Alt Empordà, Girona",
168000,1.0,2.0,1,84724133,64,54,Roses,"Alt Empordà, Girona",
138000,2.0,4.0,1,84732295,98,88,Roses,"Alt Empordà, Girona",
165000,1.0,2.0,1,84732297,87,57,Roses,"Alt Empordà, Girona",
146000,1.0,3.0,1,84749377,98,92,Roses,"Alt Empordà, Girona",
157500,1.0,4.0,1,84749347,89,74,Roses,"Alt Empordà, Girona",
215000,1.0,3.0,1,84732300,77,70,Roses,"Alt Empordà, Girona",
1570000,3.0,4.0,11,35167500,3400,,Roses,"Alt Empordà, Girona",
545000,2.0,3.0,11,35170227,258,200,Roses,"Alt Empordà, Girona",2012
315000,1.0,2.0,9,35171250,225,85,Roses,"Alt Empordà, Girona",1992
245000,2.0,3.0,0,84758818,300,96,Roses,"Alt Empordà, Girona",
399000,1.0,3.0,11,38531297,80,,Roses,"Alt Empordà, Girona",
218000,1.0,3.0,9,38485788,200,120,Roses,"Alt Empordà, Girona",
280000,2.0,3.0,9,38673734,101,,Roses,"Alt Empordà, Girona",1990
460000,2.0,3.0,3,35093413,300,140,Roses,"Alt Empordà, Girona",2016
398000,2.0,3.0,3,39994538,960,140,Roses,"Alt Empordà, Girona",
1325000,5.0,4.0,3,40403316,348,,Roses,"Alt Empordà, Girona",
157000,2.0,0.0,10,81333864,53,49,Roses,"Alt Empordà, Girona",
1075000,2.0,4.0,3,81429583,1381,120,Roses,"Alt Empordà, Girona",1984
235000,2.0,3.0,3,81889891,474,94,Roses,"Alt Empordà, Girona",1986
185000,1.0,2.0,4,82044044,70,60,Roses,"Alt Empordà, Girona",
335000,1.0,2.0,2,82326365,90,80,Roses,"Alt Empordà, Girona",1980
290000,1.0,0.0,10,83573003,89,60,Roses,"Alt Empordà, Girona",2005
195000,1.0,3.0,2,84774293,96,73,Roses,"Alt Empordà, Girona",
549000,1.0,0.0,10,84774666,130,63,Roses,"Alt Empordà, Girona",
280000,2.0,3.0,9,84801503,89,78,Roses,"Alt Empordà, Girona",
235000,1.0,0.0,10,84814711,83,70,Roses,"Alt Empordà, Girona",
324000,2.0,3.0,0,84877865,420,,Roses,"Alt Empordà, Girona",
150000,1.0,2.0,1,84895600,70,,Roses,"Alt Empordà, Girona",
312000,2.0,2.0,1,81772887,63,,Roses,"Alt Empordà, Girona",
120000,1.0,1.0,1,84931983,47,,Roses,"Alt Empordà, Girona",
230000,2.0,3.0,0,84937042,150,84,Roses,"Alt Empordà, Girona",
155000,1.0,3.0,1,84937044,77,72,Roses,"Alt Empordà, Girona",
188000,1.0,2.0,1,84953979,50,,Roses,"Alt Empordà, Girona",1971
890000,3.0,3.0,3,84953982,860,150,Roses,"Alt Empordà, Girona",1990
220000,1.0,2.0,1,84963155,70,67,Roses,"Alt Empordà, Girona",2017
87500,1.0,0.0,10,84972865,35,,Roses,"Alt Empordà, Girona",
145000,1.0,1.0,1,28556888,58,53,Roses,"Alt Empordà, Girona",
195000,1.0,1.0,1,39294696,72,,Roses,"Alt Empordà, Girona",
152000,2.0,2.0,1,338583,71,,Roses,"Alt Empordà, Girona",
93000,1.0,1.0,1,39763007,50,,Roses,"Alt Empordà, Girona",
75000,1.0,1.0,1,39995473,32,,Roses,"Alt Empordà, Girona",
170000,2.0,2.0,1,39995569,53,,Roses,"Alt Empordà, Girona",
138000,1.0,2.0,1,39763610,60,,Roses,"Alt Empordà, Girona",
280000,2.0,4.0,0,39763594,360,,Roses,"Alt Empordà, Girona",
120000,1.0,1.0,1,40206087,52,,Roses,"Alt Empordà, Girona",
390000,3.0,4.0,11,37895872,159,,Roses,"Alt Empordà, Girona",
85000,1.0,1.0,1,40243850,36,,Roses,"Alt Empordà, Girona",
165000,2.0,2.0,1,40294960,68,,Roses,"Alt Empordà, Girona",
66294,1.0,2.0,1,38612822,61,,Roses,"Alt Empordà, Girona",
950000,8.0,8.0,3,81770194,700,350,Roses,"Alt Empordà, Girona",
240000,1.0,3.0,3,34955846,418,100,Roses,"Alt Empordà, Girona",
158000,1.0,2.0,1,82634008,61,51,Roses,"Alt Empordà, Girona",
96000,1.0,2.0,1,82720487,42,,Roses,"Alt Empordà, Girona",
230000,2.0,3.0,1,82817102,90,,Roses,"Alt Empordà, Girona",
139000,1.0,2.0,1,2031228,56,50,Roses,"Alt Empordà, Girona",
127600,1.0,1.0,1,84308720,34,,Roses,"Alt Empordà, Girona",
105000,1.0,1.0,1,84723193,48,,Roses,"Alt Empordà, Girona",
329000,2.0,3.0,9,84759189,103,,Roses,"Alt Empordà, Girona",
474000,3.0,3.0,2,84767620,175,,Roses,"Alt Empordà, Girona",
91000,1.0,1.0,1,82941575,42,33,Roses,"Alt Empordà, Girona",1984
370000,2.0,4.0,9,32205106,317,100,Roses,"Alt Empordà, Girona",
165000,2.0,2.0,1,37021398,68,,Roses,"Alt Empordà, Girona",
137000,1.0,3.0,1,39390557,85,70,Roses,"Alt Empordà, Girona",
375000,2.0,3.0,3,39795341,500,120,Roses,"Alt Empordà, Girona",
144000,1.0,1.0,1,40555361,44,,Roses,"Alt Empordà, Girona",
116000,2.0,2.0,1,82196015,64,,Roses,"Alt Empordà, Girona",
225000,2.0,2.0,1,82232053,64,60,Roses,"Alt Empordà, Girona",1970
275000,2.0,3.0,1,82295522,151,106,Roses,"Alt Empordà, Girona",
330000,2.0,3.0,0,82943618,129,,Roses,"Alt Empordà, Girona",
122000,1.0,2.0,0,83428365,56,,Roses,"Alt Empordà, Girona",
69000,1.0,0.0,10,84040150,32,,Roses,"Alt Empordà, Girona",
128000,1.0,2.0,1,84203537,67,,Roses,"Alt Empordà, Girona",
220000,1.0,2.0,4,84893535,60,,Roses,"Alt Empordà, Girona",
345000,2.0,2.0,1,84920928,83,,Roses,"Alt Empordà, Girona",
179500,1.0,2.0,1,84582429,70,60,Roses,"Alt Empordà, Girona",2009
90100,1.0,1.0,1,38362462,53,,Roses,"Alt Empordà, Girona",2007
80000,1.0,1.0,1,38429562,25,,Roses,"Alt Empordà, Girona",
165000,2.0,2.0,1,81143332,68,58,Roses,"Alt Empordà, Girona",
265000,2.0,3.0,4,81192806,124,,Roses,"Alt Empordà, Girona",
265000,2.0,3.0,1,81808564,124,,Roses,"Alt Empordà, Girona",
80000,1.0,1.0,1,81808674,25,,Roses,"Alt Empordà, Girona",
449000,2.0,5.0,0,81895886,610,,Roses,"Alt Empordà, Girona",
150000,1.0,2.0,1,81895933,74,68,Roses,"Alt Empordà, Girona",
284000,3.0,3.0,1,81895959,166,153,Roses,"Alt Empordà, Girona",
159500,1.0,2.0,1,81809054,65,,Roses,"Alt Empordà, Girona",
137000,1.0,2.0,1,81987442,49,46,Roses,"Alt Empordà, Girona",
549000,3.0,4.0,0,81987396,230,180,Roses,"Alt Empordà, Girona",
510000,3.0,3.0,0,82615771,400,,Roses,"Alt Empordà, Girona",
89000,1.0,1.0,1,82813086,39,30,Roses,"Alt Empordà, Girona",
295000,2.0,5.0,0,82813132,300,110,Roses,"Alt Empordà, Girona",
189000,1.0,2.0,0,82813146,85,66,Roses,"Alt Empordà, Girona",
545000,4.0,5.0,0,82813148,201,,Roses,"Alt Empordà, Girona",
525000,2.0,3.0,0,82813154,510,143,Roses,"Alt Empordà, Girona",
295000,1.0,2.0,3,82863844,298,,Roses,"Alt Empordà, Girona",
99000,1.0,1.0,1,83288448,64,,Roses,"Alt Empordà, Girona",
295000,1.0,2.0,0,83289293,298,,Roses,"Alt Empordà, Girona",
220000,2.0,3.0,1,83628894,105,,Roses,"Alt Empordà, Girona",
189000,1.0,1.0,1,83882626,55,45,Roses,"Alt Empordà, Girona",
173000,1.0,2.0,1,84143395,80,74,Roses,"Alt Empordà, Girona",
189000,1.0,2.0,11,84191663,85,66,Roses,"Alt Empordà, Girona",
139000,2.0,2.0,1,84208815,93,,Roses,"Alt Empordà, Girona",
209000,1.0,2.0,1,84251632,74,63,Roses,"Alt Empordà, Girona",
110000,1.0,1.0,1,84381148,54,45,Roses,"Alt Empordà, Girona",
130000,1.0,1.0,1,84421845,57,51,Roses,"Alt Empordà, Girona",
380000,3.0,3.0,0,32435332,436,90,Roses,"Alt Empordà, Girona",
175000,2.0,3.0,1,84499017,100,94,Roses,"Alt Empordà, Girona",
190000,2.0,2.0,1,84500021,123,98,Roses,"Alt Empordà, Girona",
245000,1.0,3.0,0,84624012,418,120,Roses,"Alt Empordà, Girona",1985
609000,4.0,6.0,0,81987456,620,240,Roses,"Alt Empordà, Girona",
310000,4.0,6.0,0,84657716,280,180,Roses,"Alt Empordà, Girona",
241000,2.0,3.0,1,84657724,91,85,Roses,"Alt Empordà, Girona",
122000,1.0,0.0,10,84877538,80,60,Roses,"Alt Empordà, Girona",1978
143300,2.0,3.0,1,84827342,93,,Roses,"Alt Empordà, Girona",
126000,1.0,1.0,1,85037004,53,,Roses,"Alt Empordà, Girona",
160000,1.0,2.0,1,85037008,60,,Roses,"Alt Empordà, Girona",
195000,1.0,2.0,9,35707464,64,54,Roses,"Alt Empordà, Girona",
160000,1.0,2.0,1,2087946,60,,Roses,"Alt Empordà, Girona",
2100000,3.0,5.0,0,38519351,750,,Roses,"Alt Empordà, Girona",
2100000,4.0,3.0,0,38519354,1200,,Roses,"Alt Empordà, Girona",
252000,2.0,4.0,1,38519353,214,,Roses,"Alt Empordà, Girona",
298000,2.0,3.0,0,39762945,183,,Roses,"Alt Empordà, Girona",
164000,2.0,3.0,1,39762998,108,,Roses,"Alt Empordà, Girona",
159000,1.0,3.0,1,40418397,172,,Roses,"Alt Empordà, Girona",
130000,1.0,3.0,1,40486312,60,,Roses,"Alt Empordà, Girona",
330000,2.0,2.0,1,81184843,68,,Roses,"Alt Empordà, Girona",
395000,3.0,5.0,0,39762962,240,,Roses,"Alt Empordà, Girona",2006
219000,1.0,2.0,1,39762966,72,,Roses,"Alt Empordà, Girona",
237000,1.0,2.0,1,39762985,89,,Roses,"Alt Empordà, Girona",
96300,1.0,2.0,1,82537929,58,,Roses,"Alt Empordà, Girona",
384800,2.0,4.0,9,84675122,211,184,Roses,"Alt Empordà, Girona",1980
112000,1.0,1.0,1,84646998,42,38,Roses,"Alt Empordà, Girona",
238000,2.0,3.0,1,84742498,110,91,Roses,"Alt Empordà, Girona",
170000,1.0,2.0,1,84728714,61,49,Roses,"Alt Empordà, Girona",
148500,1.0,2.0,1,84647009,50,45,Roses,"Alt Empordà, Girona",
165000,1.0,2.0,1,84646996,45,38,Roses,"Alt Empordà, Girona",
125000,2.0,3.0,1,84646991,88,70,Roses,"Alt Empordà, Girona",
165000,1.0,2.0,1,84646992,60,54,Roses,"Alt Empordà, Girona",
89000,1.0,1.0,1,84646980,38,29,Roses,"Alt Empordà, Girona",
239000,2.0,3.0,1,84646968,103,88,Roses,"Alt Empordà, Girona",
191000,1.0,2.0,1,84642295,72,65,Roses,"Alt Empordà, Girona",
75000,1.0,0.0,10,84646927,24,,Roses,"Alt Empordà, Girona",
580000,4.0,6.0,9,84769557,620,,Roses,"Alt Empordà, Girona",
790000,2.0,3.0,3,36853494,726,240,Roses,"Alt Empordà, Girona",
239000,1.0,2.0,1,37262710,63,51,Roses,"Alt Empordà, Girona",
79200,1.0,2.0,1,81666729,55,42,Roses,"Alt Empordà, Girona",
168000,2.0,3.0,1,82350577,103,,Roses,"Alt Empordà, Girona",
179000,1.0,2.0,1,82483486,75,66,Roses,"Alt Empordà, Girona",
89000,1.0,1.0,1,82573454,45,39,Roses,"Alt Empordà, Girona",
169000,1.0,2.0,1,82813124,64,,Roses,"Alt Empordà, Girona",
89000,1.0,1.0,1,84360222,39,30,Roses,"Alt Empordà, Girona",
140000,2.0,4.0,9,84508047,85,,Roses,"Alt Empordà, Girona",
145000,1.0,2.0,1,31712684,55,49,Roses,"Alt Empordà, Girona",
140000,2.0,4.0,1,39904356,145,138,Roses,"Alt Empordà, Girona",
73000,1.0,1.0,1,84940182,43,,Roses,"Alt Empordà, Girona",1985
338000,2.0,3.0,0,34137938,224,90,Roses,"Alt Empordà, Girona",
265000,2.0,3.0,9,35347132,150,129,Roses,"Alt Empordà, Girona",
259000,3.0,4.0,0,29229093,193,93,Roses,"Alt Empordà, Girona",
190000,2.0,3.0,1,39505876,90,,Roses,"Alt Empordà, Girona",
255000,2.0,4.0,9,40105994,90,,Roses,"Alt Empordà, Girona",
238000,2.0,3.0,0,40504137,280,49,Roses,"Alt Empordà, Girona",1975
795000,2.0,3.0,1,37705151,330,180,Roses,"Alt Empordà, Girona",
249000,1.0,2.0,1,81526216,69,55,Roses,"Alt Empordà, Girona",2005
109000,1.0,1.0,1,81526242,45,40,Roses,"Alt Empordà, Girona",2004
189000,1.0,2.0,1,81886160,60,52,Roses,"Alt Empordà, Girona",1978
148000,1.0,1.0,2,81967536,46,40,Roses,"Alt Empordà, Girona",1968
88500,1.0,2.0,1,82345561,44,34,Roses,"Alt Empordà, Girona",1983
242000,3.0,3.0,0,82534627,439,54,Roses,"Alt Empordà, Girona",1980
159000,1.0,2.0,1,82534630,63,50,Roses,"Alt Empordà, Girona",
140000,2.0,4.0,11,82193884,85,,Roses,"Alt Empordà, Girona",
189000,1.0,1.0,1,82880358,40,38,Roses,"Alt Empordà, Girona",1967
119700,2.0,3.0,4,83022047,75,,Roses,"Alt Empordà, Girona",
76000,1.0,2.0,1,83062972,42,35,Roses,"Alt Empordà, Girona",
128000,2.0,2.0,1,83206813,65,,Roses,"Alt Empordà, Girona",
118000,1.0,1.0,1,83295993,38,36,Roses,"Alt Empordà, Girona",1990
143500,1.0,1.0,1,83423333,69,55,Roses,"Alt Empordà, Girona",
149000,1.0,2.0,1,83611677,63,55,Roses,"Alt Empordà, Girona",
178000,2.0,3.0,1,83907677,88,78,Roses,"Alt Empordà, Girona",
166500,2.0,3.0,1,81947667,97,,Roses,"Alt Empordà, Girona",2000
85000,1.0,1.0,1,83943589,56,50,Roses,"Alt Empordà, Girona",
129000,1.0,3.0,1,84055477,67,65,Roses,"Alt Empordà, Girona",
645000,3.0,3.0,3,84055885,580,,Roses,"Alt Empordà, Girona",
79500,1.0,2.0,1,84062902,32,27,Roses,"Alt Empordà, Girona",
110000,1.0,1.0,1,84070236,51,41,Roses,"Alt Empordà, Girona",
170000,1.0,3.0,1,84070277,135,60,Roses,"Alt Empordà, Girona",
75000,1.0,1.0,1,84080851,38,32,Roses,"Alt Empordà, Girona",
190000,3.0,3.0,9,84101474,118,85,Roses,"Alt Empordà, Girona",
245000,1.0,1.0,1,84122219,132,97,Roses,"Alt Empordà, Girona",
229000,1.0,2.0,1,84126714,140,65,Roses,"Alt Empordà, Girona",
144000,2.0,3.0,1,84161564,98,61,Roses,"Alt Empordà, Girona",
137000,1.0,2.0,1,84191892,59,55,Roses,"Alt Empordà, Girona",
199000,2.0,2.0,9,84192703,153,96,Roses,"Alt Empordà, Girona",
201000,2.0,3.0,1,84198902,70,60,Roses,"Alt Empordà, Girona",
180000,2.0,2.0,1,84209816,79,60,Roses,"Alt Empordà, Girona",
199000,2.0,3.0,1,84217147,99,72,Roses,"Alt Empordà, Girona",
220000,1.0,2.0,1,84217778,75,60,Roses,"Alt Empordà, Girona",
181000,2.0,3.0,1,84231404,97,94,Roses,"Alt Empordà, Girona",
115000,1.0,1.0,1,84231772,50,45,Roses,"Alt Empordà, Girona",
180000,1.0,2.0,1,39509381,60,,Roses,"Alt Empordà, Girona",
255000,2.0,3.0,3,84251925,160,,Roses,"Alt Empordà, Girona",
159500,2.0,2.0,1,84269386,90,65,Roses,"Alt Empordà, Girona",
170000,1.0,3.0,1,84282355,66,60,Roses,"Alt Empordà, Girona",
74500,1.0,0.0,10,84283912,35,30,Roses,"Alt Empordà, Girona",
238000,2.0,3.0,11,84298682,123,,Roses,"Alt Empordà, Girona",
285000,3.0,4.0,3,84311836,274,,Roses,"Alt Empordà, Girona",
139000,1.0,2.0,1,84312276,56,45,Roses,"Alt Empordà, Girona",
159000,1.0,2.0,1,84359332,85,70,Roses,"Alt Empordà, Girona",
330000,2.0,3.0,1,84360444,110,70,Roses,"Alt Empordà, Girona",
112000,1.0,1.0,1,84378865,39,35,Roses,"Alt Empordà, Girona",
215000,1.0,2.0,1,84379373,92,66,Roses,"Alt Empordà, Girona",
283000,2.0,4.0,3,84380991,360,,Roses,"Alt Empordà, Girona",
830000,3.0,3.0,3,84394587,120,,Roses,"Alt Empordà, Girona",
695000,3.0,4.0,3,84396111,524,,Roses,"Alt Empordà, Girona",
735000,4.0,3.0,0,84406773,414,207,Roses,"Alt Empordà, Girona",
119500,1.0,1.0,1,84419920,65,53,Roses,"Alt Empordà, Girona",
580000,4.0,6.0,3,84421238,625,,Roses,"Alt Empordà, Girona",
205000,1.0,2.0,3,84422143,350,62,Roses,"Alt Empordà, Girona",1969
96000,1.0,1.0,1,84439895,42,34,Roses,"Alt Empordà, Girona",
399000,4.0,5.0,11,84441697,250,,Roses,"Alt Empordà, Girona",
178000,1.0,2.0,1,84460464,73,56,Roses,"Alt Empordà, Girona",
147000,2.0,2.0,1,84461258,100,70,Roses,"Alt Empordà, Girona",
109500,1.0,1.0,1,84477750,48,40,Roses,"Alt Empordà, Girona",
132600,1.0,2.0,1,84486127,57,51,Roses,"Alt Empordà, Girona",
200000,2.0,3.0,2,84486136,100,83,Roses,"Alt Empordà, Girona",2000
229000,1.0,2.0,1,84499319,84,64,Roses,"Alt Empordà, Girona",
215000,2.0,3.0,1,84500201,105,80,Roses,"Alt Empordà, Girona",
137000,1.0,2.0,1,84536662,73,61,Roses,"Alt Empordà, Girona",
440000,2.0,2.0,2,84596499,85,,Roses,"Alt Empordà, Girona",
95000,1.0,1.0,1,84643343,37,30,Roses,"Alt Empordà, Girona",
93000,1.0,0.0,10,84669174,31,28,Roses,"Alt Empordà, Girona",
440000,2.0,2.0,1,84779937,80,,Roses,"Alt Empordà, Girona",
200000,2.0,3.0,1,84825711,95,,Roses,"Alt Empordà, Girona",
44763,1.0,1.0,1,84842418,65,44,Roses,"Alt Empordà, Girona",
990000,3.0,4.0,3,30660664,510,,Roses,"Alt Empordà, Girona",
65000,1.0,2.0,1,35090227,20,,Roses,"Alt Empordà, Girona",
139000,1.0,2.0,1,37113098,70,59,Roses,"Alt Empordà, Girona",2008
163000,1.0,2.0,1,38519664,50,,Roses,"Alt Empordà, Girona",
1100000,4.0,4.0,0,38519326,1100,,Roses,"Alt Empordà, Girona",
525000,2.0,3.0,0,36131750,510,143,Roses,"Alt Empordà, Girona",
140000,1.0,2.0,1,40452796,70,63,Roses,"Alt Empordà, Girona",1980
4800000,6.0,7.0,12,38743395,1500,,Roses,"Alt Empordà, Girona",
160000,1.0,2.0,1,81481398,70,69,Roses,"Alt Empordà, Girona",1987
395000,2.0,3.0,2,82112304,105,,Roses,"Alt Empordà, Girona",2018
250000,1.0,2.0,1,82648059,120,,Roses,"Alt Empordà, Girona",
1400000,4.0,4.0,1,83759354,136,110,Roses,"Alt Empordà, Girona",2017
900000,2.0,4.0,0,84277323,1835,270,Roses,"Alt Empordà, Girona",1986
353000,2.0,3.0,3,84642174,452,100,Roses,"Alt Empordà, Girona",
145000,1.0,2.0,1,84715073,64,,Roses,"Alt Empordà, Girona",2008
51400,1.0,0.0,10,38230216,33,,Roses,"Alt Empordà, Girona",
166500,2.0,2.0,1,38231192,65,,Roses,"Alt Empordà, Girona",
76600,1.0,1.0,1,84828173,50,,Roses,"Alt Empordà, Girona",
102400,2.0,1.0,1,84848130,59,,Roses,"Alt Empordà, Girona",
126900,1.0,1.0,1,84849497,60,,Roses,"Alt Empordà, Girona",
630000,3.0,5.0,3,84946676,568,165,Roses,"Alt Empordà, Girona",1972
59000,1.0,0.0,10,37087585,27,,Roses,"Alt Empordà, Girona",
162000,2.0,2.0,0,37445159,62,,Roses,"Alt Empordà, Girona",
290000,3.0,3.0,2,38082717,147,137,Roses,"Alt Empordà, Girona",
130000,1.0,2.0,1,37445188,48,,Roses,"Alt Empordà, Girona",
499000,3.0,3.0,0,37445217,151,,Roses,"Alt Empordà, Girona",
720000,2.0,4.0,3,37817724,187,,Roses,"Alt Empordà, Girona",
328000,2.0,3.0,11,37817729,235,,Roses,"Alt Empordà, Girona",
165000,2.0,3.0,1,39017815,97,,Roses,"Alt Empordà, Girona",
160000,1.0,1.0,1,39805566,56,,Roses,"Alt Empordà, Girona",2006
1100000,3.0,3.0,11,39909700,230,150,Roses,"Alt Empordà, Girona",2018
189000,1.0,2.0,1,39834220,88,,Roses,"Alt Empordà, Girona",
148000,1.0,1.0,1,40054462,47,,Roses,"Alt Empordà, Girona",2006
126000,1.0,1.0,1,40124908,42,,Roses,"Alt Empordà, Girona",
116000,1.0,2.0,1,40106013,42,,Roses,"Alt Empordà, Girona",
202000,1.0,2.0,1,81585916,63,,Roses,"Alt Empordà, Girona",
2500000,5.0,5.0,3,81142958,800,,Roses,"Alt Empordà, Girona",2014
1260000,3.0,5.0,3,81142950,717,,Roses,"Alt Empordà, Girona",1982
1850000,3.0,6.0,3,81142954,654,,Roses,"Alt Empordà, Girona",2001
187000,1.0,2.0,2,81928551,142,60,Roses,"Alt Empordà, Girona",2003
234000,1.0,3.0,3,81935507,418,,Roses,"Alt Empordà, Girona",1985
1170000,5.0,6.0,3,81993405,1600,,Roses,"Alt Empordà, Girona",
127000,1.0,2.0,1,81997732,88,60,Roses,"Alt Empordà, Girona",
149000,1.0,2.0,1,81957789,60,,Roses,"Alt Empordà, Girona",
213000,2.0,3.0,1,81913071,93,,Roses,"Alt Empordà, Girona",
275000,3.0,3.0,1,81882614,109,,Roses,"Alt Empordà, Girona",
399000,1.0,2.0,0,81857278,110,,Roses,"Alt Empordà, Girona",
127000,1.0,1.0,1,81712350,50,,Roses,"Alt Empordà, Girona",
130000,1.0,2.0,1,81812906,57,,Roses,"Alt Empordà, Girona",
355000,2.0,5.0,3,37445151,260,,Roses,"Alt Empordà, Girona",
102000,1.0,1.0,1,82331823,59,,Roses,"Alt Empordà, Girona",
230000,1.0,2.0,2,82331824,73,,Roses,"Alt Empordà, Girona",
172000,2.0,2.0,1,81812907,70,,Roses,"Alt Empordà, Girona",
75000,1.0,0.0,10,81725781,30,,Roses,"Alt Empordà, Girona",
107000,1.0,1.0,1,39360447,40,,Roses,"Alt Empordà, Girona",
185000,1.0,2.0,4,82240124,60,,Roses,"Alt Empordà, Girona",
465000,2.0,3.0,0,81821004,445,,Roses,"Alt Empordà, Girona",
475000,2.0,3.0,3,82668665,545,,Roses,"Alt Empordà, Girona",
129000,1.0,1.0,1,82703923,35,,Roses,"Alt Empordà, Girona",1974
795000,2.0,4.0,3,82704530,478,,Roses,"Alt Empordà, Girona",1984
283000,2.0,3.0,4,81245906,188,180,Roses,"Alt Empordà, Girona",
329000,2.0,2.0,2,82808671,181,,Roses,"Alt Empordà, Girona",1986
330000,2.0,3.0,9,82811695,148,,Roses,"Alt Empordà, Girona",1985
180500,1.0,2.0,1,82881831,66,,Roses,"Alt Empordà, Girona",2007
235000,2.0,3.0,1,82970340,92,83,Roses,"Alt Empordà, Girona",1993
595000,1.0,3.0,11,83109497,256,,Roses,"Alt Empordà, Girona",
119000,1.0,1.0,1,83215173,66,,Roses,"Alt Empordà, Girona",2006
348000,1.0,3.0,3,83215447,283,,Roses,"Alt Empordà, Girona",1980
165000,1.0,2.0,9,83277249,206,,Roses,"Alt Empordà, Girona",1982
225000,1.0,2.0,1,83289299,60,,Roses,"Alt Empordà, Girona",
69000,1.0,0.0,10,83298845,28,24,Roses,"Alt Empordà, Girona",1989
230000,2.0,3.0,1,82607574,117,,Roses,"Alt Empordà, Girona",
245000,1.0,3.0,0,82780212,98,,Roses,"Alt Empordà, Girona",
70000,1.0,0.0,10,39360449,27,,Roses,"Alt Empordà, Girona",
230000,1.0,2.0,1,39805565,62,,Roses,"Alt Empordà, Girona",2007
