price,bath_num,room_num,house_type,house_id,m2_real,m2_useful,loc_city,loc_zone,construct_date,garage
280000,2.0,4.0,0,83073991,114,,Orio,"Urola Kosta, Guipúzcoa",,0
108000,1.0,4.0,0,39735041,90,,Azkoitia,"Urola Kosta, Guipúzcoa",,0
360000,2.0,3.0,1,81822662,300,,Azkoitia,"Urola Kosta, Guipúzcoa",,0
165000,2.0,3.0,0,82144233,106,,Azpeitia,"Urola Kosta, Guipúzcoa",,1
132000,1.0,3.0,0,447508,78,,Azkoitia,"Urola Kosta, Guipúzcoa",,0
235000,2.0,4.0,0,40119659,105,,Azpeitia,"Urola Kosta, Guipúzcoa",,1
378000,1.0,2.0,2,36709763,180000,350,Aia,"Urola Kosta, Guipúzcoa",,1
565000,4.0,4.0,3,28042174,675,350,Aia,"Urola Kosta, Guipúzcoa",,1
360000,4.0,4.0,3,31733348,300,280,Aizarnazabal,"Urola Kosta, Guipúzcoa",,1
108000,1.0,3.0,0,37331715,72,70,Azpeitia,"Urola Kosta, Guipúzcoa",,0
986000,2.0,3.0,0,33447430,150,,Zarautz,"Urola Kosta, Guipúzcoa",,1
450000,2.0,2.0,0,81534159,86,,Orio,"Urola Kosta, Guipúzcoa",,1
310000,1.0,3.0,0,39187996,83,73,Zarautz,"Urola Kosta, Guipúzcoa",,0
148400,2.0,3.0,0,38980680,88,74,Zestoa,"Urola Kosta, Guipúzcoa",,1
850000,3.0,3.0,1,38090381,10000,,Zarautz,"Urola Kosta, Guipúzcoa",,1
295000,1.0,2.0,0,82187712,65,60,Orio,"Urola Kosta, Guipúzcoa",2017,1
190000,1.0,3.0,0,81842384,75,,Aizarnazabal,"Urola Kosta, Guipúzcoa",,0
280000,2.0,3.0,0,82491143,66,,Orio,"Urola Kosta, Guipúzcoa",,1
90000,1.0,3.0,0,81545905,90,85,Azkoitia,"Urola Kosta, Guipúzcoa",,0
390000,2.0,4.0,0,82645750,105,100,Zumaia,"Urola Kosta, Guipúzcoa",,0
110000,1.0,3.0,0,84419086,87,,Azkoitia,"Urola Kosta, Guipúzcoa",,0
190000,1.0,3.0,0,84727585,100,85,Azpeitia,"Urola Kosta, Guipúzcoa",,0
150000,1.0,3.0,0,84707629,80,,Azpeitia,"Urola Kosta, Guipúzcoa",,0
286000,2.0,3.0,0,84799330,81,,Orio,"Urola Kosta, Guipúzcoa",,1
180000,2.0,3.0,3,84233400,180,,Errezil,"Urola Kosta, Guipúzcoa",,1
165000,1.0,3.0,0,27492312,80,,Azkoitia,"Urola Kosta, Guipúzcoa",,0
420000,2.0,3.0,0,83261960,115,,Zarautz,"Urola Kosta, Guipúzcoa",,0
225000,1.0,1.0,1,83423876,45000,,Aia,"Urola Kosta, Guipúzcoa",,0
160000,1.0,2.0,0,84028344,69,,Orio,"Urola Kosta, Guipúzcoa",,0
375000,2.0,3.0,4,84028201,500,,Orio,"Urola Kosta, Guipúzcoa",,0
845000,2.0,4.0,0,84028280,141,,Zarautz,"Urola Kosta, Guipúzcoa",,1
250000,2.0,2.0,0,84380522,80,,Zestoa,"Urola Kosta, Guipúzcoa",,1
260000,2.0,2.0,5,34982793,145,235,Zumaia,"Urola Kosta, Guipúzcoa",2008,1
550000,2.0,3.0,6,32489909,175,160,Zarautz,"Urola Kosta, Guipúzcoa",,0
95000,1.0,2.0,0,39241920,70,65,Azpeitia,"Urola Kosta, Guipúzcoa",,0
156000,1.0,2.0,0,1934829,70,,Azpeitia,"Urola Kosta, Guipúzcoa",,0
195000,2.0,3.0,0,25032831,95,90,Aia,"Urola Kosta, Guipúzcoa",,1
300000,3.0,4.0,6,30482671,140,,Zestoa,"Urola Kosta, Guipúzcoa",,1
195000,1.0,1.0,0,36407710,40,,Zarautz,"Urola Kosta, Guipúzcoa",,0
239999,2.0,2.0,6,37921771,120,,Aia,"Urola Kosta, Guipúzcoa",,0
120000,1.0,3.0,0,38740322,96,,Zestoa,"Urola Kosta, Guipúzcoa",,0
179000,1.0,2.0,0,373544,131,111,Azkoitia,"Urola Kosta, Guipúzcoa",,0
450000,2.0,4.0,7,82108945,4000,330,Azkoitia,"Urola Kosta, Guipúzcoa",,1
198000,3.0,8.0,7,83080142,25000,300,Azpeitia,"Urola Kosta, Guipúzcoa",,0
350000,2.0,3.0,1,83646863,12000,,Azkoitia,"Urola Kosta, Guipúzcoa",1985,0
352000,2.0,3.0,0,36188506,92,,Azpeitia,"Urola Kosta, Guipúzcoa",,1
90000,1.0,3.0,0,28389292,78,,Azpeitia,"Urola Kosta, Guipúzcoa",,0
125000,2.0,2.0,0,29429082,75,73,Azpeitia,"Urola Kosta, Guipúzcoa",,1
385000,2.0,3.0,6,2000825,100,83,Orio,"Urola Kosta, Guipúzcoa",,1
180000,2.0,3.0,0,25414203,100,,Aia,"Urola Kosta, Guipúzcoa",,0
85000,1.0,3.0,0,81955168,83,82,Azkoitia,"Urola Kosta, Guipúzcoa",,0
280000,1.0,3.0,0,82655093,65,,Zumaia,"Urola Kosta, Guipúzcoa",,0
370000,2.0,3.0,0,83004825,105,,Zumaia,"Urola Kosta, Guipúzcoa",,0
330000,2.0,2.0,0,83774043,72,68,Orio,"Urola Kosta, Guipúzcoa",2005,1
350000,1.0,2.0,0,84135928,48,,Zarautz,"Urola Kosta, Guipúzcoa",,0
130000,1.0,2.0,0,39007449,40,,Orio,"Urola Kosta, Guipúzcoa",,0
165000,2.0,2.0,6,1744497,70,,Zestoa,"Urola Kosta, Guipúzcoa",,0
199000,2.0,3.0,0,371353,96,85,Zestoa,"Urola Kosta, Guipúzcoa",,1
185000,3.0,4.0,6,1657819,140,128,Zestoa,"Urola Kosta, Guipúzcoa",,1
140000,1.0,3.0,0,2032265,78,,Azpeitia,"Urola Kosta, Guipúzcoa",,1
360000,3.0,3.0,3,1630636,50,,Aia,"Urola Kosta, Guipúzcoa",,1
560000,2.0,3.0,0,25626875,110,105,Zarautz,"Urola Kosta, Guipúzcoa",,1
240000,1.0,3.0,0,26128574,94,90,Azpeitia,"Urola Kosta, Guipúzcoa",,1
550000,3.0,6.0,7,27629413,18000,448,Zestoa,"Urola Kosta, Guipúzcoa",,0
550000,3.0,6.0,7,28134871,18000,448,Aizarnazabal,"Urola Kosta, Guipúzcoa",,0
170000,2.0,3.0,0,29941736,140,136,Zestoa,"Urola Kosta, Guipúzcoa",,0
190000,2.0,3.0,0,25876995,90,85,Aia,"Urola Kosta, Guipúzcoa",,0
130000,1.0,3.0,0,31583919,88,80,Zestoa,"Urola Kosta, Guipúzcoa",,0
150000,1.0,4.0,0,31639895,105,100,Azpeitia,"Urola Kosta, Guipúzcoa",,0
197000,2.0,12.0,5,32080047,550,,Zestoa,"Urola Kosta, Guipúzcoa",,0
590000,2.0,4.0,0,32492976,133,122,Zarautz,"Urola Kosta, Guipúzcoa",,1
180000,2.0,3.0,0,32834646,75,,Zestoa,"Urola Kosta, Guipúzcoa",,0
175000,1.0,3.0,0,32854256,100,90,Azpeitia,"Urola Kosta, Guipúzcoa",,0
120000,1.0,2.0,0,33668422,65,,Azkoitia,"Urola Kosta, Guipúzcoa",,0
115000,1.0,3.0,8,26841116,98,92,Azpeitia,"Urola Kosta, Guipúzcoa",,0
220000,2.0,3.0,0,34428152,90,85,Aia,"Urola Kosta, Guipúzcoa",,1
48000,1.0,3.0,0,36145142,54,,Azpeitia,"Urola Kosta, Guipúzcoa",,0
200000,2.0,2.0,0,37456815,104,100,Orio,"Urola Kosta, Guipúzcoa",,0
153000,1.0,2.0,0,1693359,75,62,Zestoa,"Urola Kosta, Guipúzcoa",,0
184000,1.0,3.0,0,37011811,110,88,Azpeitia,"Urola Kosta, Guipúzcoa",,0
225000,1.0,3.0,0,38281211,62,,Zarautz,"Urola Kosta, Guipúzcoa",,0
223000,2.0,2.0,6,38539899,130,120,Zestoa,"Urola Kosta, Guipúzcoa",,0
90000,1.0,4.0,0,39692675,78,,Azpeitia,"Urola Kosta, Guipúzcoa",,0
116000,1.0,2.0,0,39914558,83,76,Azkoitia,"Urola Kosta, Guipúzcoa",,0
70000,1.0,1.0,7,39952115,750,,Azkoitia,"Urola Kosta, Guipúzcoa",,0
240000,2.0,3.0,0,40448775,100,83,Aizarnazabal,"Urola Kosta, Guipúzcoa",,1
140000,1.0,3.0,0,31148864,95,90,Azkoitia,"Urola Kosta, Guipúzcoa",,0
360000,2.0,3.0,0,81164379,89,80,Zarautz,"Urola Kosta, Guipúzcoa",1933,0
98000,1.0,2.0,8,81305248,62,,Azkoitia,"Urola Kosta, Guipúzcoa",,0
425000,2.0,3.0,0,81722247,80,76,Zarautz,"Urola Kosta, Guipúzcoa",,1
280000,3.0,4.0,0,82439268,125,115,Orio,"Urola Kosta, Guipúzcoa",,0
355000,2.0,3.0,0,82476821,70,,Zarautz,"Urola Kosta, Guipúzcoa",,0
220000,1.0,2.0,0,82601058,64,55,Orio,"Urola Kosta, Guipúzcoa",,0
350000,2.0,4.0,0,36150307,104,,Zumaia,"Urola Kosta, Guipúzcoa",,0
130000,1.0,3.0,0,82642879,86,76,Azkoitia,"Urola Kosta, Guipúzcoa",,0
165000,1.0,3.0,0,82730415,76,,Aia,"Urola Kosta, Guipúzcoa",,0
850000,5.0,5.0,3,2062303,350,,Zarautz,"Urola Kosta, Guipúzcoa",,1
305000,1.0,3.0,0,83385182,59,58,Zarautz,"Urola Kosta, Guipúzcoa",,0
170000,1.0,2.0,0,36141336,47,,Orio,"Urola Kosta, Guipúzcoa",,0
286000,2.0,3.0,0,83531440,94,81,Orio,"Urola Kosta, Guipúzcoa",,0
150000,1.0,3.0,0,83627834,86,,Azkoitia,"Urola Kosta, Guipúzcoa",,0
580000,4.0,6.0,1,83815144,250,,Zumaia,"Urola Kosta, Guipúzcoa",,0
50000,1.0,4.0,1,37151617,322,,Azpeitia,"Urola Kosta, Guipúzcoa",,0
220000,2.0,3.0,0,84028251,87,,Aia,"Urola Kosta, Guipúzcoa",,1
102000,1.0,3.0,0,31755968,86,,Azpeitia,"Urola Kosta, Guipúzcoa",1964,0
164300,1.0,3.0,0,38957161,77,,Zestoa,"Urola Kosta, Guipúzcoa",,0
138000,2.0,2.0,0,84662584,50,49,Zumaia,"Urola Kosta, Guipúzcoa",,0
75000,1.0,2.0,0,29961081,81,,Azkoitia,"Urola Kosta, Guipúzcoa",,0
140000,2.0,2.0,0,27502318,72,,Zestoa,"Urola Kosta, Guipúzcoa",,0
220000,2.0,3.0,0,84549345,75,,Getaria,"Urola Kosta, Guipúzcoa",,0
304000,2.0,3.0,0,84569259,95,85,Orio,"Urola Kosta, Guipúzcoa",,1
290000,2.0,3.0,0,82987162,71,,Zarautz,"Urola Kosta, Guipúzcoa",,0
235000,2.0,3.0,0,84750586,99,83,Zestoa,"Urola Kosta, Guipúzcoa",,1
450000,2.0,4.0,6,28895400,132,,Orio,"Urola Kosta, Guipúzcoa",,0
77700,1.0,3.0,0,32214032,78,66,Azpeitia,"Urola Kosta, Guipúzcoa",1930,0
1200000,3.0,11.0,1,84028372,3800,,Azpeitia,"Urola Kosta, Guipúzcoa",,0
450000,2.0,3.0,0,84041163,98,85,Zarautz,"Urola Kosta, Guipúzcoa",,0
385000,1.0,6.0,7,84293299,95000,,Aia,"Urola Kosta, Guipúzcoa",,0
165000,2.0,4.0,0,30554943,103,100,Azpeitia,"Urola Kosta, Guipúzcoa",,0
135000,1.0,4.0,0,33389527,85,,Azpeitia,"Urola Kosta, Guipúzcoa",1959,0
90000,1.0,3.0,0,37066502,75,,Azpeitia,"Urola Kosta, Guipúzcoa",1960,0
360000,3.0,3.0,3,37230227,300,280,Aia,"Urola Kosta, Guipúzcoa",,1
395000,2.0,4.0,6,37478694,120,118,Orio,"Urola Kosta, Guipúzcoa",2007,1
700000,3.0,4.0,0,37831157,150,148,Zarautz,"Urola Kosta, Guipúzcoa",1970,1
125000,1.0,2.0,0,39250237,60,,Azpeitia,"Urola Kosta, Guipúzcoa",1993,1
130000,1.0,3.0,0,39540513,90,80,Azpeitia,"Urola Kosta, Guipúzcoa",1971,0
270000,2.0,4.0,0,39690620,153,142,Azpeitia,"Urola Kosta, Guipúzcoa",1968,1
280000,1.0,3.0,0,33186001,75,70,Zarautz,"Urola Kosta, Guipúzcoa",1975,0
255000,2.0,4.0,0,40164154,140,121,Azpeitia,"Urola Kosta, Guipúzcoa",1977,1
400000,1.0,3.0,7,82117511,135,270,Aia,"Urola Kosta, Guipúzcoa",,0
150000,1.0,3.0,0,82818630,75,,Azpeitia,"Urola Kosta, Guipúzcoa",1960,1
260000,1.0,2.0,0,83071523,70,60,Zarautz,"Urola Kosta, Guipúzcoa",,0
440000,2.0,5.0,0,84161722,160,148,Azpeitia,"Urola Kosta, Guipúzcoa",1978,1
154800,1.0,3.0,0,38037361,96,,Azpeitia,"Urola Kosta, Guipúzcoa",,0
220000,2.0,4.0,0,84364240,130,115,Azpeitia,"Urola Kosta, Guipúzcoa",1967,0
135000,1.0,3.0,0,84587023,85,77,Azpeitia,"Urola Kosta, Guipúzcoa",1968,0
110000,1.0,3.0,0,30099043,75,72,Orio,"Urola Kosta, Guipúzcoa",,0
700000,4.0,4.0,1,39300336,180,,Azpeitia,"Urola Kosta, Guipúzcoa",,1
96000,1.0,4.0,3,81842477,100,153,Zumaia,"Urola Kosta, Guipúzcoa",,1
145000,1.0,3.0,0,37279985,90,,Zestoa,"Urola Kosta, Guipúzcoa",,0
130000,2.0,2.0,0,35066484,73,,Azpeitia,"Urola Kosta, Guipúzcoa",2003,0
159000,2.0,2.0,0,1747608,87,79,Zestoa,"Urola Kosta, Guipúzcoa",,1
185000,2.0,3.0,0,438707,130,85,Zestoa,"Urola Kosta, Guipúzcoa",,0
435000,3.0,4.0,3,1905511,305,265,Azkoitia,"Urola Kosta, Guipúzcoa",,1
200000,1.0,3.0,0,25196078,99,,Azkoitia,"Urola Kosta, Guipúzcoa",,0
115000,1.0,2.0,0,30367290,65,55,Azpeitia,"Urola Kosta, Guipúzcoa",,0
150000,1.0,3.0,0,33043334,80,78,Azkoitia,"Urola Kosta, Guipúzcoa",,0
255000,2.0,2.0,0,28066122,90,,Orio,"Urola Kosta, Guipúzcoa",,0
175000,2.0,2.0,6,81405473,75,74,Azkoitia,"Urola Kosta, Guipúzcoa",,0
165000,1.0,3.0,0,82091080,89,,Azkoitia,"Urola Kosta, Guipúzcoa",,0
425000,2.0,3.0,0,82490731,120,,Getaria,"Urola Kosta, Guipúzcoa",,0
159000,2.0,3.0,0,82572416,95,,Zestoa,"Urola Kosta, Guipúzcoa",,0
50000,1.0,2.0,0,83616065,58,53,Azkoitia,"Urola Kosta, Guipúzcoa",1900,0
690000,2.0,4.0,6,84641343,170,169,Zarautz,"Urola Kosta, Guipúzcoa",,1
230000,2.0,3.0,3,31966685,190,,Beizama,"Urola Kosta, Guipúzcoa",,1
850000,4.0,4.0,1,36562035,550,380,Orio,"Urola Kosta, Guipúzcoa",,1
225000,2.0,2.0,0,39761782,85,76,Zestoa,"Urola Kosta, Guipúzcoa",2016,1
180000,2.0,2.0,0,81217394,82,,Azkoitia,"Urola Kosta, Guipúzcoa",,0
330000,2.0,2.0,0,82021971,70,67,Orio,"Urola Kosta, Guipúzcoa",,1
215000,1.0,2.0,0,82491971,55,51,Zumaia,"Urola Kosta, Guipúzcoa",,1
405000,2.0,2.0,0,83631362,93,92,Zarautz,"Urola Kosta, Guipúzcoa",,1
275000,2.0,3.0,0,83634217,75,71,Zumaia,"Urola Kosta, Guipúzcoa",,0
255000,2.0,2.0,0,84349563,95,90,Orio,"Urola Kosta, Guipúzcoa",,0
255000,2.0,2.0,0,37058395,60,,Azkoitia,"Urola Kosta, Guipúzcoa",,0
220000,2.0,3.0,0,1981492,110,98,Zestoa,"Urola Kosta, Guipúzcoa",,1
875000,5.0,3.0,4,82589539,230,218,Orio,"Urola Kosta, Guipúzcoa",2009,0
270000,1.0,3.0,0,1835869,87,,Azpeitia,"Urola Kosta, Guipúzcoa",,0
199900,3.0,4.0,6,1955874,200,165,Zestoa,"Urola Kosta, Guipúzcoa",,1
468000,4.0,3.0,3,2004599,160,245,Aizarnazabal,"Urola Kosta, Guipúzcoa",,1
205000,2.0,3.0,0,2030535,113,100,Zestoa,"Urola Kosta, Guipúzcoa",,1
175000,3.0,4.0,3,32545536,120,,Errezil,"Urola Kosta, Guipúzcoa",,0
300000,2.0,2.0,0,28821460,192,85,Aia,"Urola Kosta, Guipúzcoa",,1
380000,1.0,2.0,0,39789367,63,60,Zarautz,"Urola Kosta, Guipúzcoa",,0
947000,5.0,3.0,1,40392237,383,,Orio,"Urola Kosta, Guipúzcoa",2010,1
350000,3.0,3.0,3,81232251,185,,Azpeitia,"Urola Kosta, Guipúzcoa",1996,1
125000,2.0,4.0,6,81361812,100,,Aizarnazabal,"Urola Kosta, Guipúzcoa",,0
310000,2.0,4.0,6,82482790,144,,Getaria,"Urola Kosta, Guipúzcoa",,0
180000,1.0,5.0,0,82670646,110,,Zestoa,"Urola Kosta, Guipúzcoa",,0
390000,2.0,2.0,0,83248727,104,85,Zumaia,"Urola Kosta, Guipúzcoa",,0
95000,1.0,3.0,0,84047915,75,,Azpeitia,"Urola Kosta, Guipúzcoa",,0
125000,2.0,4.0,0,84209440,132,110,Azkoitia,"Urola Kosta, Guipúzcoa",,0
480000,3.0,3.0,6,28894683,149,129,Getaria,"Urola Kosta, Guipúzcoa",,0
105600,1.0,3.0,0,81707960,85,74,Azpeitia,"Urola Kosta, Guipúzcoa",1900,0
390000,2.0,3.0,0,38316618,125,,Azkoitia,"Urola Kosta, Guipúzcoa",,1
820000,4.0,4.0,0,84753013,160,,Zarautz,"Urola Kosta, Guipúzcoa",,1
220000,2.0,4.0,0,25274889,125,115,Azpeitia,"Urola Kosta, Guipúzcoa",,1
158000,1.0,3.0,0,407130,115,,Azpeitia,"Urola Kosta, Guipúzcoa",,0
500000,3.0,8.0,7,82748106,36800,200,Orio,"Urola Kosta, Guipúzcoa",,0
680000,2.0,6.0,0,84347486,158,122,Zarautz,"Urola Kosta, Guipúzcoa",,1
164300,1.0,3.0,0,84779480,89,77,Zestoa,"Urola Kosta, Guipúzcoa",,0
290000,2.0,3.0,3,32801562,190,159,Aia,"Urola Kosta, Guipúzcoa",2006,1
330000,2.0,4.0,0,82395403,167,150,Azpeitia,"Urola Kosta, Guipúzcoa",2001,1
400000,2.0,4.0,0,82404477,120,115,Orio,"Urola Kosta, Guipúzcoa",1982,1
290000,2.0,3.0,3,83828592,364,,Aia,"Urola Kosta, Guipúzcoa",,1
240000,2.0,3.0,0,81854139,115,109,Azpeitia,"Urola Kosta, Guipúzcoa",1977,0
185000,2.0,4.0,0,84449635,133,119,Azpeitia,"Urola Kosta, Guipúzcoa",1971,0
150000,1.0,3.0,2,84614923,1000,,Beizama,"Urola Kosta, Guipúzcoa",,0
380000,2.0,4.0,6,37313749,130,124,Zarautz,"Urola Kosta, Guipúzcoa",,0
110000,1.0,2.0,0,40287187,100,95,Azpeitia,"Urola Kosta, Guipúzcoa",,0
875000,5.0,4.0,4,82117506,383,248,Orio,"Urola Kosta, Guipúzcoa",2009,1
990000,5.0,5.0,3,82190841,450,400,Zarautz,"Urola Kosta, Guipúzcoa",2000,1
223000,2.0,2.0,6,39476009,120,105,Zestoa,"Urola Kosta, Guipúzcoa",2008,1
383500,2.0,2.0,0,84217776,90,80,Orio,"Urola Kosta, Guipúzcoa",2006,1
1250000,2.0,4.0,0,84424693,145,135,Zarautz,"Urola Kosta, Guipúzcoa",,1
195000,2.0,3.0,0,83311210,96,90,Azpeitia,"Urola Kosta, Guipúzcoa",1977,0
75000,1.0,3.0,0,81145653,101,78,Azkoitia,"Urola Kosta, Guipúzcoa",1900,0
65000,1.0,3.0,0,81145655,86,73,Azpeitia,"Urola Kosta, Guipúzcoa",1917,0
51000,1.0,3.0,0,81145660,79,69,Azkoitia,"Urola Kosta, Guipúzcoa",1900,0
450000,2.0,3.0,0,83935123,88,86,Zarautz,"Urola Kosta, Guipúzcoa",,0
259000,2.0,2.0,6,84179010,129,116,Orio,"Urola Kosta, Guipúzcoa",,0
925000,3.0,5.0,1,84651525,800,,Azpeitia,"Urola Kosta, Guipúzcoa",,0
110000,1.0,3.0,0,36858774,81,,Azpeitia,"Urola Kosta, Guipúzcoa",1960,0
840000,2.0,4.0,0,81432631,96,91,Zarautz,"Urola Kosta, Guipúzcoa",1984,1
200000,1.0,3.0,0,82526595,94,88,Azpeitia,"Urola Kosta, Guipúzcoa",1973,0
85000,1.0,3.0,0,83844237,80,65,Azpeitia,"Urola Kosta, Guipúzcoa",1930,0
425000,2.0,3.0,0,81448135,115,107,Azpeitia,"Urola Kosta, Guipúzcoa",1993,0
750000,2.0,5.0,2,40287967,600,400,Getaria,"Urola Kosta, Guipúzcoa",,1
380000,4.0,4.0,3,83672333,50,,Aizarnazabal,"Urola Kosta, Guipúzcoa",2007,1
388000,3.0,4.0,9,82772372,475,,Errezil,"Urola Kosta, Guipúzcoa",,0
750000,2.0,6.0,4,84425989,525,457,Aia,"Urola Kosta, Guipúzcoa",2004,1
170000,1.0,3.0,0,84649574,85,77,Azpeitia,"Urola Kosta, Guipúzcoa",1968,0
345000,1.0,1.0,0,2065143,78,68,Getaria,"Urola Kosta, Guipúzcoa",,1
498000,5.0,4.0,10,34749439,384,337,Aia,"Urola Kosta, Guipúzcoa",,1
110000,1.0,3.0,0,35666970,50,45,Zestoa,"Urola Kosta, Guipúzcoa",,0
240000,2.0,3.0,6,38198967,120,,Azkoitia,"Urola Kosta, Guipúzcoa",,0
144000,2.0,3.0,0,36993537,110,104,Azpeitia,"Urola Kosta, Guipúzcoa",1968,0
190000,1.0,2.0,5,38276777,240,,Aia,"Urola Kosta, Guipúzcoa",1900,0
110000,1.0,1.0,0,38594988,75,73,Azkoitia,"Urola Kosta, Guipúzcoa",,0
160000,1.0,3.0,0,39684929,92,79,Orio,"Urola Kosta, Guipúzcoa",1970,0
400000,2.0,3.0,0,39859540,95,90,Zarautz,"Urola Kosta, Guipúzcoa",1967,0
330000,2.0,2.0,0,82137057,141,105,Orio,"Urola Kosta, Guipúzcoa",2006,1
360000,1.0,3.0,0,83660247,93,83,Zarautz,"Urola Kosta, Guipúzcoa",1933,0
240000,2.0,3.0,0,84593163,101,88,Azpeitia,"Urola Kosta, Guipúzcoa",2000,0
460000,2.0,3.0,0,274533,110,96,Getaria,"Urola Kosta, Guipúzcoa",,0
137000,1.0,2.0,0,84570121,56,53,Azpeitia,"Urola Kosta, Guipúzcoa",1993,0
670000,2.0,3.0,0,84683586,105,97,Zarautz,"Urola Kosta, Guipúzcoa",,1
250000,2.0,3.0,0,39455808,90,85,Orio,"Urola Kosta, Guipúzcoa",1979,0
450000,4.0,4.0,3,81554949,800,380,Aia,"Urola Kosta, Guipúzcoa",2008,1
250000,2.0,0.0,8,84628643,88,,Getaria,"Urola Kosta, Guipúzcoa",,0
110000,1.0,2.0,0,36551938,75,65,Azkoitia,"Urola Kosta, Guipúzcoa",1968,0
395000,2.0,2.0,0,83456992,80,75,Orio,"Urola Kosta, Guipúzcoa",2003,1
195000,2.0,3.0,0,84646290,90,78,Azpeitia,"Urola Kosta, Guipúzcoa",2005,0
380000,3.0,2.0,0,84708105,157,,Zarautz,"Urola Kosta, Guipúzcoa",,0
465000,2.0,4.0,0,84753351,105,100,Zarautz,"Urola Kosta, Guipúzcoa",,0
990000,6.0,6.0,3,83898793,450,400,Zarautz,"Urola Kosta, Guipúzcoa",2000,1
440000,2.0,5.0,0,84477543,160,148,Azpeitia,"Urola Kosta, Guipúzcoa",1978,1
510000,3.0,4.0,6,274541,180,145,Getaria,"Urola Kosta, Guipúzcoa",,0
540000,3.0,3.0,6,274535,137,,Getaria,"Urola Kosta, Guipúzcoa",,0
480000,3.0,3.0,6,274540,150,129,Getaria,"Urola Kosta, Guipúzcoa",,0
560000,3.0,4.0,6,274536,162,141,Getaria,"Urola Kosta, Guipúzcoa",,0
560000,3.0,4.0,6,274545,163,143,Getaria,"Urola Kosta, Guipúzcoa",,0
470000,2.0,3.0,0,274544,121,105,Getaria,"Urola Kosta, Guipúzcoa",,0
470000,3.0,3.0,0,274538,129,108,Getaria,"Urola Kosta, Guipúzcoa",,0
460000,2.0,3.0,0,274534,110,97,Getaria,"Urola Kosta, Guipúzcoa",,0
430000,2.0,4.0,2,82206698,10000,485,Errezil,"Urola Kosta, Guipúzcoa",,1
179900,2.0,2.0,0,82448463,71,,Aia,"Urola Kosta, Guipúzcoa",,1
720000,2.0,4.0,0,84744814,150,135,Zarautz,"Urola Kosta, Guipúzcoa",,0
165000,2.0,3.0,0,39621428,128,,Azkoitia,"Urola Kosta, Guipúzcoa",,0
450000,2.0,4.0,4,34096191,300,226,Azpeitia,"Urola Kosta, Guipúzcoa",2006,1
465000,2.0,3.0,0,83285786,99,98,Zarautz,"Urola Kosta, Guipúzcoa",,0
325000,2.0,2.0,0,84415313,75,70,Orio,"Urola Kosta, Guipúzcoa",,0
125000,1.0,4.0,0,40520362,141,,Azkoitia,"Urola Kosta, Guipúzcoa",,0
549000,2.0,3.0,0,81946756,157,,Zarautz,"Urola Kosta, Guipúzcoa",,0
245000,2.0,3.0,0,82910902,93,,Aia,"Urola Kosta, Guipúzcoa",,1
348140,3.0,3.0,0,81853868,115,112,Azpeitia,"Urola Kosta, Guipúzcoa",2009,0
225000,2.0,4.0,0,82528610,135,121,Azpeitia,"Urola Kosta, Guipúzcoa",1977,1
250000,2.0,5.0,7,83076902,90000,460,Azpeitia,"Urola Kosta, Guipúzcoa",1900,1
270000,2.0,3.0,0,84649627,115,105,Azpeitia,"Urola Kosta, Guipúzcoa",1982,1
360000,2.0,3.0,0,36598711,225,125,Azkoitia,"Urola Kosta, Guipúzcoa",2010,0
700000,4.0,4.0,3,39782097,180,,Azpeitia,"Urola Kosta, Guipúzcoa",1978,1
160000,0.0,0.0,5,81435406,1000,410,Errezil,"Urola Kosta, Guipúzcoa",1900,0
175000,3.0,4.0,3,82381027,208,180,Errezil,"Urola Kosta, Guipúzcoa",2010,1
240000,2.0,4.0,0,82381657,137,119,Azpeitia,"Urola Kosta, Guipúzcoa",1977,1
250000,2.0,5.0,2,82458281,84526,454,Azpeitia,"Urola Kosta, Guipúzcoa",1900,1
890000,5.0,3.0,4,82587367,383,248,Orio,"Urola Kosta, Guipúzcoa",,1
345000,1.0,1.0,0,83035237,78,68,Getaria,"Urola Kosta, Guipúzcoa",2007,1
498000,5.0,4.0,10,83101818,384,337,Aia,"Urola Kosta, Guipúzcoa",2007,1
246000,2.0,3.0,1,84028328,700,,Azpeitia,"Urola Kosta, Guipúzcoa",,0
895000,2.0,3.0,6,81900463,150,126,Zarautz,"Urola Kosta, Guipúzcoa",2011,1
970000,5.0,3.0,3,82877358,225,210,Zarautz,"Urola Kosta, Guipúzcoa",2004,1
228000,1.0,3.0,0,32403736,98,95,Azkoitia,"Urola Kosta, Guipúzcoa",1978,1
180000,2.0,4.0,0,37958339,120,115,Azpeitia,"Urola Kosta, Guipúzcoa",,1
830000,2.0,3.0,6,83422415,154,135,Zarautz,"Urola Kosta, Guipúzcoa",2003,0
350000,2.0,3.0,3,84170147,200,188,Aia,"Urola Kosta, Guipúzcoa",2003,1
510000,2.0,4.0,1,35066945,2000,,Azpeitia,"Urola Kosta, Guipúzcoa",1987,1
218500,2.0,3.0,6,36281011,94,82,Azpeitia,"Urola Kosta, Guipúzcoa",2018,0
142500,1.0,2.0,0,81535774,69,60,Azpeitia,"Urola Kosta, Guipúzcoa",2018,0
142000,1.0,1.0,0,81582021,48,42,Azpeitia,"Urola Kosta, Guipúzcoa",2018,0
214000,2.0,3.0,0,83803637,93,81,Azpeitia,"Urola Kosta, Guipúzcoa",2018,0
220000,1.0,3.0,0,84492249,105,97,Azpeitia,"Urola Kosta, Guipúzcoa",1970,0
388000,2.0,4.0,7,84397367,10000,485,Errezil,"Urola Kosta, Guipúzcoa",,0
170000,1.0,3.0,0,84595198,81,78,Azpeitia,"Urola Kosta, Guipúzcoa",1968,0
285000,2.0,3.0,3,39763898,243,213,Aia,"Urola Kosta, Guipúzcoa",2003,1
240000,2.0,3.0,0,39859102,90,84,Getaria,"Urola Kosta, Guipúzcoa",1969,0
360000,2.0,3.0,0,81394542,126,108,Azkoitia,"Urola Kosta, Guipúzcoa",2010,0
190000,2.0,3.0,0,35423152,117,101,Azpeitia,"Urola Kosta, Guipúzcoa",,1
390000,2.0,3.0,0,36137046,225,125,Azkoitia,"Urola Kosta, Guipúzcoa",,1
450000,2.0,3.0,0,83922154,86,85,Zarautz,"Urola Kosta, Guipúzcoa",,0
925000,3.0,12.0,4,34096190,800,700,Azpeitia,"Urola Kosta, Guipúzcoa",2006,1
550000,3.0,5.0,4,34106657,420,387,Azpeitia,"Urola Kosta, Guipúzcoa",2006,1
260000,2.0,2.0,6,38167386,125,91,Aia,"Urola Kosta, Guipúzcoa",,0
245000,2.0,3.0,0,84614338,85,,Orio,"Urola Kosta, Guipúzcoa",1998,1
419000,1.0,3.0,0,84842490,91,,Zarautz,"Urola Kosta, Guipúzcoa",,0
325000,2.0,2.0,0,83700709,75,65,Orio,"Urola Kosta, Guipúzcoa",2006,1
412000,2.0,2.0,0,31271229,87,75,Orio,"Urola Kosta, Guipúzcoa",2006,1
419000,1.0,3.0,0,84842485,91,,Zarautz,"Urola Kosta, Guipúzcoa",,0
130000,2.0,2.0,0,82635424,77,73,Azpeitia,"Urola Kosta, Guipúzcoa",2002,0
335000,2.0,2.0,0,82536084,84,73,Orio,"Urola Kosta, Guipúzcoa",2013,1
210000,2.0,3.0,0,84837989,98,85,Azpeitia,"Urola Kosta, Guipúzcoa",2003,0
99000,1.0,1.0,0,84643086,40,,Azpeitia,"Urola Kosta, Guipúzcoa",,0
115000,1.0,1.0,0,84643167,40,,Azpeitia,"Urola Kosta, Guipúzcoa",,0
120000,1.0,1.0,0,84643259,40,,Azpeitia,"Urola Kosta, Guipúzcoa",,0
1850000,4.0,7.0,7,84386849,15000,,Getaria,"Urola Kosta, Guipúzcoa",1993,1
345000,1.0,1.0,0,84636670,164,94,Orio,"Urola Kosta, Guipúzcoa",,1
300000,2.0,4.0,0,84665766,113,102,Zumaia,"Urola Kosta, Guipúzcoa",,0
650000,1.0,4.0,9,84830795,705,640,Orio,"Urola Kosta, Guipúzcoa",2014,1
590000,2.0,4.0,0,84878214,125,,Zarautz,"Urola Kosta, Guipúzcoa",,0
145000,1.0,2.0,0,84643106,58,,Azpeitia,"Urola Kosta, Guipúzcoa",,0
160000,1.0,2.0,0,84643227,58,,Azpeitia,"Urola Kosta, Guipúzcoa",,0
170000,1.0,2.0,0,84643299,50,,Azpeitia,"Urola Kosta, Guipúzcoa",,0
245000,2.0,3.0,6,84643354,86,,Azpeitia,"Urola Kosta, Guipúzcoa",,0
380000,2.0,4.0,1,84807156,3300,,Aia,"Urola Kosta, Guipúzcoa",,1
85000,1.0,2.0,0,84868654,86,75,Azpeitia,"Urola Kosta, Guipúzcoa",1959,0
270000,3.0,4.0,10,82080846,11000,250,Zestoa,"Urola Kosta, Guipúzcoa",,0
112000,1.0,1.0,0,84675525,55,46,Azpeitia,"Urola Kosta, Guipúzcoa",2003,0
700000,2.0,3.0,0,84787776,126,110,Zarautz,"Urola Kosta, Guipúzcoa",,0
320000,2.0,4.0,0,40120585,135,128,Azpeitia,"Urola Kosta, Guipúzcoa",1977,1
250000,2.0,3.0,10,82040461,207,180,Aia,"Urola Kosta, Guipúzcoa",2004,0
200000,1.0,2.0,0,378635,55,,Orio,"Urola Kosta, Guipúzcoa",,0
199000,1.0,3.0,0,84784925,85,80,Orio,"Urola Kosta, Guipúzcoa",1950,0
260000,2.0,4.0,0,82716214,140,114,Azpeitia,"Urola Kosta, Guipúzcoa",,0
170000,1.0,2.0,0,83764583,47,46,Orio,"Urola Kosta, Guipúzcoa",,0
349000,2.0,3.0,0,83772901,100,83,Orio,"Urola Kosta, Guipúzcoa",2006,1
450000,2.0,3.0,0,84048370,99,85,Zarautz,"Urola Kosta, Guipúzcoa",1965,0
215759,2.0,3.0,0,39845269,87,,Azkoitia,"Urola Kosta, Guipúzcoa",,0
121128,1.0,1.0,0,39845256,46,,Azkoitia,"Urola Kosta, Guipúzcoa",,0
162766,2.0,2.0,0,39845262,69,,Azkoitia,"Urola Kosta, Guipúzcoa",,0
179900,2.0,2.0,0,82448365,71,,Aia,"Urola Kosta, Guipúzcoa",,1
410000,2.0,4.0,6,35970428,110,95,Orio,"Urola Kosta, Guipúzcoa",1982,1
179000,2.0,3.0,0,39199208,138,130,Aia,"Urola Kosta, Guipúzcoa",1978,0
382720,2.0,3.0,0,39677893,84,,Getaria,"Urola Kosta, Guipúzcoa",,0
283250,2.0,2.0,0,39687359,101,,Azpeitia,"Urola Kosta, Guipúzcoa",,0
125000,1.0,4.0,0,81308890,141,,Azkoitia,"Urola Kosta, Guipúzcoa",,0
549000,2.0,3.0,0,81946778,157,,Zarautz,"Urola Kosta, Guipúzcoa",,0
245000,2.0,3.0,0,82929542,93,,Aia,"Urola Kosta, Guipúzcoa",,1
458500,2.0,2.0,0,84246174,85,75,Orio,"Urola Kosta, Guipúzcoa",2008,1
370000,2.0,3.0,6,82006331,82,81,Orio,"Urola Kosta, Guipúzcoa",2015,1
365000,0.0,0.0,2,84120524,28000,212,Orio,"Urola Kosta, Guipúzcoa",,0
899900,2.0,3.0,0,40450828,135,117,Zarautz,"Urola Kosta, Guipúzcoa",,1
359000,2.0,3.0,0,81369311,83,77,Zarautz,"Urola Kosta, Guipúzcoa",1933,0
498000,4.0,3.0,3,82606533,380,334,Aia,"Urola Kosta, Guipúzcoa",,1
price,0.0,0.0,11,house_id,m2_real,m2_useful,loc_city,loc_zone,construct_date,1
191800,1.0,0.0,12,84712875,77,72,Beasain,"Goierri, Guipúzcoa",1930,0
160000,1.0,3.0,0,81345042,78,,Zegama,"Goierri, Guipúzcoa",,1
95000,1.0,3.0,0,82175660,80,,Legazpia,"Goierri, Guipúzcoa",,0
180000,1.0,2.0,0,34959768,67,,Beasain,"Goierri, Guipúzcoa",,0
220000,2.0,4.0,0,39199263,180,160,Urretxu,"Goierri, Guipúzcoa",,1
85000,1.0,2.0,0,33786712,70,,Zumarraga,"Goierri, Guipúzcoa",,0
110000,1.0,1.0,0,35869116,40,39,Ordizia,"Goierri, Guipúzcoa",,0
260000,2.0,3.0,0,29351568,90,,Beasain,"Goierri, Guipúzcoa",,1
139500,1.0,2.0,7,40144735,800,154,Legazpia,"Goierri, Guipúzcoa",,0
120000,1.0,2.0,0,2159683,60,,Zumarraga,"Goierri, Guipúzcoa",,0
69000,1.0,0.0,12,25149094,48,42,Legazpia,"Goierri, Guipúzcoa",,0
170000,1.0,3.0,0,34791064,60,55,Ordizia,"Goierri, Guipúzcoa",,0
360000,3.0,3.0,3,81657741,260,,Arama,"Goierri, Guipúzcoa",,1
220000,2.0,3.0,0,35170718,91,89,Itsasondo,"Goierri, Guipúzcoa",,0
105000,1.0,4.0,0,38475271,90,,Urretxu,"Goierri, Guipúzcoa",,0
150000,1.0,3.0,0,26315725,70,,Urretxu,"Goierri, Guipúzcoa",,0
160000,2.0,3.0,0,81432996,87,,Itsasondo,"Goierri, Guipúzcoa",,0
135000,1.0,2.0,0,81924251,110,,Mutiloa,"Goierri, Guipúzcoa",,1
430000,3.0,4.0,10,39200688,210,,Lazkao,"Goierri, Guipúzcoa",,1
90000,1.0,3.0,0,36012920,70,60,Zumarraga,"Goierri, Guipúzcoa",,0
250000,2.0,3.0,0,37322760,100,98,Ataun,"Goierri, Guipúzcoa",,1
100000,1.0,3.0,0,38064478,75,,Idiazabal,"Goierri, Guipúzcoa",,1
87000,1.0,3.0,0,28865699,106,,Segura,"Goierri, Guipúzcoa",,0
290000,2.0,3.0,0,36383061,103,100,Beasain,"Goierri, Guipúzcoa",,1
85000,2.0,1.0,13,39663407,2000,100,Zegama,"Goierri, Guipúzcoa",,0
150000,1.0,3.0,0,31664052,82,69,Beasain,"Goierri, Guipúzcoa",,0
99000,1.0,3.0,0,34969866,80,,Zumarraga,"Goierri, Guipúzcoa",,0
60000,1.0,3.0,0,38024028,66,,Zegama,"Goierri, Guipúzcoa",,0
75000,1.0,4.0,0,38778759,85,80,Zumarraga,"Goierri, Guipúzcoa",,0
185000,1.0,1.0,0,40007491,59,,Beasain,"Goierri, Guipúzcoa",,1
168000,1.0,3.0,0,83789517,85,,Ormaiztegi,"Goierri, Guipúzcoa",,0
98000,1.0,2.0,0,81863177,82,72,Ormaiztegi,"Goierri, Guipúzcoa",,0
170000,1.0,2.0,0,83837175,85,,Ezkio-Itsaso,"Goierri, Guipúzcoa",,1
300000,1.0,3.0,1,84304659,100,,Idiazabal,"Goierri, Guipúzcoa",,0
426000,3.0,4.0,10,84357444,240,210,Lazkao,"Goierri, Guipúzcoa",,1
125000,1.0,1.0,0,37485626,50,47,Ordizia,"Goierri, Guipúzcoa",2019,0
320000,2.0,3.0,3,40420950,300,,Ormaiztegi,"Goierri, Guipúzcoa",,0
180000,2.0,3.0,0,81205975,76,,Lazkao,"Goierri, Guipúzcoa",,1
84500,1.0,3.0,0,84724508,87,,Zumarraga,"Goierri, Guipúzcoa",,0
143000,1.0,4.0,0,35237648,119,,Zumarraga,"Goierri, Guipúzcoa",,0
57000,1.0,2.0,0,30783435,72,,Zegama,"Goierri, Guipúzcoa",,0
153900,1.0,2.0,0,39673600,86,69,Ordizia,"Goierri, Guipúzcoa",,0
149000,1.0,2.0,0,27714087,60,,Beasain,"Goierri, Guipúzcoa",,0
80000,1.0,3.0,0,27491868,90,,Ataun,"Goierri, Guipúzcoa",,1
83000,1.0,3.0,0,27652377,79,70,Beasain,"Goierri, Guipúzcoa",,0
180000,1.0,2.0,0,25835181,74,68,Zaldibia,"Goierri, Guipúzcoa",,0
139000,1.0,3.0,0,81520339,70,,Legazpia,"Goierri, Guipúzcoa",,1
250000,2.0,3.0,0,84764027,89,,Ormaiztegi,"Goierri, Guipúzcoa",1980,0
300000,1.0,6.0,1,37938877,2500,700,Ormaiztegi,"Goierri, Guipúzcoa",,0
399000,1.0,5.0,2,38844567,20000,,Segura,"Goierri, Guipúzcoa",,1
139000,1.0,4.0,0,39611504,80,,Lazkao,"Goierri, Guipúzcoa",,1
395000,1.0,4.0,7,81835319,4100,,Beasain,"Goierri, Guipúzcoa",,0
295000,3.0,3.0,10,82514234,220,186,Altzaga,"Goierri, Guipúzcoa",,1
157971,2.0,3.0,0,82573799,82,,Ordizia,"Goierri, Guipúzcoa",,1
168283,1.0,3.0,0,1831611,80,,Legazpia,"Goierri, Guipúzcoa",,0
180500,1.0,2.0,0,1649367,67,,Beasain,"Goierri, Guipúzcoa",,0
160000,1.0,2.0,0,28746228,70,,Segura,"Goierri, Guipúzcoa",,0
300000,4.0,4.0,3,31342451,25000,,Ezkio-Itsaso,"Goierri, Guipúzcoa",,0
120000,2.0,7.0,5,31456161,180,,Zerain,"Goierri, Guipúzcoa",,0
49000,1.0,1.0,8,34065814,40,,Urretxu,"Goierri, Guipúzcoa",,0
163000,2.0,3.0,0,34700680,95,,Ataun,"Goierri, Guipúzcoa",,1
90000,1.0,3.0,0,39265745,74,,Legazpia,"Goierri, Guipúzcoa",,1
145000,1.0,2.0,8,40524355,65,,Beasain,"Goierri, Guipúzcoa",,0
175000,1.0,3.0,0,82058484,90,,Zumarraga,"Goierri, Guipúzcoa",,0
185000,2.0,4.0,2,82366070,10000,,Zegama,"Goierri, Guipúzcoa",,0
175000,2.0,3.0,0,82700071,100,,Beasain,"Goierri, Guipúzcoa",,1
180000,2.0,2.0,0,82963467,82,68,Zumarraga,"Goierri, Guipúzcoa",,0
125000,1.0,3.0,0,83072192,52,,Beasain,"Goierri, Guipúzcoa",,0
160000,1.0,4.0,7,83097988,70000,,Gainza,"Goierri, Guipúzcoa",,0
185000,1.0,4.0,2,83546113,9000,155,Zerain,"Goierri, Guipúzcoa",,0
190000,1.0,2.0,0,84132540,72,66,Segura,"Goierri, Guipúzcoa",,1
220000,2.0,3.0,0,25220141,110,100,Ormaiztegi,"Goierri, Guipúzcoa",,0
260000,2.0,5.0,7,27507158,28000,387,Gabiria,"Goierri, Guipúzcoa",,1
140000,2.0,3.0,0,27714356,74,,Legazpia,"Goierri, Guipúzcoa",,0
175000,1.0,3.0,0,29273336,75,,Urretxu,"Goierri, Guipúzcoa",,0
180000,2.0,3.0,6,29753570,140,,Mutiloa,"Goierri, Guipúzcoa",,0
130000,1.0,2.0,0,30276256,62,,Zumarraga,"Goierri, Guipúzcoa",,0
100000,1.0,3.0,0,31356565,70,65,Ordizia,"Goierri, Guipúzcoa",,0
135000,1.0,3.0,0,32917559,75,,Legazpia,"Goierri, Guipúzcoa",,0
120000,1.0,3.0,0,36258907,75,70,Ordizia,"Goierri, Guipúzcoa",,0
210000,2.0,3.0,0,38028077,75,,Zaldibia,"Goierri, Guipúzcoa",2002,1
180304,1.0,3.0,0,408736,65,,Beasain,"Goierri, Guipúzcoa",,0
175000,1.0,2.0,0,39664471,60,,Ordizia,"Goierri, Guipúzcoa",,0
90000,1.0,3.0,0,39675858,57,,Ordizia,"Goierri, Guipúzcoa",,0
185000,1.0,3.0,0,82690846,90,,Idiazabal,"Goierri, Guipúzcoa",,0
190000,1.0,3.0,0,26525921,70,65,Beasain,"Goierri, Guipúzcoa",,0
220000,2.0,3.0,0,83557672,105,,Beasain,"Goierri, Guipúzcoa",,0
110000,1.0,3.0,8,84679819,83,,Lazkao,"Goierri, Guipúzcoa",,0
92000,1.0,2.0,0,35162291,65,61,Ataun,"Goierri, Guipúzcoa",2010,1
97000,1.0,2.0,8,35162294,60,57,Ataun,"Goierri, Guipúzcoa",2010,1
112000,1.0,2.0,0,81390912,75,71,Ataun,"Goierri, Guipúzcoa",2002,1
175000,2.0,2.0,0,40362451,96,70,Zegama,"Goierri, Guipúzcoa",2007,1
85000,1.0,2.0,0,36155414,52,45,Zumarraga,"Goierri, Guipúzcoa",1963,0
137000,1.0,3.0,0,36155187,87,79,Zumarraga,"Goierri, Guipúzcoa",1972,0
156000,1.0,3.0,0,36155201,98,77,Zumarraga,"Goierri, Guipúzcoa",1975,0
90000,1.0,2.0,0,81600137,58,50,Zumarraga,"Goierri, Guipúzcoa",1968,0
550000,2.0,5.0,1,82760191,500,400,Ataun,"Goierri, Guipúzcoa",,1
130000,1.0,4.0,0,36155275,88,80,Urretxu,"Goierri, Guipúzcoa",1961,0
98000,1.0,1.0,0,84575478,95,,Segura,"Goierri, Guipúzcoa",,0
140000,1.0,3.0,0,340463,70,,Beasain,"Goierri, Guipúzcoa",,0
99500,1.0,3.0,0,1060687,101,82,Urretxu,"Goierri, Guipúzcoa",,0
79000,1.0,2.0,8,26295073,49,47,Urretxu,"Goierri, Guipúzcoa",,0
180000,1.0,3.0,0,27224877,91,89,Ordizia,"Goierri, Guipúzcoa",,0
162000,2.0,3.0,0,29016906,93,80,Segura,"Goierri, Guipúzcoa",,0
120000,1.0,2.0,0,29048118,65,,Beasain,"Goierri, Guipúzcoa",,0
186000,3.0,3.0,6,29348355,104,100,Ataun,"Goierri, Guipúzcoa",,1
200000,2.0,2.0,0,29720907,69,,Lazkao,"Goierri, Guipúzcoa",,1
115000,1.0,4.0,0,30494934,85,,Legazpia,"Goierri, Guipúzcoa",,0
180000,1.0,3.0,0,31296656,75,,Beasain,"Goierri, Guipúzcoa",,0
165000,1.0,2.0,0,32161767,70,64,Ordizia,"Goierri, Guipúzcoa",,0
107000,1.0,3.0,0,32322789,66,,Zumarraga,"Goierri, Guipúzcoa",,0
130000,1.0,5.0,0,33385160,90,87,Urretxu,"Goierri, Guipúzcoa",,0
174000,2.0,3.0,0,34318978,85,82,Ezkio-Itsaso,"Goierri, Guipúzcoa",,1
165000,1.0,4.0,0,34650497,115,,Zumarraga,"Goierri, Guipúzcoa",,0
180000,3.0,3.0,6,34911037,120,,Itsasondo,"Goierri, Guipúzcoa",,0
183500,2.0,3.0,0,35662311,103,93,Ordizia,"Goierri, Guipúzcoa",,0
200000,2.0,3.0,0,1766154,90,,Ormaiztegi,"Goierri, Guipúzcoa",,0
95000,1.0,2.0,0,2062755,50,,Beasain,"Goierri, Guipúzcoa",,0
102000,1.0,3.0,0,36352382,80,77,Legazpia,"Goierri, Guipúzcoa",,0
162000,2.0,3.0,0,36836918,110,,Legazpia,"Goierri, Guipúzcoa",,0
230000,2.0,3.0,0,38077839,113,,Ataun,"Goierri, Guipúzcoa",,1
135000,1.0,3.0,0,38122222,85,70,Legazpia,"Goierri, Guipúzcoa",,0
169000,1.0,2.0,0,39006429,67,,Idiazabal,"Goierri, Guipúzcoa",,1
205000,2.0,2.0,0,39445355,64,,Zaldibia,"Goierri, Guipúzcoa",,1
139000,1.0,4.0,0,39611711,80,,Lazkao,"Goierri, Guipúzcoa",,1
180000,2.0,3.0,0,39691524,90,,Ormaiztegi,"Goierri, Guipúzcoa",,0
90000,1.0,3.0,0,39805784,90,85,Zegama,"Goierri, Guipúzcoa",,0
190000,2.0,3.0,0,39837921,80,75,Beasain,"Goierri, Guipúzcoa",,0
100000,1.0,3.0,0,39996396,70,,Zumarraga,"Goierri, Guipúzcoa",,0
110000,1.0,3.0,0,30215245,85,83,Legazpia,"Goierri, Guipúzcoa",,0
299000,1.0,3.0,3,40402484,10000,,Gabiria,"Goierri, Guipúzcoa",,1
200000,2.0,5.0,0,81140430,120,114,Zumarraga,"Goierri, Guipúzcoa",,0
115000,1.0,3.0,0,81291221,85,70,Legazpia,"Goierri, Guipúzcoa",,0
180000,1.0,3.0,0,81536728,130,,Segura,"Goierri, Guipúzcoa",2006,0
89000,1.0,3.0,0,81700117,84,,Legazpia,"Goierri, Guipúzcoa",,0
180000,2.0,3.0,0,81872169,157,,Zerain,"Goierri, Guipúzcoa",,1
187000,1.0,4.0,13,81878641,7500,,Ataun,"Goierri, Guipúzcoa",,0
126600,1.0,3.0,0,81977401,75,67,Legazpia,"Goierri, Guipúzcoa",,0
145800,1.0,3.0,0,81977505,77,70,Legazpia,"Goierri, Guipúzcoa",,0
150000,1.0,3.0,0,29270310,80,,Itsasondo,"Goierri, Guipúzcoa",,1
109000,1.0,3.0,0,82482777,63,61,Zumarraga,"Goierri, Guipúzcoa",1965,0
79000,1.0,3.0,0,82564098,80,64,Ormaiztegi,"Goierri, Guipúzcoa",,0
185000,2.0,3.0,0,38507557,80,75,Lazkao,"Goierri, Guipúzcoa",,0
160000,1.0,3.0,0,82858148,80,,Urretxu,"Goierri, Guipúzcoa",,0
292000,2.0,3.0,0,83219594,110,98,Zumarraga,"Goierri, Guipúzcoa",,1
165000,2.0,3.0,0,83244752,85,75,Zegama,"Goierri, Guipúzcoa",2006,0
170000,2.0,2.0,0,83327816,80,70,Urretxu,"Goierri, Guipúzcoa",,0
110000,1.0,3.0,0,83624272,83,,Lazkao,"Goierri, Guipúzcoa",,0
140000,1.0,4.0,0,83625329,92,91,Zegama,"Goierri, Guipúzcoa",,0
240000,2.0,3.0,0,83902072,109,83,Zumarraga,"Goierri, Guipúzcoa",,0
155000,2.0,3.0,0,83929378,95,80,Ataun,"Goierri, Guipúzcoa",,1
75000,1.0,3.0,0,32670873,60,55,Zumarraga,"Goierri, Guipúzcoa",,0
250000,2.0,3.0,0,84045972,88,70,Ordizia,"Goierri, Guipúzcoa",,0
300000,1.0,3.0,1,84065962,20000,,Zegama,"Goierri, Guipúzcoa",,0
169000,1.0,2.0,0,38252131,50,,Beasain,"Goierri, Guipúzcoa",,0
430000,3.0,4.0,1,84187851,330,300,Ataun,"Goierri, Guipúzcoa",2019,1
120000,2.0,3.0,0,84429631,101,,Legazpia,"Goierri, Guipúzcoa",,0
75900,1.0,2.0,0,31719185,79,61,Ataun,"Goierri, Guipúzcoa",,0
160400,1.0,4.0,0,31723115,106,82,Beasain,"Goierri, Guipúzcoa",,0
137000,1.0,3.0,0,36667189,117,,Lazkao,"Goierri, Guipúzcoa",,0
385000,2.0,3.0,4,38120635,150,,Idiazabal,"Goierri, Guipúzcoa",,0
250000,1.0,4.0,0,84538030,120,,Legazpia,"Goierri, Guipúzcoa",,0
110000,1.0,3.0,0,35464711,70,65,Ordizia,"Goierri, Guipúzcoa",,0
210000,1.0,2.0,0,30563442,94,84,Zegama,"Goierri, Guipúzcoa",,1
190000,1.0,3.0,0,83600784,80,72,Ormaiztegi,"Goierri, Guipúzcoa",,0
46100,2.0,4.0,0,34465455,92,74,Zumarraga,"Goierri, Guipúzcoa",,0
170000,1.0,3.0,0,34972275,85,70,Ordizia,"Goierri, Guipúzcoa",,1
196000,1.0,3.0,0,38144660,119,97,Legazpia,"Goierri, Guipúzcoa",1957,0
182000,1.0,2.0,0,38375515,83,67,Zumarraga,"Goierri, Guipúzcoa",,0
161000,1.0,2.0,0,39868072,100,,Beasain,"Goierri, Guipúzcoa",,0
120000,1.0,2.0,0,40380383,78,63,Ordizia,"Goierri, Guipúzcoa",1957,0
155000,2.0,3.0,0,81239837,80,,Ordizia,"Goierri, Guipúzcoa",,1
133000,1.0,3.0,0,81832418,65,49,Beasain,"Goierri, Guipúzcoa",,0
90000,1.0,1.0,0,83026893,66,58,Zaldibia,"Goierri, Guipúzcoa",2009,0
159000,1.0,3.0,0,25624546,92,74,Beasain,"Goierri, Guipúzcoa",,0
182760,2.0,2.0,0,35424982,64,60,Lazkao,"Goierri, Guipúzcoa",,1
108000,1.0,3.0,0,36384623,65,60,Zumarraga,"Goierri, Guipúzcoa",,0
84000,1.0,3.0,0,39486613,60,57,Lazkao,"Goierri, Guipúzcoa",1965,0
120000,1.0,3.0,0,84144320,90,67,Ordizia,"Goierri, Guipúzcoa",,0
78750,1.0,2.0,0,84605094,41,,Urretxu,"Goierri, Guipúzcoa",1957,0
78750,1.0,2.0,0,84673611,41,,Urretxu,"Goierri, Guipúzcoa",,0
125000,1.0,3.0,0,1457722,65,,Beasain,"Goierri, Guipúzcoa",,0
95000,1.0,2.0,0,1462976,70,,Itsasondo,"Goierri, Guipúzcoa",,0
240000,2.0,3.0,0,25896765,80,,Beasain,"Goierri, Guipúzcoa",,0
106000,1.0,3.0,0,25934640,85,,Zaldibia,"Goierri, Guipúzcoa",,0
120000,1.0,3.0,0,25935102,70,,Ordizia,"Goierri, Guipúzcoa",,0
430000,3.0,4.0,3,25938991,160,,Olaberria,"Goierri, Guipúzcoa",,1
125000,1.0,4.0,0,26803768,82,,Zaldibia,"Goierri, Guipúzcoa",,0
150000,1.0,3.0,0,26869917,76,,Beasain,"Goierri, Guipúzcoa",,0
137000,1.0,2.0,0,26928000,68,,Zumarraga,"Goierri, Guipúzcoa",,0
425000,2.0,3.0,5,27242569,470,,Zerain,"Goierri, Guipúzcoa",,1
180000,1.0,3.0,0,27410410,75,,Beasain,"Goierri, Guipúzcoa",,0
130000,1.0,3.0,0,27478369,76,,Zegama,"Goierri, Guipúzcoa",,0
69000,1.0,2.0,0,30073815,52,,Zegama,"Goierri, Guipúzcoa",,0
95000,1.0,2.0,0,31096099,53,,Beasain,"Goierri, Guipúzcoa",,0
125000,1.0,2.0,0,33448782,67,65,Zumarraga,"Goierri, Guipúzcoa",,0
140000,1.0,0.0,12,30311167,65,63,Urretxu,"Goierri, Guipúzcoa",,0
155000,1.0,2.0,0,35074381,56,55,Zumarraga,"Goierri, Guipúzcoa",,0
63000,1.0,2.0,0,1428268,80,,Zumarraga,"Goierri, Guipúzcoa",,0
1050000,5.0,8.0,1,37252371,2400,,Legazpia,"Goierri, Guipúzcoa",,0
174700,2.0,3.0,0,39093318,962,,Urretxu,"Goierri, Guipúzcoa",,0
385000,2.0,3.0,0,38141275,150,,Idiazabal,"Goierri, Guipúzcoa",,0
110000,1.0,2.0,0,40315566,65,60,Zumarraga,"Goierri, Guipúzcoa",1962,0
73000,1.0,2.0,0,40315854,52,,Zumarraga,"Goierri, Guipúzcoa",1960,0
180000,2.0,3.0,3,40356430,80,,Ezkio-Itsaso,"Goierri, Guipúzcoa",,0
275000,2.0,4.0,3,40421256,220,,Idiazabal,"Goierri, Guipúzcoa",,1
450000,2.0,3.0,1,40458992,20000,,Beasain,"Goierri, Guipúzcoa",,1
150000,1.0,3.0,0,40502993,65,,Beasain,"Goierri, Guipúzcoa",,0
185400,1.0,2.0,0,40536160,70,,Beasain,"Goierri, Guipúzcoa",,0
100000,1.0,2.0,0,40536225,47,,Beasain,"Goierri, Guipúzcoa",,0
186000,1.0,3.0,0,81179712,70,,Idiazabal,"Goierri, Guipúzcoa",,0
60000,1.0,3.0,0,81179848,55,,Idiazabal,"Goierri, Guipúzcoa",,0
240000,1.0,3.0,0,81192610,80,,Lazkao,"Goierri, Guipúzcoa",,0
208000,2.0,3.0,0,81205765,90,,Lazkao,"Goierri, Guipúzcoa",,1
95000,1.0,2.0,0,81206109,76,,Ordizia,"Goierri, Guipúzcoa",,0
70000,1.0,3.0,0,81239318,47,,Olaberria,"Goierri, Guipúzcoa",,0
235000,2.0,3.0,3,81384006,158,,Ezkio-Itsaso,"Goierri, Guipúzcoa",,1
87000,1.0,3.0,0,82842298,90,80,Urretxu,"Goierri, Guipúzcoa",,0
1050000,4.0,8.0,1,84438376,970,880,Legazpia,"Goierri, Guipúzcoa",,1
137000,1.0,4.0,0,83282727,180,,Zegama,"Goierri, Guipúzcoa",1920,0
149500,2.0,3.0,0,40465323,95,75,Zaldibia,"Goierri, Guipúzcoa",2008,1
65000,1.0,2.0,8,33449254,51,50,Urretxu,"Goierri, Guipúzcoa",,0
50900,1.0,2.0,0,37204839,60,53,Beasain,"Goierri, Guipúzcoa",1923,0
135000,1.0,1.0,0,39334318,50,46,Legazpia,"Goierri, Guipúzcoa",2006,0
99500,1.0,3.0,0,83489763,80,,Ordizia,"Goierri, Guipúzcoa",,0
129000,1.0,3.0,0,29592805,70,,Legazpia,"Goierri, Guipúzcoa",,1
130000,1.0,3.0,0,25327991,92,80,Ordizia,"Goierri, Guipúzcoa",,1
145000,2.0,3.0,0,34569793,85,80,Urretxu,"Goierri, Guipúzcoa",,0
152100,2.0,2.0,0,36407708,60,55,Zumarraga,"Goierri, Guipúzcoa",,0
155000,1.0,3.0,0,40309033,81,75,Ordizia,"Goierri, Guipúzcoa",,0
60000,1.0,2.0,0,82841200,60,55,Legazpia,"Goierri, Guipúzcoa",1959,0
171717,2.0,3.0,0,82996873,96,88,Ordizia,"Goierri, Guipúzcoa",,1
157971,2.0,3.0,0,82997425,90,82,Ordizia,"Goierri, Guipúzcoa",,1
85000,1.0,2.0,0,83020892,60,54,Urretxu,"Goierri, Guipúzcoa",1900,0
165000,1.0,3.0,0,83028750,90,78,Zumarraga,"Goierri, Guipúzcoa",,0
112500,1.0,2.0,0,83789554,66,60,Zumarraga,"Goierri, Guipúzcoa",1957,0
187000,2.0,3.0,0,83943219,90,78,Lazkao,"Goierri, Guipúzcoa",,1
180000,1.0,3.0,0,84057689,80,70,Beasain,"Goierri, Guipúzcoa",,0
160000,1.0,2.0,0,1413051,57,,Beasain,"Goierri, Guipúzcoa",,0
500000,2.0,3.0,1,1423636,600,,Mutiloa,"Goierri, Guipúzcoa",,1
300000,2.0,3.0,0,1423458,94,,Ormaiztegi,"Goierri, Guipúzcoa",,1
275000,4.0,3.0,3,1451587,180,,Gainza,"Goierri, Guipúzcoa",,1
222000,1.0,3.0,1,1454000,100,,Ataun,"Goierri, Guipúzcoa",,0
300000,2.0,4.0,3,1452596,230,,Zaldibia,"Goierri, Guipúzcoa",,1
360000,2.0,3.0,3,25282906,150,,Ormaiztegi,"Goierri, Guipúzcoa",,0
250000,2.0,3.0,0,25413065,100,,Beasain,"Goierri, Guipúzcoa",,1
200000,1.0,2.0,0,25722942,72,,Ordizia,"Goierri, Guipúzcoa",,0
330000,2.0,3.0,3,25769317,240,,Idiazabal,"Goierri, Guipúzcoa",,1
145000,1.0,2.0,0,27240875,65,,Ordizia,"Goierri, Guipúzcoa",,0
189000,2.0,3.0,0,31096508,90,,Beasain,"Goierri, Guipúzcoa",,0
165000,2.0,3.0,0,31097165,75,,Beasain,"Goierri, Guipúzcoa",,0
192000,2.0,3.0,0,32406057,95,85,Ezkio-Itsaso,"Goierri, Guipúzcoa",2010,1
148000,1.0,2.0,0,32517527,67,60,Beasain,"Goierri, Guipúzcoa",,0
198000,1.0,3.0,0,32566189,70,62,Beasain,"Goierri, Guipúzcoa",,0
130000,1.0,3.0,0,34968277,68,67,Beasain,"Goierri, Guipúzcoa",,0
240000,2.0,3.0,0,34977775,91,90,Beasain,"Goierri, Guipúzcoa",,1
108000,1.0,3.0,0,35227019,61,60,Zumarraga,"Goierri, Guipúzcoa",,0
180000,1.0,3.0,0,36239300,133,92,Legazpia,"Goierri, Guipúzcoa",1960,0
120000,2.0,2.0,0,36370633,81,80,Zumarraga,"Goierri, Guipúzcoa",,0
270000,2.0,4.0,0,36371184,121,120,Legazpia,"Goierri, Guipúzcoa",,0
68000,1.0,3.0,0,37120221,75,,Zumarraga,"Goierri, Guipúzcoa",1960,0
75000,1.0,3.0,0,38943188,85,,Zumarraga,"Goierri, Guipúzcoa",1965,0
130000,1.0,3.0,0,39144124,72,63,Beasain,"Goierri, Guipúzcoa",1967,0
330000,2.0,4.0,0,39691890,140,,Urretxu,"Goierri, Guipúzcoa",1994,0
90000,1.0,3.0,0,39456971,78,,Legazpia,"Goierri, Guipúzcoa",1969,1
69000,1.0,1.0,0,40341394,48,,Legazpia,"Goierri, Guipúzcoa",,0
185000,2.0,3.0,0,40489512,90,,Ataun,"Goierri, Guipúzcoa",,1
80000,1.0,2.0,0,40501705,60,,Ataun,"Goierri, Guipúzcoa",,0
180000,1.0,3.0,0,40503415,78,,Beasain,"Goierri, Guipúzcoa",,0
185000,1.0,3.0,0,40503767,75,,Beasain,"Goierri, Guipúzcoa",,0
79000,1.0,3.0,0,40503976,65,,Beasain,"Goierri, Guipúzcoa",,0
100000,1.0,1.0,0,40549129,40,,Beasain,"Goierri, Guipúzcoa",,0
129000,1.0,3.0,0,40561391,80,,Beasain,"Goierri, Guipúzcoa",,0
185000,1.0,1.0,0,40561955,45,,Beasain,"Goierri, Guipúzcoa",,0
140000,1.0,3.0,0,40575876,80,,Beasain,"Goierri, Guipúzcoa",,0
100000,1.0,2.0,0,81150881,65,,Beasain,"Goierri, Guipúzcoa",,0
175000,2.0,4.0,0,81164791,110,,Urretxu,"Goierri, Guipúzcoa",1975,0
150000,1.0,3.0,0,81165489,69,,Beasain,"Goierri, Guipúzcoa",,0
98000,1.0,2.0,0,81178405,43,,Beasain,"Goierri, Guipúzcoa",,0
185000,1.0,2.0,0,81180036,65,,Idiazabal,"Goierri, Guipúzcoa",,1
159000,1.0,2.0,0,81180320,60,,Idiazabal,"Goierri, Guipúzcoa",2003,0
220000,2.0,3.0,0,81192076,91,,Itsasondo,"Goierri, Guipúzcoa",2006,0
245000,2.0,3.0,6,81192227,150,,Itsasondo,"Goierri, Guipúzcoa",,0
80000,1.0,2.0,0,81192420,70,,Itsasondo,"Goierri, Guipúzcoa",,0
234000,2.0,4.0,0,81193287,85,,Lazkao,"Goierri, Guipúzcoa",,0
240000,2.0,4.0,0,81239097,145,,Ordizia,"Goierri, Guipúzcoa",,0
180000,2.0,3.0,0,81240084,90,,Segura,"Goierri, Guipúzcoa",,1
49000,1.0,2.0,0,81240266,40,,Segura,"Goierri, Guipúzcoa",,0
150000,1.0,2.0,0,81240513,80,,Idiazabal,"Goierri, Guipúzcoa",,0
250000,2.0,3.0,0,81240754,87,,Zaldibia,"Goierri, Guipúzcoa",2012,1
50000,1.0,3.0,0,81301089,80,,Zegama,"Goierri, Guipúzcoa",,0
235000,2.0,3.0,3,81384423,164,,Ezkio-Itsaso,"Goierri, Guipúzcoa",,1
225000,1.0,3.0,1,81866713,20000,,Idiazabal,"Goierri, Guipúzcoa",,0
105000,0.0,0.0,9,82118662,195,130,Ataun,"Goierri, Guipúzcoa",,0
130000,1.0,3.0,0,82412465,80,,Zumarraga,"Goierri, Guipúzcoa",1995,1
105000,1.0,2.0,8,82611741,78,,Zaldibia,"Goierri, Guipúzcoa",1968,0
170000,1.0,3.0,0,82744429,75,,Urretxu,"Goierri, Guipúzcoa",1972,0
137000,1.0,3.0,0,82777773,87,78,Zumarraga,"Goierri, Guipúzcoa",,0
105000,1.0,3.0,0,82836487,62,,Ordizia,"Goierri, Guipúzcoa",1969,0
160000,1.0,3.0,0,83078169,79,,Zumarraga,"Goierri, Guipúzcoa",1963,0
90000,1.0,3.0,0,39443887,78,,Legazpia,"Goierri, Guipúzcoa",1969,0
159000,2.0,3.0,0,83436017,92,80,Segura,"Goierri, Guipúzcoa",1984,0
240000,2.0,3.0,0,83986387,108,,Zumarraga,"Goierri, Guipúzcoa",1996,1
152000,1.0,3.0,0,84614189,91,76,Legazpia,"Goierri, Guipúzcoa",,0
79000,1.0,3.0,0,34701361,90,85,Itsasondo,"Goierri, Guipúzcoa",,0
285000,2.0,4.0,1,38248886,10000,400,Ataun,"Goierri, Guipúzcoa",,0
100000,1.0,3.0,0,38658150,80,74,Lazkao,"Goierri, Guipúzcoa",,0
70000,1.0,2.0,0,38731194,50,47,Olaberria,"Goierri, Guipúzcoa",,0
351000,3.0,4.0,3,30137254,250,,Gabiria,"Goierri, Guipúzcoa",,1
115000,1.0,3.0,0,39596949,78,75,Lazkao,"Goierri, Guipúzcoa",,0
395000,2.0,5.0,1,35640949,255,250,Lazkao,"Goierri, Guipúzcoa",,1
200000,2.0,2.0,0,39911261,75,70,Lazkao,"Goierri, Guipúzcoa",2016,1
115000,1.0,2.0,0,40009040,55,51,Zumarraga,"Goierri, Guipúzcoa",2018,1
210000,3.0,4.0,7,81772574,30000,150,Legazpia,"Goierri, Guipúzcoa",,1
90000,1.0,3.0,0,81585182,78,70,Zumarraga,"Goierri, Guipúzcoa",1965,0
120000,1.0,3.0,0,36155346,88,80,Urretxu,"Goierri, Guipúzcoa",1963,0
130000,1.0,3.0,0,83073477,80,,Zumarraga,"Goierri, Guipúzcoa",,1
220000,2.0,3.0,0,83608367,90,85,Lazkao,"Goierri, Guipúzcoa",,0
175000,1.0,4.0,0,84230278,95,90,Lazkao,"Goierri, Guipúzcoa",,0
395000,6.0,6.0,3,32665409,400,,Legazpia,"Goierri, Guipúzcoa",1948,0
98000,1.0,3.0,0,38907772,94,90,Beasain,"Goierri, Guipúzcoa",,0
161000,1.0,2.0,0,39868552,100,,Beasain,"Goierri, Guipúzcoa",,0
275000,5.0,7.0,2,31606071,4200,,Zegama,"Goierri, Guipúzcoa",,0
136000,2.0,2.0,6,34575226,75,74,Lazkao,"Goierri, Guipúzcoa",,0
300000,2.0,6.0,1,34699182,35692,204,Ataun,"Goierri, Guipúzcoa",,1
250000,2.0,4.0,2,37775828,3850,,Zegama,"Goierri, Guipúzcoa",,0
60000,1.0,1.0,0,26516419,56,55,Idiazabal,"Goierri, Guipúzcoa",,0
135000,1.0,3.0,0,82428076,86,80,Zumarraga,"Goierri, Guipúzcoa",1995,0
65000,1.0,4.0,0,39378796,100,82,Legazpia,"Goierri, Guipúzcoa",,0
275000,2.0,4.0,3,1911557,240,180,Idiazabal,"Goierri, Guipúzcoa",,1
325000,3.0,4.0,6,25908822,165,140,Legazpia,"Goierri, Guipúzcoa",,1
300000,2.0,4.0,3,27661251,134,200,Legazpia,"Goierri, Guipúzcoa",,0
300000,1.0,3.0,1,28910702,360,,Idiazabal,"Goierri, Guipúzcoa",,1
285000,2.0,4.0,4,37509793,650,,Ataun,"Goierri, Guipúzcoa",,0
105000,1.0,2.0,0,40514832,65,,Beasain,"Goierri, Guipúzcoa",,0
124000,1.0,2.0,0,82287089,64,,Legazpia,"Goierri, Guipúzcoa",,0
150000,1.0,3.0,0,83192374,114,100,Beasain,"Goierri, Guipúzcoa",,0
60000,1.0,3.0,0,83592504,75,70,Legazpia,"Goierri, Guipúzcoa",1970,0
120000,1.0,4.0,0,26074675,96,95,Zegama,"Goierri, Guipúzcoa",,0
140000,1.0,2.0,0,83928201,65,60,Ormaiztegi,"Goierri, Guipúzcoa",,0
280000,2.0,3.0,0,84531552,120,98,Zumarraga,"Goierri, Guipúzcoa",,1
150000,1.0,4.0,0,84541016,120,100,Zumarraga,"Goierri, Guipúzcoa",,0
80000,1.0,2.0,0,84547001,60,56,Zumarraga,"Goierri, Guipúzcoa",,0
136000,2.0,2.0,6,84643320,73,59,Lazkao,"Goierri, Guipúzcoa",2005,1
239000,2.0,3.0,0,33085319,97,,Beasain,"Goierri, Guipúzcoa",,0
99500,1.0,3.0,0,33898165,91,87,Urretxu,"Goierri, Guipúzcoa",,0
78000,1.0,3.0,0,34737313,62,58,Zumarraga,"Goierri, Guipúzcoa",,0
95000,1.0,2.0,0,36354579,67,60,Zumarraga,"Goierri, Guipúzcoa",1959,0
95000,1.0,2.0,0,36591614,55,50,Beasain,"Goierri, Guipúzcoa",,0
129000,1.0,3.0,0,37632998,86,82,Beasain,"Goierri, Guipúzcoa",,0
170000,1.0,3.0,0,38327752,78,75,Lazkao,"Goierri, Guipúzcoa",,0
70000,1.0,1.0,0,39670110,35,30,Urretxu,"Goierri, Guipúzcoa",1957,0
120000,1.0,2.0,0,40314721,65,60,Zumarraga,"Goierri, Guipúzcoa",1964,0
115000,1.0,2.0,0,81217435,69,65,Zumarraga,"Goierri, Guipúzcoa",1968,0
85000,1.0,1.0,0,81238639,55,44,Zumarraga,"Goierri, Guipúzcoa",2010,0
200000,2.0,4.0,0,81239185,120,117,Zumarraga,"Goierri, Guipúzcoa",1952,0
72000,1.0,3.0,0,81254070,76,73,Zumarraga,"Goierri, Guipúzcoa",1968,0
140000,1.0,3.0,0,81583470,87,84,Ordizia,"Goierri, Guipúzcoa",1964,0
90000,1.0,2.0,0,81728175,53,50,Zumarraga,"Goierri, Guipúzcoa",1968,0
78000,1.0,3.0,0,81711881,45,42,Urretxu,"Goierri, Guipúzcoa",1955,0
150000,2.0,4.0,0,81771726,120,115,Legazpia,"Goierri, Guipúzcoa",1961,1
128000,1.0,3.0,0,82338810,70,68,Zumarraga,"Goierri, Guipúzcoa",1961,0
185000,2.0,3.0,6,82591417,105,101,Zumarraga,"Goierri, Guipúzcoa",1988,0
89000,1.0,2.0,0,82591581,66,63,Zumarraga,"Goierri, Guipúzcoa",1963,0
60000,1.0,3.0,0,82691023,55,50,Urretxu,"Goierri, Guipúzcoa",1957,0
100000,1.0,3.0,0,83043024,68,60,Ordizia,"Goierri, Guipúzcoa",1969,0
187000,2.0,3.0,0,83533651,89,85,Lazkao,"Goierri, Guipúzcoa",,0
165000,1.0,4.0,0,83658974,98,92,Zumarraga,"Goierri, Guipúzcoa",1964,0
420000,2.0,4.0,3,83659623,200,140,Lazkao,"Goierri, Guipúzcoa",,1
125000,1.0,2.0,0,83760316,50,46,Zumarraga,"Goierri, Guipúzcoa",1970,0
69000,1.0,3.0,0,83874144,59,55,Zumarraga,"Goierri, Guipúzcoa",1968,0
100000,1.0,3.0,0,83905413,65,63,Lazkao,"Goierri, Guipúzcoa",,0
245000,2.0,3.0,0,83944528,85,75,Lazkao,"Goierri, Guipúzcoa",,1
240000,2.0,3.0,0,84037483,109,,Zumarraga,"Goierri, Guipúzcoa",1995,1
230000,2.0,3.0,0,83956503,75,65,Lazkao,"Goierri, Guipúzcoa",,1
200000,2.0,3.0,0,84175656,86,81,Zumarraga,"Goierri, Guipúzcoa",1982,0
190000,1.0,2.0,0,83675228,85,81,Zegama,"Goierri, Guipúzcoa",2007,1
160000,2.0,3.0,0,84206528,80,75,Legazpia,"Goierri, Guipúzcoa",1979,1
135000,1.0,3.0,0,84494592,62,,Beasain,"Goierri, Guipúzcoa",,0
90000,1.0,3.0,0,1898279,95,85,Zegama,"Goierri, Guipúzcoa",,0
130000,2.0,4.0,0,1999863,88,,Ormaiztegi,"Goierri, Guipúzcoa",,0
220000,1.0,3.0,0,2047849,102,81,Beasain,"Goierri, Guipúzcoa",,0
54000,1.0,4.0,8,30999948,80,60,Legazpia,"Goierri, Guipúzcoa",,0
95000,1.0,2.0,0,38597152,74,68,Zumarraga,"Goierri, Guipúzcoa",1997,0
60000,1.0,2.0,8,83675059,62,61,Zaldibia,"Goierri, Guipúzcoa",1960,0
457500,3.0,5.0,3,84651852,227,220,Urretxu,"Goierri, Guipúzcoa",,1
154000,1.0,2.0,0,27344435,88,77,Mutiloa,"Goierri, Guipúzcoa",,1
350000,2.0,2.0,8,82932759,78,71,Beasain,"Goierri, Guipúzcoa",2010,1
306000,3.0,4.0,6,2104703,140,,Zaldibia,"Goierri, Guipúzcoa",,1
295000,2.0,4.0,2,27768698,1300,350,Zegama,"Goierri, Guipúzcoa",,1
189000,2.0,3.0,0,26721553,95,,Beasain,"Goierri, Guipúzcoa",,0
99000,1.0,2.0,8,28337268,70,,Legazpia,"Goierri, Guipúzcoa",,0
112000,1.0,3.0,0,28505146,75,73,Beasain,"Goierri, Guipúzcoa",1971,0
350000,2.0,4.0,13,32064471,65317,,Ezkio-Itsaso,"Goierri, Guipúzcoa",,0
290000,3.0,4.0,3,35630662,140,128,Zaldibia,"Goierri, Guipúzcoa",2005,1
112500,1.0,2.0,0,36287651,60,,Zumarraga,"Goierri, Guipúzcoa",,0
190000,1.0,4.0,0,37094766,90,,Zumarraga,"Goierri, Guipúzcoa",,0
195000,2.0,4.0,0,37566635,115,110,Beasain,"Goierri, Guipúzcoa",,0
165000,2.0,4.0,0,39293272,120,110,Zumarraga,"Goierri, Guipúzcoa",,0
159000,1.0,3.0,0,39715705,95,,Legazpia,"Goierri, Guipúzcoa",,0
400000,1.0,7.0,7,81273148,48500,,Zaldibia,"Goierri, Guipúzcoa",,1
105000,1.0,3.0,0,81575206,72,,Legazpia,"Goierri, Guipúzcoa",,1
525000,3.0,3.0,10,81892469,210,,Olaberria,"Goierri, Guipúzcoa",2003,1
70000,1.0,2.0,0,82510191,61,,Ataun,"Goierri, Guipúzcoa",,0
485000,2.0,5.0,4,82806661,180,160,Idiazabal,"Goierri, Guipúzcoa",,1
170000,1.0,2.0,0,82895382,67,,Idiazabal,"Goierri, Guipúzcoa",,0
75000,1.0,3.0,0,83477823,75,65,Legazpia,"Goierri, Guipúzcoa",,0
380000,2.0,3.0,3,30224175,74,124,Segura,"Goierri, Guipúzcoa",,1
80000,1.0,2.0,0,36868712,45,39,Ordizia,"Goierri, Guipúzcoa",,0
285000,3.0,3.0,10,82791332,170,,Ormaiztegi,"Goierri, Guipúzcoa",2005,1
128000,1.0,3.0,0,84220002,70,,Zumarraga,"Goierri, Guipúzcoa",,0
169000,1.0,2.0,0,84528117,60,,Beasain,"Goierri, Guipúzcoa",,0
60000,1.0,3.0,0,33868575,70,55,Zumarraga,"Goierri, Guipúzcoa",,0
80000,2.0,8.0,5,36122310,400,,Ataun,"Goierri, Guipúzcoa",,0
115000,1.0,3.0,0,37091865,85,70,Beasain,"Goierri, Guipúzcoa",,0
160000,2.0,5.0,3,39579814,429,,Ataun,"Goierri, Guipúzcoa",,1
245000,2.0,3.0,0,40513399,90,86,Ordizia,"Goierri, Guipúzcoa",,0
330000,0.0,12.0,9,82680964,700,600,Ordizia,"Goierri, Guipúzcoa",,1
182000,2.0,4.0,0,83709059,100,,Zumarraga,"Goierri, Guipúzcoa",,0
220000,2.0,3.0,0,83905504,135,,Beasain,"Goierri, Guipúzcoa",,0
215000,2.0,2.0,0,84459694,69,65,Zumarraga,"Goierri, Guipúzcoa",2010,0
110000,1.0,3.0,0,84525671,70,66,Legazpia,"Goierri, Guipúzcoa",1966,0
300000,2.0,4.0,10,84526150,134,199,Legazpia,"Goierri, Guipúzcoa",1956,0
80000,1.0,2.0,0,84643953,67,65,Zumarraga,"Goierri, Guipúzcoa",1968,0
45000,1.0,3.0,0,84645044,75,60,Legazpia,"Goierri, Guipúzcoa",1955,0
259000,2.0,4.0,3,84695547,40,90,Zumarraga,"Goierri, Guipúzcoa",1993,1
435000,4.0,4.0,3,33791039,270,,Lazkao,"Goierri, Guipúzcoa",,1
159000,2.0,3.0,7,29500195,40000,120,Idiazabal,"Goierri, Guipúzcoa",,0
96000,1.0,2.0,0,32300268,75,65,Legazpia,"Goierri, Guipúzcoa",,0
168000,1.0,3.0,0,84475699,80,,Lazkao,"Goierri, Guipúzcoa",,0
225000,2.0,3.0,6,84600303,160,150,Itsasondo,"Goierri, Guipúzcoa",2008,1
105000,1.0,2.0,0,32284492,81,80,Zaldibia,"Goierri, Guipúzcoa",,0
60000,1.0,2.0,0,31095585,60,,Beasain,"Goierri, Guipúzcoa",,0
102000,1.0,2.0,0,36123265,62,60,Zumarraga,"Goierri, Guipúzcoa",,0
167000,1.0,3.0,0,40340952,69,,Legazpia,"Goierri, Guipúzcoa",,0
90000,1.0,2.0,0,81771712,60,58,Ordizia,"Goierri, Guipúzcoa",1958,0
87000,1.0,3.0,0,82841760,70,62,Zumarraga,"Goierri, Guipúzcoa",1962,0
180000,2.0,3.0,0,39234443,93,,Ezkio-Itsaso,"Goierri, Guipúzcoa",2008,0
56000,3.0,2.0,0,81145702,84,70,Ordizia,"Goierri, Guipúzcoa",1900,0
85000,1.0,3.0,0,83321825,82,65,Legazpia,"Goierri, Guipúzcoa",1933,0
155500,1.0,3.0,0,81474552,67,,Beasain,"Goierri, Guipúzcoa",,0
140000,2.0,2.0,9,84442382,350,300,Zegama,"Goierri, Guipúzcoa",,0
435000,4.0,4.0,3,82330447,60,,Lazkao,"Goierri, Guipúzcoa",,1
286000,2.0,3.0,0,36155143,113,92,Zumarraga,"Goierri, Guipúzcoa",2006,0
185000,2.0,2.0,0,37472877,66,64,Ordizia,"Goierri, Guipúzcoa",2019,0
395000,2.0,5.0,1,39790674,200,150,Lazkao,"Goierri, Guipúzcoa",,1
175000,3.0,5.0,0,36155265,190,170,Zumarraga,"Goierri, Guipúzcoa",1900,0
170000,2.0,2.0,0,82619368,70,65,Urretxu,"Goierri, Guipúzcoa",2021,0
49000,1.0,2.0,0,84424233,65,59,Beasain,"Goierri, Guipúzcoa",,0
160000,1.0,3.0,0,81145714,101,78,Beasain,"Goierri, Guipúzcoa",1979,0
850000,3.0,5.0,1,82257201,20000,,Legazpia,"Goierri, Guipúzcoa",,1
310000,3.0,4.0,6,25366598,140,,Zaldibia,"Goierri, Guipúzcoa",,1
168000,1.0,3.0,0,30045603,100,,Urretxu,"Goierri, Guipúzcoa",,0
240000,2.0,3.0,0,30101487,100,88,Zaldibia,"Goierri, Guipúzcoa",,1
110000,1.0,3.0,0,30418422,80,,Urretxu,"Goierri, Guipúzcoa",,0
145000,1.0,3.0,0,30775184,70,,Legazpia,"Goierri, Guipúzcoa",,1
286000,2.0,3.0,0,33448952,95,92,Zumarraga,"Goierri, Guipúzcoa",,0
135000,2.0,6.0,0,33777513,171,170,Urretxu,"Goierri, Guipúzcoa",,0
90000,1.0,3.0,0,33778263,52,50,Urretxu,"Goierri, Guipúzcoa",,0
165000,1.0,2.0,0,33786554,71,70,Urretxu,"Goierri, Guipúzcoa",,0
120000,1.0,2.0,0,35167273,61,60,Zumarraga,"Goierri, Guipúzcoa",,0
185000,1.0,3.0,0,35336861,87,86,Zumarraga,"Goierri, Guipúzcoa",,0
155000,2.0,3.0,0,37398755,84,,Beasain,"Goierri, Guipúzcoa",1972,0
180000,2.0,3.0,0,39234799,93,,Ezkio-Itsaso,"Goierri, Guipúzcoa",2008,1
234000,2.0,3.0,0,39470091,83,73,Zaldibia,"Goierri, Guipúzcoa",2014,0
120000,0.0,0.0,0,40328011,150,,Zumarraga,"Goierri, Guipúzcoa",,0
95000,1.0,3.0,0,40328111,55,,Zumarraga,"Goierri, Guipúzcoa",,0
192000,2.0,3.0,0,36370837,86,85,Ezkio-Itsaso,"Goierri, Guipúzcoa",,1
300000,2.0,4.0,3,40352928,134,200,Legazpia,"Goierri, Guipúzcoa",,1
309000,3.0,3.0,3,40457349,183,,Altzaga,"Goierri, Guipúzcoa",,1
116000,2.0,3.0,0,40502235,87,,Ataun,"Goierri, Guipúzcoa",1985,1
190000,2.0,3.0,0,40503584,75,,Beasain,"Goierri, Guipúzcoa",1981,0
250000,1.0,2.0,0,40562191,70,,Beasain,"Goierri, Guipúzcoa",,1
275000,2.0,5.0,0,40562500,146,,Beasain,"Goierri, Guipúzcoa",,0
276000,2.0,3.0,0,40576656,90,,Beasain,"Goierri, Guipúzcoa",,0
225000,2.0,3.0,0,81165421,82,,Ormaiztegi,"Goierri, Guipúzcoa",1990,0
115000,1.0,3.0,0,81239611,72,,Olaberria,"Goierri, Guipúzcoa",1966,1
85000,1.0,2.0,0,82344355,55,,Zumarraga,"Goierri, Guipúzcoa",1963,0
199000,2.0,3.0,6,82543018,75,,Ordizia,"Goierri, Guipúzcoa",2005,0
210000,2.0,3.0,0,82548997,88,,Beasain,"Goierri, Guipúzcoa",1976,1
139500,1.0,2.0,7,82604003,800,,Legazpia,"Goierri, Guipúzcoa",,0
150000,1.0,3.0,0,82650922,95,88,Ordizia,"Goierri, Guipúzcoa",,0
102000,1.0,3.0,0,82948985,72,,Ordizia,"Goierri, Guipúzcoa",1973,0
120000,1.0,2.0,0,83163621,65,,Beasain,"Goierri, Guipúzcoa",1967,0
125000,1.0,1.0,0,83165834,50,,Ormaiztegi,"Goierri, Guipúzcoa",2007,1
250000,2.0,4.0,3,83700635,130,,Altzaga,"Goierri, Guipúzcoa",2002,1
285000,2.0,3.0,0,83929692,118,113,Legazpia,"Goierri, Guipúzcoa",2005,1
230000,2.0,3.0,0,84029745,113,,Ataun,"Goierri, Guipúzcoa",,1
285000,2.0,3.0,0,84073525,118,,Legazpia,"Goierri, Guipúzcoa",2005,1
220000,2.0,3.0,0,84185933,105,,Beasain,"Goierri, Guipúzcoa",1990,0
180000,2.0,4.0,0,84188419,105,,Beasain,"Goierri, Guipúzcoa",,0
66000,1.0,2.0,0,32773719,50,45,Zumarraga,"Goierri, Guipúzcoa",,0
350000,2.0,3.0,3,34595529,410,135,Ataun,"Goierri, Guipúzcoa",2005,0
156583,2.0,3.0,0,36318014,104,80,Ordizia,"Goierri, Guipúzcoa",2014,1
60000,1.0,1.0,0,37208915,53,50,Urretxu,"Goierri, Guipúzcoa",,0
233000,2.0,3.0,6,37894617,129,,Itsasondo,"Goierri, Guipúzcoa",,0
170000,1.0,2.0,0,39497869,95,90,Urretxu,"Goierri, Guipúzcoa",2007,0
80000,1.0,2.0,0,35544532,56,50,Zumarraga,"Goierri, Guipúzcoa",1970,0
98000,1.0,2.0,0,81405988,70,64,Zumarraga,"Goierri, Guipúzcoa",1968,0
175000,1.0,2.0,0,82427942,77,71,Urretxu,"Goierri, Guipúzcoa",1982,0
185000,2.0,3.0,0,82427963,102,92,Zumarraga,"Goierri, Guipúzcoa",1988,0
180000,1.0,3.0,0,38809117,72,66,Urretxu,"Goierri, Guipúzcoa",1964,0
145000,1.0,2.0,0,38945404,65,57,Urretxu,"Goierri, Guipúzcoa",2002,0
80000,1.0,2.0,0,81451254,72,66,Zumarraga,"Goierri, Guipúzcoa",1968,0
178000,1.0,3.0,0,82428037,88,80,Zumarraga,"Goierri, Guipúzcoa",1964,0
300000,2.0,3.0,3,82986974,10000,150,Urretxu,"Goierri, Guipúzcoa",,0
170000,1.0,3.0,0,81664471,92,83,Ormaiztegi,"Goierri, Guipúzcoa",1975,0
170000,2.0,2.0,0,83371749,77,70,Urretxu,"Goierri, Guipúzcoa",2006,0
103000,1.0,3.0,0,83659015,63,60,Zumarraga,"Goierri, Guipúzcoa",1957,0
132000,1.0,3.0,0,83684708,92,82,Urretxu,"Goierri, Guipúzcoa",1978,0
550000,3.0,4.0,3,82346337,140,245,Urretxu,"Goierri, Guipúzcoa",2007,1
120000,2.0,3.0,0,82811779,80,73,Segura,"Goierri, Guipúzcoa",,0
410000,3.0,4.0,3,84071058,96,,Urretxu,"Goierri, Guipúzcoa",2004,1
42000,1.0,2.0,0,84609343,62,56,Zegama,"Goierri, Guipúzcoa",1900,0
80000,1.0,3.0,0,84776391,80,70,Zumarraga,"Goierri, Guipúzcoa",,0
212000,2.0,3.0,0,33984444,99,85,Ordizia,"Goierri, Guipúzcoa",2017,1
125000,1.0,2.0,0,34977695,55,54,Beasain,"Goierri, Guipúzcoa",,0
90000,1.0,3.0,0,38354098,72,70,Zumarraga,"Goierri, Guipúzcoa",1967,0
112000,1.0,2.0,0,40239549,75,72,Ataun,"Goierri, Guipúzcoa",,0
75000,1.0,3.0,0,81145667,91,71,Itsasondo,"Goierri, Guipúzcoa",1945,0
109000,1.0,3.0,0,81145671,97,81,Ordizia,"Goierri, Guipúzcoa",1900,0
95000,1.0,3.0,0,81793681,65,,Zumarraga,"Goierri, Guipúzcoa",,0
80000,1.0,2.0,0,84501293,56,,Zumarraga,"Goierri, Guipúzcoa",1968,0
70000,1.0,2.0,0,84531684,50,,Urretxu,"Goierri, Guipúzcoa",1974,0
88000,1.0,2.0,0,84743339,71,54,Zumarraga,"Goierri, Guipúzcoa",,0
85000,1.0,3.0,0,35664319,80,,Ataun,"Goierri, Guipúzcoa",,1
360000,6.0,6.0,3,31286517,220,,Legazpia,"Goierri, Guipúzcoa",,1
239000,2.0,3.0,6,36971084,160,141,Itsasondo,"Goierri, Guipúzcoa",,0
356000,2.0,5.0,7,37559995,227353,533,Ezkio-Itsaso,"Goierri, Guipúzcoa",,0
310000,3.0,4.0,0,40174837,113,110,Beasain,"Goierri, Guipúzcoa",2020,0
340000,2.0,3.0,0,81139946,118,113,Legazpia,"Goierri, Guipúzcoa",2005,1
140000,2.0,4.0,0,83330582,87,85,Ataun,"Goierri, Guipúzcoa",,1
485000,2.0,7.0,1,83555758,2000,240,Idiazabal,"Goierri, Guipúzcoa",,1
169000,1.0,3.0,0,83807719,85,,Ormaiztegi,"Goierri, Guipúzcoa",,0
95000,1.0,3.0,0,81812662,65,,Zumarraga,"Goierri, Guipúzcoa",1968,0
360000,2.0,3.0,0,84485204,93,82,Beasain,"Goierri, Guipúzcoa",,1
97000,1.0,3.0,0,84609342,81,63,Zumarraga,"Goierri, Guipúzcoa",1961,0
63000,1.0,2.0,0,32330514,78,70,Zumarraga,"Goierri, Guipúzcoa",1970,0
137000,1.0,3.0,0,32350237,88,78,Zumarraga,"Goierri, Guipúzcoa",,0
475000,4.0,3.0,10,33562295,400,224,Zumarraga,"Goierri, Guipúzcoa",2007,1
102108,1.0,2.0,0,33733556,65,54,Zumarraga,"Goierri, Guipúzcoa",2016,0
168000,1.0,3.0,0,34737479,100,95,Urretxu,"Goierri, Guipúzcoa",,0
110000,1.0,2.0,0,34753365,70,66,Zumarraga,"Goierri, Guipúzcoa",,0
129000,1.0,3.0,0,35045173,72,68,Zumarraga,"Goierri, Guipúzcoa",,0
140000,1.0,2.0,0,35117680,77,71,Urretxu,"Goierri, Guipúzcoa",,0
58000,1.0,2.0,0,35118182,66,64,Zumarraga,"Goierri, Guipúzcoa",,0
95000,1.0,3.0,0,35221644,79,77,Zumarraga,"Goierri, Guipúzcoa",,1
160000,1.0,3.0,0,35348917,85,80,Zumarraga,"Goierri, Guipúzcoa",,0
80000,1.0,3.0,0,35437929,73,69,Zumarraga,"Goierri, Guipúzcoa",,0
95000,1.0,3.0,0,35731615,70,63,Zumarraga,"Goierri, Guipúzcoa",,1
140000,1.0,2.0,0,35881398,62,57,Urretxu,"Goierri, Guipúzcoa",2002,0
136000,1.0,1.0,0,35931851,47,41,Ordizia,"Goierri, Guipúzcoa",,0
155000,1.0,3.0,0,35950354,87,84,Ordizia,"Goierri, Guipúzcoa",,0
286000,2.0,3.0,0,36059580,113,92,Zumarraga,"Goierri, Guipúzcoa",,0
227000,2.0,3.0,0,36497998,102,,Beasain,"Goierri, Guipúzcoa",,0
227000,2.0,3.0,0,36497983,111,,Beasain,"Goierri, Guipúzcoa",,0
75000,1.0,3.0,0,36512516,77,74,Urretxu,"Goierri, Guipúzcoa",,0
105000,1.0,3.0,0,34474721,80,75,Ordizia,"Goierri, Guipúzcoa",,0
160000,2.0,2.0,6,37048195,95,87,Gabiria,"Goierri, Guipúzcoa",2008,1
78000,1.0,3.0,0,37102416,56,52,Zumarraga,"Goierri, Guipúzcoa",,0
139000,1.0,3.0,0,38224940,80,76,Zumarraga,"Goierri, Guipúzcoa",1972,0
70000,1.0,2.0,0,38260879,54,50,Urretxu,"Goierri, Guipúzcoa",,0
85000,1.0,3.0,0,38333576,63,60,Urretxu,"Goierri, Guipúzcoa",1967,0
159000,2.0,4.0,7,38341363,40000,200,Idiazabal,"Goierri, Guipúzcoa",,0
165000,2.0,3.0,0,38791470,89,84,Urretxu,"Goierri, Guipúzcoa",,0
177000,2.0,3.0,0,38801049,90,79,Lazkao,"Goierri, Guipúzcoa",2005,1
65000,1.0,3.0,0,39223594,65,60,Urretxu,"Goierri, Guipúzcoa",1973,0
109900,1.0,3.0,0,34386433,72,66,Zumarraga,"Goierri, Guipúzcoa",,0
123000,1.0,2.0,0,39616248,72,68,Zumarraga,"Goierri, Guipúzcoa",2005,1
83000,1.0,3.0,0,39677423,65,60,Urretxu,"Goierri, Guipúzcoa",1957,0
120000,2.0,2.0,0,39742495,95,90,Zumarraga,"Goierri, Guipúzcoa",1900,0
115000,1.0,3.0,0,39943507,75,73,Olaberria,"Goierri, Guipúzcoa",1962,1
175000,2.0,3.0,0,81414934,93,88,Ezkio-Itsaso,"Goierri, Guipúzcoa",2009,1
170000,1.0,3.0,0,81757550,72,69,Urretxu,"Goierri, Guipúzcoa",1971,0
120000,2.0,3.0,0,82285281,77,73,Zumarraga,"Goierri, Guipúzcoa",1968,0
90000,1.0,3.0,0,37614890,74,70,Zumarraga,"Goierri, Guipúzcoa",,0
73000,1.0,2.0,0,82711402,55,50,Zumarraga,"Goierri, Guipúzcoa",1964,0
99000,1.0,3.0,0,82819350,64,60,Zumarraga,"Goierri, Guipúzcoa",1957,0
130000,1.0,4.0,0,83057068,78,74,Legazpia,"Goierri, Guipúzcoa",1965,1
130000,1.0,3.0,0,83129808,85,80,Zumarraga,"Goierri, Guipúzcoa",1995,0
184000,2.0,3.0,0,83227149,109,,Lazkao,"Goierri, Guipúzcoa",,0
188000,2.0,3.0,0,83227179,107,,Lazkao,"Goierri, Guipúzcoa",,0
194000,2.0,3.0,0,83227184,107,,Lazkao,"Goierri, Guipúzcoa",,0
290000,2.0,3.0,8,83227193,153,,Lazkao,"Goierri, Guipúzcoa",,0
280000,2.0,3.0,8,83227185,146,,Lazkao,"Goierri, Guipúzcoa",,0
192000,2.0,3.0,0,83227275,160,,Lazkao,"Goierri, Guipúzcoa",,0
182000,2.0,3.0,0,83227277,105,,Lazkao,"Goierri, Guipúzcoa",,0
184000,2.0,3.0,0,83227278,106,,Lazkao,"Goierri, Guipúzcoa",,0
192000,2.0,3.0,0,83227279,106,,Lazkao,"Goierri, Guipúzcoa",,0
196000,2.0,3.0,0,83227254,105,,Lazkao,"Goierri, Guipúzcoa",,0
285000,2.0,3.0,8,83227293,148,,Lazkao,"Goierri, Guipúzcoa",,0
192000,2.0,3.0,0,83227311,159,,Lazkao,"Goierri, Guipúzcoa",,0
186000,2.0,3.0,0,83227325,105,,Lazkao,"Goierri, Guipúzcoa",,0
280000,2.0,3.0,8,83227386,145,,Lazkao,"Goierri, Guipúzcoa",,0
188000,2.0,3.0,0,83227326,106,,Lazkao,"Goierri, Guipúzcoa",,0
198000,2.0,3.0,0,83227364,106,,Lazkao,"Goierri, Guipúzcoa",,0
185000,2.0,3.0,0,83666756,90,88,Ezkio-Itsaso,"Goierri, Guipúzcoa",2009,1
295000,2.0,4.0,0,83845526,115,110,Ordizia,"Goierri, Guipúzcoa",1991,1
168000,2.0,2.0,0,83872589,127,,Lazkao,"Goierri, Guipúzcoa",,0
146000,1.0,1.0,0,83872629,101,,Lazkao,"Goierri, Guipúzcoa",,0
178000,2.0,2.0,0,83872634,115,,Lazkao,"Goierri, Guipúzcoa",,0
145000,2.0,2.0,0,83872768,81,,Lazkao,"Goierri, Guipúzcoa",,0
151000,2.0,2.0,0,83872800,81,,Lazkao,"Goierri, Guipúzcoa",,0
148000,2.0,2.0,0,83872799,81,,Lazkao,"Goierri, Guipúzcoa",,0
155000,2.0,2.0,0,83872801,81,,Lazkao,"Goierri, Guipúzcoa",,0
138000,2.0,2.0,0,83872843,74,,Lazkao,"Goierri, Guipúzcoa",,0
141000,2.0,2.0,0,83872844,74,,Lazkao,"Goierri, Guipúzcoa",,0
148000,2.0,2.0,0,83872846,74,,Lazkao,"Goierri, Guipúzcoa",,0
144000,2.0,2.0,0,83872845,74,,Lazkao,"Goierri, Guipúzcoa",,0
174000,2.0,3.0,0,83872901,91,,Lazkao,"Goierri, Guipúzcoa",,0
178000,2.0,3.0,0,83872902,91,,Lazkao,"Goierri, Guipúzcoa",,0
188000,2.0,3.0,0,83872904,91,,Lazkao,"Goierri, Guipúzcoa",,0
182000,2.0,3.0,0,83872903,91,,Lazkao,"Goierri, Guipúzcoa",,0
238000,2.0,3.0,6,83873235,101,,Lazkao,"Goierri, Guipúzcoa",,0
234000,2.0,3.0,6,83873236,91,,Lazkao,"Goierri, Guipúzcoa",,0
270000,2.0,3.0,6,83873237,91,,Lazkao,"Goierri, Guipúzcoa",,0
190000,2.0,3.0,6,83873475,127,,Lazkao,"Goierri, Guipúzcoa",,0
186000,2.0,3.0,0,83873481,94,,Lazkao,"Goierri, Guipúzcoa",,0
190000,2.0,3.0,0,83873489,94,,Lazkao,"Goierri, Guipúzcoa",,0
194000,2.0,3.0,0,83873492,94,,Lazkao,"Goierri, Guipúzcoa",,0
173000,2.0,2.0,0,83873521,94,,Lazkao,"Goierri, Guipúzcoa",,0
248000,2.0,3.0,6,83873549,94,,Lazkao,"Goierri, Guipúzcoa",,0
279000,2.0,3.0,0,83958549,107,102,Urretxu,"Goierri, Guipúzcoa",1990,0
115000,1.0,2.0,0,83968653,65,61,Zumarraga,"Goierri, Guipúzcoa",1997,1
189000,1.0,3.0,0,84047762,75,,Urretxu,"Goierri, Guipúzcoa",1958,0
190000,1.0,4.0,0,84175623,96,93,Zumarraga,"Goierri, Guipúzcoa",1965,0
175000,2.0,3.0,6,84303980,105,,Beasain,"Goierri, Guipúzcoa",2012,0
220000,2.0,3.0,6,84329508,82,72,Beasain,"Goierri, Guipúzcoa",1990,0
240000,2.0,4.0,3,84384292,180,,Urretxu,"Goierri, Guipúzcoa",1991,1
175000,2.0,3.0,0,84501346,100,,Beasain,"Goierri, Guipúzcoa",,0
190000,2.0,3.0,0,84546557,108,,Beasain,"Goierri, Guipúzcoa",,1
390000,2.0,3.0,0,84584532,90,,Beasain,"Goierri, Guipúzcoa",2009,0
180000,2.0,3.0,4,84613548,113,70,Ezkio-Itsaso,"Goierri, Guipúzcoa",2022,0
130000,1.0,3.0,0,35891227,75,73,Idiazabal,"Goierri, Guipúzcoa",,1
140000,1.0,3.0,0,38943270,80,75,Legazpia,"Goierri, Guipúzcoa",,0
670000,6.0,7.0,4,82533540,450,,Gainza,"Goierri, Guipúzcoa",,1
69000,1.0,3.0,0,82819520,90,85,Urretxu,"Goierri, Guipúzcoa",1967,0
275000,2.0,3.0,0,82966812,89,,Beasain,"Goierri, Guipúzcoa",1987,0
500000,2.0,5.0,4,83036321,161,,Ordizia,"Goierri, Guipúzcoa",1963,0
51000,1.0,2.0,0,84616123,64,52,Ordizia,"Goierri, Guipúzcoa",1900,0
195000,2.0,3.0,0,84740403,100,96,Ataun,"Goierri, Guipúzcoa",,1
110000,1.0,2.0,0,84790826,60,56,Zumarraga,"Goierri, Guipúzcoa",1970,0
190000,2.0,3.0,0,82658704,116,97,Ordizia,"Goierri, Guipúzcoa",1996,0
190000,1.0,3.0,0,82820079,105,,Zumarraga,"Goierri, Guipúzcoa",1958,0
126000,2.0,3.0,0,26799448,75,70,Zumarraga,"Goierri, Guipúzcoa",,0
229000,1.0,3.0,0,84753338,105,100,Urretxu,"Goierri, Guipúzcoa",1999,1
165000,2.0,3.0,0,38730359,90,86,Legazpia,"Goierri, Guipúzcoa",1976,0
249000,2.0,3.0,0,84641058,98,,Idiazabal,"Goierri, Guipúzcoa",,0
186000,2.0,3.0,0,84658013,104,93,Ataun,"Goierri, Guipúzcoa",,1
169000,1.0,2.0,0,84674376,60,,Beasain,"Goierri, Guipúzcoa",,0
290000,3.0,4.0,3,84750923,140,128,Zaldibia,"Goierri, Guipúzcoa",,1
155500,1.0,3.0,0,84779868,67,,Beasain,"Goierri, Guipúzcoa",,0
235000,2.0,3.0,0,82646887,103,78,Zumarraga,"Goierri, Guipúzcoa",,0
350000,2.0,3.0,1,39690295,750,,Ezkio-Itsaso,"Goierri, Guipúzcoa",1994,1
290000,3.0,4.0,3,40436077,128,,Zaldibia,"Goierri, Guipúzcoa",,1
495000,8.0,12.0,1,40458607,60000,,Mutiloa,"Goierri, Guipúzcoa",,1
290000,2.0,3.0,10,81384747,115,,Mutiloa,"Goierri, Guipúzcoa",2006,1
699000,4.0,6.0,4,37389485,192,,Zumarraga,"Goierri, Guipúzcoa",,1
295000,3.0,5.0,3,82812059,61,,Zaldibia,"Goierri, Guipúzcoa",1994,1
250000,2.0,3.0,0,84029432,100,,Zaldibia,"Goierri, Guipúzcoa",2008,1
158097,2.0,3.0,0,33324559,91,80,Ordizia,"Goierri, Guipúzcoa",2016,1
255000,2.0,3.0,0,81825787,104,94,Zumarraga,"Goierri, Guipúzcoa",1999,0
225000,1.0,2.0,0,81812661,65,,Zumarraga,"Goierri, Guipúzcoa",2009,0
150000,2.0,3.0,0,82619822,100,87,Legazpia,"Goierri, Guipúzcoa",,0
165000,1.0,4.0,0,38365412,120,110,Zumarraga,"Goierri, Guipúzcoa",1952,0
89000,1.0,2.0,0,84554903,45,43,Ataun,"Goierri, Guipúzcoa",,0
90000,1.0,2.0,0,82150558,69,60,Ordizia,"Goierri, Guipúzcoa",1958,0
250000,2.0,3.0,0,84205409,115,98,Ataun,"Goierri, Guipúzcoa",2006,1
180000,2.0,3.0,3,81366356,102,,Ezkio-Itsaso,"Goierri, Guipúzcoa",,1
155000,2.0,3.0,0,33770541,91,79,Ordizia,"Goierri, Guipúzcoa",2016,1
360000,3.0,3.0,3,35857373,112,157,Ormaiztegi,"Goierri, Guipúzcoa",2002,1
285000,3.0,3.0,3,37430443,110,157,Ormaiztegi,"Goierri, Guipúzcoa",2002,1
450000,4.0,3.0,1,38763379,90,260,Urretxu,"Goierri, Guipúzcoa",2001,1
180000,2.0,4.0,1,81892242,210,200,Urretxu,"Goierri, Guipúzcoa",1990,1
171717,2.0,3.0,0,82191120,92,88,Ordizia,"Goierri, Guipúzcoa",2015,1
395000,3.0,4.0,0,82793071,193,185,Legazpia,"Goierri, Guipúzcoa",1991,1
650000,4.0,4.0,10,82939357,600,300,Olaberria,"Goierri, Guipúzcoa",,1
245000,2.0,3.0,0,84192198,84,70,Ordizia,"Goierri, Guipúzcoa",2002,0
220000,2.0,3.0,0,84254451,135,,Beasain,"Goierri, Guipúzcoa",1900,0
275000,2.0,3.0,0,84342332,95,,Idiazabal,"Goierri, Guipúzcoa",1988,0
370000,2.0,4.0,3,84707974,300,260,Segura,"Goierri, Guipúzcoa",1994,0
109900,1.0,3.0,0,29953235,66,,Zumarraga,"Goierri, Guipúzcoa",,0
1200000,15.0,13.0,4,33257536,1056,,Legazpia,"Goierri, Guipúzcoa",,1
695000,3.0,9.0,4,36588907,11000,800,Legazpia,"Goierri, Guipúzcoa",,1
330000,3.0,4.0,3,82673210,280,,Gabiria,"Goierri, Guipúzcoa",2008,1
249000,2.0,3.0,6,84343644,100,89,Ordizia,"Goierri, Guipúzcoa",2008,0
217000,2.0,3.0,0,31222943,99,85,Ordizia,"Goierri, Guipúzcoa",2017,1
212000,2.0,3.0,0,35170789,99,85,Ordizia,"Goierri, Guipúzcoa",2016,0
210000,2.0,3.0,0,40334951,104,90,Ordizia,"Goierri, Guipúzcoa",2018,0
286000,2.0,3.0,0,1909123,113,92,Zumarraga,"Goierri, Guipúzcoa",,0
90000,1.0,3.0,0,34695815,80,70,Legazpia,"Goierri, Guipúzcoa",,0
475000,3.0,4.0,10,39959610,273,224,Zumarraga,"Goierri, Guipúzcoa",,1
110000,1.0,2.0,0,84415157,55,,Zumarraga,"Goierri, Guipúzcoa",,0
105000,1.0,2.0,0,35497312,62,58,Zumarraga,"Goierri, Guipúzcoa",,0
325000,3.0,5.0,10,36781661,350,204,Gabiria,"Goierri, Guipúzcoa",2007,1
98000,1.0,2.0,0,40447367,69,65,Zumarraga,"Goierri, Guipúzcoa",1968,0
95000,1.0,3.0,0,81690557,75,65,Zumarraga,"Goierri, Guipúzcoa",1968,0
196000,1.0,3.0,0,83967833,78,75,Zumarraga,"Goierri, Guipúzcoa",1975,0
149000,2.0,3.0,0,84811188,90,,Legazpia,"Goierri, Guipúzcoa",2011,1
105000,1.0,3.0,0,81505462,85,,Legazpia,"Goierri, Guipúzcoa",,0
362000,3.0,5.0,4,81470605,385,350,Gabiria,"Goierri, Guipúzcoa",2001,1
435000,4.0,4.0,3,84658014,210,97,Lazkao,"Goierri, Guipúzcoa",,1
360000,6.0,6.0,3,40289969,400,320,Legazpia,"Goierri, Guipúzcoa",1948,1
139500,1.0,2.0,9,40328666,800,160,Legazpia,"Goierri, Guipúzcoa",,0
300000,2.0,4.0,3,40348468,134,200,Legazpia,"Goierri, Guipúzcoa",,0
175000,1.0,3.0,0,84663516,111,103,Ormaiztegi,"Goierri, Guipúzcoa",,0
138000,1.0,3.0,0,83761182,90,85,Zumarraga,"Goierri, Guipúzcoa",,0
186000,2.0,3.0,0,84300831,90,86,Zegama,"Goierri, Guipúzcoa",2004,1
165000,1.0,3.0,0,37432425,67,58,Beasain,"Goierri, Guipúzcoa",,1
235000,2.0,3.0,6,84526666,150,142,Itsasondo,"Goierri, Guipúzcoa",2005,0
135000,1.0,2.0,0,84849200,72,70,Beasain,"Goierri, Guipúzcoa",1972,0
217000,2.0,3.0,0,35171160,100,88,Ordizia,"Goierri, Guipúzcoa",2016,0
135000,1.0,2.0,0,82573537,77,70,Urretxu,"Goierri, Guipúzcoa",1900,0
240000,2.0,4.0,0,83682653,109,99,Urretxu,"Goierri, Guipúzcoa",1969,0
150000,1.0,4.0,0,84635747,110,,Urretxu,"Goierri, Guipúzcoa",1952,0
159000,1.0,1.0,1,40459221,40000,,Idiazabal,"Goierri, Guipúzcoa",,0
140000,1.0,3.0,0,84572178,90,67,Beasain,"Goierri, Guipúzcoa",,0
130000,1.0,3.0,0,84778700,60,,Idiazabal,"Goierri, Guipúzcoa",,0
148000,1.0,2.0,0,34965974,70,,Beasain,"Goierri, Guipúzcoa",,0
175000,2.0,3.0,0,84774348,85,80,Lazkao,"Goierri, Guipúzcoa",,1
199000,1.0,3.0,1,84829123,371,83,Zumarraga,"Goierri, Guipúzcoa",1959,0
220000,2.0,3.0,0,84869020,105,100,Beasain,"Goierri, Guipúzcoa",,0
390000,2.0,3.0,0,84869036,100,90,Beasain,"Goierri, Guipúzcoa",,0
135000,1.0,2.0,0,84830718,72,70,Beasain,"Goierri, Guipúzcoa",1972,0
400000,1.0,7.0,1,84661975,16200,,Zaldibia,"Goierri, Guipúzcoa",,1
375000,4.0,5.0,1,38448026,481,180,Ezkio-Itsaso,"Goierri, Guipúzcoa",2017,1
159835,2.0,3.0,0,39765560,93,78,Legazpia,"Goierri, Guipúzcoa",,1
260000,2.0,3.0,0,39766710,120,98,Legazpia,"Goierri, Guipúzcoa",,0
190000,2.0,4.0,0,81745283,115,100,Legazpia,"Goierri, Guipúzcoa",,0
170000,2.0,3.0,0,39765545,96,81,Legazpia,"Goierri, Guipúzcoa",,0
119000,2.0,3.0,0,84465744,120,105,Legazpia,"Goierri, Guipúzcoa",,0
240000,2.0,3.0,0,83078448,95,93,Itsasondo,"Goierri, Guipúzcoa",2007,0
150000,1.0,3.0,0,83079402,85,83,Itsasondo,"Goierri, Guipúzcoa",1966,0
180000,3.0,3.0,0,83099500,125,120,Itsasondo,"Goierri, Guipúzcoa",1992,0
240000,2.0,3.0,0,83198535,70,65,Itsasondo,"Goierri, Guipúzcoa",1965,0
122000,1.0,1.0,0,81681314,35,,Beasain,"Goierri, Guipúzcoa",,0
390000,2.0,3.0,9,83845841,175,152,Legazpia,"Goierri, Guipúzcoa",,0
82800,1.0,4.0,0,37204846,83,69,Ordizia,"Goierri, Guipúzcoa",1911,0
285000,2.0,3.0,0,84099129,118,,Legazpia,"Goierri, Guipúzcoa",2005,1
85000,1.0,2.0,0,84143428,56,,Zumarraga,"Goierri, Guipúzcoa",1968,0
120000,1.0,2.0,0,84496547,70,60,Zumarraga,"Goierri, Guipúzcoa",1957,0
180000,1.0,3.0,0,83675535,75,70,Urretxu,"Goierri, Guipúzcoa",1970,0
185000,2.0,3.0,0,84254087,70,68,Zumarraga,"Goierri, Guipúzcoa",1964,0
115000,1.0,3.0,0,81731752,70,,Ordizia,"Goierri, Guipúzcoa",,0
119000,2.0,3.0,0,39229193,85,83,Segura,"Goierri, Guipúzcoa",,0
143000,2.0,3.0,0,39229717,90,87,Segura,"Goierri, Guipúzcoa",,0
152100,2.0,2.0,0,33344723,58,53,Zumarraga,"Goierri, Guipúzcoa",2013,1
699000,4.0,6.0,4,81572529,192,,Zumarraga,"Goierri, Guipúzcoa",,1
119500,1.0,2.0,0,84494884,80,70,Zumarraga,"Goierri, Guipúzcoa",1997,1
395000,3.0,5.0,10,38072081,320,,Gabiria,"Goierri, Guipúzcoa",2007,1
158000,2.0,3.0,0,84438969,85,82,Zumarraga,"Goierri, Guipúzcoa",1997,1
180000,2.0,2.0,0,81434963,94,88,Zegama,"Goierri, Guipúzcoa",2007,1
170000,2.0,2.0,0,81982696,108,94,Zegama,"Goierri, Guipúzcoa",2007,1
130000,1.0,2.0,0,82031371,68,,Beasain,"Goierri, Guipúzcoa",,0
585000,1.0,3.0,7,26638876,370,,Idiazabal,"Goierri, Guipúzcoa",,1
75000,1.0,3.0,0,84618670,85,,Zumarraga,"Goierri, Guipúzcoa",,0
180000,2.0,3.0,0,84138893,100,91,Ormaiztegi,"Goierri, Guipúzcoa",,1
price,0.0,0.0,11,house_id,m2_real,m2_useful,loc_city,loc_zone,construct_date,1
185000,2.0,3.0,6,37479782,89,80,Renteria / Errenteria,"Donostialdea, Guipúzcoa",1999,0
180000,1.0,3.0,0,81841311,87,80,Renteria / Errenteria,"Donostialdea, Guipúzcoa",1972,0
140000,1.0,3.0,0,39848365,72,,Renteria / Errenteria,"Donostialdea, Guipúzcoa",,0
160000,1.0,3.0,0,81594405,100,,Renteria / Errenteria,"Donostialdea, Guipúzcoa",,0
400000,2.0,3.0,0,36454949,95,90,Renteria / Errenteria,"Donostialdea, Guipúzcoa",,1
150000,1.0,2.0,0,81585094,65,,Renteria / Errenteria,"Donostialdea, Guipúzcoa",,0
145000,1.0,3.0,0,81994240,72,70,Renteria / Errenteria,"Donostialdea, Guipúzcoa",,0
135000,1.0,3.0,0,82141223,70,,Renteria / Errenteria,"Donostialdea, Guipúzcoa",,0
290000,2.0,2.0,0,81669512,87,84,Renteria / Errenteria,"Donostialdea, Guipúzcoa",,0
150000,1.0,2.0,0,32121419,70,,Renteria / Errenteria,"Donostialdea, Guipúzcoa",,0
250000,2.0,3.0,0,28002979,100,80,Renteria / Errenteria,"Donostialdea, Guipúzcoa",,0
230000,2.0,3.0,6,33239863,110,,Renteria / Errenteria,"Donostialdea, Guipúzcoa",,0
93000,1.0,2.0,0,84189826,56,,Renteria / Errenteria,"Donostialdea, Guipúzcoa",,0
103000,1.0,2.0,8,84189707,65,,Renteria / Errenteria,"Donostialdea, Guipúzcoa",,0
335000,2.0,3.0,0,39514820,130,,Renteria / Errenteria,"Donostialdea, Guipúzcoa",,0
295000,1.0,2.0,0,84156974,85,,Renteria / Errenteria,"Donostialdea, Guipúzcoa",,0
180000,1.0,3.0,0,84156862,68,,Renteria / Errenteria,"Donostialdea, Guipúzcoa",,0
435000,3.0,3.0,6,27380965,140,,Renteria / Errenteria,"Donostialdea, Guipúzcoa",,0
170000,1.0,3.0,0,84699420,72,70,Renteria / Errenteria,"Donostialdea, Guipúzcoa",,0
190000,2.0,3.0,0,84145032,91,68,Renteria / Errenteria,"Donostialdea, Guipúzcoa",,0
395000,3.0,5.0,3,40071194,300,240,Renteria / Errenteria,"Donostialdea, Guipúzcoa",,1
145000,1.0,0.0,0,81843464,98,85,Renteria / Errenteria,"Donostialdea, Guipúzcoa",,0
297000,2.0,2.0,0,82173570,95,87,Renteria / Errenteria,"Donostialdea, Guipúzcoa",1970,1
200000,1.0,3.0,0,34413375,84,,Renteria / Errenteria,"Donostialdea, Guipúzcoa",,0
191000,1.0,3.0,0,39567113,75,,Renteria / Errenteria,"Donostialdea, Guipúzcoa",,0
362750,2.0,3.0,0,40276422,110,,Renteria / Errenteria,"Donostialdea, Guipúzcoa",,1
129000,1.0,3.0,0,83856048,64,,Renteria / Errenteria,"Donostialdea, Guipúzcoa",,0
100000,1.0,2.0,0,83695658,77,,Renteria / Errenteria,"Donostialdea, Guipúzcoa",1956,0
206000,2.0,3.0,0,84189338,114,92,Renteria / Errenteria,"Donostialdea, Guipúzcoa",,0
205000,1.0,2.0,0,84187212,60,,Renteria / Errenteria,"Donostialdea, Guipúzcoa",,0
195000,1.0,3.0,0,84156608,68,,Renteria / Errenteria,"Donostialdea, Guipúzcoa",,0
160000,1.0,2.0,0,84144822,42,,Renteria / Errenteria,"Donostialdea, Guipúzcoa",,0
145000,1.0,3.0,0,84116244,80,,Renteria / Errenteria,"Donostialdea, Guipúzcoa",,0
154000,1.0,3.0,0,84113922,80,,Renteria / Errenteria,"Donostialdea, Guipúzcoa",,0
278000,2.0,3.0,0,84246746,100,85,Renteria / Errenteria,"Donostialdea, Guipúzcoa",,0
140000,1.0,3.0,0,84320395,65,,Renteria / Errenteria,"Donostialdea, Guipúzcoa",,0
186500,2.0,3.0,0,81707011,75,,Renteria / Errenteria,"Donostialdea, Guipúzcoa",,0
102000,1.0,1.0,6,39700034,44,,Renteria / Errenteria,"Donostialdea, Guipúzcoa",1993,0
128000,1.0,2.0,0,83678597,55,41,Renteria / Errenteria,"Donostialdea, Guipúzcoa",1956,0
135000,1.0,1.0,8,82117259,47,42,Renteria / Errenteria,"Donostialdea, Guipúzcoa",,0
360000,2.0,4.0,4,32148892,190,150,Renteria / Errenteria,"Donostialdea, Guipúzcoa",,0
216000,1.0,2.0,0,32910629,71,70,Renteria / Errenteria,"Donostialdea, Guipúzcoa",,0
135000,1.0,2.0,0,32911871,67,60,Renteria / Errenteria,"Donostialdea, Guipúzcoa",,0
174000,1.0,0.0,12,35423679,40,39,Renteria / Errenteria,"Donostialdea, Guipúzcoa",,0
164000,1.0,2.0,0,35930256,60,55,Renteria / Errenteria,"Donostialdea, Guipúzcoa",,0
190000,1.0,4.0,0,37581476,100,90,Renteria / Errenteria,"Donostialdea, Guipúzcoa",,0
130000,1.0,2.0,0,37866037,65,62,Renteria / Errenteria,"Donostialdea, Guipúzcoa",1920,0
412000,2.0,3.0,0,30912691,105,96,Renteria / Errenteria,"Donostialdea, Guipúzcoa",,0
175000,1.0,2.0,0,37865885,65,,Renteria / Errenteria,"Donostialdea, Guipúzcoa",,0
150000,1.0,3.0,0,39457495,95,85,Renteria / Errenteria,"Donostialdea, Guipúzcoa",,0
165000,1.0,3.0,0,40324688,87,82,Renteria / Errenteria,"Donostialdea, Guipúzcoa",,0
185000,1.0,3.0,6,36569261,90,80,Renteria / Errenteria,"Donostialdea, Guipúzcoa",,0
159000,1.0,2.0,0,40576426,55,50,Renteria / Errenteria,"Donostialdea, Guipúzcoa",,0
207000,2.0,3.0,0,81682569,75,,Renteria / Errenteria,"Donostialdea, Guipúzcoa",,0
207000,2.0,3.0,0,81723379,83,75,Renteria / Errenteria,"Donostialdea, Guipúzcoa",,1
190000,1.0,3.0,0,82039567,80,78,Renteria / Errenteria,"Donostialdea, Guipúzcoa",1970,0
120000,1.0,1.0,0,82344657,52,45,Renteria / Errenteria,"Donostialdea, Guipúzcoa",,0
180000,1.0,3.0,0,30384554,75,,Renteria / Errenteria,"Donostialdea, Guipúzcoa",,0
340000,3.0,4.0,0,84079901,117,105,Renteria / Errenteria,"Donostialdea, Guipúzcoa",,0
120000,1.0,3.0,0,82548630,50,,Renteria / Errenteria,"Donostialdea, Guipúzcoa",1900,0
180000,1.0,3.0,0,83695797,75,,Renteria / Errenteria,"Donostialdea, Guipúzcoa",,0
175000,1.0,3.0,0,84188571,75,,Renteria / Errenteria,"Donostialdea, Guipúzcoa",1969,0
132000,1.0,3.0,0,84196039,77,72,Renteria / Errenteria,"Donostialdea, Guipúzcoa",1964,0
152000,1.0,2.0,0,82875773,55,,Renteria / Errenteria,"Donostialdea, Guipúzcoa",,0
146000,1.0,3.0,0,31337439,68,60,Renteria / Errenteria,"Donostialdea, Guipúzcoa",1974,0
199000,1.0,3.0,0,35243797,75,,Renteria / Errenteria,"Donostialdea, Guipúzcoa",,0
155000,1.0,3.0,0,84483500,73,,Renteria / Errenteria,"Donostialdea, Guipúzcoa",,0
117000,1.0,2.0,0,83768877,45,38,Renteria / Errenteria,"Donostialdea, Guipúzcoa",,0
106000,2.0,3.0,8,84769806,60,50,Renteria / Errenteria,"Donostialdea, Guipúzcoa",,0
295000,1.0,3.0,0,305069,100,,Renteria / Errenteria,"Donostialdea, Guipúzcoa",,0
180000,1.0,3.0,0,2143864,110,85,Renteria / Errenteria,"Donostialdea, Guipúzcoa",,0
120000,1.0,3.0,0,27130957,70,60,Renteria / Errenteria,"Donostialdea, Guipúzcoa",,0
199000,1.0,2.0,0,27770986,58,,Renteria / Errenteria,"Donostialdea, Guipúzcoa",,0
250000,1.0,3.0,0,38675889,109,,Renteria / Errenteria,"Donostialdea, Guipúzcoa",,0
145000,1.0,3.0,0,38877412,88,77,Renteria / Errenteria,"Donostialdea, Guipúzcoa",1942,0
185000,2.0,3.0,0,32149562,90,68,Renteria / Errenteria,"Donostialdea, Guipúzcoa",,0
130000,1.0,1.0,0,26296637,60,56,Renteria / Errenteria,"Donostialdea, Guipúzcoa",,0
215000,2.0,3.0,0,81802404,63,62,Renteria / Errenteria,"Donostialdea, Guipúzcoa",,0
138000,1.0,2.0,0,82393851,60,51,Renteria / Errenteria,"Donostialdea, Guipúzcoa",1900,0
145000,1.0,2.0,0,82730924,65,58,Renteria / Errenteria,"Donostialdea, Guipúzcoa",,0
155000,1.0,4.0,0,82798233,80,75,Renteria / Errenteria,"Donostialdea, Guipúzcoa",,0
160000,1.0,3.0,0,83109482,76,67,Renteria / Errenteria,"Donostialdea, Guipúzcoa",,0
187000,1.0,3.0,0,83732628,70,68,Renteria / Errenteria,"Donostialdea, Guipúzcoa",,0
284000,1.0,3.0,0,83831728,90,80,Renteria / Errenteria,"Donostialdea, Guipúzcoa",,0
360000,2.0,3.0,0,27684077,90,82,Renteria / Errenteria,"Donostialdea, Guipúzcoa",,1
154000,1.0,3.0,0,84121318,75,,Renteria / Errenteria,"Donostialdea, Guipúzcoa",,0
190000,1.0,3.0,0,84570032,74,66,Renteria / Errenteria,"Donostialdea, Guipúzcoa",,1
125000,1.0,2.0,0,84618057,51,,Renteria / Errenteria,"Donostialdea, Guipúzcoa",1966,0
235000,2.0,3.0,0,84618073,70,,Renteria / Errenteria,"Donostialdea, Guipúzcoa",,0
171000,1.0,2.0,0,84699972,60,,Renteria / Errenteria,"Donostialdea, Guipúzcoa",1953,0
180000,1.0,3.0,0,83951796,75,70,Renteria / Errenteria,"Donostialdea, Guipúzcoa",,0
195000,1.0,3.0,0,83735985,75,68,Renteria / Errenteria,"Donostialdea, Guipúzcoa",,0
126000,1.0,3.0,0,83739988,65,60,Renteria / Errenteria,"Donostialdea, Guipúzcoa",,0
185000,2.0,3.0,0,39530589,75,67,Renteria / Errenteria,"Donostialdea, Guipúzcoa",,0
115000,1.0,2.0,0,39091718,43,42,Renteria / Errenteria,"Donostialdea, Guipúzcoa",,0
143000,1.0,2.0,0,40023627,50,45,Renteria / Errenteria,"Donostialdea, Guipúzcoa",,0
147000,1.0,2.0,0,84711346,65,63,Renteria / Errenteria,"Donostialdea, Guipúzcoa",,0
171000,1.0,3.0,0,84712277,75,72,Renteria / Errenteria,"Donostialdea, Guipúzcoa",,0
95900,1.0,2.0,0,31696128,88,68,Renteria / Errenteria,"Donostialdea, Guipúzcoa",,0
166800,2.0,2.0,0,82593856,93,,Renteria / Errenteria,"Donostialdea, Guipúzcoa",,1
235000,2.0,3.0,0,84103085,95,90,Renteria / Errenteria,"Donostialdea, Guipúzcoa",,0
146000,1.0,3.0,0,84136163,75,70,Renteria / Errenteria,"Donostialdea, Guipúzcoa",1971,0
197000,1.0,3.0,0,84243212,70,63,Renteria / Errenteria,"Donostialdea, Guipúzcoa",1974,0
216000,1.0,2.0,0,32910326,71,70,Renteria / Errenteria,"Donostialdea, Guipúzcoa",,0
120000,1.0,2.0,0,81279808,65,,Renteria / Errenteria,"Donostialdea, Guipúzcoa",1949,0
129500,1.0,3.0,0,82668305,72,,Renteria / Errenteria,"Donostialdea, Guipúzcoa",,0
150000,1.0,2.0,0,82766635,75,65,Renteria / Errenteria,"Donostialdea, Guipúzcoa",,0
298000,2.0,3.0,0,83610470,90,80,Renteria / Errenteria,"Donostialdea, Guipúzcoa",,1
150000,1.0,3.0,0,83976205,80,75,Renteria / Errenteria,"Donostialdea, Guipúzcoa",,0
85000,1.0,1.0,8,84178622,40,35,Renteria / Errenteria,"Donostialdea, Guipúzcoa",1960,0
208000,2.0,3.0,0,84465611,70,,Renteria / Errenteria,"Donostialdea, Guipúzcoa",,0
107000,1.0,1.0,0,39956309,44,,Renteria / Errenteria,"Donostialdea, Guipúzcoa",,0
180000,1.0,3.0,0,84537948,75,,Renteria / Errenteria,"Donostialdea, Guipúzcoa",,0
235000,1.0,3.0,0,84144940,108,95,Renteria / Errenteria,"Donostialdea, Guipúzcoa",,0
105000,2.0,3.0,8,84767456,80,60,Renteria / Errenteria,"Donostialdea, Guipúzcoa",1960,0
165000,1.0,2.0,0,82336615,52,51,Renteria / Errenteria,"Donostialdea, Guipúzcoa",,0
175000,1.0,2.0,0,28004387,49,,Renteria / Errenteria,"Donostialdea, Guipúzcoa",,0
177000,2.0,3.0,0,82569776,80,76,Renteria / Errenteria,"Donostialdea, Guipúzcoa",1975,0
142000,1.0,2.0,0,83908612,94,,Renteria / Errenteria,"Donostialdea, Guipúzcoa",,0
253000,1.0,3.0,0,539717,72,63,Renteria / Errenteria,"Donostialdea, Guipúzcoa",,0
170000,1.0,2.0,0,28892531,49,44,Renteria / Errenteria,"Donostialdea, Guipúzcoa",,0
165000,1.0,2.0,0,28892622,67,60,Renteria / Errenteria,"Donostialdea, Guipúzcoa",,0
113500,1.0,2.0,0,28892405,60,55,Renteria / Errenteria,"Donostialdea, Guipúzcoa",,0
108000,1.0,1.0,0,36615099,50,40,Renteria / Errenteria,"Donostialdea, Guipúzcoa",,0
135000,1.0,3.0,0,36649414,76,75,Renteria / Errenteria,"Donostialdea, Guipúzcoa",,0
156000,1.0,3.0,0,37865875,80,,Renteria / Errenteria,"Donostialdea, Guipúzcoa",1974,0
165000,1.0,2.0,0,38249665,66,59,Renteria / Errenteria,"Donostialdea, Guipúzcoa",,0
160000,1.0,3.0,0,28892573,75,68,Renteria / Errenteria,"Donostialdea, Guipúzcoa",,0
185000,2.0,3.0,6,36748230,80,79,Renteria / Errenteria,"Donostialdea, Guipúzcoa",,0
150000,1.0,3.0,0,81519249,65,,Renteria / Errenteria,"Donostialdea, Guipúzcoa",,0
207000,2.0,3.0,0,82090099,76,75,Renteria / Errenteria,"Donostialdea, Guipúzcoa",,1
165000,1.0,2.0,0,83325068,72,70,Renteria / Errenteria,"Donostialdea, Guipúzcoa",,0
200000,1.0,3.0,0,83372870,75,70,Renteria / Errenteria,"Donostialdea, Guipúzcoa",,0
150000,1.0,1.0,0,83576237,40,37,Renteria / Errenteria,"Donostialdea, Guipúzcoa",2009,0
150000,1.0,2.0,0,83013663,85,80,Renteria / Errenteria,"Donostialdea, Guipúzcoa",1960,0
189000,1.0,3.0,0,81179439,65,61,Renteria / Errenteria,"Donostialdea, Guipúzcoa",1965,0
183000,1.0,3.0,0,84189902,128,,Renteria / Errenteria,"Donostialdea, Guipúzcoa",,0
155900,1.0,1.0,0,83137445,61,,Renteria / Errenteria,"Donostialdea, Guipúzcoa",,0
105000,1.0,2.0,0,84769956,62,50,Renteria / Errenteria,"Donostialdea, Guipúzcoa",,0
160000,1.0,3.0,0,39919078,87,70,Renteria / Errenteria,"Donostialdea, Guipúzcoa",1971,0
207000,2.0,3.0,0,84186822,75,,Renteria / Errenteria,"Donostialdea, Guipúzcoa",,1
175000,2.0,3.0,0,84170534,105,74,Renteria / Errenteria,"Donostialdea, Guipúzcoa",,0
160000,1.0,3.0,0,84116340,75,,Renteria / Errenteria,"Donostialdea, Guipúzcoa",,0
180000,1.0,2.0,0,84116143,70,,Renteria / Errenteria,"Donostialdea, Guipúzcoa",,0
175000,2.0,3.0,0,84232049,95,76,Renteria / Errenteria,"Donostialdea, Guipúzcoa",,0
265000,1.0,2.0,0,84287362,70,,Renteria / Errenteria,"Donostialdea, Guipúzcoa",,0
143000,1.0,2.0,0,84634330,55,47,Renteria / Errenteria,"Donostialdea, Guipúzcoa",,0
155000,1.0,3.0,0,38647191,70,65,Renteria / Errenteria,"Donostialdea, Guipúzcoa",,0
335000,2.0,3.0,0,39385078,110,97,Renteria / Errenteria,"Donostialdea, Guipúzcoa",,0
145000,2.0,3.0,0,39425239,68,66,Renteria / Errenteria,"Donostialdea, Guipúzcoa",,0
290000,2.0,2.0,0,82201062,85,84,Renteria / Errenteria,"Donostialdea, Guipúzcoa",,0
340000,2.0,3.0,0,82600525,113,105,Renteria / Errenteria,"Donostialdea, Guipúzcoa",,0
150000,1.0,1.0,0,82627491,40,37,Renteria / Errenteria,"Donostialdea, Guipúzcoa",,0
124000,1.0,3.0,0,83265066,80,75,Renteria / Errenteria,"Donostialdea, Guipúzcoa",,0
115100,1.0,3.0,0,83462024,75,72,Renteria / Errenteria,"Donostialdea, Guipúzcoa",1975,0
176000,1.0,3.0,0,83605361,75,73,Renteria / Errenteria,"Donostialdea, Guipúzcoa",1975,0
190000,1.0,3.0,0,83766488,70,68,Renteria / Errenteria,"Donostialdea, Guipúzcoa",,0
340000,2.0,2.0,0,83880586,113,105,Renteria / Errenteria,"Donostialdea, Guipúzcoa",1992,0
197000,1.0,3.0,0,84171426,63,62,Renteria / Errenteria,"Donostialdea, Guipúzcoa",,0
185000,1.0,3.0,0,84304016,73,72,Renteria / Errenteria,"Donostialdea, Guipúzcoa",,1
135000,1.0,2.0,0,84493235,70,60,Renteria / Errenteria,"Donostialdea, Guipúzcoa",1952,0
145000,1.0,2.0,0,84429431,50,47,Renteria / Errenteria,"Donostialdea, Guipúzcoa",,0
255000,2.0,3.0,0,84188524,90,83,Renteria / Errenteria,"Donostialdea, Guipúzcoa",,0
155000,2.0,3.0,0,81736379,85,77,Renteria / Errenteria,"Donostialdea, Guipúzcoa",,0
124000,1.0,2.0,0,84579766,49,45,Renteria / Errenteria,"Donostialdea, Guipúzcoa",,0
148000,1.0,3.0,0,40173460,70,69,Renteria / Errenteria,"Donostialdea, Guipúzcoa",,0
162000,2.0,3.0,0,83792161,80,75,Renteria / Errenteria,"Donostialdea, Guipúzcoa",,0
185000,1.0,2.0,0,84736320,69,60,Renteria / Errenteria,"Donostialdea, Guipúzcoa",,0
400000,2.0,3.0,0,81129525,110,,Renteria / Errenteria,"Donostialdea, Guipúzcoa",,0
364000,2.0,3.0,0,81162752,112,,Renteria / Errenteria,"Donostialdea, Guipúzcoa",2006,1
259000,1.0,3.0,0,38999999,80,75,Renteria / Errenteria,"Donostialdea, Guipúzcoa",1965,0
207000,2.0,3.0,0,81707792,80,76,Renteria / Errenteria,"Donostialdea, Guipúzcoa",,0
150000,1.0,2.0,0,81709804,75,70,Renteria / Errenteria,"Donostialdea, Guipúzcoa",,0
225000,1.0,2.0,0,82380887,65,60,Renteria / Errenteria,"Donostialdea, Guipúzcoa",,0
159000,1.0,3.0,0,82561785,72,65,Renteria / Errenteria,"Donostialdea, Guipúzcoa",1966,0
178000,1.0,2.0,0,83255797,65,,Renteria / Errenteria,"Donostialdea, Guipúzcoa",,0
140500,1.0,3.0,0,83671522,72,,Renteria / Errenteria,"Donostialdea, Guipúzcoa",1963,0
164000,1.0,2.0,0,83873576,53,,Renteria / Errenteria,"Donostialdea, Guipúzcoa",,0
158000,1.0,2.0,0,84188801,58,,Renteria / Errenteria,"Donostialdea, Guipúzcoa",,0
382000,2.0,3.0,0,84301767,127,98,Renteria / Errenteria,"Donostialdea, Guipúzcoa",2006,0
135000,1.0,2.0,0,84347794,70,60,Renteria / Errenteria,"Donostialdea, Guipúzcoa",,0
143000,1.0,2.0,0,84415618,55,47,Renteria / Errenteria,"Donostialdea, Guipúzcoa",1965,0
150000,1.0,3.0,0,84543206,75,,Renteria / Errenteria,"Donostialdea, Guipúzcoa",,0
169000,1.0,2.0,0,35243792,80,,Renteria / Errenteria,"Donostialdea, Guipúzcoa",,0
429000,3.0,4.0,6,36340884,130,121,Renteria / Errenteria,"Donostialdea, Guipúzcoa",2005,1
335000,2.0,3.0,0,39802615,125,110,Renteria / Errenteria,"Donostialdea, Guipúzcoa",2006,0
160000,1.0,3.0,0,84073505,75,72,Renteria / Errenteria,"Donostialdea, Guipúzcoa",,0
163000,1.0,2.0,0,84542086,53,,Renteria / Errenteria,"Donostialdea, Guipúzcoa",,0
130000,1.0,2.0,0,84579847,40,,Renteria / Errenteria,"Donostialdea, Guipúzcoa",,0
345000,2.0,3.0,0,84384765,100,97,Renteria / Errenteria,"Donostialdea, Guipúzcoa",2006,0
170000,1.0,2.0,0,84634401,54,52,Renteria / Errenteria,"Donostialdea, Guipúzcoa",,0
140000,1.0,3.0,0,84643777,72,70,Renteria / Errenteria,"Donostialdea, Guipúzcoa",,0
278000,2.0,4.0,0,84762319,120,110,Renteria / Errenteria,"Donostialdea, Guipúzcoa",,0
255000,2.0,3.0,0,31258017,80,,Renteria / Errenteria,"Donostialdea, Guipúzcoa",,0
165000,1.0,3.0,0,82987384,65,,Renteria / Errenteria,"Donostialdea, Guipúzcoa",,0
135000,1.0,2.0,0,83885243,65,60,Renteria / Errenteria,"Donostialdea, Guipúzcoa",1952,0
595000,4.0,5.0,3,83918236,311,270,Renteria / Errenteria,"Donostialdea, Guipúzcoa",,1
360000,2.0,3.0,0,34901614,150,141,Renteria / Errenteria,"Donostialdea, Guipúzcoa",1993,1
226000,2.0,2.0,0,84339001,88,,Renteria / Errenteria,"Donostialdea, Guipúzcoa",,0
146000,1.0,3.0,0,81199291,72,68,Renteria / Errenteria,"Donostialdea, Guipúzcoa",,0
136000,1.0,2.0,0,84870524,50,42,Renteria / Errenteria,"Donostialdea, Guipúzcoa",,0
130000,1.0,1.0,0,82738324,41,40,Renteria / Errenteria,"Donostialdea, Guipúzcoa",,0
220000,2.0,2.0,0,83577053,67,,Renteria / Errenteria,"Donostialdea, Guipúzcoa",,1
145000,1.0,2.0,0,84286494,50,48,Renteria / Errenteria,"Donostialdea, Guipúzcoa",,0
100000,1.0,1.0,0,84572462,45,37,Renteria / Errenteria,"Donostialdea, Guipúzcoa",,0
160000,1.0,2.0,0,84618054,60,,Renteria / Errenteria,"Donostialdea, Guipúzcoa",1928,0
160000,1.0,3.0,0,83586506,75,63,Renteria / Errenteria,"Donostialdea, Guipúzcoa",,0
197000,1.0,3.0,0,84759548,68,63,Renteria / Errenteria,"Donostialdea, Guipúzcoa",1974,0
185000,2.0,3.0,0,32085463,80,,Renteria / Errenteria,"Donostialdea, Guipúzcoa",,1
176000,2.0,3.0,0,82272512,76,,Renteria / Errenteria,"Donostialdea, Guipúzcoa",1978,0
140000,1.0,2.0,0,83213914,65,51,Renteria / Errenteria,"Donostialdea, Guipúzcoa",1960,0
162000,1.0,2.0,0,83407618,58,,Renteria / Errenteria,"Donostialdea, Guipúzcoa",1970,0
284000,2.0,3.0,0,39457494,88,78,Renteria / Errenteria,"Donostialdea, Guipúzcoa",1998,1
122000,1.0,2.0,0,83989211,51,50,Renteria / Errenteria,"Donostialdea, Guipúzcoa",,0
143000,1.0,2.0,0,40101374,55,46,Renteria / Errenteria,"Donostialdea, Guipúzcoa",,0
150000,1.0,3.0,0,81577502,75,,Renteria / Errenteria,"Donostialdea, Guipúzcoa",,0
150000,1.0,3.0,0,81594058,75,72,Renteria / Errenteria,"Donostialdea, Guipúzcoa",,0
155900,1.0,1.0,0,82910408,61,,Renteria / Errenteria,"Donostialdea, Guipúzcoa",,0
255000,1.0,3.0,0,40516838,97,90,Renteria / Errenteria,"Donostialdea, Guipúzcoa",1976,0
120000,1.0,2.0,0,83233717,65,60,Renteria / Errenteria,"Donostialdea, Guipúzcoa",1964,0
125000,1.0,2.0,0,84804214,45,40,Renteria / Errenteria,"Donostialdea, Guipúzcoa",,0
119000,1.0,2.0,0,83449545,55,,Renteria / Errenteria,"Donostialdea, Guipúzcoa",,0
125000,1.0,2.0,0,35359945,65,60,Renteria / Errenteria,"Donostialdea, Guipúzcoa",1910,0
385000,2.0,3.0,0,39569672,120,110,Renteria / Errenteria,"Donostialdea, Guipúzcoa",,1
350000,3.0,3.0,6,34691773,150,145,Renteria / Errenteria,"Donostialdea, Guipúzcoa",,1
220000,1.0,3.0,0,36940547,85,72,Renteria / Errenteria,"Donostialdea, Guipúzcoa",,0
207000,2.0,3.0,0,81687224,75,70,Renteria / Errenteria,"Donostialdea, Guipúzcoa",,1
160000,1.0,2.0,0,82063402,65,56,Renteria / Errenteria,"Donostialdea, Guipúzcoa",,0
354000,2.0,3.0,0,82355917,120,96,Renteria / Errenteria,"Donostialdea, Guipúzcoa",2006,0
120000,1.0,3.0,0,82603055,75,70,Renteria / Errenteria,"Donostialdea, Guipúzcoa",1958,0
280000,2.0,3.0,0,82625637,68,67,Renteria / Errenteria,"Donostialdea, Guipúzcoa",,0
285000,2.0,3.0,0,83113591,90,85,Renteria / Errenteria,"Donostialdea, Guipúzcoa",1970,0
295000,2.0,3.0,0,83153679,110,95,Renteria / Errenteria,"Donostialdea, Guipúzcoa",2006,0
155000,1.0,3.0,0,83773161,80,75,Renteria / Errenteria,"Donostialdea, Guipúzcoa",,0
150000,1.0,2.0,0,38462923,50,,Renteria / Errenteria,"Donostialdea, Guipúzcoa",1959,0
146500,1.0,2.0,0,82244243,70,62,Renteria / Errenteria,"Donostialdea, Guipúzcoa",,0
141100,1.0,1.0,0,39852556,66,,Renteria / Errenteria,"Donostialdea, Guipúzcoa",,1
139000,1.0,2.0,0,84753215,59,48,Renteria / Errenteria,"Donostialdea, Guipúzcoa",,0
149000,1.0,2.0,0,81538006,77,72,Renteria / Errenteria,"Donostialdea, Guipúzcoa",,0
165000,1.0,3.0,0,84530589,85,70,Renteria / Errenteria,"Donostialdea, Guipúzcoa",,0
220000,1.0,3.0,0,84645437,100,86,Renteria / Errenteria,"Donostialdea, Guipúzcoa",1976,0
156000,1.0,3.0,0,30507916,76,69,Renteria / Errenteria,"Donostialdea, Guipúzcoa",,0
140000,1.0,2.0,0,83282219,60,52,Renteria / Errenteria,"Donostialdea, Guipúzcoa",2005,0
153000,1.0,2.0,6,83527770,47,,Renteria / Errenteria,"Donostialdea, Guipúzcoa",,0
175000,1.0,2.0,0,38881959,65,60,Renteria / Errenteria,"Donostialdea, Guipúzcoa",,0
335000,2.0,3.0,0,84188555,105,96,Renteria / Errenteria,"Donostialdea, Guipúzcoa",,0
195000,1.0,3.0,0,84442500,68,,Renteria / Errenteria,"Donostialdea, Guipúzcoa",1959,0
650000,2.0,1.0,9,84300079,300,,Renteria / Errenteria,"Donostialdea, Guipúzcoa",,1
141100,1.0,1.0,0,32535543,66,,Renteria / Errenteria,"Donostialdea, Guipúzcoa",,1
260000,2.0,3.0,0,84635909,110,90,Renteria / Errenteria,"Donostialdea, Guipúzcoa",,1
145000,1.0,3.0,0,81145687,69,62,Renteria / Errenteria,"Donostialdea, Guipúzcoa",1973,0
185000,1.0,2.0,0,81225292,68,66,Renteria / Errenteria,"Donostialdea, Guipúzcoa",,0
210000,1.0,3.0,0,81353825,82,72,Renteria / Errenteria,"Donostialdea, Guipúzcoa",,0
150000,2.0,2.0,6,82562179,96,90,Renteria / Errenteria,"Donostialdea, Guipúzcoa",,0
105000,1.0,0.0,12,83816141,34,32,Renteria / Errenteria,"Donostialdea, Guipúzcoa",,0
159900,1.0,2.0,0,83857175,64,,Renteria / Errenteria,"Donostialdea, Guipúzcoa",,0
142000,1.0,2.0,0,84770713,52,48,Renteria / Errenteria,"Donostialdea, Guipúzcoa",,0
169000,1.0,2.0,0,34362256,80,75,Renteria / Errenteria,"Donostialdea, Guipúzcoa",1930,0
350000,2.0,3.0,0,39080150,96,90,Renteria / Errenteria,"Donostialdea, Guipúzcoa",2006,0
147500,1.0,3.0,0,82051316,80,,Renteria / Errenteria,"Donostialdea, Guipúzcoa",,0
140000,1.0,3.0,0,84520448,78,70,Renteria / Errenteria,"Donostialdea, Guipúzcoa",,0
185000,1.0,3.0,0,84752675,71,69,Renteria / Errenteria,"Donostialdea, Guipúzcoa",,0
315000,2.0,2.0,0,84296289,72,65,Renteria / Errenteria,"Donostialdea, Guipúzcoa",2006,1
235000,2.0,3.0,0,84676089,110,90,Renteria / Errenteria,"Donostialdea, Guipúzcoa",,0
139000,1.0,2.0,0,84705810,54,47,Renteria / Errenteria,"Donostialdea, Guipúzcoa",1965,0
335000,2.0,3.0,0,83364927,120,110,Renteria / Errenteria,"Donostialdea, Guipúzcoa",2007,0
135000,1.0,2.0,0,84561689,65,60,Renteria / Errenteria,"Donostialdea, Guipúzcoa",1952,0
200000,1.0,2.0,0,84616975,60,,Renteria / Errenteria,"Donostialdea, Guipúzcoa",,1
145000,1.0,2.0,0,28893619,49,,Renteria / Errenteria,"Donostialdea, Guipúzcoa",1974,0
169000,1.0,2.0,0,83844011,71,60,Renteria / Errenteria,"Donostialdea, Guipúzcoa",1971,0
195000,1.0,3.0,0,84808720,68,,Renteria / Errenteria,"Donostialdea, Guipúzcoa",1959,0
177000,1.0,1.0,0,30507905,66,60,Renteria / Errenteria,"Donostialdea, Guipúzcoa",,0
420000,2.0,3.0,0,83229251,93,92,Renteria / Errenteria,"Donostialdea, Guipúzcoa",2008,1
270000,1.0,3.0,0,84247406,80,,Renteria / Errenteria,"Donostialdea, Guipúzcoa",1956,0
185000,1.0,2.0,0,84608866,62,60,Renteria / Errenteria,"Donostialdea, Guipúzcoa",,0
166800,2.0,2.0,0,32535584,93,,Renteria / Errenteria,"Donostialdea, Guipúzcoa",,1
226000,2.0,2.0,0,82908955,88,,Renteria / Errenteria,"Donostialdea, Guipúzcoa",,0
235000,2.0,3.0,0,83192204,90,85,Renteria / Errenteria,"Donostialdea, Guipúzcoa",,0
370000,2.0,4.0,0,84282780,110,98,Renteria / Errenteria,"Donostialdea, Guipúzcoa",2008,1
189000,1.0,2.0,0,84428371,56,,Renteria / Errenteria,"Donostialdea, Guipúzcoa",,0
140000,1.0,2.0,0,84643301,54,48,Renteria / Errenteria,"Donostialdea, Guipúzcoa",,0
260000,2.0,3.0,0,84659283,90,88,Renteria / Errenteria,"Donostialdea, Guipúzcoa",1988,1
650000,2.0,1.0,4,28893082,322,,Renteria / Errenteria,"Donostialdea, Guipúzcoa",,0
650000,3.0,5.0,9,83534310,400,,Renteria / Errenteria,"Donostialdea, Guipúzcoa",,0
135000,1.0,1.0,8,83893307,52,42,Renteria / Errenteria,"Donostialdea, Guipúzcoa",1955,0
145400,1.0,2.0,0,84544410,47,,Renteria / Errenteria,"Donostialdea, Guipúzcoa",1943,0
150000,1.0,3.0,0,83915569,90,,Renteria / Errenteria,"Donostialdea, Guipúzcoa",,0
216000,1.0,3.0,0,30507892,75,68,Renteria / Errenteria,"Donostialdea, Guipúzcoa",,0
200000,1.0,3.0,0,30507898,72,65,Renteria / Errenteria,"Donostialdea, Guipúzcoa",,0
216000,1.0,2.0,0,30507904,66,60,Renteria / Errenteria,"Donostialdea, Guipúzcoa",,0
150000,1.0,3.0,0,30507914,64,55,Renteria / Errenteria,"Donostialdea, Guipúzcoa",,0
204500,1.0,2.0,0,30536773,46,42,Renteria / Errenteria,"Donostialdea, Guipúzcoa",,0
139000,1.0,3.0,0,82312649,80,71,Renteria / Errenteria,"Donostialdea, Guipúzcoa",1971,0
399000,3.0,4.0,3,82894195,200,180,Renteria / Errenteria,"Donostialdea, Guipúzcoa",2008,1
395000,3.0,3.0,4,82649291,240,180,Renteria / Errenteria,"Donostialdea, Guipúzcoa",2008,0
345000,1.0,3.0,0,81666975,96,,Renteria / Errenteria,"Donostialdea, Guipúzcoa",,0
220000,1.0,2.0,0,84276889,74,,Renteria / Errenteria,"Donostialdea, Guipúzcoa",,0
295000,1.0,3.0,0,83931784,80,72,Renteria / Errenteria,"Donostialdea, Guipúzcoa",1987,0
165000,1.0,2.0,0,84134013,60,56,Renteria / Errenteria,"Donostialdea, Guipúzcoa",1970,0
160000,1.0,2.0,0,84753621,60,,Renteria / Errenteria,"Donostialdea, Guipúzcoa",,0
353000,2.0,3.0,0,84676096,100,96,Renteria / Errenteria,"Donostialdea, Guipúzcoa",2006,0
250000,1.0,3.0,0,84750546,105,100,Renteria / Errenteria,"Donostialdea, Guipúzcoa",,0
90000,1.0,1.0,0,84502685,120,114,Renteria / Errenteria,"Donostialdea, Guipúzcoa",1975,0
363000,2.0,3.0,0,40407747,118,100,Renteria / Errenteria,"Donostialdea, Guipúzcoa",2006,1
160000,1.0,1.0,0,35068122,50,41,Renteria / Errenteria,"Donostialdea, Guipúzcoa",,1
650000,3.0,2.0,7,84314329,27000,380,Renteria / Errenteria,"Donostialdea, Guipúzcoa",2006,0
290000,2.0,3.0,0,83040155,97,84,Renteria / Errenteria,"Donostialdea, Guipúzcoa",1952,0
150000,1.0,2.0,0,83216150,62,55,Renteria / Errenteria,"Donostialdea, Guipúzcoa",1963,0
210000,1.0,3.0,0,83885187,83,72,Renteria / Errenteria,"Donostialdea, Guipúzcoa",1971,0
166000,1.0,2.0,0,84035780,59,51,Renteria / Errenteria,"Donostialdea, Guipúzcoa",1972,0
230000,2.0,4.0,0,84543484,97,82,Renteria / Errenteria,"Donostialdea, Guipúzcoa",1976,0
166000,1.0,3.0,0,83952367,71,56,Renteria / Errenteria,"Donostialdea, Guipúzcoa",1969,0
350000,3.0,4.0,6,83818475,161,140,Renteria / Errenteria,"Donostialdea, Guipúzcoa",1992,0
120000,1.0,2.0,0,84828492,60,,Renteria / Errenteria,"Donostialdea, Guipúzcoa",,0
180000,1.0,3.0,0,84629164,80,73,Renteria / Errenteria,"Donostialdea, Guipúzcoa",,0
155000,1.0,3.0,0,84828120,80,,Renteria / Errenteria,"Donostialdea, Guipúzcoa",,0
275000,2.0,2.0,0,37319155,70,66,Renteria / Errenteria,"Donostialdea, Guipúzcoa",,0
134000,1.0,1.0,0,84643935,56,,Renteria / Errenteria,"Donostialdea, Guipúzcoa",,0
249000,2.0,3.0,0,84033976,87,85,Renteria / Errenteria,"Donostialdea, Guipúzcoa",,0
140000,1.0,2.0,0,84602631,52,,Renteria / Errenteria,"Donostialdea, Guipúzcoa",,0
160000,1.0,2.0,0,84518478,60,,Renteria / Errenteria,"Donostialdea, Guipúzcoa",,0
176000,1.0,3.0,0,84643931,80,,Renteria / Errenteria,"Donostialdea, Guipúzcoa",,0
162000,2.0,3.0,0,83572034,80,75,Renteria / Errenteria,"Donostialdea, Guipúzcoa",,0
140000,1.0,2.0,0,84385527,75,71,Renteria / Errenteria,"Donostialdea, Guipúzcoa",,0
395000,3.0,4.0,3,35273465,250,232,Renteria / Errenteria,"Donostialdea, Guipúzcoa",,1
158000,1.0,3.0,0,82757397,88,73,Renteria / Errenteria,"Donostialdea, Guipúzcoa",,0
129000,1.0,2.0,0,83024130,60,58,Renteria / Errenteria,"Donostialdea, Guipúzcoa",1959,0
166800,2.0,2.0,0,83985597,93,82,Renteria / Errenteria,"Donostialdea, Guipúzcoa",2007,1
141100,1.0,1.0,0,84029188,66,54,Renteria / Errenteria,"Donostialdea, Guipúzcoa",2007,1
119000,1.0,2.0,0,83449530,55,,Renteria / Errenteria,"Donostialdea, Guipúzcoa",,0
129000,1.0,2.0,0,83947240,62,58,Renteria / Errenteria,"Donostialdea, Guipúzcoa",,0
265000,1.0,3.0,0,84607345,85,80,Renteria / Errenteria,"Donostialdea, Guipúzcoa",,0
237000,2.0,2.0,0,84644029,100,,Renteria / Errenteria,"Donostialdea, Guipúzcoa",,0
329000,2.0,3.0,0,84075183,90,89,Renteria / Errenteria,"Donostialdea, Guipúzcoa",,1
215000,1.0,3.0,0,84557370,70,65,Renteria / Errenteria,"Donostialdea, Guipúzcoa",,0
155500,1.0,3.0,0,84643924,70,,Renteria / Errenteria,"Donostialdea, Guipúzcoa",,0
206000,1.0,3.0,0,84768268,82,79,Renteria / Errenteria,"Donostialdea, Guipúzcoa",,1
175100,2.0,3.0,0,84676090,80,76,Renteria / Errenteria,"Donostialdea, Guipúzcoa",,0
650000,2.0,4.0,9,81964569,320,250,Renteria / Errenteria,"Donostialdea, Guipúzcoa",,1
279000,2.0,3.0,0,83333422,82,76,Renteria / Errenteria,"Donostialdea, Guipúzcoa",1998,1
350000,3.0,3.0,6,38042103,150,141,Renteria / Errenteria,"Donostialdea, Guipúzcoa",1992,0
125000,1.0,3.0,0,38133348,87,78,Renteria / Errenteria,"Donostialdea, Guipúzcoa",1965,0
345000,1.0,3.0,0,81666974,96,,Renteria / Errenteria,"Donostialdea, Guipúzcoa",,0
220000,1.0,2.0,0,84276915,74,,Renteria / Errenteria,"Donostialdea, Guipúzcoa",,0
520000,4.0,4.0,4,39691914,260,220,Renteria / Errenteria,"Donostialdea, Guipúzcoa",2010,1
146000,1.0,2.0,0,84527726,92,47,Renteria / Errenteria,"Donostialdea, Guipúzcoa",,0
155900,2.0,1.0,0,82917367,61,47,Renteria / Errenteria,"Donostialdea, Guipúzcoa",2014,0
226000,2.0,2.0,6,82933970,88,52,Renteria / Errenteria,"Donostialdea, Guipúzcoa",2014,0
340000,2.0,3.0,0,82029015,93,88,Renteria / Errenteria,"Donostialdea, Guipúzcoa",2006,1
163000,1.0,2.0,0,84607185,58,55,Renteria / Errenteria,"Donostialdea, Guipúzcoa",,0
350000,2.0,3.0,0,82484653,100,97,Renteria / Errenteria,"Donostialdea, Guipúzcoa",2006,0
340000,2.0,3.0,0,84467623,95,90,Renteria / Errenteria,"Donostialdea, Guipúzcoa",2006,1
430000,3.0,4.0,6,38906316,149,120,Renteria / Errenteria,"Donostialdea, Guipúzcoa",2005,1
price,0.0,0.0,11,house_id,m2_real,m2_useful,loc_city,loc_zone,construct_date,1
110000,1.0,3.0,6,84777129,80,75,Pasaia,"Donostialdea, Guipúzcoa",,0
220000,1.0,3.0,0,39953475,70,,Lezo,"Donostialdea, Guipúzcoa",,0
230000,1.0,2.0,0,29312057,60,,Pasaia,"Donostialdea, Guipúzcoa",,1
104000,1.0,2.0,1,35061047,100,,Lezo,"Donostialdea, Guipúzcoa",,0
165000,1.0,2.0,0,84148194,60,,Pasaia,"Donostialdea, Guipúzcoa",,0
195000,1.0,3.0,0,32154244,75,70,Pasaia,"Donostialdea, Guipúzcoa",,0
450000,2.0,3.0,0,84173218,84,,Lezo,"Donostialdea, Guipúzcoa",,1
149000,1.0,3.0,0,37945252,72,,Pasaia,"Donostialdea, Guipúzcoa",,0
175000,1.0,2.0,0,37249626,66,65,Lezo,"Donostialdea, Guipúzcoa",,0
149000,1.0,2.0,0,37249618,67,,Pasaia,"Donostialdea, Guipúzcoa",,0
135000,1.0,3.0,0,84544123,69,,Oiartzun,"Donostialdea, Guipúzcoa",,0
270400,2.0,3.0,0,30536826,83,75,Lezo,"Donostialdea, Guipúzcoa",,0
100000,1.0,1.0,0,1022481,60,50,Pasaia,"Donostialdea, Guipúzcoa",,0
264000,2.0,3.0,0,39001868,117,98,Oiartzun,"Donostialdea, Guipúzcoa",1989,0
160000,1.0,3.0,0,82655384,80,,Pasaia,"Donostialdea, Guipúzcoa",,0
275000,2.0,3.0,0,29523008,130,,Oiartzun,"Donostialdea, Guipúzcoa",,1
198000,1.0,3.0,6,31768197,83,68,Pasaia,"Donostialdea, Guipúzcoa",,0
80000,1.0,2.0,0,39983839,49,,Lezo,"Donostialdea, Guipúzcoa",,0
180000,1.0,3.0,0,82746670,85,,Pasaia,"Donostialdea, Guipúzcoa",1988,0
156000,1.0,3.0,0,31465331,70,,Pasaia,"Donostialdea, Guipúzcoa",,0
160000,1.0,2.0,0,34641454,55,,Lezo,"Donostialdea, Guipúzcoa",,0
200000,1.0,3.0,0,39295024,67,56,Lezo,"Donostialdea, Guipúzcoa",2019,0
200000,2.0,2.0,0,39295025,67,56,Lezo,"Donostialdea, Guipúzcoa",2019,0
230000,1.0,3.0,1,82336478,1200,75,Oiartzun,"Donostialdea, Guipúzcoa",,0
119900,1.0,2.0,0,84542713,67,,Pasaia,"Donostialdea, Guipúzcoa",,0
259000,1.0,3.0,0,1794175,120,93,Pasaia,"Donostialdea, Guipúzcoa",,0
330000,1.0,2.0,0,32487256,75,,Oiartzun,"Donostialdea, Guipúzcoa",,1
170000,1.0,2.0,0,81645042,65,57,Pasaia,"Donostialdea, Guipúzcoa",1995,0
165000,1.0,3.0,0,81874475,80,,Pasaia,"Donostialdea, Guipúzcoa",,0
160000,1.0,3.0,0,83158905,85,,Pasaia,"Donostialdea, Guipúzcoa",,0
93000,1.0,2.0,0,27511452,40,,Oiartzun,"Donostialdea, Guipúzcoa",,0
160000,1.0,2.0,0,30387757,53,,Lezo,"Donostialdea, Guipúzcoa",,0
220000,2.0,3.0,0,39988303,107,98,Pasaia,"Donostialdea, Guipúzcoa",1967,0
140000,1.0,2.0,0,81848604,45,,Pasaia,"Donostialdea, Guipúzcoa",1944,0
176000,1.0,2.0,0,83172112,65,60,Pasaia,"Donostialdea, Guipúzcoa",1967,0
205000,2.0,3.0,0,81570061,90,72,Oiartzun,"Donostialdea, Guipúzcoa",,1
145000,1.0,2.0,0,83957176,71,65,Lezo,"Donostialdea, Guipúzcoa",,0
160000,1.0,3.0,0,84196419,80,72,Pasaia,"Donostialdea, Guipúzcoa",,0
159000,1.0,3.0,0,84400878,70,68,Pasaia,"Donostialdea, Guipúzcoa",,0
190000,1.0,3.0,0,32043098,75,67,Oiartzun,"Donostialdea, Guipúzcoa",1962,0
260000,2.0,3.0,0,84290999,81,,Oiartzun,"Donostialdea, Guipúzcoa",,0
130000,1.0,2.0,0,84464997,65,64,Pasaia,"Donostialdea, Guipúzcoa",,0
232000,1.0,2.0,0,82150880,90,85,Pasaia,"Donostialdea, Guipúzcoa",,0
176000,1.0,2.0,0,83984198,62,60,Pasaia,"Donostialdea, Guipúzcoa",1967,0
205000,1.0,3.0,0,28066390,100,,Pasaia,"Donostialdea, Guipúzcoa",,0
400000,2.0,7.0,0,31034351,155,149,Pasaia,"Donostialdea, Guipúzcoa",,0
165000,1.0,2.0,0,32403336,65,60,Pasaia,"Donostialdea, Guipúzcoa",,0
150000,1.0,3.0,0,1991705,85,,Pasaia,"Donostialdea, Guipúzcoa",,0
225500,1.0,3.0,0,447406,100,95,Pasaia,"Donostialdea, Guipúzcoa",,0
198000,1.0,3.0,0,38464288,80,75,Pasaia,"Donostialdea, Guipúzcoa",,0
264000,2.0,3.0,0,38823085,117,,Oiartzun,"Donostialdea, Guipúzcoa",,0
93000,1.0,2.0,0,38813772,41,40,Oiartzun,"Donostialdea, Guipúzcoa",1950,0
158500,1.0,2.0,0,39021341,69,,Pasaia,"Donostialdea, Guipúzcoa",,0
135000,1.0,2.0,0,39677588,70,62,Pasaia,"Donostialdea, Guipúzcoa",,0
175000,1.0,3.0,0,39863457,88,84,Pasaia,"Donostialdea, Guipúzcoa",,0
190000,1.0,3.0,0,40250656,69,68,Lezo,"Donostialdea, Guipúzcoa",1974,0
120000,1.0,2.0,8,40413338,60,,Lezo,"Donostialdea, Guipúzcoa",,0
212000,1.0,3.0,0,81144786,78,,Oiartzun,"Donostialdea, Guipúzcoa",,0
240000,1.0,2.0,0,82133835,90,72,Lezo,"Donostialdea, Guipúzcoa",,0
265000,2.0,3.0,0,82344237,90,85,Oiartzun,"Donostialdea, Guipúzcoa",,0
170000,1.0,3.0,0,82768867,72,68,Lezo,"Donostialdea, Guipúzcoa",,0
189900,1.0,3.0,0,83202729,91,90,Pasaia,"Donostialdea, Guipúzcoa",,0
195000,1.0,4.0,0,83332049,85,84,Pasaia,"Donostialdea, Guipúzcoa",,0
265000,1.0,3.0,0,83643407,84,,Pasaia,"Donostialdea, Guipúzcoa",,0
130000,1.0,2.0,8,83788391,75,68,Pasaia,"Donostialdea, Guipúzcoa",,0
310000,2.0,3.0,0,83927371,80,79,Oiartzun,"Donostialdea, Guipúzcoa",2003,1
140000,1.0,3.0,0,84055752,60,,Lezo,"Donostialdea, Guipúzcoa",,0
175000,2.0,3.0,0,84369737,75,,Pasaia,"Donostialdea, Guipúzcoa",,0
179000,1.0,3.0,0,82146667,85,,Pasaia,"Donostialdea, Guipúzcoa",,0
82000,1.0,2.0,0,83540035,50,48,Lezo,"Donostialdea, Guipúzcoa",1975,0
240000,1.0,3.0,0,84401165,103,85,Oiartzun,"Donostialdea, Guipúzcoa",,0
310000,2.0,4.0,8,84436527,125,,Oiartzun,"Donostialdea, Guipúzcoa",2010,0
136000,1.0,2.0,0,84592861,70,63,Pasaia,"Donostialdea, Guipúzcoa",,0
155000,2.0,1.0,0,84357728,65,59,Oiartzun,"Donostialdea, Guipúzcoa",1970,0
180000,1.0,4.0,0,84380545,105,100,Pasaia,"Donostialdea, Guipúzcoa",,0
150000,1.0,2.0,0,82859364,70,65,Pasaia,"Donostialdea, Guipúzcoa",,0
125000,1.0,2.0,0,82237908,60,51,Lezo,"Donostialdea, Guipúzcoa",,0
225000,2.0,3.0,0,83234753,90,77,Lezo,"Donostialdea, Guipúzcoa",,0
166000,1.0,3.0,0,39091671,75,72,Lezo,"Donostialdea, Guipúzcoa",,0
136000,1.0,2.0,0,84642851,55,49,Pasaia,"Donostialdea, Guipúzcoa",,0
340000,0.0,0.0,4,28893302,265,231,Pasaia,"Donostialdea, Guipúzcoa",,0
180000,1.0,3.0,0,40253066,75,70,Pasaia,"Donostialdea, Guipúzcoa",,0
135000,1.0,2.0,0,83055653,63,58,Pasaia,"Donostialdea, Guipúzcoa",,0
144000,1.0,2.0,0,83314063,47,46,Pasaia,"Donostialdea, Guipúzcoa",1900,0
120000,1.0,2.0,0,35890649,56,55,Pasaia,"Donostialdea, Guipúzcoa",,0
120000,1.0,2.0,0,38520852,65,,Pasaia,"Donostialdea, Guipúzcoa",,0
170000,1.0,3.0,0,38758875,88,,Pasaia,"Donostialdea, Guipúzcoa",,0
168000,1.0,1.0,0,39083405,50,48,Pasaia,"Donostialdea, Guipúzcoa",1925,0
100000,1.0,2.0,0,39598205,62,60,Pasaia,"Donostialdea, Guipúzcoa",,0
87000,1.0,2.0,0,40335181,49,,Lezo,"Donostialdea, Guipúzcoa",,0
140000,1.0,2.0,0,40537286,83,65,Pasaia,"Donostialdea, Guipúzcoa",,0
115000,1.0,2.0,0,40543993,65,,Pasaia,"Donostialdea, Guipúzcoa",,0
230000,1.0,3.0,0,83795540,96,95,Pasaia,"Donostialdea, Guipúzcoa",,0
219000,1.0,3.0,0,81402627,78,77,Oiartzun,"Donostialdea, Guipúzcoa",1998,0
165000,1.0,2.0,0,84616901,60,57,Pasaia,"Donostialdea, Guipúzcoa",,0
239000,1.0,2.0,0,84695550,100,,Pasaia,"Donostialdea, Guipúzcoa",,0
167000,1.0,2.0,0,84723695,50,,Pasaia,"Donostialdea, Guipúzcoa",,0
95000,1.0,2.0,0,84749330,59,57,Pasaia,"Donostialdea, Guipúzcoa",2007,0
160000,1.0,3.0,0,84194512,80,72,Pasaia,"Donostialdea, Guipúzcoa",1960,0
99900,1.0,2.0,0,28077473,62,60,Pasaia,"Donostialdea, Guipúzcoa",,0
145000,1.0,3.0,0,83079511,69,68,Pasaia,"Donostialdea, Guipúzcoa",,0
140000,1.0,3.0,6,84641489,75,65,Pasaia,"Donostialdea, Guipúzcoa",,0
249000,1.0,1.0,0,27840317,50,,Pasaia,"Donostialdea, Guipúzcoa",,0
280000,2.0,3.0,6,39781298,111,86,Lezo,"Donostialdea, Guipúzcoa",2019,1
159000,1.0,2.0,0,365782,63,55,Pasaia,"Donostialdea, Guipúzcoa",,0
260000,2.0,3.0,0,84133921,81,,Oiartzun,"Donostialdea, Guipúzcoa",,1
180000,1.0,3.0,0,39169225,100,95,Pasaia,"Donostialdea, Guipúzcoa",,0
155000,0.0,3.0,0,39240404,94,92,Pasaia,"Donostialdea, Guipúzcoa",,0
176000,1.0,3.0,0,40477032,84,80,Pasaia,"Donostialdea, Guipúzcoa",,0
150000,1.0,3.0,0,40486997,75,,Pasaia,"Donostialdea, Guipúzcoa",,0
185000,2.0,2.0,0,40501849,126,,Pasaia,"Donostialdea, Guipúzcoa",,0
180000,1.0,2.0,0,40503103,60,,Pasaia,"Donostialdea, Guipúzcoa",,0
165000,1.0,3.0,0,40510118,60,,Pasaia,"Donostialdea, Guipúzcoa",,0
152000,1.0,2.0,0,81264223,50,,Pasaia,"Donostialdea, Guipúzcoa",,0
179000,1.0,2.0,0,81494699,70,,Pasaia,"Donostialdea, Guipúzcoa",,0
185000,1.0,2.0,0,81823548,60,,Pasaia,"Donostialdea, Guipúzcoa",,0
205000,1.0,4.0,0,82679581,130,103,Lezo,"Donostialdea, Guipúzcoa",1970,1
160000,1.0,2.0,0,82821121,53,49,Pasaia,"Donostialdea, Guipúzcoa",,0
125000,1.0,3.0,0,82841249,65,,Pasaia,"Donostialdea, Guipúzcoa",,0
135000,1.0,2.0,0,82981216,65,,Pasaia,"Donostialdea, Guipúzcoa",,0
171000,1.0,2.0,0,83004970,66,61,Pasaia,"Donostialdea, Guipúzcoa",1935,0
165000,1.0,3.0,0,83307177,70,,Pasaia,"Donostialdea, Guipúzcoa",,0
710000,2.0,1.0,1,26857997,30000,300,Oiartzun,"Donostialdea, Guipúzcoa",,1
830000,4.0,5.0,1,27110509,330,300,Oiartzun,"Donostialdea, Guipúzcoa",,1
185000,2.0,3.0,0,37581541,130,126,Pasaia,"Donostialdea, Guipúzcoa",1900,0
176000,1.0,2.0,0,38094755,72,63,Pasaia,"Donostialdea, Guipúzcoa",1967,0
179000,1.0,3.0,0,82767193,90,85,Pasaia,"Donostialdea, Guipúzcoa",,0
115000,1.0,3.0,0,84204234,70,,Lezo,"Donostialdea, Guipúzcoa",,0
158000,1.0,2.0,0,84709860,61,60,Pasaia,"Donostialdea, Guipúzcoa",,0
102000,1.0,3.0,0,33684612,65,,Pasaia,"Donostialdea, Guipúzcoa",,0
280000,3.0,3.0,0,81848517,160,135,Pasaia,"Donostialdea, Guipúzcoa",,0
138000,1.0,2.0,0,82868945,54,47,Pasaia,"Donostialdea, Guipúzcoa",1966,0
105000,1.0,1.0,8,83532405,36,35,Lezo,"Donostialdea, Guipúzcoa",,0
197000,1.0,3.0,0,84080038,90,88,Pasaia,"Donostialdea, Guipúzcoa",,0
120000,1.0,2.0,0,84293429,55,50,Oiartzun,"Donostialdea, Guipúzcoa",1970,0
93500,1.0,2.0,0,84348185,51,50,Pasaia,"Donostialdea, Guipúzcoa",,0
149900,1.0,2.0,0,37173972,53,50,Pasaia,"Donostialdea, Guipúzcoa",,0
132500,1.0,2.0,0,38817276,60,55,Lezo,"Donostialdea, Guipúzcoa",,0
362000,1.0,3.0,0,38396387,415,,Oiartzun,"Donostialdea, Guipúzcoa",,0
140000,1.0,3.0,0,81487192,60,55,Pasaia,"Donostialdea, Guipúzcoa",,0
165000,1.0,2.0,0,83560128,75,70,Pasaia,"Donostialdea, Guipúzcoa",,0
120000,1.0,2.0,0,84427260,55,50,Lezo,"Donostialdea, Guipúzcoa",1955,0
169000,1.0,3.0,0,84395856,70,65,Lezo,"Donostialdea, Guipúzcoa",1971,0
195000,1.0,3.0,0,82674679,80,72,Lezo,"Donostialdea, Guipúzcoa",,0
160000,1.0,1.0,0,82902858,58,48,Oiartzun,"Donostialdea, Guipúzcoa",,1
179000,1.0,2.0,0,39294541,85,80,Lezo,"Donostialdea, Guipúzcoa",,0
440000,2.0,4.0,3,26045884,1000,120,Oiartzun,"Donostialdea, Guipúzcoa",,1
265000,2.0,3.0,0,31059513,110,95,Pasaia,"Donostialdea, Guipúzcoa",,0
165000,1.0,3.0,0,35431256,70,,Lezo,"Donostialdea, Guipúzcoa",,0
405000,3.0,3.0,3,37231917,240,170,Oiartzun,"Donostialdea, Guipúzcoa",,1
260000,2.0,3.0,0,38991989,100,87,Lezo,"Donostialdea, Guipúzcoa",,0
176000,1.0,2.0,0,40546757,72,63,Pasaia,"Donostialdea, Guipúzcoa",1954,0
148000,2.0,3.0,0,40546553,70,64,Pasaia,"Donostialdea, Guipúzcoa",,0
173000,1.0,3.0,0,40561136,90,80,Pasaia,"Donostialdea, Guipúzcoa",,0
530000,3.0,6.0,6,81361341,240,200,Oiartzun,"Donostialdea, Guipúzcoa",,1
280000,2.0,3.0,6,82012713,6605,87,Lezo,"Donostialdea, Guipúzcoa",2018,0
165800,1.0,3.0,0,82206373,80,72,Pasaia,"Donostialdea, Guipúzcoa",1960,0
175000,1.0,2.0,0,39230638,76,75,Pasaia,"Donostialdea, Guipúzcoa",,0
155000,1.0,1.0,0,84055185,54,45,Pasaia,"Donostialdea, Guipúzcoa",1920,0
455000,3.0,5.0,4,34710002,275,,Oiartzun,"Donostialdea, Guipúzcoa",1974,0
298000,2.0,3.0,0,81184887,90,,Oiartzun,"Donostialdea, Guipúzcoa",1977,1
200000,1.0,1.0,0,81957563,60,51,Oiartzun,"Donostialdea, Guipúzcoa",1930,1
590000,2.0,3.0,4,81967876,268,165,Oiartzun,"Donostialdea, Guipúzcoa",2016,1
185000,1.0,3.0,0,82423788,95,91,Pasaia,"Donostialdea, Guipúzcoa",,1
110000,1.0,3.0,0,83165167,59,52,Pasaia,"Donostialdea, Guipúzcoa",1970,0
330000,2.0,3.0,0,83766563,125,110,Oiartzun,"Donostialdea, Guipúzcoa",1973,1
690000,4.0,4.0,4,83954928,330,290,Oiartzun,"Donostialdea, Guipúzcoa",1988,1
238000,2.0,3.0,0,84215794,81,,Pasaia,"Donostialdea, Guipúzcoa",1979,0
120000,1.0,2.0,0,84580554,60,,Lezo,"Donostialdea, Guipúzcoa",,0
200000,2.0,2.0,0,84173108,56,46,Lezo,"Donostialdea, Guipúzcoa",2019,1
150000,1.0,2.0,0,84359557,47,40,Pasaia,"Donostialdea, Guipúzcoa",1910,0
155000,1.0,2.0,0,84439221,65,60,Lezo,"Donostialdea, Guipúzcoa",1996,0
164000,1.0,3.0,0,84395149,76,72,Pasaia,"Donostialdea, Guipúzcoa",1960,0
179000,1.0,2.0,0,84384502,67,60,Pasaia,"Donostialdea, Guipúzcoa",1967,0
176000,1.0,2.0,0,36299623,72,63,Pasaia,"Donostialdea, Guipúzcoa",,0
160000,1.0,2.0,0,1807828,66,60,Pasaia,"Donostialdea, Guipúzcoa",,0
180000,1.0,3.0,0,27271324,60,58,Pasaia,"Donostialdea, Guipúzcoa",,0
232000,1.0,2.0,0,83067898,90,85,Pasaia,"Donostialdea, Guipúzcoa",,0
318000,1.0,1.0,1,83551687,16000,359,Lezo,"Donostialdea, Guipúzcoa",,1
310000,2.0,3.0,0,83950308,85,,Oiartzun,"Donostialdea, Guipúzcoa",,0
176000,1.0,2.0,0,84837431,48,40,Lezo,"Donostialdea, Guipúzcoa",,0
260000,2.0,3.0,0,84684643,81,,Oiartzun,"Donostialdea, Guipúzcoa",1988,1
171000,1.0,2.0,0,83367647,60,58,Pasaia,"Donostialdea, Guipúzcoa",1968,0
124900,1.0,2.0,0,39068176,70,,Pasaia,"Donostialdea, Guipúzcoa",,0
210000,1.0,3.0,0,83443644,105,102,Pasaia,"Donostialdea, Guipúzcoa",,0
550000,2.0,4.0,4,84562981,150,130,Oiartzun,"Donostialdea, Guipúzcoa",1978,1
260000,2.0,3.0,0,84615982,93,,Oiartzun,"Donostialdea, Guipúzcoa",,1
170000,1.0,2.0,0,84709605,70,64,Pasaia,"Donostialdea, Guipúzcoa",,0
530000,2.0,3.0,4,84734219,185,161,Oiartzun,"Donostialdea, Guipúzcoa",1975,1
190000,1.0,3.0,0,84790977,72,,Pasaia,"Donostialdea, Guipúzcoa",,0
179400,1.0,3.0,0,83455643,70,60,Pasaia,"Donostialdea, Guipúzcoa",1915,0
176000,1.0,2.0,0,84102707,72,,Pasaia,"Donostialdea, Guipúzcoa",,0
220000,2.0,3.0,0,38836842,82,71,Oiartzun,"Donostialdea, Guipúzcoa",1994,1
175000,1.0,3.0,0,82029443,93,84,Pasaia,"Donostialdea, Guipúzcoa",1900,0
165000,1.0,1.0,1,84562950,1500,64,Oiartzun,"Donostialdea, Guipúzcoa",2000,1
215000,1.0,3.0,0,84665480,81,79,Oiartzun,"Donostialdea, Guipúzcoa",,0
260000,2.0,3.0,0,84707243,81,80,Oiartzun,"Donostialdea, Guipúzcoa",,1
190000,1.0,3.0,0,83557419,70,,Pasaia,"Donostialdea, Guipúzcoa",,0
150000,2.0,3.0,8,83784325,74,69,Pasaia,"Donostialdea, Guipúzcoa",1930,0
145000,1.0,2.0,0,82984498,65,58,Lezo,"Donostialdea, Guipúzcoa",,0
170000,1.0,2.0,0,31316206,65,60,Pasaia,"Donostialdea, Guipúzcoa",1958,0
1250000,2.0,6.0,4,35339432,200,190,Oiartzun,"Donostialdea, Guipúzcoa",,0
695000,4.0,5.0,4,39109663,350,300,Lezo,"Donostialdea, Guipúzcoa",,1
145000,1.0,2.0,0,82265910,60,57,Pasaia,"Donostialdea, Guipúzcoa",,0
360000,1.0,3.0,4,27695980,85,,Pasaia,"Donostialdea, Guipúzcoa",,0
185000,2.0,3.0,0,33090382,126,95,Pasaia,"Donostialdea, Guipúzcoa",,0
140000,1.0,3.0,8,35173628,61,60,Pasaia,"Donostialdea, Guipúzcoa",,0
173000,1.0,3.0,0,37173973,70,,Pasaia,"Donostialdea, Guipúzcoa",,0
155000,1.0,3.0,0,37249621,60,,Pasaia,"Donostialdea, Guipúzcoa",,0
203000,1.0,3.0,6,37249624,81,,Pasaia,"Donostialdea, Guipúzcoa",,0
215000,1.0,3.0,0,37534206,100,95,Pasaia,"Donostialdea, Guipúzcoa",,0
240000,2.0,3.0,0,83233721,86,81,Pasaia,"Donostialdea, Guipúzcoa",1979,0
270000,2.0,3.0,0,83323653,75,,Oiartzun,"Donostialdea, Guipúzcoa",,0
120000,1.0,2.0,0,83432991,70,67,Pasaia,"Donostialdea, Guipúzcoa",1968,0
150000,1.0,2.0,0,84232097,65,63,Lezo,"Donostialdea, Guipúzcoa",,0
264000,2.0,3.0,0,84358563,100,98,Oiartzun,"Donostialdea, Guipúzcoa",,0
115000,1.0,2.0,0,81751949,60,52,Pasaia,"Donostialdea, Guipúzcoa",,0
185000,1.0,2.0,0,82397785,70,65,Pasaia,"Donostialdea, Guipúzcoa",,0
175000,1.0,3.0,0,82606699,95,85,Pasaia,"Donostialdea, Guipúzcoa",,0
95000,1.0,2.0,0,83612612,65,60,Pasaia,"Donostialdea, Guipúzcoa",,0
125000,1.0,3.0,0,83625799,87,82,Pasaia,"Donostialdea, Guipúzcoa",,0
115000,1.0,3.0,0,84042637,65,60,Pasaia,"Donostialdea, Guipúzcoa",,0
171500,1.0,2.0,0,84478100,65,,Pasaia,"Donostialdea, Guipúzcoa",,0
120000,1.0,3.0,0,84625618,70,65,Pasaia,"Donostialdea, Guipúzcoa",,0
158000,1.0,2.0,0,37246909,68,60,Lezo,"Donostialdea, Guipúzcoa",1975,0
289000,3.0,3.0,0,40323374,130,,Pasaia,"Donostialdea, Guipúzcoa",,0
520000,3.0,4.0,1,81609340,1400,245,Oiartzun,"Donostialdea, Guipúzcoa",,1
145000,1.0,2.0,0,82258131,71,65,Pasaia,"Donostialdea, Guipúzcoa",1951,0
180000,1.0,3.0,0,82737042,98,91,Pasaia,"Donostialdea, Guipúzcoa",1930,0
171000,1.0,2.0,0,82829433,63,58,Pasaia,"Donostialdea, Guipúzcoa",1968,0
148000,1.0,3.0,0,83092682,68,63,Pasaia,"Donostialdea, Guipúzcoa",1964,0
175000,1.0,3.0,0,84327200,75,,Pasaia,"Donostialdea, Guipúzcoa",1975,0
184000,1.0,2.0,0,37249625,72,63,Pasaia,"Donostialdea, Guipúzcoa",,0
179000,1.0,2.0,0,37548761,68,,Pasaia,"Donostialdea, Guipúzcoa",,0
430000,2.0,3.0,0,37090355,195,,Oiartzun,"Donostialdea, Guipúzcoa",,0
1200000,3.0,6.0,1,39132955,55000,207,Oiartzun,"Donostialdea, Guipúzcoa",2002,1
995000,4.0,5.0,4,40220126,440,,Oiartzun,"Donostialdea, Guipúzcoa",,0
175000,1.0,1.0,0,40222115,46,45,Pasaia,"Donostialdea, Guipúzcoa",,1
190000,1.0,3.0,0,81719952,91,,Pasaia,"Donostialdea, Guipúzcoa",,0
190000,1.0,2.0,0,84836959,50,,Pasaia,"Donostialdea, Guipúzcoa",,0
305000,1.0,3.0,0,84427830,107,102,Pasaia,"Donostialdea, Guipúzcoa",1997,0
182000,1.0,3.0,0,84427563,78,73,Pasaia,"Donostialdea, Guipúzcoa",1975,0
850000,3.0,6.0,1,26380450,11000,350,Oiartzun,"Donostialdea, Guipúzcoa",,1
138000,1.0,2.0,0,29353290,70,69,Pasaia,"Donostialdea, Guipúzcoa",,0
330000,2.0,3.0,8,29375717,95,,Oiartzun,"Donostialdea, Guipúzcoa",1996,1
405000,3.0,3.0,3,36940873,85,,Oiartzun,"Donostialdea, Guipúzcoa",,1
225000,2.0,4.0,0,40225979,111,,Pasaia,"Donostialdea, Guipúzcoa",,0
225000,2.0,4.0,0,40226558,111,110,Pasaia,"Donostialdea, Guipúzcoa",1910,0
165000,1.0,2.0,0,37875903,75,,Pasaia,"Donostialdea, Guipúzcoa",,1
110000,1.0,3.0,6,83772707,80,75,Pasaia,"Donostialdea, Guipúzcoa",,0
415000,2.0,3.0,3,84034407,220,,Oiartzun,"Donostialdea, Guipúzcoa",2002,1
162000,1.0,3.0,0,84095468,77,71,Pasaia,"Donostialdea, Guipúzcoa",1973,0
284900,2.0,3.0,0,2114669,100,,Pasaia,"Donostialdea, Guipúzcoa",,1
110000,1.0,3.0,6,84326933,80,75,Pasaia,"Donostialdea, Guipúzcoa",,0
190000,1.0,4.0,0,84420284,85,84,Pasaia,"Donostialdea, Guipúzcoa",,0
180000,1.0,2.0,0,84534098,80,75,Pasaia,"Donostialdea, Guipúzcoa",,0
255000,2.0,2.0,0,84606539,68,61,Pasaia,"Donostialdea, Guipúzcoa",2018,0
210000,1.0,3.0,0,84691729,90,82,Pasaia,"Donostialdea, Guipúzcoa",,0
140000,1.0,3.0,0,84651369,64,63,Pasaia,"Donostialdea, Guipúzcoa",1967,0
125000,1.0,2.0,0,84628315,50,,Pasaia,"Donostialdea, Guipúzcoa",1969,0
310000,2.0,3.0,0,84684054,80,,Oiartzun,"Donostialdea, Guipúzcoa",2003,0
330000,2.0,3.0,8,40544500,95,85,Oiartzun,"Donostialdea, Guipúzcoa",1996,1
205000,1.0,2.0,0,82258042,70,63,Oiartzun,"Donostialdea, Guipúzcoa",1973,0
530000,6.0,3.0,6,84836236,200,164,Oiartzun,"Donostialdea, Guipúzcoa",,1
250000,1.0,3.0,0,81609165,79,70,Oiartzun,"Donostialdea, Guipúzcoa",1955,1
149000,1.0,3.0,0,38155731,75,70,Pasaia,"Donostialdea, Guipúzcoa",,0
165000,1.0,3.0,0,40578739,88,80,Pasaia,"Donostialdea, Guipúzcoa",,0
175000,1.0,3.0,0,84340590,85,75,Pasaia,"Donostialdea, Guipúzcoa",,1
189000,1.0,2.0,0,84857043,60,55,Lezo,"Donostialdea, Guipúzcoa",,0
1200000,3.0,6.0,4,39658949,300,240,Oiartzun,"Donostialdea, Guipúzcoa",,1
179000,1.0,3.0,0,82054529,87,,Pasaia,"Donostialdea, Guipúzcoa",,0
397000,1.0,4.0,0,82983575,130,115,Oiartzun,"Donostialdea, Guipúzcoa",,0
690000,3.0,4.0,9,83849446,250,220,Lezo,"Donostialdea, Guipúzcoa",,1
160000,1.0,2.0,0,33251781,65,59,Pasaia,"Donostialdea, Guipúzcoa",1934,0
960000,4.0,4.0,1,83171934,2000,441,Oiartzun,"Donostialdea, Guipúzcoa",2001,1
200000,1.0,1.0,0,83198822,60,51,Oiartzun,"Donostialdea, Guipúzcoa",1930,1
310000,2.0,3.0,0,84033413,85,74,Oiartzun,"Donostialdea, Guipúzcoa",2003,0
176000,1.0,2.0,0,84286462,75,65,Pasaia,"Donostialdea, Guipúzcoa",1967,0
224000,1.0,3.0,0,30507912,77,70,Lezo,"Donostialdea, Guipúzcoa",,0
1200000,3.0,6.0,1,33678946,15000,230,Oiartzun,"Donostialdea, Guipúzcoa",2002,0
170000,1.0,3.0,0,36586088,75,65,Pasaia,"Donostialdea, Guipúzcoa",,0
159000,1.0,2.0,0,82912783,68,63,Pasaia,"Donostialdea, Guipúzcoa",1938,0
225500,1.0,3.0,0,82990042,90,85,Pasaia,"Donostialdea, Guipúzcoa",1972,0
226000,2.0,4.0,0,83031480,97,92,Pasaia,"Donostialdea, Guipúzcoa",1900,0
195000,2.0,3.0,0,83579693,73,68,Pasaia,"Donostialdea, Guipúzcoa",1993,0
185000,1.0,2.0,0,83579698,75,70,Pasaia,"Donostialdea, Guipúzcoa",1967,0
340000,2.0,3.0,0,84269909,93,88,Oiartzun,"Donostialdea, Guipúzcoa",2006,1
189000,1.0,3.0,0,84331168,85,72,Pasaia,"Donostialdea, Guipúzcoa",1963,0
340000,2.0,4.0,0,81354433,145,118,Lezo,"Donostialdea, Guipúzcoa",,0
179000,1.0,3.0,0,82054513,87,,Pasaia,"Donostialdea, Guipúzcoa",,0
282500,1.0,3.0,0,83694689,94,,Lezo,"Donostialdea, Guipúzcoa",,0
153000,1.0,2.0,0,81966098,51,50,Pasaia,"Donostialdea, Guipúzcoa",1967,0
180000,1.0,3.0,0,84030276,65,60,Pasaia,"Donostialdea, Guipúzcoa",1967,0
150000,1.0,2.0,0,84294228,75,69,Pasaia,"Donostialdea, Guipúzcoa",1973,0
180000,1.0,2.0,0,84707920,52,,Oiartzun,"Donostialdea, Guipúzcoa",2020,0
165000,1.0,3.0,0,38735073,70,,Lezo,"Donostialdea, Guipúzcoa",,0
430000,2.0,3.0,0,37090370,195,,Oiartzun,"Donostialdea, Guipúzcoa",,0
278000,2.0,3.0,0,84704013,95,94,Lezo,"Donostialdea, Guipúzcoa",,0
170000,1.0,2.0,0,84767809,70,65,Pasaia,"Donostialdea, Guipúzcoa",,0
150000,1.0,2.0,0,84420442,53,48,Lezo,"Donostialdea, Guipúzcoa",1955,0
450000,2.0,3.0,0,84579427,80,75,Lezo,"Donostialdea, Guipúzcoa",2017,1
140000,1.0,3.0,6,84650018,70,63,Pasaia,"Donostialdea, Guipúzcoa",,0
275000,3.0,3.0,0,83791188,140,135,Pasaia,"Donostialdea, Guipúzcoa",1988,0
529000,3.0,3.0,4,84865639,300,260,Oiartzun,"Donostialdea, Guipúzcoa",,1
1350000,2.0,2.0,1,81792051,2500,330,Oiartzun,"Donostialdea, Guipúzcoa",1975,1
171000,1.0,2.0,0,83178616,75,62,Pasaia,"Donostialdea, Guipúzcoa",,0
135000,1.0,2.0,2,39714553,120,,Lezo,"Donostialdea, Guipúzcoa",,1
171500,1.0,2.0,0,84861804,64,58,Pasaia,"Donostialdea, Guipúzcoa",1968,1
575000,1.0,4.0,13,40456002,4500,275,Oiartzun,"Donostialdea, Guipúzcoa",1945,1
298000,1.0,3.0,0,40400630,104,92,Pasaia,"Donostialdea, Guipúzcoa",,0
1200000,3.0,6.0,2,81592029,29000,200,Oiartzun,"Donostialdea, Guipúzcoa",,1
1500000,3.0,6.0,14,39497199,55000,,Oiartzun,"Donostialdea, Guipúzcoa",2002,1
255000,2.0,2.0,0,83066863,61,,Pasaia,"Donostialdea, Guipúzcoa",,0
399000,2.0,2.0,8,83066868,154,,Pasaia,"Donostialdea, Guipúzcoa",,0
1200000,4.0,6.0,4,37301491,260,240,Oiartzun,"Donostialdea, Guipúzcoa",,0
172000,1.0,2.0,0,83634906,67,58,Pasaia,"Donostialdea, Guipúzcoa",1968,0
298000,1.0,3.0,0,84232645,104,90,Pasaia,"Donostialdea, Guipúzcoa",1998,0
150000,1.0,3.0,0,84873486,79,66,Pasaia,"Donostialdea, Guipúzcoa",,0
135000,1.0,3.0,0,84741144,75,,Pasaia,"Donostialdea, Guipúzcoa",,0
180000,1.0,2.0,6,84768423,80,75,Pasaia,"Donostialdea, Guipúzcoa",,0
2700000,6.0,6.0,4,35755417,5700,,Oiartzun,"Donostialdea, Guipúzcoa",1994,1
330000,2.0,3.0,8,81340280,100,95,Oiartzun,"Donostialdea, Guipúzcoa",,1
95000,1.0,2.0,0,84868451,61,60,Pasaia,"Donostialdea, Guipúzcoa",,0
80000,1.0,2.0,0,84829035,50,,Lezo,"Donostialdea, Guipúzcoa",,0
320000,1.0,3.0,0,84330171,96,84,Oiartzun,"Donostialdea, Guipúzcoa",1965,1
480000,2.0,3.0,7,39033255,17000,300,Oiartzun,"Donostialdea, Guipúzcoa",,1
142000,1.0,2.0,0,30993679,72,65,Pasaia,"Donostialdea, Guipúzcoa",2004,0
545000,4.0,3.0,3,84651784,75,300,Oiartzun,"Donostialdea, Guipúzcoa",,1
238000,2.0,3.0,0,84742982,85,78,Oiartzun,"Donostialdea, Guipúzcoa",2020,0
95000,1.0,2.0,0,84752071,63,55,Pasaia,"Donostialdea, Guipúzcoa",1955,0
195000,2.0,3.0,0,28777211,80,77,Lezo,"Donostialdea, Guipúzcoa",,0
154000,2.0,2.0,0,83241117,60,58,Pasaia,"Donostialdea, Guipúzcoa",,0
149000,1.0,1.0,0,84643943,50,,Pasaia,"Donostialdea, Guipúzcoa",,0
105000,1.0,2.0,0,36737611,65,63,Lezo,"Donostialdea, Guipúzcoa",,0
530000,3.0,6.0,6,38195499,240,,Oiartzun,"Donostialdea, Guipúzcoa",,1
165000,1.0,3.0,0,84643999,69,,Pasaia,"Donostialdea, Guipúzcoa",,0
179000,1.0,3.0,0,83641033,76,69,Pasaia,"Donostialdea, Guipúzcoa",,0
270000,1.0,3.0,7,39710622,120,90,Pasaia,"Donostialdea, Guipúzcoa",,0
190000,1.0,2.0,0,84643865,60,,Pasaia,"Donostialdea, Guipúzcoa",,0
110000,1.0,3.0,0,84643877,43,,Pasaia,"Donostialdea, Guipúzcoa",,0
465000,2.0,3.0,0,84643894,84,,Lezo,"Donostialdea, Guipúzcoa",,0
176000,1.0,3.0,0,84643920,84,,Pasaia,"Donostialdea, Guipúzcoa",,0
120000,1.0,2.0,0,84643930,50,,Pasaia,"Donostialdea, Guipúzcoa",,0
165000,1.0,3.0,0,84643933,70,,Lezo,"Donostialdea, Guipúzcoa",,0
170000,1.0,3.0,0,84643938,72,,Pasaia,"Donostialdea, Guipúzcoa",,0
153000,1.0,2.0,0,83015795,58,50,Pasaia,"Donostialdea, Guipúzcoa",,0
182000,1.0,3.0,0,84643900,73,,Pasaia,"Donostialdea, Guipúzcoa",,0
120000,1.0,2.0,0,81589918,60,55,Pasaia,"Donostialdea, Guipúzcoa",1900,0
179000,1.0,2.0,0,84643946,63,,Pasaia,"Donostialdea, Guipúzcoa",,0
142000,1.0,2.0,0,82622020,70,65,Pasaia,"Donostialdea, Guipúzcoa",1900,0
565000,2.0,5.0,6,40336653,210,200,Oiartzun,"Donostialdea, Guipúzcoa",1975,1
95000,1.0,2.0,0,84643876,60,,Pasaia,"Donostialdea, Guipúzcoa",,0
149000,1.0,3.0,0,84643944,62,,Pasaia,"Donostialdea, Guipúzcoa",,0
180000,1.0,3.0,0,40329630,86,80,Pasaia,"Donostialdea, Guipúzcoa",,0
140000,1.0,2.0,0,83333307,75,68,Pasaia,"Donostialdea, Guipúzcoa",,0
116000,1.0,1.0,0,84410422,56,50,Pasaia,"Donostialdea, Guipúzcoa",,0
179000,1.0,3.0,0,84411043,82,70,Pasaia,"Donostialdea, Guipúzcoa",,0
1200000,3.0,6.0,4,37295445,25000,220,Oiartzun,"Donostialdea, Guipúzcoa",2002,0
176000,1.0,2.0,0,81832890,63,60,Lezo,"Donostialdea, Guipúzcoa",1900,0
154000,2.0,3.0,0,84643863,67,,Pasaia,"Donostialdea, Guipúzcoa",,0
170000,1.0,2.0,0,84643866,60,,Pasaia,"Donostialdea, Guipúzcoa",,0
185000,2.0,3.0,0,33909400,126,125,Pasaia,"Donostialdea, Guipúzcoa",,0
164000,1.0,1.0,0,39742890,69,,Oiartzun,"Donostialdea, Guipúzcoa",,0
208000,1.0,2.0,0,39742945,75,,Oiartzun,"Donostialdea, Guipúzcoa",,0
265000,2.0,3.0,0,39742946,90,,Oiartzun,"Donostialdea, Guipúzcoa",,0
120000,1.0,2.0,0,81550689,60,55,Pasaia,"Donostialdea, Guipúzcoa",,0
330000,1.0,3.0,0,84643892,95,,Oiartzun,"Donostialdea, Guipúzcoa",,0
160000,1.0,3.0,0,84631901,90,85,Pasaia,"Donostialdea, Guipúzcoa",,0
282500,1.0,3.0,0,83694681,94,,Lezo,"Donostialdea, Guipúzcoa",,0
520000,2.0,5.0,6,81812032,190,170,Oiartzun,"Donostialdea, Guipúzcoa",1988,1
185000,1.0,2.0,0,84643927,65,,Pasaia,"Donostialdea, Guipúzcoa",,0
175000,1.0,3.0,0,84643936,80,,Pasaia,"Donostialdea, Guipúzcoa",,0
649500,3.0,5.0,1,37820062,862,384,Oiartzun,"Donostialdea, Guipúzcoa",,1
180000,1.0,2.0,0,39481373,62,50,Lezo,"Donostialdea, Guipúzcoa",2018,1
129000,1.0,2.0,0,83361782,55,50,Pasaia,"Donostialdea, Guipúzcoa",1940,0
180000,1.0,2.0,6,84547925,80,75,Pasaia,"Donostialdea, Guipúzcoa",,0
232000,1.0,2.0,0,84711120,90,85,Pasaia,"Donostialdea, Guipúzcoa",,0
399000,2.0,2.0,8,84607431,160,153,Pasaia,"Donostialdea, Guipúzcoa",2018,0
228000,2.0,3.0,0,84643941,111,,Pasaia,"Donostialdea, Guipúzcoa",,0
180000,1.0,2.0,0,84066555,70,,Pasaia,"Donostialdea, Guipúzcoa",1952,0
181000,1.0,1.0,8,39525286,54,43,Pasaia,"Donostialdea, Guipúzcoa",2005,1
1200000,3.0,6.0,4,33835073,190,,Oiartzun,"Donostialdea, Guipúzcoa",,0
255000,2.0,3.0,0,84882258,80,75,Oiartzun,"Donostialdea, Guipúzcoa",,1
price,0.0,0.0,11,house_id,m2_real,m2_useful,loc_city,loc_zone,construct_date,1
760000,2.0,4.0,0,82020665,110,95,Donostia-San Sebastián,"Donostialdea, Guipúzcoa",1960,1
600000,2.0,2.0,0,30963481,110,95,Donostia-San Sebastián,"Donostialdea, Guipúzcoa",,0
494000,2.0,3.0,0,83441017,124,106,Donostia-San Sebastián,"Donostialdea, Guipúzcoa",,0
600000,2.0,2.0,0,38572292,110,90,Donostia-San Sebastián,"Donostialdea, Guipúzcoa",,0
349000,1.0,2.0,0,37491406,71,,Donostia-San Sebastián,"Donostialdea, Guipúzcoa",,0
499000,2.0,3.0,0,36104264,120,,Donostia-San Sebastián,"Donostialdea, Guipúzcoa",,0
330000,2.0,3.0,0,40528096,100,85,Donostia-San Sebastián,"Donostialdea, Guipúzcoa",1900,0
435000,1.0,5.0,0,84394455,115,110,Donostia-San Sebastián,"Donostialdea, Guipúzcoa",1900,0
249000,1.0,1.0,0,83715218,40,35,Donostia-San Sebastián,"Donostialdea, Guipúzcoa",,0
2100000,2.0,6.0,0,84459842,213,193,Donostia-San Sebastián,"Donostialdea, Guipúzcoa",1876,0
2100000,4.0,6.0,0,39799757,210,190,Donostia-San Sebastián,"Donostialdea, Guipúzcoa",,0
435000,2.0,3.0,0,33935617,90,,Donostia-San Sebastián,"Donostialdea, Guipúzcoa",,0
310000,1.0,2.0,0,38003750,72,,Donostia-San Sebastián,"Donostialdea, Guipúzcoa",,0
499000,1.0,2.0,0,38691748,87,,Donostia-San Sebastián,"Donostialdea, Guipúzcoa",,0
404000,2.0,4.0,0,38338006,140,112,Donostia-San Sebastián,"Donostialdea, Guipúzcoa",1900,0
410000,2.0,3.0,0,82201565,85,73,Donostia-San Sebastián,"Donostialdea, Guipúzcoa",,0
310000,1.0,2.0,0,83239730,72,60,Donostia-San Sebastián,"Donostialdea, Guipúzcoa",,0
380000,2.0,5.0,0,39988302,160,140,Donostia-San Sebastián,"Donostialdea, Guipúzcoa",,0
410000,1.0,1.0,0,35690522,55,50,Donostia-San Sebastián,"Donostialdea, Guipúzcoa",,0
179000,1.0,0.0,12,84662658,39,,Donostia-San Sebastián,"Donostialdea, Guipúzcoa",,0
438000,1.0,1.0,0,84775243,66,60,Donostia-San Sebastián,"Donostialdea, Guipúzcoa",,0
310000,1.0,2.0,0,39762624,70,65,Donostia-San Sebastián,"Donostialdea, Guipúzcoa",,0
295000,1.0,2.0,0,84396383,60,55,Donostia-San Sebastián,"Donostialdea, Guipúzcoa",,0
475000,1.0,4.0,0,83609625,110,107,Donostia-San Sebastián,"Donostialdea, Guipúzcoa",,0
404000,2.0,4.0,0,26350851,142,125,Donostia-San Sebastián,"Donostialdea, Guipúzcoa",,0
495000,1.0,2.0,0,39686331,90,87,Donostia-San Sebastián,"Donostialdea, Guipúzcoa",,0
700000,2.0,9.0,0,82893064,170,154,Donostia-San Sebastián,"Donostialdea, Guipúzcoa",,0
700000,2.0,9.0,0,82957717,170,154,Donostia-San Sebastián,"Donostialdea, Guipúzcoa",1910,0
980000,3.0,3.0,0,36251210,125,,Donostia-San Sebastián,"Donostialdea, Guipúzcoa",,0
250000,1.0,1.0,8,84173821,39,35,Donostia-San Sebastián,"Donostialdea, Guipúzcoa",1900,0
1100000,2.0,5.0,0,84362521,133,123,Donostia-San Sebastián,"Donostialdea, Guipúzcoa",,0
760000,2.0,4.0,0,84481593,100,95,Donostia-San Sebastián,"Donostialdea, Guipúzcoa",1960,0
355000,1.0,2.0,0,84546052,50,37,Donostia-San Sebastián,"Donostialdea, Guipúzcoa",,0
179000,1.0,0.0,12,84662705,39,,Donostia-San Sebastián,"Donostialdea, Guipúzcoa",,0
499000,1.0,2.0,0,37637548,96,87,Donostia-San Sebastián,"Donostialdea, Guipúzcoa",,0
275000,1.0,1.0,0,38868305,40,35,Donostia-San Sebastián,"Donostialdea, Guipúzcoa",,0
540000,2.0,6.0,0,39555972,120,105,Donostia-San Sebastián,"Donostialdea, Guipúzcoa",1850,0
390000,1.0,3.0,0,84714867,82,70,Donostia-San Sebastián,"Donostialdea, Guipúzcoa",1900,0
490000,1.0,2.0,0,40568257,65,,Donostia-San Sebastián,"Donostialdea, Guipúzcoa",1976,0
450000,1.0,1.0,0,82270294,68,58,Donostia-San Sebastián,"Donostialdea, Guipúzcoa",,0
600000,2.0,2.0,0,35259628,115,107,Donostia-San Sebastián,"Donostialdea, Guipúzcoa",1960,0
760000,2.0,4.0,0,82482371,109,95,Donostia-San Sebastián,"Donostialdea, Guipúzcoa",1960,0
1560000,3.0,4.0,0,36215625,204,174,Donostia-San Sebastián,"Donostialdea, Guipúzcoa",1900,0
600000,2.0,2.0,0,83511577,110,,Donostia-San Sebastián,"Donostialdea, Guipúzcoa",1960,0
499000,1.0,2.0,0,38696009,87,82,Donostia-San Sebastián,"Donostialdea, Guipúzcoa",,0
600000,2.0,2.0,0,34030256,110,87,Donostia-San Sebastián,"Donostialdea, Guipúzcoa",,0
430000,2.0,2.0,0,38926625,100,90,Donostia-San Sebastián,"Donostialdea, Guipúzcoa",1815,0
450000,1.0,2.0,0,39160374,90,87,Donostia-San Sebastián,"Donostialdea, Guipúzcoa",1900,0
450000,1.0,1.0,0,40407556,68,60,Donostia-San Sebastián,"Donostialdea, Guipúzcoa",1992,1
405000,2.0,4.0,0,81744622,120,110,Donostia-San Sebastián,"Donostialdea, Guipúzcoa",1900,0
412000,2.0,3.0,0,83491228,78,,Donostia-San Sebastián,"Donostialdea, Guipúzcoa",,0
355000,1.0,2.0,0,83814102,50,45,Donostia-San Sebastián,"Donostialdea, Guipúzcoa",,0
490000,1.0,1.0,0,84398993,65,60,Donostia-San Sebastián,"Donostialdea, Guipúzcoa",,0
480000,1.0,2.0,0,37151077,95,87,Donostia-San Sebastián,"Donostialdea, Guipúzcoa",1900,0
355000,1.0,2.0,0,83887901,50,40,Donostia-San Sebastián,"Donostialdea, Guipúzcoa",1900,0
900000,2.0,2.0,0,39858116,102,92,Donostia-San Sebastián,"Donostialdea, Guipúzcoa",,1
1560000,3.0,4.0,0,38836847,204,174,Donostia-San Sebastián,"Donostialdea, Guipúzcoa",1900,0
750000,2.0,3.0,0,38836869,165,148,Donostia-San Sebastián,"Donostialdea, Guipúzcoa",1832,0
560000,1.0,5.0,0,84330176,100,97,Donostia-San Sebastián,"Donostialdea, Guipúzcoa",,0
295000,1.0,1.0,8,30536810,60,50,Donostia-San Sebastián,"Donostialdea, Guipúzcoa",,0
425000,1.0,3.0,0,84255017,83,69,Donostia-San Sebastián,"Donostialdea, Guipúzcoa",1900,0
760000,2.0,4.0,0,84476167,100,95,Donostia-San Sebastián,"Donostialdea, Guipúzcoa",,1
380000,1.0,1.0,0,84560427,54,48,Donostia-San Sebastián,"Donostialdea, Guipúzcoa",1947,0
600000,2.0,2.0,0,37611297,110,95,Donostia-San Sebastián,"Donostialdea, Guipúzcoa",,0
360000,1.0,3.0,0,84140665,86,75,Donostia-San Sebastián,"Donostialdea, Guipúzcoa",1900,0
760000,2.0,4.0,0,84464826,95,,Donostia-San Sebastián,"Donostialdea, Guipúzcoa",,1
772000,2.0,6.0,0,84711363,198,188,Donostia-San Sebastián,"Donostialdea, Guipúzcoa",1947,0
499000,2.0,3.0,0,33293892,120,103,Donostia-San Sebastián,"Donostialdea, Guipúzcoa",1900,0
900000,2.0,7.0,0,83171388,162,133,Donostia-San Sebastián,"Donostialdea, Guipúzcoa",1900,0
480000,1.0,2.0,0,38869076,120,92,Donostia-San Sebastián,"Donostialdea, Guipúzcoa",1900,0
900000,2.0,2.0,0,82191282,95,80,Donostia-San Sebastián,"Donostialdea, Guipúzcoa",1965,0
700000,2.0,7.0,0,82215371,175,160,Donostia-San Sebastián,"Donostialdea, Guipúzcoa",1900,0
620000,2.0,6.0,0,82698804,160,135,Donostia-San Sebastián,"Donostialdea, Guipúzcoa",1900,0
320000,1.0,2.0,8,38294086,55,50,Donostia-San Sebastián,"Donostialdea, Guipúzcoa",,0
600000,2.0,4.0,0,38729909,125,120,Donostia-San Sebastián,"Donostialdea, Guipúzcoa",,0
600000,2.0,3.0,0,30507961,105,87,Donostia-San Sebastián,"Donostialdea, Guipúzcoa",1960,0
275000,1.0,1.0,0,39070500,40,38,Donostia-San Sebastián,"Donostialdea, Guipúzcoa",,0
760000,2.0,4.0,0,82008578,110,95,Donostia-San Sebastián,"Donostialdea, Guipúzcoa",1960,1
515000,2.0,6.0,0,84060722,140,115,Donostia-San Sebastián,"Donostialdea, Guipúzcoa",,0
1090000,1.0,6.0,0,84860542,140,136,Donostia-San Sebastián,"Donostialdea, Guipúzcoa",1940,0
430000,2.0,2.0,0,81334810,100,90,Donostia-San Sebastián,"Donostialdea, Guipúzcoa",1825,0
620000,2.0,6.0,0,83783364,160,135,Donostia-San Sebastián,"Donostialdea, Guipúzcoa",1900,0
290000,1.0,3.0,0,38129368,85,64,Donostia-San Sebastián,"Donostialdea, Guipúzcoa",1900,0
475000,1.0,4.0,0,83585968,108,94,Donostia-San Sebastián,"Donostialdea, Guipúzcoa",1900,0
375000,1.0,0.0,12,37184410,140,114,Donostia-San Sebastián,"Donostialdea, Guipúzcoa",,0
440000,1.0,1.0,0,81720542,70,52,Donostia-San Sebastián,"Donostialdea, Guipúzcoa",1976,0
950000,2.0,3.0,0,40312332,127,107,Donostia-San Sebastián,"Donostialdea, Guipúzcoa",1900,0
249000,1.0,1.0,0,84676074,40,35,Donostia-San Sebastián,"Donostialdea, Guipúzcoa",1825,0
600000,2.0,2.0,0,33678499,110,98,Donostia-San Sebastián,"Donostialdea, Guipúzcoa",,0
540000,2.0,6.0,0,81595792,135,120,Donostia-San Sebastián,"Donostialdea, Guipúzcoa",,0
440000,1.0,1.0,0,81148167,52,49,Donostia-San Sebastián,"Donostialdea, Guipúzcoa",1976,0
950000,2.0,3.0,0,40406074,127,103,Donostia-San Sebastián,"Donostialdea, Guipúzcoa",,0
1613000,3.0,5.0,0,84497194,230,217,Donostia-San Sebastián,"Donostialdea, Guipúzcoa",1900,0
340000,1.0,1.0,0,40409145,60,53,Donostia-San Sebastián,"Donostialdea, Guipúzcoa",1930,0
760000,2.0,4.0,0,84246166,105,95,Donostia-San Sebastián,"Donostialdea, Guipúzcoa",1960,1
297000,1.0,3.0,0,83551734,97,79,Donostia-San Sebastián,"Donostialdea, Guipúzcoa",1890,0
410000,1.0,1.0,0,83887335,55,50,Donostia-San Sebastián,"Donostialdea, Guipúzcoa",,0
455000,1.0,3.0,0,84836379,70,,Donostia-San Sebastián,"Donostialdea, Guipúzcoa",,0
795000,2.0,3.0,0,82079652,110,95,Donostia-San Sebastián,"Donostialdea, Guipúzcoa",,0
642000,1.0,2.0,0,84795823,70,56,Donostia-San Sebastián,"Donostialdea, Guipúzcoa",2010,1
600000,1.0,2.0,0,84830341,110,95,Donostia-San Sebastián,"Donostialdea, Guipúzcoa",,0
600000,2.0,2.0,0,27380868,110,100,Donostia-San Sebastián,"Donostialdea, Guipúzcoa",1970,0
790000,2.0,4.0,0,83672182,150,133,Donostia-San Sebastián,"Donostialdea, Guipúzcoa",1910,0
1195000,2.0,3.0,0,81677030,145,,Donostia-San Sebastián,"Donostialdea, Guipúzcoa",1909,0
160000,1.0,0.0,12,84868390,38,36,Donostia-San Sebastián,"Donostialdea, Guipúzcoa",,0
615000,2.0,2.0,0,84060235,73,64,Donostia-San Sebastián,"Donostialdea, Guipúzcoa",1965,0
price,0.0,0.0,11,house_id,m2_real,m2_useful,loc_city,loc_zone,construct_date,1
2400000,5.0,6.0,4,83002632,561,388,Donostia-San Sebastián,"Donostialdea, Guipúzcoa",2008,1
200000,1.0,2.0,0,37131401,62,59,Donostia-San Sebastián,"Donostialdea, Guipúzcoa",,1
970000,4.0,3.0,4,83035270,200,,Donostia-San Sebastián,"Donostialdea, Guipúzcoa",,1
1300000,5.0,8.0,1,81273740,2000,490,Donostia-San Sebastián,"Donostialdea, Guipúzcoa",1978,1
199000,2.0,2.0,0,39054076,63,57,Donostia-San Sebastián,"Donostialdea, Guipúzcoa",1973,0
567000,2.0,3.0,0,1571724,90,,Donostia-San Sebastián,"Donostialdea, Guipúzcoa",,0
249000,1.0,2.0,0,28986736,84,67,Donostia-San Sebastián,"Donostialdea, Guipúzcoa",,0
250000,1.0,3.0,0,36058617,75,,Donostia-San Sebastián,"Donostialdea, Guipúzcoa",,0
422500,2.0,3.0,0,81613041,130,115,Donostia-San Sebastián,"Donostialdea, Guipúzcoa",1986,0
540000,4.0,5.0,6,84571187,200,170,Donostia-San Sebastián,"Donostialdea, Guipúzcoa",1979,1
495000,3.0,4.0,0,31038142,150,140,Donostia-San Sebastián,"Donostialdea, Guipúzcoa",,0
495000,3.0,4.0,6,84398971,155,130,Donostia-San Sebastián,"Donostialdea, Guipúzcoa",1986,1
834000,2.0,3.0,10,84440710,900,150,Donostia-San Sebastián,"Donostialdea, Guipúzcoa",2008,1
1200000,5.0,5.0,1,81921079,2000,440,Donostia-San Sebastián,"Donostialdea, Guipúzcoa",,1
525000,3.0,4.0,0,81351906,152,150,Donostia-San Sebastián,"Donostialdea, Guipúzcoa",2002,1
1500000,4.0,6.0,4,83242706,350,314,Donostia-San Sebastián,"Donostialdea, Guipúzcoa",,1
790000,3.0,3.0,4,83882584,605,,Donostia-San Sebastián,"Donostialdea, Guipúzcoa",2011,1
1600000,5.0,5.0,3,35869853,500,385,Donostia-San Sebastián,"Donostialdea, Guipúzcoa",,1
350000,1.0,2.0,0,83033671,77,75,Donostia-San Sebastián,"Donostialdea, Guipúzcoa",2004,1
258000,1.0,1.0,0,83683776,77,,Donostia-San Sebastián,"Donostialdea, Guipúzcoa",2004,1
price,0.0,0.0,11,house_id,m2_real,m2_useful,loc_city,loc_zone,construct_date,1
549000,2.0,3.0,0,84489398,126,,Donostia-San Sebastián,"Donostialdea, Guipúzcoa",,1
580000,3.0,4.0,0,36345107,146,110,Donostia-San Sebastián,"Donostialdea, Guipúzcoa",,1
189000,1.0,0.0,12,83732685,71,,Donostia-San Sebastián,"Donostialdea, Guipúzcoa",,1
150000,1.0,2.0,0,84275376,90,70,Donostia-San Sebastián,"Donostialdea, Guipúzcoa",2012,1
93000,1.0,0.0,12,28508750,65,60,Donostia-San Sebastián,"Donostialdea, Guipúzcoa",,1
550000,2.0,3.0,0,84377175,110,100,Donostia-San Sebastián,"Donostialdea, Guipúzcoa",,1
180000,1.0,0.0,12,1738897,72,,Donostia-San Sebastián,"Donostialdea, Guipúzcoa",,1
750000,3.0,5.0,10,26243684,300,300,Donostia-San Sebastián,"Donostialdea, Guipúzcoa",,1
240000,1.0,0.0,12,25278115,74,72,Donostia-San Sebastián,"Donostialdea, Guipúzcoa",,1
550000,3.0,5.0,0,81984265,152,135,Donostia-San Sebastián,"Donostialdea, Guipúzcoa",,1
550000,2.0,3.0,0,82930746,101,,Donostia-San Sebastián,"Donostialdea, Guipúzcoa",1991,1
455000,2.0,3.0,0,81915105,107,,Donostia-San Sebastián,"Donostialdea, Guipúzcoa",,1
630000,2.0,3.0,0,84136057,120,,Donostia-San Sebastián,"Donostialdea, Guipúzcoa",,1
800000,3.0,5.0,3,39165424,300,,Donostia-San Sebastián,"Donostialdea, Guipúzcoa",,1
115000,1.0,0.0,12,34450123,26,24,Donostia-San Sebastián,"Donostialdea, Guipúzcoa",,1
159000,1.0,1.0,0,35074037,60,51,Donostia-San Sebastián,"Donostialdea, Guipúzcoa",,0
159000,1.0,0.0,12,40470541,55,51,Donostia-San Sebastián,"Donostialdea, Guipúzcoa",1970,0
575000,2.0,3.0,0,82490990,100,,Donostia-San Sebastián,"Donostialdea, Guipúzcoa",,1
570000,2.0,2.0,0,84194537,80,,Donostia-San Sebastián,"Donostialdea, Guipúzcoa",,1
280000,1.0,3.0,0,84663437,75,68,Donostia-San Sebastián,"Donostialdea, Guipúzcoa",,0
682000,5.0,5.0,10,38911431,240,232,Donostia-San Sebastián,"Donostialdea, Guipúzcoa",,1
287000,1.0,2.0,0,37090380,72,,Donostia-San Sebastián,"Donostialdea, Guipúzcoa",,0
275000,1.0,4.0,9,81964590,175,153,Donostia-San Sebastián,"Donostialdea, Guipúzcoa",1910,0
440000,2.0,3.0,0,83242668,80,72,Donostia-San Sebastián,"Donostialdea, Guipúzcoa",2006,0
555000,2.0,3.0,0,83742895,112,101,Donostia-San Sebastián,"Donostialdea, Guipúzcoa",,1
550000,2.0,3.0,0,84295740,110,100,Donostia-San Sebastián,"Donostialdea, Guipúzcoa",,1
455000,2.0,3.0,0,39157842,107,,Donostia-San Sebastián,"Donostialdea, Guipúzcoa",,1
1200000,4.0,5.0,4,32148936,250,,Donostia-San Sebastián,"Donostialdea, Guipúzcoa",1999,0
750000,3.0,5.0,10,32592415,300,,Donostia-San Sebastián,"Donostialdea, Guipúzcoa",,1
180000,1.0,0.0,12,39212405,74,72,Donostia-San Sebastián,"Donostialdea, Guipúzcoa",2002,1
170000,1.0,0.0,12,40404702,55,52,Donostia-San Sebastián,"Donostialdea, Guipúzcoa",,0
550000,3.0,5.0,0,82155990,110,90,Donostia-San Sebastián,"Donostialdea, Guipúzcoa",1987,1
625000,3.0,3.0,6,83301247,172,,Donostia-San Sebastián,"Donostialdea, Guipúzcoa",2001,1
990000,5.0,4.0,3,83815179,398,,Donostia-San Sebastián,"Donostialdea, Guipúzcoa",,1
565000,2.0,3.0,0,83559691,115,113,Donostia-San Sebastián,"Donostialdea, Guipúzcoa",2004,1
690000,3.0,5.0,3,82203992,240,200,Donostia-San Sebastián,"Donostialdea, Guipúzcoa",,0
440000,2.0,3.0,0,81352767,85,80,Donostia-San Sebastián,"Donostialdea, Guipúzcoa",,1
299000,1.0,2.0,0,84065335,75,69,Donostia-San Sebastián,"Donostialdea, Guipúzcoa",1919,0
515000,2.0,2.0,0,83729450,83,75,Donostia-San Sebastián,"Donostialdea, Guipúzcoa",,1
702700,3.0,3.0,1,84781359,232,,Donostia-San Sebastián,"Donostialdea, Guipúzcoa",,1
560000,2.0,3.0,0,83242743,141,124,Donostia-San Sebastián,"Donostialdea, Guipúzcoa",2001,1
702700,3.0,3.0,4,84753450,232,,Donostia-San Sebastián,"Donostialdea, Guipúzcoa",,0
900000,5.0,4.0,4,39239020,380,359,Donostia-San Sebastián,"Donostialdea, Guipúzcoa",,1
550000,2.0,3.0,0,84223962,100,90,Donostia-San Sebastián,"Donostialdea, Guipúzcoa",,1
450000,2.0,2.0,0,34734323,75,,Donostia-San Sebastián,"Donostialdea, Guipúzcoa",,1
525000,3.0,4.0,6,81460409,150,145,Donostia-San Sebastián,"Donostialdea, Guipúzcoa",1994,1
550000,2.0,3.0,0,84610614,100,90,Donostia-San Sebastián,"Donostialdea, Guipúzcoa",1987,1
495000,2.0,0.0,12,35476293,220,,Donostia-San Sebastián,"Donostialdea, Guipúzcoa",2001,1
550000,2.0,3.0,0,83006158,110,100,Donostia-San Sebastián,"Donostialdea, Guipúzcoa",1987,1
750000,4.0,4.0,3,82658721,298,249,Donostia-San Sebastián,"Donostialdea, Guipúzcoa",1993,1
990000,3.0,3.0,3,82682060,300,285,Donostia-San Sebastián,"Donostialdea, Guipúzcoa",,1
750000,5.0,4.0,3,84193270,315,274,Donostia-San Sebastián,"Donostialdea, Guipúzcoa",1992,1
188000,1.0,0.0,12,39493162,75,70,Donostia-San Sebastián,"Donostialdea, Guipúzcoa",,1
897000,3.0,5.0,0,40447745,152,,Donostia-San Sebastián,"Donostialdea, Guipúzcoa",1975,1
720000,3.0,4.0,4,28849752,252,,Donostia-San Sebastián,"Donostialdea, Guipúzcoa",1995,1
990000,4.0,3.0,3,82737688,300,,Donostia-San Sebastián,"Donostialdea, Guipúzcoa",1993,0
933000,5.0,4.0,10,82394345,350,302,Donostia-San Sebastián,"Donostialdea, Guipúzcoa",,1
570000,2.0,3.0,0,84538411,110,101,Donostia-San Sebastián,"Donostialdea, Guipúzcoa",1992,1
790000,3.0,4.0,4,84646367,270,250,Donostia-San Sebastián,"Donostialdea, Guipúzcoa",1993,1
515000,2.0,2.0,0,82724529,83,70,Donostia-San Sebastián,"Donostialdea, Guipúzcoa",2002,1
265000,1.0,2.0,0,83288543,70,63,Donostia-San Sebastián,"Donostialdea, Guipúzcoa",1996,1
549000,2.0,3.0,0,84489406,126,,Donostia-San Sebastián,"Donostialdea, Guipúzcoa",,1
280000,1.0,3.0,0,84809575,66,63,Donostia-San Sebastián,"Donostialdea, Guipúzcoa",1954,0
975000,5.0,6.0,9,82490898,500,417,Donostia-San Sebastián,"Donostialdea, Guipúzcoa",,1
550000,3.0,5.0,0,39306387,100,90,Donostia-San Sebastián,"Donostialdea, Guipúzcoa",1987,1
227000,1.0,2.0,0,84479989,91,,Donostia-San Sebastián,"Donostialdea, Guipúzcoa",2004,0
800000,4.0,5.0,4,30536699,330,300,Donostia-San Sebastián,"Donostialdea, Guipúzcoa",1994,1
890000,5.0,4.0,4,84646982,300,,Donostia-San Sebastián,"Donostialdea, Guipúzcoa",2000,1
540000,3.0,4.0,6,84862657,155,,Donostia-San Sebastián,"Donostialdea, Guipúzcoa",,1
230000,1.0,2.0,0,84593245,65,56,Donostia-San Sebastián,"Donostialdea, Guipúzcoa",1960,1
720000,3.0,4.0,3,36137727,252,,Donostia-San Sebastián,"Donostialdea, Guipúzcoa",,1
580000,3.0,4.0,0,83408597,146,110,Donostia-San Sebastián,"Donostialdea, Guipúzcoa",,1
380000,2.0,2.0,6,81488112,75,68,Donostia-San Sebastián,"Donostialdea, Guipúzcoa",,1
750000,3.0,5.0,10,38922065,300,350,Donostia-San Sebastián,"Donostialdea, Guipúzcoa",2009,1
933000,4.0,4.0,3,84776288,300,,Donostia-San Sebastián,"Donostialdea, Guipúzcoa",,0
265000,1.0,2.0,0,84860647,80,73,Donostia-San Sebastián,"Donostialdea, Guipúzcoa",1998,1
900000,6.0,5.0,3,29573645,380,358,Donostia-San Sebastián,"Donostialdea, Guipúzcoa",1997,1
550000,2.0,3.0,0,83378296,90,80,Donostia-San Sebastián,"Donostialdea, Guipúzcoa",,1
328000,1.0,3.0,0,83822715,80,65,Donostia-San Sebastián,"Donostialdea, Guipúzcoa",1947,0
682000,5.0,5.0,4,36737645,233,200,Donostia-San Sebastián,"Donostialdea, Guipúzcoa",1993,1
750000,3.0,3.0,0,84524804,143,121,Donostia-San Sebastián,"Donostialdea, Guipúzcoa",2004,1
790000,3.0,4.0,3,40151715,300,230,Donostia-San Sebastián,"Donostialdea, Guipúzcoa",1993,0
702700,2.0,3.0,3,84757169,260,233,Donostia-San Sebastián,"Donostialdea, Guipúzcoa",1993,1
829000,3.0,3.0,3,28772848,288,267,Donostia-San Sebastián,"Donostialdea, Guipúzcoa",,1
550000,2.0,5.0,0,83106149,145,135,Donostia-San Sebastián,"Donostialdea, Guipúzcoa",,1
500000,2.0,2.0,0,84763928,120,99,Donostia-San Sebastián,"Donostialdea, Guipúzcoa",1985,0
440000,2.0,3.0,0,83233732,95,80,Donostia-San Sebastián,"Donostialdea, Guipúzcoa",2006,1
495000,2.0,3.0,0,84574793,97,85,Donostia-San Sebastián,"Donostialdea, Guipúzcoa",,0
990000,5.0,4.0,3,83951528,390,310,Donostia-San Sebastián,"Donostialdea, Guipúzcoa",1998,1
325000,2.0,1.0,0,82530165,75,73,Donostia-San Sebastián,"Donostialdea, Guipúzcoa",,0
900000,4.0,5.0,4,84401206,280,263,Donostia-San Sebastián,"Donostialdea, Guipúzcoa",1995,1
875000,3.0,4.0,3,39580530,300,270,Donostia-San Sebastián,"Donostialdea, Guipúzcoa",1993,1
690000,3.0,6.0,4,83534727,240,200,Donostia-San Sebastián,"Donostialdea, Guipúzcoa",1993,1
price,0.0,0.0,11,house_id,m2_real,m2_useful,loc_city,loc_zone,construct_date,1
1325000,3.0,6.0,0,81774585,260,244,Donostia-San Sebastián,"Donostialdea, Guipúzcoa",,0
359000,1.0,1.0,0,84470401,50,,Donostia-San Sebastián,"Donostialdea, Guipúzcoa",,0
645000,2.0,3.0,0,39580704,110,96,Donostia-San Sebastián,"Donostialdea, Guipúzcoa",,0
530000,1.0,2.0,0,82968399,60,,Donostia-San Sebastián,"Donostialdea, Guipúzcoa",,0
570000,2.0,3.0,0,39240829,97,,Donostia-San Sebastián,"Donostialdea, Guipúzcoa",,0
210000,1.0,2.0,0,81592102,50,,Donostia-San Sebastián,"Donostialdea, Guipúzcoa",,0
675000,2.0,4.0,0,82914822,130,,Donostia-San Sebastián,"Donostialdea, Guipúzcoa",,0
334000,1.0,2.0,0,84202748,62,,Donostia-San Sebastián,"Donostialdea, Guipúzcoa",,0
257500,1.0,1.0,0,81379290,45,40,Donostia-San Sebastián,"Donostialdea, Guipúzcoa",,0
550000,1.0,4.0,0,83347690,82,76,Donostia-San Sebastián,"Donostialdea, Guipúzcoa",,0
450000,2.0,3.0,0,83733405,100,,Donostia-San Sebastián,"Donostialdea, Guipúzcoa",,0
500000,1.0,3.0,0,31579855,79,,Donostia-San Sebastián,"Donostialdea, Guipúzcoa",,0
402000,1.0,3.0,0,39064592,105,95,Donostia-San Sebastián,"Donostialdea, Guipúzcoa",,0
570000,2.0,3.0,0,39294941,97,,Donostia-San Sebastián,"Donostialdea, Guipúzcoa",1992,0
550000,1.0,4.0,0,83292503,90,80,Donostia-San Sebastián,"Donostialdea, Guipúzcoa",,0
325000,1.0,2.0,0,84394383,68,65,Donostia-San Sebastián,"Donostialdea, Guipúzcoa",1973,0
334000,1.0,2.0,0,84197237,68,62,Donostia-San Sebastián,"Donostialdea, Guipúzcoa",,0
402000,1.0,3.0,0,81848529,95,85,Donostia-San Sebastián,"Donostialdea, Guipúzcoa",1912,0
640000,2.0,2.0,0,82024023,90,75,Donostia-San Sebastián,"Donostialdea, Guipúzcoa",2007,0
756000,2.0,2.0,0,82032996,102,76,Donostia-San Sebastián,"Donostialdea, Guipúzcoa",2007,0
480000,2.0,3.0,0,82707214,85,75,Donostia-San Sebastián,"Donostialdea, Guipúzcoa",1982,0
290000,2.0,2.0,0,83042935,73,70,Donostia-San Sebastián,"Donostialdea, Guipúzcoa",1945,0
300000,1.0,1.0,0,83948150,46,36,Donostia-San Sebastián,"Donostialdea, Guipúzcoa",1957,0
330000,1.0,2.0,0,84595779,74,70,Donostia-San Sebastián,"Donostialdea, Guipúzcoa",,0
550000,1.0,4.0,0,83435875,85,76,Donostia-San Sebastián,"Donostialdea, Guipúzcoa",,0
375000,1.0,3.0,0,84314208,65,60,Donostia-San Sebastián,"Donostialdea, Guipúzcoa",,0
460000,1.0,3.0,0,83793484,90,,Donostia-San Sebastián,"Donostialdea, Guipúzcoa",,0
480000,2.0,2.0,0,84550379,70,63,Donostia-San Sebastián,"Donostialdea, Guipúzcoa",1977,0
470000,1.0,3.0,0,84107803,80,75,Donostia-San Sebastián,"Donostialdea, Guipúzcoa",1939,0
290000,2.0,2.0,0,84440211,76,70,Donostia-San Sebastián,"Donostialdea, Guipúzcoa",1945,0
795000,3.0,4.0,0,40429284,160,150,Donostia-San Sebastián,"Donostialdea, Guipúzcoa",1941,0
480000,2.0,3.0,0,82973919,82,80,Donostia-San Sebastián,"Donostialdea, Guipúzcoa",1982,0
670000,2.0,1.0,0,83014284,70,60,Donostia-San Sebastián,"Donostialdea, Guipúzcoa",2009,1
160000,1.0,1.0,0,84280413,40,34,Donostia-San Sebastián,"Donostialdea, Guipúzcoa",1949,0
380000,1.0,1.0,8,84078976,60,52,Donostia-San Sebastián,"Donostialdea, Guipúzcoa",1978,0
370000,1.0,2.0,0,84188746,74,71,Donostia-San Sebastián,"Donostialdea, Guipúzcoa",,0
240000,1.0,0.0,12,84520472,51,45,Donostia-San Sebastián,"Donostialdea, Guipúzcoa",,0
435000,1.0,2.0,0,38366804,85,75,Donostia-San Sebastián,"Donostialdea, Guipúzcoa",1920,0
435000,1.0,2.0,0,38710652,75,,Donostia-San Sebastián,"Donostialdea, Guipúzcoa",,0
925000,2.0,2.0,8,82216419,100,90,Donostia-San Sebastián,"Donostialdea, Guipúzcoa",2018,0
260000,1.0,1.0,0,37876371,50,48,Donostia-San Sebastián,"Donostialdea, Guipúzcoa",1900,0
530000,2.0,2.0,8,38121527,100,90,Donostia-San Sebastián,"Donostialdea, Guipúzcoa",1980,0
380000,1.0,3.0,0,40016404,64,58,Donostia-San Sebastián,"Donostialdea, Guipúzcoa",1965,1
730000,1.0,3.0,0,81261536,115,110,Donostia-San Sebastián,"Donostialdea, Guipúzcoa",,0
580000,2.0,3.0,0,81806158,95,,Donostia-San Sebastián,"Donostialdea, Guipúzcoa",,0
365000,1.0,2.0,0,82158801,73,63,Donostia-San Sebastián,"Donostialdea, Guipúzcoa",1921,0
456000,1.0,3.0,0,82420473,98,90,Donostia-San Sebastián,"Donostialdea, Guipúzcoa",,0
570000,2.0,3.0,0,84073308,99,,Donostia-San Sebastián,"Donostialdea, Guipúzcoa",1992,0
470000,2.0,3.0,0,84142464,100,95,Donostia-San Sebastián,"Donostialdea, Guipúzcoa",,0
500000,1.0,3.0,0,32410342,85,80,Donostia-San Sebastián,"Donostialdea, Guipúzcoa",,0
500000,1.0,3.0,0,31421170,95,85,Donostia-San Sebastián,"Donostialdea, Guipúzcoa",1924,0
620000,2.0,2.0,0,81336433,75,65,Donostia-San Sebastián,"Donostialdea, Guipúzcoa",,0
320000,1.0,1.0,0,81962902,40,38,Donostia-San Sebastián,"Donostialdea, Guipúzcoa",,0
438000,1.0,2.0,0,82236205,75,63,Donostia-San Sebastián,"Donostialdea, Guipúzcoa",,0
480000,2.0,2.0,0,84427610,70,63,Donostia-San Sebastián,"Donostialdea, Guipúzcoa",1977,0
670000,3.0,4.0,0,84690418,400,200,Donostia-San Sebastián,"Donostialdea, Guipúzcoa",1975,1
495000,1.0,3.0,0,35518913,100,80,Donostia-San Sebastián,"Donostialdea, Guipúzcoa",,0
800000,2.0,2.0,0,81912991,106,80,Donostia-San Sebastián,"Donostialdea, Guipúzcoa",2013,0
500000,1.0,3.0,0,31995717,95,90,Donostia-San Sebastián,"Donostialdea, Guipúzcoa",,0
618000,2.0,3.0,0,82207342,90,82,Donostia-San Sebastián,"Donostialdea, Guipúzcoa",1971,0
620000,2.0,3.0,8,84839266,91,,Donostia-San Sebastián,"Donostialdea, Guipúzcoa",,0
235000,1.0,1.0,0,82717634,49,41,Donostia-San Sebastián,"Donostialdea, Guipúzcoa",,0
550000,1.0,4.0,0,83366767,82,76,Donostia-San Sebastián,"Donostialdea, Guipúzcoa",,0
620000,2.0,3.0,0,83454053,110,,Donostia-San Sebastián,"Donostialdea, Guipúzcoa",,0
365000,1.0,2.0,0,83866887,65,,Donostia-San Sebastián,"Donostialdea, Guipúzcoa",,0
310000,1.0,3.0,0,84150560,76,69,Donostia-San Sebastián,"Donostialdea, Guipúzcoa",1969,0
580000,2.0,3.0,0,84166034,84,82,Donostia-San Sebastián,"Donostialdea, Guipúzcoa",2019,0
595000,1.0,2.0,0,84166036,79,57,Donostia-San Sebastián,"Donostialdea, Guipúzcoa",2019,0
595000,1.0,2.0,0,84166039,81,59,Donostia-San Sebastián,"Donostialdea, Guipúzcoa",2019,0
565000,2.0,3.0,0,84166041,84,82,Donostia-San Sebastián,"Donostialdea, Guipúzcoa",2019,0
480000,1.0,2.0,0,84499329,70,62,Donostia-San Sebastián,"Donostialdea, Guipúzcoa",1977,0
315000,1.0,2.0,0,84556884,56,,Donostia-San Sebastián,"Donostialdea, Guipúzcoa",,0
495000,1.0,3.0,0,39553814,80,,Donostia-San Sebastián,"Donostialdea, Guipúzcoa",,0
360000,2.0,2.0,0,83872816,66,59,Donostia-San Sebastián,"Donostialdea, Guipúzcoa",1975,0
450000,2.0,2.0,0,84610185,80,72,Donostia-San Sebastián,"Donostialdea, Guipúzcoa",1900,0
480000,2.0,2.0,0,84296221,70,,Donostia-San Sebastián,"Donostialdea, Guipúzcoa",,0
334000,1.0,2.0,0,84394833,70,66,Donostia-San Sebastián,"Donostialdea, Guipúzcoa",1979,0
350000,1.0,2.0,0,84777836,61,,Donostia-San Sebastián,"Donostialdea, Guipúzcoa",1920,0
455000,1.0,3.0,0,82482505,90,80,Donostia-San Sebastián,"Donostialdea, Guipúzcoa",1921,0
570000,2.0,3.0,0,38267586,97,95,Donostia-San Sebastián,"Donostialdea, Guipúzcoa",1992,0
373000,1.0,2.0,0,81919054,70,66,Donostia-San Sebastián,"Donostialdea, Guipúzcoa",1921,0
480000,2.0,3.0,0,82526194,80,75,Donostia-San Sebastián,"Donostialdea, Guipúzcoa",1982,0
589000,2.0,4.0,0,81233710,106,,Donostia-San Sebastián,"Donostialdea, Guipúzcoa",,0
570000,2.0,3.0,0,82006088,100,97,Donostia-San Sebastián,"Donostialdea, Guipúzcoa",1992,1
499000,1.0,2.0,0,84778379,70,,Donostia-San Sebastián,"Donostialdea, Guipúzcoa",,0
920000,2.0,5.0,6,83094566,180,,Donostia-San Sebastián,"Donostialdea, Guipúzcoa",,1
499000,1.0,2.0,0,84759505,76,70,Donostia-San Sebastián,"Donostialdea, Guipúzcoa",1950,0
825000,3.0,4.0,0,81211847,150,,Donostia-San Sebastián,"Donostialdea, Guipúzcoa",,0
650000,2.0,4.0,0,40234974,150,140,Donostia-San Sebastián,"Donostialdea, Guipúzcoa",,1
714000,2.0,2.0,0,30507836,81,74,Donostia-San Sebastián,"Donostialdea, Guipúzcoa",2010,0
330000,1.0,2.0,0,81984281,74,65,Donostia-San Sebastián,"Donostialdea, Guipúzcoa",1921,0
797000,1.0,2.0,0,83066994,90,75,Donostia-San Sebastián,"Donostialdea, Guipúzcoa",2013,0
900000,2.0,4.0,0,81681190,192,168,Donostia-San Sebastián,"Donostialdea, Guipúzcoa",,0
310000,1.0,2.0,0,83370738,60,53,Donostia-San Sebastián,"Donostialdea, Guipúzcoa",,0
120000,1.0,1.0,0,83693277,60,50,Donostia-San Sebastián,"Donostialdea, Guipúzcoa",,0
455500,1.0,3.0,0,84768924,72,68,Donostia-San Sebastián,"Donostialdea, Guipúzcoa",1920,0
499000,1.0,2.0,0,84755683,85,80,Donostia-San Sebastián,"Donostialdea, Guipúzcoa",1900,0
320000,1.0,1.0,0,84868944,49,39,Donostia-San Sebastián,"Donostialdea, Guipúzcoa",1979,0
495000,1.0,3.0,0,33233788,80,70,Donostia-San Sebastián,"Donostialdea, Guipúzcoa",1924,0
615000,2.0,4.0,0,83492761,110,100,Donostia-San Sebastián,"Donostialdea, Guipúzcoa",,0
570000,2.0,2.0,0,84617529,120,100,Donostia-San Sebastián,"Donostialdea, Guipúzcoa",1976,0
445000,1.0,4.0,0,84796072,75,70,Donostia-San Sebastián,"Donostialdea, Guipúzcoa",,0
730000,2.0,4.0,0,83126774,170,165,Donostia-San Sebastián,"Donostialdea, Guipúzcoa",,0
500000,1.0,3.0,0,33291683,85,70,Donostia-San Sebastián,"Donostialdea, Guipúzcoa",1924,0
438000,1.0,2.0,0,37765207,75,63,Donostia-San Sebastián,"Donostialdea, Guipúzcoa",1920,0
120000,1.0,0.0,12,40255691,55,50,Donostia-San Sebastián,"Donostialdea, Guipúzcoa",,0
965000,3.0,3.0,0,83242677,130,120,Donostia-San Sebastián,"Donostialdea, Guipúzcoa",1940,0
850000,2.0,3.0,0,83242733,95,92,Donostia-San Sebastián,"Donostialdea, Guipúzcoa",1936,0
456000,1.0,2.0,0,39509216,75,63,Donostia-San Sebastián,"Donostialdea, Guipúzcoa",1920,0
665500,2.0,2.0,0,30507833,81,74,Donostia-San Sebastián,"Donostialdea, Guipúzcoa",,0
630000,2.0,2.0,0,30507834,77,70,Donostia-San Sebastián,"Donostialdea, Guipúzcoa",2010,0
676700,2.0,2.0,0,30507835,81,74,Donostia-San Sebastián,"Donostialdea, Guipúzcoa",2010,0
670000,2.0,2.0,0,30507837,77,70,Donostia-San Sebastián,"Donostialdea, Guipúzcoa",2010,0
757200,2.0,3.0,0,81603648,92,84,Donostia-San Sebastián,"Donostialdea, Guipúzcoa",,0
425000,2.0,3.0,0,82688121,75,70,Donostia-San Sebastián,"Donostialdea, Guipúzcoa",1975,0
359000,1.0,1.0,0,84845995,48,41,Donostia-San Sebastián,"Donostialdea, Guipúzcoa",1998,0
732000,2.0,2.0,0,81488264,86,82,Donostia-San Sebastián,"Donostialdea, Guipúzcoa",1966,0
395000,1.0,2.0,0,81875618,70,68,Donostia-San Sebastián,"Donostialdea, Guipúzcoa",,0
690000,2.0,3.0,0,82358395,102,93,Donostia-San Sebastián,"Donostialdea, Guipúzcoa",,0
360000,1.0,2.0,0,83566023,77,74,Donostia-San Sebastián,"Donostialdea, Guipúzcoa",,0
455000,1.0,3.0,0,81951305,90,80,Donostia-San Sebastián,"Donostialdea, Guipúzcoa",1921,0
157000,1.0,0.0,12,82028987,30,28,Donostia-San Sebastián,"Donostialdea, Guipúzcoa",,0
675000,2.0,4.0,0,83372360,145,130,Donostia-San Sebastián,"Donostialdea, Guipúzcoa",1932,0
650000,2.0,4.0,0,84098485,140,123,Donostia-San Sebastián,"Donostialdea, Guipúzcoa",1958,0
257500,1.0,1.0,0,84820011,48,47,Donostia-San Sebastián,"Donostialdea, Guipúzcoa",,0
453600,1.0,2.0,0,40264181,78,75,Donostia-San Sebastián,"Donostialdea, Guipúzcoa",,0
450000,1.0,3.0,0,84256862,70,67,Donostia-San Sebastián,"Donostialdea, Guipúzcoa",1929,0
630000,2.0,4.0,0,38765885,140,132,Donostia-San Sebastián,"Donostialdea, Guipúzcoa",,0
330000,1.0,2.0,0,84650178,70,65,Donostia-San Sebastián,"Donostialdea, Guipúzcoa",1921,0
460000,2.0,3.0,0,84751866,75,70,Donostia-San Sebastián,"Donostialdea, Guipúzcoa",1979,0
797000,2.0,2.0,0,84819980,89,79,Donostia-San Sebastián,"Donostialdea, Guipúzcoa",2013,0
569000,2.0,5.0,0,83648609,199,169,Donostia-San Sebastián,"Donostialdea, Guipúzcoa",1940,0
246000,1.0,1.0,0,84629073,51,45,Donostia-San Sebastián,"Donostialdea, Guipúzcoa",,0
500000,1.0,3.0,0,31452470,95,80,Donostia-San Sebastián,"Donostialdea, Guipúzcoa",,0
435000,1.0,2.0,0,39149373,75,,Donostia-San Sebastián,"Donostialdea, Guipúzcoa",,0
740000,2.0,3.0,0,33035686,92,84,Donostia-San Sebastián,"Donostialdea, Guipúzcoa",,0
753500,2.0,2.0,0,30507849,81,74,Donostia-San Sebastián,"Donostialdea, Guipúzcoa",2010,0
1325000,3.0,6.0,0,81770582,245,244,Donostia-San Sebastián,"Donostialdea, Guipúzcoa",,0
290000,2.0,2.0,0,83891006,70,,Donostia-San Sebastián,"Donostialdea, Guipúzcoa",,0
500000,1.0,3.0,0,34870842,80,75,Donostia-San Sebastián,"Donostialdea, Guipúzcoa",1924,0
570000,2.0,3.0,0,38369662,100,90,Donostia-San Sebastián,"Donostialdea, Guipúzcoa",,0
429000,2.0,3.0,0,40478405,79,,Donostia-San Sebastián,"Donostialdea, Guipúzcoa",,0
480000,2.0,3.0,0,82406265,75,72,Donostia-San Sebastián,"Donostialdea, Guipúzcoa",1978,0
612000,2.0,2.0,0,40011320,86,74,Donostia-San Sebastián,"Donostialdea, Guipúzcoa",2013,0
490000,1.0,1.0,0,84694206,62,,Donostia-San Sebastián,"Donostialdea, Guipúzcoa",,0
540000,2.0,3.0,0,84857028,114,96,Donostia-San Sebastián,"Donostialdea, Guipúzcoa",,0
418000,2.0,3.0,0,82717626,77,,Donostia-San Sebastián,"Donostialdea, Guipúzcoa",1978,0
850500,2.0,3.0,0,81603646,92,84,Donostia-San Sebastián,"Donostialdea, Guipúzcoa",,0
797000,2.0,2.0,0,81604121,89,79,Donostia-San Sebastián,"Donostialdea, Guipúzcoa",,0
440000,1.0,2.0,0,40276768,75,62,Donostia-San Sebastián,"Donostialdea, Guipúzcoa",,0
330000,1.0,2.0,0,81902201,70,65,Donostia-San Sebastián,"Donostialdea, Guipúzcoa",1921,0
565000,2.0,3.0,0,84175970,92,84,Donostia-San Sebastián,"Donostialdea, Guipúzcoa",1931,0
610000,2.0,3.0,0,84176262,92,84,Donostia-San Sebastián,"Donostialdea, Guipúzcoa",1931,0
595000,1.0,2.0,0,84176337,88,80,Donostia-San Sebastián,"Donostialdea, Guipúzcoa",1931,0
334000,1.0,2.0,0,84647844,69,67,Donostia-San Sebastián,"Donostialdea, Guipúzcoa",1973,0
490000,1.0,1.0,0,84693317,62,,Donostia-San Sebastián,"Donostialdea, Guipúzcoa",,0
995000,3.0,4.0,0,36862137,190,170,Donostia-San Sebastián,"Donostialdea, Guipúzcoa",1931,0
425000,1.0,2.0,0,37665117,75,63,Donostia-San Sebastián,"Donostialdea, Guipúzcoa",,0
475000,1.0,4.0,0,84620253,95,82,Donostia-San Sebastián,"Donostialdea, Guipúzcoa",1957,0
246000,1.0,1.0,0,84821080,51,45,Donostia-San Sebastián,"Donostialdea, Guipúzcoa",,0
449000,1.0,2.0,0,37760817,75,63,Donostia-San Sebastián,"Donostialdea, Guipúzcoa",,0
570000,2.0,3.0,0,38070687,110,97,Donostia-San Sebastián,"Donostialdea, Guipúzcoa",1992,0
285000,1.0,2.0,0,84218436,65,61,Donostia-San Sebastián,"Donostialdea, Guipúzcoa",,0
500000,1.0,3.0,0,83779456,90,70,Donostia-San Sebastián,"Donostialdea, Guipúzcoa",1920,0
437000,1.0,2.0,0,37919027,75,,Donostia-San Sebastián,"Donostialdea, Guipúzcoa",,0
425000,2.0,3.0,0,82641249,70,68,Donostia-San Sebastián,"Donostialdea, Guipúzcoa",1978,1
425000,2.0,3.0,0,82735930,70,68,Donostia-San Sebastián,"Donostialdea, Guipúzcoa",1978,0
290000,1.0,2.0,0,83076220,73,70,Donostia-San Sebastián,"Donostialdea, Guipúzcoa",,0
520000,1.0,4.0,0,83622555,110,100,Donostia-San Sebastián,"Donostialdea, Guipúzcoa",1947,0
620000,2.0,4.0,0,38763093,137,116,Donostia-San Sebastián,"Donostialdea, Guipúzcoa",,0
620000,2.0,3.0,0,81446472,107,91,Donostia-San Sebastián,"Donostialdea, Guipúzcoa",1953,0
320000,1.0,2.0,0,83423722,72,60,Donostia-San Sebastián,"Donostialdea, Guipúzcoa",1958,0
925000,2.0,3.0,8,33578067,115,95,Donostia-San Sebastián,"Donostialdea, Guipúzcoa",1980,1
690000,2.0,3.0,0,82875170,105,95,Donostia-San Sebastián,"Donostialdea, Guipúzcoa",,0
620000,2.0,3.0,0,84801583,98,91,Donostia-San Sebastián,"Donostialdea, Guipúzcoa",1953,0
445000,1.0,4.0,0,84818889,72,68,Donostia-San Sebastián,"Donostialdea, Guipúzcoa",1920,0
435000,1.0,2.0,0,40176480,75,63,Donostia-San Sebastián,"Donostialdea, Guipúzcoa",1965,0
1050000,2.0,5.0,0,38372666,155,130,Donostia-San Sebastián,"Donostialdea, Guipúzcoa",1947,0
670000,1.0,2.0,8,84527843,80,70,Donostia-San Sebastián,"Donostialdea, Guipúzcoa",1922,0
320000,1.0,1.0,0,82008918,49,40,Donostia-San Sebastián,"Donostialdea, Guipúzcoa",1979,0
270000,1.0,2.0,0,34295172,50,45,Donostia-San Sebastián,"Donostialdea, Guipúzcoa",,0
675000,2.0,4.0,0,82779722,130,125,Donostia-San Sebastián,"Donostialdea, Guipúzcoa",1970,0
730000,2.0,2.0,0,39031757,95,86,Donostia-San Sebastián,"Donostialdea, Guipúzcoa",1966,0
545000,2.0,4.0,0,40202404,130,115,Donostia-San Sebastián,"Donostialdea, Guipúzcoa",,0
199000,1.0,2.0,0,82358747,45,40,Donostia-San Sebastián,"Donostialdea, Guipúzcoa",,0
675000,2.0,4.0,0,82897896,140,128,Donostia-San Sebastián,"Donostialdea, Guipúzcoa",1932,0
185000,1.0,1.0,0,82021467,40,38,Donostia-San Sebastián,"Donostialdea, Guipúzcoa",,0
370000,1.0,2.0,0,84771391,75,70,Donostia-San Sebastián,"Donostialdea, Guipúzcoa",,0
619900,2.0,3.0,8,28873953,120,114,Donostia-San Sebastián,"Donostialdea, Guipúzcoa",,0
795000,3.0,4.0,0,39969646,160,150,Donostia-San Sebastián,"Donostialdea, Guipúzcoa",1941,0
620000,2.0,4.0,0,38953195,130,116,Donostia-San Sebastián,"Donostialdea, Guipúzcoa",1900,0
540000,2.0,2.0,0,81669592,114,98,Donostia-San Sebastián,"Donostialdea, Guipúzcoa",1963,0
390000,1.0,2.0,0,84154592,72,66,Donostia-San Sebastián,"Donostialdea, Guipúzcoa",1942,1
330000,1.0,2.0,0,84694608,65,,Donostia-San Sebastián,"Donostialdea, Guipúzcoa",,0
585000,2.0,3.0,0,84643899,100,,Donostia-San Sebastián,"Donostialdea, Guipúzcoa",,0
310000,1.0,2.0,0,82522845,70,65,Donostia-San Sebastián,"Donostialdea, Guipúzcoa",1921,0
620000,2.0,4.0,0,39941218,138,116,Donostia-San Sebastián,"Donostialdea, Guipúzcoa",,0
365000,1.0,2.0,0,84384844,80,73,Donostia-San Sebastián,"Donostialdea, Guipúzcoa",1921,0
435000,1.0,2.0,0,84643891,68,,Donostia-San Sebastián,"Donostialdea, Guipúzcoa",,0
660000,2.0,4.0,0,82266691,125,110,Donostia-San Sebastián,"Donostialdea, Guipúzcoa",,1
340000,1.0,2.0,0,84570661,66,62,Donostia-San Sebastián,"Donostialdea, Guipúzcoa",1975,0
235000,1.0,1.0,0,40311056,41,,Donostia-San Sebastián,"Donostialdea, Guipúzcoa",1900,0
499000,1.0,3.0,0,82179490,115,95,Donostia-San Sebastián,"Donostialdea, Guipúzcoa",1932,0
790000,2.0,4.0,0,84461220,116,100,Donostia-San Sebastián,"Donostialdea, Guipúzcoa",,0
675000,2.0,4.0,0,40409737,145,130,Donostia-San Sebastián,"Donostialdea, Guipúzcoa",,0
570000,3.0,5.0,0,81883014,145,123,Donostia-San Sebastián,"Donostialdea, Guipúzcoa",1970,0
690000,2.0,3.0,0,82419230,100,93,Donostia-San Sebastián,"Donostialdea, Guipúzcoa",1925,0
795000,3.0,4.0,0,39969966,160,150,Donostia-San Sebastián,"Donostialdea, Guipúzcoa",1941,0
675000,2.0,4.0,0,84415422,140,130,Donostia-San Sebastián,"Donostialdea, Guipúzcoa",1932,0
575000,2.0,3.0,0,39721861,98,96,Donostia-San Sebastián,"Donostialdea, Guipúzcoa",1998,0
228000,1.0,3.0,0,84543524,59,52,Donostia-San Sebastián,"Donostialdea, Guipúzcoa",1958,0
375000,1.0,3.0,0,83942973,75,70,Donostia-San Sebastián,"Donostialdea, Guipúzcoa",,0
420000,2.0,3.0,0,84138559,85,76,Donostia-San Sebastián,"Donostialdea, Guipúzcoa",1947,0
650000,2.0,4.0,0,84188569,121,,Donostia-San Sebastián,"Donostialdea, Guipúzcoa",,0
580000,2.0,3.0,0,84866958,97,89,Donostia-San Sebastián,"Donostialdea, Guipúzcoa",1957,0
570000,2.0,2.0,8,84647013,100,,Donostia-San Sebastián,"Donostialdea, Guipúzcoa",,0
690000,2.0,4.0,0,84651381,156,147,Donostia-San Sebastián,"Donostialdea, Guipúzcoa",1958,0
525000,2.0,3.0,0,40551114,85,80,Donostia-San Sebastián,"Donostialdea, Guipúzcoa",,0
595000,1.0,2.0,8,84031287,72,57,Donostia-San Sebastián,"Donostialdea, Guipúzcoa",1931,0
595000,1.0,2.0,8,84031289,72,59,Donostia-San Sebastián,"Donostialdea, Guipúzcoa",1931,0
558000,1.0,2.0,0,82793193,82,,Donostia-San Sebastián,"Donostialdea, Guipúzcoa",,0
275000,1.0,2.0,0,84823592,60,55,Donostia-San Sebastián,"Donostialdea, Guipúzcoa",1932,0
425000,2.0,3.0,0,82588759,74,68,Donostia-San Sebastián,"Donostialdea, Guipúzcoa",,0
180000,1.0,1.0,0,84560842,46,40,Donostia-San Sebastián,"Donostialdea, Guipúzcoa",1979,0
750000,1.0,4.0,0,83245753,112,108,Donostia-San Sebastián,"Donostialdea, Guipúzcoa",,0
645000,2.0,4.0,0,84188391,129,112,Donostia-San Sebastián,"Donostialdea, Guipúzcoa",1928,0
750000,2.0,4.0,0,84212893,138,115,Donostia-San Sebastián,"Donostialdea, Guipúzcoa",,0
550000,1.0,3.0,0,83503317,90,76,Donostia-San Sebastián,"Donostialdea, Guipúzcoa",1917,0
385000,1.0,2.0,0,84478495,73,66,Donostia-San Sebastián,"Donostialdea, Guipúzcoa",,0
365000,1.0,3.0,0,84641702,68,60,Donostia-San Sebastián,"Donostialdea, Guipúzcoa",,0
435000,1.0,2.0,0,83520585,75,63,Donostia-San Sebastián,"Donostialdea, Guipúzcoa",1958,0
246000,1.0,1.0,8,84607301,51,45,Donostia-San Sebastián,"Donostialdea, Guipúzcoa",,0
334000,1.0,2.0,0,84582546,69,62,Donostia-San Sebastián,"Donostialdea, Guipúzcoa",1973,0
370000,1.0,2.0,0,84419620,75,65,Donostia-San Sebastián,"Donostialdea, Guipúzcoa",,0
795000,3.0,4.0,0,84745686,160,150,Donostia-San Sebastián,"Donostialdea, Guipúzcoa",1945,0
360000,1.0,2.0,0,82258563,77,,Donostia-San Sebastián,"Donostialdea, Guipúzcoa",,0
1195000,2.0,4.0,0,83037798,180,,Donostia-San Sebastián,"Donostialdea, Guipúzcoa",1926,0
420000,2.0,3.0,0,84115876,100,80,Donostia-San Sebastián,"Donostialdea, Guipúzcoa",,0
597000,2.0,3.0,0,84807522,110,100,Donostia-San Sebastián,"Donostialdea, Guipúzcoa",,0
175000,1.0,1.0,0,81353847,36,34,Donostia-San Sebastián,"Donostialdea, Guipúzcoa",1915,0
620000,2.0,3.0,8,83013172,120,90,Donostia-San Sebastián,"Donostialdea, Guipúzcoa",,0
1000000,4.0,5.0,0,82747448,165,150,Donostia-San Sebastián,"Donostialdea, Guipúzcoa",,0
429000,2.0,3.0,0,81308885,79,,Donostia-San Sebastián,"Donostialdea, Guipúzcoa",,0
1150000,2.0,5.0,0,35474277,170,154,Donostia-San Sebastián,"Donostialdea, Guipúzcoa",1948,0
420000,2.0,3.0,0,84140693,89,76,Donostia-San Sebastián,"Donostialdea, Guipúzcoa",1947,0
570000,2.0,3.0,6,84286455,124,90,Donostia-San Sebastián,"Donostialdea, Guipúzcoa",1982,0
480000,2.0,3.0,0,82879972,80,75,Donostia-San Sebastián,"Donostialdea, Guipúzcoa",1982,0
price,0.0,0.0,11,house_id,m2_real,m2_useful,loc_city,loc_zone,construct_date,1
498000,2.0,3.0,0,84413114,98,,Donostia-San Sebastián,"Donostialdea, Guipúzcoa",1940,0
90000,1.0,0.0,12,29720982,30,,Donostia-San Sebastián,"Donostialdea, Guipúzcoa",,0
310000,1.0,3.0,0,84652036,84,,Donostia-San Sebastián,"Donostialdea, Guipúzcoa",,0
199000,1.0,2.0,0,81981929,40,,Donostia-San Sebastián,"Donostialdea, Guipúzcoa",,0
370000,1.0,1.0,0,83819915,70,,Donostia-San Sebastián,"Donostialdea, Guipúzcoa",1905,0
230000,1.0,2.0,0,83007373,50,,Donostia-San Sebastián,"Donostialdea, Guipúzcoa",1900,0
450000,1.0,2.0,0,31451301,45,,Donostia-San Sebastián,"Donostialdea, Guipúzcoa",,1
150000,1.0,0.0,12,82979235,20,,Donostia-San Sebastián,"Donostialdea, Guipúzcoa",,0
600000,2.0,4.0,0,81199102,100,,Donostia-San Sebastián,"Donostialdea, Guipúzcoa",,0
273000,2.0,3.0,0,82736070,70,,Donostia-San Sebastián,"Donostialdea, Guipúzcoa",,1
240000,1.0,3.0,0,84212539,65,60,Donostia-San Sebastián,"Donostialdea, Guipúzcoa",,0
455000,1.0,3.0,0,83957408,89,88,Donostia-San Sebastián,"Donostialdea, Guipúzcoa",,0
230000,1.0,2.0,0,84320546,53,52,Donostia-San Sebastián,"Donostialdea, Guipúzcoa",,1
463300,2.0,3.0,0,83346774,110,105,Donostia-San Sebastián,"Donostialdea, Guipúzcoa",,0
290000,2.0,3.0,0,82988438,80,71,Donostia-San Sebastián,"Donostialdea, Guipúzcoa",1958,0
450000,1.0,2.0,0,37846813,45,,Donostia-San Sebastián,"Donostialdea, Guipúzcoa",2003,0
469000,1.0,2.0,0,35819245,45,,Donostia-San Sebastián,"Donostialdea, Guipúzcoa",,0
480000,2.0,3.0,0,40219009,90,,Donostia-San Sebastián,"Donostialdea, Guipúzcoa",,0
240000,1.0,3.0,0,40381526,70,60,Donostia-San Sebastián,"Donostialdea, Guipúzcoa",,0
273000,2.0,3.0,0,83078783,70,63,Donostia-San Sebastián,"Donostialdea, Guipúzcoa",,0
629000,4.0,5.0,3,83637133,300,275,Donostia-San Sebastián,"Donostialdea, Guipúzcoa",,1
140000,1.0,2.0,0,39738166,37,,Donostia-San Sebastián,"Donostialdea, Guipúzcoa",,0
199000,1.0,2.0,0,82780031,40,,Donostia-San Sebastián,"Donostialdea, Guipúzcoa",1958,0
600000,4.0,3.0,4,82820383,290,240,Donostia-San Sebastián,"Donostialdea, Guipúzcoa",1993,0
295000,1.0,2.0,0,83876223,60,53,Donostia-San Sebastián,"Donostialdea, Guipúzcoa",,0
259000,1.0,3.0,0,84650380,70,67,Donostia-San Sebastián,"Donostialdea, Guipúzcoa",,0
301200,2.0,3.0,0,83053401,70,,Donostia-San Sebastián,"Donostialdea, Guipúzcoa",,0
310000,1.0,3.0,0,84150565,76,69,Donostia-San Sebastián,"Donostialdea, Guipúzcoa",1969,0
670000,4.0,4.0,4,39290706,300,250,Donostia-San Sebastián,"Donostialdea, Guipúzcoa",1993,1
273000,2.0,3.0,0,84289997,63,,Donostia-San Sebastián,"Donostialdea, Guipúzcoa",1958,0
105000,1.0,0.0,12,84725113,49,,Donostia-San Sebastián,"Donostialdea, Guipúzcoa",1966,0
345000,1.0,2.0,0,84727662,60,56,Donostia-San Sebastián,"Donostialdea, Guipúzcoa",1968,0
398000,2.0,5.0,0,40068274,125,120,Donostia-San Sebastián,"Donostialdea, Guipúzcoa",,0
493000,3.0,4.0,6,40061371,141,140,Donostia-San Sebastián,"Donostialdea, Guipúzcoa",,0
270000,1.0,3.0,0,81604185,73,60,Donostia-San Sebastián,"Donostialdea, Guipúzcoa",,0
398000,2.0,5.0,0,82553909,125,115,Donostia-San Sebastián,"Donostialdea, Guipúzcoa",,0
330000,2.0,3.0,0,83859517,80,,Donostia-San Sebastián,"Donostialdea, Guipúzcoa",,1
395000,2.0,5.0,0,84527568,108,,Donostia-San Sebastián,"Donostialdea, Guipúzcoa",,1
215000,1.0,1.0,0,83682983,41,36,Donostia-San Sebastián,"Donostialdea, Guipúzcoa",,0
455000,1.0,3.0,0,82167591,90,82,Donostia-San Sebastián,"Donostialdea, Guipúzcoa",1921,0
332000,2.0,2.0,0,84165462,70,,Donostia-San Sebastián,"Donostialdea, Guipúzcoa",,0
560000,1.0,6.0,7,84284168,10800,555,Donostia-San Sebastián,"Donostialdea, Guipúzcoa",,1
235000,1.0,3.0,0,83698186,56,,Donostia-San Sebastián,"Donostialdea, Guipúzcoa",,0
370000,2.0,4.0,0,83842636,102,,Donostia-San Sebastián,"Donostialdea, Guipúzcoa",,0
670000,2.0,1.0,0,39105886,58,48,Donostia-San Sebastián,"Donostialdea, Guipúzcoa",,0
375000,1.0,4.0,0,36961594,105,98,Donostia-San Sebastián,"Donostialdea, Guipúzcoa",1917,0
340000,1.0,2.0,0,82217062,75,65,Donostia-San Sebastián,"Donostialdea, Guipúzcoa",1950,0
560000,1.0,4.0,9,83468415,210,200,Donostia-San Sebastián,"Donostialdea, Guipúzcoa",,1
590000,2.0,3.0,0,84352611,95,85,Donostia-San Sebastián,"Donostialdea, Guipúzcoa",2015,1
649000,4.0,5.0,4,40326829,350,315,Donostia-San Sebastián,"Donostialdea, Guipúzcoa",1993,1
612000,1.0,4.0,0,82839701,80,72,Donostia-San Sebastián,"Donostialdea, Guipúzcoa",1971,0
520000,1.0,4.0,0,82860903,100,72,Donostia-San Sebastián,"Donostialdea, Guipúzcoa",1970,0
600000,2.0,3.0,0,35940652,308,280,Donostia-San Sebastián,"Donostialdea, Guipúzcoa",,1
370000,2.0,4.0,0,84467743,102,88,Donostia-San Sebastián,"Donostialdea, Guipúzcoa",,0
649000,4.0,5.0,4,84560043,310,280,Donostia-San Sebastián,"Donostialdea, Guipúzcoa",1993,1
215000,1.0,1.0,0,83857446,41,35,Donostia-San Sebastián,"Donostialdea, Guipúzcoa",,0
292000,1.0,3.0,0,84612336,80,73,Donostia-San Sebastián,"Donostialdea, Guipúzcoa",1968,0
670000,2.0,1.0,0,81809283,70,,Donostia-San Sebastián,"Donostialdea, Guipúzcoa",2009,0
380000,2.0,3.0,0,84652353,100,86,Donostia-San Sebastián,"Donostialdea, Guipúzcoa",1990,0
235000,1.0,3.0,0,84753932,66,56,Donostia-San Sebastián,"Donostialdea, Guipúzcoa",1950,0
165000,1.0,1.0,0,84689077,20,,Donostia-San Sebastián,"Donostialdea, Guipúzcoa",1970,0
700000,4.0,4.0,0,84592825,241,,Donostia-San Sebastián,"Donostialdea, Guipúzcoa",,1
330000,1.0,3.0,0,84821251,86,75,Donostia-San Sebastián,"Donostialdea, Guipúzcoa",,0
670000,4.0,4.0,4,40082036,337,,Donostia-San Sebastián,"Donostialdea, Guipúzcoa",1993,0
590000,2.0,3.0,0,84366408,87,85,Donostia-San Sebastián,"Donostialdea, Guipúzcoa",2015,1
120000,1.0,0.0,12,82244597,50,45,Donostia-San Sebastián,"Donostialdea, Guipúzcoa",1895,0
622000,1.0,4.0,0,82389855,85,75,Donostia-San Sebastián,"Donostialdea, Guipúzcoa",1971,0
525000,3.0,4.0,0,83052247,120,110,Donostia-San Sebastián,"Donostialdea, Guipúzcoa",,0
273000,2.0,3.0,0,83872261,68,63,Donostia-San Sebastián,"Donostialdea, Guipúzcoa",1958,0
590000,2.0,3.0,0,84188507,85,84,Donostia-San Sebastián,"Donostialdea, Guipúzcoa",2015,1
175000,1.0,2.0,0,82719491,49,,Donostia-San Sebastián,"Donostialdea, Guipúzcoa",,0
350000,1.0,2.0,0,83764186,70,66,Donostia-San Sebastián,"Donostialdea, Guipúzcoa",,0
670000,2.0,1.0,0,82311519,68,,Donostia-San Sebastián,"Donostialdea, Guipúzcoa",2009,0
340000,1.0,2.0,0,84699765,68,55,Donostia-San Sebastián,"Donostialdea, Guipúzcoa",,0
525000,3.0,4.0,0,84778430,118,103,Donostia-San Sebastián,"Donostialdea, Guipúzcoa",1973,0
225000,1.0,3.0,0,84867305,71,67,Donostia-San Sebastián,"Donostialdea, Guipúzcoa",1948,0
240000,1.0,3.0,0,81411287,66,56,Donostia-San Sebastián,"Donostialdea, Guipúzcoa",1940,0
268000,2.0,2.0,0,39458067,75,71,Donostia-San Sebastián,"Donostialdea, Guipúzcoa",,0
260000,1.0,3.0,0,82657663,50,49,Donostia-San Sebastián,"Donostialdea, Guipúzcoa",1961,0
240000,1.0,3.0,0,81788645,75,60,Donostia-San Sebastián,"Donostialdea, Guipúzcoa",1940,0
666000,4.0,4.0,3,81308589,346,,Donostia-San Sebastián,"Donostialdea, Guipúzcoa",,1
330000,2.0,3.0,0,84212058,88,72,Donostia-San Sebastián,"Donostialdea, Guipúzcoa",1980,1
666000,4.0,4.0,3,37054523,346,,Donostia-San Sebastián,"Donostialdea, Guipúzcoa",,1
278100,1.0,3.0,0,84710500,73,,Donostia-San Sebastián,"Donostialdea, Guipúzcoa",1968,0
493500,3.0,5.0,6,32148976,160,141,Donostia-San Sebastián,"Donostialdea, Guipúzcoa",1992,0
550000,2.0,5.0,6,82829562,210,203,Donostia-San Sebastián,"Donostialdea, Guipúzcoa",1972,1
560000,1.0,6.0,4,84423069,310,216,Donostia-San Sebastián,"Donostialdea, Guipúzcoa",,0
340000,1.0,3.0,0,83572063,90,70,Donostia-San Sebastián,"Donostialdea, Guipúzcoa",1969,0
199000,1.0,2.0,0,81796347,50,40,Donostia-San Sebastián,"Donostialdea, Guipúzcoa",,0
250000,1.0,2.0,0,84871330,65,,Donostia-San Sebastián,"Donostialdea, Guipúzcoa",,0
199000,1.0,2.0,0,82358680,45,40,Donostia-San Sebastián,"Donostialdea, Guipúzcoa",,0
259000,1.0,3.0,0,83785122,70,67,Donostia-San Sebastián,"Donostialdea, Guipúzcoa",,0
260000,1.0,2.0,0,82379336,60,55,Donostia-San Sebastián,"Donostialdea, Guipúzcoa",1963,0
273000,2.0,3.0,0,84462820,63,,Donostia-San Sebastián,"Donostialdea, Guipúzcoa",,1
335000,1.0,3.0,0,84569468,68,65,Donostia-San Sebastián,"Donostialdea, Guipúzcoa",1970,0
310000,1.0,3.0,0,84818961,90,84,Donostia-San Sebastián,"Donostialdea, Guipúzcoa",1960,0
670000,2.0,1.0,0,40148201,70,48,Donostia-San Sebastián,"Donostialdea, Guipúzcoa",,0
275000,1.0,3.0,0,84121700,70,65,Donostia-San Sebastián,"Donostialdea, Guipúzcoa",,0
235000,1.0,3.0,0,84829311,60,56,Donostia-San Sebastián,"Donostialdea, Guipúzcoa",,0
675000,2.0,1.0,0,83768890,55,50,Donostia-San Sebastián,"Donostialdea, Guipúzcoa",2009,1
380000,2.0,3.0,0,84828691,100,86,Donostia-San Sebastián,"Donostialdea, Guipúzcoa",1990,0
198000,1.0,0.0,12,82990603,130,126,Donostia-San Sebastián,"Donostialdea, Guipúzcoa",,0
450000,1.0,2.0,0,38614925,55,50,Donostia-San Sebastián,"Donostialdea, Guipúzcoa",2012,1
273000,2.0,3.0,0,84607952,75,63,Donostia-San Sebastián,"Donostialdea, Guipúzcoa",1958,0
520000,2.0,4.0,6,82766599,216,188,Donostia-San Sebastián,"Donostialdea, Guipúzcoa",1972,1
285000,1.0,2.0,0,84204118,78,,Donostia-San Sebastián,"Donostialdea, Guipúzcoa",,0
240000,1.0,3.0,0,84120855,70,60,Donostia-San Sebastián,"Donostialdea, Guipúzcoa",,0
590000,2.0,3.0,0,84634238,88,83,Donostia-San Sebastián,"Donostialdea, Guipúzcoa",2015,1
price,0.0,0.0,11,house_id,m2_real,m2_useful,loc_city,loc_zone,construct_date,1
650000,1.0,1.0,8,84549188,96,73,Donostia-San Sebastián,"Donostialdea, Guipúzcoa",2018,1
410000,1.0,1.0,0,39988305,70,62,Donostia-San Sebastián,"Donostialdea, Guipúzcoa",,0
850000,2.0,6.0,0,84590927,170,150,Donostia-San Sebastián,"Donostialdea, Guipúzcoa",,0
354000,1.0,1.0,8,39000415,38,35,Donostia-San Sebastián,"Donostialdea, Guipúzcoa",1912,0
249000,1.0,1.0,0,84258119,32,28,Donostia-San Sebastián,"Donostialdea, Guipúzcoa",1906,0
326000,1.0,3.0,0,38914525,64,58,Donostia-San Sebastián,"Donostialdea, Guipúzcoa",,0
320000,1.0,2.0,0,39275706,67,,Donostia-San Sebastián,"Donostialdea, Guipúzcoa",,0
550000,1.0,1.0,8,39008866,45,40,Donostia-San Sebastián,"Donostialdea, Guipúzcoa",,0
1110000,2.0,3.0,0,83862589,110,,Donostia-San Sebastián,"Donostialdea, Guipúzcoa",,0
540000,2.0,2.0,0,81218853,60,54,Donostia-San Sebastián,"Donostialdea, Guipúzcoa",,0
650000,2.0,2.0,0,81926144,102,97,Donostia-San Sebastián,"Donostialdea, Guipúzcoa",,0
670000,1.0,1.0,0,83630465,58,52,Donostia-San Sebastián,"Donostialdea, Guipúzcoa",1994,0
320000,1.0,2.0,0,39495076,67,,Donostia-San Sebastián,"Donostialdea, Guipúzcoa",,0
550000,1.0,1.0,0,83278435,40,,Donostia-San Sebastián,"Donostialdea, Guipúzcoa",,0
354000,1.0,2.0,4,83470096,45,38,Donostia-San Sebastián,"Donostialdea, Guipúzcoa",,0
550000,1.0,1.0,0,38702786,42,,Donostia-San Sebastián,"Donostialdea, Guipúzcoa",,0
475000,2.0,2.0,0,81241853,70,65,Donostia-San Sebastián,"Donostialdea, Guipúzcoa",,0
230000,1.0,2.0,0,83848081,47,46,Donostia-San Sebastián,"Donostialdea, Guipúzcoa",,0
850000,2.0,3.0,0,84191397,127,,Donostia-San Sebastián,"Donostialdea, Guipúzcoa",,0
355000,1.0,1.0,0,84414607,67,65,Donostia-San Sebastián,"Donostialdea, Guipúzcoa",,0
950000,1.0,6.0,0,82017012,210,195,Donostia-San Sebastián,"Donostialdea, Guipúzcoa",,0
600000,1.0,1.0,0,34063797,66,58,Donostia-San Sebastián,"Donostialdea, Guipúzcoa",,0
1000000,3.0,4.0,6,84676357,200,,Donostia-San Sebastián,"Donostialdea, Guipúzcoa",,1
1000000,2.0,4.0,0,82199458,164,137,Donostia-San Sebastián,"Donostialdea, Guipúzcoa",,0
315000,1.0,3.0,0,84661595,63,59,Donostia-San Sebastián,"Donostialdea, Guipúzcoa",1969,0
550000,1.0,1.0,0,38697178,42,36,Donostia-San Sebastián,"Donostialdea, Guipúzcoa",1900,0
355000,1.0,1.0,0,38697387,55,28,Donostia-San Sebastián,"Donostialdea, Guipúzcoa",1912,0
390000,1.0,1.0,0,38703165,55,,Donostia-San Sebastián,"Donostialdea, Guipúzcoa",,0
320000,1.0,2.0,0,38321869,70,67,Donostia-San Sebastián,"Donostialdea, Guipúzcoa",1950,0
500000,1.0,2.0,0,81981173,65,55,Donostia-San Sebastián,"Donostialdea, Guipúzcoa",1905,0
410000,1.0,3.0,0,83005647,75,71,Donostia-San Sebastián,"Donostialdea, Guipúzcoa",1900,0
230000,1.0,2.0,0,37157633,50,46,Donostia-San Sebastián,"Donostialdea, Guipúzcoa",,0
735000,1.0,3.0,0,84285490,140,135,Donostia-San Sebastián,"Donostialdea, Guipúzcoa",,0
2100000,3.0,3.0,0,38869049,250,,Donostia-San Sebastián,"Donostialdea, Guipúzcoa",,0
1247000,2.0,4.0,0,82642443,140,124,Donostia-San Sebastián,"Donostialdea, Guipúzcoa",1986,0
660000,2.0,3.0,0,84464888,108,,Donostia-San Sebastián,"Donostialdea, Guipúzcoa",,0
1250000,2.0,5.0,0,35859957,180,166,Donostia-San Sebastián,"Donostialdea, Guipúzcoa",,0
250000,1.0,3.0,8,36673705,70,,Donostia-San Sebastián,"Donostialdea, Guipúzcoa",,0
550000,1.0,1.0,8,39000402,45,42,Donostia-San Sebastián,"Donostialdea, Guipúzcoa",1900,0
635000,2.0,2.0,0,39478107,102,98,Donostia-San Sebastián,"Donostialdea, Guipúzcoa",,0
690000,2.0,2.0,0,40566297,75,,Donostia-San Sebastián,"Donostialdea, Guipúzcoa",,0
533000,2.0,2.0,0,83892032,80,72,Donostia-San Sebastián,"Donostialdea, Guipúzcoa",1986,0
390000,1.0,1.0,0,84064798,62,55,Donostia-San Sebastián,"Donostialdea, Guipúzcoa",,0
355000,1.0,1.0,8,38716290,38,,Donostia-San Sebastián,"Donostialdea, Guipúzcoa",1912,0
550000,1.0,1.0,8,38716304,42,38,Donostia-San Sebastián,"Donostialdea, Guipúzcoa",1900,0
320000,1.0,1.0,0,39559119,63,60,Donostia-San Sebastián,"Donostialdea, Guipúzcoa",1900,0
550000,1.0,1.0,0,40568596,40,36,Donostia-San Sebastián,"Donostialdea, Guipúzcoa",,0
795000,2.0,2.0,0,83233715,120,112,Donostia-San Sebastián,"Donostialdea, Guipúzcoa",,0
1050000,2.0,3.0,8,37101034,120,102,Donostia-San Sebastián,"Donostialdea, Guipúzcoa",,0
495000,2.0,3.0,0,82365620,90,82,Donostia-San Sebastián,"Donostialdea, Guipúzcoa",1905,0
1650000,3.0,5.0,0,83588630,317,260,Donostia-San Sebastián,"Donostialdea, Guipúzcoa",1900,0
650000,2.0,2.0,0,84439859,110,100,Donostia-San Sebastián,"Donostialdea, Guipúzcoa",1900,0
545000,1.0,3.0,0,84738594,80,70,Donostia-San Sebastián,"Donostialdea, Guipúzcoa",,0
695000,2.0,2.0,0,40531058,77,73,Donostia-San Sebastián,"Donostialdea, Guipúzcoa",,0
939000,2.0,3.0,0,82997519,140,121,Donostia-San Sebastián,"Donostialdea, Guipúzcoa",,0
985000,2.0,5.0,0,39008867,190,170,Donostia-San Sebastián,"Donostialdea, Guipúzcoa",,0
355000,1.0,1.0,0,40334462,30,28,Donostia-San Sebastián,"Donostialdea, Guipúzcoa",1912,0
1500000,3.0,5.0,6,82291170,255,,Donostia-San Sebastián,"Donostialdea, Guipúzcoa",,0
330000,1.0,2.0,0,83245478,67,,Donostia-San Sebastián,"Donostialdea, Guipúzcoa",1950,0
269800,1.0,1.0,0,83425804,40,34,Donostia-San Sebastián,"Donostialdea, Guipúzcoa",1900,0
850000,2.0,4.0,0,83610531,107,,Donostia-San Sebastián,"Donostialdea, Guipúzcoa",,0
690000,3.0,3.0,0,84450443,120,115,Donostia-San Sebastián,"Donostialdea, Guipúzcoa",,0
260000,1.0,0.0,12,84527628,65,60,Donostia-San Sebastián,"Donostialdea, Guipúzcoa",,0
230000,1.0,2.0,0,38743592,50,46,Donostia-San Sebastián,"Donostialdea, Guipúzcoa",1920,0
335000,1.0,2.0,0,81289115,55,,Donostia-San Sebastián,"Donostialdea, Guipúzcoa",1950,0
1500000,4.0,4.0,0,83242682,300,282,Donostia-San Sebastián,"Donostialdea, Guipúzcoa",1970,1
354000,1.0,1.0,8,84594362,40,30,Donostia-San Sebastián,"Donostialdea, Guipúzcoa",1912,0
1850000,3.0,5.0,8,28289811,210,195,Donostia-San Sebastián,"Donostialdea, Guipúzcoa",,0
1150000,2.0,3.0,0,35876767,180,165,Donostia-San Sebastián,"Donostialdea, Guipúzcoa",,0
485000,1.0,1.0,0,82655294,65,59,Donostia-San Sebastián,"Donostialdea, Guipúzcoa",1941,0
650000,1.0,1.0,0,299340,65,52,Donostia-San Sebastián,"Donostialdea, Guipúzcoa",1996,0
650000,1.0,1.0,0,30443119,65,52,Donostia-San Sebastián,"Donostialdea, Guipúzcoa",1996,0
485000,2.0,3.0,0,82673209,100,98,Donostia-San Sebastián,"Donostialdea, Guipúzcoa",,0
760000,2.0,3.0,0,82900596,123,,Donostia-San Sebastián,"Donostialdea, Guipúzcoa",,0
450000,1.0,2.0,0,82344023,60,54,Donostia-San Sebastián,"Donostialdea, Guipúzcoa",,0
985000,2.0,5.0,0,26804932,190,160,Donostia-San Sebastián,"Donostialdea, Guipúzcoa",,0
390000,1.0,1.0,8,83968960,62,55,Donostia-San Sebastián,"Donostialdea, Guipúzcoa",,0
550000,1.0,1.0,0,84594358,45,38,Donostia-San Sebastián,"Donostialdea, Guipúzcoa",1900,0
850000,3.0,4.0,0,83031972,120,104,Donostia-San Sebastián,"Donostialdea, Guipúzcoa",1971,0
390000,2.0,2.0,0,83064585,55,,Donostia-San Sebastián,"Donostialdea, Guipúzcoa",1970,0
450000,1.0,1.0,8,83557441,59,41,Donostia-San Sebastián,"Donostialdea, Guipúzcoa",1933,0
435000,1.0,1.0,0,83664326,47,,Donostia-San Sebastián,"Donostialdea, Guipúzcoa",1925,0
850000,3.0,4.0,0,84040258,105,,Donostia-San Sebastián,"Donostialdea, Guipúzcoa",1971,0
810000,2.0,4.0,0,84267285,138,105,Donostia-San Sebastián,"Donostialdea, Guipúzcoa",,0
750000,2.0,3.0,0,82196109,106,93,Donostia-San Sebastián,"Donostialdea, Guipúzcoa",1900,0
1250000,2.0,3.0,8,82935831,125,111,Donostia-San Sebastián,"Donostialdea, Guipúzcoa",2002,0
525000,2.0,2.0,0,83270191,84,72,Donostia-San Sebastián,"Donostialdea, Guipúzcoa",1915,0
710000,2.0,3.0,0,83756870,140,,Donostia-San Sebastián,"Donostialdea, Guipúzcoa",1930,0
850000,2.0,3.0,0,84399462,142,125,Donostia-San Sebastián,"Donostialdea, Guipúzcoa",1905,0
250000,1.0,3.0,0,36389435,77,,Donostia-San Sebastián,"Donostialdea, Guipúzcoa",,0
530000,1.0,1.0,8,38805373,45,42,Donostia-San Sebastián,"Donostialdea, Guipúzcoa",,0
985000,2.0,5.0,0,38836015,190,160,Donostia-San Sebastián,"Donostialdea, Guipúzcoa",,0
1270000,3.0,3.0,8,83258068,160,140,Donostia-San Sebastián,"Donostialdea, Guipúzcoa",2006,0
450000,1.0,1.0,0,83953214,35,,Donostia-San Sebastián,"Donostialdea, Guipúzcoa",,0
750000,2.0,3.0,0,84073397,100,94,Donostia-San Sebastián,"Donostialdea, Guipúzcoa",,0
653000,2.0,3.0,3,84344568,150,145,Donostia-San Sebastián,"Donostialdea, Guipúzcoa",,0
980000,2.0,5.0,0,32373055,195,,Donostia-San Sebastián,"Donostialdea, Guipúzcoa",,0
950000,0.0,0.0,0,82672815,164,,Donostia-San Sebastián,"Donostialdea, Guipúzcoa",,0
749000,2.0,3.0,0,82851503,95,90,Donostia-San Sebastián,"Donostialdea, Guipúzcoa",,0
450000,1.0,2.0,0,82900598,75,,Donostia-San Sebastián,"Donostialdea, Guipúzcoa",,0
690000,3.0,3.0,0,83485560,90,77,Donostia-San Sebastián,"Donostialdea, Guipúzcoa",1970,0
980000,2.0,2.0,0,84398998,127,115,Donostia-San Sebastián,"Donostialdea, Guipúzcoa",,0
760000,2.0,3.0,0,84460838,110,85,Donostia-San Sebastián,"Donostialdea, Guipúzcoa",2008,0
730000,2.0,3.0,0,84611751,135,125,Donostia-San Sebastián,"Donostialdea, Guipúzcoa",,1
1100000,2.0,3.0,0,84800506,130,123,Donostia-San Sebastián,"Donostialdea, Guipúzcoa",1986,0
335000,1.0,2.0,0,40144433,60,,Donostia-San Sebastián,"Donostialdea, Guipúzcoa",,0
230000,1.0,2.0,0,38867428,50,45,Donostia-San Sebastián,"Donostialdea, Guipúzcoa",1920,0
320000,1.0,1.0,8,39105870,67,60,Donostia-San Sebastián,"Donostialdea, Guipúzcoa",1900,0
1500000,2.0,3.0,0,39398658,122,,Donostia-San Sebastián,"Donostialdea, Guipúzcoa",1985,1
550000,1.0,1.0,8,37521222,45,40,Donostia-San Sebastián,"Donostialdea, Guipúzcoa",1900,0
420000,1.0,1.0,8,82008876,52,45,Donostia-San Sebastián,"Donostialdea, Guipúzcoa",1905,0
890000,2.0,3.0,0,83577182,127,114,Donostia-San Sebastián,"Donostialdea, Guipúzcoa",1922,0
1050000,2.0,3.0,0,84778466,112,97,Donostia-San Sebastián,"Donostialdea, Guipúzcoa",1986,0
640000,2.0,2.0,0,84826547,100,80,Donostia-San Sebastián,"Donostialdea, Guipúzcoa",1950,0
650000,1.0,1.0,0,35051771,65,,Donostia-San Sebastián,"Donostialdea, Guipúzcoa",2008,0
410000,2.0,1.0,0,81830150,62,48,Donostia-San Sebastián,"Donostialdea, Guipúzcoa",2009,0
380000,2.0,2.0,0,83723217,60,55,Donostia-San Sebastián,"Donostialdea, Guipúzcoa",1970,0
315000,1.0,3.0,0,84391821,98,59,Donostia-San Sebastián,"Donostialdea, Guipúzcoa",1969,0
595000,3.0,4.0,0,1484743,133,117,Donostia-San Sebastián,"Donostialdea, Guipúzcoa",1986,1
355000,1.0,1.0,8,38696602,30,28,Donostia-San Sebastián,"Donostialdea, Guipúzcoa",1912,0
550000,1.0,1.0,0,81188531,40,35,Donostia-San Sebastián,"Donostialdea, Guipúzcoa",,0
380000,2.0,1.0,0,83646242,60,55,Donostia-San Sebastián,"Donostialdea, Guipúzcoa",1970,0
950000,2.0,3.0,0,84147191,132,115,Donostia-San Sebastián,"Donostialdea, Guipúzcoa",1987,1
690000,3.0,3.0,0,84602084,86,77,Donostia-San Sebastián,"Donostialdea, Guipúzcoa",1970,0
419000,1.0,2.0,0,84827981,70,64,Donostia-San Sebastián,"Donostialdea, Guipúzcoa",1900,0
760000,2.0,3.0,0,81952695,109,84,Donostia-San Sebastián,"Donostialdea, Guipúzcoa",,0
1030000,2.0,2.0,8,82970020,125,110,Donostia-San Sebastián,"Donostialdea, Guipúzcoa",,0
939000,2.0,3.0,0,83091461,140,,Donostia-San Sebastián,"Donostialdea, Guipúzcoa",,0
570000,2.0,3.0,0,84682169,105,103,Donostia-San Sebastián,"Donostialdea, Guipúzcoa",,0
430000,1.0,2.0,0,40415803,80,71,Donostia-San Sebastián,"Donostialdea, Guipúzcoa",1900,0
1500000,2.0,2.0,0,81485676,107,102,Donostia-San Sebastián,"Donostialdea, Guipúzcoa",1985,0
985000,2.0,5.0,0,82404947,190,160,Donostia-San Sebastián,"Donostialdea, Guipúzcoa",1905,0
650000,2.0,2.0,0,82655270,90,87,Donostia-San Sebastián,"Donostialdea, Guipúzcoa",1950,0
950000,2.0,5.0,0,83305274,140,,Donostia-San Sebastián,"Donostialdea, Guipúzcoa",,0
650000,1.0,2.0,8,84084979,82,75,Donostia-San Sebastián,"Donostialdea, Guipúzcoa",,0
350000,2.0,3.0,0,84801574,85,84,Donostia-San Sebastián,"Donostialdea, Guipúzcoa",,1
500000,1.0,2.0,0,81886118,60,52,Donostia-San Sebastián,"Donostialdea, Guipúzcoa",,0
550000,2.0,4.0,0,32869369,110,,Donostia-San Sebastián,"Donostialdea, Guipúzcoa",,0
620000,1.0,2.0,0,81948885,70,65,Donostia-San Sebastián,"Donostialdea, Guipúzcoa",1908,0
320000,1.0,2.0,0,82365559,70,60,Donostia-San Sebastián,"Donostialdea, Guipúzcoa",,0
320000,1.0,2.0,0,38312406,77,67,Donostia-San Sebastián,"Donostialdea, Guipúzcoa",,0
680000,2.0,2.0,0,84227456,110,97,Donostia-San Sebastián,"Donostialdea, Guipúzcoa",1900,0
760000,2.0,3.0,0,84264501,110,90,Donostia-San Sebastián,"Donostialdea, Guipúzcoa",2004,0
380000,1.0,3.0,0,84555761,65,60,Donostia-San Sebastián,"Donostialdea, Guipúzcoa",1910,0
1000000,2.0,4.0,0,82376875,164,140,Donostia-San Sebastián,"Donostialdea, Guipúzcoa",,0
1700000,4.0,5.0,4,36124869,320,277,Donostia-San Sebastián,"Donostialdea, Guipúzcoa",,1
935000,2.0,3.0,0,82006875,125,105,Donostia-San Sebastián,"Donostialdea, Guipúzcoa",1984,1
325000,1.0,1.0,0,83284715,44,43,Donostia-San Sebastián,"Donostialdea, Guipúzcoa",,0
730000,2.0,3.0,0,84563666,135,125,Donostia-San Sebastián,"Donostialdea, Guipúzcoa",1984,1
660000,2.0,2.0,0,82333749,74,,Donostia-San Sebastián,"Donostialdea, Guipúzcoa",,0
939000,1.0,3.0,0,83025545,140,121,Donostia-San Sebastián,"Donostialdea, Guipúzcoa",,0
1050000,2.0,4.0,0,83769653,150,125,Donostia-San Sebastián,"Donostialdea, Guipúzcoa",1986,0
1500000,2.0,3.0,0,39158421,122,105,Donostia-San Sebastián,"Donostialdea, Guipúzcoa",1985,0
870000,2.0,4.0,0,83349375,117,107,Donostia-San Sebastián,"Donostialdea, Guipúzcoa",1900,0
710000,2.0,3.0,0,83491427,140,,Donostia-San Sebastián,"Donostialdea, Guipúzcoa",1930,0
380000,1.0,3.0,0,84523321,70,60,Donostia-San Sebastián,"Donostialdea, Guipúzcoa",,0
1190000,2.0,3.0,0,84791968,98,90,Donostia-San Sebastián,"Donostialdea, Guipúzcoa",,1
640000,2.0,2.0,0,82649275,80,70,Donostia-San Sebastián,"Donostialdea, Guipúzcoa",1930,0
590000,2.0,3.0,0,30342709,80,70,Donostia-San Sebastián,"Donostialdea, Guipúzcoa",1990,1
1270000,2.0,3.0,0,83488262,160,,Donostia-San Sebastián,"Donostialdea, Guipúzcoa",2006,0
960000,3.0,4.0,0,83750751,118,105,Donostia-San Sebastián,"Donostialdea, Guipúzcoa",,1
2900000,3.0,4.0,0,37181508,180,170,Donostia-San Sebastián,"Donostialdea, Guipúzcoa",,0
640000,2.0,2.0,8,40346723,80,70,Donostia-San Sebastián,"Donostialdea, Guipúzcoa",,0
1800000,4.0,5.0,4,29283408,320,277,Donostia-San Sebastián,"Donostialdea, Guipúzcoa",,0
950000,2.0,3.0,0,82825530,132,115,Donostia-San Sebastián,"Donostialdea, Guipúzcoa",1987,1
2050000,2.0,5.0,0,83532026,235,214,Donostia-San Sebastián,"Donostialdea, Guipúzcoa",1920,1
1650000,2.0,3.0,0,84346617,145,125,Donostia-San Sebastián,"Donostialdea, Guipúzcoa",1992,1
1100000,3.0,4.0,0,32227820,174,,Donostia-San Sebastián,"Donostialdea, Guipúzcoa",,0
320000,1.0,1.0,8,38908417,67,60,Donostia-San Sebastián,"Donostialdea, Guipúzcoa",,0
550000,1.0,1.0,8,39720520,48,40,Donostia-San Sebastián,"Donostialdea, Guipúzcoa",1900,0
475000,2.0,2.0,0,81487957,103,89,Donostia-San Sebastián,"Donostialdea, Guipúzcoa",,0
850000,2.0,3.0,0,81728753,120,110,Donostia-San Sebastián,"Donostialdea, Guipúzcoa",1998,1
1500000,2.0,3.0,0,81980446,122,105,Donostia-San Sebastián,"Donostialdea, Guipúzcoa",1985,1
710000,2.0,3.0,0,82396140,140,112,Donostia-San Sebastián,"Donostialdea, Guipúzcoa",1930,0
320000,1.0,2.0,0,39486046,80,67,Donostia-San Sebastián,"Donostialdea, Guipúzcoa",,0
850000,2.0,3.0,0,84197281,135,130,Donostia-San Sebastián,"Donostialdea, Guipúzcoa",1905,0
640000,2.0,2.0,0,37151102,75,70,Donostia-San Sebastián,"Donostialdea, Guipúzcoa",1930,0
1500000,2.0,2.0,0,39345857,120,105,Donostia-San Sebastián,"Donostialdea, Guipúzcoa",1985,1
950000,1.0,6.0,0,82478089,200,187,Donostia-San Sebastián,"Donostialdea, Guipúzcoa",1906,0
1400000,3.0,4.0,6,84398995,295,210,Donostia-San Sebastián,"Donostialdea, Guipúzcoa",1921,0
850000,2.0,4.0,0,84547697,162,132,Donostia-San Sebastián,"Donostialdea, Guipúzcoa",1900,0
570000,1.0,2.0,0,84797847,95,83,Donostia-San Sebastián,"Donostialdea, Guipúzcoa",1973,0
650000,1.0,1.0,0,36818096,65,55,Donostia-San Sebastián,"Donostialdea, Guipúzcoa",,0
775000,2.0,3.0,0,81435433,121,110,Donostia-San Sebastián,"Donostialdea, Guipúzcoa",1993,1
950000,2.0,6.0,0,82659757,192,182,Donostia-San Sebastián,"Donostialdea, Guipúzcoa",1906,0
248600,1.0,2.0,0,84675463,59,,Donostia-San Sebastián,"Donostialdea, Guipúzcoa",,0
250000,1.0,3.0,8,33519614,77,70,Donostia-San Sebastián,"Donostialdea, Guipúzcoa",1958,0
3700000,4.0,9.0,0,81607117,400,340,Donostia-San Sebastián,"Donostialdea, Guipúzcoa",,0
1200000,2.0,5.0,0,83658650,200,195,Donostia-San Sebastián,"Donostialdea, Guipúzcoa",1900,0
2700000,3.0,4.0,0,81521620,228,198,Donostia-San Sebastián,"Donostialdea, Guipúzcoa",1966,0
640000,2.0,2.0,8,84682401,80,70,Donostia-San Sebastián,"Donostialdea, Guipúzcoa",1930,0
950000,1.0,6.0,0,84683963,200,190,Donostia-San Sebastián,"Donostialdea, Guipúzcoa",1903,0
760000,2.0,3.0,0,81983037,107,87,Donostia-San Sebastián,"Donostialdea, Guipúzcoa",,0
1300000,2.0,5.0,0,83549336,210,200,Donostia-San Sebastián,"Donostialdea, Guipúzcoa",1930,0
750000,2.0,3.0,0,84361644,120,93,Donostia-San Sebastián,"Donostialdea, Guipúzcoa",2017,1
1875000,4.0,5.0,6,36319671,235,225,Donostia-San Sebastián,"Donostialdea, Guipúzcoa",,1
475000,2.0,2.0,0,40563759,102,87,Donostia-San Sebastián,"Donostialdea, Guipúzcoa",1907,0
1750000,3.0,3.0,0,32555577,164,,Donostia-San Sebastián,"Donostialdea, Guipúzcoa",1969,0
1690000,3.0,3.0,0,82856654,172,152,Donostia-San Sebastián,"Donostialdea, Guipúzcoa",,0
625000,1.0,1.0,0,83642322,57,47,Donostia-San Sebastián,"Donostialdea, Guipúzcoa",1984,0
850000,2.0,3.0,0,84114990,140,120,Donostia-San Sebastián,"Donostialdea, Guipúzcoa",1900,0
450000,1.0,2.0,0,84157324,70,60,Donostia-San Sebastián,"Donostialdea, Guipúzcoa",1900,0
248600,1.0,2.0,0,84675482,59,,Donostia-San Sebastián,"Donostialdea, Guipúzcoa",,0
415000,1.0,2.0,0,38985594,85,75,Donostia-San Sebastián,"Donostialdea, Guipúzcoa",1900,0
675000,2.0,2.0,0,38674670,81,70,Donostia-San Sebastián,"Donostialdea, Guipúzcoa",1976,0
540000,2.0,2.0,0,40206007,64,55,Donostia-San Sebastián,"Donostialdea, Guipúzcoa",2004,0
950000,4.0,5.0,0,82165165,200,195,Donostia-San Sebastián,"Donostialdea, Guipúzcoa",1906,0
1200000,2.0,4.0,0,84386814,210,190,Donostia-San Sebastián,"Donostialdea, Guipúzcoa",1910,0
595000,1.0,2.0,0,84411995,99,75,Donostia-San Sebastián,"Donostialdea, Guipúzcoa",1910,0
550000,2.0,4.0,0,84868476,120,101,Donostia-San Sebastián,"Donostialdea, Guipúzcoa",1950,0
775000,2.0,3.0,0,33784909,150,120,Donostia-San Sebastián,"Donostialdea, Guipúzcoa",1993,1
326000,1.0,3.0,0,83875184,65,58,Donostia-San Sebastián,"Donostialdea, Guipúzcoa",,0
870000,2.0,2.0,0,84700869,105,101,Donostia-San Sebastián,"Donostialdea, Guipúzcoa",1986,0
650000,2.0,2.0,8,40577934,70,60,Donostia-San Sebastián,"Donostialdea, Guipúzcoa",2002,0
249000,1.0,1.0,0,84861944,32,28,Donostia-San Sebastián,"Donostialdea, Guipúzcoa",1905,0
1875000,4.0,5.0,8,40547559,230,214,Donostia-San Sebastián,"Donostialdea, Guipúzcoa",1986,1
1675000,2.0,3.0,0,83716667,144,,Donostia-San Sebastián,"Donostialdea, Guipúzcoa",,1
730000,2.0,5.0,0,84437055,147,130,Donostia-San Sebastián,"Donostialdea, Guipúzcoa",,0
530000,1.0,3.0,0,84263406,85,75,Donostia-San Sebastián,"Donostialdea, Guipúzcoa",1930,1
640000,2.0,2.0,8,84664254,80,70,Donostia-San Sebastián,"Donostialdea, Guipúzcoa",,0
590000,2.0,3.0,0,30507783,95,80,Donostia-San Sebastián,"Donostialdea, Guipúzcoa",,1
1250000,2.0,4.0,0,37402281,165,145,Donostia-San Sebastián,"Donostialdea, Guipúzcoa",,0
450000,1.0,2.0,0,83678813,70,68,Donostia-San Sebastián,"Donostialdea, Guipúzcoa",1920,0
400000,1.0,2.0,0,82358941,86,70,Donostia-San Sebastián,"Donostialdea, Guipúzcoa",1954,0
985000,2.0,5.0,0,82806448,160,138,Donostia-San Sebastián,"Donostialdea, Guipúzcoa",,0
1100000,3.0,5.0,6,31128635,192,175,Donostia-San Sebastián,"Donostialdea, Guipúzcoa",,0
310000,1.0,2.0,0,82757953,55,,Donostia-San Sebastián,"Donostialdea, Guipúzcoa",1953,0
670000,1.0,1.0,0,83602223,65,52,Donostia-San Sebastián,"Donostialdea, Guipúzcoa",1994,0
1200000,2.0,4.0,0,82582784,179,155,Donostia-San Sebastián,"Donostialdea, Guipúzcoa",1950,0
790000,2.0,3.0,0,84287387,105,104,Donostia-San Sebastián,"Donostialdea, Guipúzcoa",1905,0
475000,2.0,3.0,0,82917643,105,87,Donostia-San Sebastián,"Donostialdea, Guipúzcoa",1900,0
985000,2.0,5.0,0,31722736,190,160,Donostia-San Sebastián,"Donostialdea, Guipúzcoa",,0
550000,1.0,1.0,8,37516765,42,,Donostia-San Sebastián,"Donostialdea, Guipúzcoa",,0
1200000,2.0,4.0,0,84382014,210,180,Donostia-San Sebastián,"Donostialdea, Guipúzcoa",,0
320000,1.0,2.0,0,39465220,67,,Donostia-San Sebastián,"Donostialdea, Guipúzcoa",,0
355000,1.0,1.0,8,39767904,28,27,Donostia-San Sebastián,"Donostialdea, Guipúzcoa",,0
1500000,2.0,3.0,0,40227698,122,105,Donostia-San Sebastián,"Donostialdea, Guipúzcoa",,1
380000,2.0,2.0,0,83649047,55,,Donostia-San Sebastián,"Donostialdea, Guipúzcoa",,0
980000,2.0,5.0,0,84591234,145,125,Donostia-San Sebastián,"Donostialdea, Guipúzcoa",1900,0
380000,2.0,1.0,0,33852361,74,63,Donostia-San Sebastián,"Donostialdea, Guipúzcoa",1970,0
1100000,2.0,4.0,6,84153776,160,145,Donostia-San Sebastián,"Donostialdea, Guipúzcoa",1900,0
419000,1.0,2.0,0,84857074,70,64,Donostia-San Sebastián,"Donostialdea, Guipúzcoa",1900,0
1250000,3.0,5.0,0,84756395,160,135,Donostia-San Sebastián,"Donostialdea, Guipúzcoa",1963,1
985000,2.0,6.0,0,32402975,160,133,Donostia-San Sebastián,"Donostialdea, Guipúzcoa",,0
1500000,2.0,3.0,0,38929973,122,105,Donostia-San Sebastián,"Donostialdea, Guipúzcoa",1985,1
1350000,2.0,5.0,0,36337270,190,162,Donostia-San Sebastián,"Donostialdea, Guipúzcoa",1965,0
530000,1.0,1.0,8,37819600,42,40,Donostia-San Sebastián,"Donostialdea, Guipúzcoa",2005,0
530000,1.0,3.0,0,38160907,85,81,Donostia-San Sebastián,"Donostialdea, Guipúzcoa",,1
380000,1.0,1.0,0,82337078,55,50,Donostia-San Sebastián,"Donostialdea, Guipúzcoa",,0
495000,2.0,2.0,0,84809931,96,84,Donostia-San Sebastián,"Donostialdea, Guipúzcoa",1944,0
1200000,2.0,5.0,0,83079534,210,200,Donostia-San Sebastián,"Donostialdea, Guipúzcoa",1900,0
710000,2.0,3.0,0,81268364,140,112,Donostia-San Sebastián,"Donostialdea, Guipúzcoa",,0
469000,2.0,2.0,0,82833164,70,65,Donostia-San Sebastián,"Donostialdea, Guipúzcoa",,0
469000,2.0,2.0,0,83190755,70,65,Donostia-San Sebastián,"Donostialdea, Guipúzcoa",,0
425000,1.0,1.0,0,84667047,47,42,Donostia-San Sebastián,"Donostialdea, Guipúzcoa",,0
1750000,3.0,3.0,0,35426735,128,,Donostia-San Sebastián,"Donostialdea, Guipúzcoa",,0
690000,3.0,3.0,0,83563267,90,70,Donostia-San Sebastián,"Donostialdea, Guipúzcoa",,0
1050000,2.0,3.0,0,36344367,112,84,Donostia-San Sebastián,"Donostialdea, Guipúzcoa",1986,0
1230000,2.0,3.0,0,84087913,97,91,Donostia-San Sebastián,"Donostialdea, Guipúzcoa",1987,1
850000,3.0,5.0,0,84265758,151,135,Donostia-San Sebastián,"Donostialdea, Guipúzcoa",1957,0
400000,2.0,2.0,0,81291872,95,90,Donostia-San Sebastián,"Donostialdea, Guipúzcoa",,0
675000,2.0,2.0,0,38783946,72,67,Donostia-San Sebastián,"Donostialdea, Guipúzcoa",1976,0
1100000,2.0,4.0,0,84852879,200,165,Donostia-San Sebastián,"Donostialdea, Guipúzcoa",,0
650000,1.0,1.0,8,39823333,87,75,Donostia-San Sebastián,"Donostialdea, Guipúzcoa",,0
440000,1.0,2.0,0,26001820,55,50,Donostia-San Sebastián,"Donostialdea, Guipúzcoa",1970,1
745000,2.0,4.0,0,84035781,140,116,Donostia-San Sebastián,"Donostialdea, Guipúzcoa",1992,1
898000,3.0,4.0,6,35876328,190,160,Donostia-San Sebastián,"Donostialdea, Guipúzcoa",1989,1
1175000,3.0,4.0,6,40134714,155,124,Donostia-San Sebastián,"Donostialdea, Guipúzcoa",,1
354400,1.0,1.0,0,82253218,38,,Donostia-San Sebastián,"Donostialdea, Guipúzcoa",,0
640000,2.0,2.0,0,37081080,85,70,Donostia-San Sebastián,"Donostialdea, Guipúzcoa",1930,0
1170000,3.0,3.0,0,82990719,139,116,Donostia-San Sebastián,"Donostialdea, Guipúzcoa",1976,1
350000,2.0,3.0,0,82568869,85,70,Donostia-San Sebastián,"Donostialdea, Guipúzcoa",,1
590000,2.0,3.0,0,32965108,88,70,Donostia-San Sebastián,"Donostialdea, Guipúzcoa",1998,1
420000,1.0,2.0,0,84565566,70,60,Donostia-San Sebastián,"Donostialdea, Guipúzcoa",1900,0
1650000,3.0,5.0,0,83571194,317,260,Donostia-San Sebastián,"Donostialdea, Guipúzcoa",1900,0
675000,2.0,2.0,0,83521903,72,68,Donostia-San Sebastián,"Donostialdea, Guipúzcoa",1976,0
355000,1.0,1.0,0,38678201,38,35,Donostia-San Sebastián,"Donostialdea, Guipúzcoa",,0
550000,1.0,1.0,0,38740610,40,35,Donostia-San Sebastián,"Donostialdea, Guipúzcoa",,0
450000,1.0,1.0,8,83576294,65,56,Donostia-San Sebastián,"Donostialdea, Guipúzcoa",1940,0
450000,1.0,2.0,0,81582125,75,58,Donostia-San Sebastián,"Donostialdea, Guipúzcoa",1999,0
850000,2.0,3.0,0,84326011,130,125,Donostia-San Sebastián,"Donostialdea, Guipúzcoa",,0
840000,2.0,3.0,0,36273973,151,127,Donostia-San Sebastián,"Donostialdea, Guipúzcoa",,0
1500000,4.0,4.0,0,32479689,310,282,Donostia-San Sebastián,"Donostialdea, Guipúzcoa",1989,1
1800000,3.0,4.0,0,33435794,175,157,Donostia-San Sebastián,"Donostialdea, Guipúzcoa",1905,0
335000,1.0,2.0,0,84363703,85,75,Donostia-San Sebastián,"Donostialdea, Guipúzcoa",,0
370000,1.0,2.0,0,84565569,72,64,Donostia-San Sebastián,"Donostialdea, Guipúzcoa",1900,0
355000,1.0,1.0,0,84833586,67,65,Donostia-San Sebastián,"Donostialdea, Guipúzcoa",,0
1250000,2.0,2.0,0,38719849,100,92,Donostia-San Sebastián,"Donostialdea, Guipúzcoa",,1
288000,1.0,3.0,0,84359094,73,68,Donostia-San Sebastián,"Donostialdea, Guipúzcoa",1930,0
999000,2.0,3.0,0,40133764,140,126,Donostia-San Sebastián,"Donostialdea, Guipúzcoa",,0
355000,1.0,1.0,8,82042909,42,39,Donostia-San Sebastián,"Donostialdea, Guipúzcoa",1912,0
350000,2.0,3.0,0,83577181,95,85,Donostia-San Sebastián,"Donostialdea, Guipúzcoa",1974,1
690000,3.0,3.0,0,83623990,90,78,Donostia-San Sebastián,"Donostialdea, Guipúzcoa",1970,0
1250000,2.0,4.0,0,35911390,166,144,Donostia-San Sebastián,"Donostialdea, Guipúzcoa",1900,0
760000,2.0,3.0,6,81582123,123,97,Donostia-San Sebastián,"Donostialdea, Guipúzcoa",1999,0
315000,1.0,3.0,0,81611553,95,72,Donostia-San Sebastián,"Donostialdea, Guipúzcoa",1923,0
830000,3.0,4.0,0,82810947,130,109,Donostia-San Sebastián,"Donostialdea, Guipúzcoa",1969,0
365000,1.0,4.0,0,84200500,80,73,Donostia-San Sebastián,"Donostialdea, Guipúzcoa",1900,0
750000,2.0,4.0,0,84150069,130,124,Donostia-San Sebastián,"Donostialdea, Guipúzcoa",1900,0
1500000,2.0,2.0,0,83638234,122,,Donostia-San Sebastián,"Donostialdea, Guipúzcoa",1985,1
485000,1.0,1.0,0,84741463,65,56,Donostia-San Sebastián,"Donostialdea, Guipúzcoa",1941,0
850000,2.0,3.0,0,84227563,127,125,Donostia-San Sebastián,"Donostialdea, Guipúzcoa",1905,0
990000,2.0,3.0,0,84622072,110,90,Donostia-San Sebastián,"Donostialdea, Guipúzcoa",1908,0
665000,2.0,2.0,0,84331325,75,65,Donostia-San Sebastián,"Donostialdea, Guipúzcoa",,0
735000,2.0,2.0,0,84331328,74,64,Donostia-San Sebastián,"Donostialdea, Guipúzcoa",,0
750000,2.0,3.0,0,83851282,108,94,Donostia-San Sebastián,"Donostialdea, Guipúzcoa",1900,0
1790000,3.0,4.0,0,84791425,178,160,Donostia-San Sebastián,"Donostialdea, Guipúzcoa",,1
650000,2.0,3.0,0,84089996,109,,Donostia-San Sebastián,"Donostialdea, Guipúzcoa",,0
625000,1.0,1.0,0,84698633,57,47,Donostia-San Sebastián,"Donostialdea, Guipúzcoa",1984,0
935000,2.0,3.0,0,84755788,115,105,Donostia-San Sebastián,"Donostialdea, Guipúzcoa",1984,1
2100000,2.0,4.0,0,37326769,200,167,Donostia-San Sebastián,"Donostialdea, Guipúzcoa",,0
760000,2.0,3.0,0,83585684,110,90,Donostia-San Sebastián,"Donostialdea, Guipúzcoa",2008,0
1050000,2.0,4.0,0,83745325,147,122,Donostia-San Sebastián,"Donostialdea, Guipúzcoa",1986,0
850000,2.0,2.0,0,84396368,96,86,Donostia-San Sebastián,"Donostialdea, Guipúzcoa",,0
390000,1.0,2.0,6,84399009,70,60,Donostia-San Sebastián,"Donostialdea, Guipúzcoa",1918,0
1200000,2.0,5.0,0,84437107,210,200,Donostia-San Sebastián,"Donostialdea, Guipúzcoa",1900,0
810000,2.0,3.0,0,84396364,130,115,Donostia-San Sebastián,"Donostialdea, Guipúzcoa",,0
610000,1.0,2.0,8,32774116,80,60,Donostia-San Sebastián,"Donostialdea, Guipúzcoa",,0
750000,2.0,3.0,0,35034106,98,83,Donostia-San Sebastián,"Donostialdea, Guipúzcoa",1900,0
1044000,4.0,4.0,6,84386848,230,200,Donostia-San Sebastián,"Donostialdea, Guipúzcoa",1975,1
1350000,2.0,4.0,0,37639139,180,162,Donostia-San Sebastián,"Donostialdea, Guipúzcoa",1965,0
3700000,4.0,9.0,0,38805533,390,342,Donostia-San Sebastián,"Donostialdea, Guipúzcoa",1929,0
1500000,2.0,3.0,0,39736992,127,,Donostia-San Sebastián,"Donostialdea, Guipúzcoa",,1
795000,2.0,3.0,0,82738870,85,79,Donostia-San Sebastián,"Donostialdea, Guipúzcoa",1985,0
1350000,2.0,3.0,0,82926446,145,129,Donostia-San Sebastián,"Donostialdea, Guipúzcoa",,1
380000,1.0,1.0,0,83414857,45,40,Donostia-San Sebastián,"Donostialdea, Guipúzcoa",1970,0
2100000,2.0,5.0,0,84386847,213,,Donostia-San Sebastián,"Donostialdea, Guipúzcoa",,1
935000,2.0,3.0,0,84564411,120,105,Donostia-San Sebastián,"Donostialdea, Guipúzcoa",1984,1
1270000,3.0,2.0,6,84358601,160,140,Donostia-San Sebastián,"Donostialdea, Guipúzcoa",2006,0
625000,1.0,1.0,0,84525261,57,47,Donostia-San Sebastián,"Donostialdea, Guipúzcoa",1984,0
1300000,3.0,4.0,0,83761162,140,124,Donostia-San Sebastián,"Donostialdea, Guipúzcoa",,0
1500000,2.0,2.0,0,40346295,122,105,Donostia-San Sebastián,"Donostialdea, Guipúzcoa",1985,1
795000,2.0,3.0,0,83344432,120,100,Donostia-San Sebastián,"Donostialdea, Guipúzcoa",1915,0
2160000,3.0,5.0,0,84502491,330,288,Donostia-San Sebastián,"Donostialdea, Guipúzcoa",1919,0
1200000,2.0,4.0,0,81620487,210,190,Donostia-San Sebastián,"Donostialdea, Guipúzcoa",1910,0
1250000,2.0,4.0,0,83045714,165,145,Donostia-San Sebastián,"Donostialdea, Guipúzcoa",,0
230000,1.0,2.0,0,38809902,50,46,Donostia-San Sebastián,"Donostialdea, Guipúzcoa",,0
320000,1.0,2.0,0,38877009,70,67,Donostia-San Sebastián,"Donostialdea, Guipúzcoa",,0
950000,2.0,3.0,0,39848251,135,120,Donostia-San Sebastián,"Donostialdea, Guipúzcoa",1987,1
745000,2.0,4.0,0,84037128,120,111,Donostia-San Sebastián,"Donostialdea, Guipúzcoa",1992,1
1175000,3.0,4.0,6,39482120,155,123,Donostia-San Sebastián,"Donostialdea, Guipúzcoa",1996,1
690000,3.0,3.0,0,84546564,90,78,Donostia-San Sebastián,"Donostialdea, Guipúzcoa",1970,0
1500000,2.0,2.0,0,81278736,122,105,Donostia-San Sebastián,"Donostialdea, Guipúzcoa",1985,1
350000,2.0,3.0,0,83389517,85,73,Donostia-San Sebastián,"Donostialdea, Guipúzcoa",1974,1
335000,1.0,2.0,0,84447613,50,40,Donostia-San Sebastián,"Donostialdea, Guipúzcoa",1905,0
380000,1.0,2.0,0,84820003,70,67,Donostia-San Sebastián,"Donostialdea, Guipúzcoa",1910,0
354000,1.0,1.0,8,84507881,40,34,Donostia-San Sebastián,"Donostialdea, Guipúzcoa",1912,0
354000,1.0,1.0,8,84131771,40,35,Donostia-San Sebastián,"Donostialdea, Guipúzcoa",1912,0
1000000,3.0,4.0,6,33868207,200,180,Donostia-San Sebastián,"Donostialdea, Guipúzcoa",1993,1
850000,2.0,2.0,0,84372111,95,83,Donostia-San Sebastián,"Donostialdea, Guipúzcoa",,0
380000,1.0,2.0,6,84391080,65,60,Donostia-San Sebastián,"Donostialdea, Guipúzcoa",,0
980000,2.0,5.0,0,27714441,185,160,Donostia-San Sebastián,"Donostialdea, Guipúzcoa",,0
280000,1.0,2.0,0,37888399,65,60,Donostia-San Sebastián,"Donostialdea, Guipúzcoa",1950,0
550000,2.0,4.0,0,82464039,110,100,Donostia-San Sebastián,"Donostialdea, Guipúzcoa",,0
1690000,3.0,3.0,0,83223209,173,152,Donostia-San Sebastián,"Donostialdea, Guipúzcoa",1979,0
950000,4.0,5.0,0,84290520,200,195,Donostia-San Sebastián,"Donostialdea, Guipúzcoa",1910,0
751000,2.0,5.0,0,84464686,147,130,Donostia-San Sebastián,"Donostialdea, Guipúzcoa",,0
650000,2.0,3.0,0,84691698,109,100,Donostia-San Sebastián,"Donostialdea, Guipúzcoa",,0
980000,2.0,2.0,0,40579401,120,115,Donostia-San Sebastián,"Donostialdea, Guipúzcoa",,0
795000,2.0,3.0,0,82956937,118,105,Donostia-San Sebastián,"Donostialdea, Guipúzcoa",,0
690000,3.0,3.0,0,83454220,90,84,Donostia-San Sebastián,"Donostialdea, Guipúzcoa",1970,0
430000,2.0,2.0,0,83592873,85,74,Donostia-San Sebastián,"Donostialdea, Guipúzcoa",1920,0
540000,2.0,2.0,0,84753302,62,55,Donostia-San Sebastián,"Donostialdea, Guipúzcoa",2004,0
535000,1.0,2.0,0,81379080,75,73,Donostia-San Sebastián,"Donostialdea, Guipúzcoa",,0
990000,2.0,3.0,0,81524779,120,97,Donostia-San Sebastián,"Donostialdea, Guipúzcoa",,0
1100000,2.0,4.0,0,34181035,168,125,Donostia-San Sebastián,"Donostialdea, Guipúzcoa",,1
1185000,2.0,3.0,0,40103745,150,129,Donostia-San Sebastián,"Donostialdea, Guipúzcoa",1965,0
1290000,2.0,4.0,0,31752699,174,154,Donostia-San Sebastián,"Donostialdea, Guipúzcoa",1919,0
1500000,2.0,3.0,0,82213497,138,120,Donostia-San Sebastián,"Donostialdea, Guipúzcoa",1905,0
1790000,2.0,4.0,0,83536354,202,,Donostia-San Sebastián,"Donostialdea, Guipúzcoa",1975,0
395000,1.0,2.0,0,37252921,65,58,Donostia-San Sebastián,"Donostialdea, Guipúzcoa",1900,0
1175000,3.0,4.0,0,82937755,171,144,Donostia-San Sebastián,"Donostialdea, Guipúzcoa",1960,0
640000,2.0,2.0,0,39781907,85,70,Donostia-San Sebastián,"Donostialdea, Guipúzcoa",,0
1700000,3.0,4.0,0,34062787,245,170,Donostia-San Sebastián,"Donostialdea, Guipúzcoa",,0
795000,2.0,3.0,0,38443787,105,97,Donostia-San Sebastián,"Donostialdea, Guipúzcoa",2002,0
1600000,5.0,5.0,10,25079083,385,265,Donostia-San Sebastián,"Donostialdea, Guipúzcoa",,1
390000,1.0,3.0,0,84592474,90,79,Donostia-San Sebastián,"Donostialdea, Guipúzcoa",1947,0
530000,1.0,3.0,0,40562071,85,81,Donostia-San Sebastián,"Donostialdea, Guipúzcoa",,1
2050000,2.0,5.0,0,83900542,220,114,Donostia-San Sebastián,"Donostialdea, Guipúzcoa",1920,1
533000,1.0,1.0,0,83902176,80,70,Donostia-San Sebastián,"Donostialdea, Guipúzcoa",,0
2200000,3.0,11.0,0,83735954,275,258,Donostia-San Sebastián,"Donostialdea, Guipúzcoa",1905,0
590000,2.0,3.0,0,84634416,88,83,Donostia-San Sebastián,"Donostialdea, Guipúzcoa",2015,1
475000,2.0,3.0,0,84290509,105,88,Donostia-San Sebastián,"Donostialdea, Guipúzcoa",1910,0
760000,2.0,4.0,0,82713998,110,95,Donostia-San Sebastián,"Donostialdea, Guipúzcoa",1960,1
795000,2.0,3.0,0,83006416,89,79,Donostia-San Sebastián,"Donostialdea, Guipúzcoa",,0
469000,2.0,2.0,0,84158669,70,65,Donostia-San Sebastián,"Donostialdea, Guipúzcoa",,0
775000,2.0,3.0,0,30536750,124,103,Donostia-San Sebastián,"Donostialdea, Guipúzcoa",1993,1
850000,2.0,4.0,0,84249433,140,130,Donostia-San Sebastián,"Donostialdea, Guipúzcoa",,0
425000,2.0,2.0,0,83598754,76,,Donostia-San Sebastián,"Donostialdea, Guipúzcoa",1905,0
440000,1.0,1.0,0,81207873,52,49,Donostia-San Sebastián,"Donostialdea, Guipúzcoa",1976,0
650000,2.0,3.0,0,83719845,110,95,Donostia-San Sebastián,"Donostialdea, Guipúzcoa",,0
675000,2.0,2.0,0,81507945,75,68,Donostia-San Sebastián,"Donostialdea, Guipúzcoa",1976,0
760000,2.0,3.0,0,82794700,110,85,Donostia-San Sebastián,"Donostialdea, Guipúzcoa",2008,0
price,0.0,0.0,11,house_id,m2_real,m2_useful,loc_city,loc_zone,construct_date,1
880000,3.0,6.0,4,82153665,276,240,Donostia-San Sebastián,"Donostialdea, Guipúzcoa",,1
285000,1.0,0.0,12,39218270,55,53,Donostia-San Sebastián,"Donostialdea, Guipúzcoa",,0
595000,1.0,2.0,8,25567178,90,78,Donostia-San Sebastián,"Donostialdea, Guipúzcoa",,1
340000,2.0,2.0,0,40511993,70,,Donostia-San Sebastián,"Donostialdea, Guipúzcoa",,0
1900000,9.0,9.0,1,28441299,700,800,Donostia-San Sebastián,"Donostialdea, Guipúzcoa",,1
340000,2.0,2.0,0,83037534,74,70,Donostia-San Sebastián,"Donostialdea, Guipúzcoa",1924,0
245000,1.0,2.0,0,84452523,60,55,Donostia-San Sebastián,"Donostialdea, Guipúzcoa",1974,0
330000,2.0,2.0,0,39986619,75,70,Donostia-San Sebastián,"Donostialdea, Guipúzcoa",,0
375000,1.0,3.0,0,81973373,75,66,Donostia-San Sebastián,"Donostialdea, Guipúzcoa",,1
310000,1.0,2.0,0,84224747,88,,Donostia-San Sebastián,"Donostialdea, Guipúzcoa",,0
467000,2.0,2.0,0,34367526,78,70,Donostia-San Sebastián,"Donostialdea, Guipúzcoa",,1
310000,1.0,2.0,0,83651047,68,60,Donostia-San Sebastián,"Donostialdea, Guipúzcoa",1949,0
1000000,3.0,4.0,3,38209582,270,,Donostia-San Sebastián,"Donostialdea, Guipúzcoa",,0
237000,1.0,2.0,0,84210067,54,45,Donostia-San Sebastián,"Donostialdea, Guipúzcoa",1952,0
294000,1.0,2.0,0,39574855,61,60,Donostia-San Sebastián,"Donostialdea, Guipúzcoa",,0
340000,2.0,2.0,0,40249831,75,70,Donostia-San Sebastián,"Donostialdea, Guipúzcoa",1924,0
339000,2.0,3.0,0,81266020,75,,Donostia-San Sebastián,"Donostialdea, Guipúzcoa",,0
340000,2.0,2.0,0,83269661,75,,Donostia-San Sebastián,"Donostialdea, Guipúzcoa",,0
895000,6.0,7.0,1,37030806,1500,,Donostia-San Sebastián,"Donostialdea, Guipúzcoa",,0
162000,1.0,3.0,0,82790297,60,,Donostia-San Sebastián,"Donostialdea, Guipúzcoa",,0
310000,1.0,2.0,0,83226392,88,68,Donostia-San Sebastián,"Donostialdea, Guipúzcoa",1949,0
340000,2.0,2.0,0,40281697,70,,Donostia-San Sebastián,"Donostialdea, Guipúzcoa",,0
430000,1.0,2.0,0,83431600,85,73,Donostia-San Sebastián,"Donostialdea, Guipúzcoa",,0
1250000,5.0,6.0,1,39817106,1218,,Donostia-San Sebastián,"Donostialdea, Guipúzcoa",1972,1
538000,2.0,3.0,0,40218310,93,78,Donostia-San Sebastián,"Donostialdea, Guipúzcoa",,1
625000,2.0,3.0,0,84583010,90,82,Donostia-San Sebastián,"Donostialdea, Guipúzcoa",,1
1400000,4.0,4.0,1,34612022,646,,Donostia-San Sebastián,"Donostialdea, Guipúzcoa",1959,0
690000,5.0,7.0,3,660256,350,,Donostia-San Sebastián,"Donostialdea, Guipúzcoa",,1
510000,2.0,2.0,0,37067963,80,78,Donostia-San Sebastián,"Donostialdea, Guipúzcoa",2006,0
1190000,5.0,5.0,4,84575697,355,314,Donostia-San Sebastián,"Donostialdea, Guipúzcoa",2003,1
700000,3.0,4.0,6,81683590,180,130,Donostia-San Sebastián,"Donostialdea, Guipúzcoa",,1
390000,2.0,4.0,6,26707832,150,,Donostia-San Sebastián,"Donostialdea, Guipúzcoa",,0
342000,2.0,2.0,0,83094347,75,70,Donostia-San Sebastián,"Donostialdea, Guipúzcoa",1924,0
880000,3.0,6.0,3,31021922,40,277,Donostia-San Sebastián,"Donostialdea, Guipúzcoa",,1
775000,3.0,7.0,3,83810902,320,,Donostia-San Sebastián,"Donostialdea, Guipúzcoa",1984,0
140250,1.0,0.0,12,81134655,56,50,Donostia-San Sebastián,"Donostialdea, Guipúzcoa",2004,0
685000,4.0,5.0,4,81200312,325,278,Donostia-San Sebastián,"Donostialdea, Guipúzcoa",,1
729000,3.0,3.0,0,37879693,140,127,Donostia-San Sebastián,"Donostialdea, Guipúzcoa",2005,0
337000,2.0,2.0,0,81989911,75,70,Donostia-San Sebastián,"Donostialdea, Guipúzcoa",1924,0
549000,3.0,4.0,0,84495659,166,,Donostia-San Sebastián,"Donostialdea, Guipúzcoa",,0
250000,1.0,3.0,8,83127949,62,56,Donostia-San Sebastián,"Donostialdea, Guipúzcoa",,0
950000,5.0,5.0,4,82602118,413,,Donostia-San Sebastián,"Donostialdea, Guipúzcoa",1971,1
1890000,3.0,4.0,4,37380798,254,225,Donostia-San Sebastián,"Donostialdea, Guipúzcoa",,1
950000,5.0,4.0,4,39410374,370,323,Donostia-San Sebastián,"Donostialdea, Guipúzcoa",2002,1
1850000,4.0,6.0,4,39366002,367,355,Donostia-San Sebastián,"Donostialdea, Guipúzcoa",,1
899000,3.0,4.0,1,39030543,600,380,Donostia-San Sebastián,"Donostialdea, Guipúzcoa",,1
899000,5.0,4.0,1,31072333,320,312,Donostia-San Sebastián,"Donostialdea, Guipúzcoa",2002,1
685000,4.0,5.0,3,34444995,325,280,Donostia-San Sebastián,"Donostialdea, Guipúzcoa",,1
899000,5.0,4.0,1,36581072,600,,Donostia-San Sebastián,"Donostialdea, Guipúzcoa",,1
899000,5.0,4.0,1,38818663,600,350,Donostia-San Sebastián,"Donostialdea, Guipúzcoa",,1
299000,1.0,2.0,0,83189360,65,63,Donostia-San Sebastián,"Donostialdea, Guipúzcoa",1957,0
900000,3.0,4.0,3,84318146,250,226,Donostia-San Sebastián,"Donostialdea, Guipúzcoa",1987,1
695000,3.0,5.0,4,32807755,278,248,Donostia-San Sebastián,"Donostialdea, Guipúzcoa",1995,0
745000,2.0,4.0,0,81818555,130,,Donostia-San Sebastián,"Donostialdea, Guipúzcoa",,0
730000,3.0,4.0,3,83457028,250,,Donostia-San Sebastián,"Donostialdea, Guipúzcoa",,1
730000,3.0,4.0,3,84736965,260,,Donostia-San Sebastián,"Donostialdea, Guipúzcoa",,1
820000,4.0,4.0,0,82952044,185,170,Donostia-San Sebastián,"Donostialdea, Guipúzcoa",,1
190000,1.0,0.0,12,83859553,69,50,Donostia-San Sebastián,"Donostialdea, Guipúzcoa",,0
890000,3.0,3.0,6,37929148,149,121,Donostia-San Sebastián,"Donostialdea, Guipúzcoa",,1
685000,4.0,5.0,3,317936,500,320,Donostia-San Sebastián,"Donostialdea, Guipúzcoa",,1
250000,1.0,2.0,0,84662476,62,56,Donostia-San Sebastián,"Donostialdea, Guipúzcoa",,0
538000,2.0,3.0,0,84800521,93,78,Donostia-San Sebastián,"Donostialdea, Guipúzcoa",2004,1
1275000,3.0,5.0,0,36566690,300,295,Donostia-San Sebastián,"Donostialdea, Guipúzcoa",1980,1
665000,2.0,4.0,0,84188396,120,105,Donostia-San Sebastián,"Donostialdea, Guipúzcoa",1979,0
1400000,3.0,4.0,1,36495735,700,650,Donostia-San Sebastián,"Donostialdea, Guipúzcoa",,1
390000,1.0,3.0,8,84663995,75,66,Donostia-San Sebastián,"Donostialdea, Guipúzcoa",1939,0
495000,2.0,2.0,8,84800488,75,65,Donostia-San Sebastián,"Donostialdea, Guipúzcoa",2000,1
288000,2.0,3.0,0,83875054,75,65,Donostia-San Sebastián,"Donostialdea, Guipúzcoa",1966,0
380000,2.0,3.0,0,35983849,110,94,Donostia-San Sebastián,"Donostialdea, Guipúzcoa",,1
338900,2.0,2.0,0,40354175,70,68,Donostia-San Sebastián,"Donostialdea, Guipúzcoa",,0
820000,4.0,4.0,6,38224055,170,,Donostia-San Sebastián,"Donostialdea, Guipúzcoa",,1
310000,1.0,2.0,0,82971524,88,67,Donostia-San Sebastián,"Donostialdea, Guipúzcoa",,0
339000,1.0,2.0,0,84643934,70,,Donostia-San Sebastián,"Donostialdea, Guipúzcoa",,0
890000,4.0,5.0,3,83397626,200,,Donostia-San Sebastián,"Donostialdea, Guipúzcoa",2020,1
402000,1.0,3.0,0,35316515,90,80,Donostia-San Sebastián,"Donostialdea, Guipúzcoa",,0
670000,3.0,3.0,0,81683587,200,150,Donostia-San Sebastián,"Donostialdea, Guipúzcoa",,1
998000,4.0,8.0,4,82707879,322,320,Donostia-San Sebastián,"Donostialdea, Guipúzcoa",,1
900000,3.0,4.0,10,84251957,250,226,Donostia-San Sebastián,"Donostialdea, Guipúzcoa",,1
895000,5.0,6.0,1,40278679,1500,330,Donostia-San Sebastián,"Donostialdea, Guipúzcoa",,0
660000,3.0,7.0,10,38978160,110,,Donostia-San Sebastián,"Donostialdea, Guipúzcoa",1984,0
820000,4.0,4.0,0,39621007,170,140,Donostia-San Sebastián,"Donostialdea, Guipúzcoa",,1
899000,4.0,4.0,1,36735980,600,370,Donostia-San Sebastián,"Donostialdea, Guipúzcoa",2000,1
899000,5.0,4.0,4,84692699,600,,Donostia-San Sebastián,"Donostialdea, Guipúzcoa",2002,0
395000,1.0,3.0,0,84617711,120,108,Donostia-San Sebastián,"Donostialdea, Guipúzcoa",1940,1
250000,1.0,3.0,8,84643871,54,,Donostia-San Sebastián,"Donostialdea, Guipúzcoa",,0
880000,3.0,6.0,3,84288768,350,240,Donostia-San Sebastián,"Donostialdea, Guipúzcoa",1985,1
520000,2.0,3.0,0,40248134,93,80,Donostia-San Sebastián,"Donostialdea, Guipúzcoa",2014,1
price,0.0,0.0,11,house_id,m2_real,m2_useful,loc_city,loc_zone,construct_date,1
1275000,4.0,6.0,4,40329213,10100,,Donostia-San Sebastián,"Donostialdea, Guipúzcoa",1987,1
670000,5.0,3.0,3,84346879,250,120,Donostia-San Sebastián,"Donostialdea, Guipúzcoa",2019,1
250000,2.0,2.0,0,82265575,70,,Donostia-San Sebastián,"Donostialdea, Guipúzcoa",,1
160000,1.0,4.0,0,81839628,75,70,Donostia-San Sebastián,"Donostialdea, Guipúzcoa",,0
180000,1.0,2.0,8,82602092,61,50,Donostia-San Sebastián,"Donostialdea, Guipúzcoa",,0
597000,3.0,4.0,1,83731807,10000,,Donostia-San Sebastián,"Donostialdea, Guipúzcoa",,1
180000,1.0,4.0,0,84201379,90,80,Donostia-San Sebastián,"Donostialdea, Guipúzcoa",,0
470000,2.0,4.0,0,36921515,125,105,Donostia-San Sebastián,"Donostialdea, Guipúzcoa",,1
230000,1.0,2.0,0,84729636,89,85,Donostia-San Sebastián,"Donostialdea, Guipúzcoa",,0
340000,1.0,4.0,6,83910773,131,,Donostia-San Sebastián,"Donostialdea, Guipúzcoa",1956,0
597000,3.0,5.0,1,82247834,10032,217,Donostia-San Sebastián,"Donostialdea, Guipúzcoa",,1
790000,3.0,3.0,4,83882585,605,,Donostia-San Sebastián,"Donostialdea, Guipúzcoa",2011,1
665000,4.0,3.0,4,40288868,226,192,Donostia-San Sebastián,"Donostialdea, Guipúzcoa",2018,1
597000,3.0,4.0,3,84415386,213,189,Donostia-San Sebastián,"Donostialdea, Guipúzcoa",,1
590000,4.0,5.0,4,36343597,250,,Donostia-San Sebastián,"Donostialdea, Guipúzcoa",,0
650000,3.0,3.0,4,39278144,280,270,Donostia-San Sebastián,"Donostialdea, Guipúzcoa",,1
230000,1.0,2.0,0,84818521,85,75,Donostia-San Sebastián,"Donostialdea, Guipúzcoa",,0
545000,3.0,4.0,4,84465753,250,210,Donostia-San Sebastián,"Donostialdea, Guipúzcoa",2000,1
790000,3.0,3.0,4,83586675,270,220,Donostia-San Sebastián,"Donostialdea, Guipúzcoa",2018,1
615000,3.0,3.0,4,39784316,230,,Donostia-San Sebastián,"Donostialdea, Guipúzcoa",,1
597000,4.0,4.0,3,84459146,221,188,Donostia-San Sebastián,"Donostialdea, Guipúzcoa",,1
291600,2.0,6.0,3,39852879,172,,Donostia-San Sebastián,"Donostialdea, Guipúzcoa",,0
597000,3.0,5.0,4,36328953,260,217,Donostia-San Sebastián,"Donostialdea, Guipúzcoa",1992,1
595000,2.0,4.0,4,84593242,463,400,Donostia-San Sebastián,"Donostialdea, Guipúzcoa",1992,1
678000,2.0,3.0,0,84852956,230,200,Donostia-San Sebastián,"Donostialdea, Guipúzcoa",,1
678000,2.0,3.0,10,84576670,201,,Donostia-San Sebastián,"Donostialdea, Guipúzcoa",,1
585000,2.0,3.0,4,84837417,215,183,Donostia-San Sebastián,"Donostialdea, Guipúzcoa",,1
291600,2.0,6.0,4,34833677,172,,Donostia-San Sebastián,"Donostialdea, Guipúzcoa",,0
590000,4.0,6.0,3,84870708,275,177,Donostia-San Sebastián,"Donostialdea, Guipúzcoa",2019,1
245000,2.0,3.0,0,83758565,80,75,Donostia-San Sebastián,"Donostialdea, Guipúzcoa",1975,0
790000,5.0,3.0,3,83127785,605,270,Donostia-San Sebastián,"Donostialdea, Guipúzcoa",,1
345000,2.0,3.0,0,84478290,90,85,Donostia-San Sebastián,"Donostialdea, Guipúzcoa",,0
254000,1.0,3.0,0,83224726,80,76,Donostia-San Sebastián,"Donostialdea, Guipúzcoa",1973,0
375000,2.0,3.0,0,84585742,100,85,Donostia-San Sebastián,"Donostialdea, Guipúzcoa",,0
678000,2.0,3.0,10,84576693,202,,Donostia-San Sebastián,"Donostialdea, Guipúzcoa",,1
618000,2.0,3.0,10,84576664,191,,Donostia-San Sebastián,"Donostialdea, Guipúzcoa",,1
575000,2.0,3.0,10,84576662,189,,Donostia-San Sebastián,"Donostialdea, Guipúzcoa",,1
price,0.0,0.0,11,house_id,m2_real,m2_useful,loc_city,loc_zone,construct_date,1
470000,2.0,2.0,0,84479798,70,67,Donostia-San Sebastián,"Donostialdea, Guipúzcoa",,0
450000,2.0,3.0,0,81676890,80,,Donostia-San Sebastián,"Donostialdea, Guipúzcoa",,0
660000,2.0,3.0,0,84793769,140,,Donostia-San Sebastián,"Donostialdea, Guipúzcoa",,0
1300000,2.0,2.0,8,1488706,150,137,Donostia-San Sebastián,"Donostialdea, Guipúzcoa",,0
279000,1.0,2.0,0,82164732,45,38,Donostia-San Sebastián,"Donostialdea, Guipúzcoa",,0
380000,1.0,3.0,0,39404574,110,94,Donostia-San Sebastián,"Donostialdea, Guipúzcoa",1946,0
588000,1.0,2.0,0,82890845,98,,Donostia-San Sebastián,"Donostialdea, Guipúzcoa",,0
1175000,4.0,4.0,8,40011604,194,,Donostia-San Sebastián,"Donostialdea, Guipúzcoa",,1
750000,2.0,4.0,7,81848554,1140,,Donostia-San Sebastián,"Donostialdea, Guipúzcoa",1959,0
186000,1.0,1.0,0,83564344,55,50,Donostia-San Sebastián,"Donostialdea, Guipúzcoa",1963,0
609000,2.0,2.0,0,309533,90,80,Donostia-San Sebastián,"Donostialdea, Guipúzcoa",,1
380000,1.0,3.0,0,35509126,90,,Donostia-San Sebastián,"Donostialdea, Guipúzcoa",,0
145000,1.0,0.0,12,83248470,60,55,Donostia-San Sebastián,"Donostialdea, Guipúzcoa",,0
420000,2.0,3.0,0,82459374,100,90,Donostia-San Sebastián,"Donostialdea, Guipúzcoa",1900,0
380000,1.0,3.0,0,83753529,100,94,Donostia-San Sebastián,"Donostialdea, Guipúzcoa",1946,0
320000,1.0,0.0,12,30498588,90,,Donostia-San Sebastián,"Donostialdea, Guipúzcoa",,0
350000,1.0,2.0,0,84522469,70,62,Donostia-San Sebastián,"Donostialdea, Guipúzcoa",,0
450000,1.0,3.0,0,35497771,72,65,Donostia-San Sebastián,"Donostialdea, Guipúzcoa",1969,1
330000,1.0,2.0,0,40328492,75,73,Donostia-San Sebastián,"Donostialdea, Guipúzcoa",,0
420000,2.0,3.0,0,82336828,100,90,Donostia-San Sebastián,"Donostialdea, Guipúzcoa",,0
840000,2.0,2.0,0,83002735,85,80,Donostia-San Sebastián,"Donostialdea, Guipúzcoa",,1
650000,3.0,6.0,4,37758070,210,170,Donostia-San Sebastián,"Donostialdea, Guipúzcoa",,1
449000,2.0,3.0,6,35081897,72,,Donostia-San Sebastián,"Donostialdea, Guipúzcoa",,0
810000,2.0,2.0,0,83610176,85,80,Donostia-San Sebastián,"Donostialdea, Guipúzcoa",,1
450000,2.0,3.0,6,34929701,72,66,Donostia-San Sebastián,"Donostialdea, Guipúzcoa",,1
750000,2.0,4.0,1,37895407,1114,150,Donostia-San Sebastián,"Donostialdea, Guipúzcoa",,1
930000,3.0,5.0,0,83242673,170,158,Donostia-San Sebastián,"Donostialdea, Guipúzcoa",,0
2280000,6.0,9.0,4,83242675,464,312,Donostia-San Sebastián,"Donostialdea, Guipúzcoa",1928,1
440000,2.0,4.0,0,83242683,175,110,Donostia-San Sebastián,"Donostialdea, Guipúzcoa",1971,1
850000,2.0,3.0,4,83242742,200,,Donostia-San Sebastián,"Donostialdea, Guipúzcoa",,1
1050000,3.0,3.0,6,83242666,140,135,Donostia-San Sebastián,"Donostialdea, Guipúzcoa",1975,1
488000,1.0,2.0,0,82587404,80,73,Donostia-San Sebastián,"Donostialdea, Guipúzcoa",,0
620000,2.0,3.0,0,82655356,84,,Donostia-San Sebastián,"Donostialdea, Guipúzcoa",,0
449000,2.0,3.0,6,83502229,80,,Donostia-San Sebastián,"Donostialdea, Guipúzcoa",1970,1
380000,1.0,3.0,0,83522631,100,,Donostia-San Sebastián,"Donostialdea, Guipúzcoa",1946,0
960000,5.0,3.0,3,83680309,393,319,Donostia-San Sebastián,"Donostialdea, Guipúzcoa",,1
349000,2.0,3.0,0,84335043,91,,Donostia-San Sebastián,"Donostialdea, Guipúzcoa",,0
280000,1.0,2.0,0,84792443,66,60,Donostia-San Sebastián,"Donostialdea, Guipúzcoa",1963,0
470000,1.0,2.0,0,83370937,75,67,Donostia-San Sebastián,"Donostialdea, Guipúzcoa",,0
330000,2.0,3.0,0,83406667,85,,Donostia-San Sebastián,"Donostialdea, Guipúzcoa",,1
360000,1.0,3.0,6,83699806,69,62,Donostia-San Sebastián,"Donostialdea, Guipúzcoa",,0
420000,2.0,3.0,0,81807019,72,65,Donostia-San Sebastián,"Donostialdea, Guipúzcoa",1900,0
2075000,5.0,4.0,4,37509840,315,,Donostia-San Sebastián,"Donostialdea, Guipúzcoa",,1
795000,2.0,3.0,0,40549795,140,133,Donostia-San Sebastián,"Donostialdea, Guipúzcoa",,0
795000,2.0,3.0,0,83350966,146,133,Donostia-San Sebastián,"Donostialdea, Guipúzcoa",1951,0
145000,1.0,0.0,12,84096357,55,54,Donostia-San Sebastián,"Donostialdea, Guipúzcoa",1962,0
950000,3.0,4.0,6,84194507,190,175,Donostia-San Sebastián,"Donostialdea, Guipúzcoa",1967,0
420000,2.0,3.0,0,82411874,100,90,Donostia-San Sebastián,"Donostialdea, Guipúzcoa",,0
349000,2.0,3.0,0,84335022,91,,Donostia-San Sebastián,"Donostialdea, Guipúzcoa",,0
795000,2.0,3.0,0,40236668,140,133,Donostia-San Sebastián,"Donostialdea, Guipúzcoa",,0
420000,2.0,1.0,0,82924151,103,90,Donostia-San Sebastián,"Donostialdea, Guipúzcoa",1900,0
2280000,6.0,9.0,4,36339667,464,440,Donostia-San Sebastián,"Donostialdea, Guipúzcoa",1928,1
290000,1.0,2.0,0,83764581,81,66,Donostia-San Sebastián,"Donostialdea, Guipúzcoa",1958,0
415000,2.0,3.0,0,82937771,90,80,Donostia-San Sebastián,"Donostialdea, Guipúzcoa",1977,0
890000,3.0,3.0,6,84071739,170,154,Donostia-San Sebastián,"Donostialdea, Guipúzcoa",1987,1
750000,2.0,2.0,0,34369516,118,,Donostia-San Sebastián,"Donostialdea, Guipúzcoa",,1
450000,2.0,3.0,0,39960674,65,62,Donostia-San Sebastián,"Donostialdea, Guipúzcoa",,1
795000,2.0,3.0,0,83242730,145,133,Donostia-San Sebastián,"Donostialdea, Guipúzcoa",1951,0
218000,1.0,1.0,0,83242761,56,,Donostia-San Sebastián,"Donostialdea, Guipúzcoa",1971,0
160000,1.0,1.0,0,83303364,60,56,Donostia-San Sebastián,"Donostialdea, Guipúzcoa",1971,0
315000,1.0,3.0,0,83841890,80,75,Donostia-San Sebastián,"Donostialdea, Guipúzcoa",1968,0
2350000,5.0,5.0,1,35198671,8797,,Donostia-San Sebastián,"Donostialdea, Guipúzcoa",2001,1
415000,2.0,3.0,0,81774970,85,77,Donostia-San Sebastián,"Donostialdea, Guipúzcoa",1977,1
975000,1.0,3.0,0,83196895,160,,Donostia-San Sebastián,"Donostialdea, Guipúzcoa",,0
725000,2.0,3.0,0,84418794,85,75,Donostia-San Sebastián,"Donostialdea, Guipúzcoa",1976,1
335000,1.0,2.0,0,40508961,50,45,Donostia-San Sebastián,"Donostialdea, Guipúzcoa",1978,0
1090000,3.0,4.0,0,83092835,150,130,Donostia-San Sebastián,"Donostialdea, Guipúzcoa",1946,1
335000,1.0,2.0,0,25100816,50,45,Donostia-San Sebastián,"Donostialdea, Guipúzcoa",,1
885000,2.0,1.0,4,81994539,200,180,Donostia-San Sebastián,"Donostialdea, Guipúzcoa",,1
440000,2.0,3.0,0,84863307,80,72,Donostia-San Sebastián,"Donostialdea, Guipúzcoa",2006,0
795000,2.0,3.0,0,83108862,145,133,Donostia-San Sebastián,"Donostialdea, Guipúzcoa",1951,0
290000,1.0,3.0,0,84728774,80,74,Donostia-San Sebastián,"Donostialdea, Guipúzcoa",,0
700000,2.0,2.0,0,36339690,96,87,Donostia-San Sebastián,"Donostialdea, Guipúzcoa",1990,1
895000,3.0,3.0,0,36089006,138,115,Donostia-San Sebastián,"Donostialdea, Guipúzcoa",1965,1
225000,2.0,1.0,8,84280362,56,30,Donostia-San Sebastián,"Donostialdea, Guipúzcoa",,1
3500000,6.0,8.0,4,32186920,348,,Donostia-San Sebastián,"Donostialdea, Guipúzcoa",1930,0
360000,1.0,3.0,6,83771017,68,,Donostia-San Sebastián,"Donostialdea, Guipúzcoa",,0
380000,1.0,3.0,0,84817845,70,65,Donostia-San Sebastián,"Donostialdea, Guipúzcoa",1975,0
380000,1.0,3.0,0,39926950,95,90,Donostia-San Sebastián,"Donostialdea, Guipúzcoa",,0
330000,1.0,2.0,0,82543750,70,68,Donostia-San Sebastián,"Donostialdea, Guipúzcoa",,0
900000,2.0,2.0,0,84829540,85,76,Donostia-San Sebastián,"Donostialdea, Guipúzcoa",1995,1
349000,2.0,4.0,0,84604522,115,,Donostia-San Sebastián,"Donostialdea, Guipúzcoa",,0
580000,3.0,4.0,0,83778408,146,110,Donostia-San Sebastián,"Donostialdea, Guipúzcoa",,1
750000,2.0,3.0,0,84113057,125,100,Donostia-San Sebastián,"Donostialdea, Guipúzcoa",1975,1
349000,2.0,4.0,0,84604538,115,,Donostia-San Sebastián,"Donostialdea, Guipúzcoa",,0
1500000,3.0,4.0,6,83209541,184,158,Donostia-San Sebastián,"Donostialdea, Guipúzcoa",1981,1
290000,2.0,3.0,0,82864590,95,81,Donostia-San Sebastián,"Donostialdea, Guipúzcoa",1970,1
290000,2.0,3.0,0,83327513,85,66,Donostia-San Sebastián,"Donostialdea, Guipúzcoa",1968,0
1090000,3.0,4.0,6,82734961,150,131,Donostia-San Sebastián,"Donostialdea, Guipúzcoa",1946,1
830000,4.0,4.0,0,83246951,230,212,Donostia-San Sebastián,"Donostialdea, Guipúzcoa",1975,1
145000,1.0,1.0,0,29144245,60,55,Donostia-San Sebastián,"Donostialdea, Guipúzcoa",,0
580000,3.0,4.0,0,84742032,146,110,Donostia-San Sebastián,"Donostialdea, Guipúzcoa",,1
380000,1.0,3.0,0,35673056,110,94,Donostia-San Sebastián,"Donostialdea, Guipúzcoa",,0
830000,4.0,4.0,0,83058418,227,212,Donostia-San Sebastián,"Donostialdea, Guipúzcoa",1975,1
3500000,6.0,8.0,4,81468628,382,348,Donostia-San Sebastián,"Donostialdea, Guipúzcoa",1930,1
900000,2.0,2.0,0,84809887,85,76,Donostia-San Sebastián,"Donostialdea, Guipúzcoa",1995,1
225000,2.0,1.0,8,83941990,56,30,Donostia-San Sebastián,"Donostialdea, Guipúzcoa",,1
450000,2.0,3.0,6,81229081,80,72,Donostia-San Sebastián,"Donostialdea, Guipúzcoa",,1
420000,2.0,3.0,0,83106086,90,85,Donostia-San Sebastián,"Donostialdea, Guipúzcoa",,0
450000,2.0,3.0,0,39495537,65,,Donostia-San Sebastián,"Donostialdea, Guipúzcoa",1970,1
335000,1.0,2.0,0,83432013,50,46,Donostia-San Sebastián,"Donostialdea, Guipúzcoa",,1
395000,1.0,1.0,0,83378165,78,60,Donostia-San Sebastián,"Donostialdea, Guipúzcoa",1973,0
450000,2.0,3.0,0,84868475,94,80,Donostia-San Sebastián,"Donostialdea, Guipúzcoa",1977,0
700000,2.0,2.0,0,30536745,105,87,Donostia-San Sebastián,"Donostialdea, Guipúzcoa",1990,1
1200000,4.0,6.0,0,84863655,200,185,Donostia-San Sebastián,"Donostialdea, Guipúzcoa",,1
2280000,6.0,9.0,4,36358333,343,312,Donostia-San Sebastián,"Donostialdea, Guipúzcoa",1930,1
2350000,4.0,4.0,1,37933180,8797,650,Donostia-San Sebastián,"Donostialdea, Guipúzcoa",2000,1
395000,1.0,1.0,0,83372362,67,65,Donostia-San Sebastián,"Donostialdea, Guipúzcoa",,0
750000,2.0,4.0,4,28892821,226,186,Donostia-San Sebastián,"Donostialdea, Guipúzcoa",1950,0
220000,1.0,1.0,0,83851867,50,45,Donostia-San Sebastián,"Donostialdea, Guipúzcoa",,0
850000,2.0,1.0,4,82556698,200,,Donostia-San Sebastián,"Donostialdea, Guipúzcoa",1977,1
690000,3.0,5.0,3,82204867,240,200,Donostia-San Sebastián,"Donostialdea, Guipúzcoa",1993,1
335000,1.0,2.0,0,83331172,60,50,Donostia-San Sebastián,"Donostialdea, Guipúzcoa",1978,1
450000,2.0,3.0,0,83769137,110,90,Donostia-San Sebastián,"Donostialdea, Guipúzcoa",,1
750000,1.0,3.0,4,38547756,1257,170,Donostia-San Sebastián,"Donostialdea, Guipúzcoa",1950,1
690000,3.0,6.0,3,84209474,240,200,Donostia-San Sebastián,"Donostialdea, Guipúzcoa",,1
795000,3.0,3.0,0,40094196,130,,Donostia-San Sebastián,"Donostialdea, Guipúzcoa",,0
445000,3.0,4.0,6,31725699,200,170,Donostia-San Sebastián,"Donostialdea, Guipúzcoa",1971,1
325000,2.0,1.0,0,82533569,75,73,Donostia-San Sebastián,"Donostialdea, Guipúzcoa",,0
690000,3.0,6.0,4,83764618,240,200,Donostia-San Sebastián,"Donostialdea, Guipúzcoa",1993,1
449000,2.0,3.0,6,40336171,95,80,Donostia-San Sebastián,"Donostialdea, Guipúzcoa",1970,1
750000,2.0,4.0,4,39859911,226,186,Donostia-San Sebastián,"Donostialdea, Guipúzcoa",1931,0
298000,2.0,3.0,0,83328729,85,80,Donostia-San Sebastián,"Donostialdea, Guipúzcoa",1966,1
480000,2.0,3.0,0,84644006,72,,Donostia-San Sebastián,"Donostialdea, Guipúzcoa",,0
810000,2.0,2.0,0,82513097,85,80,Donostia-San Sebastián,"Donostialdea, Guipúzcoa",,1
799000,3.0,4.0,0,84541968,160,140,Donostia-San Sebastián,"Donostialdea, Guipúzcoa",1973,1
4300000,5.0,8.0,1,37696785,840,700,Donostia-San Sebastián,"Donostialdea, Guipúzcoa",1940,1
890000,2.0,2.0,6,83592872,140,116,Donostia-San Sebastián,"Donostialdea, Guipúzcoa",1987,1
420000,2.0,3.0,0,82493750,100,90,Donostia-San Sebastián,"Donostialdea, Guipúzcoa",,0
2280000,5.0,8.0,3,37521575,464,312,Donostia-San Sebastián,"Donostialdea, Guipúzcoa",1928,1
449000,2.0,3.0,6,81254042,100,80,Donostia-San Sebastián,"Donostialdea, Guipúzcoa",1970,1
580000,3.0,4.0,0,82258027,140,110,Donostia-San Sebastián,"Donostialdea, Guipúzcoa",1973,1
380000,1.0,3.0,0,84803022,110,94,Donostia-San Sebastián,"Donostialdea, Guipúzcoa",1946,0
750000,2.0,2.0,0,37945102,133,117,Donostia-San Sebastián,"Donostialdea, Guipúzcoa",1973,1
415000,2.0,3.0,0,82936009,100,80,Donostia-San Sebastián,"Donostialdea, Guipúzcoa",1977,1
1150000,3.0,3.0,0,84867819,150,131,Donostia-San Sebastián,"Donostialdea, Guipúzcoa",1994,1
750000,2.0,4.0,1,27206083,1444,145,Donostia-San Sebastián,"Donostialdea, Guipúzcoa",,1
350000,1.0,2.0,0,84878179,75,60,Donostia-San Sebastián,"Donostialdea, Guipúzcoa",1962,0
682000,5.0,5.0,4,38344467,233,200,Donostia-San Sebastián,"Donostialdea, Guipúzcoa",1993,1
795000,2.0,3.0,0,83197163,158,133,Donostia-San Sebastián,"Donostialdea, Guipúzcoa",1951,0
315000,1.0,3.0,0,83950829,84,74,Donostia-San Sebastián,"Donostialdea, Guipúzcoa",1968,0
495000,2.0,3.0,0,84574791,97,85,Donostia-San Sebastián,"Donostialdea, Guipúzcoa",,0
349000,2.0,3.0,0,82175219,75,65,Donostia-San Sebastián,"Donostialdea, Guipúzcoa",1972,1
1090000,3.0,4.0,0,40016853,150,130,Donostia-San Sebastián,"Donostialdea, Guipúzcoa",1946,1
price,0.0,0.0,11,house_id,m2_real,m2_useful,loc_city,loc_zone,construct_date,1
600000,3.0,5.0,0,84555241,190,165,Donostia-San Sebastián,"Donostialdea, Guipúzcoa",1966,0
720000,3.0,6.0,0,82422807,182,,Donostia-San Sebastián,"Donostialdea, Guipúzcoa",,0
315000,1.0,2.0,0,82310188,66,60,Donostia-San Sebastián,"Donostialdea, Guipúzcoa",,0
260000,1.0,2.0,0,84153791,60,,Donostia-San Sebastián,"Donostialdea, Guipúzcoa",,0
269000,1.0,3.0,0,84531740,79,74,Donostia-San Sebastián,"Donostialdea, Guipúzcoa",,0
309000,1.0,3.0,0,83544926,75,,Donostia-San Sebastián,"Donostialdea, Guipúzcoa",,1
469000,3.0,4.0,0,84833846,110,105,Donostia-San Sebastián,"Donostialdea, Guipúzcoa",,0
250000,1.0,3.0,0,33889639,60,57,Donostia-San Sebastián,"Donostialdea, Guipúzcoa",,0
340000,1.0,3.0,0,83855895,80,,Donostia-San Sebastián,"Donostialdea, Guipúzcoa",,0
430000,2.0,2.0,0,82913456,115,110,Donostia-San Sebastián,"Donostialdea, Guipúzcoa",1950,0
425000,2.0,4.0,0,83844239,120,115,Donostia-San Sebastián,"Donostialdea, Guipúzcoa",,0
124000,1.0,0.0,12,83480522,40,39,Donostia-San Sebastián,"Donostialdea, Guipúzcoa",,1
339000,1.0,3.0,0,84530813,86,,Donostia-San Sebastián,"Donostialdea, Guipúzcoa",,0
240000,2.0,4.0,4,33124927,115,,Donostia-San Sebastián,"Donostialdea, Guipúzcoa",,0
309000,2.0,3.0,0,83369738,70,,Donostia-San Sebastián,"Donostialdea, Guipúzcoa",,0
300000,1.0,1.0,0,84480508,51,,Donostia-San Sebastián,"Donostialdea, Guipúzcoa",,0
375000,2.0,2.0,0,83600363,79,75,Donostia-San Sebastián,"Donostialdea, Guipúzcoa",,0
320000,1.0,3.0,0,83760232,80,,Donostia-San Sebastián,"Donostialdea, Guipúzcoa",,0
350000,1.0,2.0,0,84133278,87,67,Donostia-San Sebastián,"Donostialdea, Guipúzcoa",,0
330000,1.0,3.0,0,82530532,76,,Donostia-San Sebastián,"Donostialdea, Guipúzcoa",,0
330000,1.0,3.0,0,82525933,70,68,Donostia-San Sebastián,"Donostialdea, Guipúzcoa",1979,0
312400,1.0,2.0,0,83738740,96,82,Donostia-San Sebastián,"Donostialdea, Guipúzcoa",,0
340000,1.0,3.0,0,83755691,85,80,Donostia-San Sebastián,"Donostialdea, Guipúzcoa",1965,0
324000,1.0,2.0,0,83899956,85,,Donostia-San Sebastián,"Donostialdea, Guipúzcoa",1980,0
259900,1.0,3.0,0,35449386,60,,Donostia-San Sebastián,"Donostialdea, Guipúzcoa",,0
330000,1.0,3.0,0,83029893,63,,Donostia-San Sebastián,"Donostialdea, Guipúzcoa",1979,0
260000,1.0,3.0,0,83744158,68,62,Donostia-San Sebastián,"Donostialdea, Guipúzcoa",,0
325000,1.0,3.0,0,84271986,83,76,Donostia-San Sebastián,"Donostialdea, Guipúzcoa",1965,0
695000,3.0,4.0,0,84690494,220,208,Donostia-San Sebastián,"Donostialdea, Guipúzcoa",,1
1100000,4.0,8.0,6,84228207,382,332,Donostia-San Sebastián,"Donostialdea, Guipúzcoa",1970,0
237500,1.0,2.0,0,84332525,52,46,Donostia-San Sebastián,"Donostialdea, Guipúzcoa",1958,0
640000,2.0,3.0,6,82858692,93,85,Donostia-San Sebastián,"Donostialdea, Guipúzcoa",1996,1
430000,2.0,4.0,0,82949231,116,,Donostia-San Sebastián,"Donostialdea, Guipúzcoa",,0
295000,1.0,2.0,0,84289345,66,60,Donostia-San Sebastián,"Donostialdea, Guipúzcoa",1964,0
380000,2.0,5.0,0,81965422,110,90,Donostia-San Sebastián,"Donostialdea, Guipúzcoa",,0
240000,1.0,1.0,0,84774182,35,32,Donostia-San Sebastián,"Donostialdea, Guipúzcoa",1976,0
395000,2.0,2.0,0,83403280,90,89,Donostia-San Sebastián,"Donostialdea, Guipúzcoa",,0
560000,2.0,4.0,0,84576171,103,,Donostia-San Sebastián,"Donostialdea, Guipúzcoa",,0
275000,1.0,1.0,0,81129772,43,38,Donostia-San Sebastián,"Donostialdea, Guipúzcoa",,0
320000,1.0,3.0,0,83837530,85,80,Donostia-San Sebastián,"Donostialdea, Guipúzcoa",1965,0
375000,2.0,3.0,0,84594571,72,65,Donostia-San Sebastián,"Donostialdea, Guipúzcoa",1975,0
278000,1.0,3.0,0,84738586,70,63,Donostia-San Sebastián,"Donostialdea, Guipúzcoa",1960,0
280000,1.0,3.0,0,83903664,65,60,Donostia-San Sebastián,"Donostialdea, Guipúzcoa",1964,0
368000,1.0,3.0,0,84778438,87,77,Donostia-San Sebastián,"Donostialdea, Guipúzcoa",1966,0
398000,2.0,4.0,0,84862409,88,,Donostia-San Sebastián,"Donostialdea, Guipúzcoa",,0
445000,2.0,4.0,0,82213896,110,95,Donostia-San Sebastián,"Donostialdea, Guipúzcoa",1967,0
320000,1.0,3.0,0,82413208,70,63,Donostia-San Sebastián,"Donostialdea, Guipúzcoa",1979,0
298500,1.0,3.0,0,82701228,85,76,Donostia-San Sebastián,"Donostialdea, Guipúzcoa",1973,0
235000,1.0,3.0,0,38615536,80,75,Donostia-San Sebastián,"Donostialdea, Guipúzcoa",1970,0
326000,1.0,3.0,0,82752705,86,80,Donostia-San Sebastián,"Donostialdea, Guipúzcoa",,0
228000,1.0,2.0,0,84287602,60,50,Donostia-San Sebastián,"Donostialdea, Guipúzcoa",1968,0
350000,2.0,3.0,0,40336338,70,68,Donostia-San Sebastián,"Donostialdea, Guipúzcoa",1979,1
332000,1.0,1.0,0,40166349,64,56,Donostia-San Sebastián,"Donostialdea, Guipúzcoa",2007,0
438800,2.0,3.0,0,84862276,100,84,Donostia-San Sebastián,"Donostialdea, Guipúzcoa",,1
330000,1.0,3.0,0,83034489,68,63,Donostia-San Sebastián,"Donostialdea, Guipúzcoa",,0
320000,1.0,3.0,0,83725809,80,,Donostia-San Sebastián,"Donostialdea, Guipúzcoa",,0
340000,1.0,3.0,0,83786753,88,80,Donostia-San Sebastián,"Donostialdea, Guipúzcoa",1965,0
345000,2.0,3.0,0,83850747,77,,Donostia-San Sebastián,"Donostialdea, Guipúzcoa",1959,0
443000,3.0,3.0,0,84073002,110,90,Donostia-San Sebastián,"Donostialdea, Guipúzcoa",,0
580000,2.0,4.0,0,84615747,110,101,Donostia-San Sebastián,"Donostialdea, Guipúzcoa",,0
520000,2.0,3.0,0,37765461,100,90,Donostia-San Sebastián,"Donostialdea, Guipúzcoa",1976,0
335000,1.0,3.0,0,82523438,82,,Donostia-San Sebastián,"Donostialdea, Guipúzcoa",,0
550000,3.0,4.0,0,84379731,160,122,Donostia-San Sebastián,"Donostialdea, Guipúzcoa",1962,0
680000,2.0,3.0,0,84629064,150,,Donostia-San Sebastián,"Donostialdea, Guipúzcoa",,0
245000,1.0,1.0,0,81886087,62,36,Donostia-San Sebastián,"Donostialdea, Guipúzcoa",1969,0
245000,1.0,0.0,12,83592773,62,38,Donostia-San Sebastián,"Donostialdea, Guipúzcoa",2015,0
230000,1.0,3.0,0,84813346,56,55,Donostia-San Sebastián,"Donostialdea, Guipúzcoa",1960,0
300000,2.0,3.0,0,83955776,81,73,Donostia-San Sebastián,"Donostialdea, Guipúzcoa",1968,0
745000,4.0,6.0,6,82710738,200,162,Donostia-San Sebastián,"Donostialdea, Guipúzcoa",1975,0
345000,1.0,2.0,0,82972958,54,,Donostia-San Sebastián,"Donostialdea, Guipúzcoa",,1
415000,2.0,3.0,0,84626232,87,83,Donostia-San Sebastián,"Donostialdea, Guipúzcoa",1984,0
335000,2.0,3.0,0,82776536,85,82,Donostia-San Sebastián,"Donostialdea, Guipúzcoa",1979,0
330000,1.0,3.0,0,83076919,75,70,Donostia-San Sebastián,"Donostialdea, Guipúzcoa",,0
430000,3.0,4.0,0,83579495,90,83,Donostia-San Sebastián,"Donostialdea, Guipúzcoa",1977,0
550000,3.0,4.0,0,84233409,135,109,Donostia-San Sebastián,"Donostialdea, Guipúzcoa",1975,1
370000,2.0,2.0,0,84861063,75,72,Donostia-San Sebastián,"Donostialdea, Guipúzcoa",1994,0
1185000,2.0,4.0,0,82374949,320,293,Donostia-San Sebastián,"Donostialdea, Guipúzcoa",1970,1
1100000,4.0,7.0,6,82658185,315,293,Donostia-San Sebastián,"Donostialdea, Guipúzcoa",1970,0
410000,2.0,4.0,0,84787904,95,,Donostia-San Sebastián,"Donostialdea, Guipúzcoa",,0
830000,2.0,3.0,1,82915545,900,160,Donostia-San Sebastián,"Donostialdea, Guipúzcoa",2008,1
780000,3.0,4.0,0,84592481,201,175,Donostia-San Sebastián,"Donostialdea, Guipúzcoa",1958,0
125000,1.0,0.0,12,83646206,46,38,Donostia-San Sebastián,"Donostialdea, Guipúzcoa",1964,0
790000,3.0,4.0,8,84221359,231,210,Donostia-San Sebastián,"Donostialdea, Guipúzcoa",1979,0
253000,1.0,3.0,0,33920922,65,60,Donostia-San Sebastián,"Donostialdea, Guipúzcoa",1964,0
229000,1.0,1.0,0,84662674,36,,Donostia-San Sebastián,"Donostialdea, Guipúzcoa",,0
520000,2.0,3.0,0,83905428,92,80,Donostia-San Sebastián,"Donostialdea, Guipúzcoa",1973,0
260000,1.0,2.0,0,84114454,60,50,Donostia-San Sebastián,"Donostialdea, Guipúzcoa",1954,0
229000,1.0,1.0,0,84662744,36,,Donostia-San Sebastián,"Donostialdea, Guipúzcoa",,0
440000,2.0,4.0,0,83754934,130,110,Donostia-San Sebastián,"Donostialdea, Guipúzcoa",1947,0
695000,3.0,4.0,0,84581417,130,122,Donostia-San Sebastián,"Donostialdea, Guipúzcoa",1977,1
305000,2.0,3.0,0,84846563,85,75,Donostia-San Sebastián,"Donostialdea, Guipúzcoa",1977,0
720000,4.0,6.0,0,82488890,182,,Donostia-San Sebastián,"Donostialdea, Guipúzcoa",,0
520000,2.0,3.0,0,83821727,92,80,Donostia-San Sebastián,"Donostialdea, Guipúzcoa",1973,0
680000,2.0,3.0,8,84582330,150,,Donostia-San Sebastián,"Donostialdea, Guipúzcoa",,1
326000,1.0,3.0,0,82427458,95,79,Donostia-San Sebastián,"Donostialdea, Guipúzcoa",1970,0
415000,2.0,3.0,0,84534509,85,83,Donostia-San Sebastián,"Donostialdea, Guipúzcoa",1984,0
399000,2.0,3.0,0,84811715,94,,Donostia-San Sebastián,"Donostialdea, Guipúzcoa",,1
330000,1.0,3.0,0,30507821,87,75,Donostia-San Sebastián,"Donostialdea, Guipúzcoa",1958,0
280000,1.0,2.0,0,84229997,65,56,Donostia-San Sebastián,"Donostialdea, Guipúzcoa",1968,0
399000,2.0,3.0,0,84811772,94,,Donostia-San Sebastián,"Donostialdea, Guipúzcoa",,1
325000,2.0,3.0,0,84856979,80,70,Donostia-San Sebastián,"Donostialdea, Guipúzcoa",,0
320000,1.0,3.0,0,83619015,85,80,Donostia-San Sebastián,"Donostialdea, Guipúzcoa",1965,0
585000,2.0,3.0,0,84349462,117,100,Donostia-San Sebastián,"Donostialdea, Guipúzcoa",2007,1
345000,1.0,2.0,8,82420745,60,51,Donostia-San Sebastián,"Donostialdea, Guipúzcoa",,0
720000,3.0,7.0,0,81758253,222,189,Donostia-San Sebastián,"Donostialdea, Guipúzcoa",1956,0
239000,1.0,2.0,0,83921839,60,54,Donostia-San Sebastián,"Donostialdea, Guipúzcoa",1952,0
460000,2.0,4.0,0,84624607,97,,Donostia-San Sebastián,"Donostialdea, Guipúzcoa",,0
253000,1.0,3.0,0,36251171,60,56,Donostia-San Sebastián,"Donostialdea, Guipúzcoa",1966,0
695000,3.0,4.0,0,84663704,144,134,Donostia-San Sebastián,"Donostialdea, Guipúzcoa",1977,0
325000,1.0,3.0,0,84838407,85,76,Donostia-San Sebastián,"Donostialdea, Guipúzcoa",1965,0
245000,1.0,0.0,8,84876924,62,45,Donostia-San Sebastián,"Donostialdea, Guipúzcoa",1962,0
320000,1.0,2.0,8,84854828,66,65,Donostia-San Sebastián,"Donostialdea, Guipúzcoa",,0
220000,1.0,2.0,0,40165271,56,53,Donostia-San Sebastián,"Donostialdea, Guipúzcoa",,0
330000,1.0,1.0,0,84777393,60,51,Donostia-San Sebastián,"Donostialdea, Guipúzcoa",1954,0
555000,2.0,3.0,0,84486249,96,91,Donostia-San Sebastián,"Donostialdea, Guipúzcoa",2007,1
350000,2.0,3.0,0,83773819,77,70,Donostia-San Sebastián,"Donostialdea, Guipúzcoa",1969,0
715000,3.0,4.0,6,83242716,200,190,Donostia-San Sebastián,"Donostialdea, Guipúzcoa",2002,1
890000,2.0,2.0,0,82217760,120,105,Donostia-San Sebastián,"Donostialdea, Guipúzcoa",1964,0
395000,2.0,2.0,0,83621462,90,85,Donostia-San Sebastián,"Donostialdea, Guipúzcoa",,0
440000,2.0,2.0,0,83670989,69,,Donostia-San Sebastián,"Donostialdea, Guipúzcoa",2007,1
570000,3.0,5.0,0,82940882,192,,Donostia-San Sebastián,"Donostialdea, Guipúzcoa",1962,0
119500,1.0,0.0,12,83891717,40,36,Donostia-San Sebastián,"Donostialdea, Guipúzcoa",1964,0
305000,2.0,3.0,0,82462846,85,78,Donostia-San Sebastián,"Donostialdea, Guipúzcoa",1977,0
375000,2.0,3.0,0,81742655,80,74,Donostia-San Sebastián,"Donostialdea, Guipúzcoa",1975,0
698000,2.0,4.0,0,82415848,108,,Donostia-San Sebastián,"Donostialdea, Guipúzcoa",,0
350000,2.0,3.0,0,84735114,75,72,Donostia-San Sebastián,"Donostialdea, Guipúzcoa",,0
315000,1.0,2.0,0,39789121,95,77,Donostia-San Sebastián,"Donostialdea, Guipúzcoa",1980,0
348000,2.0,3.0,0,84217733,87,80,Donostia-San Sebastián,"Donostialdea, Guipúzcoa",,0
790000,3.0,4.0,6,84087885,239,210,Donostia-San Sebastián,"Donostialdea, Guipúzcoa",1979,0
443000,2.0,3.0,0,83092379,125,,Donostia-San Sebastián,"Donostialdea, Guipúzcoa",,0
745000,4.0,6.0,8,84158048,200,160,Donostia-San Sebastián,"Donostialdea, Guipúzcoa",1975,0
1100000,4.0,8.0,0,82690627,382,332,Donostia-San Sebastián,"Donostialdea, Guipúzcoa",1970,0
320000,1.0,3.0,0,83633023,75,63,Donostia-San Sebastián,"Donostialdea, Guipúzcoa",1979,0
320000,1.0,3.0,0,84101368,80,75,Donostia-San Sebastián,"Donostialdea, Guipúzcoa",1965,0
598000,2.0,4.0,0,82603719,127,115,Donostia-San Sebastián,"Donostialdea, Guipúzcoa",1960,0
395000,2.0,2.0,0,84268703,90,89,Donostia-San Sebastián,"Donostialdea, Guipúzcoa",1973,0
248000,1.0,1.0,0,83819597,55,50,Donostia-San Sebastián,"Donostialdea, Guipúzcoa",1978,0
745000,4.0,6.0,6,83302181,200,162,Donostia-San Sebastián,"Donostialdea, Guipúzcoa",1975,0
330000,1.0,2.0,0,83462065,70,62,Donostia-San Sebastián,"Donostialdea, Guipúzcoa",1960,0
239000,1.0,2.0,0,84882203,55,50,Donostia-San Sebastián,"Donostialdea, Guipúzcoa",,0
480000,2.0,4.0,0,84877644,102,97,Donostia-San Sebastián,"Donostialdea, Guipúzcoa",1965,0
580000,2.0,4.0,0,84856115,110,101,Donostia-San Sebastián,"Donostialdea, Guipúzcoa",,0
335000,1.0,3.0,0,82523413,82,,Donostia-San Sebastián,"Donostialdea, Guipúzcoa",,0
320000,1.0,3.0,0,84123460,80,79,Donostia-San Sebastián,"Donostialdea, Guipúzcoa",1965,0
590000,2.0,3.0,0,84700930,90,83,Donostia-San Sebastián,"Donostialdea, Guipúzcoa",2015,1
price,0.0,0.0,11,house_id,m2_real,m2_useful,loc_city,loc_zone,construct_date,1
105000,1.0,2.0,0,83657564,52,49,Donostia-San Sebastián,"Donostialdea, Guipúzcoa",1950,0
305000,1.0,3.0,0,37759848,105,,Donostia-San Sebastián,"Donostialdea, Guipúzcoa",,0
210000,1.0,3.0,0,83649285,90,,Donostia-San Sebastián,"Donostialdea, Guipúzcoa",,0
190000,1.0,3.0,0,39768004,75,68,Donostia-San Sebastián,"Donostialdea, Guipúzcoa",1975,0
193000,1.0,3.0,0,40484491,95,90,Donostia-San Sebastián,"Donostialdea, Guipúzcoa",,0
217000,1.0,3.0,0,84555132,80,,Donostia-San Sebastián,"Donostialdea, Guipúzcoa",,0
156000,1.0,2.0,0,29068786,55,53,Donostia-San Sebastián,"Donostialdea, Guipúzcoa",,0
150000,1.0,3.0,0,82549373,72,,Donostia-San Sebastián,"Donostialdea, Guipúzcoa",,0
130000,1.0,2.0,0,83898236,70,65,Donostia-San Sebastián,"Donostialdea, Guipúzcoa",,0
230000,1.0,3.0,0,34546701,90,73,Donostia-San Sebastián,"Donostialdea, Guipúzcoa",1978,0
160000,1.0,2.0,0,2062343,75,70,Donostia-San Sebastián,"Donostialdea, Guipúzcoa",,0
155500,1.0,2.0,0,82689720,70,59,Donostia-San Sebastián,"Donostialdea, Guipúzcoa",1962,0
305000,2.0,3.0,0,36909620,80,74,Donostia-San Sebastián,"Donostialdea, Guipúzcoa",2007,0
180000,1.0,3.0,0,39679494,70,65,Donostia-San Sebastián,"Donostialdea, Guipúzcoa",1969,0
195000,1.0,2.0,0,375138,70,69,Donostia-San Sebastián,"Donostialdea, Guipúzcoa",,0
430000,1.0,2.0,0,26387205,80,,Donostia-San Sebastián,"Donostialdea, Guipúzcoa",,1
180000,1.0,4.0,0,35379440,75,,Donostia-San Sebastián,"Donostialdea, Guipúzcoa",,0
205000,1.0,2.0,0,39308121,55,44,Donostia-San Sebastián,"Donostialdea, Guipúzcoa",1966,0
295000,2.0,3.0,0,82071239,85,80,Donostia-San Sebastián,"Donostialdea, Guipúzcoa",,0
190000,1.0,2.0,0,82745281,80,75,Donostia-San Sebastián,"Donostialdea, Guipúzcoa",,0
169000,1.0,2.0,0,84061169,57,47,Donostia-San Sebastián,"Donostialdea, Guipúzcoa",,0
194000,1.0,3.0,0,84381142,85,80,Donostia-San Sebastián,"Donostialdea, Guipúzcoa",,1
245000,1.0,3.0,0,84400934,75,,Donostia-San Sebastián,"Donostialdea, Guipúzcoa",,1
300000,2.0,2.0,0,35734625,68,,Donostia-San Sebastián,"Donostialdea, Guipúzcoa",,0
119000,1.0,3.0,0,84262805,50,45,Donostia-San Sebastián,"Donostialdea, Guipúzcoa",,0
170000,1.0,2.0,0,84615411,71,70,Donostia-San Sebastián,"Donostialdea, Guipúzcoa",,0
220000,1.0,3.0,0,30924037,75,70,Donostia-San Sebastián,"Donostialdea, Guipúzcoa",,0
170000,1.0,3.0,0,26798585,60,50,Donostia-San Sebastián,"Donostialdea, Guipúzcoa",,0
240000,1.0,3.0,0,31268227,86,73,Donostia-San Sebastián,"Donostialdea, Guipúzcoa",,0
270000,2.0,3.0,0,31316602,89,80,Donostia-San Sebastián,"Donostialdea, Guipúzcoa",2000,1
165000,1.0,3.0,0,35401353,60,55,Donostia-San Sebastián,"Donostialdea, Guipúzcoa",1975,0
170000,1.0,3.0,0,39863590,70,67,Donostia-San Sebastián,"Donostialdea, Guipúzcoa",,0
150000,1.0,2.0,0,81792219,70,65,Donostia-San Sebastián,"Donostialdea, Guipúzcoa",,0
12500,1.0,3.0,0,84141499,80,67,Donostia-San Sebastián,"Donostialdea, Guipúzcoa",1969,0
150000,1.0,3.0,0,84298945,55,,Donostia-San Sebastián,"Donostialdea, Guipúzcoa",,0
95000,1.0,2.0,0,38948998,70,,Donostia-San Sebastián,"Donostialdea, Guipúzcoa",,0
139500,1.0,3.0,0,82697906,67,,Donostia-San Sebastián,"Donostialdea, Guipúzcoa",1968,0
160000,1.0,2.0,0,84740380,60,,Donostia-San Sebastián,"Donostialdea, Guipúzcoa",,0
156000,1.0,2.0,0,82995463,70,59,Donostia-San Sebastián,"Donostialdea, Guipúzcoa",1962,0
206000,2.0,2.0,0,37090362,70,,Donostia-San Sebastián,"Donostialdea, Guipúzcoa",,0
229000,2.0,3.0,0,37352008,60,,Donostia-San Sebastián,"Donostialdea, Guipúzcoa",,0
335000,2.0,3.0,0,33595981,90,86,Donostia-San Sebastián,"Donostialdea, Guipúzcoa",,1
160000,1.0,2.0,0,31120656,52,,Donostia-San Sebastián,"Donostialdea, Guipúzcoa",1960,0
173000,1.0,3.0,6,36741134,70,65,Donostia-San Sebastián,"Donostialdea, Guipúzcoa",,1
330000,2.0,3.0,0,37309987,100,90,Donostia-San Sebastián,"Donostialdea, Guipúzcoa",,0
120000,1.0,3.0,0,38764472,65,,Donostia-San Sebastián,"Donostialdea, Guipúzcoa",,0
159500,1.0,3.0,0,38378067,70,,Donostia-San Sebastián,"Donostialdea, Guipúzcoa",,0
200000,2.0,2.0,0,39997584,83,,Donostia-San Sebastián,"Donostialdea, Guipúzcoa",,0
240000,1.0,3.0,0,81278340,80,,Donostia-San Sebastián,"Donostialdea, Guipúzcoa",,1
156000,1.0,2.0,0,81848488,60,,Donostia-San Sebastián,"Donostialdea, Guipúzcoa",1959,0
550000,3.0,3.0,8,81866032,150,125,Donostia-San Sebastián,"Donostialdea, Guipúzcoa",,0
140000,1.0,3.0,0,82347752,64,59,Donostia-San Sebastián,"Donostialdea, Guipúzcoa",1950,0
250000,1.0,3.0,0,82711065,70,69,Donostia-San Sebastián,"Donostialdea, Guipúzcoa",1969,0
69000,1.0,3.0,0,83442692,100,,Donostia-San Sebastián,"Donostialdea, Guipúzcoa",,0
190000,1.0,3.0,0,83464811,92,,Donostia-San Sebastián,"Donostialdea, Guipúzcoa",,0
155000,2.0,2.0,0,84188916,85,,Donostia-San Sebastián,"Donostialdea, Guipúzcoa",,0
269000,1.0,3.0,0,36877920,90,,Donostia-San Sebastián,"Donostialdea, Guipúzcoa",,0
316000,2.0,2.0,0,39802249,90,84,Donostia-San Sebastián,"Donostialdea, Guipúzcoa",2007,1
660000,2.0,6.0,7,81848499,650,,Donostia-San Sebastián,"Donostialdea, Guipúzcoa",1900,1
120000,1.0,3.0,0,32807797,60,55,Donostia-San Sebastián,"Donostialdea, Guipúzcoa",,0
230000,1.0,3.0,0,35247526,80,,Donostia-San Sebastián,"Donostialdea, Guipúzcoa",1977,0
169000,1.0,3.0,0,83159520,66,65,Donostia-San Sebastián,"Donostialdea, Guipúzcoa",1972,0
240000,1.0,3.0,0,84075497,80,78,Donostia-San Sebastián,"Donostialdea, Guipúzcoa",1971,0
150000,1.0,3.0,0,84646129,78,,Donostia-San Sebastián,"Donostialdea, Guipúzcoa",,0
161000,1.0,3.0,0,33947243,70,,Donostia-San Sebastián,"Donostialdea, Guipúzcoa",,0
170000,1.0,3.0,0,36179229,77,,Donostia-San Sebastián,"Donostialdea, Guipúzcoa",,0
480000,4.0,4.0,3,37610439,180,100,Donostia-San Sebastián,"Donostialdea, Guipúzcoa",,1
160000,1.0,3.0,0,82603546,71,65,Donostia-San Sebastián,"Donostialdea, Guipúzcoa",,0
197000,1.0,3.0,0,84061099,95,88,Donostia-San Sebastián,"Donostialdea, Guipúzcoa",,0
575000,4.0,4.0,3,82894399,240,220,Donostia-San Sebastián,"Donostialdea, Guipúzcoa",2003,1
170000,1.0,3.0,0,39712182,67,65,Donostia-San Sebastián,"Donostialdea, Guipúzcoa",,0
312000,1.0,3.0,0,755660,85,,Donostia-San Sebastián,"Donostialdea, Guipúzcoa",,0
900000,3.0,5.0,7,81848545,1000,,Donostia-San Sebastián,"Donostialdea, Guipúzcoa",1960,0
170000,1.0,3.0,0,83053413,70,67,Donostia-San Sebastián,"Donostialdea, Guipúzcoa",1972,0
235000,1.0,2.0,0,84366321,75,70,Donostia-San Sebastián,"Donostialdea, Guipúzcoa",,0
135000,1.0,2.0,0,84636751,55,50,Donostia-San Sebastián,"Donostialdea, Guipúzcoa",1950,0
180000,2.0,2.0,0,39884862,75,70,Donostia-San Sebastián,"Donostialdea, Guipúzcoa",,1
310000,2.0,3.0,0,84371273,77,,Donostia-San Sebastián,"Donostialdea, Guipúzcoa",2003,0
210000,1.0,2.0,0,84215791,56,,Donostia-San Sebastián,"Donostialdea, Guipúzcoa",,0
299000,2.0,3.0,0,84438152,80,74,Donostia-San Sebastián,"Donostialdea, Guipúzcoa",2007,0
99800,1.0,2.0,0,84560883,55,51,Donostia-San Sebastián,"Donostialdea, Guipúzcoa",1944,0
110000,1.0,1.0,0,84653448,62,55,Donostia-San Sebastián,"Donostialdea, Guipúzcoa",,0
575000,4.0,4.0,4,83096393,200,199,Donostia-San Sebastián,"Donostialdea, Guipúzcoa",2002,0
220000,1.0,3.0,0,25449521,99,83,Donostia-San Sebastián,"Donostialdea, Guipúzcoa",,0
274000,3.0,3.0,0,40407388,140,130,Donostia-San Sebastián,"Donostialdea, Guipúzcoa",,0
119000,1.0,3.0,0,81548442,45,,Donostia-San Sebastián,"Donostialdea, Guipúzcoa",,0
169000,1.0,2.0,0,84436168,57,47,Donostia-San Sebastián,"Donostialdea, Guipúzcoa",1930,0
210000,2.0,3.0,0,83828601,90,,Donostia-San Sebastián,"Donostialdea, Guipúzcoa",,0
470000,2.0,3.0,0,84750916,110,96,Donostia-San Sebastián,"Donostialdea, Guipúzcoa",,1
189500,2.0,3.0,0,84754042,82,71,Donostia-San Sebastián,"Donostialdea, Guipúzcoa",1978,0
145000,1.0,3.0,0,83191320,85,73,Donostia-San Sebastián,"Donostialdea, Guipúzcoa",1974,0
140000,1.0,0.0,12,84552956,77,,Donostia-San Sebastián,"Donostialdea, Guipúzcoa",,0
179000,1.0,3.0,0,84584362,80,,Donostia-San Sebastián,"Donostialdea, Guipúzcoa",,0
156000,1.0,2.0,0,30312653,60,59,Donostia-San Sebastián,"Donostialdea, Guipúzcoa",,0
390000,2.0,3.0,0,34823681,94,80,Donostia-San Sebastián,"Donostialdea, Guipúzcoa",,1
164000,1.0,3.0,0,38094102,75,,Donostia-San Sebastián,"Donostialdea, Guipúzcoa",,0
615000,3.0,4.0,3,38139456,300,175,Donostia-San Sebastián,"Donostialdea, Guipúzcoa",,1
239000,2.0,3.0,0,84501095,86,,Donostia-San Sebastián,"Donostialdea, Guipúzcoa",,0
160000,1.0,2.0,0,38836841,60,53,Donostia-San Sebastián,"Donostialdea, Guipúzcoa",1935,0
305000,1.0,3.0,0,38952460,118,105,Donostia-San Sebastián,"Donostialdea, Guipúzcoa",1948,0
170000,1.0,3.0,0,39780136,62,55,Donostia-San Sebastián,"Donostialdea, Guipúzcoa",1972,0
183000,1.0,2.0,0,84543985,90,74,Donostia-San Sebastián,"Donostialdea, Guipúzcoa",2000,1
217000,1.0,3.0,0,84549079,70,65,Donostia-San Sebastián,"Donostialdea, Guipúzcoa",1969,0
290000,2.0,4.0,0,536642,130,100,Donostia-San Sebastián,"Donostialdea, Guipúzcoa",,0
150000,1.0,2.0,0,30252866,50,48,Donostia-San Sebastián,"Donostialdea, Guipúzcoa",1970,0
220000,1.0,3.0,0,40371724,90,77,Donostia-San Sebastián,"Donostialdea, Guipúzcoa",1972,1
198000,1.0,2.0,0,83468419,75,60,Donostia-San Sebastián,"Donostialdea, Guipúzcoa",1975,0
259800,2.0,2.0,0,83921222,79,65,Donostia-San Sebastián,"Donostialdea, Guipúzcoa",,0
155000,1.0,3.0,0,83367576,90,73,Donostia-San Sebastián,"Donostialdea, Guipúzcoa",,1
205000,1.0,3.0,0,84458683,95,85,Donostia-San Sebastián,"Donostialdea, Guipúzcoa",,0
196000,1.0,3.0,0,37314759,70,,Donostia-San Sebastián,"Donostialdea, Guipúzcoa",,0
180000,2.0,3.0,0,40325616,90,75,Donostia-San Sebastián,"Donostialdea, Guipúzcoa",1970,0
305000,1.0,3.0,0,40179298,110,105,Donostia-San Sebastián,"Donostialdea, Guipúzcoa",,0
153000,1.0,3.0,0,83645647,73,60,Donostia-San Sebastián,"Donostialdea, Guipúzcoa",,0
170000,1.0,2.0,0,37249623,60,,Donostia-San Sebastián,"Donostialdea, Guipúzcoa",,0
115000,1.0,2.0,0,84753428,51,42,Donostia-San Sebastián,"Donostialdea, Guipúzcoa",,0
226000,1.0,2.0,0,82039365,65,58,Donostia-San Sebastián,"Donostialdea, Guipúzcoa",2011,0
198000,1.0,2.0,0,83775489,68,60,Donostia-San Sebastián,"Donostialdea, Guipúzcoa",,0
135000,1.0,2.0,0,39263790,75,65,Donostia-San Sebastián,"Donostialdea, Guipúzcoa",,0
145000,1.0,3.0,0,39808522,75,69,Donostia-San Sebastián,"Donostialdea, Guipúzcoa",1966,0
239800,1.0,3.0,0,40003519,85,80,Donostia-San Sebastián,"Donostialdea, Guipúzcoa",,1
96500,1.0,2.0,8,81239908,58,55,Donostia-San Sebastián,"Donostialdea, Guipúzcoa",1951,0
226000,1.0,3.0,0,82789464,75,70,Donostia-San Sebastián,"Donostialdea, Guipúzcoa",,0
220000,2.0,3.0,0,83604930,80,75,Donostia-San Sebastián,"Donostialdea, Guipúzcoa",,1
165000,1.0,4.0,0,82763409,85,75,Donostia-San Sebastián,"Donostialdea, Guipúzcoa",,0
575000,4.0,4.0,0,83037492,240,210,Donostia-San Sebastián,"Donostialdea, Guipúzcoa",,0
355000,2.0,3.0,0,84826063,87,,Donostia-San Sebastián,"Donostialdea, Guipúzcoa",2007,0
150000,1.0,2.0,0,83710489,65,,Donostia-San Sebastián,"Donostialdea, Guipúzcoa",,0
220000,1.0,3.0,0,84420933,70,64,Donostia-San Sebastián,"Donostialdea, Guipúzcoa",1968,0
305000,2.0,2.0,0,35732521,89,,Donostia-San Sebastián,"Donostialdea, Guipúzcoa",,0
160000,1.0,2.0,0,82370344,58,55,Donostia-San Sebastián,"Donostialdea, Guipúzcoa",,0
150000,1.0,3.0,0,84555892,72,67,Donostia-San Sebastián,"Donostialdea, Guipúzcoa",1970,0
168000,1.0,3.0,0,81519019,70,55,Donostia-San Sebastián,"Donostialdea, Guipúzcoa",1972,0
137000,1.0,2.0,0,84686438,65,60,Donostia-San Sebastián,"Donostialdea, Guipúzcoa",,0
269000,2.0,3.0,0,84735771,80,75,Donostia-San Sebastián,"Donostialdea, Guipúzcoa",,0
280000,3.0,3.0,0,83196184,130,,Donostia-San Sebastián,"Donostialdea, Guipúzcoa",,0
158000,1.0,3.0,0,84377106,55,51,Donostia-San Sebastián,"Donostialdea, Guipúzcoa",1963,0
549000,3.0,4.0,0,84550364,166,160,Donostia-San Sebastián,"Donostialdea, Guipúzcoa",1953,0
234000,2.0,3.0,0,82762151,85,84,Donostia-San Sebastián,"Donostialdea, Guipúzcoa",,0
155800,1.0,3.0,0,83053404,73,70,Donostia-San Sebastián,"Donostialdea, Guipúzcoa",,0
320000,2.0,4.0,0,84279613,108,94,Donostia-San Sebastián,"Donostialdea, Guipúzcoa",,0
159000,1.0,3.0,0,84544007,79,78,Donostia-San Sebastián,"Donostialdea, Guipúzcoa",,0
470000,2.0,3.0,0,84813970,110,96,Donostia-San Sebastián,"Donostialdea, Guipúzcoa",,1
480000,4.0,4.0,3,31513766,60,53,Donostia-San Sebastián,"Donostialdea, Guipúzcoa",1997,1
119000,1.0,3.0,0,39956675,70,62,Donostia-San Sebastián,"Donostialdea, Guipúzcoa",,0
310000,2.0,3.0,0,84252983,95,88,Donostia-San Sebastián,"Donostialdea, Guipúzcoa",,0
250000,2.0,3.0,0,36371018,100,90,Donostia-San Sebastián,"Donostialdea, Guipúzcoa",,0
195000,2.0,2.0,0,84321620,68,61,Donostia-San Sebastián,"Donostialdea, Guipúzcoa",2007,1
135000,1.0,2.0,0,84754180,68,53,Donostia-San Sebastián,"Donostialdea, Guipúzcoa",,0
480000,3.0,4.0,6,34546765,145,127,Donostia-San Sebastián,"Donostialdea, Guipúzcoa",,1
575000,4.0,3.0,4,36328968,240,209,Donostia-San Sebastián,"Donostialdea, Guipúzcoa",,1
380000,2.0,2.0,0,84271602,80,74,Donostia-San Sebastián,"Donostialdea, Guipúzcoa",2005,1
234000,2.0,3.0,0,36176034,85,,Donostia-San Sebastián,"Donostialdea, Guipúzcoa",1924,1
995000,3.0,5.0,1,81349041,1000,225,Donostia-San Sebastián,"Donostialdea, Guipúzcoa",,1
200000,2.0,2.0,0,84427057,80,74,Donostia-San Sebastián,"Donostialdea, Guipúzcoa",1975,0
170000,1.0,2.0,0,84759496,70,65,Donostia-San Sebastián,"Donostialdea, Guipúzcoa",,0
199000,1.0,2.0,0,83076596,67,,Donostia-San Sebastián,"Donostialdea, Guipúzcoa",,0
428000,2.0,4.0,0,83623869,137,125,Donostia-San Sebastián,"Donostialdea, Guipúzcoa",1936,1
285000,2.0,3.0,0,84458682,109,100,Donostia-San Sebastián,"Donostialdea, Guipúzcoa",1972,0
425000,2.0,4.0,0,27979899,130,120,Donostia-San Sebastián,"Donostialdea, Guipúzcoa",,0
115000,1.0,2.0,0,39263757,70,55,Donostia-San Sebastián,"Donostialdea, Guipúzcoa",,0
158000,1.0,2.0,0,30508173,68,60,Donostia-San Sebastián,"Donostialdea, Guipúzcoa",1954,0
290000,2.0,3.0,0,81749544,85,,Donostia-San Sebastián,"Donostialdea, Guipúzcoa",2008,0
210000,1.0,1.0,0,81750140,50,,Donostia-San Sebastián,"Donostialdea, Guipúzcoa",2008,0
150000,1.0,3.0,0,82735791,80,69,Donostia-San Sebastián,"Donostialdea, Guipúzcoa",1975,0
159000,1.0,3.0,0,82866653,70,65,Donostia-San Sebastián,"Donostialdea, Guipúzcoa",1972,0
256500,2.0,3.0,0,83109131,80,75,Donostia-San Sebastián,"Donostialdea, Guipúzcoa",2008,0
215000,2.0,3.0,0,84057135,80,75,Donostia-San Sebastián,"Donostialdea, Guipúzcoa",1980,1
257000,2.0,3.0,0,82102031,75,,Donostia-San Sebastián,"Donostialdea, Guipúzcoa",2007,0
285000,2.0,3.0,0,84777843,93,,Donostia-San Sebastián,"Donostialdea, Guipúzcoa",1973,0
480000,4.0,4.0,4,36586119,180,170,Donostia-San Sebastián,"Donostialdea, Guipúzcoa",1997,1
254900,1.0,3.0,0,40540851,89,,Donostia-San Sebastián,"Donostialdea, Guipúzcoa",,0
379000,2.0,4.0,0,82523440,144,,Donostia-San Sebastián,"Donostialdea, Guipúzcoa",,0
240000,1.0,3.0,0,34870853,87,73,Donostia-San Sebastián,"Donostialdea, Guipúzcoa",1978,1
575000,3.0,5.0,3,84769827,193,164,Donostia-San Sebastián,"Donostialdea, Guipúzcoa",2002,1
290000,1.0,4.0,0,40005819,120,100,Donostia-San Sebastián,"Donostialdea, Guipúzcoa",1942,0
495000,3.0,4.0,4,31465292,199,190,Donostia-San Sebastián,"Donostialdea, Guipúzcoa",,0
167000,1.0,2.0,0,84593244,73,61,Donostia-San Sebastián,"Donostialdea, Guipúzcoa",1968,0
190000,1.0,3.0,0,84084041,88,74,Donostia-San Sebastián,"Donostialdea, Guipúzcoa",1976,0
170000,1.0,3.0,0,84865662,75,68,Donostia-San Sebastián,"Donostialdea, Guipúzcoa",1962,0
618000,3.0,4.0,4,40405660,225,186,Donostia-San Sebastián,"Donostialdea, Guipúzcoa",2002,0
1250000,4.0,5.0,4,83528157,426,330,Donostia-San Sebastián,"Donostialdea, Guipúzcoa",1972,0
299000,2.0,4.0,0,84679864,146,112,Donostia-San Sebastián,"Donostialdea, Guipúzcoa",1970,0
435000,2.0,3.0,0,82315977,125,95,Donostia-San Sebastián,"Donostialdea, Guipúzcoa",,1
229000,2.0,3.0,0,83270693,90,80,Donostia-San Sebastián,"Donostialdea, Guipúzcoa",,0
250000,1.0,3.0,0,83746093,88,74,Donostia-San Sebastián,"Donostialdea, Guipúzcoa",,1
229000,2.0,3.0,0,83836490,90,80,Donostia-San Sebastián,"Donostialdea, Guipúzcoa",,0
165000,1.0,2.0,0,84580963,54,47,Donostia-San Sebastián,"Donostialdea, Guipúzcoa",1964,0
165000,1.0,2.0,0,84819965,54,47,Donostia-San Sebastián,"Donostialdea, Guipúzcoa",1964,0
380000,2.0,3.0,0,84143046,77,,Donostia-San Sebastián,"Donostialdea, Guipúzcoa",,1
575000,3.0,4.0,3,40565003,240,210,Donostia-San Sebastián,"Donostialdea, Guipúzcoa",,1
194000,1.0,3.0,0,40031342,80,78,Donostia-San Sebastián,"Donostialdea, Guipúzcoa",,1
195000,1.0,3.0,0,84860533,85,73,Donostia-San Sebastián,"Donostialdea, Guipúzcoa",,1
250000,1.0,3.0,0,83701235,100,80,Donostia-San Sebastián,"Donostialdea, Guipúzcoa",1977,0
155000,1.0,3.0,0,30508276,88,75,Donostia-San Sebastián,"Donostialdea, Guipúzcoa",1968,0
288000,2.0,3.0,0,82739069,95,88,Donostia-San Sebastián,"Donostialdea, Guipúzcoa",1975,0
890000,2.0,3.0,6,81242102,160,149,Donostia-San Sebastián,"Donostialdea, Guipúzcoa",2005,1
170000,1.0,3.0,0,81334477,70,67,Donostia-San Sebastián,"Donostialdea, Guipúzcoa",,0
575000,2.0,4.0,3,81507552,225,187,Donostia-San Sebastián,"Donostialdea, Guipúzcoa",2002,1
710000,2.0,5.0,4,82634225,496,414,Donostia-San Sebastián,"Donostialdea, Guipúzcoa",1900,1
220000,1.0,3.0,0,82753880,75,70,Donostia-San Sebastián,"Donostialdea, Guipúzcoa",,0
285000,2.0,3.0,0,84679823,100,93,Donostia-San Sebastián,"Donostialdea, Guipúzcoa",1973,0
125000,1.0,0.0,12,84844591,75,66,Donostia-San Sebastián,"Donostialdea, Guipúzcoa",,0
415000,2.0,3.0,1,35386586,137,125,Donostia-San Sebastián,"Donostialdea, Guipúzcoa",,0
277000,2.0,3.0,0,83303405,94,82,Donostia-San Sebastián,"Donostialdea, Guipúzcoa",1907,0
170000,1.0,3.0,0,84837289,79,75,Donostia-San Sebastián,"Donostialdea, Guipúzcoa",,0
698000,3.0,3.0,4,81956242,180,,Donostia-San Sebastián,"Donostialdea, Guipúzcoa",2003,1
239000,2.0,2.0,0,84852955,68,57,Donostia-San Sebastián,"Donostialdea, Guipúzcoa",2007,0
169000,1.0,2.0,0,84828653,57,46,Donostia-San Sebastián,"Donostialdea, Guipúzcoa",1930,0
575000,2.0,4.0,3,81733836,226,196,Donostia-San Sebastián,"Donostialdea, Guipúzcoa",2002,1
250000,1.0,3.0,0,84643923,75,,Donostia-San Sebastián,"Donostialdea, Guipúzcoa",,0
269000,2.0,3.0,0,83363502,80,76,Donostia-San Sebastián,"Donostialdea, Guipúzcoa",,0
201000,2.0,2.0,0,84646374,65,,Donostia-San Sebastián,"Donostialdea, Guipúzcoa",,1
650000,2.0,4.0,0,29464015,121,105,Donostia-San Sebastián,"Donostialdea, Guipúzcoa",2003,1
710000,2.0,4.0,4,38427865,429,,Donostia-San Sebastián,"Donostialdea, Guipúzcoa",1900,1
380000,2.0,3.0,0,83898138,85,77,Donostia-San Sebastián,"Donostialdea, Guipúzcoa",1974,1
170000,1.0,3.0,0,84404476,75,70,Donostia-San Sebastián,"Donostialdea, Guipúzcoa",1970,0
290000,1.0,3.0,0,38489846,110,,Donostia-San Sebastián,"Donostialdea, Guipúzcoa",1942,0
150000,1.0,2.0,0,84762328,75,,Donostia-San Sebastián,"Donostialdea, Guipúzcoa",,0
155000,1.0,2.0,0,84643897,55,,Donostia-San Sebastián,"Donostialdea, Guipúzcoa",,0
245000,1.0,3.0,0,33660349,86,76,Donostia-San Sebastián,"Donostialdea, Guipúzcoa",1961,0
130000,1.0,2.0,0,83536741,55,50,Donostia-San Sebastián,"Donostialdea, Guipúzcoa",,0
135000,1.0,2.0,0,83935859,60,55,Donostia-San Sebastián,"Donostialdea, Guipúzcoa",,0
230000,1.0,3.0,0,84304093,80,70,Donostia-San Sebastián,"Donostialdea, Guipúzcoa",1970,0
480000,4.0,4.0,4,32807856,180,170,Donostia-San Sebastián,"Donostialdea, Guipúzcoa",1997,1
379000,2.0,4.0,0,82473440,130,120,Donostia-San Sebastián,"Donostialdea, Guipúzcoa",,1
170000,1.0,2.0,0,84643929,60,,Donostia-San Sebastián,"Donostialdea, Guipúzcoa",,0
160000,1.0,2.0,0,32312995,69,65,Donostia-San Sebastián,"Donostialdea, Guipúzcoa",,0
198000,1.0,2.0,0,84545054,70,59,Donostia-San Sebastián,"Donostialdea, Guipúzcoa",1975,0
549000,3.0,4.0,0,84463592,166,,Donostia-San Sebastián,"Donostialdea, Guipúzcoa",,0
140000,1.0,2.0,0,82358068,59,,Donostia-San Sebastián,"Donostialdea, Guipúzcoa",1966,0
254000,2.0,3.0,0,84060826,83,75,Donostia-San Sebastián,"Donostialdea, Guipúzcoa",,0
240000,1.0,1.0,0,84395185,53,50,Donostia-San Sebastián,"Donostialdea, Guipúzcoa",2005,1
230000,1.0,2.0,0,40304212,75,70,Donostia-San Sebastián,"Donostialdea, Guipúzcoa",1955,0
168500,1.0,3.0,0,39890261,70,67,Donostia-San Sebastián,"Donostialdea, Guipúzcoa",1972,0
110000,1.0,3.0,0,84196818,70,65,Donostia-San Sebastián,"Donostialdea, Guipúzcoa",,0
182000,1.0,1.0,0,83619183,52,45,Donostia-San Sebastián,"Donostialdea, Guipúzcoa",1968,0
234000,1.0,3.0,0,84498157,85,,Donostia-San Sebastián,"Donostialdea, Guipúzcoa",1981,1
498000,3.0,3.0,3,40410501,180,260,Donostia-San Sebastián,"Donostialdea, Guipúzcoa",,1
280000,1.0,2.0,8,38850130,100,60,Donostia-San Sebastián,"Donostialdea, Guipúzcoa",2005,1
310000,2.0,2.0,0,84643889,85,,Donostia-San Sebastián,"Donostialdea, Guipúzcoa",,0
290000,2.0,3.0,0,38775134,190,174,Donostia-San Sebastián,"Donostialdea, Guipúzcoa",1970,0
480000,2.0,4.0,0,82373051,120,113,Donostia-San Sebastián,"Donostialdea, Guipúzcoa",1985,1
225000,1.0,2.0,0,84396357,65,60,Donostia-San Sebastián,"Donostialdea, Guipúzcoa",1970,0
220000,1.0,3.0,0,84034647,85,70,Donostia-San Sebastián,"Donostialdea, Guipúzcoa",1968,0
220000,1.0,3.0,0,84864399,80,70,Donostia-San Sebastián,"Donostialdea, Guipúzcoa",1968,0
428000,2.0,4.0,1,84387162,1050,130,Donostia-San Sebastián,"Donostialdea, Guipúzcoa",,1
305000,1.0,3.0,0,38095814,115,105,Donostia-San Sebastián,"Donostialdea, Guipúzcoa",,0
305800,2.0,3.0,0,83859515,85,74,Donostia-San Sebastián,"Donostialdea, Guipúzcoa",2009,0
325000,2.0,3.0,0,36219306,90,75,Donostia-San Sebastián,"Donostialdea, Guipúzcoa",2007,1
305000,1.0,3.0,0,82826414,110,95,Donostia-San Sebastián,"Donostialdea, Guipúzcoa",1948,0
325000,2.0,3.0,0,83367663,88,77,Donostia-San Sebastián,"Donostialdea, Guipúzcoa",,1
168000,1.0,3.0,0,84797223,67,60,Donostia-San Sebastián,"Donostialdea, Guipúzcoa",1972,0
850000,4.0,4.0,6,84213009,254,,Donostia-San Sebastián,"Donostialdea, Guipúzcoa",1953,1
135000,1.0,2.0,0,83977509,48,45,Donostia-San Sebastián,"Donostialdea, Guipúzcoa",,0
269000,1.0,3.0,0,81308566,90,,Donostia-San Sebastián,"Donostialdea, Guipúzcoa",,0
379000,2.0,4.0,0,82523414,144,,Donostia-San Sebastián,"Donostialdea, Guipúzcoa",,0
220000,1.0,3.0,0,84230988,75,64,Donostia-San Sebastián,"Donostialdea, Guipúzcoa",1968,0
204000,1.0,3.0,0,83703713,94,78,Donostia-San Sebastián,"Donostialdea, Guipúzcoa",1970,1
price,0.0,0.0,11,house_id,m2_real,m2_useful,loc_city,loc_zone,construct_date,1
550000,4.0,5.0,6,83035953,170,164,Donostia-San Sebastián,"Donostialdea, Guipúzcoa",2001,1
450000,2.0,3.0,0,81545151,85,80,Donostia-San Sebastián,"Donostialdea, Guipúzcoa",,0
467000,2.0,3.0,6,37312444,100,90,Donostia-San Sebastián,"Donostialdea, Guipúzcoa",2000,0
377000,2.0,3.0,0,83584857,102,94,Donostia-San Sebastián,"Donostialdea, Guipúzcoa",,0
670000,3.0,5.0,0,81925972,150,,Donostia-San Sebastián,"Donostialdea, Guipúzcoa",,0
700000,3.0,4.0,4,26095834,240,,Donostia-San Sebastián,"Donostialdea, Guipúzcoa",,0
220000,1.0,2.0,0,39997907,54,50,Donostia-San Sebastián,"Donostialdea, Guipúzcoa",,0
275000,1.0,2.0,0,84582766,70,62,Donostia-San Sebastián,"Donostialdea, Guipúzcoa",1999,1
220000,1.0,2.0,0,81260860,60,54,Donostia-San Sebastián,"Donostialdea, Guipúzcoa",1955,0
650000,3.0,3.0,6,40005472,128,117,Donostia-San Sebastián,"Donostialdea, Guipúzcoa",,1
665000,2.0,3.0,0,81427299,120,,Donostia-San Sebastián,"Donostialdea, Guipúzcoa",,1
220000,1.0,2.0,0,82883083,56,54,Donostia-San Sebastián,"Donostialdea, Guipúzcoa",,0
370000,1.0,3.0,0,35890947,70,,Donostia-San Sebastián,"Donostialdea, Guipúzcoa",,1
655000,4.0,5.0,0,36266834,195,175,Donostia-San Sebastián,"Donostialdea, Guipúzcoa",,1
239000,1.0,2.0,0,39336264,55,,Donostia-San Sebastián,"Donostialdea, Guipúzcoa",,0
670000,3.0,3.0,0,82216100,205,200,Donostia-San Sebastián,"Donostialdea, Guipúzcoa",,1
530000,2.0,3.0,0,28767612,110,100,Donostia-San Sebastián,"Donostialdea, Guipúzcoa",1990,1
321000,1.0,1.0,0,26073176,60,56,Donostia-San Sebastián,"Donostialdea, Guipúzcoa",,0
450000,2.0,3.0,0,81627355,83,75,Donostia-San Sebastián,"Donostialdea, Guipúzcoa",1977,0
550000,3.0,4.0,0,82512938,180,140,Donostia-San Sebastián,"Donostialdea, Guipúzcoa",,1
220000,1.0,2.0,0,82774177,54,,Donostia-San Sebastián,"Donostialdea, Guipúzcoa",1965,0
558000,2.0,4.0,0,36949768,120,108,Donostia-San Sebastián,"Donostialdea, Guipúzcoa",,1
498000,2.0,3.0,0,40407365,133,107,Donostia-San Sebastián,"Donostialdea, Guipúzcoa",1972,1
430000,2.0,3.0,6,82952394,105,91,Donostia-San Sebastián,"Donostialdea, Guipúzcoa",,0
495000,2.0,3.0,0,82949698,200,,Donostia-San Sebastián,"Donostialdea, Guipúzcoa",,1
450000,2.0,3.0,0,83242709,100,95,Donostia-San Sebastián,"Donostialdea, Guipúzcoa",1972,1
445000,2.0,2.0,0,81546685,90,80,Donostia-San Sebastián,"Donostialdea, Guipúzcoa",,1
550000,2.0,3.0,0,82379774,130,118,Donostia-San Sebastián,"Donostialdea, Guipúzcoa",,0
550000,2.0,4.0,0,84394638,117,106,Donostia-San Sebastián,"Donostialdea, Guipúzcoa",1976,1
220000,1.0,2.0,0,40545711,60,54,Donostia-San Sebastián,"Donostialdea, Guipúzcoa",,0
650000,2.0,3.0,0,36929783,295,81,Donostia-San Sebastián,"Donostialdea, Guipúzcoa",2001,1
500000,2.0,3.0,0,39683901,130,,Donostia-San Sebastián,"Donostialdea, Guipúzcoa",,0
465000,2.0,2.0,0,84592912,95,,Donostia-San Sebastián,"Donostialdea, Guipúzcoa",,0
290000,1.0,1.0,0,1487422,50,,Donostia-San Sebastián,"Donostialdea, Guipúzcoa",,0
395000,2.0,3.0,0,34303690,120,97,Donostia-San Sebastián,"Donostialdea, Guipúzcoa",,1
700000,4.0,4.0,4,34910461,280,170,Donostia-San Sebastián,"Donostialdea, Guipúzcoa",2005,1
640000,2.0,3.0,0,40289398,120,109,Donostia-San Sebastián,"Donostialdea, Guipúzcoa",2009,1
350000,2.0,3.0,0,81715382,100,90,Donostia-San Sebastián,"Donostialdea, Guipúzcoa",,1
750000,3.0,4.0,4,34546742,260,,Donostia-San Sebastián,"Donostialdea, Guipúzcoa",,0
675000,2.0,3.0,0,82680572,120,108,Donostia-San Sebastián,"Donostialdea, Guipúzcoa",2002,0
220000,1.0,1.0,0,82735236,52,50,Donostia-San Sebastián,"Donostialdea, Guipúzcoa",,0
547000,2.0,3.0,0,83883048,105,83,Donostia-San Sebastián,"Donostialdea, Guipúzcoa",2001,1
280000,2.0,2.0,0,84320336,61,53,Donostia-San Sebastián,"Donostialdea, Guipúzcoa",1986,0
239000,1.0,2.0,0,83408696,60,55,Donostia-San Sebastián,"Donostialdea, Guipúzcoa",,0
360000,2.0,3.0,0,83400136,107,,Donostia-San Sebastián,"Donostialdea, Guipúzcoa",1984,0
350000,2.0,3.0,0,40531371,100,,Donostia-San Sebastián,"Donostialdea, Guipúzcoa",,1
495000,2.0,3.0,0,82207170,104,102,Donostia-San Sebastián,"Donostialdea, Guipúzcoa",1988,1
220000,1.0,2.0,0,84188577,59,54,Donostia-San Sebastián,"Donostialdea, Guipúzcoa",1955,0
68000,1.0,0.0,12,83113691,16,15,Donostia-San Sebastián,"Donostialdea, Guipúzcoa",1900,0
515000,3.0,3.0,6,84486251,160,156,Donostia-San Sebastián,"Donostialdea, Guipúzcoa",1977,0
340000,1.0,3.0,0,84636903,70,53,Donostia-San Sebastián,"Donostialdea, Guipúzcoa",1975,0
320000,1.0,3.0,0,84662523,76,66,Donostia-San Sebastián,"Donostialdea, Guipúzcoa",,1
875000,2.0,3.0,8,39484277,165,150,Donostia-San Sebastián,"Donostialdea, Guipúzcoa",,1
545000,2.0,3.0,6,84348265,120,110,Donostia-San Sebastián,"Donostialdea, Guipúzcoa",1997,1
430000,2.0,3.0,0,84848216,105,95,Donostia-San Sebastián,"Donostialdea, Guipúzcoa",1972,1
535000,2.0,4.0,0,32403825,180,,Donostia-San Sebastián,"Donostialdea, Guipúzcoa",,0
360000,2.0,3.0,0,83939938,120,107,Donostia-San Sebastián,"Donostialdea, Guipúzcoa",,0
550000,3.0,4.0,6,31629569,180,140,Donostia-San Sebastián,"Donostialdea, Guipúzcoa",,1
550000,3.0,4.0,0,413131,180,140,Donostia-San Sebastián,"Donostialdea, Guipúzcoa",,1
750000,3.0,5.0,6,39047774,278,213,Donostia-San Sebastián,"Donostialdea, Guipúzcoa",,1
240000,2.0,4.0,3,33044678,130,115,Donostia-San Sebastián,"Donostialdea, Guipúzcoa",1900,0
490000,3.0,5.0,6,38891111,120,,Donostia-San Sebastián,"Donostialdea, Guipúzcoa",1997,0
285000,1.0,1.0,0,83831466,50,42,Donostia-San Sebastián,"Donostialdea, Guipúzcoa",1987,0
248000,1.0,1.0,0,83819133,55,50,Donostia-San Sebastián,"Donostialdea, Guipúzcoa",1978,0
320000,1.0,3.0,0,84770515,75,66,Donostia-San Sebastián,"Donostialdea, Guipúzcoa",,0
495000,2.0,3.0,0,39438327,110,102,Donostia-San Sebastián,"Donostialdea, Guipúzcoa",1988,1
558000,2.0,4.0,0,37109709,115,108,Donostia-San Sebastián,"Donostialdea, Guipúzcoa",,1
320000,2.0,4.0,0,83199252,100,96,Donostia-San Sebastián,"Donostialdea, Guipúzcoa",1975,1
605000,2.0,3.0,0,83215662,96,95,Donostia-San Sebastián,"Donostialdea, Guipúzcoa",2001,1
535000,2.0,4.0,0,33935615,207,,Donostia-San Sebastián,"Donostialdea, Guipúzcoa",,0
320000,2.0,2.0,0,84078348,69,,Donostia-San Sebastián,"Donostialdea, Guipúzcoa",1969,0
320000,2.0,4.0,6,81234993,100,96,Donostia-San Sebastián,"Donostialdea, Guipúzcoa",1975,1
650000,4.0,4.0,4,83903639,240,200,Donostia-San Sebastián,"Donostialdea, Guipúzcoa",,0
548000,2.0,3.0,0,84755584,145,130,Donostia-San Sebastián,"Donostialdea, Guipúzcoa",1976,1
285000,1.0,1.0,0,84321047,50,42,Donostia-San Sebastián,"Donostialdea, Guipúzcoa",1987,0
875000,4.0,3.0,6,36565033,154,132,Donostia-San Sebastián,"Donostialdea, Guipúzcoa",2002,1
660000,2.0,3.0,0,83767771,100,85,Donostia-San Sebastián,"Donostialdea, Guipúzcoa",,0
550000,3.0,4.0,6,84379672,180,140,Donostia-San Sebastián,"Donostialdea, Guipúzcoa",1977,1
598000,3.0,3.0,6,84744126,220,200,Donostia-San Sebastián,"Donostialdea, Guipúzcoa",,1
380000,1.0,3.0,0,84684075,115,110,Donostia-San Sebastián,"Donostialdea, Guipúzcoa",1983,1
750000,5.0,6.0,4,30508207,271,246,Donostia-San Sebastián,"Donostialdea, Guipúzcoa",,1
875000,3.0,3.0,6,84419016,150,135,Donostia-San Sebastián,"Donostialdea, Guipúzcoa",2002,1
420000,2.0,3.0,6,83422973,88,72,Donostia-San Sebastián,"Donostialdea, Guipúzcoa",1987,1
220000,1.0,2.0,0,40173283,54,50,Donostia-San Sebastián,"Donostialdea, Guipúzcoa",,0
975000,2.0,3.0,6,32111377,165,150,Donostia-San Sebastián,"Donostialdea, Guipúzcoa",,1
655000,4.0,5.0,0,33793537,195,175,Donostia-San Sebastián,"Donostialdea, Guipúzcoa",1976,1
640000,2.0,3.0,0,83733620,130,105,Donostia-San Sebastián,"Donostialdea, Guipúzcoa",2009,0
580000,3.0,4.0,6,28892501,130,127,Donostia-San Sebastián,"Donostialdea, Guipúzcoa",1997,1
695000,4.0,4.0,4,36521806,300,254,Donostia-San Sebastián,"Donostialdea, Guipúzcoa",,1
735000,2.0,4.0,0,81724225,120,110,Donostia-San Sebastián,"Donostialdea, Guipúzcoa",,1
547000,2.0,3.0,0,83924949,105,93,Donostia-San Sebastián,"Donostialdea, Guipúzcoa",2001,1
1200000,3.0,5.0,1,82713479,500,300,Donostia-San Sebastián,"Donostialdea, Guipúzcoa",2003,1
660000,2.0,3.0,0,83120551,100,85,Donostia-San Sebastián,"Donostialdea, Guipúzcoa",1999,1
480000,2.0,4.0,0,37921965,110,,Donostia-San Sebastián,"Donostialdea, Guipúzcoa",,1
548000,2.0,3.0,0,84781669,112,110,Donostia-San Sebastián,"Donostialdea, Guipúzcoa",,1
790000,2.0,3.0,0,84188373,157,137,Donostia-San Sebastián,"Donostialdea, Guipúzcoa",1979,1
545000,3.0,3.0,0,82792198,113,95,Donostia-San Sebastián,"Donostialdea, Guipúzcoa",2001,1
1100000,5.0,4.0,4,84401530,292,250,Donostia-San Sebastián,"Donostialdea, Guipúzcoa",1998,1
350000,2.0,3.0,0,83030422,100,86,Donostia-San Sebastián,"Donostialdea, Guipúzcoa",,1
220000,1.0,2.0,0,84550381,52,,Donostia-San Sebastián,"Donostialdea, Guipúzcoa",1955,0
450000,2.0,4.0,0,32258471,110,95,Donostia-San Sebastián,"Donostialdea, Guipúzcoa",1972,1
239000,1.0,2.0,0,39549881,60,55,Donostia-San Sebastián,"Donostialdea, Guipúzcoa",,0
820000,4.0,4.0,3,83837899,100,340,Donostia-San Sebastián,"Donostialdea, Guipúzcoa",,1
465000,2.0,3.0,0,82674107,115,80,Donostia-San Sebastián,"Donostialdea, Guipúzcoa",,1
360000,2.0,3.0,0,83908048,120,102,Donostia-San Sebastián,"Donostialdea, Guipúzcoa",1983,0
350000,2.0,3.0,0,81437579,85,75,Donostia-San Sebastián,"Donostialdea, Guipúzcoa",1967,1
320000,1.0,3.0,0,82234319,76,66,Donostia-San Sebastián,"Donostialdea, Guipúzcoa",1975,1
650000,3.0,4.0,0,40009285,200,154,Donostia-San Sebastián,"Donostialdea, Guipúzcoa",1976,1
625000,3.0,3.0,6,83601291,188,173,Donostia-San Sebastián,"Donostialdea, Guipúzcoa",2001,1
605000,2.0,3.0,0,84212275,110,95,Donostia-San Sebastián,"Donostialdea, Guipúzcoa",2001,1
235000,1.0,2.0,0,82952063,65,60,Donostia-San Sebastián,"Donostialdea, Guipúzcoa",1997,1
220000,1.0,2.0,0,40320262,55,54,Donostia-San Sebastián,"Donostialdea, Guipúzcoa",,0
300000,2.0,3.0,0,84596783,103,90,Donostia-San Sebastián,"Donostialdea, Guipúzcoa",1999,1
625000,3.0,3.0,6,39758202,185,171,Donostia-San Sebastián,"Donostialdea, Guipúzcoa",2001,1
1195000,9.0,7.0,1,83468822,520,465,Donostia-San Sebastián,"Donostialdea, Guipúzcoa",1981,1
360000,2.0,3.0,0,83484204,107,106,Donostia-San Sebastián,"Donostialdea, Guipúzcoa",1984,0
605000,2.0,3.0,0,83060242,120,,Donostia-San Sebastián,"Donostialdea, Guipúzcoa",2001,1
640000,2.0,3.0,0,83210928,130,105,Donostia-San Sebastián,"Donostialdea, Guipúzcoa",2009,0
695000,4.0,6.0,0,37369996,300,254,Donostia-San Sebastián,"Donostialdea, Guipúzcoa",,1
795000,3.0,5.0,0,83259472,275,238,Donostia-San Sebastián,"Donostialdea, Guipúzcoa",1976,1
490000,2.0,3.0,0,84212895,110,103,Donostia-San Sebastián,"Donostialdea, Guipúzcoa",1997,1
490000,3.0,5.0,6,81335575,144,119,Donostia-San Sebastián,"Donostialdea, Guipúzcoa",1997,0
690000,4.0,4.0,10,82666845,425,235,Donostia-San Sebastián,"Donostialdea, Guipúzcoa",2005,1
465000,2.0,3.0,0,82706222,115,93,Donostia-San Sebastián,"Donostialdea, Guipúzcoa",1980,1
1200000,3.0,5.0,1,82744612,500,283,Donostia-San Sebastián,"Donostialdea, Guipúzcoa",2001,1
415000,2.0,3.0,0,83885195,90,77,Donostia-San Sebastián,"Donostialdea, Guipúzcoa",1977,0
430000,2.0,3.0,6,83886705,110,90,Donostia-San Sebastián,"Donostialdea, Guipúzcoa",2000,0
360000,2.0,3.0,0,84676040,107,82,Donostia-San Sebastián,"Donostialdea, Guipúzcoa",1983,0
370000,2.0,3.0,0,83125975,105,104,Donostia-San Sebastián,"Donostialdea, Guipúzcoa",,1
1000000,3.0,4.0,6,34071139,200,180,Donostia-San Sebastián,"Donostialdea, Guipúzcoa",1984,1
230000,1.0,2.0,0,39639884,65,52,Donostia-San Sebastián,"Donostialdea, Guipúzcoa",1959,0
595000,2.0,2.0,0,82745716,110,86,Donostia-San Sebastián,"Donostialdea, Guipúzcoa",1997,1
250000,1.0,3.0,0,83638323,94,82,Donostia-San Sebastián,"Donostialdea, Guipúzcoa",1988,1
900000,5.0,4.0,1,27715667,500,,Donostia-San Sebastián,"Donostialdea, Guipúzcoa",,1
1450000,5.0,5.0,3,83661836,200,330,Donostia-San Sebastián,"Donostialdea, Guipúzcoa",1995,1
540000,2.0,3.0,0,83566929,109,,Donostia-San Sebastián,"Donostialdea, Guipúzcoa",1979,1
235000,1.0,3.0,0,84778464,65,63,Donostia-San Sebastián,"Donostialdea, Guipúzcoa",,0
380000,1.0,2.0,0,84374803,76,69,Donostia-San Sebastián,"Donostialdea, Guipúzcoa",,1
670000,3.0,4.0,0,84582154,195,130,Donostia-San Sebastián,"Donostialdea, Guipúzcoa",1976,1
220000,1.0,2.0,0,84616630,56,54,Donostia-San Sebastián,"Donostialdea, Guipúzcoa",,0
220000,1.0,2.0,0,84028506,60,54,Donostia-San Sebastián,"Donostialdea, Guipúzcoa",1955,0
365000,2.0,3.0,0,83170234,85,80,Donostia-San Sebastián,"Donostialdea, Guipúzcoa",1984,0
price,0.0,0.0,11,house_id,m2_real,m2_useful,loc_city,loc_zone,construct_date,1
399000,2.0,4.0,0,84882155,110,105,Usurbil,"Donostialdea, Guipúzcoa",,1
320000,3.0,3.0,6,81396790,132,,Usurbil,"Donostialdea, Guipúzcoa",,1
395000,2.0,6.0,13,34816099,808,,Usurbil,"Donostialdea, Guipúzcoa",,0
155000,1.0,3.0,0,32811383,85,,Lasarte-Oria,"Donostialdea, Guipúzcoa",,0
145000,1.0,3.0,0,39972484,65,,Lasarte-Oria,"Donostialdea, Guipúzcoa",,0
160000,1.0,2.0,0,81880386,79,,Lasarte-Oria,"Donostialdea, Guipúzcoa",,0
150000,1.0,2.0,8,81886184,65,,Lasarte-Oria,"Donostialdea, Guipúzcoa",,0
110000,1.0,2.0,0,376044,60,,Usurbil,"Donostialdea, Guipúzcoa",,0
109000,1.0,1.0,0,83795277,45,,Lasarte-Oria,"Donostialdea, Guipúzcoa",,0
950000,4.0,6.0,10,30336093,370,,Lasarte-Oria,"Donostialdea, Guipúzcoa",,1
415000,3.0,4.0,4,39664941,137,127,Usurbil,"Donostialdea, Guipúzcoa",1987,1
349000,2.0,3.0,0,83031044,105,95,Usurbil,"Donostialdea, Guipúzcoa",,1
290000,2.0,3.0,0,82868589,85,78,Lasarte-Oria,"Donostialdea, Guipúzcoa",,0
270000,2.0,2.0,0,26950204,60,,Usurbil,"Donostialdea, Guipúzcoa",,1
115000,1.0,1.0,0,38743072,50,,Usurbil,"Donostialdea, Guipúzcoa",,0
325000,4.0,3.0,10,82843312,134,,Lasarte-Oria,"Donostialdea, Guipúzcoa",,1
120000,1.0,0.0,12,83830670,68,67,Lasarte-Oria,"Donostialdea, Guipúzcoa",,0
160000,1.0,2.0,0,31112329,65,60,Usurbil,"Donostialdea, Guipúzcoa",,0
79000,1.0,2.0,0,81539079,60,57,Usurbil,"Donostialdea, Guipúzcoa",1967,0
200000,1.0,3.0,0,81592799,80,,Lasarte-Oria,"Donostialdea, Guipúzcoa",,0
220000,1.0,3.0,0,82359450,70,,Lasarte-Oria,"Donostialdea, Guipúzcoa",,0
180000,1.0,2.0,0,29496763,100,,Usurbil,"Donostialdea, Guipúzcoa",,0
249000,1.0,2.0,0,34940298,60,,Lasarte-Oria,"Donostialdea, Guipúzcoa",,0
189000,1.0,3.0,0,35098896,82,,Lasarte-Oria,"Donostialdea, Guipúzcoa",,0
115000,1.0,1.0,0,35633228,36,,Usurbil,"Donostialdea, Guipúzcoa",,0
135000,1.0,2.0,0,36772161,55,50,Usurbil,"Donostialdea, Guipúzcoa",,0
165000,1.0,2.0,0,34940279,65,,Lasarte-Oria,"Donostialdea, Guipúzcoa",,0
140000,1.0,3.0,0,37018462,65,,Lasarte-Oria,"Donostialdea, Guipúzcoa",,0
230000,2.0,3.0,0,40034283,83,,Usurbil,"Donostialdea, Guipúzcoa",,0
220000,1.0,3.0,0,82362461,70,,Lasarte-Oria,"Donostialdea, Guipúzcoa",,0
205000,1.0,3.0,0,82509633,81,,Lasarte-Oria,"Donostialdea, Guipúzcoa",,0
195000,1.0,3.0,0,83383520,80,,Lasarte-Oria,"Donostialdea, Guipúzcoa",,0
205000,1.0,3.0,0,83569151,81,,Lasarte-Oria,"Donostialdea, Guipúzcoa",,0
145000,1.0,2.0,0,84168564,64,,Usurbil,"Donostialdea, Guipúzcoa",,0
199000,1.0,2.0,0,1838801,84,75,Lasarte-Oria,"Donostialdea, Guipúzcoa",,0
140000,1.0,3.0,0,32749207,75,70,Lasarte-Oria,"Donostialdea, Guipúzcoa",,0
339500,2.0,3.0,0,35182861,90,80,Lasarte-Oria,"Donostialdea, Guipúzcoa",,0
240000,1.0,2.0,0,35515338,62,,Lasarte-Oria,"Donostialdea, Guipúzcoa",,0
220000,1.0,4.0,0,82069199,116,101,Lasarte-Oria,"Donostialdea, Guipúzcoa",,0
160000,1.0,3.0,0,82827611,70,,Usurbil,"Donostialdea, Guipúzcoa",,0
250000,1.0,3.0,0,84409536,75,70,Lasarte-Oria,"Donostialdea, Guipúzcoa",1966,0
325000,2.0,3.0,0,84568419,115,,Lasarte-Oria,"Donostialdea, Guipúzcoa",1989,1
235000,1.0,3.0,0,84568432,62,,Lasarte-Oria,"Donostialdea, Guipúzcoa",,0
180000,1.0,2.0,0,84774043,59,,Lasarte-Oria,"Donostialdea, Guipúzcoa",,0
350000,2.0,3.0,0,38908071,115,,Lasarte-Oria,"Donostialdea, Guipúzcoa",,0
115000,1.0,1.0,0,81400753,50,45,Usurbil,"Donostialdea, Guipúzcoa",,0
325000,2.0,3.0,0,83108715,115,105,Lasarte-Oria,"Donostialdea, Guipúzcoa",,1
277000,2.0,3.0,0,84267359,111,79,Lasarte-Oria,"Donostialdea, Guipúzcoa",,0
269800,2.0,3.0,0,84267361,111,79,Lasarte-Oria,"Donostialdea, Guipúzcoa",,0
266600,2.0,3.0,0,84267358,106,77,Lasarte-Oria,"Donostialdea, Guipúzcoa",,0
125000,1.0,2.0,0,36614721,62,58,Lasarte-Oria,"Donostialdea, Guipúzcoa",1972,0
360000,5.0,7.0,1,83058981,27000,355,Usurbil,"Donostialdea, Guipúzcoa",,1
625000,3.0,5.0,4,32384843,220,200,Lasarte-Oria,"Donostialdea, Guipúzcoa",2003,0
185000,1.0,3.0,0,84568434,75,,Lasarte-Oria,"Donostialdea, Guipúzcoa",,0
180000,1.0,2.0,0,84676319,65,59,Lasarte-Oria,"Donostialdea, Guipúzcoa",1965,0
269000,2.0,3.0,0,39452338,100,95,Lasarte-Oria,"Donostialdea, Guipúzcoa",,0
153000,1.0,3.0,10,1947323,400,120,Lasarte-Oria,"Donostialdea, Guipúzcoa",,1
160000,1.0,3.0,0,84114123,70,63,Lasarte-Oria,"Donostialdea, Guipúzcoa",,0
347000,3.0,4.0,0,32111963,205,202,Usurbil,"Donostialdea, Guipúzcoa",,0
145000,1.0,2.0,0,36467227,65,60,Lasarte-Oria,"Donostialdea, Guipúzcoa",1969,0
170000,1.0,2.0,0,36745653,64,,Lasarte-Oria,"Donostialdea, Guipúzcoa",,0
600000,3.0,5.0,4,38701537,280,,Lasarte-Oria,"Donostialdea, Guipúzcoa",2003,0
280000,1.0,2.0,0,38830688,73,54,Lasarte-Oria,"Donostialdea, Guipúzcoa",2007,0
265000,2.0,4.0,6,82766138,118,,Lasarte-Oria,"Donostialdea, Guipúzcoa",,0
175000,1.0,3.0,0,83777242,70,,Lasarte-Oria,"Donostialdea, Guipúzcoa",,0
260000,1.0,3.0,0,83822717,70,66,Lasarte-Oria,"Donostialdea, Guipúzcoa",1967,0
160000,1.0,2.0,0,84632742,66,60,Usurbil,"Donostialdea, Guipúzcoa",1967,0
330000,2.0,3.0,0,1602809,105,90,Lasarte-Oria,"Donostialdea, Guipúzcoa",2005,1
325000,2.0,3.0,0,1872982,115,,Lasarte-Oria,"Donostialdea, Guipúzcoa",,1
200000,2.0,4.0,0,1989224,78,,Usurbil,"Donostialdea, Guipúzcoa",,0
630000,3.0,5.0,10,29284149,220,,Lasarte-Oria,"Donostialdea, Guipúzcoa",,1
170000,1.0,2.0,0,36431068,77,,Lasarte-Oria,"Donostialdea, Guipúzcoa",,0
325000,2.0,3.0,0,36886194,81,71,Usurbil,"Donostialdea, Guipúzcoa",,1
215000,1.0,3.0,0,31343975,80,,Lasarte-Oria,"Donostialdea, Guipúzcoa",,0
170000,1.0,2.0,0,82171838,60,,Usurbil,"Donostialdea, Guipúzcoa",,0
170000,1.0,2.0,0,84618070,64,,Lasarte-Oria,"Donostialdea, Guipúzcoa",1970,0
110000,1.0,1.0,8,37061002,47,,Lasarte-Oria,"Donostialdea, Guipúzcoa",,0
1500000,12.0,8.0,4,81530893,600,,Usurbil,"Donostialdea, Guipúzcoa",,0
287000,2.0,3.0,0,84267343,104,75,Lasarte-Oria,"Donostialdea, Guipúzcoa",,0
292000,2.0,3.0,0,84267345,104,75,Lasarte-Oria,"Donostialdea, Guipúzcoa",,0
273000,2.0,2.0,0,84267346,90,64,Lasarte-Oria,"Donostialdea, Guipúzcoa",,0
274000,2.0,2.0,0,84267347,90,64,Lasarte-Oria,"Donostialdea, Guipúzcoa",,0
270000,2.0,2.0,0,84267348,90,64,Lasarte-Oria,"Donostialdea, Guipúzcoa",,0
263000,2.0,2.0,0,84267350,90,64,Lasarte-Oria,"Donostialdea, Guipúzcoa",,0
170000,1.0,2.0,0,84279163,77,67,Lasarte-Oria,"Donostialdea, Guipúzcoa",1970,0
311000,2.0,2.0,0,84417523,87,62,Lasarte-Oria,"Donostialdea, Guipúzcoa",,0
100000,1.0,3.0,0,32092512,65,60,Usurbil,"Donostialdea, Guipúzcoa",,0
165000,1.0,3.0,0,82051627,85,80,Lasarte-Oria,"Donostialdea, Guipúzcoa",,0
170000,1.0,4.0,0,82548616,90,81,Lasarte-Oria,"Donostialdea, Guipúzcoa",,0
155000,1.0,3.0,0,37252902,77,67,Lasarte-Oria,"Donostialdea, Guipúzcoa",,0
675000,3.0,4.0,1,38914523,2287,252,Usurbil,"Donostialdea, Guipúzcoa",,1
520000,3.0,3.0,4,81688988,297,,Lasarte-Oria,"Donostialdea, Guipúzcoa",1993,1
239000,1.0,3.0,0,82141395,65,,Lasarte-Oria,"Donostialdea, Guipúzcoa",,0
260000,1.0,3.0,0,83884020,76,66,Lasarte-Oria,"Donostialdea, Guipúzcoa",1967,0
239000,1.0,3.0,0,84200869,68,65,Lasarte-Oria,"Donostialdea, Guipúzcoa",,0
890000,4.0,4.0,10,30159567,597,295,Lasarte-Oria,"Donostialdea, Guipúzcoa",,1
250000,1.0,4.0,0,84635394,76,69,Lasarte-Oria,"Donostialdea, Guipúzcoa",1966,0
215000,2.0,3.0,0,34620526,86,80,Lasarte-Oria,"Donostialdea, Guipúzcoa",1975,0
760000,3.0,5.0,1,34763417,10000,,Lasarte-Oria,"Donostialdea, Guipúzcoa",1998,1
228000,1.0,3.0,0,82885833,80,70,Lasarte-Oria,"Donostialdea, Guipúzcoa",1970,0
210000,2.0,4.0,0,39366758,90,86,Lasarte-Oria,"Donostialdea, Guipúzcoa",1971,0
310000,2.0,4.0,0,81174259,105,96,Lasarte-Oria,"Donostialdea, Guipúzcoa",1976,0
195000,1.0,3.0,0,83526043,86,80,Lasarte-Oria,"Donostialdea, Guipúzcoa",1970,0
260000,1.0,3.0,0,83840369,68,66,Lasarte-Oria,"Donostialdea, Guipúzcoa",,0
570000,3.0,3.0,3,84406062,289,,Usurbil,"Donostialdea, Guipúzcoa",2001,1
900000,3.0,3.0,4,32149054,195,185,Lasarte-Oria,"Donostialdea, Guipúzcoa",,0
300000,2.0,4.0,0,37202775,113,103,Lasarte-Oria,"Donostialdea, Guipúzcoa",1976,1
496000,3.0,4.0,3,39649956,280,,Usurbil,"Donostialdea, Guipúzcoa",2001,0
675000,4.0,4.0,1,35996223,277,210,Usurbil,"Donostialdea, Guipúzcoa",1970,1
150000,2.0,3.0,0,38847601,84,,Usurbil,"Donostialdea, Guipúzcoa",,0
690000,4.0,7.0,4,83172255,300,,Lasarte-Oria,"Donostialdea, Guipúzcoa",2003,1
325000,2.0,3.0,0,84362025,115,111,Lasarte-Oria,"Donostialdea, Guipúzcoa",1989,1
450000,2.0,3.0,8,35302361,137,115,Lasarte-Oria,"Donostialdea, Guipúzcoa",,0
850000,3.0,4.0,4,36004721,255,215,Lasarte-Oria,"Donostialdea, Guipúzcoa",1998,0
149500,1.0,2.0,0,36467239,70,64,Lasarte-Oria,"Donostialdea, Guipúzcoa",1970,0
145000,1.0,2.0,0,82801254,78,,Lasarte-Oria,"Donostialdea, Guipúzcoa",,0
230000,1.0,2.0,0,84872902,75,,Lasarte-Oria,"Donostialdea, Guipúzcoa",1900,0
180000,1.0,3.0,6,35045452,110,105,Usurbil,"Donostialdea, Guipúzcoa",1951,0
195000,1.0,3.0,0,84466264,75,,Lasarte-Oria,"Donostialdea, Guipúzcoa",1979,0
175000,1.0,2.0,0,84710568,70,65,Lasarte-Oria,"Donostialdea, Guipúzcoa",1969,0
190000,1.0,3.0,0,82600342,60,59,Usurbil,"Donostialdea, Guipúzcoa",,0
155000,1.0,2.0,0,34940252,55,,Usurbil,"Donostialdea, Guipúzcoa",,0
650000,3.0,4.0,4,37009232,229,160,Lasarte-Oria,"Donostialdea, Guipúzcoa",2001,1
795000,4.0,4.0,4,39907074,280,260,Usurbil,"Donostialdea, Guipúzcoa",2007,1
165000,1.0,3.0,0,83067506,80,74,Lasarte-Oria,"Donostialdea, Guipúzcoa",1970,0
198000,2.0,3.0,0,84799392,77,,Lasarte-Oria,"Donostialdea, Guipúzcoa",,1
620000,5.0,4.0,1,83014611,500,300,Lasarte-Oria,"Donostialdea, Guipúzcoa",2002,1
850000,4.0,9.0,4,38038529,335,262,Lasarte-Oria,"Donostialdea, Guipúzcoa",,0
330000,2.0,3.0,0,30507957,118,102,Lasarte-Oria,"Donostialdea, Guipúzcoa",2002,0
390000,2.0,3.0,0,30507958,105,92,Lasarte-Oria,"Donostialdea, Guipúzcoa",,0
279000,2.0,3.0,0,83106785,93,,Lasarte-Oria,"Donostialdea, Guipúzcoa",,0
256000,2.0,2.0,0,84860096,91,64,Lasarte-Oria,"Donostialdea, Guipúzcoa",,0
68000,1.0,2.0,0,40402685,66,62,Usurbil,"Donostialdea, Guipúzcoa",1973,0
790000,7.0,8.0,4,83166030,420,365,Lasarte-Oria,"Donostialdea, Guipúzcoa",2001,1
253000,2.0,3.0,0,84190786,96,87,Lasarte-Oria,"Donostialdea, Guipúzcoa",,0
242000,2.0,3.0,0,84210132,93,83,Lasarte-Oria,"Donostialdea, Guipúzcoa",,0
1500000,4.0,6.0,1,31776208,17924,361,Lasarte-Oria,"Donostialdea, Guipúzcoa",2006,1
590000,3.0,7.0,4,83304610,425,403,Usurbil,"Donostialdea, Guipúzcoa",1966,0
280000,2.0,4.0,0,84647947,110,99,Lasarte-Oria,"Donostialdea, Guipúzcoa",1976,1
508000,3.0,4.0,4,28892498,240,110,Lasarte-Oria,"Donostialdea, Guipúzcoa",1998,1
254000,2.0,3.0,0,83322274,72,,Lasarte-Oria,"Donostialdea, Guipúzcoa",,1
258000,2.0,3.0,0,83322185,68,,Lasarte-Oria,"Donostialdea, Guipúzcoa",,1
317000,2.0,3.0,8,83322285,74,,Lasarte-Oria,"Donostialdea, Guipúzcoa",,1
198500,1.0,2.0,8,83322295,49,,Lasarte-Oria,"Donostialdea, Guipúzcoa",,1
264000,2.0,3.0,0,83322251,69,,Lasarte-Oria,"Donostialdea, Guipúzcoa",,1
239000,2.0,3.0,0,83322294,69,,Lasarte-Oria,"Donostialdea, Guipúzcoa",,1
218500,2.0,3.0,0,83322253,69,,Lasarte-Oria,"Donostialdea, Guipúzcoa",,1
222000,2.0,3.0,0,83196108,76,,Lasarte-Oria,"Donostialdea, Guipúzcoa",,1
241000,2.0,2.0,0,83322240,61,,Lasarte-Oria,"Donostialdea, Guipúzcoa",,1
248000,2.0,3.0,0,83322241,72,,Lasarte-Oria,"Donostialdea, Guipúzcoa",,1
249500,2.0,3.0,0,39606778,76,,Lasarte-Oria,"Donostialdea, Guipúzcoa",,1
244000,2.0,3.0,0,39606783,76,,Lasarte-Oria,"Donostialdea, Guipúzcoa",,1
279000,2.0,3.0,0,83322250,72,,Lasarte-Oria,"Donostialdea, Guipúzcoa",,1
225500,2.0,3.0,0,83322266,69,,Lasarte-Oria,"Donostialdea, Guipúzcoa",,1
230500,2.0,3.0,0,83322265,69,,Lasarte-Oria,"Donostialdea, Guipúzcoa",,1
314500,2.0,3.0,8,83322286,74,,Lasarte-Oria,"Donostialdea, Guipúzcoa",,1
219000,2.0,3.0,0,39606776,72,,Lasarte-Oria,"Donostialdea, Guipúzcoa",,1
238000,2.0,3.0,0,39606775,76,,Lasarte-Oria,"Donostialdea, Guipúzcoa",,1
335000,2.0,3.0,0,37248621,143,110,Usurbil,"Donostialdea, Guipúzcoa",,1
309000,2.0,3.0,0,38369395,135,99,Usurbil,"Donostialdea, Guipúzcoa",,1
320000,2.0,3.0,0,81805266,129,98,Usurbil,"Donostialdea, Guipúzcoa",,1
264000,2.0,2.0,0,81805063,106,79,Usurbil,"Donostialdea, Guipúzcoa",,1
310000,2.0,3.0,0,81805121,135,101,Usurbil,"Donostialdea, Guipúzcoa",,1
314000,2.0,3.0,0,81805122,135,101,Usurbil,"Donostialdea, Guipúzcoa",,1
314000,2.0,3.0,0,81805172,133,101,Usurbil,"Donostialdea, Guipúzcoa",,1
314000,2.0,3.0,0,81805173,132,99,Usurbil,"Donostialdea, Guipúzcoa",,1
320000,2.0,3.0,0,81805346,127,98,Usurbil,"Donostialdea, Guipúzcoa",,1
250000,1.0,3.0,0,35356876,79,65,Usurbil,"Donostialdea, Guipúzcoa",1973,0
480000,3.0,5.0,4,30507999,275,250,Usurbil,"Donostialdea, Guipúzcoa",1997,1
190000,2.0,3.0,0,83423730,89,78,Usurbil,"Donostialdea, Guipúzcoa",1973,0
349000,4.0,3.0,3,83055811,162,135,Lasarte-Oria,"Donostialdea, Guipúzcoa",1998,1
670000,4.0,5.0,4,39040784,295,256,Lasarte-Oria,"Donostialdea, Guipúzcoa",1976,1
535000,4.0,5.0,3,30261952,120,220,Lasarte-Oria,"Donostialdea, Guipúzcoa",2000,1
230000,1.0,2.0,6,31107078,65,,Lasarte-Oria,"Donostialdea, Guipúzcoa",2006,0
585000,3.0,4.0,4,84494181,249,217,Lasarte-Oria,"Donostialdea, Guipúzcoa",2003,1
975000,4.0,5.0,1,30288420,10000,,Usurbil,"Donostialdea, Guipúzcoa",1700,1
220000,1.0,4.0,0,39913000,116,101,Lasarte-Oria,"Donostialdea, Guipúzcoa",1961,0
290000,2.0,3.0,0,84792316,92,82,Lasarte-Oria,"Donostialdea, Guipúzcoa",,0
190000,2.0,3.0,0,82362460,88,,Lasarte-Oria,"Donostialdea, Guipúzcoa",,0
215000,1.0,3.0,0,83575371,63,,Lasarte-Oria,"Donostialdea, Guipúzcoa",,0
350000,2.0,3.0,0,84381223,125,115,Lasarte-Oria,"Donostialdea, Guipúzcoa",1990,1
280000,2.0,3.0,0,84643903,101,,Lasarte-Oria,"Donostialdea, Guipúzcoa",,0
200000,1.0,1.0,8,83855030,48,47,Usurbil,"Donostialdea, Guipúzcoa",1998,1
285000,1.0,2.0,0,83777241,60,,Lasarte-Oria,"Donostialdea, Guipúzcoa",2006,1
270000,1.0,2.0,0,83818669,77,,Lasarte-Oria,"Donostialdea, Guipúzcoa",2008,0
222000,2.0,3.0,0,84188377,92,84,Usurbil,"Donostialdea, Guipúzcoa",,0
292000,1.0,3.0,0,83628264,80,,Lasarte-Oria,"Donostialdea, Guipúzcoa",,0
279000,2.0,3.0,0,83107139,93,,Lasarte-Oria,"Donostialdea, Guipúzcoa",,0
330000,2.0,3.0,0,84839155,95,91,Usurbil,"Donostialdea, Guipúzcoa",2007,1
260000,1.0,3.0,0,84385785,76,66,Lasarte-Oria,"Donostialdea, Guipúzcoa",,0
280000,2.0,3.0,0,83813988,105,85,Usurbil,"Donostialdea, Guipúzcoa",2004,0
156000,1.0,3.0,0,35778795,77,70,Lasarte-Oria,"Donostialdea, Guipúzcoa",1970,0
270000,2.0,3.0,0,84208798,100,92,Lasarte-Oria,"Donostialdea, Guipúzcoa",1976,1
620000,5.0,4.0,3,82165340,400,373,Lasarte-Oria,"Donostialdea, Guipúzcoa",2003,1
115000,1.0,1.0,0,82408717,50,45,Usurbil,"Donostialdea, Guipúzcoa",,0
585000,3.0,5.0,6,83257265,240,210,Lasarte-Oria,"Donostialdea, Guipúzcoa",2003,1
220000,1.0,4.0,0,82866226,117,101,Lasarte-Oria,"Donostialdea, Guipúzcoa",1961,0
215000,1.0,3.0,0,82856984,80,75,Lasarte-Oria,"Donostialdea, Guipúzcoa",1970,0
150000,2.0,3.0,0,83067500,85,84,Usurbil,"Donostialdea, Guipúzcoa",,0
195000,1.0,3.0,0,83414886,80,78,Lasarte-Oria,"Donostialdea, Guipúzcoa",1970,0
180000,1.0,3.0,0,83839356,110,100,Usurbil,"Donostialdea, Guipúzcoa",,1
690000,3.0,4.0,4,84615554,10694,224,Lasarte-Oria,"Donostialdea, Guipúzcoa",,1
price,0.0,0.0,11,house_id,m2_real,m2_useful,loc_city,loc_zone,construct_date,1
348000,2.0,4.0,6,83076533,140,117,Hernani,"Donostialdea, Guipúzcoa",1995,0
210000,2.0,3.0,0,81330940,85,,Andoain,"Donostialdea, Guipúzcoa",,0
120000,1.0,3.0,0,40230129,80,,Hernani,"Donostialdea, Guipúzcoa",,0
180000,1.0,3.0,0,81186969,105,,Hernani,"Donostialdea, Guipúzcoa",,0
600000,2.0,4.0,10,37674448,1500,155,Astigarraga,"Donostialdea, Guipúzcoa",,1
144000,2.0,3.0,0,81281156,78,77,Astigarraga,"Donostialdea, Guipúzcoa",,1
38000,1.0,0.0,12,84053782,28,,Hernani,"Donostialdea, Guipúzcoa",,0
220000,2.0,3.0,0,388100,95,,Andoain,"Donostialdea, Guipúzcoa",,1
160000,1.0,2.0,0,82212783,70,,Andoain,"Donostialdea, Guipúzcoa",,0
220000,2.0,3.0,0,39091967,84,,Andoain,"Donostialdea, Guipúzcoa",,1
158000,1.0,2.0,0,39490474,68,60,Urnieta,"Donostialdea, Guipúzcoa",1968,0
360000,2.0,4.0,0,81280118,112,101,Astigarraga,"Donostialdea, Guipúzcoa",,0
130000,1.0,3.0,0,81980761,61,,Andoain,"Donostialdea, Guipúzcoa",,0
210000,1.0,3.0,0,83936848,77,,Andoain,"Donostialdea, Guipúzcoa",,0
105000,1.0,3.0,0,84072865,58,,Andoain,"Donostialdea, Guipúzcoa",1964,0
120000,1.0,0.0,12,27654150,79,74,Urnieta,"Donostialdea, Guipúzcoa",,0
290000,2.0,3.0,0,39158537,110,,Hernani,"Donostialdea, Guipúzcoa",,0
244000,1.0,2.0,0,81189847,107,,Andoain,"Donostialdea, Guipúzcoa",2018,1
174000,1.0,2.0,0,38001564,68,65,Urnieta,"Donostialdea, Guipúzcoa",,0
109000,1.0,3.0,0,25034404,85,84,Andoain,"Donostialdea, Guipúzcoa",,0
428000,2.0,6.0,5,36253054,12000,,Hernani,"Donostialdea, Guipúzcoa",,1
250000,4.0,12.0,13,83477546,550,,Urnieta,"Donostialdea, Guipúzcoa",,0
120000,1.0,2.0,0,84369113,67,,Urnieta,"Donostialdea, Guipúzcoa",,0
235000,1.0,2.0,0,651968,50,,Hernani,"Donostialdea, Guipúzcoa",,0
250000,1.0,3.0,0,25265505,105,90,Hernani,"Donostialdea, Guipúzcoa",1974,0
125000,1.0,2.0,0,34737824,65,,Andoain,"Donostialdea, Guipúzcoa",,0
285000,2.0,3.0,0,34998963,118,,Urnieta,"Donostialdea, Guipúzcoa",,1
279000,2.0,2.0,0,84234970,92,,Astigarraga,"Donostialdea, Guipúzcoa",,1
120000,1.0,2.0,0,84633635,72,,Andoain,"Donostialdea, Guipúzcoa",1900,0
165000,1.0,3.0,0,38768651,82,,Andoain,"Donostialdea, Guipúzcoa",,0
172000,1.0,2.0,0,38886309,55,,Hernani,"Donostialdea, Guipúzcoa",,0
150000,1.0,2.0,0,83411024,62,,Andoain,"Donostialdea, Guipúzcoa",1970,0
190000,2.0,3.0,0,36296191,180,160,Andoain,"Donostialdea, Guipúzcoa",,0
110000,1.0,3.0,0,84568433,81,76,Andoain,"Donostialdea, Guipúzcoa",,0
144000,1.0,4.0,0,1915950,65,,Andoain,"Donostialdea, Guipúzcoa",,0
155000,1.0,3.0,0,29730181,70,,Urnieta,"Donostialdea, Guipúzcoa",,0
190000,1.0,2.0,0,32924007,73,,Hernani,"Donostialdea, Guipúzcoa",,0
190000,1.0,2.0,0,34983555,65,,Astigarraga,"Donostialdea, Guipúzcoa",,0
190000,1.0,3.0,0,35174052,70,65,Hernani,"Donostialdea, Guipúzcoa",,0
140000,1.0,2.0,0,2130297,55,,Hernani,"Donostialdea, Guipúzcoa",,0
190000,1.0,3.0,0,33228706,105,95,Hernani,"Donostialdea, Guipúzcoa",,0
300000,1.0,2.0,0,81965314,70,,Hernani,"Donostialdea, Guipúzcoa",,1
265000,2.0,3.0,0,82337003,90,89,Urnieta,"Donostialdea, Guipúzcoa",1992,0
165000,1.0,3.0,0,83638472,90,70,Andoain,"Donostialdea, Guipúzcoa",,0
300000,1.0,1.0,0,38836852,482,,Andoain,"Donostialdea, Guipúzcoa",,0
130000,1.0,3.0,0,83690411,75,65,Andoain,"Donostialdea, Guipúzcoa",,0
144000,1.0,3.0,0,37186234,70,65,Hernani,"Donostialdea, Guipúzcoa",,1
293000,2.0,3.0,0,38355908,105,102,Andoain,"Donostialdea, Guipúzcoa",,0
165000,1.0,3.0,0,33820121,82,,Andoain,"Donostialdea, Guipúzcoa",,0
200000,1.0,3.0,0,82273709,104,103,Hernani,"Donostialdea, Guipúzcoa",1975,1
168000,1.0,3.0,0,83218062,70,,Andoain,"Donostialdea, Guipúzcoa",,0
120000,1.0,3.0,0,83315110,60,,Andoain,"Donostialdea, Guipúzcoa",1973,0
150000,1.0,2.0,0,83968955,60,,Andoain,"Donostialdea, Guipúzcoa",,0
130000,1.0,2.0,0,84122346,70,,Andoain,"Donostialdea, Guipúzcoa",,0
97000,1.0,1.0,0,36480780,50,,Hernani,"Donostialdea, Guipúzcoa",1977,0
38000,1.0,0.0,12,38284038,31,30,Hernani,"Donostialdea, Guipúzcoa",,0
220000,1.0,3.0,0,39383314,100,90,Hernani,"Donostialdea, Guipúzcoa",,0
169900,1.0,3.0,0,40011131,75,,Urnieta,"Donostialdea, Guipúzcoa",,0
180000,1.0,3.0,0,81195694,103,90,Hernani,"Donostialdea, Guipúzcoa",,0
279000,2.0,3.0,0,81210549,115,110,Hernani,"Donostialdea, Guipúzcoa",,0
189000,1.0,3.0,0,82931163,94,90,Hernani,"Donostialdea, Guipúzcoa",,0
118000,1.0,2.0,0,82987780,50,46,Hernani,"Donostialdea, Guipúzcoa",,0
300000,2.0,3.0,0,83643607,101,88,Hernani,"Donostialdea, Guipúzcoa",1993,1
480000,2.0,3.0,3,84319735,250,,Urnieta,"Donostialdea, Guipúzcoa",,1
200000,1.0,3.0,0,84415873,90,80,Andoain,"Donostialdea, Guipúzcoa",1972,0
160000,1.0,3.0,0,84415031,75,72,Hernani,"Donostialdea, Guipúzcoa",,0
198000,1.0,2.0,0,84606310,68,65,Urnieta,"Donostialdea, Guipúzcoa",,0
100000,1.0,3.0,0,84628260,80,,Andoain,"Donostialdea, Guipúzcoa",,0
190000,1.0,2.0,0,82668275,70,,Astigarraga,"Donostialdea, Guipúzcoa",,0
170000,1.0,3.0,0,29947430,75,74,Urnieta,"Donostialdea, Guipúzcoa",,0
195000,1.0,3.0,0,81196451,100,90,Hernani,"Donostialdea, Guipúzcoa",,0
170000,1.0,3.0,0,26104394,75,74,Urnieta,"Donostialdea, Guipúzcoa",,0
70000,1.0,0.0,12,81425509,60,50,Hernani,"Donostialdea, Guipúzcoa",,0
170000,1.0,3.0,0,35796121,67,,Andoain,"Donostialdea, Guipúzcoa",,1
247000,1.0,2.0,0,542769,50,,Hernani,"Donostialdea, Guipúzcoa",,0
260000,1.0,2.0,0,543377,70,,Hernani,"Donostialdea, Guipúzcoa",,0
236000,2.0,3.0,0,523143,96,90,Hernani,"Donostialdea, Guipúzcoa",,0
158000,1.0,3.0,0,34752266,65,,Hernani,"Donostialdea, Guipúzcoa",,0
155000,1.0,3.0,0,37497363,80,73,Urnieta,"Donostialdea, Guipúzcoa",1970,0
167000,1.0,3.0,0,82464166,88,,Andoain,"Donostialdea, Guipúzcoa",,0
210000,1.0,2.0,0,32788014,75,67,Hernani,"Donostialdea, Guipúzcoa",,0
500000,3.0,4.0,3,81622154,250,,Andoain,"Donostialdea, Guipúzcoa",,1
115000,1.0,3.0,0,36342619,70,,Andoain,"Donostialdea, Guipúzcoa",,0
156000,1.0,2.0,0,84063870,55,,Hernani,"Donostialdea, Guipúzcoa",1963,0
175000,2.0,3.0,0,35430263,150,140,Andoain,"Donostialdea, Guipúzcoa",1900,0
185000,1.0,3.0,0,82192183,65,,Urnieta,"Donostialdea, Guipúzcoa",,0
300000,2.0,3.0,0,84457978,100,90,Hernani,"Donostialdea, Guipúzcoa",,1
240000,1.0,2.0,0,84165329,72,67,Astigarraga,"Donostialdea, Guipúzcoa",,1
175000,2.0,4.0,0,31726856,165,150,Andoain,"Donostialdea, Guipúzcoa",,0
280000,2.0,3.0,0,35775134,93,88,Astigarraga,"Donostialdea, Guipúzcoa",2010,0
299000,2.0,3.0,6,37715594,96,95,Urnieta,"Donostialdea, Guipúzcoa",,1
530000,2.0,5.0,13,38196781,25000,479,Urnieta,"Donostialdea, Guipúzcoa",,1
220000,2.0,3.0,6,38568298,84,,Andoain,"Donostialdea, Guipúzcoa",,0
170000,1.0,2.0,0,39353053,77,67,Andoain,"Donostialdea, Guipúzcoa",1976,1
1000000,2.0,4.0,7,84778857,22000,,Hernani,"Donostialdea, Guipúzcoa",,1
195000,1.0,3.0,0,640740,77,67,Hernani,"Donostialdea, Guipúzcoa",,0
660000,3.0,4.0,3,25143860,100,220,Urnieta,"Donostialdea, Guipúzcoa",,1
290000,2.0,3.0,6,29988028,102,95,Urnieta,"Donostialdea, Guipúzcoa",,1
199000,2.0,3.0,0,32713280,99,97,Hernani,"Donostialdea, Guipúzcoa",,0
145000,1.0,2.0,0,33935318,66,54,Urnieta,"Donostialdea, Guipúzcoa",,0
140000,1.0,0.0,12,30604589,45,42,Hernani,"Donostialdea, Guipúzcoa",,0
180000,1.0,3.0,0,81152137,87,,Hernani,"Donostialdea, Guipúzcoa",1956,0
180000,1.0,1.0,0,81328537,50,,Hernani,"Donostialdea, Guipúzcoa",,0
650000,5.0,5.0,1,82062417,10000,,Hernani,"Donostialdea, Guipúzcoa",2008,1
298000,2.0,3.0,0,82459010,105,101,Hernani,"Donostialdea, Guipúzcoa",,0
320000,1.0,2.0,0,83943260,86,76,Hernani,"Donostialdea, Guipúzcoa",,1
256500,1.0,3.0,0,82859373,93,,Andoain,"Donostialdea, Guipúzcoa",,0
350000,2.0,4.0,6,82633410,110,108,Astigarraga,"Donostialdea, Guipúzcoa",2000,0
310000,2.0,2.0,0,84760791,80,67,Astigarraga,"Donostialdea, Guipúzcoa",,1
140000,1.0,2.0,0,39602018,45,41,Hernani,"Donostialdea, Guipúzcoa",,0
118500,1.0,3.0,0,81518813,46,,Hernani,"Donostialdea, Guipúzcoa",,0
190000,1.0,2.0,0,82633388,65,64,Astigarraga,"Donostialdea, Guipúzcoa",,0
185000,1.0,2.0,0,84553640,68,54,Astigarraga,"Donostialdea, Guipúzcoa",1964,0
230000,1.0,3.0,0,84636474,87,80,Hernani,"Donostialdea, Guipúzcoa",,0
230000,2.0,3.0,0,84867095,92,87,Hernani,"Donostialdea, Guipúzcoa",,0
210000,1.0,3.0,0,31061670,70,62,Hernani,"Donostialdea, Guipúzcoa",,0
369000,2.0,3.0,0,81734799,130,112,Hernani,"Donostialdea, Guipúzcoa",2005,0
598000,4.0,5.0,10,82415931,388,370,Hernani,"Donostialdea, Guipúzcoa",2001,1
340000,2.0,3.0,0,83692160,92,81,Hernani,"Donostialdea, Guipúzcoa",1995,0
279000,2.0,2.0,0,83836880,92,74,Astigarraga,"Donostialdea, Guipúzcoa",2011,1
275000,2.0,3.0,6,38073575,100,,Urnieta,"Donostialdea, Guipúzcoa",,1
150000,1.0,3.0,0,31305873,110,,Hernani,"Donostialdea, Guipúzcoa",,0
180000,1.0,4.0,0,84549055,87,,Andoain,"Donostialdea, Guipúzcoa",,0
600000,3.0,5.0,4,40544829,230,210,Hernani,"Donostialdea, Guipúzcoa",1960,1
590000,2.0,4.0,10,81707884,1500,136,Astigarraga,"Donostialdea, Guipúzcoa",,0
350000,2.0,4.0,6,83196180,110,102,Astigarraga,"Donostialdea, Guipúzcoa",1999,1
800000,5.0,6.0,1,38993538,10000,950,Andoain,"Donostialdea, Guipúzcoa",1977,1
195000,1.0,2.0,0,40237380,68,65,Astigarraga,"Donostialdea, Guipúzcoa",,0
650000,2.0,2.0,1,83528407,25000,215,Astigarraga,"Donostialdea, Guipúzcoa",,0
280000,2.0,3.0,0,84569124,85,75,Astigarraga,"Donostialdea, Guipúzcoa",,1
120000,1.0,3.0,0,33820098,70,,Andoain,"Donostialdea, Guipúzcoa",,0
200000,1.0,3.0,0,81583978,100,,Hernani,"Donostialdea, Guipúzcoa",,1
275000,2.0,3.0,6,82881775,100,92,Urnieta,"Donostialdea, Guipúzcoa",2005,1
190000,1.0,3.0,0,82974068,89,87,Hernani,"Donostialdea, Guipúzcoa",,0
172000,1.0,2.0,0,84582264,60,,Hernani,"Donostialdea, Guipúzcoa",,0
149000,1.0,5.0,0,37767268,130,,Hernani,"Donostialdea, Guipúzcoa",,0
186000,2.0,3.0,0,81988598,90,80,Andoain,"Donostialdea, Guipúzcoa",1980,0
279000,2.0,2.0,0,84161904,92,74,Astigarraga,"Donostialdea, Guipúzcoa",2011,1
159000,1.0,2.0,0,30224909,82,78,Urnieta,"Donostialdea, Guipúzcoa",,0
195000,1.0,2.0,0,38377380,72,65,Astigarraga,"Donostialdea, Guipúzcoa",1977,0
453200,2.0,5.0,13,84300885,757,535,Astigarraga,"Donostialdea, Guipúzcoa",1900,0
525000,3.0,4.0,3,28314251,30,,Hernani,"Donostialdea, Guipúzcoa",,1
186000,1.0,3.0,0,29216795,73,70,Andoain,"Donostialdea, Guipúzcoa",,0
428000,2.0,6.0,9,81964591,450,400,Hernani,"Donostialdea, Guipúzcoa",,1
490000,3.0,4.0,3,82087982,260,,Andoain,"Donostialdea, Guipúzcoa",2000,1
275000,2.0,3.0,0,82530440,89,,Urnieta,"Donostialdea, Guipúzcoa",1993,0
295000,2.0,3.0,6,82881807,110,98,Urnieta,"Donostialdea, Guipúzcoa",2005,1
339000,2.0,3.0,0,84227310,88,83,Astigarraga,"Donostialdea, Guipúzcoa",2007,1
1150000,5.0,4.0,4,28894424,450,381,Astigarraga,"Donostialdea, Guipúzcoa",2002,0
465000,3.0,4.0,4,82545998,500,,Astigarraga,"Donostialdea, Guipúzcoa",,0
650000,5.0,5.0,4,39513946,654,537,Urnieta,"Donostialdea, Guipúzcoa",1997,1
270000,2.0,3.0,0,84577656,115,110,Hernani,"Donostialdea, Guipúzcoa",,0
179000,1.0,4.0,0,34714245,76,,Andoain,"Donostialdea, Guipúzcoa",,0
250000,2.0,3.0,0,39429580,95,88,Hernani,"Donostialdea, Guipúzcoa",,0
190000,1.0,3.0,0,81375600,103,88,Hernani,"Donostialdea, Guipúzcoa",1984,1
625000,2.0,4.0,2,84270497,70797,,Urnieta,"Donostialdea, Guipúzcoa",,1
240000,2.0,2.0,0,81226582,85,60,Astigarraga,"Donostialdea, Guipúzcoa",,0
196000,1.0,2.0,0,84643300,70,67,Astigarraga,"Donostialdea, Guipúzcoa",,0
72700,3.0,2.0,0,84202717,207,164,Hernani,"Donostialdea, Guipúzcoa",,0
190000,1.0,2.0,0,84477604,60,55,Astigarraga,"Donostialdea, Guipúzcoa",,0
280000,1.0,2.0,0,84547068,77,73,Urnieta,"Donostialdea, Guipúzcoa",,0
800000,5.0,6.0,4,84836778,1000,740,Andoain,"Donostialdea, Guipúzcoa",,1
190000,1.0,3.0,0,84872910,87,,Hernani,"Donostialdea, Guipúzcoa",1974,0
210000,2.0,3.0,0,81440213,82,,Astigarraga,"Donostialdea, Guipúzcoa",,0
300000,2.0,3.0,0,38164455,89,,Urnieta,"Donostialdea, Guipúzcoa",,1
330000,2.0,3.0,6,82048209,115,101,Astigarraga,"Donostialdea, Guipúzcoa",,1
286000,2.0,3.0,0,39489749,99,74,Astigarraga,"Donostialdea, Guipúzcoa",,0
350000,3.0,3.0,0,39489858,114,100,Astigarraga,"Donostialdea, Guipúzcoa",,0
300000,2.0,3.0,0,39489852,82,76,Astigarraga,"Donostialdea, Guipúzcoa",,0
186500,1.0,2.0,0,31544399,67,60,Hernani,"Donostialdea, Guipúzcoa",1968,0
235000,2.0,3.0,0,38038792,88,,Astigarraga,"Donostialdea, Guipúzcoa",,1
320000,2.0,3.0,8,35495041,91,,Astigarraga,"Donostialdea, Guipúzcoa",,1
285000,2.0,3.0,8,82931815,112,98,Urnieta,"Donostialdea, Guipúzcoa",2005,1
153000,1.0,3.0,0,30125067,78,75,Andoain,"Donostialdea, Guipúzcoa",,0
160000,1.0,2.0,0,33045069,67,,Andoain,"Donostialdea, Guipúzcoa",,1
293000,2.0,3.0,0,36189216,108,98,Hernani,"Donostialdea, Guipúzcoa",,1
159000,1.0,5.0,0,37764363,150,130,Hernani,"Donostialdea, Guipúzcoa",1900,0
285000,2.0,3.0,0,82663601,103,,Hernani,"Donostialdea, Guipúzcoa",,0
600000,5.0,6.0,1,83242764,310,280,Hernani,"Donostialdea, Guipúzcoa",1960,1
339000,2.0,3.0,0,83550334,100,85,Astigarraga,"Donostialdea, Guipúzcoa",2007,1
117000,1.0,2.0,0,84205899,55,46,Hernani,"Donostialdea, Guipúzcoa",1964,0
120000,1.0,3.0,0,84618331,70,65,Hernani,"Donostialdea, Guipúzcoa",1969,0
699000,5.0,4.0,4,84750605,442,,Astigarraga,"Donostialdea, Guipúzcoa",,1
250000,1.0,3.0,0,38915191,100,85,Astigarraga,"Donostialdea, Guipúzcoa",,0
190000,1.0,2.0,0,84482794,65,,Astigarraga,"Donostialdea, Guipúzcoa",,0
115000,1.0,3.0,0,84844416,58,,Andoain,"Donostialdea, Guipúzcoa",,0
285000,2.0,2.0,0,84376088,75,,Astigarraga,"Donostialdea, Guipúzcoa",,0
699000,5.0,4.0,4,84750576,442,,Astigarraga,"Donostialdea, Guipúzcoa",,1
279000,2.0,3.0,0,37444680,110,105,Hernani,"Donostialdea, Guipúzcoa",,0
140000,1.0,2.0,0,26237939,68,,Hernani,"Donostialdea, Guipúzcoa",,0
195000,1.0,3.0,0,81267381,100,95,Hernani,"Donostialdea, Guipúzcoa",,0
117000,1.0,2.0,0,82463696,55,45,Hernani,"Donostialdea, Guipúzcoa",,0
300000,2.0,3.0,0,83461869,100,88,Hernani,"Donostialdea, Guipúzcoa",,1
190000,1.0,3.0,0,83795217,105,100,Hernani,"Donostialdea, Guipúzcoa",,0
155000,1.0,2.0,0,82530716,75,64,Hernani,"Donostialdea, Guipúzcoa",1955,0
145000,2.0,3.0,0,82978795,155,122,Hernani,"Donostialdea, Guipúzcoa",1900,0
90000,1.0,2.0,0,83001299,89,65,Hernani,"Donostialdea, Guipúzcoa",1900,0
310000,2.0,3.0,0,84380555,115,97,Andoain,"Donostialdea, Guipúzcoa",,1
323400,3.0,4.0,6,31224263,201,161,Hernani,"Donostialdea, Guipúzcoa",1976,0
375000,3.0,8.0,0,39790774,280,,Urnieta,"Donostialdea, Guipúzcoa",,0
215000,2.0,2.0,0,83533366,85,,Astigarraga,"Donostialdea, Guipúzcoa",1998,0
570000,2.0,4.0,4,84194492,165,130,Astigarraga,"Donostialdea, Guipúzcoa",1974,1
190000,1.0,2.0,0,84462680,55,,Astigarraga,"Donostialdea, Guipúzcoa",,0
350000,2.0,4.0,6,84871133,110,101,Astigarraga,"Donostialdea, Guipúzcoa",1999,1
325000,1.0,2.0,8,84708083,61,,Astigarraga,"Donostialdea, Guipúzcoa",2010,1
169900,1.0,2.0,0,84032745,79,69,Andoain,"Donostialdea, Guipúzcoa",1960,0
215000,1.0,2.0,1,81554086,1200,72,Hernani,"Donostialdea, Guipúzcoa",,0
139950,1.0,2.0,0,84207627,68,62,Hernani,"Donostialdea, Guipúzcoa",1954,0
320000,2.0,2.0,6,29038325,78,,Astigarraga,"Donostialdea, Guipúzcoa",,1
360000,2.0,3.0,0,32909320,120,,Hernani,"Donostialdea, Guipúzcoa",1998,1
360000,2.0,2.0,0,32994374,84,,Astigarraga,"Donostialdea, Guipúzcoa",1998,1
140000,1.0,2.0,0,37934389,72,64,Hernani,"Donostialdea, Guipúzcoa",1969,0
274999,2.0,3.0,0,39565884,110,105,Hernani,"Donostialdea, Guipúzcoa",,0
140000,1.0,2.0,0,83834308,55,48,Hernani,"Donostialdea, Guipúzcoa",,0
590000,2.0,4.0,10,82099123,1500,135,Astigarraga,"Donostialdea, Guipúzcoa",,1
465000,2.0,4.0,9,82671823,226,188,Urnieta,"Donostialdea, Guipúzcoa",1973,1
140000,1.0,1.0,0,34594194,45,41,Hernani,"Donostialdea, Guipúzcoa",,0
280000,1.0,2.0,0,84480546,84,73,Urnieta,"Donostialdea, Guipúzcoa",2005,1
465000,3.0,3.0,4,30536987,198,180,Astigarraga,"Donostialdea, Guipúzcoa",2007,0
530000,2.0,5.0,9,81962375,500,450,Urnieta,"Donostialdea, Guipúzcoa",1900,1
325000,1.0,1.0,8,84781367,61,,Astigarraga,"Donostialdea, Guipúzcoa",2010,1
800000,6.0,6.0,4,40559203,1000,740,Andoain,"Donostialdea, Guipúzcoa",1976,1
117000,1.0,2.0,0,84876092,60,53,Urnieta,"Donostialdea, Guipúzcoa",,0
360000,2.0,3.0,0,84854263,92,84,Hernani,"Donostialdea, Guipúzcoa",,1
800000,8.0,8.0,1,84276422,11000,385,Hernani,"Donostialdea, Guipúzcoa",,1
260000,1.0,2.0,0,84822172,80,74,Urnieta,"Donostialdea, Guipúzcoa",2005,1
330000,2.0,3.0,0,82714364,121,92,Astigarraga,"Donostialdea, Guipúzcoa",2001,1
85000,0.0,0.0,0,83117848,115,114,Hernani,"Donostialdea, Guipúzcoa",1959,0
110000,1.0,3.0,0,84224159,70,68,Andoain,"Donostialdea, Guipúzcoa",1960,0
149000,1.0,2.0,0,83609119,70,60,Urnieta,"Donostialdea, Guipúzcoa",1968,0
279000,3.0,2.0,0,84644005,81,,Urnieta,"Donostialdea, Guipúzcoa",,0
293000,2.0,3.0,0,38181694,110,109,Andoain,"Donostialdea, Guipúzcoa",2008,0
149000,1.0,6.0,0,39325986,175,150,Hernani,"Donostialdea, Guipúzcoa",,0
125000,1.0,2.0,0,39390768,70,63,Hernani,"Donostialdea, Guipúzcoa",,0
117000,1.0,3.0,0,39646514,52,49,Hernani,"Donostialdea, Guipúzcoa",,0
180000,1.0,3.0,0,84144978,78,72,Hernani,"Donostialdea, Guipúzcoa",,0
390000,3.0,4.0,3,82732775,709,179,Hernani,"Donostialdea, Guipúzcoa",1997,1
125000,1.0,0.0,12,83772417,52,47,Urnieta,"Donostialdea, Guipúzcoa",1998,0
172000,1.0,2.0,0,84526443,60,55,Hernani,"Donostialdea, Guipúzcoa",,0
136000,1.0,2.0,0,84634492,67,63,Andoain,"Donostialdea, Guipúzcoa",,0
160000,1.0,2.0,0,84773761,60,55,Hernani,"Donostialdea, Guipúzcoa",,0
280000,2.0,4.0,0,84643907,120,,Hernani,"Donostialdea, Guipúzcoa",,0
369000,2.0,3.0,6,81732308,132,113,Hernani,"Donostialdea, Guipúzcoa",2005,0
590000,2.0,4.0,4,84644033,136,,Astigarraga,"Donostialdea, Guipúzcoa",,0
746000,3.0,4.0,4,84644034,368,,Hernani,"Donostialdea, Guipúzcoa",,0
248000,2.0,3.0,0,84866957,100,,Hernani,"Donostialdea, Guipúzcoa",,0
278500,2.0,3.0,0,39596636,120,110,Hernani,"Donostialdea, Guipúzcoa",,0
285000,2.0,3.0,0,82663594,103,,Hernani,"Donostialdea, Guipúzcoa",,0
168000,1.0,3.0,0,83002156,85,80,Urnieta,"Donostialdea, Guipúzcoa",,0
445000,3.0,4.0,3,39755795,390,136,Andoain,"Donostialdea, Guipúzcoa",1999,1
210000,2.0,3.0,0,83110268,80,73,Astigarraga,"Donostialdea, Guipúzcoa",1977,0
570000,3.0,4.0,3,83001476,320,200,Astigarraga,"Donostialdea, Guipúzcoa",1997,1
295000,2.0,3.0,0,84643932,90,,Hernani,"Donostialdea, Guipúzcoa",,0
190000,1.0,2.0,0,84861647,65,55,Astigarraga,"Donostialdea, Guipúzcoa",,0
615000,3.0,5.0,4,83759821,220,,Urnieta,"Donostialdea, Guipúzcoa",1975,1
190000,1.0,2.0,0,84826464,60,55,Astigarraga,"Donostialdea, Guipúzcoa",,0
169900,1.0,2.0,0,84710930,75,70,Andoain,"Donostialdea, Guipúzcoa",1960,0
240000,2.0,4.0,0,82199562,120,112,Hernani,"Donostialdea, Guipúzcoa",,0
170000,1.0,3.0,0,84464444,98,84,Hernani,"Donostialdea, Guipúzcoa",,0
300000,2.0,3.0,0,39362315,132,80,Astigarraga,"Donostialdea, Guipúzcoa",2018,0
690000,3.0,3.0,10,81438155,4500,313,Hernani,"Donostialdea, Guipúzcoa",1976,1
570000,2.0,4.0,10,81831235,1500,135,Astigarraga,"Donostialdea, Guipúzcoa",1973,1
299000,2.0,3.0,0,39314805,108,94,Hernani,"Donostialdea, Guipúzcoa",1975,1
340000,2.0,3.0,0,82785432,175,85,Hernani,"Donostialdea, Guipúzcoa",,0
239000,2.0,3.0,0,82132341,90,85,Hernani,"Donostialdea, Guipúzcoa",,0
230000,1.0,3.0,0,82628606,85,80,Hernani,"Donostialdea, Guipúzcoa",,0
180000,1.0,1.0,0,82785760,63,56,Hernani,"Donostialdea, Guipúzcoa",2010,0
590000,3.0,3.0,10,26136245,208,,Astigarraga,"Donostialdea, Guipúzcoa",,1
286000,2.0,3.0,0,39362290,138,98,Astigarraga,"Donostialdea, Guipúzcoa",2018,0
350000,3.0,3.0,0,39362323,170,114,Astigarraga,"Donostialdea, Guipúzcoa",2018,0
price,0.0,0.0,11,house_id,m2_real,m2_useful,loc_city,loc_zone,construct_date,1
398000,2.0,3.0,0,83815831,100,,Irun,"Bajo Bidasoa, Guipúzcoa",2000,1
350000,1.0,1.0,0,25550237,55,53,Hondarribia,"Bajo Bidasoa, Guipúzcoa",,1
165000,1.0,2.0,0,29202638,60,45,Irun,"Bajo Bidasoa, Guipúzcoa",,0
195000,1.0,2.0,0,81248485,50,,Hondarribia,"Bajo Bidasoa, Guipúzcoa",,0
399000,3.0,4.0,3,25567665,300,200,Irun,"Bajo Bidasoa, Guipúzcoa",,1
310000,2.0,3.0,0,27297203,150,125,Irun,"Bajo Bidasoa, Guipúzcoa",,1
249000,2.0,3.0,0,35869908,125,100,Irun,"Bajo Bidasoa, Guipúzcoa",,0
450000,3.0,3.0,3,82006901,300,,Irun,"Bajo Bidasoa, Guipúzcoa",2003,1
315000,2.0,2.0,0,1700829,92,79,Irun,"Bajo Bidasoa, Guipúzcoa",,1
115000,1.0,3.0,0,30949113,71,70,Irun,"Bajo Bidasoa, Guipúzcoa",,0
145000,2.0,3.0,0,28335626,90,,Irun,"Bajo Bidasoa, Guipúzcoa",,0
950000,6.0,5.0,0,83359330,180,,Irun,"Bajo Bidasoa, Guipúzcoa",,1
60000,1.0,2.0,0,84380507,60,,Irun,"Bajo Bidasoa, Guipúzcoa",,0
280000,3.0,3.0,0,84459976,140,,Irun,"Bajo Bidasoa, Guipúzcoa",,1
300000,2.0,4.0,0,82837202,170,130,Irun,"Bajo Bidasoa, Guipúzcoa",,0
242000,2.0,3.0,0,38425112,96,86,Irun,"Bajo Bidasoa, Guipúzcoa",,0
430000,3.0,3.0,10,84573005,433,,Irun,"Bajo Bidasoa, Guipúzcoa",2007,1
498000,2.0,3.0,8,34113257,98,97,Irun,"Bajo Bidasoa, Guipúzcoa",,1
130000,1.0,3.0,0,31034527,75,65,Irun,"Bajo Bidasoa, Guipúzcoa",,0
290000,2.0,3.0,0,34189626,85,75,Hondarribia,"Bajo Bidasoa, Guipúzcoa",,0
347000,3.0,3.0,6,35326084,120,,Irun,"Bajo Bidasoa, Guipúzcoa",,0
165000,1.0,3.0,0,40436010,76,75,Irun,"Bajo Bidasoa, Guipúzcoa",,0
158000,1.0,3.0,0,81581530,72,65,Irun,"Bajo Bidasoa, Guipúzcoa",,0
138000,1.0,2.0,0,83548296,70,65,Irun,"Bajo Bidasoa, Guipúzcoa",1970,0
90000,1.0,2.0,0,82803512,51,,Irun,"Bajo Bidasoa, Guipúzcoa",1961,0
399000,3.0,4.0,3,27926782,250,200,Irun,"Bajo Bidasoa, Guipúzcoa",,1
200000,1.0,3.0,6,29658302,95,90,Irun,"Bajo Bidasoa, Guipúzcoa",,0
165000,1.0,2.0,0,32837882,66,65,Irun,"Bajo Bidasoa, Guipúzcoa",,0
310000,2.0,4.0,0,33255640,141,140,Irun,"Bajo Bidasoa, Guipúzcoa",,0
220000,2.0,3.0,6,34971361,120,,Irun,"Bajo Bidasoa, Guipúzcoa",,0
269000,1.0,3.0,0,36401403,100,85,Irun,"Bajo Bidasoa, Guipúzcoa",1954,1
205000,1.0,2.0,0,36496560,75,,Irun,"Bajo Bidasoa, Guipúzcoa",,0
180000,2.0,3.0,0,37601413,89,88,Irun,"Bajo Bidasoa, Guipúzcoa",,0
130000,1.0,2.0,0,38448527,57,56,Hondarribia,"Bajo Bidasoa, Guipúzcoa",,0
595000,5.0,4.0,10,38855881,500,149,Irun,"Bajo Bidasoa, Guipúzcoa",,1
725000,3.0,6.0,3,39058364,375,200,Hondarribia,"Bajo Bidasoa, Guipúzcoa",,0
185000,1.0,2.0,0,39807743,75,,Irun,"Bajo Bidasoa, Guipúzcoa",,0
222800,1.0,3.0,0,39814341,85,70,Irun,"Bajo Bidasoa, Guipúzcoa",1976,0
149900,1.0,2.0,0,39927175,85,76,Irun,"Bajo Bidasoa, Guipúzcoa",1971,0
220000,2.0,3.0,0,39943152,88,87,Irun,"Bajo Bidasoa, Guipúzcoa",,0
280000,2.0,4.0,0,40511399,115,105,Irun,"Bajo Bidasoa, Guipúzcoa",,0
155000,1.0,3.0,0,81178759,85,78,Irun,"Bajo Bidasoa, Guipúzcoa",,0
215000,2.0,3.0,0,81198904,85,80,Irun,"Bajo Bidasoa, Guipúzcoa",,0
230000,2.0,3.0,0,81205445,89,84,Irun,"Bajo Bidasoa, Guipúzcoa",1980,0
139500,2.0,3.0,0,81219106,91,76,Irun,"Bajo Bidasoa, Guipúzcoa",,0
228000,2.0,3.0,0,81413024,90,80,Irun,"Bajo Bidasoa, Guipúzcoa",1972,0
170000,1.0,2.0,0,81505565,72,,Irun,"Bajo Bidasoa, Guipúzcoa",,0
216000,2.0,3.0,0,81581743,95,92,Irun,"Bajo Bidasoa, Guipúzcoa",,0
310000,2.0,3.0,0,81688340,116,100,Irun,"Bajo Bidasoa, Guipúzcoa",2002,0
380000,2.0,4.0,0,81902801,106,105,Irun,"Bajo Bidasoa, Guipúzcoa",,0
156000,1.0,3.0,0,82004257,65,58,Irun,"Bajo Bidasoa, Guipúzcoa",1975,0
176000,1.0,3.0,0,82173172,80,75,Irun,"Bajo Bidasoa, Guipúzcoa",,0
170000,1.0,3.0,0,82173294,70,65,Irun,"Bajo Bidasoa, Guipúzcoa",,0
179000,2.0,2.0,6,82378420,95,86,Irun,"Bajo Bidasoa, Guipúzcoa",2003,0
420000,2.0,4.0,8,82590081,101,100,Irun,"Bajo Bidasoa, Guipúzcoa",,0
265000,2.0,4.0,0,82604139,101,100,Irun,"Bajo Bidasoa, Guipúzcoa",,0
495000,2.0,3.0,0,82626368,105,95,Hondarribia,"Bajo Bidasoa, Guipúzcoa",1998,1
140000,1.0,2.0,0,82680368,65,60,Irun,"Bajo Bidasoa, Guipúzcoa",1985,0
280000,2.0,3.0,0,82741834,100,99,Irun,"Bajo Bidasoa, Guipúzcoa",1997,0
380000,2.0,3.0,0,82750677,130,120,Irun,"Bajo Bidasoa, Guipúzcoa",1970,0
220000,1.0,3.0,0,81745806,101,100,Irun,"Bajo Bidasoa, Guipúzcoa",,0
125000,1.0,2.0,0,82902724,45,40,Irun,"Bajo Bidasoa, Guipúzcoa",,0
139000,1.0,3.0,0,82912638,75,,Irun,"Bajo Bidasoa, Guipúzcoa",,0
310000,2.0,3.0,0,82971497,99,,Irun,"Bajo Bidasoa, Guipúzcoa",2005,1
125000,1.0,2.0,0,82982932,50,41,Irun,"Bajo Bidasoa, Guipúzcoa",1954,0
230000,2.0,3.0,0,83321941,93,84,Irun,"Bajo Bidasoa, Guipúzcoa",,0
240000,2.0,2.0,0,83717758,73,68,Irun,"Bajo Bidasoa, Guipúzcoa",1970,0
150000,1.0,2.0,0,83760234,72,,Irun,"Bajo Bidasoa, Guipúzcoa",,0
240000,1.0,3.0,0,83858350,71,70,Irun,"Bajo Bidasoa, Guipúzcoa",,0
400000,2.0,3.0,0,83967143,125,114,Irun,"Bajo Bidasoa, Guipúzcoa",2002,1
190000,1.0,2.0,0,84114410,70,,Irun,"Bajo Bidasoa, Guipúzcoa",,0
1100000,4.0,4.0,4,84325356,352,,Hondarribia,"Bajo Bidasoa, Guipúzcoa",1941,1
125000,1.0,2.0,0,82911925,41,,Irun,"Bajo Bidasoa, Guipúzcoa",,0
130000,1.0,2.0,0,83241455,56,,Irun,"Bajo Bidasoa, Guipúzcoa",,0
165000,2.0,4.0,0,83242100,94,,Irun,"Bajo Bidasoa, Guipúzcoa",,0
166000,1.0,2.0,0,83341263,65,,Irun,"Bajo Bidasoa, Guipúzcoa",,0
150000,1.0,1.0,0,83362355,45,,Hondarribia,"Bajo Bidasoa, Guipúzcoa",1996,0
300000,1.0,2.0,0,83587875,80,,Hondarribia,"Bajo Bidasoa, Guipúzcoa",,1
150000,1.0,2.0,0,84078966,70,65,Irun,"Bajo Bidasoa, Guipúzcoa",,0
1100000,7.0,9.0,1,29595520,550,500,Hondarribia,"Bajo Bidasoa, Guipúzcoa",,1
528210,3.0,5.0,8,35697700,170,150,Irun,"Bajo Bidasoa, Guipúzcoa",,1
495000,2.0,3.0,0,81164500,92,,Hondarribia,"Bajo Bidasoa, Guipúzcoa",,0
240000,2.0,2.0,0,83922166,80,78,Irun,"Bajo Bidasoa, Guipúzcoa",,0
395000,2.0,4.0,0,34667156,94,,Irun,"Bajo Bidasoa, Guipúzcoa",,1
795000,1.0,3.0,1,39346926,16950,,Hondarribia,"Bajo Bidasoa, Guipúzcoa",,0
595000,3.0,4.0,1,83187724,550,275,Irun,"Bajo Bidasoa, Guipúzcoa",1987,1
215000,1.0,2.0,0,27888625,60,59,Irun,"Bajo Bidasoa, Guipúzcoa",,0
230000,3.0,3.0,6,32919065,170,115,Irun,"Bajo Bidasoa, Guipúzcoa",,0
500000,4.0,3.0,3,34972594,260,,Irun,"Bajo Bidasoa, Guipúzcoa",,1
170000,1.0,2.0,0,35217811,75,70,Irun,"Bajo Bidasoa, Guipúzcoa",,0
320000,2.0,3.0,0,81217320,85,,Hondarribia,"Bajo Bidasoa, Guipúzcoa",,0
146760,1.0,2.0,0,82729837,70,63,Irun,"Bajo Bidasoa, Guipúzcoa",2014,1
100000,1.0,3.0,0,27502198,60,55,Irun,"Bajo Bidasoa, Guipúzcoa",,0
220000,2.0,3.0,0,40145134,95,87,Irun,"Bajo Bidasoa, Guipúzcoa",,0
315000,1.0,5.0,0,84139089,110,,Irun,"Bajo Bidasoa, Guipúzcoa",,0
165000,1.0,3.0,0,84301828,90,70,Irun,"Bajo Bidasoa, Guipúzcoa",1961,0
165000,1.0,3.0,0,84403858,73,72,Irun,"Bajo Bidasoa, Guipúzcoa",,0
420000,1.0,3.0,1,84570757,460,200,Irun,"Bajo Bidasoa, Guipúzcoa",,1
265000,2.0,3.0,0,30057112,78,,Irun,"Bajo Bidasoa, Guipúzcoa",1999,0
410000,4.0,4.0,3,30398678,300,,Irun,"Bajo Bidasoa, Guipúzcoa",,1
330000,2.0,4.0,1,28189245,340,,Irun,"Bajo Bidasoa, Guipúzcoa",1929,0
399000,2.0,3.0,3,30241664,315,260,Irun,"Bajo Bidasoa, Guipúzcoa",1992,1
450000,3.0,5.0,10,28189316,160,153,Irun,"Bajo Bidasoa, Guipúzcoa",1999,1
130000,1.0,3.0,0,28789868,65,57,Irun,"Bajo Bidasoa, Guipúzcoa",1936,0
240000,1.0,1.0,0,28190190,57,,Irun,"Bajo Bidasoa, Guipúzcoa",2003,1
300000,2.0,3.0,0,34974306,85,80,Hondarribia,"Bajo Bidasoa, Guipúzcoa",1985,0
1190000,4.0,4.0,0,35388122,220,206,Hondarribia,"Bajo Bidasoa, Guipúzcoa",1968,1
120000,1.0,3.0,0,35543286,65,58,Irun,"Bajo Bidasoa, Guipúzcoa",1972,0
350000,1.0,1.0,0,33923571,50,,Hondarribia,"Bajo Bidasoa, Guipúzcoa",1973,1
760000,3.0,3.0,1,38448334,3900,265,Irun,"Bajo Bidasoa, Guipúzcoa",,1
123000,1.0,2.0,0,38945885,77,64,Irun,"Bajo Bidasoa, Guipúzcoa",1982,0
595000,3.0,4.0,10,34374223,700,122,Irun,"Bajo Bidasoa, Guipúzcoa",1987,1
530000,2.0,2.0,0,81576597,100,,Hondarribia,"Bajo Bidasoa, Guipúzcoa",,0
99000,1.0,1.0,0,83534323,63,55,Irun,"Bajo Bidasoa, Guipúzcoa",1900,0
382000,3.0,4.0,6,84627474,145,,Irun,"Bajo Bidasoa, Guipúzcoa",,1
215000,1.0,4.0,0,84707035,120,100,Irun,"Bajo Bidasoa, Guipúzcoa",,0
180000,1.0,2.0,0,84711443,60,57,Irun,"Bajo Bidasoa, Guipúzcoa",1965,0
228000,1.0,3.0,0,81523760,80,76,Irun,"Bajo Bidasoa, Guipúzcoa",1972,0
450000,4.0,7.0,1,1724307,300,240,Irun,"Bajo Bidasoa, Guipúzcoa",1990,1
130000,1.0,3.0,0,1728727,57,,Irun,"Bajo Bidasoa, Guipúzcoa",,0
250000,2.0,3.0,0,25610725,75,,Irun,"Bajo Bidasoa, Guipúzcoa",,0
298000,2.0,4.0,0,26222004,135,74,Irun,"Bajo Bidasoa, Guipúzcoa",,0
161000,1.0,3.0,0,27941376,67,65,Irun,"Bajo Bidasoa, Guipúzcoa",,0
275000,3.0,3.0,6,31664276,125,119,Irun,"Bajo Bidasoa, Guipúzcoa",,0
195000,1.0,2.0,0,32252057,65,,Irun,"Bajo Bidasoa, Guipúzcoa",,0
350000,2.0,4.0,6,32852337,130,120,Irun,"Bajo Bidasoa, Guipúzcoa",,0
700000,2.0,3.0,8,36066917,150,,Hondarribia,"Bajo Bidasoa, Guipúzcoa",,1
595000,3.0,4.0,1,38826067,550,270,Irun,"Bajo Bidasoa, Guipúzcoa",,1
195000,1.0,3.0,0,38977129,85,65,Hondarribia,"Bajo Bidasoa, Guipúzcoa",,0
240000,2.0,3.0,8,39950189,80,,Irun,"Bajo Bidasoa, Guipúzcoa",,0
565000,4.0,5.0,0,28782871,150,126,Hondarribia,"Bajo Bidasoa, Guipúzcoa",,1
220000,2.0,4.0,0,81346181,84,,Irun,"Bajo Bidasoa, Guipúzcoa",,0
350000,1.0,3.0,8,81912529,90,68,Hondarribia,"Bajo Bidasoa, Guipúzcoa",,0
1190000,4.0,4.0,0,34867714,280,236,Hondarribia,"Bajo Bidasoa, Guipúzcoa",,1
211500,2.0,3.0,0,82475936,100,,Irun,"Bajo Bidasoa, Guipúzcoa",,0
264000,1.0,1.0,8,82513605,80,60,Irun,"Bajo Bidasoa, Guipúzcoa",2004,0
230000,2.0,3.0,0,35543529,97,,Irun,"Bajo Bidasoa, Guipúzcoa",,0
53000,1.0,0.0,12,83230444,35,,Irun,"Bajo Bidasoa, Guipúzcoa",,0
160000,1.0,3.0,0,83290046,75,65,Irun,"Bajo Bidasoa, Guipúzcoa",,0
276000,1.0,3.0,0,83310854,97,87,Irun,"Bajo Bidasoa, Guipúzcoa",1974,0
145000,1.0,2.0,0,83349320,65,60,Irun,"Bajo Bidasoa, Guipúzcoa",,0
170000,1.0,2.0,0,83656040,65,,Irun,"Bajo Bidasoa, Guipúzcoa",,0
179000,1.0,3.0,0,83918218,72,65,Irun,"Bajo Bidasoa, Guipúzcoa",,1
132000,1.0,3.0,0,84081340,82,69,Irun,"Bajo Bidasoa, Guipúzcoa",,0
266000,2.0,3.0,0,84144676,85,76,Irun,"Bajo Bidasoa, Guipúzcoa",,1
110000,1.0,2.0,8,84145118,70,64,Irun,"Bajo Bidasoa, Guipúzcoa",,0
128000,1.0,1.0,0,84162025,56,50,Irun,"Bajo Bidasoa, Guipúzcoa",,0
170000,1.0,1.0,0,1987535,55,53,Irun,"Bajo Bidasoa, Guipúzcoa",,0
160000,1.0,2.0,8,39100103,60,,Hondarribia,"Bajo Bidasoa, Guipúzcoa",1978,0
165000,2.0,3.0,0,81802770,88,,Irun,"Bajo Bidasoa, Guipúzcoa",,0
120000,1.0,3.0,0,84572216,70,64,Irun,"Bajo Bidasoa, Guipúzcoa",,0
450000,3.0,5.0,1,34734324,250,,Irun,"Bajo Bidasoa, Guipúzcoa",,1
202500,2.0,3.0,0,37754638,57,,Hondarribia,"Bajo Bidasoa, Guipúzcoa",,0
165000,1.0,3.0,0,83895072,85,77,Irun,"Bajo Bidasoa, Guipúzcoa",,0
430000,2.0,4.0,0,84594734,120,110,Hondarribia,"Bajo Bidasoa, Guipúzcoa",1971,1
211000,2.0,3.0,0,28379433,106,89,Irun,"Bajo Bidasoa, Guipúzcoa",1984,0
1350000,4.0,3.0,3,34077767,200,,Hondarribia,"Bajo Bidasoa, Guipúzcoa",,1
437750,1.0,2.0,0,40016557,82,68,Hondarribia,"Bajo Bidasoa, Guipúzcoa",2010,1
190000,2.0,3.0,0,81412321,90,,Irun,"Bajo Bidasoa, Guipúzcoa",,0
1050000,5.0,6.0,1,81861830,5000,580,Irun,"Bajo Bidasoa, Guipúzcoa",,1
169000,1.0,3.0,0,33881811,80,76,Irun,"Bajo Bidasoa, Guipúzcoa",,0
360500,2.0,4.0,4,38986235,120,108,Irun,"Bajo Bidasoa, Guipúzcoa",,0
240000,1.0,3.0,0,84436856,80,70,Irun,"Bajo Bidasoa, Guipúzcoa",,0
415000,2.0,3.0,0,82255832,112,87,Irun,"Bajo Bidasoa, Guipúzcoa",2010,0
370000,2.0,3.0,0,82255834,115,90,Irun,"Bajo Bidasoa, Guipúzcoa",2010,0
140000,1.0,2.0,0,82673069,70,60,Irun,"Bajo Bidasoa, Guipúzcoa",1963,0
182000,1.0,3.0,0,82982992,80,70,Irun,"Bajo Bidasoa, Guipúzcoa",1968,0
120000,1.0,3.0,0,84341912,70,64,Irun,"Bajo Bidasoa, Guipúzcoa",,0
300000,1.0,3.0,0,82696932,95,85,Hondarribia,"Bajo Bidasoa, Guipúzcoa",1965,0
750000,5.0,9.0,4,36341310,440,315,Irun,"Bajo Bidasoa, Guipúzcoa",1960,0
100000,1.0,2.0,0,37251620,60,50,Irun,"Bajo Bidasoa, Guipúzcoa",,0
250000,1.0,2.0,0,81824163,70,60,Hondarribia,"Bajo Bidasoa, Guipúzcoa",1965,0
125000,1.0,2.0,0,82205590,60,50,Irun,"Bajo Bidasoa, Guipúzcoa",,0
276000,1.0,2.0,0,83542684,70,,Hondarribia,"Bajo Bidasoa, Guipúzcoa",,0
210000,2.0,3.0,0,84270514,80,78,Irun,"Bajo Bidasoa, Guipúzcoa",,0
400000,3.0,3.0,0,84327325,120,,Irun,"Bajo Bidasoa, Guipúzcoa",,1
155000,1.0,3.0,0,84683126,80,78,Irun,"Bajo Bidasoa, Guipúzcoa",,0
125000,1.0,3.0,0,84683465,60,55,Irun,"Bajo Bidasoa, Guipúzcoa",,0
330000,3.0,3.0,6,28807024,135,110,Irun,"Bajo Bidasoa, Guipúzcoa",,0
430000,1.0,0.0,13,29347873,210,,Hondarribia,"Bajo Bidasoa, Guipúzcoa",,0
238000,2.0,4.0,0,31759027,140,122,Irun,"Bajo Bidasoa, Guipúzcoa",1979,0
700000,2.0,3.0,8,36934669,140,130,Hondarribia,"Bajo Bidasoa, Guipúzcoa",,1
215000,2.0,3.0,0,81178625,95,85,Irun,"Bajo Bidasoa, Guipúzcoa",1977,1
275000,2.0,3.0,6,32594320,125,,Irun,"Bajo Bidasoa, Guipúzcoa",,0
330000,2.0,3.0,0,81442009,84,83,Irun,"Bajo Bidasoa, Guipúzcoa",,1
575000,3.0,4.0,10,81804795,225,,Irun,"Bajo Bidasoa, Guipúzcoa",,0
680000,2.0,3.0,0,82099066,158,148,Irun,"Bajo Bidasoa, Guipúzcoa",2000,1
1100000,4.0,4.0,1,82344867,280,,Hondarribia,"Bajo Bidasoa, Guipúzcoa",,1
360500,2.0,3.0,0,82492247,130,,Irun,"Bajo Bidasoa, Guipúzcoa",,0
240000,2.0,3.0,0,82783335,85,75,Hondarribia,"Bajo Bidasoa, Guipúzcoa",1980,1
475000,2.0,5.0,1,82854619,2300,164,Hondarribia,"Bajo Bidasoa, Guipúzcoa",1955,1
250000,2.0,3.0,0,82987450,85,75,Hondarribia,"Bajo Bidasoa, Guipúzcoa",,1
360500,2.0,3.0,0,82987675,145,132,Irun,"Bajo Bidasoa, Guipúzcoa",1968,0
164000,1.0,3.0,0,83192571,72,63,Irun,"Bajo Bidasoa, Guipúzcoa",,0
515000,2.0,4.0,3,83686353,2000,138,Irun,"Bajo Bidasoa, Guipúzcoa",,1
220000,2.0,3.0,0,83878987,80,75,Irun,"Bajo Bidasoa, Guipúzcoa",1989,1
340000,2.0,7.0,0,84297634,145,140,Irun,"Bajo Bidasoa, Guipúzcoa",1964,0
258000,2.0,3.0,0,84340490,105,94,Hondarribia,"Bajo Bidasoa, Guipúzcoa",,1
310000,3.0,8.0,3,38784419,225,220,Hondarribia,"Bajo Bidasoa, Guipúzcoa",1940,0
279000,2.0,4.0,0,40332287,135,125,Irun,"Bajo Bidasoa, Guipúzcoa",2003,0
110000,1.0,1.0,8,82857159,30,28,Hondarribia,"Bajo Bidasoa, Guipúzcoa",1970,0
115000,1.0,2.0,8,83471420,60,55,Irun,"Bajo Bidasoa, Guipúzcoa",,0
280000,1.0,1.0,0,83834669,55,50,Hondarribia,"Bajo Bidasoa, Guipúzcoa",2008,1
170000,2.0,2.0,0,84187445,78,66,Hondarribia,"Bajo Bidasoa, Guipúzcoa",1950,0
202500,2.0,3.0,0,37758109,68,57,Hondarribia,"Bajo Bidasoa, Guipúzcoa",,0
228000,2.0,3.0,0,83593002,112,98,Irun,"Bajo Bidasoa, Guipúzcoa",,0
176000,1.0,3.0,0,84330428,89,78,Irun,"Bajo Bidasoa, Guipúzcoa",1965,0
115000,1.0,2.0,8,38996878,60,55,Irun,"Bajo Bidasoa, Guipúzcoa",1960,0
160000,1.0,4.0,0,83555695,110,105,Irun,"Bajo Bidasoa, Guipúzcoa",,0
265000,2.0,3.0,0,32741868,85,75,Irun,"Bajo Bidasoa, Guipúzcoa",,0
350000,1.0,1.0,0,36402815,55,53,Hondarribia,"Bajo Bidasoa, Guipúzcoa",1970,0
705500,2.0,3.0,0,38352022,106,92,Hondarribia,"Bajo Bidasoa, Guipúzcoa",,0
208000,1.0,3.0,0,39418008,79,75,Hondarribia,"Bajo Bidasoa, Guipúzcoa",1960,1
675000,4.0,7.0,4,39904452,450,,Hondarribia,"Bajo Bidasoa, Guipúzcoa",,1
130000,1.0,3.0,0,81865568,68,65,Irun,"Bajo Bidasoa, Guipúzcoa",,0
320000,2.0,4.0,0,81916165,96,95,Irun,"Bajo Bidasoa, Guipúzcoa",,0
690000,2.0,6.0,0,82310426,178,170,Hondarribia,"Bajo Bidasoa, Guipúzcoa",1970,0
248500,1.0,3.0,0,83080763,85,79,Irun,"Bajo Bidasoa, Guipúzcoa",1971,0
180000,2.0,3.0,0,83631067,101,,Irun,"Bajo Bidasoa, Guipúzcoa",,0
210000,2.0,3.0,0,83717953,86,82,Irun,"Bajo Bidasoa, Guipúzcoa",2004,0
260000,1.0,2.0,0,84231338,65,62,Hondarribia,"Bajo Bidasoa, Guipúzcoa",1970,0
290000,1.0,2.0,8,84343763,69,65,Irun,"Bajo Bidasoa, Guipúzcoa",1995,0
238000,2.0,3.0,0,84343663,100,90,Irun,"Bajo Bidasoa, Guipúzcoa",1979,0
190000,1.0,3.0,0,84571142,80,77,Irun,"Bajo Bidasoa, Guipúzcoa",,0
228000,2.0,3.0,0,84682419,100,90,Irun,"Bajo Bidasoa, Guipúzcoa",,0
1200000,3.0,5.0,1,30240356,5338,232,Hondarribia,"Bajo Bidasoa, Guipúzcoa",1973,1
800000,3.0,5.0,13,30462045,2000,250,Irun,"Bajo Bidasoa, Guipúzcoa",,1
450000,3.0,4.0,0,31166298,159,135,Irun,"Bajo Bidasoa, Guipúzcoa",,0
208000,2.0,3.0,0,31910025,83,,Irun,"Bajo Bidasoa, Guipúzcoa",2005,0
550000,2.0,3.0,0,36933791,110,100,Hondarribia,"Bajo Bidasoa, Guipúzcoa",,0
750000,4.0,6.0,10,39072746,175,277,Irun,"Bajo Bidasoa, Guipúzcoa",1994,1
360000,3.0,3.0,10,30554484,180,170,Irun,"Bajo Bidasoa, Guipúzcoa",1986,1
215000,1.0,2.0,0,81178599,62,57,Irun,"Bajo Bidasoa, Guipúzcoa",2003,1
352000,2.0,3.0,3,81621346,340,,Irun,"Bajo Bidasoa, Guipúzcoa",,1
170000,1.0,2.0,0,83575685,75,,Irun,"Bajo Bidasoa, Guipúzcoa",,0
206000,1.0,3.0,0,83761853,90,75,Irun,"Bajo Bidasoa, Guipúzcoa",1964,0
174000,1.0,3.0,0,83867356,83,,Irun,"Bajo Bidasoa, Guipúzcoa",,0
170000,1.0,2.0,0,84359226,57,,Irun,"Bajo Bidasoa, Guipúzcoa",,0
259000,2.0,3.0,0,84397209,100,87,Irun,"Bajo Bidasoa, Guipúzcoa",2007,0
189000,2.0,3.0,0,84445116,65,63,Irun,"Bajo Bidasoa, Guipúzcoa",2003,0
149000,1.0,3.0,0,32571453,90,85,Hondarribia,"Bajo Bidasoa, Guipúzcoa",1970,0
210000,1.0,2.0,0,32572616,67,60,Hondarribia,"Bajo Bidasoa, Guipúzcoa",1940,0
280000,2.0,4.0,0,40458553,120,114,Irun,"Bajo Bidasoa, Guipúzcoa",1980,0
200000,1.0,1.0,0,40529836,55,54,Hondarribia,"Bajo Bidasoa, Guipúzcoa",1960,0
175000,1.0,3.0,0,81219477,89,82,Irun,"Bajo Bidasoa, Guipúzcoa",1980,0
350000,1.0,3.0,0,82834437,70,68,Hondarribia,"Bajo Bidasoa, Guipúzcoa",,0
398000,2.0,4.0,0,83370865,128,,Irun,"Bajo Bidasoa, Guipúzcoa",,1
335000,3.0,3.0,6,84071420,100,,Irun,"Bajo Bidasoa, Guipúzcoa",2003,1
350000,2.0,3.0,0,84401474,150,120,Irun,"Bajo Bidasoa, Guipúzcoa",,0
196000,1.0,3.0,0,28079378,65,,Irun,"Bajo Bidasoa, Guipúzcoa",1965,0
950000,6.0,5.0,1,28433768,4000,,Hondarribia,"Bajo Bidasoa, Guipúzcoa",1970,1
350000,2.0,4.0,0,31592366,125,,Irun,"Bajo Bidasoa, Guipúzcoa",1973,0
149000,1.0,3.0,0,29970324,82,68,Hondarribia,"Bajo Bidasoa, Guipúzcoa",,0
120000,1.0,4.0,0,28190159,65,60,Irun,"Bajo Bidasoa, Guipúzcoa",1900,0
515000,2.0,4.0,1,32266102,600,325,Hondarribia,"Bajo Bidasoa, Guipúzcoa",,0
260000,1.0,3.0,0,32524399,92,,Irun,"Bajo Bidasoa, Guipúzcoa",1960,0
240000,2.0,4.0,0,33225331,122,,Irun,"Bajo Bidasoa, Guipúzcoa",1979,0
565000,4.0,5.0,0,33268803,150,136,Hondarribia,"Bajo Bidasoa, Guipúzcoa",1971,1
450000,3.0,5.0,4,34753915,250,120,Irun,"Bajo Bidasoa, Guipúzcoa",1960,1
528210,3.0,3.0,8,36556808,148,,Irun,"Bajo Bidasoa, Guipúzcoa",1965,1
240000,1.0,1.0,0,40520160,118,,Irun,"Bajo Bidasoa, Guipúzcoa",,0
380000,4.0,3.0,4,81242935,100,130,Irun,"Bajo Bidasoa, Guipúzcoa",1932,1
139000,1.0,2.0,0,81443971,60,55,Irun,"Bajo Bidasoa, Guipúzcoa",1980,0
150000,1.0,3.0,0,26328319,70,65,Irun,"Bajo Bidasoa, Guipúzcoa",,0
280000,3.0,3.0,6,82839329,140,,Irun,"Bajo Bidasoa, Guipúzcoa",,1
180000,2.0,3.0,0,84342713,85,75,Irun,"Bajo Bidasoa, Guipúzcoa",,0
229000,2.0,4.0,0,84643206,95,,Irun,"Bajo Bidasoa, Guipúzcoa",,0
105000,1.0,1.0,0,84652562,44,40,Irun,"Bajo Bidasoa, Guipúzcoa",1976,0
218000,2.0,3.0,0,83769705,98,90,Irun,"Bajo Bidasoa, Guipúzcoa",1978,0
228000,2.0,3.0,0,84775647,90,85,Irun,"Bajo Bidasoa, Guipúzcoa",1978,0
145000,1.0,2.0,0,31446916,65,,Irun,"Bajo Bidasoa, Guipúzcoa",,0
300000,2.0,4.0,6,31931412,105,,Irun,"Bajo Bidasoa, Guipúzcoa",1991,0
300000,2.0,4.0,6,32077775,110,,Irun,"Bajo Bidasoa, Guipúzcoa",1991,0
175000,2.0,3.0,8,35178481,72,70,Irun,"Bajo Bidasoa, Guipúzcoa",,0
271000,2.0,3.0,0,37865826,87,,Irun,"Bajo Bidasoa, Guipúzcoa",2011,0
235000,1.0,2.0,0,38869056,62,57,Irun,"Bajo Bidasoa, Guipúzcoa",2000,1
338000,1.0,2.0,0,429028,86,,Irun,"Bajo Bidasoa, Guipúzcoa",,1
200000,1.0,1.0,0,39715355,55,54,Hondarribia,"Bajo Bidasoa, Guipúzcoa",,0
275000,2.0,3.0,0,40399661,90,,Irun,"Bajo Bidasoa, Guipúzcoa",,0
675000,3.0,3.0,1,36952612,1500,280,Irun,"Bajo Bidasoa, Guipúzcoa",,1
191800,2.0,2.0,0,81833361,78,74,Irun,"Bajo Bidasoa, Guipúzcoa",1991,0
122000,1.0,2.0,0,82154321,60,58,Irun,"Bajo Bidasoa, Guipúzcoa",1969,0
135000,1.0,2.0,0,82757433,70,67,Hondarribia,"Bajo Bidasoa, Guipúzcoa",,0
505000,3.0,2.0,6,83854575,130,,Hondarribia,"Bajo Bidasoa, Guipúzcoa",,1
690000,5.0,8.0,1,84056889,3600,560,Irun,"Bajo Bidasoa, Guipúzcoa",,1
360000,2.0,5.0,0,84420437,180,150,Irun,"Bajo Bidasoa, Guipúzcoa",,1
138000,1.0,2.0,0,83772679,60,54,Irun,"Bajo Bidasoa, Guipúzcoa",1900,0
135000,1.0,2.0,0,84483681,74,70,Irun,"Bajo Bidasoa, Guipúzcoa",1963,0
200000,1.0,2.0,0,84646111,78,70,Irun,"Bajo Bidasoa, Guipúzcoa",2002,0
220000,2.0,3.0,0,84650278,90,80,Irun,"Bajo Bidasoa, Guipúzcoa",,1
214000,2.0,3.0,0,84612473,80,79,Irun,"Bajo Bidasoa, Guipúzcoa",1987,0
705500,2.0,3.0,0,31700794,106,93,Hondarribia,"Bajo Bidasoa, Guipúzcoa",,0
399000,3.0,3.0,4,33260141,278,242,Irun,"Bajo Bidasoa, Guipúzcoa",1993,0
1100000,4.0,5.0,4,37548370,516,434,Hondarribia,"Bajo Bidasoa, Guipúzcoa",,1
590750,2.0,2.0,0,38352021,105,75,Hondarribia,"Bajo Bidasoa, Guipúzcoa",,0
1200000,3.0,5.0,4,38856025,250,228,Hondarribia,"Bajo Bidasoa, Guipúzcoa",,0
220000,2.0,3.0,0,40101274,78,73,Irun,"Bajo Bidasoa, Guipúzcoa",1970,0
149900,1.0,2.0,0,82330441,85,76,Irun,"Bajo Bidasoa, Guipúzcoa",1974,0
110000,1.0,1.0,8,83211037,30,,Hondarribia,"Bajo Bidasoa, Guipúzcoa",1970,0
360000,2.0,2.0,0,83547419,80,70,Hondarribia,"Bajo Bidasoa, Guipúzcoa",2019,0
490000,2.0,3.0,0,83547656,90,80,Hondarribia,"Bajo Bidasoa, Guipúzcoa",2019,0
415000,2.0,3.0,0,83549580,96,82,Hondarribia,"Bajo Bidasoa, Guipúzcoa",2021,0
350000,2.0,2.0,0,83622710,75,65,Hondarribia,"Bajo Bidasoa, Guipúzcoa",2019,0
370000,2.0,2.0,0,83622807,80,70,Hondarribia,"Bajo Bidasoa, Guipúzcoa",2019,0
185000,1.0,3.0,0,84204860,70,66,Irun,"Bajo Bidasoa, Guipúzcoa",1976,0
120000,1.0,3.0,0,84864681,64,,Irun,"Bajo Bidasoa, Guipúzcoa",,0
295000,1.0,3.0,0,30305011,103,,Irun,"Bajo Bidasoa, Guipúzcoa",,0
350000,1.0,2.0,0,40106504,72,55,Hondarribia,"Bajo Bidasoa, Guipúzcoa",,0
1350000,8.0,8.0,4,82016846,781,,Irun,"Bajo Bidasoa, Guipúzcoa",,0
140000,1.0,3.0,0,83885513,78,68,Irun,"Bajo Bidasoa, Guipúzcoa",1969,0
276000,1.0,3.0,0,84026912,104,87,Irun,"Bajo Bidasoa, Guipúzcoa",,1
275000,1.0,2.0,0,84447019,66,64,Hondarribia,"Bajo Bidasoa, Guipúzcoa",1990,0
340000,2.0,6.0,1,83488344,500,140,Irun,"Bajo Bidasoa, Guipúzcoa",1964,0
165000,1.0,3.0,0,83032621,85,77,Irun,"Bajo Bidasoa, Guipúzcoa",,0
298000,2.0,4.0,0,81131986,75,70,Irun,"Bajo Bidasoa, Guipúzcoa",2005,0
258000,2.0,3.0,0,40176058,95,85,Irun,"Bajo Bidasoa, Guipúzcoa",1993,0
390000,2.0,3.0,6,1761548,210,120,Irun,"Bajo Bidasoa, Guipúzcoa",,1
750000,4.0,4.0,4,27209823,3655,220,Hondarribia,"Bajo Bidasoa, Guipúzcoa",1975,0
245000,1.0,1.0,0,384204,55,,Hondarribia,"Bajo Bidasoa, Guipúzcoa",,0
270000,2.0,3.0,0,34972310,100,95,Irun,"Bajo Bidasoa, Guipúzcoa",,0
690000,4.0,7.0,4,35805483,3600,350,Hondarribia,"Bajo Bidasoa, Guipúzcoa",1975,0
310000,1.0,4.0,7,37374447,213,178,Irun,"Bajo Bidasoa, Guipúzcoa",,1
298000,2.0,4.0,0,38227222,87,73,Irun,"Bajo Bidasoa, Guipúzcoa",2005,0
238349,2.0,4.0,0,38580185,129,124,Irun,"Bajo Bidasoa, Guipúzcoa",,0
650000,3.0,6.0,7,38735422,25000,280,Irun,"Bajo Bidasoa, Guipúzcoa",1976,1
206000,1.0,3.0,0,38985961,80,75,Irun,"Bajo Bidasoa, Guipúzcoa",,0
172000,1.0,1.0,0,39197808,67,64,Irun,"Bajo Bidasoa, Guipúzcoa",,0
250000,2.0,3.0,0,39372135,90,85,Irun,"Bajo Bidasoa, Guipúzcoa",,0
206000,1.0,3.0,0,81405869,90,75,Irun,"Bajo Bidasoa, Guipúzcoa",1964,0
298000,2.0,4.0,0,81441226,140,135,Irun,"Bajo Bidasoa, Guipúzcoa",,0
256000,2.0,3.0,0,81835180,85,,Irun,"Bajo Bidasoa, Guipúzcoa",2007,0
321000,2.0,3.0,0,81835198,135,120,Irun,"Bajo Bidasoa, Guipúzcoa",2000,1
280000,2.0,5.0,0,82126211,115,108,Irun,"Bajo Bidasoa, Guipúzcoa",,0
406000,2.0,3.0,0,82877632,95,94,Irun,"Bajo Bidasoa, Guipúzcoa",,1
154000,1.0,3.0,0,83092355,76,75,Irun,"Bajo Bidasoa, Guipúzcoa",,0
490000,3.0,5.0,0,82485885,148,118,Irun,"Bajo Bidasoa, Guipúzcoa",,0
165000,1.0,4.0,0,84146589,92,82,Irun,"Bajo Bidasoa, Guipúzcoa",,0
285000,1.0,3.0,0,84369475,100,,Irun,"Bajo Bidasoa, Guipúzcoa",,1
146000,1.0,3.0,0,84660166,75,70,Irun,"Bajo Bidasoa, Guipúzcoa",1985,0
279000,3.0,4.0,6,84776233,135,125,Irun,"Bajo Bidasoa, Guipúzcoa",2003,0
254000,2.0,3.0,0,84803058,90,82,Irun,"Bajo Bidasoa, Guipúzcoa",1974,1
209000,2.0,2.0,0,31592480,66,,Irun,"Bajo Bidasoa, Guipúzcoa",2014,0
554355,2.0,3.0,1,39849341,443,,Irun,"Bajo Bidasoa, Guipúzcoa",,0
311000,2.0,5.0,0,40004168,150,135,Irun,"Bajo Bidasoa, Guipúzcoa",1949,0
429000,2.0,4.0,0,81847319,135,126,Hondarribia,"Bajo Bidasoa, Guipúzcoa",,1
429000,2.0,4.0,0,83449384,173,,Irun,"Bajo Bidasoa, Guipúzcoa",,0
210000,2.0,4.0,0,83831543,105,85,Irun,"Bajo Bidasoa, Guipúzcoa",,0
400000,2.0,3.0,0,83014785,115,110,Irun,"Bajo Bidasoa, Guipúzcoa",2002,1
290000,2.0,3.0,8,83923222,113,95,Hondarribia,"Bajo Bidasoa, Guipúzcoa",1965,0
260000,2.0,3.0,0,84180630,80,76,Irun,"Bajo Bidasoa, Guipúzcoa",2003,1
260000,1.0,2.0,0,35495960,65,56,Hondarribia,"Bajo Bidasoa, Guipúzcoa",2008,0
460000,2.0,3.0,0,83544645,90,80,Hondarribia,"Bajo Bidasoa, Guipúzcoa",2019,0
430000,2.0,3.0,0,83622970,80,79,Hondarribia,"Bajo Bidasoa, Guipúzcoa",2019,0
310000,2.0,3.0,0,83903031,135,120,Irun,"Bajo Bidasoa, Guipúzcoa",1965,0
300000,2.0,2.0,0,84586522,70,69,Irun,"Bajo Bidasoa, Guipúzcoa",,0
195000,1.0,2.0,0,84763563,63,58,Irun,"Bajo Bidasoa, Guipúzcoa",1974,0
166000,1.0,2.0,0,84668546,65,60,Irun,"Bajo Bidasoa, Guipúzcoa",1969,0
275000,2.0,3.0,0,39899648,100,88,Irun,"Bajo Bidasoa, Guipúzcoa",1975,0
692750,2.0,3.0,0,40513623,110,100,Hondarribia,"Bajo Bidasoa, Guipúzcoa",2008,0
580000,3.0,4.0,4,81407191,600,235,Irun,"Bajo Bidasoa, Guipúzcoa",,0
138000,1.0,2.0,0,81509657,80,78,Hondarribia,"Bajo Bidasoa, Guipúzcoa",,0
165000,2.0,3.0,0,81836604,88,78,Irun,"Bajo Bidasoa, Guipúzcoa",1998,0
497000,3.0,4.0,0,82175051,105,,Hondarribia,"Bajo Bidasoa, Guipúzcoa",,0
280000,2.0,2.0,0,82315718,78,68,Irun,"Bajo Bidasoa, Guipúzcoa",2002,1
280000,2.0,2.0,0,84761374,79,74,Irun,"Bajo Bidasoa, Guipúzcoa",,1
185000,1.0,2.0,0,84787644,76,75,Irun,"Bajo Bidasoa, Guipúzcoa",,0
145000,1.0,2.0,0,84803053,60,50,Irun,"Bajo Bidasoa, Guipúzcoa",,0
750000,4.0,4.0,4,32149119,260,236,Hondarribia,"Bajo Bidasoa, Guipúzcoa",,0
532563,2.0,3.0,1,39850152,404,,Irun,"Bajo Bidasoa, Guipúzcoa",,0
190000,1.0,3.0,0,84343615,75,69,Irun,"Bajo Bidasoa, Guipúzcoa",,0
990000,3.0,4.0,1,37730290,4000,520,Hondarribia,"Bajo Bidasoa, Guipúzcoa",,1
310000,2.0,5.0,0,81214785,150,,Irun,"Bajo Bidasoa, Guipúzcoa",1949,0
130000,1.0,3.0,0,81436444,70,56,Irun,"Bajo Bidasoa, Guipúzcoa",1936,0
220000,2.0,3.0,0,81783677,90,,Irun,"Bajo Bidasoa, Guipúzcoa",,0
165000,1.0,2.0,0,82119748,65,62,Irun,"Bajo Bidasoa, Guipúzcoa",,0
590000,3.0,5.0,6,82856561,285,250,Irun,"Bajo Bidasoa, Guipúzcoa",1998,0
380000,2.0,7.0,6,83341181,250,,Hondarribia,"Bajo Bidasoa, Guipúzcoa",1900,0
228000,2.0,3.0,0,84133049,112,98,Irun,"Bajo Bidasoa, Guipúzcoa",1977,0
340000,1.0,3.0,4,83638199,150,140,Irun,"Bajo Bidasoa, Guipúzcoa",1964,0
186000,2.0,2.0,0,84224184,85,,Irun,"Bajo Bidasoa, Guipúzcoa",1900,0
170000,1.0,3.0,0,84325259,105,100,Hondarribia,"Bajo Bidasoa, Guipúzcoa",1900,0
125000,1.0,3.0,0,84585837,70,69,Irun,"Bajo Bidasoa, Guipúzcoa",,0
145000,1.0,2.0,0,84721672,70,60,Irun,"Bajo Bidasoa, Guipúzcoa",,0
140000,1.0,3.0,0,84778967,76,66,Irun,"Bajo Bidasoa, Guipúzcoa",1950,0
392000,1.0,4.0,4,28379478,157,105,Irun,"Bajo Bidasoa, Guipúzcoa",1929,0
399000,2.0,4.0,4,33187203,200,180,Irun,"Bajo Bidasoa, Guipúzcoa",1992,0
565000,4.0,5.0,0,36391519,150,145,Hondarribia,"Bajo Bidasoa, Guipúzcoa",1970,1
1050000,4.0,7.0,4,33820264,500,450,Hondarribia,"Bajo Bidasoa, Guipúzcoa",1992,0
295000,2.0,3.0,0,37576831,113,93,Hondarribia,"Bajo Bidasoa, Guipúzcoa",1960,0
275000,2.0,3.0,6,38144295,130,119,Irun,"Bajo Bidasoa, Guipúzcoa",1993,0
360000,2.0,3.0,0,38360354,85,84,Irun,"Bajo Bidasoa, Guipúzcoa",,1
780000,2.0,4.0,4,39795186,355,,Irun,"Bajo Bidasoa, Guipúzcoa",1995,1
890000,3.0,4.0,1,40409124,4200,,Hondarribia,"Bajo Bidasoa, Guipúzcoa",1989,1
360500,3.0,3.0,3,40414996,50,120,Irun,"Bajo Bidasoa, Guipúzcoa",1988,1
446250,1.0,2.0,0,40508243,76,66,Hondarribia,"Bajo Bidasoa, Guipúzcoa",2008,0
335750,1.0,1.0,0,40508807,55,48,Hondarribia,"Bajo Bidasoa, Guipúzcoa",2008,0
675000,3.0,3.0,4,82117160,300,253,Irun,"Bajo Bidasoa, Guipúzcoa",1971,1
475000,2.0,5.0,2,82202430,2300,210,Hondarribia,"Bajo Bidasoa, Guipúzcoa",,1
120000,1.0,3.0,0,82986267,68,62,Hondarribia,"Bajo Bidasoa, Guipúzcoa",,0
690000,2.0,4.0,1,83123241,3000,300,Irun,"Bajo Bidasoa, Guipúzcoa",,0
495000,3.0,4.0,3,83441896,166,174,Irun,"Bajo Bidasoa, Guipúzcoa",,1
170000,2.0,2.0,0,83463515,60,55,Hondarribia,"Bajo Bidasoa, Guipúzcoa",1930,0
355000,2.0,3.0,0,84192974,88,71,Irun,"Bajo Bidasoa, Guipúzcoa",2019,0
420000,2.0,6.0,4,84434637,345,,Irun,"Bajo Bidasoa, Guipúzcoa",,1
265000,2.0,2.0,0,84580171,95,86,Irun,"Bajo Bidasoa, Guipúzcoa",1961,0
850000,3.0,4.0,1,34322871,3826,227,Hondarribia,"Bajo Bidasoa, Guipúzcoa",1991,1
705000,2.0,3.0,0,38093438,131,93,Hondarribia,"Bajo Bidasoa, Guipúzcoa",2010,1
705500,2.0,3.0,0,38361290,134,93,Hondarribia,"Bajo Bidasoa, Guipúzcoa",2010,1
99000,1.0,2.0,0,81145677,60,55,Irun,"Bajo Bidasoa, Guipúzcoa",1900,0
275000,2.0,3.0,0,81195063,100,,Irun,"Bajo Bidasoa, Guipúzcoa",1975,0
1155000,4.0,6.0,1,81251147,344,440,Hondarribia,"Bajo Bidasoa, Guipúzcoa",,1
450000,4.0,7.0,1,81433216,270,,Irun,"Bajo Bidasoa, Guipúzcoa",,1
380000,2.0,3.0,1,81621714,400,,Irun,"Bajo Bidasoa, Guipúzcoa",1960,1
675000,3.0,4.0,3,82528247,150,,Hondarribia,"Bajo Bidasoa, Guipúzcoa",2002,1
174900,1.0,2.0,0,82640188,60,,Irun,"Bajo Bidasoa, Guipúzcoa",,0
139500,1.0,2.0,0,82729669,89,80,Hondarribia,"Bajo Bidasoa, Guipúzcoa",1900,0
475000,5.0,4.0,3,83612303,229,200,Irun,"Bajo Bidasoa, Guipúzcoa",1994,1
338000,1.0,2.0,0,83762483,85,80,Irun,"Bajo Bidasoa, Guipúzcoa",,1
950000,6.0,6.0,1,83880370,4000,,Hondarribia,"Bajo Bidasoa, Guipúzcoa",,1
145000,1.0,2.0,8,84273204,69,55,Irun,"Bajo Bidasoa, Guipúzcoa",,0
280000,3.0,3.0,6,84439282,140,110,Irun,"Bajo Bidasoa, Guipúzcoa",2004,1
139500,2.0,3.0,0,84779336,82,75,Irun,"Bajo Bidasoa, Guipúzcoa",,0
145000,1.0,2.0,0,84819598,70,60,Irun,"Bajo Bidasoa, Guipúzcoa",1962,0
170000,1.0,3.0,0,82660644,62,,Irun,"Bajo Bidasoa, Guipúzcoa",,0
675000,5.0,6.0,4,28893339,293,245,Hondarribia,"Bajo Bidasoa, Guipúzcoa",1995,0
460000,4.0,4.0,1,33107091,90,180,Hondarribia,"Bajo Bidasoa, Guipúzcoa",2004,1
560000,3.0,4.0,3,39801047,300,300,Irun,"Bajo Bidasoa, Guipúzcoa",2004,1
630000,2.0,4.0,4,40163079,370,360,Irun,"Bajo Bidasoa, Guipúzcoa",1999,0
595000,3.0,5.0,4,40163086,500,280,Irun,"Bajo Bidasoa, Guipúzcoa",,0
399000,2.0,3.0,4,40163063,260,245,Irun,"Bajo Bidasoa, Guipúzcoa",1994,0
280000,2.0,3.0,0,40164256,103,98,Hondarribia,"Bajo Bidasoa, Guipúzcoa",1960,0
528000,3.0,3.0,0,40176061,150,148,Irun,"Bajo Bidasoa, Guipúzcoa",,0
380000,3.0,7.0,0,40369458,205,200,Hondarribia,"Bajo Bidasoa, Guipúzcoa",1960,0
180000,2.0,3.0,0,84393698,75,,Irun,"Bajo Bidasoa, Guipúzcoa",1989,0
195000,1.0,2.0,0,84530252,75,,Irun,"Bajo Bidasoa, Guipúzcoa",,0
185000,1.0,2.0,0,84679187,85,68,Irun,"Bajo Bidasoa, Guipúzcoa",,0
1300000,3.0,6.0,1,34691709,4000,350,Hondarribia,"Bajo Bidasoa, Guipúzcoa",,1
1300000,3.0,4.0,1,34724985,3850,,Hondarribia,"Bajo Bidasoa, Guipúzcoa",,1
798000,4.0,5.0,10,36770165,700,168,Hondarribia,"Bajo Bidasoa, Guipúzcoa",,1
289000,2.0,2.0,6,37043184,95,,Hondarribia,"Bajo Bidasoa, Guipúzcoa",,1
130000,1.0,3.0,0,37866056,70,65,Irun,"Bajo Bidasoa, Guipúzcoa",1936,0
311000,2.0,4.0,0,38197610,139,134,Irun,"Bajo Bidasoa, Guipúzcoa",1949,0
258000,2.0,3.0,0,37866195,87,82,Irun,"Bajo Bidasoa, Guipúzcoa",1987,0
875000,3.0,5.0,4,37866149,379,,Hondarribia,"Bajo Bidasoa, Guipúzcoa",,1
123000,2.0,2.0,0,38304509,82,77,Irun,"Bajo Bidasoa, Guipúzcoa",1982,0
172000,1.0,1.0,0,39213789,68,63,Irun,"Bajo Bidasoa, Guipúzcoa",2007,0
218000,1.0,2.0,0,82198682,90,70,Irun,"Bajo Bidasoa, Guipúzcoa",1972,0
725000,3.0,5.0,0,82775532,223,200,Hondarribia,"Bajo Bidasoa, Guipúzcoa",1958,0
690000,5.0,8.0,1,83011361,3600,560,Irun,"Bajo Bidasoa, Guipúzcoa",,1
215000,2.0,3.0,0,83907758,78,73,Hondarribia,"Bajo Bidasoa, Guipúzcoa",1985,0
160000,1.0,2.0,0,84195610,68,63,Irun,"Bajo Bidasoa, Guipúzcoa",1971,0
235000,2.0,3.0,0,84650449,88,79,Irun,"Bajo Bidasoa, Guipúzcoa",,0
168000,1.0,3.0,0,84753908,95,86,Irun,"Bajo Bidasoa, Guipúzcoa",,0
1000000,9.0,9.0,1,39799545,4000,,Hondarribia,"Bajo Bidasoa, Guipúzcoa",,1
1300000,3.0,5.0,1,36201276,4000,225,Hondarribia,"Bajo Bidasoa, Guipúzcoa",1988,0
410000,2.0,2.0,6,38349388,185,174,Hondarribia,"Bajo Bidasoa, Guipúzcoa",,0
139000,1.0,2.0,0,82564927,54,52,Irun,"Bajo Bidasoa, Guipúzcoa",1952,0
675000,4.0,7.0,1,82658086,4000,,Hondarribia,"Bajo Bidasoa, Guipúzcoa",,1
172000,1.0,1.0,0,82891462,75,,Irun,"Bajo Bidasoa, Guipúzcoa",,0
420000,2.0,6.0,4,84434649,345,,Irun,"Bajo Bidasoa, Guipúzcoa",,1
210000,1.0,3.0,0,84798080,100,90,Irun,"Bajo Bidasoa, Guipúzcoa",,0
260000,2.0,3.0,6,27102908,95,70,Irun,"Bajo Bidasoa, Guipúzcoa",,0
750000,3.0,4.0,1,34104429,3655,296,Hondarribia,"Bajo Bidasoa, Guipúzcoa",,1
780000,2.0,4.0,4,37816400,360,350,Irun,"Bajo Bidasoa, Guipúzcoa",,1
240000,2.0,2.0,6,39314729,68,66,Hondarribia,"Bajo Bidasoa, Guipúzcoa",2011,0
249000,2.0,2.0,0,81400148,80,75,Irun,"Bajo Bidasoa, Guipúzcoa",2009,0
340000,2.0,2.0,0,81940551,103,,Hondarribia,"Bajo Bidasoa, Guipúzcoa",,0
450000,2.0,3.0,0,81940622,138,,Hondarribia,"Bajo Bidasoa, Guipúzcoa",,0
355000,2.0,2.0,0,81940628,103,,Hondarribia,"Bajo Bidasoa, Guipúzcoa",,0
370000,2.0,2.0,0,81940624,103,,Hondarribia,"Bajo Bidasoa, Guipúzcoa",,0
350000,2.0,2.0,0,81940623,103,,Hondarribia,"Bajo Bidasoa, Guipúzcoa",,0
360000,2.0,2.0,0,81940467,167,,Hondarribia,"Bajo Bidasoa, Guipúzcoa",,0
315000,2.0,2.0,0,81940508,124,,Hondarribia,"Bajo Bidasoa, Guipúzcoa",,0
435000,2.0,3.0,0,81940552,138,,Hondarribia,"Bajo Bidasoa, Guipúzcoa",,0
1100000,5.0,7.0,1,81953594,5000,500,Hondarribia,"Bajo Bidasoa, Guipúzcoa",,1
235000,2.0,3.0,0,84280427,74,,Irun,"Bajo Bidasoa, Guipúzcoa",,1
610000,3.0,5.0,6,82937321,240,209,Irun,"Bajo Bidasoa, Guipúzcoa",,1
250000,1.0,2.0,8,83178631,85,71,Hondarribia,"Bajo Bidasoa, Guipúzcoa",1968,0
105000,1.0,2.0,0,83525018,60,,Irun,"Bajo Bidasoa, Guipúzcoa",,0
320000,2.0,3.0,0,83918843,125,100,Irun,"Bajo Bidasoa, Guipúzcoa",2000,1
950000,6.0,6.0,4,39828888,723,700,Hondarribia,"Bajo Bidasoa, Guipúzcoa",1970,1
350000,2.0,4.0,4,81583754,142,132,Irun,"Bajo Bidasoa, Guipúzcoa",1984,1
1300000,6.0,8.0,1,84246207,8000,692,Irun,"Bajo Bidasoa, Guipúzcoa",1977,0
350000,1.0,3.0,8,82861625,90,75,Hondarribia,"Bajo Bidasoa, Guipúzcoa",,0
598000,2.0,4.0,7,84310119,10000,490,Irun,"Bajo Bidasoa, Guipúzcoa",,1
185000,1.0,2.0,0,84869959,77,75,Irun,"Bajo Bidasoa, Guipúzcoa",1960,0
440000,4.0,3.0,4,31752276,900,,Irun,"Bajo Bidasoa, Guipúzcoa",1993,0
1250000,3.0,7.0,4,32149092,680,595,Hondarribia,"Bajo Bidasoa, Guipúzcoa",,0
630000,4.0,4.0,3,32249474,370,300,Irun,"Bajo Bidasoa, Guipúzcoa",2000,1
630000,4.0,3.0,1,32319135,340,330,Irun,"Bajo Bidasoa, Guipúzcoa",,1
650000,3.0,6.0,4,34477748,2516,280,Irun,"Bajo Bidasoa, Guipúzcoa",2000,1
399000,3.0,4.0,3,36027869,315,260,Irun,"Bajo Bidasoa, Guipúzcoa",1992,1
700000,2.0,3.0,8,36205765,160,150,Hondarribia,"Bajo Bidasoa, Guipúzcoa",2003,1
900000,2.0,3.0,0,39622636,127,117,Hondarribia,"Bajo Bidasoa, Guipúzcoa",2018,0
495000,3.0,4.0,3,39792280,200,,Irun,"Bajo Bidasoa, Guipúzcoa",2008,1
1350000,8.0,4.0,1,81192689,798,1015,Hondarribia,"Bajo Bidasoa, Guipúzcoa",1935,0
235000,2.0,3.0,0,81472781,106,89,Irun,"Bajo Bidasoa, Guipúzcoa",1987,0
1150000,4.0,6.0,9,81963792,570,497,Irun,"Bajo Bidasoa, Guipúzcoa",1900,1
445000,2.0,3.0,10,82211806,167,,Irun,"Bajo Bidasoa, Guipúzcoa",,0
850000,3.0,6.0,3,82556787,500,,Irun,"Bajo Bidasoa, Guipúzcoa",2002,1
240000,2.0,4.0,0,83110850,120,102,Irun,"Bajo Bidasoa, Guipúzcoa",,0
550000,4.0,4.0,4,83750966,600,180,Irun,"Bajo Bidasoa, Guipúzcoa",2018,1
390000,2.0,3.0,0,84181621,135,112,Irun,"Bajo Bidasoa, Guipúzcoa",1974,0
298000,1.0,2.0,0,84231010,65,61,Hondarribia,"Bajo Bidasoa, Guipúzcoa",1960,0
410000,2.0,3.0,0,84558041,185,174,Hondarribia,"Bajo Bidasoa, Guipúzcoa",1984,0
290000,2.0,2.0,0,84778753,70,67,Irun,"Bajo Bidasoa, Guipúzcoa",2002,0
260000,1.0,2.0,0,84770119,56,55,Hondarribia,"Bajo Bidasoa, Guipúzcoa",,0
115000,1.0,3.0,0,81145680,73,56,Irun,"Bajo Bidasoa, Guipúzcoa",1900,0
1250000,3.0,4.0,4,82915371,225,220,Hondarribia,"Bajo Bidasoa, Guipúzcoa",,1
95000,1.0,2.0,8,83011500,65,60,Irun,"Bajo Bidasoa, Guipúzcoa",,0
145000,1.0,2.0,0,84108097,68,60,Irun,"Bajo Bidasoa, Guipúzcoa",,0
1350000,3.0,4.0,10,84310111,7000,300,Hondarribia,"Bajo Bidasoa, Guipúzcoa",2008,1
1050000,3.0,5.0,4,82604991,3674,,Hondarribia,"Bajo Bidasoa, Guipúzcoa",1992,0
430000,2.0,4.0,4,82496372,350,73,Irun,"Bajo Bidasoa, Guipúzcoa",1935,0
279000,1.0,3.0,0,82325135,98,87,Irun,"Bajo Bidasoa, Guipúzcoa",1975,0
215000,2.0,3.0,0,81237096,90,84,Irun,"Bajo Bidasoa, Guipúzcoa",1977,0
259000,2.0,3.0,0,40176049,87,85,Irun,"Bajo Bidasoa, Guipúzcoa",2007,0
350000,2.0,3.0,0,40176055,100,95,Irun,"Bajo Bidasoa, Guipúzcoa",2007,0
339000,3.0,4.0,6,26661439,115,100,Irun,"Bajo Bidasoa, Guipúzcoa",,1
627000,3.0,6.0,2,34220746,2490,280,Irun,"Bajo Bidasoa, Guipúzcoa",,1
580000,4.0,4.0,4,36273914,300,272,Irun,"Bajo Bidasoa, Guipúzcoa",1994,0
140000,2.0,2.0,8,40393358,66,,Irun,"Bajo Bidasoa, Guipúzcoa",2000,0
240000,1.0,1.0,0,40478154,118,,Irun,"Bajo Bidasoa, Guipúzcoa",,0
780000,4.0,3.0,1,83110529,2450,,Hondarribia,"Bajo Bidasoa, Guipúzcoa",,1
206000,1.0,3.0,0,83460072,80,73,Irun,"Bajo Bidasoa, Guipúzcoa",1964,0
271000,2.0,4.0,6,83552222,138,130,Irun,"Bajo Bidasoa, Guipúzcoa",,0
1050000,4.0,5.0,1,83587705,3674,,Hondarribia,"Bajo Bidasoa, Guipúzcoa",1992,1
890000,7.0,8.0,10,83830582,2200,,Irun,"Bajo Bidasoa, Guipúzcoa",,1
520000,4.0,4.0,3,83929339,67,240,Irun,"Bajo Bidasoa, Guipúzcoa",,1
235000,2.0,3.0,0,84123052,95,85,Irun,"Bajo Bidasoa, Guipúzcoa",1979,0
430000,2.0,4.0,0,84378385,126,,Hondarribia,"Bajo Bidasoa, Guipúzcoa",1964,0
195000,1.0,1.0,0,84817494,55,,Irun,"Bajo Bidasoa, Guipúzcoa",1989,0
240000,2.0,2.0,6,40132965,66,63,Hondarribia,"Bajo Bidasoa, Guipúzcoa",2011,0
523000,2.0,3.0,0,40349794,90,,Hondarribia,"Bajo Bidasoa, Guipúzcoa",2000,1
675000,4.0,7.0,9,81964669,270,,Hondarribia,"Bajo Bidasoa, Guipúzcoa",,1
310000,2.0,4.0,5,82107375,270,,Hondarribia,"Bajo Bidasoa, Guipúzcoa",1900,0
670000,3.0,4.0,0,82514126,143,,Hondarribia,"Bajo Bidasoa, Guipúzcoa",,1
430000,2.0,4.0,0,82635488,135,,Hondarribia,"Bajo Bidasoa, Guipúzcoa",1971,1
190000,1.0,2.0,0,83744074,77,62,Irun,"Bajo Bidasoa, Guipúzcoa",,0
180000,2.0,3.0,0,84778837,70,64,Irun,"Bajo Bidasoa, Guipúzcoa",1900,0
260000,2.0,3.0,0,40369983,85,,Hondarribia,"Bajo Bidasoa, Guipúzcoa",1969,0
550000,2.0,2.0,0,83687981,82,73,Hondarribia,"Bajo Bidasoa, Guipúzcoa",2011,0
325000,2.0,2.0,0,84528910,125,,Hondarribia,"Bajo Bidasoa, Guipúzcoa",,0
165000,1.0,3.0,0,83422180,62,60,Irun,"Bajo Bidasoa, Guipúzcoa",1962,0
146000,1.0,2.0,0,81750357,79,77,Irun,"Bajo Bidasoa, Guipúzcoa",1957,0
679000,4.0,3.0,4,28379338,370,310,Irun,"Bajo Bidasoa, Guipúzcoa",1983,0
995000,3.0,4.0,4,32937173,4000,,Hondarribia,"Bajo Bidasoa, Guipúzcoa",1970,0
1350000,3.0,5.0,4,34067238,1233,1015,Hondarribia,"Bajo Bidasoa, Guipúzcoa",,0
720000,3.0,4.0,4,35024871,2315,220,Hondarribia,"Bajo Bidasoa, Guipúzcoa",,0
750000,2.0,5.0,4,31649649,2150,170,Hondarribia,"Bajo Bidasoa, Guipúzcoa",,1
630000,4.0,4.0,3,36092894,370,250,Irun,"Bajo Bidasoa, Guipúzcoa",2000,1
1000000,3.0,4.0,4,36784065,306,,Hondarribia,"Bajo Bidasoa, Guipúzcoa",,1
695000,5.0,6.0,4,36818205,4000,240,Hondarribia,"Bajo Bidasoa, Guipúzcoa",,0
1250000,6.0,7.0,4,36818201,4000,,Hondarribia,"Bajo Bidasoa, Guipúzcoa",,0
675000,3.0,3.0,4,37038630,1337,255,Hondarribia,"Bajo Bidasoa, Guipúzcoa",,0
690000,3.0,6.0,0,37259527,178,,Hondarribia,"Bajo Bidasoa, Guipúzcoa",,0
590000,2.0,3.0,0,37980207,98,81,Hondarribia,"Bajo Bidasoa, Guipúzcoa",,1
850000,2.0,2.0,4,38236025,234,195,Hondarribia,"Bajo Bidasoa, Guipúzcoa",,0
698000,2.0,3.0,7,38735427,1950,450,Hondarribia,"Bajo Bidasoa, Guipúzcoa",2006,0
675000,3.0,4.0,3,38747804,157,,Hondarribia,"Bajo Bidasoa, Guipúzcoa",,0
490000,1.0,4.0,4,39132907,216,95,Hondarribia,"Bajo Bidasoa, Guipúzcoa",,0
145000,1.0,2.0,0,39511449,79,74,Irun,"Bajo Bidasoa, Guipúzcoa",,0
1100000,7.0,6.0,0,26745837,530,440,Hondarribia,"Bajo Bidasoa, Guipúzcoa",1981,0
830000,5.0,5.0,4,40331202,2733,360,Hondarribia,"Bajo Bidasoa, Guipúzcoa",,1
598000,5.0,4.0,3,81904934,264,223,Irun,"Bajo Bidasoa, Guipúzcoa",2000,1
130000,1.0,3.0,0,82235855,60,55,Irun,"Bajo Bidasoa, Guipúzcoa",,0
220000,2.0,3.0,0,82379280,90,84,Irun,"Bajo Bidasoa, Guipúzcoa",,0
250000,2.0,3.0,0,82380371,115,100,Irun,"Bajo Bidasoa, Guipúzcoa",,0
264362,2.0,3.0,0,82881299,103,,Irun,"Bajo Bidasoa, Guipúzcoa",,1
720000,3.0,4.0,10,27980517,250,220,Hondarribia,"Bajo Bidasoa, Guipúzcoa",,1
344000,3.0,3.0,6,83286124,102,100,Irun,"Bajo Bidasoa, Guipúzcoa",,1
698000,4.0,4.0,4,35970367,490,420,Hondarribia,"Bajo Bidasoa, Guipúzcoa",2008,1
780000,2.0,4.0,0,38986247,350,,Irun,"Bajo Bidasoa, Guipúzcoa",,1
140000,1.0,1.0,0,83726443,36,30,Hondarribia,"Bajo Bidasoa, Guipúzcoa",,0
238000,2.0,3.0,0,83821642,112,98,Irun,"Bajo Bidasoa, Guipúzcoa",,0
250000,2.0,3.0,8,84070003,90,77,Irun,"Bajo Bidasoa, Guipúzcoa",,1
275000,3.0,3.0,6,84145976,130,120,Irun,"Bajo Bidasoa, Guipúzcoa",,0
505000,2.0,2.0,0,84199980,196,163,Hondarribia,"Bajo Bidasoa, Guipúzcoa",2000,1
440000,2.0,3.0,0,84216664,90,85,Hondarribia,"Bajo Bidasoa, Guipúzcoa",,0
280000,3.0,3.0,6,84303052,120,110,Irun,"Bajo Bidasoa, Guipúzcoa",2005,1
510000,2.0,4.0,6,84477950,165,155,Hondarribia,"Bajo Bidasoa, Guipúzcoa",,1
158000,1.0,2.0,0,84686040,74,62,Irun,"Bajo Bidasoa, Guipúzcoa",1975,0
190000,2.0,3.0,0,84871148,70,64,Irun,"Bajo Bidasoa, Guipúzcoa",2003,0
465000,3.0,3.0,1,37716756,200,175,Irun,"Bajo Bidasoa, Guipúzcoa",,1
850000,2.0,4.0,4,40265264,350,,Irun,"Bajo Bidasoa, Guipúzcoa",,1
1300000,5.0,6.0,4,34017751,700,,Irun,"Bajo Bidasoa, Guipúzcoa",1975,1
676000,4.0,6.0,6,84325342,178,,Hondarribia,"Bajo Bidasoa, Guipúzcoa",1968,1
725000,3.0,6.0,10,38836830,375,199,Hondarribia,"Bajo Bidasoa, Guipúzcoa",1987,1
650000,2.0,3.0,0,38836846,145,126,Hondarribia,"Bajo Bidasoa, Guipúzcoa",1965,0
725000,3.0,5.0,0,81660764,223,190,Hondarribia,"Bajo Bidasoa, Guipúzcoa",1951,1
229000,2.0,2.0,0,82043531,85,78,Irun,"Bajo Bidasoa, Guipúzcoa",1942,0
380000,2.0,6.0,6,82065057,240,200,Hondarribia,"Bajo Bidasoa, Guipúzcoa",,0
370000,2.0,2.0,0,82544135,70,,Hondarribia,"Bajo Bidasoa, Guipúzcoa",,0
350000,2.0,2.0,0,82544134,65,,Hondarribia,"Bajo Bidasoa, Guipúzcoa",,0
490000,2.0,3.0,0,82544136,80,,Hondarribia,"Bajo Bidasoa, Guipúzcoa",,0
445000,2.0,3.0,0,82544140,80,,Hondarribia,"Bajo Bidasoa, Guipúzcoa",,0
280000,3.0,3.0,6,82857365,110,,Irun,"Bajo Bidasoa, Guipúzcoa",2004,1
850000,3.0,3.0,1,84478669,7770,775,Hondarribia,"Bajo Bidasoa, Guipúzcoa",1980,1
360500,2.0,3.0,0,82515812,120,100,Irun,"Bajo Bidasoa, Guipúzcoa",1958,0
1100000,3.0,4.0,4,37146356,450,434,Hondarribia,"Bajo Bidasoa, Guipúzcoa",,1
1050000,4.0,5.0,4,39995141,524,438,Hondarribia,"Bajo Bidasoa, Guipúzcoa",1992,0
1140000,4.0,3.0,4,81186106,465,251,Hondarribia,"Bajo Bidasoa, Guipúzcoa",,1
1495000,5.0,8.0,4,81658438,380,370,Hondarribia,"Bajo Bidasoa, Guipúzcoa",2005,1
429000,2.0,4.0,0,83424973,173,,Irun,"Bajo Bidasoa, Guipúzcoa",,0
360000,1.0,2.0,8,83694673,77,,Irun,"Bajo Bidasoa, Guipúzcoa",,1
53000,1.0,0.0,12,83745052,30,,Irun,"Bajo Bidasoa, Guipúzcoa",,0
150000,1.0,2.0,0,83903802,51,,Irun,"Bajo Bidasoa, Guipúzcoa",,0
310000,6.0,8.0,1,38550642,400,275,Hondarribia,"Bajo Bidasoa, Guipúzcoa",,0
450000,4.0,7.0,1,81624643,300,,Irun,"Bajo Bidasoa, Guipúzcoa",,1
360000,2.0,2.0,0,81991440,167,,Hondarribia,"Bajo Bidasoa, Guipúzcoa",,0
325000,2.0,2.0,0,82001494,125,,Hondarribia,"Bajo Bidasoa, Guipúzcoa",,0
350000,2.0,2.0,0,82001497,103,,Hondarribia,"Bajo Bidasoa, Guipúzcoa",,0
345000,2.0,2.0,0,82001496,103,,Hondarribia,"Bajo Bidasoa, Guipúzcoa",,0
340000,2.0,2.0,0,82001495,103,,Hondarribia,"Bajo Bidasoa, Guipúzcoa",,0
360000,2.0,2.0,0,82001534,103,,Hondarribia,"Bajo Bidasoa, Guipúzcoa",,0
370000,2.0,2.0,0,82001536,196,,Hondarribia,"Bajo Bidasoa, Guipúzcoa",,0
455000,2.0,3.0,0,82001540,138,,Hondarribia,"Bajo Bidasoa, Guipúzcoa",,0
435000,2.0,3.0,0,82001538,138,,Hondarribia,"Bajo Bidasoa, Guipúzcoa",,0
435000,2.0,3.0,0,82001539,138,,Hondarribia,"Bajo Bidasoa, Guipúzcoa",,0
2350000,11.0,10.0,2,82470820,15200,620,Irun,"Bajo Bidasoa, Guipúzcoa",1992,1
280000,2.0,4.0,6,35254270,135,125,Irun,"Bajo Bidasoa, Guipúzcoa",2003,0
395000,2.0,3.0,0,82058821,95,87,Hondarribia,"Bajo Bidasoa, Guipúzcoa",1979,0
445000,2.0,3.0,0,83630874,90,80,Hondarribia,"Bajo Bidasoa, Guipúzcoa",2019,0
490000,2.0,3.0,0,83631141,90,80,Hondarribia,"Bajo Bidasoa, Guipúzcoa",2019,0
450000,3.0,5.0,10,83904751,300,190,Irun,"Bajo Bidasoa, Guipúzcoa",,1
315000,1.0,3.0,0,84644317,115,110,Irun,"Bajo Bidasoa, Guipúzcoa",,0
311000,2.0,3.0,0,29270853,95,87,Irun,"Bajo Bidasoa, Guipúzcoa",2007,1
275000,1.0,2.0,0,30507984,61,55,Hondarribia,"Bajo Bidasoa, Guipúzcoa",,0
399000,2.0,3.0,10,34467164,1000,125,Irun,"Bajo Bidasoa, Guipúzcoa",,1
399000,3.0,4.0,3,35971225,265,,Irun,"Bajo Bidasoa, Guipúzcoa",,0
780000,3.0,6.0,1,37780876,11000,350,Irun,"Bajo Bidasoa, Guipúzcoa",,0
259000,2.0,3.0,0,37866044,90,85,Irun,"Bajo Bidasoa, Guipúzcoa",2007,0
180000,1.0,2.0,0,37866058,70,63,Hondarribia,"Bajo Bidasoa, Guipúzcoa",2003,0
630000,4.0,3.0,4,37866146,340,,Irun,"Bajo Bidasoa, Guipúzcoa",2000,1
300000,4.0,4.0,15,38251334,127,100,Irun,"Bajo Bidasoa, Guipúzcoa",1900,1
528000,3.0,3.0,8,37866047,153,148,Irun,"Bajo Bidasoa, Guipúzcoa",,1
1100000,3.0,5.0,1,38647213,382,505,Hondarribia,"Bajo Bidasoa, Guipúzcoa",,0
1100000,5.0,4.0,4,37865854,432,,Hondarribia,"Bajo Bidasoa, Guipúzcoa",1940,0
129500,1.0,2.0,0,38891935,68,65,Irun,"Bajo Bidasoa, Guipúzcoa",1929,0
275000,2.0,3.0,0,37866063,95,88,Irun,"Bajo Bidasoa, Guipúzcoa",1975,0
150000,2.0,4.0,0,37866082,86,80,Irun,"Bajo Bidasoa, Guipúzcoa",1987,0
515000,2.0,4.0,4,39803445,138,128,Irun,"Bajo Bidasoa, Guipúzcoa",2003,1
1050000,4.0,7.0,1,40173019,3674,520,Hondarribia,"Bajo Bidasoa, Guipúzcoa",1980,0
239000,2.0,4.0,0,81280990,132,122,Irun,"Bajo Bidasoa, Guipúzcoa",1979,0
270000,1.0,2.0,0,81704974,83,74,Hondarribia,"Bajo Bidasoa, Guipúzcoa",1980,1
440000,4.0,3.0,1,81900059,1000,150,Irun,"Bajo Bidasoa, Guipúzcoa",,1
338000,1.0,2.0,0,39962226,85,80,Irun,"Bajo Bidasoa, Guipúzcoa",2003,1
165000,1.0,3.0,0,83671604,68,63,Irun,"Bajo Bidasoa, Guipúzcoa",1965,0
279000,2.0,4.0,6,84572686,140,122,Irun,"Bajo Bidasoa, Guipúzcoa",2003,0
405000,3.0,3.0,3,39415128,80,256,Irun,"Bajo Bidasoa, Guipúzcoa",1992,1
2100000,7.0,5.0,1,81608597,366,311,Hondarribia,"Bajo Bidasoa, Guipúzcoa",1997,1
360000,1.0,2.0,8,83694687,77,,Irun,"Bajo Bidasoa, Guipúzcoa",,1
450000,3.0,5.0,10,84436641,160,17,Irun,"Bajo Bidasoa, Guipúzcoa",1999,1
1300000,3.0,4.0,4,33920698,3800,280,Hondarribia,"Bajo Bidasoa, Guipúzcoa",,0
1390000,3.0,4.0,1,34104659,3800,,Hondarribia,"Bajo Bidasoa, Guipúzcoa",,1
450000,3.0,4.0,4,35512300,200,130,Irun,"Bajo Bidasoa, Guipúzcoa",,1
170000,1.0,2.0,0,35742936,65,,Irun,"Bajo Bidasoa, Guipúzcoa",,0
1350000,3.0,5.0,1,37614373,60,1000,Hondarribia,"Bajo Bidasoa, Guipúzcoa",1935,1
850000,2.0,4.0,4,30507937,275,250,Hondarribia,"Bajo Bidasoa, Guipúzcoa",1979,1
800000,2.0,3.0,0,39651236,127,115,Hondarribia,"Bajo Bidasoa, Guipúzcoa",2016,1
550000,4.0,4.0,10,40414203,240,230,Irun,"Bajo Bidasoa, Guipúzcoa",,1
1155000,4.0,6.0,1,81225245,344,,Hondarribia,"Bajo Bidasoa, Guipúzcoa",1950,1
720000,3.0,4.0,10,82065050,275,218,Hondarribia,"Bajo Bidasoa, Guipúzcoa",1993,1
1140000,4.0,5.0,10,82065052,490,251,Hondarribia,"Bajo Bidasoa, Guipúzcoa",1985,1
1155000,5.0,6.0,1,82064974,344,465,Hondarribia,"Bajo Bidasoa, Guipúzcoa",,1
1370000,4.0,6.0,1,82065058,39600,320,Irun,"Bajo Bidasoa, Guipúzcoa",1995,1
145000,2.0,2.0,0,83286662,65,64,Irun,"Bajo Bidasoa, Guipúzcoa",,0
230000,1.0,3.0,0,84148098,86,85,Irun,"Bajo Bidasoa, Guipúzcoa",,0
660000,4.0,5.0,10,84310118,989,169,Hondarribia,"Bajo Bidasoa, Guipúzcoa",1986,1
598000,3.0,4.0,1,84356905,4190,206,Hondarribia,"Bajo Bidasoa, Guipúzcoa",2005,1
258000,2.0,3.0,0,83034583,103,93,Irun,"Bajo Bidasoa, Guipúzcoa",1988,1
435000,2.0,3.0,0,84732124,90,,Hondarribia,"Bajo Bidasoa, Guipúzcoa",,0
260000,2.0,6.0,0,84088306,90,77,Irun,"Bajo Bidasoa, Guipúzcoa",,1
220000,2.0,2.0,0,36765835,90,89,Irun,"Bajo Bidasoa, Guipúzcoa",2004,0
333900,2.0,3.0,0,40561616,145,90,Irun,"Bajo Bidasoa, Guipúzcoa",2012,1
415000,3.0,3.0,3,81432632,264,233,Irun,"Bajo Bidasoa, Guipúzcoa",1992,1
195000,1.0,2.0,0,84315386,68,58,Irun,"Bajo Bidasoa, Guipúzcoa",,0
228000,2.0,3.0,0,84570899,80,,Hondarribia,"Bajo Bidasoa, Guipúzcoa",,0
675000,3.0,3.0,1,39412905,1464,279,Irun,"Bajo Bidasoa, Guipúzcoa",1971,1
565000,4.0,5.0,0,40148097,185,,Hondarribia,"Bajo Bidasoa, Guipúzcoa",,1
275000,2.0,3.0,0,40565585,105,88,Irun,"Bajo Bidasoa, Guipúzcoa",1975,0
295000,2.0,3.0,0,81524217,95,83,Irun,"Bajo Bidasoa, Guipúzcoa",2000,1
550000,4.0,4.0,4,82643082,600,235,Irun,"Bajo Bidasoa, Guipúzcoa",,1
450000,3.0,7.0,4,82763289,370,228,Irun,"Bajo Bidasoa, Guipúzcoa",1991,1
185000,2.0,3.0,0,84070365,70,64,Irun,"Bajo Bidasoa, Guipúzcoa",2003,0
350000,1.0,1.0,0,84354412,65,58,Hondarribia,"Bajo Bidasoa, Guipúzcoa",2007,1
450000,3.0,5.0,10,84636688,1070,184,Irun,"Bajo Bidasoa, Guipúzcoa",1989,1
435000,2.0,3.0,0,84732129,90,,Hondarribia,"Bajo Bidasoa, Guipúzcoa",,0
145000,1.0,2.0,0,84778752,65,60,Irun,"Bajo Bidasoa, Guipúzcoa",,0
139500,2.0,3.0,0,40540755,82,74,Irun,"Bajo Bidasoa, Guipúzcoa",1927,0
676000,4.0,6.0,6,84569165,214,178,Hondarribia,"Bajo Bidasoa, Guipúzcoa",1973,1
466000,2.0,3.0,8,33689029,150,140,Irun,"Bajo Bidasoa, Guipúzcoa",,1
289000,2.0,2.0,6,37866072,71,66,Hondarribia,"Bajo Bidasoa, Guipúzcoa",2011,1
298000,2.0,2.0,6,38183867,85,80,Hondarribia,"Bajo Bidasoa, Guipúzcoa",,1
420000,1.0,3.0,0,81648781,95,94,Irun,"Bajo Bidasoa, Guipúzcoa",,1
380000,3.0,7.0,6,83373461,250,,Hondarribia,"Bajo Bidasoa, Guipúzcoa",,0
425000,2.0,4.0,6,84059163,160,,Irun,"Bajo Bidasoa, Guipúzcoa",,1
399000,2.0,3.0,10,84408807,300,,Irun,"Bajo Bidasoa, Guipúzcoa",2004,0
347000,3.0,3.0,6,82010667,115,100,Irun,"Bajo Bidasoa, Guipúzcoa",1997,1
220000,2.0,3.0,0,82397417,96,80,Irun,"Bajo Bidasoa, Guipúzcoa",2013,0
495000,2.0,3.0,0,82694990,92,90,Hondarribia,"Bajo Bidasoa, Guipúzcoa",1997,1
210000,2.0,3.0,0,84197648,91,75,Irun,"Bajo Bidasoa, Guipúzcoa",2014,0
265000,2.0,2.0,0,84749413,100,95,Irun,"Bajo Bidasoa, Guipúzcoa",1996,0
298000,1.0,2.0,0,84200102,70,,Hondarribia,"Bajo Bidasoa, Guipúzcoa",1900,0
275000,3.0,3.0,8,84501146,121,,Irun,"Bajo Bidasoa, Guipúzcoa",1994,0
675000,3.0,3.0,3,81508358,1700,280,Irun,"Bajo Bidasoa, Guipúzcoa",1971,1
495000,2.0,3.0,0,82109963,130,92,Hondarribia,"Bajo Bidasoa, Guipúzcoa",1999,0
750000,5.0,5.0,4,40238429,350,327,Irun,"Bajo Bidasoa, Guipúzcoa",1994,0
472000,3.0,4.0,8,39862223,146,,Irun,"Bajo Bidasoa, Guipúzcoa",,1
2100000,8.0,5.0,1,81523692,1155,503,Hondarribia,"Bajo Bidasoa, Guipúzcoa",1997,1
380000,3.0,4.0,1,84710077,260,238,Irun,"Bajo Bidasoa, Guipúzcoa",1960,1
189000,2.0,3.0,0,84869953,68,64,Irun,"Bajo Bidasoa, Guipúzcoa",2003,0
825000,2.0,6.0,4,84851209,320,280,Hondarribia,"Bajo Bidasoa, Guipúzcoa",1910,1
515000,2.0,4.0,1,40188070,600,,Hondarribia,"Bajo Bidasoa, Guipúzcoa",1954,1
155000,1.0,3.0,0,35521199,88,75,Irun,"Bajo Bidasoa, Guipúzcoa",1973,0
550000,4.0,7.0,1,33969639,160,210,Irun,"Bajo Bidasoa, Guipúzcoa",,1
1700000,3.0,4.0,1,32255943,4000,239,Hondarribia,"Bajo Bidasoa, Guipúzcoa",1986,1
679000,3.0,3.0,10,33725774,100,290,Irun,"Bajo Bidasoa, Guipúzcoa",1996,1
320000,2.0,4.0,0,37194190,208,,Irun,"Bajo Bidasoa, Guipúzcoa",,1
850000,3.0,4.0,1,38816024,3826,227,Hondarribia,"Bajo Bidasoa, Guipúzcoa",,1
460000,4.0,3.0,3,39017338,268,224,Irun,"Bajo Bidasoa, Guipúzcoa",2005,1
165000,1.0,3.0,0,84776630,85,77,Irun,"Bajo Bidasoa, Guipúzcoa",,0
1100000,7.0,9.0,1,40152461,5000,500,Hondarribia,"Bajo Bidasoa, Guipúzcoa",,1
460000,2.0,3.0,8,521288,146,128,Irun,"Bajo Bidasoa, Guipúzcoa",2007,1
1300000,4.0,4.0,1,34728351,4000,390,Hondarribia,"Bajo Bidasoa, Guipúzcoa",2005,1
350000,2.0,3.0,0,38380945,115,95,Irun,"Bajo Bidasoa, Guipúzcoa",1998,1
1090000,6.0,8.0,1,40200928,5000,570,Hondarribia,"Bajo Bidasoa, Guipúzcoa",,1
264000,1.0,1.0,8,82545581,80,60,Irun,"Bajo Bidasoa, Guipúzcoa",2004,0
1100000,5.0,7.0,1,83936422,5000,500,Hondarribia,"Bajo Bidasoa, Guipúzcoa",1971,1
870000,4.0,7.0,1,84107197,2200,440,Irun,"Bajo Bidasoa, Guipúzcoa",,1
460000,3.0,4.0,10,84107361,2200,230,Irun,"Bajo Bidasoa, Guipúzcoa",,1
266000,2.0,3.0,0,84148777,90,77,Irun,"Bajo Bidasoa, Guipúzcoa",2003,1
285000,2.0,3.0,6,84519040,85,82,Irun,"Bajo Bidasoa, Guipúzcoa",2000,1
528000,3.0,3.0,8,36975283,150,148,Irun,"Bajo Bidasoa, Guipúzcoa",1965,0
206000,2.0,3.0,0,38999156,98,90,Irun,"Bajo Bidasoa, Guipúzcoa",1978,0
429000,2.0,4.0,0,82427005,135,105,Hondarribia,"Bajo Bidasoa, Guipúzcoa",1971,1
545000,1.0,3.0,1,84555080,5585,,Irun,"Bajo Bidasoa, Guipúzcoa",,1
495000,2.0,3.0,0,82627074,92,,Hondarribia,"Bajo Bidasoa, Guipúzcoa",1997,1
235000,2.0,2.0,0,84397529,64,54,Hondarribia,"Bajo Bidasoa, Guipúzcoa",1979,0
289000,2.0,2.0,6,40176062,82,78,Hondarribia,"Bajo Bidasoa, Guipúzcoa",2012,0
930000,8.0,8.0,4,33369405,850,750,Hondarribia,"Bajo Bidasoa, Guipúzcoa",1970,1
1500000,3.0,5.0,1,38306131,520,434,Hondarribia,"Bajo Bidasoa, Guipúzcoa",1950,1
360500,2.0,3.0,10,40512442,218,101,Irun,"Bajo Bidasoa, Guipúzcoa",1986,1
380000,2.0,4.0,0,82809971,112,,Irun,"Bajo Bidasoa, Guipúzcoa",1953,0
180000,2.0,2.0,0,34570133,64,,Irun,"Bajo Bidasoa, Guipúzcoa",,0
1050000,4.0,8.0,1,561833,4200,500,Hondarribia,"Bajo Bidasoa, Guipúzcoa",,1
270000,2.0,4.0,0,84122923,116,111,Irun,"Bajo Bidasoa, Guipúzcoa",1991,0
450000,2.0,2.0,0,84354422,75,68,Hondarribia,"Bajo Bidasoa, Guipúzcoa",2007,1
2300000,5.0,5.0,1,27733821,520,,Hondarribia,"Bajo Bidasoa, Guipúzcoa",,1
1100000,3.0,6.0,1,32669990,4000,710,Hondarribia,"Bajo Bidasoa, Guipúzcoa",,1
525000,3.0,5.0,10,37994968,210,248,Irun,"Bajo Bidasoa, Guipúzcoa",2017,1
275000,3.0,3.0,8,32314440,125,120,Irun,"Bajo Bidasoa, Guipúzcoa",1998,0
1350000,3.0,4.0,1,84768072,7000,380,Hondarribia,"Bajo Bidasoa, Guipúzcoa",,1
610000,3.0,4.0,3,82091907,1000,179,Irun,"Bajo Bidasoa, Guipúzcoa",,1
1100000,5.0,7.0,4,84869955,5000,,Hondarribia,"Bajo Bidasoa, Guipúzcoa",1984,0
725000,3.0,5.0,0,82725147,228,190,Hondarribia,"Bajo Bidasoa, Guipúzcoa",1951,0
620000,3.0,4.0,3,84065764,1373,177,Irun,"Bajo Bidasoa, Guipúzcoa",2005,1
140000,1.0,3.0,0,84075795,75,63,Irun,"Bajo Bidasoa, Guipúzcoa",1962,0
500000,2.0,4.0,0,33037846,150,,Irun,"Bajo Bidasoa, Guipúzcoa",,0
480000,2.0,3.0,0,37975791,100,90,Irun,"Bajo Bidasoa, Guipúzcoa",2012,1
228000,2.0,3.0,0,84318455,112,98,Irun,"Bajo Bidasoa, Guipúzcoa",1975,0
595000,3.0,4.0,10,35072780,800,200,Irun,"Bajo Bidasoa, Guipúzcoa",1988,1
1300000,7.0,8.0,4,82121448,900,792,Hondarribia,"Bajo Bidasoa, Guipúzcoa",1977,1
875000,4.0,6.0,1,82177178,3800,,Hondarribia,"Bajo Bidasoa, Guipúzcoa",1994,1
190000,2.0,3.0,0,84787578,70,65,Irun,"Bajo Bidasoa, Guipúzcoa",2003,0
795000,4.0,5.0,10,38958306,800,240,Hondarribia,"Bajo Bidasoa, Guipúzcoa",1974,1
570000,3.0,4.0,10,82576899,340,280,Irun,"Bajo Bidasoa, Guipúzcoa",2000,1
2500000,7.0,8.0,1,83132960,2450,650,Hondarribia,"Bajo Bidasoa, Guipúzcoa",,1
220000,2.0,3.0,0,83895365,90,85,Irun,"Bajo Bidasoa, Guipúzcoa",,0
700000,4.0,5.0,10,26861832,500,330,Irun,"Bajo Bidasoa, Guipúzcoa",2005,1
1250000,3.0,4.0,1,33789670,3600,330,Hondarribia,"Bajo Bidasoa, Guipúzcoa",2018,1
560000,4.0,5.0,3,36128284,180,260,Irun,"Bajo Bidasoa, Guipúzcoa",2000,1
350000,2.0,3.0,0,81778952,100,95,Irun,"Bajo Bidasoa, Guipúzcoa",2008,1
235000,2.0,3.0,0,84843511,88,81,Irun,"Bajo Bidasoa, Guipúzcoa",,0
220000,2.0,3.0,0,84827236,85,80,Irun,"Bajo Bidasoa, Guipúzcoa",2000,0
430000,2.0,2.0,0,84560603,110,100,Hondarribia,"Bajo Bidasoa, Guipúzcoa",1971,0
1300000,7.0,8.0,4,82121447,900,792,Irun,"Bajo Bidasoa, Guipúzcoa",1977,0
675000,3.0,4.0,10,81283729,1500,280,Hondarribia,"Bajo Bidasoa, Guipúzcoa",,1
675000,3.0,4.0,10,82959783,1500,280,Irun,"Bajo Bidasoa, Guipúzcoa",,1
191715,1.0,2.0,0,84804526,84,68,Irun,"Bajo Bidasoa, Guipúzcoa",,0
170000,1.0,3.0,0,84867145,95,86,Irun,"Bajo Bidasoa, Guipúzcoa",1975,0
160000,2.0,2.0,0,84801774,75,,Irun,"Bajo Bidasoa, Guipúzcoa",1920,0
1350000,3.0,4.0,1,35936182,799,955,Hondarribia,"Bajo Bidasoa, Guipúzcoa",,0
365000,1.0,3.0,0,84881191,135,85,Hondarribia,"Bajo Bidasoa, Guipúzcoa",,0
330000,3.0,3.0,6,84645106,175,,Irun,"Bajo Bidasoa, Guipúzcoa",1998,0
375000,2.0,3.0,8,83011687,130,,Irun,"Bajo Bidasoa, Guipúzcoa",,1
698000,4.0,5.0,1,37479548,1900,450,Irun,"Bajo Bidasoa, Guipúzcoa",2009,1
698000,4.0,5.0,1,35475724,2000,450,Irun,"Bajo Bidasoa, Guipúzcoa",2009,0
1150000,4.0,5.0,1,84058961,450,175,Hondarribia,"Bajo Bidasoa, Guipúzcoa",2000,1
430000,2.0,4.0,0,81171987,140,130,Hondarribia,"Bajo Bidasoa, Guipúzcoa",,0
265000,2.0,4.0,0,82772832,105,100,Irun,"Bajo Bidasoa, Guipúzcoa",1940,0
145000,1.0,2.0,0,36895155,75,70,Irun,"Bajo Bidasoa, Guipúzcoa",,0
310000,2.0,4.0,0,37602488,150,140,Irun,"Bajo Bidasoa, Guipúzcoa",,1
189000,2.0,2.0,0,35428016,72,69,Irun,"Bajo Bidasoa, Guipúzcoa",2009,1
208000,1.0,1.0,0,39385843,84,70,Hondarribia,"Bajo Bidasoa, Guipúzcoa",2007,1
725000,3.0,6.0,10,40255561,230,200,Hondarribia,"Bajo Bidasoa, Guipúzcoa",,0
515000,2.0,4.0,10,35234946,170,150,Irun,"Bajo Bidasoa, Guipúzcoa",2002,1
120000,1.0,1.0,0,81523344,66,46,Irun,"Bajo Bidasoa, Guipúzcoa",1998,0
155000,1.0,3.0,0,81966612,75,68,Irun,"Bajo Bidasoa, Guipúzcoa",1973,0
100000,1.0,1.0,0,84213826,42,,Irun,"Bajo Bidasoa, Guipúzcoa",1930,0
170000,2.0,2.0,0,84307320,60,,Hondarribia,"Bajo Bidasoa, Guipúzcoa",1900,0
192000,2.0,2.0,0,82978616,78,74,Irun,"Bajo Bidasoa, Guipúzcoa",1991,0
320000,2.0,3.0,0,37408076,135,,Irun,"Bajo Bidasoa, Guipúzcoa",,1
525000,2.0,3.0,0,82201816,103,92,Hondarribia,"Bajo Bidasoa, Guipúzcoa",1994,1
2350000,10.0,10.0,1,82196689,15000,690,Hondarribia,"Bajo Bidasoa, Guipúzcoa",1970,1
235000,1.0,2.0,0,83687126,64,54,Hondarribia,"Bajo Bidasoa, Guipúzcoa",,0
220000,2.0,3.0,0,84676108,84,77,Irun,"Bajo Bidasoa, Guipúzcoa",1972,0
250000,1.0,2.0,8,30792594,80,71,Hondarribia,"Bajo Bidasoa, Guipúzcoa",,0
900000,2.0,3.0,0,34836599,141,120,Hondarribia,"Bajo Bidasoa, Guipúzcoa",2008,0
155000,1.0,3.0,0,36718543,85,75,Irun,"Bajo Bidasoa, Guipúzcoa",,0
140800,1.0,3.0,0,37173505,93,78,Irun,"Bajo Bidasoa, Guipúzcoa",1955,0
135000,1.0,3.0,0,38821584,78,70,Irun,"Bajo Bidasoa, Guipúzcoa",,0
115000,1.0,2.0,8,83571434,62,52,Irun,"Bajo Bidasoa, Guipúzcoa",,0
550000,3.0,4.0,3,83870729,60,192,Irun,"Bajo Bidasoa, Guipúzcoa",1998,1
125000,1.0,2.0,0,83943421,65,60,Irun,"Bajo Bidasoa, Guipúzcoa",1969,0
170000,2.0,0.0,12,84065016,67,57,Hondarribia,"Bajo Bidasoa, Guipúzcoa",1900,0
119000,1.0,2.0,0,82107813,58,50,Irun,"Bajo Bidasoa, Guipúzcoa",1960,0
325000,2.0,4.0,0,33686883,126,105,Irun,"Bajo Bidasoa, Guipúzcoa",,0
338000,1.0,2.0,0,81675348,94,84,Irun,"Bajo Bidasoa, Guipúzcoa",2006,1
480000,4.0,7.0,10,82010159,2500,300,Hondarribia,"Bajo Bidasoa, Guipúzcoa",,1
165000,1.0,3.0,0,83021294,92,77,Irun,"Bajo Bidasoa, Guipúzcoa",,0
515000,2.0,4.0,4,82589532,600,325,Hondarribia,"Bajo Bidasoa, Guipúzcoa",1954,0
295000,2.0,3.0,0,38601942,83,81,Irun,"Bajo Bidasoa, Guipúzcoa",,1
259000,2.0,2.0,0,83256997,80,72,Irun,"Bajo Bidasoa, Guipúzcoa",,0
310000,1.0,2.0,0,83434427,56,,Hondarribia,"Bajo Bidasoa, Guipúzcoa",2018,0
145000,1.0,2.0,0,83989374,68,65,Irun,"Bajo Bidasoa, Guipúzcoa",,0
290000,2.0,2.0,0,84085269,80,67,Irun,"Bajo Bidasoa, Guipúzcoa",2002,1
240000,1.0,3.0,8,84090202,75,65,Irun,"Bajo Bidasoa, Guipúzcoa",,1
315000,1.0,4.0,0,84560806,120,110,Irun,"Bajo Bidasoa, Guipúzcoa",,0
220000,2.0,3.0,0,84619079,80,75,Irun,"Bajo Bidasoa, Guipúzcoa",1972,0
125000,1.0,3.0,0,84636858,78,68,Irun,"Bajo Bidasoa, Guipúzcoa",,0
120000,1.0,3.0,0,84744588,74,64,Irun,"Bajo Bidasoa, Guipúzcoa",,0
112000,1.0,2.0,0,84763794,78,75,Irun,"Bajo Bidasoa, Guipúzcoa",,0
249000,2.0,3.0,0,82160973,110,90,Irun,"Bajo Bidasoa, Guipúzcoa",1991,1
280000,2.0,3.0,0,84643875,110,,Irun,"Bajo Bidasoa, Guipúzcoa",,0
238000,2.0,4.0,0,84643922,124,,Irun,"Bajo Bidasoa, Guipúzcoa",,0
138000,1.0,2.0,0,84682851,100,80,Hondarribia,"Bajo Bidasoa, Guipúzcoa",1900,0
170000,1.0,3.0,0,81754995,98,86,Irun,"Bajo Bidasoa, Guipúzcoa",1970,0
248500,1.0,3.0,0,83260847,95,87,Irun,"Bajo Bidasoa, Guipúzcoa",1970,0
259000,2.0,2.0,0,82358506,74,71,Irun,"Bajo Bidasoa, Guipúzcoa",1972,0
450000,3.0,3.0,1,708724,150,100,Irun,"Bajo Bidasoa, Guipúzcoa",,1
145000,1.0,2.0,0,39831044,70,63,Irun,"Bajo Bidasoa, Guipúzcoa",,0
325000,2.0,2.0,0,82001493,103,,Hondarribia,"Bajo Bidasoa, Guipúzcoa",,0
110000,1.0,2.0,0,84147387,70,64,Irun,"Bajo Bidasoa, Guipúzcoa",,0
850000,2.0,4.0,0,82497023,262,223,Hondarribia,"Bajo Bidasoa, Guipúzcoa",,0
220000,2.0,3.0,0,39619603,91,76,Irun,"Bajo Bidasoa, Guipúzcoa",,0
174900,1.0,2.0,0,82640164,60,,Irun,"Bajo Bidasoa, Guipúzcoa",,0
185000,1.0,2.0,0,84763409,78,68,Irun,"Bajo Bidasoa, Guipúzcoa",,0
460000,2.0,3.0,8,84676094,150,140,Irun,"Bajo Bidasoa, Guipúzcoa",,1
149000,1.0,3.0,0,38535179,82,80,Hondarribia,"Bajo Bidasoa, Guipúzcoa",,0
105000,1.0,2.0,0,82772357,55,50,Irun,"Bajo Bidasoa, Guipúzcoa",1955,0
215000,1.0,2.0,0,82856012,85,70,Irun,"Bajo Bidasoa, Guipúzcoa",1974,0
595000,3.0,4.0,4,39861584,290,275,Irun,"Bajo Bidasoa, Guipúzcoa",1988,1
197000,1.0,3.0,0,39879023,95,90,Irun,"Bajo Bidasoa, Guipúzcoa",1947,0
172000,1.0,1.0,0,82891463,75,,Irun,"Bajo Bidasoa, Guipúzcoa",,0
265000,2.0,3.0,0,84384434,95,90,Irun,"Bajo Bidasoa, Guipúzcoa",2003,1
228000,2.0,3.0,0,84663247,112,98,Irun,"Bajo Bidasoa, Guipúzcoa",,0
400000,3.0,4.0,0,34764873,165,135,Irun,"Bajo Bidasoa, Guipúzcoa",1951,0
750000,4.0,6.0,3,35323029,175,325,Irun,"Bajo Bidasoa, Guipúzcoa",1994,0
159000,1.0,3.0,0,82073553,85,75,Irun,"Bajo Bidasoa, Guipúzcoa",,0
670000,3.0,4.0,0,82196058,143,124,Hondarribia,"Bajo Bidasoa, Guipúzcoa",,1
165000,1.0,3.0,0,83021068,87,77,Irun,"Bajo Bidasoa, Guipúzcoa",,0
150000,1.0,2.0,8,83534644,90,75,Irun,"Bajo Bidasoa, Guipúzcoa",,0
780000,3.0,3.0,10,83558741,335,206,Hondarribia,"Bajo Bidasoa, Guipúzcoa",1989,1
340000,2.0,6.0,4,84055970,140,139,Irun,"Bajo Bidasoa, Guipúzcoa",1964,0
240000,2.0,4.0,0,84795889,110,102,Irun,"Bajo Bidasoa, Guipúzcoa",1957,0
200000,1.0,1.0,0,81663727,60,55,Hondarribia,"Bajo Bidasoa, Guipúzcoa",1900,0
260000,2.0,3.0,8,36423157,100,85,Hondarribia,"Bajo Bidasoa, Guipúzcoa",1969,0
220000,2.0,3.0,0,40216651,98,88,Irun,"Bajo Bidasoa, Guipúzcoa",,0
139500,1.0,2.0,0,40216684,90,80,Hondarribia,"Bajo Bidasoa, Guipúzcoa",,0
370000,3.0,3.0,6,40277601,150,120,Irun,"Bajo Bidasoa, Guipúzcoa",2005,1
259000,2.0,3.0,0,40467873,100,90,Irun,"Bajo Bidasoa, Guipúzcoa",,0
150000,1.0,2.0,0,82580729,78,76,Irun,"Bajo Bidasoa, Guipúzcoa",,0
249000,1.0,2.0,0,82703723,85,70,Irun,"Bajo Bidasoa, Guipúzcoa",2012,0
258000,2.0,3.0,0,83047246,95,85,Irun,"Bajo Bidasoa, Guipúzcoa",1987,0
285000,2.0,2.0,0,83574497,155,71,Irun,"Bajo Bidasoa, Guipúzcoa",,0
268000,2.0,3.0,0,83968726,92,84,Irun,"Bajo Bidasoa, Guipúzcoa",2003,0
285000,2.0,3.0,0,83609787,110,103,Irun,"Bajo Bidasoa, Guipúzcoa",1932,0
210000,2.0,3.0,0,83816242,90,80,Irun,"Bajo Bidasoa, Guipúzcoa",1959,0
220000,2.0,3.0,0,83860713,85,80,Irun,"Bajo Bidasoa, Guipúzcoa",1990,0
215000,1.0,1.0,0,81156997,62,57,Irun,"Bajo Bidasoa, Guipúzcoa",2003,0
290000,1.0,3.0,4,84402931,120,,Irun,"Bajo Bidasoa, Guipúzcoa",1962,1
347000,2.0,4.0,0,84644007,115,,Irun,"Bajo Bidasoa, Guipúzcoa",,0
190000,1.0,3.0,0,25666914,90,80,Irun,"Bajo Bidasoa, Guipúzcoa",,0
460000,4.0,4.0,10,35403916,100,135,Hondarribia,"Bajo Bidasoa, Guipúzcoa",2005,1
175000,1.0,3.0,0,40350906,87,80,Irun,"Bajo Bidasoa, Guipúzcoa",,0
275000,2.0,2.0,0,81277238,92,77,Irun,"Bajo Bidasoa, Guipúzcoa",,0
475000,2.0,5.0,1,82407802,2300,164,Hondarribia,"Bajo Bidasoa, Guipúzcoa",1955,0
379000,3.0,4.0,1,37820063,360,160,Irun,"Bajo Bidasoa, Guipúzcoa",,1
264000,1.0,1.0,8,82627528,130,60,Irun,"Bajo Bidasoa, Guipúzcoa",2004,0
1200000,3.0,4.0,1,82711404,2000,239,Irun,"Bajo Bidasoa, Guipúzcoa",,1
1099000,6.0,8.0,1,82739800,4000,312,Hondarribia,"Bajo Bidasoa, Guipúzcoa",1971,1
240000,2.0,2.0,6,83210382,75,67,Hondarribia,"Bajo Bidasoa, Guipúzcoa",2012,0
198500,1.0,2.0,0,83240493,75,65,Irun,"Bajo Bidasoa, Guipúzcoa",1995,0
258000,2.0,3.0,0,83433803,88,80,Irun,"Bajo Bidasoa, Guipúzcoa",,0
260000,2.0,3.0,0,83544443,97,87,Hondarribia,"Bajo Bidasoa, Guipúzcoa",,1
675000,3.0,3.0,1,83605934,1800,280,Irun,"Bajo Bidasoa, Guipúzcoa",,1
324000,3.0,4.0,0,83764309,157,142,Irun,"Bajo Bidasoa, Guipúzcoa",,0
179000,2.0,2.0,0,83827564,98,88,Irun,"Bajo Bidasoa, Guipúzcoa",2003,0
260000,2.0,2.0,0,84041684,95,85,Hondarribia,"Bajo Bidasoa, Guipúzcoa",,0
230000,2.0,3.0,0,84099487,89,77,Irun,"Bajo Bidasoa, Guipúzcoa",,0
169000,2.0,2.0,0,84099875,80,65,Irun,"Bajo Bidasoa, Guipúzcoa",2000,0
295000,3.0,2.0,8,84154274,109,91,Irun,"Bajo Bidasoa, Guipúzcoa",2018,0
570000,3.0,4.0,1,27603024,3780,180,Irun,"Bajo Bidasoa, Guipúzcoa",,1
347000,3.0,3.0,0,31948759,115,100,Irun,"Bajo Bidasoa, Guipúzcoa",,1
399000,2.0,3.0,10,35271577,900,105,Irun,"Bajo Bidasoa, Guipúzcoa",2004,1
528000,3.0,5.0,0,36045530,170,,Irun,"Bajo Bidasoa, Guipúzcoa",,0
75000,1.0,1.0,0,36845208,32,30,Irun,"Bajo Bidasoa, Guipúzcoa",,0
160000,1.0,3.0,0,31307017,68,65,Irun,"Bajo Bidasoa, Guipúzcoa",1970,0
325000,1.0,2.0,8,81673777,55,52,Irun,"Bajo Bidasoa, Guipúzcoa",2009,1
415000,2.0,4.0,0,82041217,130,110,Hondarribia,"Bajo Bidasoa, Guipúzcoa",1971,1
145000,2.0,2.0,8,82164325,66,46,Irun,"Bajo Bidasoa, Guipúzcoa",2000,0
165000,1.0,2.0,8,82460478,60,56,Irun,"Bajo Bidasoa, Guipúzcoa",1993,0
140000,1.0,2.0,0,82757806,70,65,Irun,"Bajo Bidasoa, Guipúzcoa",,0
210000,1.0,3.0,0,83804972,100,85,Irun,"Bajo Bidasoa, Guipúzcoa",1962,0
170000,1.0,3.0,0,83960784,85,78,Irun,"Bajo Bidasoa, Guipúzcoa",1975,0
220000,2.0,3.0,0,84282076,100,95,Irun,"Bajo Bidasoa, Guipúzcoa",,0
290000,2.0,3.0,0,84331859,90,85,Irun,"Bajo Bidasoa, Guipúzcoa",2007,0
365000,1.0,3.0,0,84595391,143,122,Hondarribia,"Bajo Bidasoa, Guipúzcoa",1965,0
120000,1.0,1.0,0,84159448,50,40,Irun,"Bajo Bidasoa, Guipúzcoa",,0
128000,1.0,1.0,0,84803341,56,50,Irun,"Bajo Bidasoa, Guipúzcoa",,0
995000,4.0,4.0,1,36758934,3690,300,Hondarribia,"Bajo Bidasoa, Guipúzcoa",1974,1
1450000,5.0,5.0,4,36781982,3030,487,Irun,"Bajo Bidasoa, Guipúzcoa",,1
900000,2.0,3.0,0,39766107,157,119,Hondarribia,"Bajo Bidasoa, Guipúzcoa",2010,0
315000,1.0,2.0,0,39587723,71,65,Hondarribia,"Bajo Bidasoa, Guipúzcoa",2010,0
1495000,6.0,6.0,1,81182612,4652,435,Irun,"Bajo Bidasoa, Guipúzcoa",2005,1
1150000,4.0,6.0,1,81601683,11778,425,Irun,"Bajo Bidasoa, Guipúzcoa",1900,1
950000,4.0,7.0,4,39271378,5002,422,Hondarribia,"Bajo Bidasoa, Guipúzcoa",1977,0
505000,2.0,2.0,0,82513610,80,73,Hondarribia,"Bajo Bidasoa, Guipúzcoa",2000,1
1050000,4.0,5.0,1,82592981,3674,438,Irun,"Bajo Bidasoa, Guipúzcoa",1992,1
550000,4.0,5.0,3,83400420,290,,Irun,"Bajo Bidasoa, Guipúzcoa",,1
1480000,5.0,8.0,1,83694862,18000,712,Irun,"Bajo Bidasoa, Guipúzcoa",1987,0
655000,3.0,4.0,0,84199418,178,144,Hondarribia,"Bajo Bidasoa, Guipúzcoa",1973,1
265000,2.0,2.0,0,84564890,96,86,Irun,"Bajo Bidasoa, Guipúzcoa",,0
148000,1.0,2.0,0,84680399,54,44,Irun,"Bajo Bidasoa, Guipúzcoa",,0
145000,1.0,2.0,0,84763770,65,61,Irun,"Bajo Bidasoa, Guipúzcoa",,0
190000,1.0,3.0,0,84616598,75,,Irun,"Bajo Bidasoa, Guipúzcoa",1976,0
400000,2.0,3.0,0,84676106,120,115,Irun,"Bajo Bidasoa, Guipúzcoa",2002,0
170000,1.0,3.0,0,84612691,80,75,Irun,"Bajo Bidasoa, Guipúzcoa",1940,0
960000,2.0,4.0,4,30966688,5000,500,Hondarribia,"Bajo Bidasoa, Guipúzcoa",,0
1850000,5.0,4.0,4,38073823,581,484,Hondarribia,"Bajo Bidasoa, Guipúzcoa",,0
2100000,6.0,5.0,4,81882194,4,503,Hondarribia,"Bajo Bidasoa, Guipúzcoa",,0
640000,3.0,4.0,3,32335976,280,246,Hondarribia,"Bajo Bidasoa, Guipúzcoa",,1
1450000,2.0,4.0,4,84337027,4150,240,Irun,"Bajo Bidasoa, Guipúzcoa",,0
1250000,4.0,7.0,4,31518438,4000,400,Hondarribia,"Bajo Bidasoa, Guipúzcoa",1987,0
598000,3.0,4.0,4,34726944,4000,200,Irun,"Bajo Bidasoa, Guipúzcoa",,0
279000,2.0,4.0,0,84563436,148,138,Irun,"Bajo Bidasoa, Guipúzcoa",2009,0
220000,1.0,4.0,0,84678886,90,80,Irun,"Bajo Bidasoa, Guipúzcoa",,0
228000,2.0,3.0,0,84710654,112,90,Irun,"Bajo Bidasoa, Guipúzcoa",1979,0
920000,8.0,6.0,1,39349012,700,,Irun,"Bajo Bidasoa, Guipúzcoa",,0
116000,1.0,2.0,0,82711230,60,50,Irun,"Bajo Bidasoa, Guipúzcoa",,0
240000,1.0,3.0,0,83327320,142,118,Irun,"Bajo Bidasoa, Guipúzcoa",1968,0
460000,2.0,3.0,0,84304772,96,82,Hondarribia,"Bajo Bidasoa, Guipúzcoa",2019,0
280000,2.0,3.0,0,84499061,105,100,Irun,"Bajo Bidasoa, Guipúzcoa",,0
248000,1.0,3.0,0,84754015,90,85,Irun,"Bajo Bidasoa, Guipúzcoa",,0
238000,2.0,4.0,0,39582061,130,124,Irun,"Bajo Bidasoa, Guipúzcoa",1979,0
310000,1.0,2.0,0,82544132,55,,Hondarribia,"Bajo Bidasoa, Guipúzcoa",,0
360000,2.0,2.0,0,82544133,70,,Hondarribia,"Bajo Bidasoa, Guipúzcoa",,0
430000,2.0,3.0,0,82544139,80,,Hondarribia,"Bajo Bidasoa, Guipúzcoa",,0
165000,1.0,3.0,0,82703694,95,87,Irun,"Bajo Bidasoa, Guipúzcoa",1960,0
298000,2.0,4.0,0,81382325,87,75,Irun,"Bajo Bidasoa, Guipúzcoa",2005,0
560000,2.0,4.0,3,82917460,230,,Irun,"Bajo Bidasoa, Guipúzcoa",1998,1
528000,3.0,3.0,8,39919724,170,150,Irun,"Bajo Bidasoa, Guipúzcoa",1965,0
1300000,3.0,6.0,4,37683133,340,,Hondarribia,"Bajo Bidasoa, Guipúzcoa",1988,1
315000,2.0,2.0,0,82001492,123,,Hondarribia,"Bajo Bidasoa, Guipúzcoa",,0
415000,2.0,3.0,0,82001537,138,,Hondarribia,"Bajo Bidasoa, Guipúzcoa",,0
248000,2.0,3.0,0,82499401,85,76,Irun,"Bajo Bidasoa, Guipúzcoa",1974,0
400000,2.0,3.0,0,84144914,115,,Irun,"Bajo Bidasoa, Guipúzcoa",2002,1
425000,2.0,3.0,10,40177037,160,155,Irun,"Bajo Bidasoa, Guipúzcoa",1991,1
275000,3.0,3.0,6,81450626,129,119,Irun,"Bajo Bidasoa, Guipúzcoa",,0
675000,3.0,3.0,1,39384513,1800,280,Hondarribia,"Bajo Bidasoa, Guipúzcoa",1997,1
165000,1.0,3.0,0,82668267,85,76,Irun,"Bajo Bidasoa, Guipúzcoa",,0
215000,2.0,3.0,0,82792865,80,75,Hondarribia,"Bajo Bidasoa, Guipúzcoa",1985,1
300000,1.0,3.0,0,83407859,89,79,Hondarribia,"Bajo Bidasoa, Guipúzcoa",1952,0
795000,3.0,4.0,3,83827345,820,235,Irun,"Bajo Bidasoa, Guipúzcoa",2008,1
400000,2.0,3.0,0,83943560,120,114,Irun,"Bajo Bidasoa, Guipúzcoa",2002,1
265000,2.0,3.0,0,84246182,95,81,Irun,"Bajo Bidasoa, Guipúzcoa",2010,1
295000,2.0,3.0,0,35971303,100,88,Irun,"Bajo Bidasoa, Guipúzcoa",1980,0
335000,3.0,3.0,6,84577551,100,,Irun,"Bajo Bidasoa, Guipúzcoa",2003,1
125000,1.0,2.0,0,82292140,75,70,Irun,"Bajo Bidasoa, Guipúzcoa",1963,0
498000,2.0,3.0,0,82861629,120,106,Hondarribia,"Bajo Bidasoa, Guipúzcoa",,1
595000,3.0,4.0,10,38931226,420,200,Irun,"Bajo Bidasoa, Guipúzcoa",,1
120000,1.0,3.0,0,82423981,70,63,Irun,"Bajo Bidasoa, Guipúzcoa",,0
265000,2.0,3.0,6,83259716,98,88,Irun,"Bajo Bidasoa, Guipúzcoa",2006,0
435000,2.0,4.0,0,83845038,148,136,Irun,"Bajo Bidasoa, Guipúzcoa",1993,1
275000,2.0,3.0,0,36717875,110,105,Irun,"Bajo Bidasoa, Guipúzcoa",1975,0
720000,5.0,5.0,10,82358396,290,220,Hondarribia,"Bajo Bidasoa, Guipúzcoa",,1
176000,1.0,3.0,0,84322350,85,78,Irun,"Bajo Bidasoa, Guipúzcoa",,0
1250000,6.0,6.0,1,38449735,4000,655,Hondarribia,"Bajo Bidasoa, Guipúzcoa",1975,1
595000,3.0,4.0,10,38823134,420,238,Irun,"Bajo Bidasoa, Guipúzcoa",1988,1
1495000,4.0,8.0,1,81557960,4000,500,Hondarribia,"Bajo Bidasoa, Guipúzcoa",1985,1
1250000,4.0,3.0,3,82318531,330,233,Hondarribia,"Bajo Bidasoa, Guipúzcoa",1987,1
2100000,6.0,5.0,1,82622477,4591,503,Hondarribia,"Bajo Bidasoa, Guipúzcoa",1997,1
595000,4.0,4.0,10,82943089,700,302,Hondarribia,"Bajo Bidasoa, Guipúzcoa",1998,1
675000,3.0,3.0,10,83039461,1500,280,Hondarribia,"Bajo Bidasoa, Guipúzcoa",,1
285000,2.0,4.0,0,81122171,165,150,Irun,"Bajo Bidasoa, Guipúzcoa",1953,0
690000,4.0,3.0,1,84063479,3600,415,Irun,"Bajo Bidasoa, Guipúzcoa",1991,1
970000,6.0,10.0,1,84094119,4000,650,Hondarribia,"Bajo Bidasoa, Guipúzcoa",1900,1
690000,3.0,4.0,1,84259783,4000,275,Hondarribia,"Bajo Bidasoa, Guipúzcoa",1989,0
700000,3.0,4.0,10,84308400,450,174,Hondarribia,"Bajo Bidasoa, Guipúzcoa",1986,1
1850000,5.0,4.0,1,84453694,2252,454,Hondarribia,"Bajo Bidasoa, Guipúzcoa",1995,1
640000,2.0,3.0,0,40294717,92,86,Hondarribia,"Bajo Bidasoa, Guipúzcoa",,1
1155000,4.0,6.0,1,84144563,344,465,Hondarribia,"Bajo Bidasoa, Guipúzcoa",1945,1
850000,3.0,3.0,2,84420802,7400,200,Hondarribia,"Bajo Bidasoa, Guipúzcoa",1700,1
348000,2.0,3.0,0,84524402,99,91,Irun,"Bajo Bidasoa, Guipúzcoa",2003,1
195000,1.0,2.0,8,84525690,65,57,Irun,"Bajo Bidasoa, Guipúzcoa",1999,0
129000,1.0,2.0,0,84588934,68,60,Irun,"Bajo Bidasoa, Guipúzcoa",,0
289000,2.0,2.0,0,84679543,76,66,Hondarribia,"Bajo Bidasoa, Guipúzcoa",,0
520000,4.0,5.0,3,84760183,180,150,Irun,"Bajo Bidasoa, Guipúzcoa",2002,1
145000,1.0,2.0,0,36052941,70,60,Irun,"Bajo Bidasoa, Guipúzcoa",,0
515000,2.0,4.0,10,39814437,2000,150,Irun,"Bajo Bidasoa, Guipúzcoa",2003,1
280000,2.0,4.0,0,81205947,120,115,Irun,"Bajo Bidasoa, Guipúzcoa",,0
320000,2.0,4.0,0,82703466,120,105,Irun,"Bajo Bidasoa, Guipúzcoa",,0
290000,1.0,2.0,0,84081301,70,69,Irun,"Bajo Bidasoa, Guipúzcoa",2000,1
240000,2.0,2.0,0,84088129,75,68,Irun,"Bajo Bidasoa, Guipúzcoa",1975,0
157000,1.0,2.0,0,84305096,75,70,Irun,"Bajo Bidasoa, Guipúzcoa",1960,0
315000,2.0,2.0,6,82111777,86,,Hondarribia,"Bajo Bidasoa, Guipúzcoa",1999,1
210000,2.0,3.0,0,83870097,80,73,Irun,"Bajo Bidasoa, Guipúzcoa",1998,0
150000,1.0,2.0,0,84736242,65,58,Irun,"Bajo Bidasoa, Guipúzcoa",1969,0
675000,3.0,3.0,4,39758101,1750,280,Irun,"Bajo Bidasoa, Guipúzcoa",2006,1
230000,1.0,3.0,0,39994472,94,78,Irun,"Bajo Bidasoa, Guipúzcoa",,0
295000,2.0,3.0,0,81346761,100,95,Irun,"Bajo Bidasoa, Guipúzcoa",,0
399000,2.0,3.0,10,36010124,2421,110,Irun,"Bajo Bidasoa, Guipúzcoa",2004,1
1000000,4.0,5.0,1,82803435,1000,300,Hondarribia,"Bajo Bidasoa, Guipúzcoa",1998,1
1155000,4.0,6.0,4,82175241,344,190,Hondarribia,"Bajo Bidasoa, Guipúzcoa",,0
195000,1.0,2.0,0,84767976,65,60,Irun,"Bajo Bidasoa, Guipúzcoa",,0
140000,1.0,2.0,0,84804447,70,65,Irun,"Bajo Bidasoa, Guipúzcoa",,0
295000,3.0,2.0,6,39129116,109,91,Irun,"Bajo Bidasoa, Guipúzcoa",2018,0
120000,1.0,2.0,0,84819196,42,,Irun,"Bajo Bidasoa, Guipúzcoa",1905,0
288000,2.0,3.0,0,84563798,115,106,Irun,"Bajo Bidasoa, Guipúzcoa",1985,0
140000,1.0,3.0,8,39655703,85,80,Irun,"Bajo Bidasoa, Guipúzcoa",1953,0
413000,3.0,5.0,3,39104210,270,217,Irun,"Bajo Bidasoa, Guipúzcoa",1999,1
240000,2.0,4.0,0,84745261,110,102,Irun,"Bajo Bidasoa, Guipúzcoa",1957,0
1100000,5.0,5.0,1,37632622,450,434,Hondarribia,"Bajo Bidasoa, Guipúzcoa",,1
311000,2.0,5.0,0,40325192,150,135,Irun,"Bajo Bidasoa, Guipúzcoa",1949,0
1370000,4.0,6.0,1,81557962,40000,400,Hondarribia,"Bajo Bidasoa, Guipúzcoa",1930,1
575000,4.0,4.0,3,82932703,150,225,Irun,"Bajo Bidasoa, Guipúzcoa",1998,1
190000,1.0,2.0,0,83940692,70,60,Irun,"Bajo Bidasoa, Guipúzcoa",1968,0
195000,1.0,2.0,0,84139812,87,80,Irun,"Bajo Bidasoa, Guipúzcoa",1974,1
399000,3.0,4.0,10,33263162,35,,Irun,"Bajo Bidasoa, Guipúzcoa",1993,1
320000,2.0,4.0,0,37264507,208,,Irun,"Bajo Bidasoa, Guipúzcoa",1975,0
218500,1.0,1.0,0,82290636,65,50,Hondarribia,"Bajo Bidasoa, Guipúzcoa",2006,1
429000,2.0,4.0,0,83546287,173,162,Irun,"Bajo Bidasoa, Guipúzcoa",1995,1
240000,2.0,3.0,0,83856865,100,94,Irun,"Bajo Bidasoa, Guipúzcoa",1976,0
125000,1.0,2.0,0,84161763,77,70,Irun,"Bajo Bidasoa, Guipúzcoa",1968,0
218500,1.0,4.0,0,84797877,110,98,Irun,"Bajo Bidasoa, Guipúzcoa",,0
240000,2.0,3.0,0,84832079,94,84,Irun,"Bajo Bidasoa, Guipúzcoa",,1
180000,1.0,2.0,0,84833061,67,56,Irun,"Bajo Bidasoa, Guipúzcoa",,0
627000,3.0,6.0,4,84575436,2500,311,Irun,"Bajo Bidasoa, Guipúzcoa",1973,1
675000,3.0,3.0,1,37520964,1337,250,Hondarribia,"Bajo Bidasoa, Guipúzcoa",1980,1
596000,3.0,5.0,10,81160484,529,240,Irun,"Bajo Bidasoa, Guipúzcoa",,1
373000,2.0,5.0,0,84387031,145,130,Irun,"Bajo Bidasoa, Guipúzcoa",,0
179000,1.0,2.0,0,84547099,70,61,Irun,"Bajo Bidasoa, Guipúzcoa",1972,0
466000,2.0,3.0,0,84651955,96,,Irun,"Bajo Bidasoa, Guipúzcoa",2008,1
350000,2.0,3.0,0,84827555,140,120,Irun,"Bajo Bidasoa, Guipúzcoa",,1
1050000,3.0,5.0,1,39291132,3675,250,Hondarribia,"Bajo Bidasoa, Guipúzcoa",1993,1
265000,1.0,4.0,0,84442808,118,108,Irun,"Bajo Bidasoa, Guipúzcoa",1967,0
230000,1.0,2.0,0,84187751,60,52,Hondarribia,"Bajo Bidasoa, Guipúzcoa",1940,0
228000,2.0,3.0,0,84870638,107,90,Irun,"Bajo Bidasoa, Guipúzcoa",,0
560000,4.0,5.0,10,82746090,400,305,Irun,"Bajo Bidasoa, Guipúzcoa",2004,1
1495000,6.0,6.0,1,81561421,4652,757,Irun,"Bajo Bidasoa, Guipúzcoa",2004,1
520000,4.0,4.0,3,84837193,67,220,Irun,"Bajo Bidasoa, Guipúzcoa",2002,1
270000,2.0,4.0,0,84402205,125,120,Irun,"Bajo Bidasoa, Guipúzcoa",1991,0
165000,1.0,3.0,0,84849781,80,74,Irun,"Bajo Bidasoa, Guipúzcoa",1974,0
830000,5.0,5.0,1,81280881,2700,360,Hondarribia,"Bajo Bidasoa, Guipúzcoa",2006,1
1100000,5.0,5.0,1,81723070,516,400,Hondarribia,"Bajo Bidasoa, Guipúzcoa",1948,1
505000,3.0,3.0,6,83898647,130,120,Hondarribia,"Bajo Bidasoa, Guipúzcoa",2002,1
160000,1.0,2.0,0,84871078,72,62,Irun,"Bajo Bidasoa, Guipúzcoa",,1
280000,2.0,2.0,0,84116986,78,68,Irun,"Bajo Bidasoa, Guipúzcoa",2002,1
499000,2.0,2.0,6,83763482,118,104,Irun,"Bajo Bidasoa, Guipúzcoa",2001,1
545000,3.0,3.0,3,84868382,270,250,Irun,"Bajo Bidasoa, Guipúzcoa",,1
254000,2.0,3.0,0,84870703,98,81,Irun,"Bajo Bidasoa, Guipúzcoa",,1
2350000,11.0,10.0,1,82708668,15192,513,Hondarribia,"Bajo Bidasoa, Guipúzcoa",,1
1475000,9.0,11.0,1,84290889,123000,565,Irun,"Bajo Bidasoa, Guipúzcoa",,0
580000,2.0,3.0,0,84551223,167,140,Hondarribia,"Bajo Bidasoa, Guipúzcoa",1974,1
295000,2.0,3.0,0,82797101,90,80,Irun,"Bajo Bidasoa, Guipúzcoa",2003,1
259000,2.0,3.0,0,81237455,135,125,Irun,"Bajo Bidasoa, Guipúzcoa",1942,0
420000,2.0,4.0,8,84032124,155,100,Irun,"Bajo Bidasoa, Guipúzcoa",2000,1
283000,3.0,3.0,0,84187553,130,122,Irun,"Bajo Bidasoa, Guipúzcoa",1990,0
328000,2.0,3.0,0,82408955,126,93,Irun,"Bajo Bidasoa, Guipúzcoa",2000,0
350000,2.0,3.0,0,82612187,112,107,Irun,"Bajo Bidasoa, Guipúzcoa",2008,1
280000,2.0,3.0,0,83000587,94,84,Irun,"Bajo Bidasoa, Guipúzcoa",2001,1
830000,4.0,3.0,3,35709338,210,200,Hondarribia,"Bajo Bidasoa, Guipúzcoa",2007,1
675000,4.0,7.0,1,33894231,4000,400,Hondarribia,"Bajo Bidasoa, Guipúzcoa",,1
570000,3.0,4.0,10,82549395,350,250,Irun,"Bajo Bidasoa, Guipúzcoa",,1
163000,2.0,2.0,0,83925103,52,,Irun,"Bajo Bidasoa, Guipúzcoa",2000,0
480000,2.0,3.0,0,35244282,100,90,Irun,"Bajo Bidasoa, Guipúzcoa",2010,1
700000,4.0,5.0,10,464978,500,330,Hondarribia,"Bajo Bidasoa, Guipúzcoa",2007,1
750000,5.0,5.0,3,40177745,350,325,Irun,"Bajo Bidasoa, Guipúzcoa",1994,1
675000,4.0,7.0,7,31667485,4000,400,Irun,"Bajo Bidasoa, Guipúzcoa",,1
676000,4.0,6.0,6,81903411,202,178,Hondarribia,"Bajo Bidasoa, Guipúzcoa",1968,1
188000,1.0,3.0,0,83755014,90,88,Irun,"Bajo Bidasoa, Guipúzcoa",1970,0
298000,2.0,3.0,0,84099865,110,105,Irun,"Bajo Bidasoa, Guipúzcoa",1970,0
570000,3.0,4.0,3,84326417,80,170,Irun,"Bajo Bidasoa, Guipúzcoa",1996,1
410000,2.0,3.0,6,39485056,185,174,Hondarribia,"Bajo Bidasoa, Guipúzcoa",1964,0
545000,2.0,4.0,3,40546953,350,224,Irun,"Bajo Bidasoa, Guipúzcoa",1997,1
price,0.0,0.0,11,house_id,m2_real,m2_useful,loc_city,loc_zone,construct_date,1
445000,3.0,3.0,7,84079387,500,170,Arrasate o Mondragon,"Alto Deba, Guipúzcoa",,0
300000,2.0,3.0,0,382977,190,,Bergara,"Alto Deba, Guipúzcoa",,1
180000,1.0,2.0,0,412982,65,,Bergara,"Alto Deba, Guipúzcoa",,0
160000,2.0,3.0,0,40335369,90,85,Bergara,"Alto Deba, Guipúzcoa",,0
220000,4.0,6.0,2,38185772,2000,,Antzuola,"Alto Deba, Guipúzcoa",,0
135000,2.0,3.0,0,81752387,78,,Bergara,"Alto Deba, Guipúzcoa",,0
110000,1.0,2.0,0,82270710,60,,Antzuola,"Alto Deba, Guipúzcoa",,0
135000,1.0,2.0,0,35684817,55,50,Arrasate o Mondragon,"Alto Deba, Guipúzcoa",,0
205000,2.0,3.0,6,30921064,100,97,Eskoriatza,"Alto Deba, Guipúzcoa",,0
160000,1.0,2.0,0,81872622,70,,Bergara,"Alto Deba, Guipúzcoa",,0
416000,3.0,4.0,1,81906281,200,,Eskoriatza,"Alto Deba, Guipúzcoa",,1
210000,2.0,3.0,6,39183749,83,,Elgeta,"Alto Deba, Guipúzcoa",,0
120000,1.0,3.0,0,39575716,70,,Arrasate o Mondragon,"Alto Deba, Guipúzcoa",,0
179700,2.0,3.0,0,1883094,75,,Elgeta,"Alto Deba, Guipúzcoa",,1
144000,1.0,3.0,0,39166824,72,,Arrasate o Mondragon,"Alto Deba, Guipúzcoa",,0
195000,2.0,2.0,0,82295431,87,77,Aretxabaleta,"Alto Deba, Guipúzcoa",,1
150000,1.0,2.0,0,25606536,72,,Bergara,"Alto Deba, Guipúzcoa",,0
95000,1.0,2.0,0,27705068,60,,Bergara,"Alto Deba, Guipúzcoa",,0
63000,1.0,3.0,0,29713537,83,,Antzuola,"Alto Deba, Guipúzcoa",,0
280000,2.0,3.0,0,81191529,110,105,Aretxabaleta,"Alto Deba, Guipúzcoa",1996,1
62000,1.0,3.0,0,29713531,83,,Antzuola,"Alto Deba, Guipúzcoa",,0
200000,1.0,4.0,0,84606287,95,,Bergara,"Alto Deba, Guipúzcoa",,0
85000,1.0,3.0,0,363806,60,,Bergara,"Alto Deba, Guipúzcoa",,0
300000,3.0,4.0,0,84651247,140,,Aretxabaleta,"Alto Deba, Guipúzcoa",,1
121000,1.0,3.0,0,27500409,80,,Bergara,"Alto Deba, Guipúzcoa",,0
100000,1.0,1.0,0,82535420,66,,Bergara,"Alto Deba, Guipúzcoa",,0
157198,1.0,2.0,0,39745580,71,60,Bergara,"Alto Deba, Guipúzcoa",,0
200000,1.0,3.0,0,39498871,105,,Eskoriatza,"Alto Deba, Guipúzcoa",,0
252500,2.0,3.0,0,39648543,105,90,Elgeta,"Alto Deba, Guipúzcoa",,0
120000,1.0,2.0,0,28706265,58,,Arrasate o Mondragon,"Alto Deba, Guipúzcoa",,0
180000,2.0,3.0,0,367851,75,,Eskoriatza,"Alto Deba, Guipúzcoa",,0
85000,1.0,3.0,0,39480697,70,,Arrasate o Mondragon,"Alto Deba, Guipúzcoa",,0
270000,1.0,2.0,0,40423736,220,,Arrasate o Mondragon,"Alto Deba, Guipúzcoa",,0
100000,1.0,3.0,0,82274486,70,,Arrasate o Mondragon,"Alto Deba, Guipúzcoa",1900,0
90000,1.0,4.0,0,82817269,100,,Oñati,"Alto Deba, Guipúzcoa",,0
140000,2.0,3.0,0,1737779,90,85,Antzuola,"Alto Deba, Guipúzcoa",,0
168000,1.0,3.0,0,35553450,92,,Bergara,"Alto Deba, Guipúzcoa",,0
187532,2.0,2.0,0,39745577,83,72,Bergara,"Alto Deba, Guipúzcoa",,0
145000,2.0,6.0,0,39480672,140,,Arrasate o Mondragon,"Alto Deba, Guipúzcoa",,0
65000,1.0,2.0,0,27918124,50,48,Arrasate o Mondragon,"Alto Deba, Guipúzcoa",,0
156270,1.0,1.0,0,356532,50,46,Bergara,"Alto Deba, Guipúzcoa",,0
96000,1.0,3.0,0,2089174,53,,Bergara,"Alto Deba, Guipúzcoa",,0
205000,1.0,3.0,5,26205057,492,,Elgeta,"Alto Deba, Guipúzcoa",1900,0
159000,1.0,2.0,0,27344136,65,60,Eskoriatza,"Alto Deba, Guipúzcoa",,0
150000,1.0,2.0,0,32491306,67,57,Oñati,"Alto Deba, Guipúzcoa",,0
150000,2.0,4.0,6,35853462,180,,Bergara,"Alto Deba, Guipúzcoa",,0
537000,2.0,4.0,3,38750058,260,256,Oñati,"Alto Deba, Guipúzcoa",,1
120000,1.0,3.0,0,39589957,60,,Arrasate o Mondragon,"Alto Deba, Guipúzcoa",,0
79000,1.0,1.0,0,39996821,50,,Eskoriatza,"Alto Deba, Guipúzcoa",,0
90000,1.0,4.0,7,40244453,350,,Oñati,"Alto Deba, Guipúzcoa",,0
105000,1.0,3.0,0,34432084,65,,Arrasate o Mondragon,"Alto Deba, Guipúzcoa",,0
110000,1.0,3.0,0,39498860,68,,Eskoriatza,"Alto Deba, Guipúzcoa",1970,0
65000,1.0,3.0,0,39599300,55,,Arrasate o Mondragon,"Alto Deba, Guipúzcoa",,0
83000,1.0,3.0,0,40476251,58,50,Arrasate o Mondragon,"Alto Deba, Guipúzcoa",,0
147500,1.0,2.0,0,83860752,81,,Aretxabaleta,"Alto Deba, Guipúzcoa",,1
325000,2.0,4.0,0,84458906,140,,Arrasate o Mondragon,"Alto Deba, Guipúzcoa",,0
75000,2.0,2.0,0,385233,51,,Bergara,"Alto Deba, Guipúzcoa",,0
280000,2.0,4.0,3,449766,180,,Elgeta,"Alto Deba, Guipúzcoa",,0
205000,2.0,3.0,0,27705060,90,,Bergara,"Alto Deba, Guipúzcoa",,0
70000,1.0,2.0,0,34999246,60,,Bergara,"Alto Deba, Guipúzcoa",,0
135000,2.0,2.0,0,39149160,74,,Elgeta,"Alto Deba, Guipúzcoa",,0
120000,1.0,3.0,0,39425992,79,,Eskoriatza,"Alto Deba, Guipúzcoa",,1
85000,1.0,3.0,0,82770712,70,,Arrasate o Mondragon,"Alto Deba, Guipúzcoa",,0
120000,1.0,2.0,0,82898917,60,,Elgeta,"Alto Deba, Guipúzcoa",,0
125000,1.0,2.0,0,34774735,50,,Arrasate o Mondragon,"Alto Deba, Guipúzcoa",,0
270000,3.0,8.0,2,83899702,300,230,Arrasate o Mondragon,"Alto Deba, Guipúzcoa",,0
325000,2.0,3.0,6,84323275,98,,Bergara,"Alto Deba, Guipúzcoa",,1
60000,1.0,4.0,0,31096715,90,80,Bergara,"Alto Deba, Guipúzcoa",,0
185000,2.0,3.0,0,26329714,101,87,Bergara,"Alto Deba, Guipúzcoa",,0
150000,2.0,3.0,0,27896183,113,97,Elgeta,"Alto Deba, Guipúzcoa",,0
116700,1.0,3.0,0,38094489,93,72,Aretxabaleta,"Alto Deba, Guipúzcoa",1968,0
375586,2.0,4.0,6,39753960,123,112,Bergara,"Alto Deba, Guipúzcoa",,0
193601,2.0,2.0,6,39745581,93,81,Bergara,"Alto Deba, Guipúzcoa",,0
247735,1.0,2.0,0,81177941,100,89,Bergara,"Alto Deba, Guipúzcoa",,0
288842,2.0,3.0,0,81177943,109,98,Bergara,"Alto Deba, Guipúzcoa",,0
120000,1.0,2.0,0,39595651,76,65,Bergara,"Alto Deba, Guipúzcoa",,0
110000,1.0,1.0,0,84102510,50,48,Arrasate o Mondragon,"Alto Deba, Guipúzcoa",,0
170000,1.0,4.0,0,84384739,93,82,Arrasate o Mondragon,"Alto Deba, Guipúzcoa",,0
120000,1.0,3.0,0,84428799,75,72,Arrasate o Mondragon,"Alto Deba, Guipúzcoa",,0
80000,1.0,3.0,0,39480703,63,,Arrasate o Mondragon,"Alto Deba, Guipúzcoa",,0
300000,3.0,4.0,3,39480696,150,,Elgeta,"Alto Deba, Guipúzcoa",,1
110000,1.0,3.0,0,35221598,70,,Arrasate o Mondragon,"Alto Deba, Guipúzcoa",,0
159000,1.0,3.0,0,39944546,93,82,Arrasate o Mondragon,"Alto Deba, Guipúzcoa",,0
59000,1.0,3.0,0,40423740,77,69,Arrasate o Mondragon,"Alto Deba, Guipúzcoa",,0
204000,2.0,3.0,0,81837257,97,,Eskoriatza,"Alto Deba, Guipúzcoa",2003,0
210000,2.0,4.0,0,39480676,89,,Eskoriatza,"Alto Deba, Guipúzcoa",,1
103000,1.0,3.0,0,82346454,58,,Arrasate o Mondragon,"Alto Deba, Guipúzcoa",1957,0
67000,1.0,3.0,0,82860094,65,,Arrasate o Mondragon,"Alto Deba, Guipúzcoa",1967,0
169000,2.0,3.0,0,82926393,78,,Arrasate o Mondragon,"Alto Deba, Guipúzcoa",1984,1
239000,2.0,4.0,0,84423178,80,,Arrasate o Mondragon,"Alto Deba, Guipúzcoa",1984,1
125000,1.0,2.0,0,1756692,70,,Bergara,"Alto Deba, Guipúzcoa",,0
165000,1.0,2.0,0,353617,75,,Antzuola,"Alto Deba, Guipúzcoa",2004,0
140000,1.0,2.0,0,376637,69,,Bergara,"Alto Deba, Guipúzcoa",,0
100000,1.0,3.0,0,1906364,80,,Bergara,"Alto Deba, Guipúzcoa",,0
130500,1.0,4.0,0,1923092,70,,Aretxabaleta,"Alto Deba, Guipúzcoa",,0
123000,1.0,3.0,0,2003388,75,67,Arrasate o Mondragon,"Alto Deba, Guipúzcoa",,0
145000,1.0,2.0,0,25015156,79,69,Bergara,"Alto Deba, Guipúzcoa",2009,1
130000,1.0,2.0,0,25491771,62,58,Bergara,"Alto Deba, Guipúzcoa",,0
180000,1.0,2.0,0,27320380,65,56,Bergara,"Alto Deba, Guipúzcoa",,1
120000,1.0,2.0,0,27571609,74,54,Antzuola,"Alto Deba, Guipúzcoa",,0
135000,1.0,3.0,0,28366019,55,47,Bergara,"Alto Deba, Guipúzcoa",,0
172000,1.0,4.0,0,28704943,89,85,Eskoriatza,"Alto Deba, Guipúzcoa",,0
120000,1.0,2.0,0,29023600,56,,Bergara,"Alto Deba, Guipúzcoa",,0
210000,2.0,3.0,0,29472501,90,89,Eskoriatza,"Alto Deba, Guipúzcoa",,0
138000,1.0,2.0,0,29942231,64,60,Aretxabaleta,"Alto Deba, Guipúzcoa",,0
205000,2.0,3.0,0,31338024,103,97,Elgeta,"Alto Deba, Guipúzcoa",,1
80000,1.0,3.0,0,31682182,70,50,Arrasate o Mondragon,"Alto Deba, Guipúzcoa",,0
180000,1.0,2.0,0,32257951,150,56,Oñati,"Alto Deba, Guipúzcoa",,1
160000,1.0,3.0,0,32573627,80,75,Arrasate o Mondragon,"Alto Deba, Guipúzcoa",,0
100000,1.0,2.0,0,33078787,60,,Bergara,"Alto Deba, Guipúzcoa",,0
185000,1.0,2.0,0,33108344,65,62,Bergara,"Alto Deba, Guipúzcoa",2012,1
102500,1.0,1.0,0,33339259,52,,Bergara,"Alto Deba, Guipúzcoa",,0
110000,1.0,2.0,0,33795629,70,55,Bergara,"Alto Deba, Guipúzcoa",,0
129000,1.0,3.0,0,34191454,65,59,Arrasate o Mondragon,"Alto Deba, Guipúzcoa",,0
65000,1.0,1.0,0,35604155,50,45,Aretxabaleta,"Alto Deba, Guipúzcoa",,0
179000,2.0,3.0,6,35820297,75,,Elgeta,"Alto Deba, Guipúzcoa",,0
188000,2.0,4.0,0,36304034,84,,Bergara,"Alto Deba, Guipúzcoa",,1
169000,1.0,2.0,0,37460319,75,,Bergara,"Alto Deba, Guipúzcoa",,0
240000,2.0,2.0,0,31575759,75,70,Bergara,"Alto Deba, Guipúzcoa",,0
160000,2.0,2.0,0,37565556,70,,Elgeta,"Alto Deba, Guipúzcoa",,1
80000,1.0,2.0,0,38566710,65,,Bergara,"Alto Deba, Guipúzcoa",,0
150000,1.0,2.0,0,38667872,79,69,Bergara,"Alto Deba, Guipúzcoa",,1
100000,1.0,3.0,0,38902597,70,,Arrasate o Mondragon,"Alto Deba, Guipúzcoa",,0
390000,1.0,4.0,5,39035611,400,,Arrasate o Mondragon,"Alto Deba, Guipúzcoa",,0
250000,2.0,3.0,0,35509765,93,,Arrasate o Mondragon,"Alto Deba, Guipúzcoa",,1
180000,1.0,3.0,5,39726117,180,,Oñati,"Alto Deba, Guipúzcoa",,0
80000,1.0,3.0,0,36778570,69,60,Arrasate o Mondragon,"Alto Deba, Guipúzcoa",,0
335000,3.0,4.0,6,40400805,148,127,Bergara,"Alto Deba, Guipúzcoa",,0
115000,1.0,3.0,0,81376421,86,83,Aretxabaleta,"Alto Deba, Guipúzcoa",,0
130500,2.0,3.0,0,81717714,93,85,Bergara,"Alto Deba, Guipúzcoa",,0
210000,2.0,3.0,6,29947207,120,105,Eskoriatza,"Alto Deba, Guipúzcoa",,1
130000,1.0,3.0,0,82147767,80,,Bergara,"Alto Deba, Guipúzcoa",,0
235000,2.0,3.0,6,82241690,130,110,Eskoriatza,"Alto Deba, Guipúzcoa",,1
220000,2.0,3.0,0,82413479,88,,Aretxabaleta,"Alto Deba, Guipúzcoa",,1
98700,1.0,3.0,0,82485462,55,,Arrasate o Mondragon,"Alto Deba, Guipúzcoa",,0
160000,1.0,2.0,0,83057796,64,56,Arrasate o Mondragon,"Alto Deba, Guipúzcoa",,0
135000,1.0,3.0,0,83707877,85,,Bergara,"Alto Deba, Guipúzcoa",,0
141600,1.0,2.0,0,84451565,70,,Aretxabaleta,"Alto Deba, Guipúzcoa",2011,1
116700,1.0,3.0,0,37763574,93,73,Aretxabaleta,"Alto Deba, Guipúzcoa",,0
33600,1.0,2.0,0,31721091,76,61,Bergara,"Alto Deba, Guipúzcoa",,0
425000,2.0,5.0,13,81703774,150000,980,Bergara,"Alto Deba, Guipúzcoa",,1
83200,1.0,3.0,0,32535472,90,,Antzuola,"Alto Deba, Guipúzcoa",,0
83200,1.0,3.0,0,36108236,90,,Antzuola,"Alto Deba, Guipúzcoa",,0
113400,1.0,4.0,1,39852080,259,,Bergara,"Alto Deba, Guipúzcoa",,0
106700,1.0,3.0,0,36110282,118,,Bergara,"Alto Deba, Guipúzcoa",,0
89300,1.0,3.0,0,84382688,69,53,Arrasate o Mondragon,"Alto Deba, Guipúzcoa",,0
144000,1.0,3.0,0,28310614,75,,Bergara,"Alto Deba, Guipúzcoa",,0
40000,1.0,2.0,8,32359297,55,47,Bergara,"Alto Deba, Guipúzcoa",,0
180000,2.0,3.0,0,84607016,90,,Bergara,"Alto Deba, Guipúzcoa",,0
120000,1.0,4.0,0,84644571,96,,Arrasate o Mondragon,"Alto Deba, Guipúzcoa",,0
180000,1.0,3.0,0,84684364,76,,Arrasate o Mondragon,"Alto Deba, Guipúzcoa",,0
160000,1.0,4.0,0,84695972,90,,Bergara,"Alto Deba, Guipúzcoa",,0
219000,2.0,3.0,0,32248383,80,75,Bergara,"Alto Deba, Guipúzcoa",,1
106700,1.0,3.0,0,32535516,118,,Bergara,"Alto Deba, Guipúzcoa",,0
113400,1.0,4.0,4,34833678,259,,Bergara,"Alto Deba, Guipúzcoa",,0
129000,2.0,3.0,0,35104507,69,59,Arrasate o Mondragon,"Alto Deba, Guipúzcoa",1960,0
110000,1.0,3.0,0,37369139,80,70,Bergara,"Alto Deba, Guipúzcoa",,0
190000,2.0,3.0,0,2011384,100,90,Aretxabaleta,"Alto Deba, Guipúzcoa",,0
200000,1.0,2.0,0,32049922,60,,Bergara,"Alto Deba, Guipúzcoa",,0
245000,2.0,3.0,0,30104699,104,90,Bergara,"Alto Deba, Guipúzcoa",,0
220000,2.0,3.0,0,36005506,101,100,Bergara,"Alto Deba, Guipúzcoa",,1
65000,1.0,2.0,0,37480103,80,70,Bergara,"Alto Deba, Guipúzcoa",,0
110000,1.0,4.0,0,38256074,86,,Bergara,"Alto Deba, Guipúzcoa",,0
138000,1.0,3.0,0,40384157,67,,Arrasate o Mondragon,"Alto Deba, Guipúzcoa",,0
155000,1.0,2.0,0,27682977,82,69,Bergara,"Alto Deba, Guipúzcoa",2009,1
280000,2.0,3.0,6,35104460,95,,Oñati,"Alto Deba, Guipúzcoa",2009,0
103000,1.0,2.0,0,35104515,57,,Arrasate o Mondragon,"Alto Deba, Guipúzcoa",1900,0
90000,1.0,3.0,0,35337081,73,72,Antzuola,"Alto Deba, Guipúzcoa",,0
93000,1.0,3.0,0,37009628,65,58,Arrasate o Mondragon,"Alto Deba, Guipúzcoa",,0
125000,1.0,3.0,0,36884107,98,87,Eskoriatza,"Alto Deba, Guipúzcoa",,0
85000,1.0,2.0,0,37521220,70,60,Bergara,"Alto Deba, Guipúzcoa",1970,0
115100,1.0,2.0,0,38648892,60,49,Bergara,"Alto Deba, Guipúzcoa",2011,0
129500,1.0,3.0,0,35112006,75,,Bergara,"Alto Deba, Guipúzcoa",1976,0
60000,1.0,3.0,0,36604522,95,83,Bergara,"Alto Deba, Guipúzcoa",,0
90000,1.0,3.0,0,40279006,69,59,Arrasate o Mondragon,"Alto Deba, Guipúzcoa",,0
199000,1.0,3.0,0,40363917,72,62,Arrasate o Mondragon,"Alto Deba, Guipúzcoa",,0
80000,1.0,3.0,0,40242797,108,94,Oñati,"Alto Deba, Guipúzcoa",1967,0
299000,2.0,3.0,0,38652448,143,,Oñati,"Alto Deba, Guipúzcoa",1965,1
168000,1.0,2.0,0,37164351,79,70,Oñati,"Alto Deba, Guipúzcoa",,1
158000,1.0,2.0,0,36833212,58,51,Aretxabaleta,"Alto Deba, Guipúzcoa",1958,0
239000,2.0,3.0,0,35104457,102,,Oñati,"Alto Deba, Guipúzcoa",2009,0
269000,2.0,3.0,6,35104459,94,82,Oñati,"Alto Deba, Guipúzcoa",2010,0
150000,1.0,2.0,0,35104478,68,,Oñati,"Alto Deba, Guipúzcoa",2007,0
105000,1.0,3.0,0,40352110,68,58,Arrasate o Mondragon,"Alto Deba, Guipúzcoa",1957,0
50000,1.0,3.0,0,39217613,58,51,Bergara,"Alto Deba, Guipúzcoa",1900,0
160000,1.0,2.0,0,40427324,71,63,Oñati,"Alto Deba, Guipúzcoa",2003,0
160000,3.0,3.0,0,37684596,126,115,Oñati,"Alto Deba, Guipúzcoa",1966,0
160000,1.0,4.0,0,35104472,330,,Oñati,"Alto Deba, Guipúzcoa",1930,0
169000,2.0,3.0,0,35104469,90,,Oñati,"Alto Deba, Guipúzcoa",2009,0
80000,1.0,3.0,0,35104512,70,,Arrasate o Mondragon,"Alto Deba, Guipúzcoa",1900,0
215000,2.0,3.0,0,40448866,105,87,Bergara,"Alto Deba, Guipúzcoa",1978,0
208000,2.0,3.0,0,40408715,112,98,Antzuola,"Alto Deba, Guipúzcoa",2006,0
198500,2.0,3.0,0,40398772,98,86,Bergara,"Alto Deba, Guipúzcoa",1986,0
289000,2.0,3.0,0,39470085,112,98,Bergara,"Alto Deba, Guipúzcoa",2017,0
190000,1.0,1.0,0,39470092,47,41,Bergara,"Alto Deba, Guipúzcoa",2010,0
120000,1.0,2.0,0,39252040,78,68,Antzuola,"Alto Deba, Guipúzcoa",1971,0
165000,1.0,2.0,0,39025677,75,66,Antzuola,"Alto Deba, Guipúzcoa",2004,0
119500,1.0,2.0,0,39069384,64,56,Antzuola,"Alto Deba, Guipúzcoa",1964,0
240000,2.0,3.0,0,38737116,105,87,Bergara,"Alto Deba, Guipúzcoa",1977,0
120000,1.0,2.0,0,38642568,93,77,Bergara,"Alto Deba, Guipúzcoa",1957,0
98000,1.0,3.0,0,38428034,94,82,Bergara,"Alto Deba, Guipúzcoa",1966,0
145000,1.0,2.0,0,38428032,79,69,Bergara,"Alto Deba, Guipúzcoa",2009,0
150000,1.0,3.0,0,38512379,94,82,Bergara,"Alto Deba, Guipúzcoa",1971,0
155000,1.0,3.0,0,38303506,86,75,Bergara,"Alto Deba, Guipúzcoa",1900,0
250000,2.0,3.0,0,38338576,88,77,Bergara,"Alto Deba, Guipúzcoa",2006,0
85000,1.0,4.0,0,36604520,157,109,Bergara,"Alto Deba, Guipúzcoa",1840,0
139500,1.0,2.0,0,81956116,70,60,Bergara,"Alto Deba, Guipúzcoa",1957,0
120000,1.0,3.0,0,81668806,79,69,Arrasate o Mondragon,"Alto Deba, Guipúzcoa",1971,0
150000,1.0,2.0,0,36964897,75,64,Eskoriatza,"Alto Deba, Guipúzcoa",1999,1
83000,1.0,3.0,0,81668858,81,71,Antzuola,"Alto Deba, Guipúzcoa",1965,0
119500,1.0,2.0,0,82779655,86,75,Bergara,"Alto Deba, Guipúzcoa",1961,0
145000,1.0,4.0,0,81668889,130,,Arrasate o Mondragon,"Alto Deba, Guipúzcoa",1900,0
50000,1.0,3.0,0,38257339,61,51,Bergara,"Alto Deba, Guipúzcoa",,0
99000,1.0,2.0,0,83620529,65,57,Arrasate o Mondragon,"Alto Deba, Guipúzcoa",1968,0
199500,1.0,2.0,0,83953435,75,66,Bergara,"Alto Deba, Guipúzcoa",2013,0
90500,1.0,2.0,0,83576360,60,57,Arrasate o Mondragon,"Alto Deba, Guipúzcoa",,0
80000,1.0,3.0,0,84102512,70,69,Arrasate o Mondragon,"Alto Deba, Guipúzcoa",,0
129500,2.0,3.0,0,84141176,93,81,Bergara,"Alto Deba, Guipúzcoa",1978,0
147500,1.0,2.0,0,84177039,81,,Aretxabaleta,"Alto Deba, Guipúzcoa",2004,0
120000,1.0,3.0,0,81668859,80,70,Arrasate o Mondragon,"Alto Deba, Guipúzcoa",1955,0
120000,2.0,3.0,0,30068521,90,80,Bergara,"Alto Deba, Guipúzcoa",,0
70000,1.0,3.0,0,32359237,90,80,Bergara,"Alto Deba, Guipúzcoa",,0
37000,1.0,2.0,0,33610958,70,65,Bergara,"Alto Deba, Guipúzcoa",,0
75000,1.0,3.0,0,34360611,75,65,Bergara,"Alto Deba, Guipúzcoa",,0
130000,1.0,3.0,0,34815197,170,152,Bergara,"Alto Deba, Guipúzcoa",,0
78000,1.0,3.0,0,35929973,85,75,Bergara,"Alto Deba, Guipúzcoa",,1
180000,1.0,2.0,0,37327794,93,,Bergara,"Alto Deba, Guipúzcoa",,0
100000,1.0,2.0,0,38523451,75,65,Bergara,"Alto Deba, Guipúzcoa",,0
99000,1.0,3.0,0,38598579,75,60,Bergara,"Alto Deba, Guipúzcoa",,0
135000,1.0,3.0,0,38669905,75,69,Bergara,"Alto Deba, Guipúzcoa",,1
150000,1.0,2.0,0,39238161,70,69,Bergara,"Alto Deba, Guipúzcoa",,1
98000,1.0,3.0,0,39261073,90,80,Bergara,"Alto Deba, Guipúzcoa",,0
180000,2.0,3.0,0,39305427,85,80,Bergara,"Alto Deba, Guipúzcoa",,0
69000,1.0,3.0,0,39632474,70,63,Bergara,"Alto Deba, Guipúzcoa",,0
50000,1.0,3.0,0,31131054,57,51,Bergara,"Alto Deba, Guipúzcoa",,0
50000,1.0,3.0,0,83965758,70,65,Bergara,"Alto Deba, Guipúzcoa",,0
107000,1.0,2.0,0,84042707,65,52,Bergara,"Alto Deba, Guipúzcoa",,0
180300,2.0,2.0,0,692713,86,74,Elgeta,"Alto Deba, Guipúzcoa",,0
79000,1.0,3.0,0,83630262,76,65,Elgeta,"Alto Deba, Guipúzcoa",1961,0
265000,2.0,3.0,0,83845059,118,83,Bergara,"Alto Deba, Guipúzcoa",,0
271000,2.0,3.0,0,83845061,97,84,Bergara,"Alto Deba, Guipúzcoa",2019,0
343500,2.0,5.0,6,81520034,140,,Bergara,"Alto Deba, Guipúzcoa",,1
159900,2.0,4.0,0,40184685,140,,Oñati,"Alto Deba, Guipúzcoa",,0
80000,1.0,1.0,0,38623218,60,50,Bergara,"Alto Deba, Guipúzcoa",,0
250000,2.0,3.0,6,413271,100,86,Bergara,"Alto Deba, Guipúzcoa",2006,0
645000,3.0,5.0,6,28289965,230,195,Bergara,"Alto Deba, Guipúzcoa",,1
225000,1.0,1.0,0,25280620,59,50,Arrasate o Mondragon,"Alto Deba, Guipúzcoa",,0
360000,2.0,4.0,0,33683368,122,106,Bergara,"Alto Deba, Guipúzcoa",1992,0
120000,1.0,2.0,0,35010240,70,,Antzuola,"Alto Deba, Guipúzcoa",,0
297000,2.0,3.0,0,35261243,106,,Arrasate o Mondragon,"Alto Deba, Guipúzcoa",,1
240000,2.0,3.0,6,38058638,166,144,Elgeta,"Alto Deba, Guipúzcoa",,1
285000,2.0,4.0,3,82992177,90,120,Elgeta,"Alto Deba, Guipúzcoa",,1
180000,1.0,2.0,0,29371829,70,,Bergara,"Alto Deba, Guipúzcoa",,0
80000,1.0,2.0,0,33870975,70,60,Antzuola,"Alto Deba, Guipúzcoa",,0
190000,1.0,3.0,0,84496556,96,85,Arrasate o Mondragon,"Alto Deba, Guipúzcoa",1966,0
195000,2.0,3.0,0,84287891,88,77,Aretxabaleta,"Alto Deba, Guipúzcoa",2009,0
135000,1.0,2.0,0,84559757,72,61,Arrasate o Mondragon,"Alto Deba, Guipúzcoa",1970,0
90000,1.0,2.0,0,84581767,69,59,Arrasate o Mondragon,"Alto Deba, Guipúzcoa",1964,0
120000,1.0,3.0,0,84630718,106,93,Antzuola,"Alto Deba, Guipúzcoa",1969,0
350000,2.0,3.0,0,82396921,115,110,Arrasate o Mondragon,"Alto Deba, Guipúzcoa",,1
350000,4.0,4.0,10,25242234,211,,Eskoriatza,"Alto Deba, Guipúzcoa",,1
75000,1.0,2.0,0,29306454,62,,Antzuola,"Alto Deba, Guipúzcoa",,0
135000,1.0,2.0,0,36632804,65,58,Bergara,"Alto Deba, Guipúzcoa",,1
99000,1.0,2.0,0,82415820,73,,Eskoriatza,"Alto Deba, Guipúzcoa",2009,0
35000,1.0,3.0,0,84559115,65,55,Bergara,"Alto Deba, Guipúzcoa",,0
228000,2.0,3.0,0,1653547,100,,Antzuola,"Alto Deba, Guipúzcoa",,1
165000,2.0,2.0,0,1870923,85,70,Eskoriatza,"Alto Deba, Guipúzcoa",,1
163000,1.0,0.0,8,25954991,90,80,Aretxabaleta,"Alto Deba, Guipúzcoa",,0
156000,1.0,2.0,0,33386057,50,,Aretxabaleta,"Alto Deba, Guipúzcoa",,0
120000,1.0,3.0,0,37775717,80,70,Arrasate o Mondragon,"Alto Deba, Guipúzcoa",,0
180000,1.0,2.0,0,38025379,54,,Oñati,"Alto Deba, Guipúzcoa",,0
198000,2.0,3.0,0,39190752,120,105,Arrasate o Mondragon,"Alto Deba, Guipúzcoa",,1
215000,2.0,3.0,0,40103095,115,92,Bergara,"Alto Deba, Guipúzcoa",1980,1
85000,1.0,3.0,0,35104516,69,59,Arrasate o Mondragon,"Alto Deba, Guipúzcoa",1960,0
122000,1.0,2.0,0,81843536,60,58,Arrasate o Mondragon,"Alto Deba, Guipúzcoa",2001,0
185000,1.0,2.0,0,82704791,80,73,Arrasate o Mondragon,"Alto Deba, Guipúzcoa",,0
118000,1.0,3.0,0,83860228,92,81,Arrasate o Mondragon,"Alto Deba, Guipúzcoa",,1
110000,1.0,1.0,0,84102511,57,48,Arrasate o Mondragon,"Alto Deba, Guipúzcoa",,0
86000,1.0,2.0,0,84832064,64,,Arrasate o Mondragon,"Alto Deba, Guipúzcoa",1969,0
100000,1.0,3.0,0,84819990,65,,Arrasate o Mondragon,"Alto Deba, Guipúzcoa",,0
360607,2.0,4.0,7,25656381,800,500,Eskoriatza,"Alto Deba, Guipúzcoa",,1
130000,1.0,3.0,0,83105076,78,75,Arrasate o Mondragon,"Alto Deba, Guipúzcoa",,0
119800,1.0,2.0,0,83211759,85,63,Bergara,"Alto Deba, Guipúzcoa",,0
190000,1.0,2.0,0,83211760,62,50,Bergara,"Alto Deba, Guipúzcoa",,0
152000,2.0,3.0,0,84814207,74,,Oñati,"Alto Deba, Guipúzcoa",,1
205000,2.0,3.0,0,34763267,90,,Eskoriatza,"Alto Deba, Guipúzcoa",,1
172000,1.0,3.0,0,30522937,78,70,Arrasate o Mondragon,"Alto Deba, Guipúzcoa",,0
239000,2.0,3.0,6,39221627,140,125,Arrasate o Mondragon,"Alto Deba, Guipúzcoa",,1
280000,2.0,3.0,8,84696288,100,,Arrasate o Mondragon,"Alto Deba, Guipúzcoa",2014,1
209500,1.0,2.0,0,84827577,80,,Arrasate o Mondragon,"Alto Deba, Guipúzcoa",,1
248000,2.0,3.0,0,81668837,527,,Oñati,"Alto Deba, Guipúzcoa",,0
60000,1.0,3.0,0,39160840,74,66,Bergara,"Alto Deba, Guipúzcoa",,0
69000,1.0,3.0,0,39678539,73,63,Bergara,"Alto Deba, Guipúzcoa",1971,0
190000,3.0,3.0,0,40163739,87,76,Bergara,"Alto Deba, Guipúzcoa",,1
219000,2.0,3.0,6,35104462,96,84,Oñati,"Alto Deba, Guipúzcoa",2010,0
320000,2.0,3.0,0,35427310,109,85,Oñati,"Alto Deba, Guipúzcoa",,1
185000,2.0,3.0,0,81205429,90,79,Bergara,"Alto Deba, Guipúzcoa",2005,1
280000,2.0,3.0,0,82905951,140,120,Elgeta,"Alto Deba, Guipúzcoa",2007,1
345300,2.0,3.0,0,36314025,170,,Aretxabaleta,"Alto Deba, Guipúzcoa",,0
89300,1.0,2.0,0,84384120,69,60,Arrasate o Mondragon,"Alto Deba, Guipúzcoa",1970,0
189000,1.0,3.0,0,84457556,91,79,Bergara,"Alto Deba, Guipúzcoa",1973,0
234000,2.0,3.0,6,81226416,90,,Aretxabaleta,"Alto Deba, Guipúzcoa",,1
214000,2.0,3.0,0,82723831,130,,Antzuola,"Alto Deba, Guipúzcoa",,0
75000,1.0,3.0,0,83219233,115,103,Bergara,"Alto Deba, Guipúzcoa",,0
88000,1.0,3.0,0,83690576,120,114,Bergara,"Alto Deba, Guipúzcoa",1968,0
53000,1.0,2.0,0,81145706,83,64,Aretxabaleta,"Alto Deba, Guipúzcoa",1900,0
59000,1.0,3.0,0,81145711,65,48,Bergara,"Alto Deba, Guipúzcoa",1900,0
155000,1.0,3.0,0,39400606,74,66,Arrasate o Mondragon,"Alto Deba, Guipúzcoa",1948,0
270000,2.0,4.0,0,39400607,124,,Arrasate o Mondragon,"Alto Deba, Guipúzcoa",1966,1
155000,1.0,2.0,0,36604525,80,,Oñati,"Alto Deba, Guipúzcoa",2006,0
297000,2.0,3.0,0,35590494,117,92,Arrasate o Mondragon,"Alto Deba, Guipúzcoa",,1
110000,2.0,3.0,0,40296249,88,77,Bergara,"Alto Deba, Guipúzcoa",1978,0
375000,2.0,4.0,0,39364171,129,112,Bergara,"Alto Deba, Guipúzcoa",2017,0
138000,2.0,2.0,0,39069387,83,73,Antzuola,"Alto Deba, Guipúzcoa",1961,0
188000,2.0,4.0,0,38512392,95,83,Bergara,"Alto Deba, Guipúzcoa",1989,1
145000,2.0,6.0,0,38303112,267,232,Bergara,"Alto Deba, Guipúzcoa",1940,0
210000,2.0,3.0,0,81738054,99,86,Eskoriatza,"Alto Deba, Guipúzcoa",2008,0
255000,2.0,4.0,6,83276809,139,121,Bergara,"Alto Deba, Guipúzcoa",2008,0
360000,2.0,4.0,0,83546835,700,628,Oñati,"Alto Deba, Guipúzcoa",,0
139500,2.0,3.0,0,83821875,86,75,Bergara,"Alto Deba, Guipúzcoa",1994,0
220000,2.0,3.0,0,83860693,98,90,Arrasate o Mondragon,"Alto Deba, Guipúzcoa",1988,0
270000,3.0,8.0,0,83959767,240,230,Arrasate o Mondragon,"Alto Deba, Guipúzcoa",,0
90000,1.0,2.0,0,39189742,55,45,Arrasate o Mondragon,"Alto Deba, Guipúzcoa",1967,0
190000,3.0,3.0,6,84026472,87,75,Bergara,"Alto Deba, Guipúzcoa",2013,0
240000,2.0,3.0,0,81668845,141,124,Antzuola,"Alto Deba, Guipúzcoa",2007,0
180000,2.0,2.0,0,38855969,95,90,Antzuola,"Alto Deba, Guipúzcoa",,0
215000,2.0,3.0,0,39872659,90,85,Bergara,"Alto Deba, Guipúzcoa",,1
195000,1.0,3.0,0,33979104,85,84,Arrasate o Mondragon,"Alto Deba, Guipúzcoa",1970,0
58900,1.0,2.0,0,84874441,82,,Oñati,"Alto Deba, Guipúzcoa",,0
250000,2.0,3.0,0,40146905,80,,Bergara,"Alto Deba, Guipúzcoa",,1
280000,3.0,3.0,4,81461762,190,173,Eskoriatza,"Alto Deba, Guipúzcoa",2007,1
295000,3.0,3.0,4,81461763,190,173,Eskoriatza,"Alto Deba, Guipúzcoa",2007,1
180000,2.0,2.0,6,35104499,75,66,Arrasate o Mondragon,"Alto Deba, Guipúzcoa",2004,0
185000,2.0,3.0,0,81864717,80,,Arrasate o Mondragon,"Alto Deba, Guipúzcoa",,0
180000,1.0,3.0,0,83860969,88,77,Oñati,"Alto Deba, Guipúzcoa",1976,1
77000,1.0,2.0,0,82921848,51,46,Arrasate o Mondragon,"Alto Deba, Guipúzcoa",1957,0
70000,1.0,2.0,0,84273120,69,59,Arrasate o Mondragon,"Alto Deba, Guipúzcoa",1969,0
90000,1.0,3.0,0,84838860,78,69,Arrasate o Mondragon,"Alto Deba, Guipúzcoa",1971,0
330000,3.0,4.0,1,25691323,400,200,Eskoriatza,"Alto Deba, Guipúzcoa",,1
219000,3.0,3.0,6,27006777,111,,Oñati,"Alto Deba, Guipúzcoa",,0
299000,2.0,3.0,1,37891324,2300,120,Oñati,"Alto Deba, Guipúzcoa",,1
286000,2.0,3.0,0,39305419,100,94,Bergara,"Alto Deba, Guipúzcoa",1997,0
240000,2.0,4.0,0,39595658,111,96,Bergara,"Alto Deba, Guipúzcoa",,0
159000,2.0,3.0,0,39602577,89,,Oñati,"Alto Deba, Guipúzcoa",,1
125000,1.0,2.0,0,81332082,58,46,Bergara,"Alto Deba, Guipúzcoa",2019,0
230000,2.0,3.0,0,82038478,154,,Bergara,"Alto Deba, Guipúzcoa",,0
140000,2.0,4.0,0,82717909,150,140,Arrasate o Mondragon,"Alto Deba, Guipúzcoa",,0
210000,1.0,3.0,0,83040396,85,70,Oñati,"Alto Deba, Guipúzcoa",,1
195000,2.0,3.0,0,84531131,101,89,Oñati,"Alto Deba, Guipúzcoa",1973,0
100000,1.0,2.0,0,84636547,75,65,Bergara,"Alto Deba, Guipúzcoa",1920,0
125000,2.0,3.0,6,84391661,95,89,Bergara,"Alto Deba, Guipúzcoa",,0
195000,2.0,4.0,6,40030039,170,160,Bergara,"Alto Deba, Guipúzcoa",,0
230000,3.0,3.0,0,82168441,78,76,Arrasate o Mondragon,"Alto Deba, Guipúzcoa",,1
340000,1.0,6.0,5,84606039,300,,Arrasate o Mondragon,"Alto Deba, Guipúzcoa",,0
500000,2.0,3.0,0,83232211,360,340,Bergara,"Alto Deba, Guipúzcoa",,1
298000,2.0,3.0,6,30752284,119,98,Oñati,"Alto Deba, Guipúzcoa",,0
110000,2.0,3.0,0,84724585,90,82,Bergara,"Alto Deba, Guipúzcoa",,0
270000,2.0,5.0,0,39383522,130,128,Arrasate o Mondragon,"Alto Deba, Guipúzcoa",,0
85000,1.0,5.0,0,37314999,85,74,Oñati,"Alto Deba, Guipúzcoa",,0
198000,2.0,3.0,0,29030012,114,100,Bergara,"Alto Deba, Guipúzcoa",,0
198000,2.0,3.0,0,36044627,100,90,Bergara,"Alto Deba, Guipúzcoa",1970,0
198000,2.0,2.0,0,81528382,96,83,Antzuola,"Alto Deba, Guipúzcoa",2002,0
220000,2.0,4.0,0,40140062,160,139,Bergara,"Alto Deba, Guipúzcoa",1982,0
390000,3.0,4.0,0,38737113,159,139,Bergara,"Alto Deba, Guipúzcoa",1991,0
340000,2.0,6.0,7,82043563,151550,500,Bergara,"Alto Deba, Guipúzcoa",,0
210000,2.0,3.0,0,82166195,90,80,Oñati,"Alto Deba, Guipúzcoa",1997,0
320000,3.0,5.0,0,82335111,400,227,Eskoriatza,"Alto Deba, Guipúzcoa",,0
390000,1.0,4.0,0,82847416,400,350,Arrasate o Mondragon,"Alto Deba, Guipúzcoa",,1
500000,2.0,3.0,0,84442378,360,350,Bergara,"Alto Deba, Guipúzcoa",,1
165000,1.0,2.0,0,34708042,76,66,Antzuola,"Alto Deba, Guipúzcoa",2004,0
120000,1.0,3.0,7,38761501,208970,,Oñati,"Alto Deba, Guipúzcoa",,0
160000,1.0,2.0,0,81751562,72,63,Oñati,"Alto Deba, Guipúzcoa",2003,0
225000,2.0,3.0,0,81751852,123,107,Oñati,"Alto Deba, Guipúzcoa",,1
270000,2.0,4.0,0,81751851,100,90,Oñati,"Alto Deba, Guipúzcoa",,1
340000,2.0,4.0,6,81756754,110,96,Oñati,"Alto Deba, Guipúzcoa",,0
140000,1.0,3.0,0,82772645,80,68,Oñati,"Alto Deba, Guipúzcoa",,0
550000,3.0,6.0,1,82827608,57906,511,Oñati,"Alto Deba, Guipúzcoa",1900,0
210000,2.0,3.0,0,83194521,88,85,Oñati,"Alto Deba, Guipúzcoa",1997,0
215000,2.0,3.0,0,83468911,105,87,Bergara,"Alto Deba, Guipúzcoa",,0
180000,1.0,3.0,0,83532194,89,77,Oñati,"Alto Deba, Guipúzcoa",,1
258000,2.0,2.0,8,84217255,90,64,Arrasate o Mondragon,"Alto Deba, Guipúzcoa",2007,1
270000,4.0,8.0,1,84327006,500,210,Arrasate o Mondragon,"Alto Deba, Guipúzcoa",,0
250000,1.0,2.0,0,84380076,65,60,Oñati,"Alto Deba, Guipúzcoa",2010,0
186300,1.0,2.0,0,84827156,63,54,Arrasate o Mondragon,"Alto Deba, Guipúzcoa",,1
400000,1.0,4.0,9,39102563,24247,360,Oñati,"Alto Deba, Guipúzcoa",,1
340000,2.0,3.0,6,82539481,162,,Arrasate o Mondragon,"Alto Deba, Guipúzcoa",,0
382000,2.0,4.0,7,84618135,307,601,Antzuola,"Alto Deba, Guipúzcoa",1900,0
190000,2.0,4.0,0,84615333,196,171,Bergara,"Alto Deba, Guipúzcoa",1900,0
286000,2.0,3.0,0,84698003,108,94,Bergara,"Alto Deba, Guipúzcoa",1997,0
220000,2.0,3.0,0,82847409,111,93,Aretxabaleta,"Alto Deba, Guipúzcoa",2001,1
165000,1.0,3.0,0,83055220,78,70,Aretxabaleta,"Alto Deba, Guipúzcoa",1970,0
2200000,2.0,9.0,4,33902919,1017,,Bergara,"Alto Deba, Guipúzcoa",,1
242000,2.0,3.0,0,82180373,105,94,Aretxabaleta,"Alto Deba, Guipúzcoa",1952,0
169000,1.0,3.0,0,1717618,67,60,Bergara,"Alto Deba, Guipúzcoa",,0
100000,1.0,1.0,0,83432447,59,,Bergara,"Alto Deba, Guipúzcoa",,0
156000,1.0,1.0,0,83533072,50,,Bergara,"Alto Deba, Guipúzcoa",,0
171000,1.0,3.0,0,83952953,67,,Bergara,"Alto Deba, Guipúzcoa",,0
49000,1.0,3.0,0,84316551,68,54,Bergara,"Alto Deba, Guipúzcoa",1920,0
344000,2.0,3.0,0,82355407,112,93,Arrasate o Mondragon,"Alto Deba, Guipúzcoa",,0
433000,2.0,3.0,8,40040068,121,101,Arrasate o Mondragon,"Alto Deba, Guipúzcoa",,0
290000,2.0,3.0,0,40040090,113,94,Arrasate o Mondragon,"Alto Deba, Guipúzcoa",,0
318000,2.0,3.0,0,40040092,110,92,Arrasate o Mondragon,"Alto Deba, Guipúzcoa",,0
360000,2.0,2.0,8,40040094,103,86,Arrasate o Mondragon,"Alto Deba, Guipúzcoa",,0
350000,2.0,3.0,0,84846267,97,81,Arrasate o Mondragon,"Alto Deba, Guipúzcoa",,0
312000,2.0,3.0,0,84846264,96,80,Arrasate o Mondragon,"Alto Deba, Guipúzcoa",,0
323000,2.0,3.0,0,84846266,97,81,Arrasate o Mondragon,"Alto Deba, Guipúzcoa",,0
309000,2.0,4.0,0,38620751,121,101,Arrasate o Mondragon,"Alto Deba, Guipúzcoa",,0
348000,2.0,3.0,0,83603028,115,96,Arrasate o Mondragon,"Alto Deba, Guipúzcoa",,0
168000,1.0,2.0,0,36056505,200,,Oñati,"Alto Deba, Guipúzcoa",2009,1
210000,2.0,2.0,0,82154931,90,80,Oñati,"Alto Deba, Guipúzcoa",,0
195000,2.0,3.0,0,82196551,102,89,Oñati,"Alto Deba, Guipúzcoa",,1
219000,3.0,3.0,6,82274271,111,,Oñati,"Alto Deba, Guipúzcoa",2014,0
215000,2.0,3.0,0,83077610,120,102,Oñati,"Alto Deba, Guipúzcoa",2010,1
220000,1.0,4.0,6,83686014,483,475,Oñati,"Alto Deba, Guipúzcoa",,1
150100,1.0,2.0,0,35072648,61,,Bergara,"Alto Deba, Guipúzcoa",,0
125000,1.0,1.0,0,35072650,49,,Bergara,"Alto Deba, Guipúzcoa",,0
157199,1.0,2.0,0,38564109,60,,Bergara,"Alto Deba, Guipúzcoa",,0
288843,2.0,3.0,0,82828912,98,,Bergara,"Alto Deba, Guipúzcoa",,0
375587,2.0,4.0,6,82828997,113,,Bergara,"Alto Deba, Guipúzcoa",,0
375000,2.0,3.0,0,84070424,121,109,Arrasate o Mondragon,"Alto Deba, Guipúzcoa",2002,1
195000,2.0,4.0,0,83595572,170,,Bergara,"Alto Deba, Guipúzcoa",,0
343500,2.0,5.0,0,83911815,140,,Bergara,"Alto Deba, Guipúzcoa",,0
292000,2.0,2.0,0,84846074,84,70,Arrasate o Mondragon,"Alto Deba, Guipúzcoa",,0
374000,2.0,3.0,0,84852250,102,85,Arrasate o Mondragon,"Alto Deba, Guipúzcoa",,0
284000,2.0,3.0,0,84846269,101,84,Arrasate o Mondragon,"Alto Deba, Guipúzcoa",,0
277000,2.0,2.0,0,84846271,77,64,Arrasate o Mondragon,"Alto Deba, Guipúzcoa",,0
220000,2.0,3.0,0,84794253,111,,Oñati,"Alto Deba, Guipúzcoa",,0
378000,2.0,3.0,0,84768914,110,99,Oñati,"Alto Deba, Guipúzcoa",2008,1
350000,3.0,4.0,10,27164240,573,,Eskoriatza,"Alto Deba, Guipúzcoa",,1
285000,3.0,3.0,4,81461761,200,173,Eskoriatza,"Alto Deba, Guipúzcoa",2007,1
58900,1.0,2.0,0,84826174,82,,Oñati,"Alto Deba, Guipúzcoa",1900,0
378000,2.0,3.0,0,84878216,110,99,Oñati,"Alto Deba, Guipúzcoa",2008,1
200000,2.0,3.0,0,84837522,115,89,Oñati,"Alto Deba, Guipúzcoa",,1
178000,2.0,3.0,0,39752601,100,89,Bergara,"Alto Deba, Guipúzcoa",,0
150000,1.0,2.0,0,83845064,83,45,Bergara,"Alto Deba, Guipúzcoa",2019,0
325000,2.0,4.0,6,27448792,160,130,Arrasate o Mondragon,"Alto Deba, Guipúzcoa",,1
85000,1.0,3.0,0,84517921,81,,Elgeta,"Alto Deba, Guipúzcoa",1979,0
286000,2.0,3.0,0,39752640,112,97,Bergara,"Alto Deba, Guipúzcoa",,0
185000,1.0,2.0,0,83100830,74,65,Bergara,"Alto Deba, Guipúzcoa",,0
295000,2.0,3.0,0,83293097,95,90,Arrasate o Mondragon,"Alto Deba, Guipúzcoa",,1
97500,2.0,3.0,0,37173521,92,89,Elgeta,"Alto Deba, Guipúzcoa",1977,0
160000,2.0,3.0,0,82828682,80,74,Bergara,"Alto Deba, Guipúzcoa",,0
145000,1.0,1.0,0,82531738,50,46,Bergara,"Alto Deba, Guipúzcoa",,0
250000,2.0,3.0,0,83887143,108,94,Bergara,"Alto Deba, Guipúzcoa",,1
150000,1.0,2.0,0,84680397,57,52,Aretxabaleta,"Alto Deba, Guipúzcoa",2003,0
210000,2.0,4.0,0,39970479,134,117,Bergara,"Alto Deba, Guipúzcoa",,0
180000,2.0,4.0,0,40548945,117,102,Bergara,"Alto Deba, Guipúzcoa",,0
234900,2.0,3.0,0,82428078,132,125,Bergara,"Alto Deba, Guipúzcoa",,0
180000,2.0,4.0,0,83883235,87,83,Bergara,"Alto Deba, Guipúzcoa",1989,1
175000,2.0,3.0,0,83235791,90,,Bergara,"Alto Deba, Guipúzcoa",,0
price,0.0,0.0,11,house_id,m2_real,m2_useful,loc_city,loc_zone,construct_date,1
price,0.0,0.0,11,house_id,m2_real,m2_useful,loc_city,loc_zone,construct_date,1
395000,3.0,4.0,4,83799421,215,206,Zizurkil,"Tolosaldea, Guipúzcoa",,1
135000,1.0,3.0,0,81940105,90,,Ibarra,"Tolosaldea, Guipúzcoa",,0
285000,2.0,3.0,0,27519157,150,100,Zizurkil,"Tolosaldea, Guipúzcoa",,1
176000,1.0,2.0,0,2046356,57,,Tolosa,"Tolosaldea, Guipúzcoa",,0
135000,1.0,2.0,0,26854845,80,75,Villabona,"Tolosaldea, Guipúzcoa",,0
85000,1.0,1.0,0,38551684,57,,Tolosa,"Tolosaldea, Guipúzcoa",,0
120000,2.0,3.0,0,2016790,85,,Legorreta,"Tolosaldea, Guipúzcoa",,0
125000,1.0,2.0,0,32919743,67,65,Legorreta,"Tolosaldea, Guipúzcoa",,1
195000,2.0,4.0,13,81229352,700,85,Aduna,"Tolosaldea, Guipúzcoa",,0
135000,1.0,3.0,0,81458422,70,65,Alegia,"Tolosaldea, Guipúzcoa",,0
215000,2.0,3.0,0,82257293,140,123,Irura,"Tolosaldea, Guipúzcoa",,0
270000,3.0,3.0,3,34824430,120,,Larraul,"Tolosaldea, Guipúzcoa",,1
210000,1.0,2.0,0,408825,70,,Ibarra,"Tolosaldea, Guipúzcoa",,0
960000,1.0,1.0,1,81985931,1000,,Tolosa,"Tolosaldea, Guipúzcoa",,0
155000,1.0,4.0,5,81577910,600,100,Elduain,"Tolosaldea, Guipúzcoa",,1
245000,1.0,3.0,2,29683487,1500,,Bidegoyan,"Tolosaldea, Guipúzcoa",,1
335000,2.0,4.0,0,83746134,160,,Tolosa,"Tolosaldea, Guipúzcoa",,0
225000,2.0,3.0,0,83936194,85,,Irura,"Tolosaldea, Guipúzcoa",,1
220000,2.0,3.0,6,83944733,95,90,Tolosa,"Tolosaldea, Guipúzcoa",,0
95000,1.0,2.0,0,83954033,70,,Zizurkil,"Tolosaldea, Guipúzcoa",,0
210000,1.0,3.0,0,313510,92,80,Zizurkil,"Tolosaldea, Guipúzcoa",,0
400000,2.0,3.0,4,39795677,135,,Altzo,"Tolosaldea, Guipúzcoa",,1
174000,1.0,2.0,0,39236768,110,100,Hernialde,"Tolosaldea, Guipúzcoa",,1
135000,1.0,3.0,0,84699615,75,,Villabona,"Tolosaldea, Guipúzcoa",,0
85000,1.0,3.0,0,38601684,69,60,Villabona,"Tolosaldea, Guipúzcoa",,0
180000,1.0,2.0,0,27520408,60,,Ibarra,"Tolosaldea, Guipúzcoa",,0
215000,2.0,3.0,0,81626137,108,,Irura,"Tolosaldea, Guipúzcoa",2006,1
230000,2.0,3.0,0,82500086,80,69,Irura,"Tolosaldea, Guipúzcoa",,0
230000,2.0,3.0,0,82500627,79,69,Irura,"Tolosaldea, Guipúzcoa",,0
197000,2.0,2.0,0,82547747,129,70,Anoeta,"Tolosaldea, Guipúzcoa",,0
155000,1.0,2.0,0,82550117,87,67,Anoeta,"Tolosaldea, Guipúzcoa",,1
300000,2.0,4.0,0,82637249,166,,Irura,"Tolosaldea, Guipúzcoa",,0
224000,2.0,3.0,0,82548159,107,76,Anoeta,"Tolosaldea, Guipúzcoa",,0
203000,2.0,2.0,0,82550114,94,63,Anoeta,"Tolosaldea, Guipúzcoa",,0
500000,2.0,4.0,13,39978798,2000,,Berastegi,"Tolosaldea, Guipúzcoa",,1
279000,2.0,2.0,0,40205426,75,,Tolosa,"Tolosaldea, Guipúzcoa",,1
280000,2.0,4.0,0,32553136,135,,Tolosa,"Tolosaldea, Guipúzcoa",,1
700000,3.0,5.0,2,37592139,18000,190,Amezketa,"Tolosaldea, Guipúzcoa",,0
230000,2.0,3.0,0,37730131,90,,Tolosa,"Tolosaldea, Guipúzcoa",,0
136000,1.0,1.0,0,39308440,65,59,Alegia,"Tolosaldea, Guipúzcoa",,0
120000,1.0,2.0,0,81699501,60,55,Asteasu,"Tolosaldea, Guipúzcoa",,0
156000,2.0,3.0,0,82573801,88,71,Amezketa,"Tolosaldea, Guipúzcoa",,0
146000,1.0,4.0,8,1797268,100,,Tolosa,"Tolosaldea, Guipúzcoa",,0
300000,2.0,4.0,13,30206661,12000,500,Hernialde,"Tolosaldea, Guipúzcoa",,0
110000,1.0,2.0,0,30315904,84,78,Legorreta,"Tolosaldea, Guipúzcoa",,0
320000,2.0,4.0,13,35012397,400,,Lizartza,"Tolosaldea, Guipúzcoa",,1
169000,1.0,3.0,0,35161337,101,92,Ibarra,"Tolosaldea, Guipúzcoa",,0
190000,1.0,3.0,0,25339648,95,90,Ibarra,"Tolosaldea, Guipúzcoa",,0
236000,1.0,3.0,7,36722061,90000,500,Tolosa,"Tolosaldea, Guipúzcoa",,0
135000,1.0,2.0,0,37099434,60,,Ibarra,"Tolosaldea, Guipúzcoa",,0
246200,1.0,3.0,0,37415817,108,87,Anoeta,"Tolosaldea, Guipúzcoa",,0
350000,2.0,4.0,3,2174306,3600,,Berastegi,"Tolosaldea, Guipúzcoa",,1
300000,3.0,4.0,3,31814308,300,,Orendain,"Tolosaldea, Guipúzcoa",,1
120000,1.0,3.0,0,83001889,80,70,Tolosa,"Tolosaldea, Guipúzcoa",,0
250000,2.0,4.0,0,35012921,200,,Irura,"Tolosaldea, Guipúzcoa",,0
170000,1.0,3.0,0,35368797,88,83,Asteasu,"Tolosaldea, Guipúzcoa",,0
210000,2.0,3.0,0,38069793,84,,Irura,"Tolosaldea, Guipúzcoa",,0
110000,1.0,3.0,0,29474759,82,,Legorreta,"Tolosaldea, Guipúzcoa",,0
105000,1.0,4.0,0,38309832,110,,Leaburu-Gaztelu,"Tolosaldea, Guipúzcoa",,0
280000,3.0,4.0,10,39619534,155,,Bidegoyan,"Tolosaldea, Guipúzcoa",,1
125000,1.0,3.0,0,39978953,90,,Berrobi,"Tolosaldea, Guipúzcoa",,0
275000,2.0,4.0,10,81344799,202,185,Alegia,"Tolosaldea, Guipúzcoa",2016,1
160000,1.0,3.0,0,82628767,75,,Zizurkil,"Tolosaldea, Guipúzcoa",,1
206000,2.0,2.0,0,38986226,72,62,Anoeta,"Tolosaldea, Guipúzcoa",,0
290000,2.0,3.0,0,39047794,90,,Tolosa,"Tolosaldea, Guipúzcoa",,0
160000,2.0,3.0,4,40427727,400,,Alegia,"Tolosaldea, Guipúzcoa",,0
130000,1.0,2.0,0,28925176,70,,Berrobi,"Tolosaldea, Guipúzcoa",1967,0
125000,1.0,2.0,0,29240016,65,,Villabona,"Tolosaldea, Guipúzcoa",1971,0
210000,1.0,2.0,0,30475520,76,,Irura,"Tolosaldea, Guipúzcoa",,0
495000,3.0,4.0,0,30475442,180,,Tolosa,"Tolosaldea, Guipúzcoa",,0
145000,1.0,4.0,0,32423969,90,,Tolosa,"Tolosaldea, Guipúzcoa",,0
580000,3.0,4.0,4,32399948,200,,Tolosa,"Tolosaldea, Guipúzcoa",,1
505000,2.0,3.0,4,36345251,180,,Tolosa,"Tolosaldea, Guipúzcoa",,1
80000,1.0,3.0,0,36345241,72,,Tolosa,"Tolosaldea, Guipúzcoa",,0
155000,1.0,2.0,0,30475433,60,,Tolosa,"Tolosaldea, Guipúzcoa",,0
173000,1.0,2.0,0,32423970,90,,Irura,"Tolosaldea, Guipúzcoa",1996,0
269500,3.0,3.0,4,35381893,165,,Ikaztegieta,"Tolosaldea, Guipúzcoa",,0
185000,1.0,4.0,0,36064448,108,,Albiztur,"Tolosaldea, Guipúzcoa",,1
155000,1.0,3.0,0,36012497,80,,Irura,"Tolosaldea, Guipúzcoa",,0
175000,2.0,3.0,4,36012503,250,,Albiztur,"Tolosaldea, Guipúzcoa",,0
109000,1.0,2.0,0,36345610,65,,Legorreta,"Tolosaldea, Guipúzcoa",1944,0
169000,1.0,3.0,0,36603715,101,,Ibarra,"Tolosaldea, Guipúzcoa",,0
180000,1.0,2.0,0,38372691,70,,Ibarra,"Tolosaldea, Guipúzcoa",1999,0
187000,1.0,3.0,0,38449078,85,,Villabona,"Tolosaldea, Guipúzcoa",,0
450000,2.0,3.0,4,38853521,800,,Amezketa,"Tolosaldea, Guipúzcoa",1965,0
330000,2.0,3.0,0,39188183,112,105,Tolosa,"Tolosaldea, Guipúzcoa",2008,0
98000,1.0,2.0,0,39914308,102,92,Berastegi,"Tolosaldea, Guipúzcoa",,0
300000,2.0,3.0,4,38856282,150,,Berastegi,"Tolosaldea, Guipúzcoa",,0
325000,2.0,3.0,0,81352860,90,,Tolosa,"Tolosaldea, Guipúzcoa",,1
240000,1.0,3.0,0,83914658,118,90,Tolosa,"Tolosaldea, Guipúzcoa",1964,0
82000,1.0,1.0,0,83914659,60,,Tolosa,"Tolosaldea, Guipúzcoa",1900,0
65000,1.0,3.0,0,84044599,50,,Villabona,"Tolosaldea, Guipúzcoa",1900,0
85000,1.0,2.0,0,84140695,40,,Berrobi,"Tolosaldea, Guipúzcoa",,0
185000,2.0,3.0,0,84140706,84,,Tolosa,"Tolosaldea, Guipúzcoa",,0
360000,1.0,4.0,9,84159505,326,,Tolosa,"Tolosaldea, Guipúzcoa",,0
120000,2.0,4.0,0,84140718,102,90,Tolosa,"Tolosaldea, Guipúzcoa",,0
120000,1.0,3.0,0,84314963,68,,Villabona,"Tolosaldea, Guipúzcoa",1974,0
100000,1.0,2.0,0,84314964,58,,Zizurkil,"Tolosaldea, Guipúzcoa",1950,0
150000,1.0,1.0,0,84331195,50,,Tolosa,"Tolosaldea, Guipúzcoa",,0
400000,2.0,4.0,4,84364281,385,375,Albiztur,"Tolosaldea, Guipúzcoa",,0
108000,1.0,3.0,0,33881619,84,80,Legorreta,"Tolosaldea, Guipúzcoa",,0
230000,1.0,3.0,0,36750433,107,97,Ibarra,"Tolosaldea, Guipúzcoa",,0
180000,2.0,2.0,6,33881725,65,,Villabona,"Tolosaldea, Guipúzcoa",,0
140000,1.0,3.0,0,81302562,75,70,Tolosa,"Tolosaldea, Guipúzcoa",,0
250000,2.0,4.0,9,82681564,197,,Asteasu,"Tolosaldea, Guipúzcoa",,1
90000,1.0,3.0,0,35342509,90,84,Berrobi,"Tolosaldea, Guipúzcoa",,0
95000,2.0,3.0,0,35464697,95,90,Tolosa,"Tolosaldea, Guipúzcoa",,0
375000,2.0,3.0,4,35574138,240,,Albiztur,"Tolosaldea, Guipúzcoa",,0
85000,1.0,2.0,0,83868680,70,62,Tolosa,"Tolosaldea, Guipúzcoa",,0
105000,1.0,2.0,0,27536539,65,,Legorreta,"Tolosaldea, Guipúzcoa",,0
310000,1.0,4.0,6,28104966,420,417,Ikaztegieta,"Tolosaldea, Guipúzcoa",,1
120000,1.0,3.0,0,28544676,92,80,Tolosa,"Tolosaldea, Guipúzcoa",,1
161000,1.0,2.0,0,28610428,65,55,Tolosa,"Tolosaldea, Guipúzcoa",,0
185000,1.0,4.0,0,28866349,115,108,Albiztur,"Tolosaldea, Guipúzcoa",,1
150000,1.0,2.0,0,30141564,65,60,Ibarra,"Tolosaldea, Guipúzcoa",,0
89000,1.0,2.0,0,31030657,70,,Zizurkil,"Tolosaldea, Guipúzcoa",,0
110000,1.0,3.0,0,31111406,70,69,Alegia,"Tolosaldea, Guipúzcoa",,0
62000,1.0,0.0,12,31273099,56,,Tolosa,"Tolosaldea, Guipúzcoa",,0
132000,1.0,3.0,0,31543960,72,,Ibarra,"Tolosaldea, Guipúzcoa",,0
185000,2.0,3.0,0,33881674,97,89,Alegia,"Tolosaldea, Guipúzcoa",,0
98000,1.0,2.0,0,35210840,77,68,Lizartza,"Tolosaldea, Guipúzcoa",,0
410000,2.0,6.0,2,35870257,22193,550,Legorreta,"Tolosaldea, Guipúzcoa",,0
169000,1.0,3.0,0,35161309,101,92,Ibarra,"Tolosaldea, Guipúzcoa",,0
199000,1.0,2.0,0,36994122,96,,Ibarra,"Tolosaldea, Guipúzcoa",1992,0
199900,2.0,3.0,0,39468190,90,85,Irura,"Tolosaldea, Guipúzcoa",,1
460000,2.0,4.0,13,39883438,60000,404,Albiztur,"Tolosaldea, Guipúzcoa",,1
167500,1.0,2.0,0,30138752,77,,Villabona,"Tolosaldea, Guipúzcoa",2000,0
130000,1.0,2.0,0,81595750,63,60,Alegia,"Tolosaldea, Guipúzcoa",,0
65000,1.0,2.0,0,82189783,50,,Belauntza,"Tolosaldea, Guipúzcoa",,1
105000,1.0,3.0,0,82503716,117,,Legorreta,"Tolosaldea, Guipúzcoa",,0
240000,2.0,3.0,0,82555922,100,,Alegia,"Tolosaldea, Guipúzcoa",,0
350000,2.0,4.0,0,82618620,96,80,Tolosa,"Tolosaldea, Guipúzcoa",,1
200000,2.0,3.0,0,83247943,105,92,Berastegi,"Tolosaldea, Guipúzcoa",,1
136000,2.0,3.0,0,83256843,92,,Lizartza,"Tolosaldea, Guipúzcoa",,1
180000,2.0,2.0,0,83331826,80,72,Asteasu,"Tolosaldea, Guipúzcoa",,0
315000,3.0,3.0,4,34955634,170,160,Irura,"Tolosaldea, Guipúzcoa",,1
155000,2.0,3.0,9,40541622,250,,Albiztur,"Tolosaldea, Guipúzcoa",,0
166000,1.0,3.0,0,38225350,90,,Berrobi,"Tolosaldea, Guipúzcoa",,1
130000,2.0,4.0,9,84251998,400,385,Gaztelu,"Tolosaldea, Guipúzcoa",1900,0
125000,1.0,3.0,0,377111,70,,Zizurkil,"Tolosaldea, Guipúzcoa",,0
270000,0.0,0.0,2,35869980,464,,Ikaztegieta,"Tolosaldea, Guipúzcoa",,0
258000,2.0,3.0,8,84254908,78,,Irura,"Tolosaldea, Guipúzcoa",,1
108180,1.0,2.0,0,84250019,67,,Villabona,"Tolosaldea, Guipúzcoa",,0
180000,1.0,3.0,0,27705291,70,,Tolosa,"Tolosaldea, Guipúzcoa",,0
342000,2.0,4.0,4,33881655,150,,Hernialde,"Tolosaldea, Guipúzcoa",2004,0
174000,1.0,3.0,0,33881568,115,105,Altzo,"Tolosaldea, Guipúzcoa",,0
275000,2.0,3.0,0,33881572,114,92,Irura,"Tolosaldea, Guipúzcoa",,0
265000,2.0,3.0,0,33881594,95,85,Irura,"Tolosaldea, Guipúzcoa",2007,0
175000,1.0,4.0,0,33881602,80,,Anoeta,"Tolosaldea, Guipúzcoa",,0
295000,2.0,4.0,4,33881617,145,,Ibarra,"Tolosaldea, Guipúzcoa",,1
260000,2.0,4.0,4,33881624,165,120,Ikaztegieta,"Tolosaldea, Guipúzcoa",,0
260000,3.0,4.0,4,34101890,162,114,Bidegoyan,"Tolosaldea, Guipúzcoa",,0
504000,2.0,3.0,4,35750881,280,220,Tolosa,"Tolosaldea, Guipúzcoa",,1
150000,1.0,3.0,0,33881702,78,70,Tolosa,"Tolosaldea, Guipúzcoa",,0
220000,1.0,3.0,0,33881713,90,80,Anoeta,"Tolosaldea, Guipúzcoa",,0
186000,2.0,3.0,0,33881769,110,100,Tolosa,"Tolosaldea, Guipúzcoa",,0
120000,1.0,2.0,0,38986220,65,,Berrobi,"Tolosaldea, Guipúzcoa",,0
270000,2.0,7.0,4,38986221,250,200,Irura,"Tolosaldea, Guipúzcoa",,0
168000,1.0,3.0,0,38986223,71,,Alegia,"Tolosaldea, Guipúzcoa",,0
300000,2.0,3.0,9,81964578,300,240,Amezketa,"Tolosaldea, Guipúzcoa",,0
140000,1.0,2.0,0,82395003,68,,Ibarra,"Tolosaldea, Guipúzcoa",,0
95000,1.0,2.0,0,39408269,50,43,Tolosa,"Tolosaldea, Guipúzcoa",,0
265000,1.0,2.0,0,39994592,62,,Tolosa,"Tolosaldea, Guipúzcoa",,0
150000,2.0,3.0,0,82771111,87,,Tolosa,"Tolosaldea, Guipúzcoa",,0
98000,1.0,2.0,8,82981376,65,,Tolosa,"Tolosaldea, Guipúzcoa",,0
240000,1.0,3.0,0,82543015,120,118,Tolosa,"Tolosaldea, Guipúzcoa",,0
188000,2.0,2.0,0,40288219,85,,Villabona,"Tolosaldea, Guipúzcoa",,0
215000,1.0,3.0,0,81148642,85,80,Tolosa,"Tolosaldea, Guipúzcoa",,0
120000,1.0,3.0,0,81187330,78,,Tolosa,"Tolosaldea, Guipúzcoa",,0
82000,1.0,2.0,0,83195537,56,,Tolosa,"Tolosaldea, Guipúzcoa",,0
185000,1.0,2.0,0,38986225,77,71,Irura,"Tolosaldea, Guipúzcoa",,0
275000,2.0,3.0,0,39685695,215,,Tolosa,"Tolosaldea, Guipúzcoa",,0
110000,1.0,3.0,0,34947769,72,67,Legorreta,"Tolosaldea, Guipúzcoa",,0
150000,1.0,3.0,0,36361204,88,80,Anoeta,"Tolosaldea, Guipúzcoa",,0
145000,1.0,3.0,0,38607237,71,,Berrobi,"Tolosaldea, Guipúzcoa",,0
169500,1.0,3.0,0,39907080,90,,Villabona,"Tolosaldea, Guipúzcoa",,0
195000,1.0,3.0,0,40167490,92,88,Tolosa,"Tolosaldea, Guipúzcoa",,0
430000,2.0,3.0,0,83899598,130,119,Tolosa,"Tolosaldea, Guipúzcoa",1969,0
155000,1.0,2.0,0,84155616,57,,Tolosa,"Tolosaldea, Guipúzcoa",,0
107000,1.0,3.0,0,84155618,94,89,Lizartza,"Tolosaldea, Guipúzcoa",,0
90000,1.0,2.0,0,84155632,51,,Tolosa,"Tolosaldea, Guipúzcoa",,0
480000,2.0,5.0,1,84284758,1800,190,Bidegoyan,"Tolosaldea, Guipúzcoa",1960,1
150000,1.0,2.0,0,84752416,77,,Hernialde,"Tolosaldea, Guipúzcoa",,0
150000,1.0,4.0,0,34972688,110,100,Tolosa,"Tolosaldea, Guipúzcoa",,0
49000,1.0,2.0,0,25243092,52,45,Tolosa,"Tolosaldea, Guipúzcoa",,0
151000,1.0,2.0,0,27956230,85,70,Villabona,"Tolosaldea, Guipúzcoa",,1
195000,1.0,2.0,0,25401844,75,68,Villabona,"Tolosaldea, Guipúzcoa",,0
495000,2.0,3.0,1,82680095,180,,Tolosa,"Tolosaldea, Guipúzcoa",,1
190000,1.0,3.0,0,32934549,89,80,Tolosa,"Tolosaldea, Guipúzcoa",,0
122000,1.0,2.0,8,84471419,100,75,Legorreta,"Tolosaldea, Guipúzcoa",,0
105000,1.0,2.0,0,84555827,65,64,Legorreta,"Tolosaldea, Guipúzcoa",,0
750000,2.0,5.0,1,38339139,10000,900,Aduna,"Tolosaldea, Guipúzcoa",,1
185000,2.0,3.0,0,81532537,94,85,Anoeta,"Tolosaldea, Guipúzcoa",1999,0
98000,1.0,2.0,0,83607575,102,92,Berastegi,"Tolosaldea, Guipúzcoa",1968,0
295000,2.0,4.0,10,30995552,260,226,Baliarrain,"Tolosaldea, Guipúzcoa",,1
208900,2.0,2.0,4,34223425,276,230,Berastegi,"Tolosaldea, Guipúzcoa",,0
190000,1.0,2.0,0,39739222,65,,Villabona,"Tolosaldea, Guipúzcoa",,0
364400,2.0,4.0,4,81513645,516,412,Villabona,"Tolosaldea, Guipúzcoa",,0
495000,3.0,4.0,0,29385526,190,180,Tolosa,"Tolosaldea, Guipúzcoa",,0
122000,1.0,2.0,0,28650398,75,70,Legorreta,"Tolosaldea, Guipúzcoa",,0
95000,1.0,3.0,0,32456470,73,72,Legorreta,"Tolosaldea, Guipúzcoa",,0
180000,1.0,2.0,0,37405505,72,68,Ibarra,"Tolosaldea, Guipúzcoa",,0
60000,1.0,2.0,0,81523693,46,,Villabona,"Tolosaldea, Guipúzcoa",,0
95000,1.0,1.0,2,81720234,30,,Irura,"Tolosaldea, Guipúzcoa",,0
139000,1.0,3.0,0,31312829,130,,Berastegi,"Tolosaldea, Guipúzcoa",,0
120000,1.0,2.0,0,25722808,75,,Legorreta,"Tolosaldea, Guipúzcoa",,0
240000,2.0,3.0,0,82650772,90,80,Zizurkil,"Tolosaldea, Guipúzcoa",2010,1
495000,2.0,3.0,3,83076685,290,280,Tolosa,"Tolosaldea, Guipúzcoa",,1
130000,1.0,2.0,0,83696435,72,60,Berrobi,"Tolosaldea, Guipúzcoa",1967,0
158000,2.0,3.0,0,84171323,120,92,Berastegi,"Tolosaldea, Guipúzcoa",,0
200000,1.0,3.0,0,82944632,85,,Tolosa,"Tolosaldea, Guipúzcoa",,0
220000,0.0,0.0,2,36632080,25000,,Alegia,"Tolosaldea, Guipúzcoa",,0
355000,3.0,3.0,3,82062898,210,,Asteasu,"Tolosaldea, Guipúzcoa",,1
345000,3.0,5.0,10,36434087,312,300,Tolosa,"Tolosaldea, Guipúzcoa",,0
235000,2.0,3.0,8,83333324,80,70,Irura,"Tolosaldea, Guipúzcoa",,0
160000,2.0,5.0,9,83799395,123,,Villabona,"Tolosaldea, Guipúzcoa",,1
170000,1.0,2.0,0,32399953,61,,Ibarra,"Tolosaldea, Guipúzcoa",,1
220000,1.0,3.0,0,32489657,77,,Anoeta,"Tolosaldea, Guipúzcoa",,0
190000,2.0,2.0,0,32399952,71,,Ibarra,"Tolosaldea, Guipúzcoa",,0
235000,2.0,3.0,0,32420657,90,,Ibarra,"Tolosaldea, Guipúzcoa",,1
185000,1.0,3.0,0,31852509,120,,Hernialde,"Tolosaldea, Guipúzcoa",,0
300000,1.0,3.0,0,36345546,80,,Tolosa,"Tolosaldea, Guipúzcoa",,1
450000,3.0,2.0,4,36889421,4500,,Berastegi,"Tolosaldea, Guipúzcoa",1900,0
415000,2.0,4.0,0,83006379,120,105,Tolosa,"Tolosaldea, Guipúzcoa",1976,1
140000,1.0,2.0,0,83006380,70,,Ibarra,"Tolosaldea, Guipúzcoa",1966,0
150000,1.0,2.0,0,83832046,75,,Tolosa,"Tolosaldea, Guipúzcoa",,0
210000,1.0,3.0,2,83045157,109000,,Alegia,"Tolosaldea, Guipúzcoa",,1
110000,1.0,2.0,8,26386320,120,50,Berastegi,"Tolosaldea, Guipúzcoa",,0
230000,2.0,2.0,0,32893523,81,,Zizurkil,"Tolosaldea, Guipúzcoa",,0
310000,2.0,4.0,8,35558116,179,167,Irura,"Tolosaldea, Guipúzcoa",,0
220000,1.0,3.0,0,38464242,80,79,Alkiza,"Tolosaldea, Guipúzcoa",,0
170000,1.0,3.0,0,81432636,100,81,Villabona,"Tolosaldea, Guipúzcoa",1971,0
178000,1.0,3.0,7,82205845,350,,Tolosa,"Tolosaldea, Guipúzcoa",,0
360000,2.0,3.0,5,37362186,15000,270,Altzo,"Tolosaldea, Guipúzcoa",,1
80000,1.0,2.0,0,82973736,180,150,Tolosa,"Tolosaldea, Guipúzcoa",,0
450000,3.0,6.0,1,83600668,3600,,Berastegi,"Tolosaldea, Guipúzcoa",,1
242000,2.0,3.0,0,84194714,81,70,Tolosa,"Tolosaldea, Guipúzcoa",,0
260000,3.0,3.0,6,36996757,165,,Ikaztegieta,"Tolosaldea, Guipúzcoa",,0
580000,4.0,4.0,4,37594573,312,,Tolosa,"Tolosaldea, Guipúzcoa",,1
175000,1.0,3.0,0,37758078,90,72,Ibarra,"Tolosaldea, Guipúzcoa",1965,0
390000,2.0,4.0,4,38839731,358,275,Albiztur,"Tolosaldea, Guipúzcoa",1900,0
325000,2.0,4.0,2,38993414,4000,190,Tolosa,"Tolosaldea, Guipúzcoa",,0
265000,1.0,2.0,0,39914560,60,,Tolosa,"Tolosaldea, Guipúzcoa",2002,0
115000,1.0,3.0,0,38836334,70,,Lizartza,"Tolosaldea, Guipúzcoa",1974,0
120000,1.0,2.0,0,40533839,44,,Alegia,"Tolosaldea, Guipúzcoa",2006,1
170000,2.0,3.0,0,81148157,102,,Alegia,"Tolosaldea, Guipúzcoa",2002,0
260000,2.0,4.0,0,81152484,80,,Tolosa,"Tolosaldea, Guipúzcoa",1973,1
298000,2.0,3.0,0,81351934,103,,Tolosa,"Tolosaldea, Guipúzcoa",1995,0
195000,1.0,3.0,0,84140691,91,,Tolosa,"Tolosaldea, Guipúzcoa",,0
98500,1.0,3.0,0,29939611,96,81,Legorreta,"Tolosaldea, Guipúzcoa",,1
175000,1.0,6.0,13,29939699,500,476,Legorreta,"Tolosaldea, Guipúzcoa",,0
125000,1.0,3.0,0,38889162,99,90,Ibarra,"Tolosaldea, Guipúzcoa",,0
295000,2.0,3.0,4,84231980,220,195,Abaltzisketa,"Tolosaldea, Guipúzcoa",2000,1
295000,2.0,3.0,4,84247407,220,195,Abaltzisketa,"Tolosaldea, Guipúzcoa",,1
93500,1.0,2.0,0,27529587,50,48,Tolosa,"Tolosaldea, Guipúzcoa",,0
220000,2.0,4.0,0,29076862,100,,Villabona,"Tolosaldea, Guipúzcoa",,0
700000,6.0,6.0,7,33780072,10000,,Villabona,"Tolosaldea, Guipúzcoa",,0
195000,2.0,2.0,0,36491603,75,58,Tolosa,"Tolosaldea, Guipúzcoa",,1
350000,3.0,4.0,3,37443448,48,230,Berastegi,"Tolosaldea, Guipúzcoa",,1
175000,4.0,9.0,5,38024720,600,,Bidegoyan,"Tolosaldea, Guipúzcoa",,0
280000,3.0,4.0,10,38468687,550,,Bidegoyan,"Tolosaldea, Guipúzcoa",,1
525000,2.0,4.0,1,81709683,185,154,Tolosa,"Tolosaldea, Guipúzcoa",,1
310000,2.0,4.0,4,33881779,160,121,Ibarra,"Tolosaldea, Guipúzcoa",,0
470000,3.0,5.0,4,33881809,400,360,Orendain,"Tolosaldea, Guipúzcoa",,0
330000,2.0,4.0,0,36497734,111,104,Tolosa,"Tolosaldea, Guipúzcoa",,0
220000,1.0,3.0,0,40502498,80,,Anoeta,"Tolosaldea, Guipúzcoa",,0
114000,1.0,2.0,0,83828193,55,45,Villabona,"Tolosaldea, Guipúzcoa",,0
140000,1.0,2.0,0,84744589,76,,Hernialde,"Tolosaldea, Guipúzcoa",,0
270000,1.0,3.0,0,84783763,81,,Tolosa,"Tolosaldea, Guipúzcoa",1986,0
240000,3.0,3.0,4,33302260,160,,Bidegoyan,"Tolosaldea, Guipúzcoa",,1
240000,2.0,3.0,0,35124612,115,105,Zizurkil,"Tolosaldea, Guipúzcoa",1978,1
300000,2.0,4.0,9,83799387,332,285,Gaztelu,"Tolosaldea, Guipúzcoa",,1
125000,1.0,2.0,0,83799419,72,68,Villabona,"Tolosaldea, Guipúzcoa",,0
105000,1.0,4.0,0,84813390,110,,Leaburu-Gaztelu,"Tolosaldea, Guipúzcoa",,0
275000,2.0,4.0,4,81147244,202,186,Alegia,"Tolosaldea, Guipúzcoa",,1
348000,3.0,8.0,5,83772647,2000,201,Berastegi,"Tolosaldea, Guipúzcoa",,1
238000,2.0,3.0,0,84215582,88,,Ibarra,"Tolosaldea, Guipúzcoa",,0
308000,1.0,2.0,6,84131220,86,70,Tolosa,"Tolosaldea, Guipúzcoa",2017,0
195000,2.0,4.0,0,33881728,167,128,Amezketa,"Tolosaldea, Guipúzcoa",2000,0
250000,2.0,5.0,0,40431657,215,,Tolosa,"Tolosaldea, Guipúzcoa",1900,0
230000,2.0,3.0,4,82484637,94,,Bidegoyan,"Tolosaldea, Guipúzcoa",2005,1
130000,1.0,3.0,0,39995140,90,,Ibarra,"Tolosaldea, Guipúzcoa",,0
375000,3.0,5.0,4,38546578,209,,Asteasu,"Tolosaldea, Guipúzcoa",,1
155000,1.0,2.0,0,81418276,72,65,Villabona,"Tolosaldea, Guipúzcoa",,0
170000,1.0,3.0,0,83542916,88,85,Ibarra,"Tolosaldea, Guipúzcoa",,0
195000,2.0,2.0,0,84281469,68,,Anoeta,"Tolosaldea, Guipúzcoa",2004,0
166000,1.0,2.0,0,81704171,87,73,Ibarra,"Tolosaldea, Guipúzcoa",1967,0
218000,0.0,3.0,9,81962374,315,300,Albiztur,"Tolosaldea, Guipúzcoa",,0
120000,1.0,3.0,0,83208411,78,65,Zizurkil,"Tolosaldea, Guipúzcoa",1971,0
200000,2.0,3.0,0,84267335,95,,Tolosa,"Tolosaldea, Guipúzcoa",,0
110000,1.0,3.0,0,36098522,100,95,Lizartza,"Tolosaldea, Guipúzcoa",1900,0
123000,1.0,3.0,0,37569838,66,,Villabona,"Tolosaldea, Guipúzcoa",1967,0
180000,1.0,3.0,0,81434939,90,80,Villabona,"Tolosaldea, Guipúzcoa",1961,0
295000,2.0,4.0,4,83454054,138,120,Ibarra,"Tolosaldea, Guipúzcoa",1985,1
330000,3.0,4.0,3,84544551,170,218,Legorreta,"Tolosaldea, Guipúzcoa",,1
488000,0.0,0.0,1,37137401,841,672,Abaltzisketa,"Tolosaldea, Guipúzcoa",1900,1
310000,2.0,4.0,10,81470091,244,216,Alegia,"Tolosaldea, Guipúzcoa",2017,1
275000,2.0,4.0,10,81470092,203,180,Alegia,"Tolosaldea, Guipúzcoa",2017,1
156000,1.0,2.0,0,84645633,84,70,Aduna,"Tolosaldea, Guipúzcoa",,0
82000,1.0,1.0,0,84649852,60,50,Tolosa,"Tolosaldea, Guipúzcoa",1900,0
240000,1.0,3.0,0,84650439,118,80,Tolosa,"Tolosaldea, Guipúzcoa",,0
123000,1.0,2.0,0,29808528,72,,Irura,"Tolosaldea, Guipúzcoa",,0
470000,4.0,6.0,4,84870002,250,230,Legorreta,"Tolosaldea, Guipúzcoa",,1
335000,3.0,5.0,0,37536202,160,145,Tolosa,"Tolosaldea, Guipúzcoa",1917,0
175000,1.0,3.0,0,37536764,85,80,Tolosa,"Tolosaldea, Guipúzcoa",1977,1
210000,2.0,3.0,0,81482432,80,78,Berrobi,"Tolosaldea, Guipúzcoa",2010,1
131000,1.0,1.0,0,82552815,47,,Alegia,"Tolosaldea, Guipúzcoa",,0
171000,2.0,2.0,0,82552820,84,,Alegia,"Tolosaldea, Guipúzcoa",,0
135000,2.0,2.0,0,27527812,65,,Legorreta,"Tolosaldea, Guipúzcoa",,0
518150,2.0,4.0,9,81962356,395,360,Berastegi,"Tolosaldea, Guipúzcoa",,0
130000,1.0,3.0,10,82611938,200,280,Orendain,"Tolosaldea, Guipúzcoa",1900,1
85000,1.0,3.0,0,82948789,65,58,Tolosa,"Tolosaldea, Guipúzcoa",1925,0
128500,2.0,2.0,0,83241347,80,76,Lizartza,"Tolosaldea, Guipúzcoa",2017,1
275000,2.0,4.0,6,83503049,161,145,Ibarra,"Tolosaldea, Guipúzcoa",,1
250000,2.0,4.0,0,32420636,96,,Orendain,"Tolosaldea, Guipúzcoa",,0
585000,3.0,5.0,4,32399957,320,,Tolosa,"Tolosaldea, Guipúzcoa",,0
180000,1.0,2.0,8,37189759,95,90,Irura,"Tolosaldea, Guipúzcoa",2000,0
280000,3.0,4.0,4,38372692,135,,Bidegoyan,"Tolosaldea, Guipúzcoa",2003,1
375000,2.0,3.0,4,40341516,323,267,Albiztur,"Tolosaldea, Guipúzcoa",,0
279000,2.0,2.0,0,81149655,75,,Tolosa,"Tolosaldea, Guipúzcoa",2007,0
590000,4.0,5.0,4,81352409,300,250,Tolosa,"Tolosaldea, Guipúzcoa",2001,1
580000,2.0,5.0,0,81591540,185,166,Tolosa,"Tolosaldea, Guipúzcoa",,1
295000,3.0,3.0,4,81591543,195,,Abaltzisketa,"Tolosaldea, Guipúzcoa",,1
900000,3.0,4.0,0,82962447,350,,Tolosa,"Tolosaldea, Guipúzcoa",1935,0
310000,2.0,4.0,0,83011177,185,166,Irura,"Tolosaldea, Guipúzcoa",1988,0
205000,2.0,3.0,0,83832047,95,89,Tolosa,"Tolosaldea, Guipúzcoa",,0
540000,3.0,4.0,9,84426943,370,360,Berastegi,"Tolosaldea, Guipúzcoa",,0
530000,2.0,3.0,0,39913014,118,98,Tolosa,"Tolosaldea, Guipúzcoa",1964,0
184500,1.0,3.0,0,81437864,70,,Villabona,"Tolosaldea, Guipúzcoa",1970,0
210000,1.0,3.0,0,83490290,85,80,Tolosa,"Tolosaldea, Guipúzcoa",1965,1
110000,1.0,2.0,0,84058821,64,63,Villabona,"Tolosaldea, Guipúzcoa",1967,0
137000,1.0,2.0,0,2084841,60,,Alegia,"Tolosaldea, Guipúzcoa",,0
715000,3.0,4.0,1,31427480,10000,450,Tolosa,"Tolosaldea, Guipúzcoa",,1
150000,1.0,2.0,0,32424926,75,70,Legorreta,"Tolosaldea, Guipúzcoa",,0
340000,2.0,5.0,0,39556802,140,135,Tolosa,"Tolosaldea, Guipúzcoa",1950,1
162000,2.0,3.0,0,33194901,88,74,Amezketa,"Tolosaldea, Guipúzcoa",2016,0
260000,2.0,3.0,0,83799406,101,95,Villabona,"Tolosaldea, Guipúzcoa",,0
price,0.0,0.0,11,house_id,m2_real,m2_useful,loc_city,loc_zone,construct_date,1
90000,1.0,3.0,0,927841,85,,Mutriku,"Bajo Deba, Guipúzcoa",,0
150000,1.0,2.0,0,364640,64,,Mutriku,"Bajo Deba, Guipúzcoa",,0
200000,1.0,2.0,0,29385495,72,,Elgoibar,"Bajo Deba, Guipúzcoa",,0
220000,2.0,2.0,0,40337000,115,,Mendaro,"Bajo Deba, Guipúzcoa",,0
149000,1.0,2.0,0,81204025,60,,Eibar,"Bajo Deba, Guipúzcoa",,0
150000,1.0,4.0,0,32386417,69,,Eibar,"Bajo Deba, Guipúzcoa",,0
200000,1.0,3.0,0,81377028,75,70,Elgoibar,"Bajo Deba, Guipúzcoa",,0
239000,2.0,3.0,0,82256103,95,,Elgoibar,"Bajo Deba, Guipúzcoa",,0
108000,1.0,3.0,0,82382022,68,67,Soraluze/Placencia de las Armas,"Bajo Deba, Guipúzcoa",,0
550000,1.0,4.0,7,40470952,25000,,Elgoibar,"Bajo Deba, Guipúzcoa",,1
120000,1.0,3.0,0,82201554,80,,Soraluze/Placencia de las Armas,"Bajo Deba, Guipúzcoa",,0
180000,1.0,2.0,0,1668985,75,70,Eibar,"Bajo Deba, Guipúzcoa",,0
130000,1.0,3.0,0,1801292,70,,Mendaro,"Bajo Deba, Guipúzcoa",,0
190000,1.0,3.0,0,25499451,75,69,Elgoibar,"Bajo Deba, Guipúzcoa",,0
122000,1.0,1.0,0,27489832,47,,Mutriku,"Bajo Deba, Guipúzcoa",,0
95000,1.0,3.0,0,81422014,70,,Eibar,"Bajo Deba, Guipúzcoa",,0
105000,1.0,2.0,0,81852304,60,59,Mutriku,"Bajo Deba, Guipúzcoa",,0
175000,1.0,3.0,0,35138422,102,,Soraluze/Placencia de las Armas,"Bajo Deba, Guipúzcoa",,0
180000,1.0,2.0,0,319259,80,,Eibar,"Bajo Deba, Guipúzcoa",,0
220000,2.0,3.0,0,27497916,80,,Mendaro,"Bajo Deba, Guipúzcoa",,1
90000,1.0,2.0,0,427699,56,48,Soraluze/Placencia de las Armas,"Bajo Deba, Guipúzcoa",,0
125000,1.0,3.0,0,40197694,100,,Mutriku,"Bajo Deba, Guipúzcoa",,0
135000,1.0,1.0,8,40418004,38,,Deba,"Bajo Deba, Guipúzcoa",,0
75000,1.0,3.0,0,84440636,70,,Mendaro,"Bajo Deba, Guipúzcoa",,0
165000,2.0,3.0,0,317066,80,,Altzola,"Bajo Deba, Guipúzcoa",,1
177000,1.0,3.0,0,1904446,80,70,Eibar,"Bajo Deba, Guipúzcoa",,0
240000,2.0,4.0,0,32271446,115,100,Soraluze/Placencia de las Armas,"Bajo Deba, Guipúzcoa",,0
95000,1.0,1.0,0,25387749,60,,Deba,"Bajo Deba, Guipúzcoa",,0
97500,1.0,3.0,0,39970605,75,,Elgoibar,"Bajo Deba, Guipúzcoa",,0
70000,1.0,2.0,0,83917662,65,60,Eibar,"Bajo Deba, Guipúzcoa",,0
205000,1.0,2.0,0,27597596,80,78,Eibar,"Bajo Deba, Guipúzcoa",,0
57000,1.0,3.0,0,84794558,48,,Soraluze/Placencia de las Armas,"Bajo Deba, Guipúzcoa",,0
78000,1.0,2.0,0,84357432,59,48,Elgoibar,"Bajo Deba, Guipúzcoa",,0
201700,2.0,3.0,0,81646516,424,,Soraluze/Placencia de las Armas,"Bajo Deba, Guipúzcoa",,0
60000,1.0,3.0,0,36336426,64,55,Soraluze/Placencia de las Armas,"Bajo Deba, Guipúzcoa",,0
300000,1.0,1.0,0,83919386,203,,Soraluze/Placencia de las Armas,"Bajo Deba, Guipúzcoa",,0
138000,1.0,1.0,8,27502020,30,,Deba,"Bajo Deba, Guipúzcoa",,0
175000,1.0,3.0,0,34966364,80,,Elgoibar,"Bajo Deba, Guipúzcoa",,0
249000,2.0,3.0,4,38538365,130,,Elgoibar,"Bajo Deba, Guipúzcoa",,0
85000,1.0,3.0,0,39043993,70,,Soraluze/Placencia de las Armas,"Bajo Deba, Guipúzcoa",,0
45000,1.0,3.0,0,30788371,65,,Soraluze/Placencia de las Armas,"Bajo Deba, Guipúzcoa",,0
165000,2.0,3.0,0,39532651,102,,Mendaro,"Bajo Deba, Guipúzcoa",,0
420000,2.0,3.0,4,84028220,900,,Mendaro,"Bajo Deba, Guipúzcoa",,0
65000,1.0,3.0,0,84274586,68,,Elgoibar,"Bajo Deba, Guipúzcoa",,0
180000,3.0,3.0,6,1756295,101,83,Soraluze/Placencia de las Armas,"Bajo Deba, Guipúzcoa",,1
70000,1.0,3.0,0,36330739,80,,Soraluze/Placencia de las Armas,"Bajo Deba, Guipúzcoa",,0
50000,1.0,2.0,0,81444404,64,,Eibar,"Bajo Deba, Guipúzcoa",1957,0
208400,1.0,3.0,0,686663,98,84,Eibar,"Bajo Deba, Guipúzcoa",,0
162300,1.0,2.0,0,36336224,64,55,Eibar,"Bajo Deba, Guipúzcoa",,0
115000,1.0,3.0,0,36336305,84,72,Mendaro,"Bajo Deba, Guipúzcoa",,0
120000,1.0,2.0,0,25947206,79,58,Eibar,"Bajo Deba, Guipúzcoa",,0
120000,1.0,3.0,0,83475076,80,,Soraluze/Placencia de las Armas,"Bajo Deba, Guipúzcoa",,0
150000,1.0,2.0,0,36336476,50,43,Eibar,"Bajo Deba, Guipúzcoa",1959,0
142000,1.0,3.0,0,1901610,83,,Elgoibar,"Bajo Deba, Guipúzcoa",,0
72000,1.0,2.0,8,34746444,64,,Eibar,"Bajo Deba, Guipúzcoa",,0
120000,1.0,2.0,0,35525995,50,49,Elgoibar,"Bajo Deba, Guipúzcoa",,0
340000,2.0,3.0,0,36045003,96,,Deba,"Bajo Deba, Guipúzcoa",,1
88600,1.0,1.0,0,38340758,52,47,Elgoibar,"Bajo Deba, Guipúzcoa",,0
120000,1.0,4.0,0,38673503,110,,Elgoibar,"Bajo Deba, Guipúzcoa",,0
340000,2.0,3.0,0,38762085,125,120,Eibar,"Bajo Deba, Guipúzcoa",,0
85000,1.0,3.0,0,39957366,70,,Eibar,"Bajo Deba, Guipúzcoa",,0
125000,1.0,2.0,0,32409637,69,61,Eibar,"Bajo Deba, Guipúzcoa",,0
90000,1.0,3.0,0,27823858,85,,Mendaro,"Bajo Deba, Guipúzcoa",,0
125000,1.0,1.0,8,1904377,45,42,Eibar,"Bajo Deba, Guipúzcoa",,0
270000,2.0,2.0,0,84222792,60,55,Deba,"Bajo Deba, Guipúzcoa",2011,0
270000,2.0,3.0,3,364047,112,,Deba,"Bajo Deba, Guipúzcoa",,1
150000,2.0,3.0,0,27491238,84,,Mendaro,"Bajo Deba, Guipúzcoa",,0
150253,1.0,3.0,0,31288625,65,,Soraluze/Placencia de las Armas,"Bajo Deba, Guipúzcoa",,0
130000,1.0,2.0,0,33153185,65,60,Soraluze/Placencia de las Armas,"Bajo Deba, Guipúzcoa",,0
87000,1.0,2.0,0,34965685,60,,Eibar,"Bajo Deba, Guipúzcoa",,0
104000,1.0,3.0,0,26374070,85,78,Mendaro,"Bajo Deba, Guipúzcoa",,0
74000,1.0,2.0,0,38069011,80,,Eibar,"Bajo Deba, Guipúzcoa",,0
225000,2.0,4.0,0,39076494,81,,Eibar,"Bajo Deba, Guipúzcoa",,0
275000,2.0,3.0,0,39095451,80,,Eibar,"Bajo Deba, Guipúzcoa",,0
138000,1.0,2.0,0,39095453,60,,Eibar,"Bajo Deba, Guipúzcoa",,0
140000,1.0,2.0,0,39149161,82,,Soraluze/Placencia de las Armas,"Bajo Deba, Guipúzcoa",,0
90000,1.0,3.0,0,39149181,90,,Soraluze/Placencia de las Armas,"Bajo Deba, Guipúzcoa",,0
100000,1.0,3.0,0,39659398,65,,Soraluze/Placencia de las Armas,"Bajo Deba, Guipúzcoa",,0
190000,2.0,3.0,0,39921251,85,,Eibar,"Bajo Deba, Guipúzcoa",,0
140000,1.0,3.0,0,40289372,79,,Soraluze/Placencia de las Armas,"Bajo Deba, Guipúzcoa",,0
170000,1.0,3.0,0,40373544,82,80,Eibar,"Bajo Deba, Guipúzcoa",,0
85000,1.0,3.0,0,81346779,65,,Soraluze/Placencia de las Armas,"Bajo Deba, Guipúzcoa",,0
80000,1.0,2.0,0,39469637,59,,Eibar,"Bajo Deba, Guipúzcoa",,0
112000,2.0,3.0,0,81581262,75,,Soraluze/Placencia de las Armas,"Bajo Deba, Guipúzcoa",,0
115000,1.0,2.0,0,39195322,62,,Eibar,"Bajo Deba, Guipúzcoa",,0
129000,1.0,3.0,0,82612694,67,,Eibar,"Bajo Deba, Guipúzcoa",,0
278000,2.0,3.0,0,40429199,92,,Eibar,"Bajo Deba, Guipúzcoa",,0
275000,2.0,4.0,0,39076499,130,,Eibar,"Bajo Deba, Guipúzcoa",,0
311000,2.0,3.0,0,32829685,128,110,Eibar,"Bajo Deba, Guipúzcoa",,0
90000,1.0,2.0,0,33028015,70,59,Eibar,"Bajo Deba, Guipúzcoa",1957,0
148000,1.0,2.0,0,35020835,69,59,Eibar,"Bajo Deba, Guipúzcoa",1950,0
117000,1.0,2.0,0,35652133,75,62,Eibar,"Bajo Deba, Guipúzcoa",,0
137000,1.0,3.0,0,36271549,82,68,Eibar,"Bajo Deba, Guipúzcoa",1969,0
129000,1.0,2.0,0,36273913,85,71,Eibar,"Bajo Deba, Guipúzcoa",2004,0
99000,1.0,3.0,0,36365318,116,93,Soraluze/Placencia de las Armas,"Bajo Deba, Guipúzcoa",,0
160000,2.0,3.0,0,37581496,116,92,Eibar,"Bajo Deba, Guipúzcoa",,0
179000,1.0,3.0,0,38763096,75,65,Eibar,"Bajo Deba, Guipúzcoa",1976,0
140000,1.0,2.0,0,38867892,65,54,Eibar,"Bajo Deba, Guipúzcoa",1959,0
95000,1.0,2.0,0,39483181,69,58,Eibar,"Bajo Deba, Guipúzcoa",1967,0
202000,2.0,2.0,0,39890987,87,76,Mutriku,"Bajo Deba, Guipúzcoa",2010,0
125000,1.0,2.0,0,40028380,56,,Eibar,"Bajo Deba, Guipúzcoa",1963,0
120000,1.0,3.0,0,40109906,86,75,Eibar,"Bajo Deba, Guipúzcoa",1955,0
121163,1.0,2.0,0,40206435,65,54,Eibar,"Bajo Deba, Guipúzcoa",2015,1
278000,3.0,3.0,0,40427725,101,92,Eibar,"Bajo Deba, Guipúzcoa",1975,0
89000,1.0,2.0,0,81646517,72,60,Elgoibar,"Bajo Deba, Guipúzcoa",1964,0
79000,1.0,2.0,0,81646521,71,62,Soraluze/Placencia de las Armas,"Bajo Deba, Guipúzcoa",1934,0
149000,1.0,2.0,0,82234419,61,50,Eibar,"Bajo Deba, Guipúzcoa",1970,0
159000,2.0,2.0,0,82309103,80,70,Eibar,"Bajo Deba, Guipúzcoa",2007,0
140000,1.0,3.0,0,82535307,72,60,Eibar,"Bajo Deba, Guipúzcoa",1950,0
120000,1.0,2.0,0,82587868,67,55,Elgoibar,"Bajo Deba, Guipúzcoa",2008,1
130000,2.0,3.0,0,82683876,91,79,Soraluze/Placencia de las Armas,"Bajo Deba, Guipúzcoa",2009,1
60000,1.0,2.0,0,82696871,62,50,Soraluze/Placencia de las Armas,"Bajo Deba, Guipúzcoa",1965,0
123244,1.0,2.0,0,82753081,66,55,Eibar,"Bajo Deba, Guipúzcoa",,1
135000,1.0,2.0,0,82850979,68,57,Eibar,"Bajo Deba, Guipúzcoa",1953,0
200000,2.0,2.0,0,82923004,113,94,Mendaro,"Bajo Deba, Guipúzcoa",2002,0
180000,1.0,4.0,0,39744848,118,108,Eibar,"Bajo Deba, Guipúzcoa",1936,0
84000,1.0,3.0,0,36336210,58,50,Eibar,"Bajo Deba, Guipúzcoa",1958,0
155000,2.0,2.0,0,971054,76,65,Soraluze/Placencia de las Armas,"Bajo Deba, Guipúzcoa",,0
360000,2.0,4.0,9,82926089,489,418,Mendaro,"Bajo Deba, Guipúzcoa",,0
90000,1.0,3.0,0,1227579,57,49,Eibar,"Bajo Deba, Guipúzcoa",,0
120000,1.0,3.0,0,33898596,92,77,Elgoibar,"Bajo Deba, Guipúzcoa",,0
105000,1.0,3.0,0,83226374,71,60,Eibar,"Bajo Deba, Guipúzcoa",1964,0
110000,1.0,3.0,0,83722289,78,66,Eibar,"Bajo Deba, Guipúzcoa",1965,0
90000,1.0,3.0,0,83722290,73,62,Eibar,"Bajo Deba, Guipúzcoa",1976,0
50000,2.0,4.0,0,83723846,106,91,Eibar,"Bajo Deba, Guipúzcoa",1955,0
153676,1.0,2.0,0,83728502,81,71,Eibar,"Bajo Deba, Guipúzcoa",,1
175000,1.0,2.0,0,688132,70,60,Deba,"Bajo Deba, Guipúzcoa",,0
120000,2.0,3.0,0,83821735,84,74,Elgoibar,"Bajo Deba, Guipúzcoa",1900,0
98000,1.0,1.0,0,83822086,55,45,Eibar,"Bajo Deba, Guipúzcoa",1973,0
198000,1.0,4.0,0,83845056,97,86,Deba,"Bajo Deba, Guipúzcoa",1965,0
235000,1.0,3.0,0,84448121,92,80,Eibar,"Bajo Deba, Guipúzcoa",1950,0
120000,1.0,3.0,0,1690284,80,75,Eibar,"Bajo Deba, Guipúzcoa",,0
246000,1.0,2.0,0,1734772,59,55,Deba,"Bajo Deba, Guipúzcoa",,0
189000,2.0,3.0,0,1783166,110,95,Soraluze/Placencia de las Armas,"Bajo Deba, Guipúzcoa",,0
300000,2.0,4.0,0,1872104,153,133,Mutriku,"Bajo Deba, Guipúzcoa",,0
198000,1.0,4.0,0,1943563,86,,Deba,"Bajo Deba, Guipúzcoa",,0
200000,2.0,4.0,0,25169573,130,110,Elgoibar,"Bajo Deba, Guipúzcoa",,1
229000,2.0,3.0,0,26010161,118,,Mendaro,"Bajo Deba, Guipúzcoa",,0
240000,2.0,2.0,0,26377875,80,,Elgoibar,"Bajo Deba, Guipúzcoa",,0
175000,1.0,2.0,0,27367111,65,60,Deba,"Bajo Deba, Guipúzcoa",,0
132500,2.0,3.0,0,27505440,76,,Soraluze/Placencia de las Armas,"Bajo Deba, Guipúzcoa",,1
120000,1.0,3.0,0,27947227,90,80,Eibar,"Bajo Deba, Guipúzcoa",,0
107000,1.0,2.0,0,28514022,53,42,Eibar,"Bajo Deba, Guipúzcoa",,0
198000,1.0,2.0,0,29324129,58,50,Deba,"Bajo Deba, Guipúzcoa",,0
140000,1.0,3.0,0,31093692,92,,Soraluze/Placencia de las Armas,"Bajo Deba, Guipúzcoa",,0
210000,2.0,3.0,0,31125766,90,,Mendaro,"Bajo Deba, Guipúzcoa",,0
129900,2.0,2.0,0,31262095,70,,Eibar,"Bajo Deba, Guipúzcoa",,1
170000,2.0,3.0,0,27949651,85,77,Eibar,"Bajo Deba, Guipúzcoa",,0
189000,2.0,3.0,0,31807872,90,80,Elgoibar,"Bajo Deba, Guipúzcoa",,1
99000,2.0,2.0,0,32090546,65,,Altzola,"Bajo Deba, Guipúzcoa",,0
99000,2.0,2.0,0,32093127,65,,Altzola,"Bajo Deba, Guipúzcoa",,0
110000,1.0,3.0,0,32556583,77,,Eibar,"Bajo Deba, Guipúzcoa",,0
230000,2.0,2.0,0,32595543,80,,Elgoibar,"Bajo Deba, Guipúzcoa",,0
210000,1.0,2.0,0,32795586,80,65,Eibar,"Bajo Deba, Guipúzcoa",,0
55000,1.0,2.0,0,33192293,50,45,Soraluze/Placencia de las Armas,"Bajo Deba, Guipúzcoa",,0
85000,1.0,2.0,0,34790685,45,,Elgoibar,"Bajo Deba, Guipúzcoa",,0
160000,1.0,2.0,0,34792096,62,43,Mutriku,"Bajo Deba, Guipúzcoa",,0
150000,1.0,3.0,0,34971960,65,,Mutriku,"Bajo Deba, Guipúzcoa",,0
135000,1.0,3.0,0,27366240,85,80,Eibar,"Bajo Deba, Guipúzcoa",,0
100000,1.0,3.0,0,29217021,85,70,Mendaro,"Bajo Deba, Guipúzcoa",,0
299000,2.0,3.0,0,36247641,105,95,Eibar,"Bajo Deba, Guipúzcoa",,0
150000,1.0,3.0,0,37536204,85,80,Eibar,"Bajo Deba, Guipúzcoa",,0
385000,2.0,2.0,0,38306481,98,80,Deba,"Bajo Deba, Guipúzcoa",2008,1
150000,1.0,3.0,0,34796562,81,80,Eibar,"Bajo Deba, Guipúzcoa",,0
258000,2.0,3.0,6,1619093,90,,Eibar,"Bajo Deba, Guipúzcoa",,0
100000,1.0,2.0,0,40238465,60,,Eibar,"Bajo Deba, Guipúzcoa",,0
114000,1.0,3.0,0,40448583,75,60,Eibar,"Bajo Deba, Guipúzcoa",,0
239000,2.0,2.0,0,40531481,72,60,Elgoibar,"Bajo Deba, Guipúzcoa",,1
289000,1.0,2.0,0,81185965,96,,Deba,"Bajo Deba, Guipúzcoa",,0
140000,3.0,3.0,0,81422008,80,,Altzola,"Bajo Deba, Guipúzcoa",,1
180000,1.0,2.0,0,81621713,75,,Mutriku,"Bajo Deba, Guipúzcoa",,0
85000,1.0,3.0,0,81622695,75,65,Soraluze/Placencia de las Armas,"Bajo Deba, Guipúzcoa",,0
175000,1.0,3.0,0,38449713,80,75,Elgoibar,"Bajo Deba, Guipúzcoa",,0
230000,1.0,2.0,8,82925527,80,,Eibar,"Bajo Deba, Guipúzcoa",,0
135000,1.0,2.0,0,83045045,80,,Eibar,"Bajo Deba, Guipúzcoa",,0
155000,1.0,3.0,0,83235116,80,,Soraluze/Placencia de las Armas,"Bajo Deba, Guipúzcoa",,0
140000,1.0,0.0,12,83243464,55,,Mutriku,"Bajo Deba, Guipúzcoa",,0
195000,1.0,2.0,0,83282232,50,45,Elgoibar,"Bajo Deba, Guipúzcoa",,0
185000,1.0,5.0,0,83423195,110,,Elgoibar,"Bajo Deba, Guipúzcoa",,0
210000,2.0,5.0,0,83621703,146,127,Deba,"Bajo Deba, Guipúzcoa",,0
230000,2.0,3.0,0,83693501,100,75,Deba,"Bajo Deba, Guipúzcoa",,0
55000,1.0,4.0,0,83708146,75,68,Soraluze/Placencia de las Armas,"Bajo Deba, Guipúzcoa",,0
170000,1.0,4.0,0,83877328,92,90,Elgoibar,"Bajo Deba, Guipúzcoa",,0
190000,1.0,3.0,0,32001426,115,107,Elgoibar,"Bajo Deba, Guipúzcoa",,0
130000,1.0,2.0,0,84044233,70,65,Eibar,"Bajo Deba, Guipúzcoa",,0
150000,2.0,2.0,0,27898846,60,57,Altzola,"Bajo Deba, Guipúzcoa",2006,1
150000,2.0,4.0,0,40437273,130,,Elgoibar,"Bajo Deba, Guipúzcoa",,0
85000,1.0,2.0,0,83879980,52,,Elgoibar,"Bajo Deba, Guipúzcoa",,0
300000,0.0,0.0,13,84553278,900,,Altzola,"Bajo Deba, Guipúzcoa",,0
115000,1.0,2.0,0,27581239,60,,Elgoibar,"Bajo Deba, Guipúzcoa",,0
133900,0.0,0.0,12,40261442,73,56,Mutriku,"Bajo Deba, Guipúzcoa",,0
110000,1.0,2.0,0,84508521,86,,Eibar,"Bajo Deba, Guipúzcoa",,0
55000,1.0,4.0,0,84683556,85,,Soraluze/Placencia de las Armas,"Bajo Deba, Guipúzcoa",,0
800000,1.0,1.0,7,81926009,10000,2000,Deba,"Bajo Deba, Guipúzcoa",,0
198000,2.0,3.0,0,36478440,91,75,Eibar,"Bajo Deba, Guipúzcoa",1950,0
130000,2.0,3.0,0,38098253,80,,Elgoibar,"Bajo Deba, Guipúzcoa",,0
100873,1.0,3.0,0,36533751,79,66,Eibar,"Bajo Deba, Guipúzcoa",,0
128000,1.0,3.0,0,81946865,86,69,Mutriku,"Bajo Deba, Guipúzcoa",,0
115000,1.0,2.0,0,38316599,56,,Elgoibar,"Bajo Deba, Guipúzcoa",,0
215000,1.0,4.0,0,38316610,103,,Elgoibar,"Bajo Deba, Guipúzcoa",,0
148000,2.0,3.0,0,38316616,80,,Elgoibar,"Bajo Deba, Guipúzcoa",,0
145000,1.0,3.0,0,38316620,75,,Elgoibar,"Bajo Deba, Guipúzcoa",,0
165000,1.0,3.0,0,38971888,72,,Elgoibar,"Bajo Deba, Guipúzcoa",,0
85000,1.0,2.0,0,39532652,55,,Elgoibar,"Bajo Deba, Guipúzcoa",,0
65000,1.0,3.0,0,82493143,60,,Eibar,"Bajo Deba, Guipúzcoa",,0
77000,1.0,2.0,8,82924711,54,,Eibar,"Bajo Deba, Guipúzcoa",,0
285000,2.0,4.0,6,83835329,130,120,Mutriku,"Bajo Deba, Guipúzcoa",1991,1
137200,1.0,2.0,0,83879970,54,,Elgoibar,"Bajo Deba, Guipúzcoa",,1
200000,1.0,2.0,0,83879972,62,,Elgoibar,"Bajo Deba, Guipúzcoa",,0
125000,2.0,3.0,0,83879975,84,,Elgoibar,"Bajo Deba, Guipúzcoa",,0
225000,2.0,3.0,0,83879978,78,,Elgoibar,"Bajo Deba, Guipúzcoa",,0
265000,1.0,3.0,0,37177609,70,,Eibar,"Bajo Deba, Guipúzcoa",,0
90000,1.0,2.0,0,84412354,63,62,Mutriku,"Bajo Deba, Guipúzcoa",,0
115000,1.0,2.0,0,84523202,76,74,Altzola,"Bajo Deba, Guipúzcoa",,0
80000,1.0,3.0,0,84601837,60,55,Mendaro,"Bajo Deba, Guipúzcoa",,0
180000,1.0,2.0,0,84606231,68,65,Deba,"Bajo Deba, Guipúzcoa",1995,0
170000,2.0,3.0,6,84692428,110,93,Deba,"Bajo Deba, Guipúzcoa",,1
125000,1.0,3.0,0,27096527,71,61,Eibar,"Bajo Deba, Guipúzcoa",,0
170000,1.0,3.0,0,29264478,90,78,Elgoibar,"Bajo Deba, Guipúzcoa",,0
150000,1.0,1.0,0,688164,51,43,Deba,"Bajo Deba, Guipúzcoa",,0
55000,1.0,2.0,0,945061,62,51,Eibar,"Bajo Deba, Guipúzcoa",,0
120000,1.0,2.0,0,39019229,59,51,Mutriku,"Bajo Deba, Guipúzcoa",1973,0
75000,1.0,1.0,0,36336187,58,50,Eibar,"Bajo Deba, Guipúzcoa",1958,0
115000,1.0,2.0,0,38544429,71,61,Eibar,"Bajo Deba, Guipúzcoa",,0
185000,1.0,4.0,0,692516,81,70,Eibar,"Bajo Deba, Guipúzcoa",1937,0
130000,1.0,3.0,0,685356,104,89,Eibar,"Bajo Deba, Guipúzcoa",,0
89900,1.0,2.0,0,1021202,74,64,Altzola,"Bajo Deba, Guipúzcoa",,0
135000,1.0,3.0,0,25107280,71,61,Eibar,"Bajo Deba, Guipúzcoa",,0
485000,2.0,5.0,4,39374022,300,,Elgoibar,"Bajo Deba, Guipúzcoa",,0
165000,2.0,3.0,0,31665021,80,,Mutriku,"Bajo Deba, Guipúzcoa",,0
125000,1.0,1.0,0,33944535,56,46,Elgoibar,"Bajo Deba, Guipúzcoa",,0
158000,2.0,3.0,6,34093849,110,,Elgoibar,"Bajo Deba, Guipúzcoa",,0
60000,1.0,1.0,0,38258290,52,,Soraluze/Placencia de las Armas,"Bajo Deba, Guipúzcoa",,0
85000,1.0,2.0,0,29271591,45,,Eibar,"Bajo Deba, Guipúzcoa",,0
65000,1.0,2.0,0,84461674,60,,Eibar,"Bajo Deba, Guipúzcoa",,0
490000,2.0,3.0,13,84483518,25000,,Elgoibar,"Bajo Deba, Guipúzcoa",,1
140000,1.0,2.0,0,31074875,62,,Eibar,"Bajo Deba, Guipúzcoa",,0
140000,2.0,3.0,0,496446,85,,Mutriku,"Bajo Deba, Guipúzcoa",,0
80000,1.0,3.0,0,515719,50,,Mutriku,"Bajo Deba, Guipúzcoa",,0
122000,1.0,2.0,0,928427,50,,Mutriku,"Bajo Deba, Guipúzcoa",,0
135000,1.0,3.0,0,27675511,75,70,Mutriku,"Bajo Deba, Guipúzcoa",,0
90000,1.0,3.0,0,81178636,85,84,Mutriku,"Bajo Deba, Guipúzcoa",,0
180000,2.0,2.0,0,81465653,65,60,Mutriku,"Bajo Deba, Guipúzcoa",,0
165000,1.0,4.0,0,39292076,120,,Deba,"Bajo Deba, Guipúzcoa",1968,1
160000,1.0,2.0,0,82630659,63,43,Mutriku,"Bajo Deba, Guipúzcoa",,0
185000,2.0,3.0,0,34817071,100,,Elgoibar,"Bajo Deba, Guipúzcoa",,0
197000,2.0,3.0,0,688145,95,81,Mendaro,"Bajo Deba, Guipúzcoa",,0
99000,1.0,2.0,0,687134,51,42,Soraluze/Placencia de las Armas,"Bajo Deba, Guipúzcoa",1971,0
95000,1.0,3.0,0,26817894,70,60,Eibar,"Bajo Deba, Guipúzcoa",,0
120000,1.0,3.0,0,27102392,78,67,Eibar,"Bajo Deba, Guipúzcoa",,0
126000,1.0,2.0,0,27305186,58,50,Soraluze/Placencia de las Armas,"Bajo Deba, Guipúzcoa",2005,0
130000,1.0,2.0,0,28998464,69,59,Mutriku,"Bajo Deba, Guipúzcoa",1966,0
135000,1.0,3.0,0,28999158,71,61,Eibar,"Bajo Deba, Guipúzcoa",,0
99000,1.0,1.0,0,30264640,56,48,Eibar,"Bajo Deba, Guipúzcoa",2006,1
140000,1.0,1.0,0,31988845,55,47,Eibar,"Bajo Deba, Guipúzcoa",1992,0
105000,1.0,1.0,0,32122671,82,70,Elgoibar,"Bajo Deba, Guipúzcoa",,0
95000,1.0,3.0,0,32996747,89,66,Eibar,"Bajo Deba, Guipúzcoa",1962,0
150000,1.0,2.0,0,33217625,67,57,Soraluze/Placencia de las Armas,"Bajo Deba, Guipúzcoa",2003,1
147000,1.0,3.0,0,33690410,85,71,Eibar,"Bajo Deba, Guipúzcoa",,0
150000,1.0,3.0,0,33730427,86,78,Elgoibar,"Bajo Deba, Guipúzcoa",,0
110000,1.0,3.0,0,33730493,72,65,Elgoibar,"Bajo Deba, Guipúzcoa",,0
219000,2.0,3.0,0,34913424,85,75,Deba,"Bajo Deba, Guipúzcoa",1992,0
197000,2.0,3.0,0,35092525,102,86,Eibar,"Bajo Deba, Guipúzcoa",2004,1
120000,1.0,3.0,0,35740105,77,75,Elgoibar,"Bajo Deba, Guipúzcoa",,0
145000,1.0,3.0,0,35767540,76,65,Elgoibar,"Bajo Deba, Guipúzcoa",,0
158000,1.0,2.0,0,36253119,65,60,Elgoibar,"Bajo Deba, Guipúzcoa",,0
160000,1.0,3.0,0,37398110,80,75,Elgoibar,"Bajo Deba, Guipúzcoa",,0
201700,2.0,3.0,0,38144963,497,,Soraluze/Placencia de las Armas,"Bajo Deba, Guipúzcoa",,0
145000,1.0,2.0,0,38252119,75,63,Eibar,"Bajo Deba, Guipúzcoa",1972,0
155000,1.0,2.0,0,38266221,70,,Elgoibar,"Bajo Deba, Guipúzcoa",,0
179000,1.0,2.0,0,38352023,75,63,Eibar,"Bajo Deba, Guipúzcoa",1973,0
110000,1.0,3.0,0,38377352,76,65,Soraluze/Placencia de las Armas,"Bajo Deba, Guipúzcoa",1969,0
165000,1.0,4.0,10,38667419,110,80,Elgoibar,"Bajo Deba, Guipúzcoa",1957,0
90000,1.0,2.0,0,39455471,58,50,Eibar,"Bajo Deba, Guipúzcoa",1955,0
128000,1.0,2.0,0,39794778,66,54,Eibar,"Bajo Deba, Guipúzcoa",1936,0
99000,2.0,3.0,0,692487,83,71,Eibar,"Bajo Deba, Guipúzcoa",,0
325000,3.0,3.0,4,81925418,150,123,Mutriku,"Bajo Deba, Guipúzcoa",2008,0
245000,2.0,2.0,4,81925449,111,82,Mutriku,"Bajo Deba, Guipúzcoa",2008,0
280000,2.0,3.0,4,81925450,135,96,Mutriku,"Bajo Deba, Guipúzcoa",2008,0
99500,1.0,2.0,0,82130730,84,72,Soraluze/Placencia de las Armas,"Bajo Deba, Guipúzcoa",1900,0
168000,1.0,3.0,0,82790604,85,65,Elgoibar,"Bajo Deba, Guipúzcoa",1965,0
98000,1.0,1.0,0,25948691,63,54,Eibar,"Bajo Deba, Guipúzcoa",,0
197000,2.0,3.0,0,686684,100,85,Eibar,"Bajo Deba, Guipúzcoa",,1
189000,1.0,4.0,0,686699,105,90,Eibar,"Bajo Deba, Guipúzcoa",1954,0
139000,1.0,3.0,0,32144839,83,71,Eibar,"Bajo Deba, Guipúzcoa",1976,0
89000,1.0,2.0,0,82983792,65,62,Elgoibar,"Bajo Deba, Guipúzcoa",1962,0
185000,2.0,3.0,0,84067422,105,85,Deba,"Bajo Deba, Guipúzcoa",,0
139000,1.0,2.0,0,84188624,62,,Mutriku,"Bajo Deba, Guipúzcoa",1993,0
49000,1.0,3.0,0,84195021,80,70,Soraluze/Placencia de las Armas,"Bajo Deba, Guipúzcoa",1960,0
265000,2.0,3.0,0,84653876,87,,Elgoibar,"Bajo Deba, Guipúzcoa",,1
price,0.0,0.0,11,house_id,m2_real,m2_useful,loc_city,loc_zone,construct_date,1
220000,1.0,3.0,0,82319647,65,60,Donostia-San Sebastián,"Donostialdea, Guipúzcoa",,0
850000,2.0,4.0,1,82197381,5000,,Donostia-San Sebastián,"Donostialdea, Guipúzcoa",,1
186000,1.0,2.0,0,82147198,60,55,Donostia-San Sebastián,"Donostialdea, Guipúzcoa",,0
265000,2.0,4.0,0,39874494,95,,Donostia-San Sebastián,"Donostialdea, Guipúzcoa",,0
300000,2.0,3.0,0,84828495,80,,Donostia-San Sebastián,"Donostialdea, Guipúzcoa",,1
228000,1.0,3.0,0,81888523,60,,Donostia-San Sebastián,"Donostialdea, Guipúzcoa",,0
227000,1.0,3.0,0,82026067,101,66,Donostia-San Sebastián,"Donostialdea, Guipúzcoa",,0
450000,2.0,4.0,0,84458684,111,95,Donostia-San Sebastián,"Donostialdea, Guipúzcoa",,1
179500,1.0,2.0,8,83229813,45,,Donostia-San Sebastián,"Donostialdea, Guipúzcoa",,0
206000,1.0,2.0,0,38110067,63,,Donostia-San Sebastián,"Donostialdea, Guipúzcoa",,0
178000,1.0,2.0,0,39553810,55,,Donostia-San Sebastián,"Donostialdea, Guipúzcoa",,0
186000,1.0,2.0,0,83589592,55,,Donostia-San Sebastián,"Donostialdea, Guipúzcoa",,0
199000,1.0,2.0,0,83486938,53,51,Donostia-San Sebastián,"Donostialdea, Guipúzcoa",,0
167000,1.0,2.0,0,84341483,42,,Donostia-San Sebastián,"Donostialdea, Guipúzcoa",,0
990000,4.0,8.0,1,28321074,1300,,Donostia-San Sebastián,"Donostialdea, Guipúzcoa",,1
86000,0.0,0.0,0,39091688,56,50,Donostia-San Sebastián,"Donostialdea, Guipúzcoa",,0
170000,1.0,2.0,0,40322192,55,53,Donostia-San Sebastián,"Donostialdea, Guipúzcoa",1955,0
164800,1.0,2.0,0,38816271,60,,Donostia-San Sebastián,"Donostialdea, Guipúzcoa",,0
250000,2.0,3.0,0,83434404,106,90,Donostia-San Sebastián,"Donostialdea, Guipúzcoa",,0
990000,3.0,4.0,1,38993653,750,420,Donostia-San Sebastián,"Donostialdea, Guipúzcoa",,1
465000,2.0,3.0,0,84729023,80,75,Donostia-San Sebastián,"Donostialdea, Guipúzcoa",,1
215000,1.0,3.0,1,1525618,300,289,Donostia-San Sebastián,"Donostialdea, Guipúzcoa",,1
92000,1.0,1.0,0,34318722,46,42,Donostia-San Sebastián,"Donostialdea, Guipúzcoa",,0
220000,1.0,2.0,0,84682480,75,63,Donostia-San Sebastián,"Donostialdea, Guipúzcoa",,0
120000,1.0,0.0,12,25784517,56,54,Donostia-San Sebastián,"Donostialdea, Guipúzcoa",2009,0
170000,1.0,2.0,0,82757434,55,,Donostia-San Sebastián,"Donostialdea, Guipúzcoa",1970,0
186000,1.0,2.0,0,83622062,63,53,Donostia-San Sebastián,"Donostialdea, Guipúzcoa",1955,0
206000,1.0,3.0,0,81849400,73,,Donostia-San Sebastián,"Donostialdea, Guipúzcoa",,0
295000,2.0,3.0,0,84779081,100,75,Donostia-San Sebastián,"Donostialdea, Guipúzcoa",,1
210000,1.0,4.0,0,82356882,78,75,Donostia-San Sebastián,"Donostialdea, Guipúzcoa",,0
170000,1.0,2.0,0,37548717,56,55,Donostia-San Sebastián,"Donostialdea, Guipúzcoa",,0
220000,1.0,3.0,0,83612134,70,,Donostia-San Sebastián,"Donostialdea, Guipúzcoa",,0
140000,1.0,2.0,0,83655011,56,53,Donostia-San Sebastián,"Donostialdea, Guipúzcoa",,0
120000,1.0,1.0,0,84838319,55,53,Donostia-San Sebastián,"Donostialdea, Guipúzcoa",2007,0
220000,1.0,3.0,0,81641935,70,60,Donostia-San Sebastián,"Donostialdea, Guipúzcoa",1975,0
540000,6.0,12.0,4,38877404,550,300,Donostia-San Sebastián,"Donostialdea, Guipúzcoa",1920,1
590000,1.0,6.0,1,84068374,10000,,Donostia-San Sebastián,"Donostialdea, Guipúzcoa",1900,0
185000,1.0,3.0,0,84330540,52,50,Donostia-San Sebastián,"Donostialdea, Guipúzcoa",,0
700000,2.0,4.0,4,84365251,438,,Donostia-San Sebastián,"Donostialdea, Guipúzcoa",,1
225000,2.0,3.0,0,84777702,72,,Donostia-San Sebastián,"Donostialdea, Guipúzcoa",,0
250000,2.0,3.0,0,30508074,95,80,Donostia-San Sebastián,"Donostialdea, Guipúzcoa",,0
295000,2.0,4.0,6,32794989,150,130,Donostia-San Sebastián,"Donostialdea, Guipúzcoa",1955,0
206000,1.0,2.0,0,38154601,63,62,Donostia-San Sebastián,"Donostialdea, Guipúzcoa",,0
540000,6.0,12.0,1,83313597,550,,Donostia-San Sebastián,"Donostialdea, Guipúzcoa",,1
129000,1.0,2.0,0,31271200,60,50,Donostia-San Sebastián,"Donostialdea, Guipúzcoa",,0
139000,1.0,2.0,0,36058954,65,58,Donostia-San Sebastián,"Donostialdea, Guipúzcoa",1950,0
240000,2.0,3.0,0,84422026,90,,Donostia-San Sebastián,"Donostialdea, Guipúzcoa",1984,0
195000,1.0,3.0,0,40321619,73,60,Donostia-San Sebastián,"Donostialdea, Guipúzcoa",1955,0
232000,2.0,3.0,0,26227632,80,,Donostia-San Sebastián,"Donostialdea, Guipúzcoa",,0
228000,1.0,3.0,0,83571793,70,65,Donostia-San Sebastián,"Donostialdea, Guipúzcoa",,0
560000,1.0,6.0,1,38384140,10280,450,Donostia-San Sebastián,"Donostialdea, Guipúzcoa",1900,1
220000,1.0,3.0,0,84791358,65,60,Donostia-San Sebastián,"Donostialdea, Guipúzcoa",1975,0
170000,1.0,2.0,0,84680472,55,53,Donostia-San Sebastián,"Donostialdea, Guipúzcoa",1955,0
172000,1.0,3.0,0,82954817,72,,Donostia-San Sebastián,"Donostialdea, Guipúzcoa",1956,0
210000,1.0,3.0,0,84287599,80,70,Donostia-San Sebastián,"Donostialdea, Guipúzcoa",1962,0
188500,1.0,2.0,0,84043221,57,50,Donostia-San Sebastián,"Donostialdea, Guipúzcoa",1962,0
210000,2.0,3.0,0,83268913,85,74,Donostia-San Sebastián,"Donostialdea, Guipúzcoa",1975,0
170000,1.0,2.0,0,40311040,56,53,Donostia-San Sebastián,"Donostialdea, Guipúzcoa",,0
242000,1.0,2.0,0,40240420,56,55,Donostia-San Sebastián,"Donostialdea, Guipúzcoa",1971,0
170000,1.0,2.0,0,81649788,60,53,Donostia-San Sebastián,"Donostialdea, Guipúzcoa",1955,0
220000,1.0,3.0,0,83576891,70,60,Donostia-San Sebastián,"Donostialdea, Guipúzcoa",1975,0
price,0.0,0.0,11,house_id,m2_real,m2_useful,loc_city,loc_zone,construct_date,1
380000,2.0,4.0,0,83840374,120,97,Donostia-San Sebastián,"Donostialdea, Guipúzcoa",1940,1
120000,1.0,1.0,0,83077382,45,,Donostia-San Sebastián,"Donostialdea, Guipúzcoa",,0
235000,1.0,3.0,0,37475533,70,,Donostia-San Sebastián,"Donostialdea, Guipúzcoa",,0
210000,1.0,3.0,0,37475446,60,55,Donostia-San Sebastián,"Donostialdea, Guipúzcoa",,0
245000,1.0,3.0,0,38693957,70,68,Donostia-San Sebastián,"Donostialdea, Guipúzcoa",,1
249000,1.0,2.0,0,37475786,80,,Donostia-San Sebastián,"Donostialdea, Guipúzcoa",,0
228000,1.0,2.0,0,37100965,70,56,Donostia-San Sebastián,"Donostialdea, Guipúzcoa",,0
125000,1.0,1.0,0,83643011,42,,Donostia-San Sebastián,"Donostialdea, Guipúzcoa",,0
135000,1.0,2.0,0,83643101,65,,Donostia-San Sebastián,"Donostialdea, Guipúzcoa",,0
170000,1.0,3.0,0,39735555,62,,Donostia-San Sebastián,"Donostialdea, Guipúzcoa",,0
550000,3.0,5.0,1,35081350,600,250,Donostia-San Sebastián,"Donostialdea, Guipúzcoa",1950,0
209999,1.0,3.0,0,39513098,60,58,Donostia-San Sebastián,"Donostialdea, Guipúzcoa",,0
270000,2.0,3.0,0,83851447,77,,Donostia-San Sebastián,"Donostialdea, Guipúzcoa",,0
795000,5.0,9.0,3,39166746,612,355,Donostia-San Sebastián,"Donostialdea, Guipúzcoa",1992,1
228000,1.0,2.0,0,84635821,70,62,Donostia-San Sebastián,"Donostialdea, Guipúzcoa",,0
133900,1.0,1.0,0,37138201,56,,Donostia-San Sebastián,"Donostialdea, Guipúzcoa",,0
207000,1.0,2.0,0,84325807,64,,Donostia-San Sebastián,"Donostialdea, Guipúzcoa",,0
289000,1.0,3.0,0,27297508,80,75,Donostia-San Sebastián,"Donostialdea, Guipúzcoa",,0
240000,1.0,3.0,0,28046574,73,66,Donostia-San Sebastián,"Donostialdea, Guipúzcoa",,0
130000,1.0,0.0,12,30346213,56,,Donostia-San Sebastián,"Donostialdea, Guipúzcoa",,0
210000,1.0,3.0,0,34972439,74,64,Donostia-San Sebastián,"Donostialdea, Guipúzcoa",,0
220000,1.0,2.0,0,448727,70,,Donostia-San Sebastián,"Donostialdea, Guipúzcoa",,0
390000,3.0,3.0,10,82660542,110,105,Donostia-San Sebastián,"Donostialdea, Guipúzcoa",1995,1
202000,1.0,3.0,0,83036105,69,60,Donostia-San Sebastián,"Donostialdea, Guipúzcoa",,0
175000,1.0,0.0,12,83736198,135,128,Donostia-San Sebastián,"Donostialdea, Guipúzcoa",,1
249000,1.0,2.0,0,84297543,53,,Donostia-San Sebastián,"Donostialdea, Guipúzcoa",,0
85000,1.0,0.0,12,84349377,52,50,Donostia-San Sebastián,"Donostialdea, Guipúzcoa",,0
210000,1.0,3.0,0,31328058,60,58,Donostia-San Sebastián,"Donostialdea, Guipúzcoa",,0
309000,2.0,3.0,0,38484709,85,,Donostia-San Sebastián,"Donostialdea, Guipúzcoa",,0
185000,1.0,2.0,0,82456364,65,55,Donostia-San Sebastián,"Donostialdea, Guipúzcoa",1957,1
180000,1.0,1.0,0,82501835,60,50,Donostia-San Sebastián,"Donostialdea, Guipúzcoa",,1
220000,1.0,2.0,0,84617781,61,60,Donostia-San Sebastián,"Donostialdea, Guipúzcoa",,0
217000,1.0,3.0,0,26415255,69,64,Donostia-San Sebastián,"Donostialdea, Guipúzcoa",,0
565000,3.0,6.0,1,82347772,230,219,Donostia-San Sebastián,"Donostialdea, Guipúzcoa",1968,0
99000,1.0,0.0,12,83020183,70,64,Donostia-San Sebastián,"Donostialdea, Guipúzcoa",,0
585000,2.0,3.0,0,82537093,110,94,Donostia-San Sebastián,"Donostialdea, Guipúzcoa",1980,0
210000,1.0,2.0,0,37889114,60,,Donostia-San Sebastián,"Donostialdea, Guipúzcoa",,0
520000,3.0,5.0,4,38911507,267,228,Donostia-San Sebastián,"Donostialdea, Guipúzcoa",,1
560000,3.0,5.0,0,39988284,164,141,Donostia-San Sebastián,"Donostialdea, Guipúzcoa",1980,1
185000,1.0,2.0,0,82421314,65,55,Donostia-San Sebastián,"Donostialdea, Guipúzcoa",,1
185000,1.0,2.0,0,82473209,60,55,Donostia-San Sebastián,"Donostialdea, Guipúzcoa",,1
249000,1.0,2.0,0,83053416,83,68,Donostia-San Sebastián,"Donostialdea, Guipúzcoa",1957,0
225000,1.0,3.0,0,84361929,77,69,Donostia-San Sebastián,"Donostialdea, Guipúzcoa",,1
70000,1.0,0.0,12,36046238,40,38,Donostia-San Sebastián,"Donostialdea, Guipúzcoa",,0
185000,1.0,1.0,0,84208982,60,50,Donostia-San Sebastián,"Donostialdea, Guipúzcoa",,1
189000,1.0,3.0,0,84745576,70,60,Donostia-San Sebastián,"Donostialdea, Guipúzcoa",1968,0
395000,2.0,3.0,0,84411119,120,110,Donostia-San Sebastián,"Donostialdea, Guipúzcoa",,1
395000,2.0,3.0,0,84478306,120,108,Donostia-San Sebastián,"Donostialdea, Guipúzcoa",,0
295000,1.0,3.0,0,84736899,75,70,Donostia-San Sebastián,"Donostialdea, Guipúzcoa",,1
95000,1.0,0.0,12,29316910,50,48,Donostia-San Sebastián,"Donostialdea, Guipúzcoa",,0
295000,1.0,3.0,0,37116364,80,75,Donostia-San Sebastián,"Donostialdea, Guipúzcoa",,1
260000,2.0,3.0,0,37487250,90,85,Donostia-San Sebastián,"Donostialdea, Guipúzcoa",1979,1
218000,1.0,3.0,0,84114158,70,64,Donostia-San Sebastián,"Donostialdea, Guipúzcoa",,0
400000,2.0,4.0,3,82192090,110,125,Donostia-San Sebastián,"Donostialdea, Guipúzcoa",1994,1
203000,1.0,3.0,0,83544791,64,59,Donostia-San Sebastián,"Donostialdea, Guipúzcoa",1982,0
260000,1.0,2.0,0,84627557,78,75,Donostia-San Sebastián,"Donostialdea, Guipúzcoa",,0
219000,1.0,2.0,0,84685346,60,52,Donostia-San Sebastián,"Donostialdea, Guipúzcoa",1962,0
245000,1.0,3.0,0,83654823,75,69,Donostia-San Sebastián,"Donostialdea, Guipúzcoa",1969,0
190000,1.0,3.0,0,40041600,67,60,Donostia-San Sebastián,"Donostialdea, Guipúzcoa",1982,0
278000,2.0,3.0,0,37102695,102,92,Donostia-San Sebastián,"Donostialdea, Guipúzcoa",,1
229000,1.0,2.0,0,83177917,82,,Donostia-San Sebastián,"Donostialdea, Guipúzcoa",,0
395000,2.0,3.0,0,84795522,120,108,Donostia-San Sebastián,"Donostialdea, Guipúzcoa",1940,1
80000,1.0,0.0,12,36872713,45,,Donostia-San Sebastián,"Donostialdea, Guipúzcoa",,0
360000,2.0,3.0,0,82392039,83,72,Donostia-San Sebastián,"Donostialdea, Guipúzcoa",2014,1
795000,5.0,7.0,4,29787710,260,,Donostia-San Sebastián,"Donostialdea, Guipúzcoa",1990,1
90000,1.0,2.0,0,38459070,50,,Donostia-San Sebastián,"Donostialdea, Guipúzcoa",,0
240000,1.0,3.0,0,39100667,75,70,Donostia-San Sebastián,"Donostialdea, Guipúzcoa",,0
240000,1.0,2.0,0,83690863,70,65,Donostia-San Sebastián,"Donostialdea, Guipúzcoa",1934,1
355000,2.0,3.0,3,84056581,100,,Donostia-San Sebastián,"Donostialdea, Guipúzcoa",,1
300000,2.0,4.0,0,84817884,90,,Donostia-San Sebastián,"Donostialdea, Guipúzcoa",1995,1
925000,3.0,3.0,6,29642876,188,,Donostia-San Sebastián,"Donostialdea, Guipúzcoa",,1
140000,1.0,2.0,0,82969390,82,80,Donostia-San Sebastián,"Donostialdea, Guipúzcoa",1957,0
309000,2.0,3.0,0,84650733,95,85,Donostia-San Sebastián,"Donostialdea, Guipúzcoa",1974,1
265000,2.0,3.0,0,84761880,80,76,Donostia-San Sebastián,"Donostialdea, Guipúzcoa",1986,0
412000,2.0,3.0,3,467534,50,150,Donostia-San Sebastián,"Donostialdea, Guipúzcoa",,1
190000,1.0,2.0,0,82625592,68,60,Donostia-San Sebastián,"Donostialdea, Guipúzcoa",1990,0
80000,1.0,2.0,0,83072565,63,55,Donostia-San Sebastián,"Donostialdea, Guipúzcoa",1995,0
332000,2.0,2.0,8,84403851,73,65,Donostia-San Sebastián,"Donostialdea, Guipúzcoa",2014,1
395000,2.0,3.0,0,84608547,120,110,Donostia-San Sebastián,"Donostialdea, Guipúzcoa",,0
395000,2.0,3.0,0,83470150,120,108,Donostia-San Sebastián,"Donostialdea, Guipúzcoa",1938,1
240000,1.0,2.0,0,81829706,58,,Donostia-San Sebastián,"Donostialdea, Guipúzcoa",,0
280000,2.0,3.0,0,81829814,64,,Donostia-San Sebastián,"Donostialdea, Guipúzcoa",,0
260000,2.0,2.0,0,81829817,62,,Donostia-San Sebastián,"Donostialdea, Guipúzcoa",,0
270000,2.0,3.0,0,81829928,73,,Donostia-San Sebastián,"Donostialdea, Guipúzcoa",,0
370000,2.0,3.0,8,81829929,81,,Donostia-San Sebastián,"Donostialdea, Guipúzcoa",,0
370000,2.0,3.0,8,81829930,82,,Donostia-San Sebastián,"Donostialdea, Guipúzcoa",,0
320000,2.0,3.0,0,81829933,89,,Donostia-San Sebastián,"Donostialdea, Guipúzcoa",,0
360000,2.0,3.0,0,81829934,82,,Donostia-San Sebastián,"Donostialdea, Guipúzcoa",,0
345000,2.0,3.0,0,81829937,81,,Donostia-San Sebastián,"Donostialdea, Guipúzcoa",,0
285000,1.0,3.0,0,30507863,85,75,Donostia-San Sebastián,"Donostialdea, Guipúzcoa",1977,0
189000,1.0,3.0,0,84054356,70,60,Donostia-San Sebastián,"Donostialdea, Guipúzcoa",1968,0
285000,2.0,3.0,0,33691485,80,,Donostia-San Sebastián,"Donostialdea, Guipúzcoa",,0
190000,1.0,3.0,0,40028330,70,68,Donostia-San Sebastián,"Donostialdea, Guipúzcoa",,0
250000,1.0,2.0,0,82068992,65,50,Donostia-San Sebastián,"Donostialdea, Guipúzcoa",,0
370000,2.0,3.0,0,84870529,74,63,Donostia-San Sebastián,"Donostialdea, Guipúzcoa",2019,1
795000,6.0,8.0,4,83129748,355,304,Donostia-San Sebastián,"Donostialdea, Guipúzcoa",1992,1
360000,2.0,3.0,0,83484201,110,90,Donostia-San Sebastián,"Donostialdea, Guipúzcoa",1957,1
240000,1.0,3.0,0,84869325,84,,Donostia-San Sebastián,"Donostialdea, Guipúzcoa",,0
109000,1.0,0.0,12,36427286,75,70,Donostia-San Sebastián,"Donostialdea, Guipúzcoa",,0
260000,1.0,2.0,0,84643940,70,,Donostia-San Sebastián,"Donostialdea, Guipúzcoa",,0
225000,1.0,2.0,0,84352892,55,52,Donostia-San Sebastián,"Donostialdea, Guipúzcoa",,1
395000,2.0,3.0,0,84548422,120,,Donostia-San Sebastián,"Donostialdea, Guipúzcoa",,1
237000,1.0,3.0,0,82955751,65,60,Donostia-San Sebastián,"Donostialdea, Guipúzcoa",,1
225000,1.0,3.0,0,83265867,80,68,Donostia-San Sebastián,"Donostialdea, Guipúzcoa",1975,1
395000,2.0,3.0,0,84760793,120,108,Donostia-San Sebastián,"Donostialdea, Guipúzcoa",,1
600000,3.0,4.0,4,84643925,240,,Donostia-San Sebastián,"Donostialdea, Guipúzcoa",,0
380000,2.0,3.0,0,83534311,100,94,Donostia-San Sebastián,"Donostialdea, Guipúzcoa",1940,1
331000,2.0,3.0,0,83916779,85,76,Donostia-San Sebastián,"Donostialdea, Guipúzcoa",,1
275000,2.0,3.0,0,84588964,92,90,Donostia-San Sebastián,"Donostialdea, Guipúzcoa",1995,1
209900,1.0,2.0,0,82715830,60,50,Donostia-San Sebastián,"Donostialdea, Guipúzcoa",1962,0
380000,2.0,4.0,0,36098634,125,93,Donostia-San Sebastián,"Donostialdea, Guipúzcoa",1940,1
240000,1.0,3.0,0,84605422,85,70,Donostia-San Sebastián,"Donostialdea, Guipúzcoa",1969,0
235000,1.0,2.0,0,84863520,70,60,Donostia-San Sebastián,"Donostialdea, Guipúzcoa",,0
335000,2.0,3.0,0,39993244,130,100,Donostia-San Sebastián,"Donostialdea, Guipúzcoa",,1
229000,1.0,2.0,0,83177931,82,,Donostia-San Sebastián,"Donostialdea, Guipúzcoa",,0
184000,1.0,2.0,0,83861554,64,,Donostia-San Sebastián,"Donostialdea, Guipúzcoa",1961,0
price,0.0,0.0,11,house_id,m2_real,m2_useful,loc_city,loc_zone,construct_date,1
249000,1.0,1.0,0,82483401,50,45,Donostia-San Sebastián,"Donostialdea, Guipúzcoa",2006,1
830000,3.0,10.0,4,33267831,560,,Donostia-San Sebastián,"Donostialdea, Guipúzcoa",,0
500000,2.0,2.0,6,27507743,180,100,Donostia-San Sebastián,"Donostialdea, Guipúzcoa",,1
252000,1.0,1.0,0,81775052,49,45,Donostia-San Sebastián,"Donostialdea, Guipúzcoa",,1
2350000,4.0,5.0,1,39420697,8000,,Donostia-San Sebastián,"Donostialdea, Guipúzcoa",,0
830000,2.0,7.0,1,39805726,550,,Donostia-San Sebastián,"Donostialdea, Guipúzcoa",,0
249000,1.0,1.0,0,83785195,40,,Donostia-San Sebastián,"Donostialdea, Guipúzcoa",2006,1
850000,6.0,9.0,4,81963831,551,550,Donostia-San Sebastián,"Donostialdea, Guipúzcoa",,1
620000,4.0,4.0,6,81164389,190,,Donostia-San Sebastián,"Donostialdea, Guipúzcoa",,0
2350000,5.0,5.0,1,33716193,8797,572,Donostia-San Sebastián,"Donostialdea, Guipúzcoa",2001,0
1900000,4.0,8.0,1,83523435,15800,,Donostia-San Sebastián,"Donostialdea, Guipúzcoa",1989,1
252000,1.0,1.0,0,83191890,50,41,Donostia-San Sebastián,"Donostialdea, Guipúzcoa",2005,1
1300000,3.0,5.0,4,84320947,400,,Donostia-San Sebastián,"Donostialdea, Guipúzcoa",1996,0
249000,1.0,1.0,0,81819485,40,39,Donostia-San Sebastián,"Donostialdea, Guipúzcoa",2005,1
252000,1.0,1.0,0,82125482,48,45,Donostia-San Sebastián,"Donostialdea, Guipúzcoa",2006,0
1900000,4.0,8.0,1,40288911,15800,600,Donostia-San Sebastián,"Donostialdea, Guipúzcoa",1989,1
1900000,4.0,7.0,1,39678988,16000,300,Donostia-San Sebastián,"Donostialdea, Guipúzcoa",,0
1900000,4.0,6.0,4,30507762,396,360,Donostia-San Sebastián,"Donostialdea, Guipúzcoa",1975,1
1849000,5.0,5.0,1,40326459,15600,740,Donostia-San Sebastián,"Donostialdea, Guipúzcoa",1989,1
1900000,4.0,7.0,1,39289460,15767,300,Donostia-San Sebastián,"Donostialdea, Guipúzcoa",1993,1
2200000,4.0,5.0,1,29490682,16000,,Donostia-San Sebastián,"Donostialdea, Guipúzcoa",,1
475000,2.0,4.0,6,81920124,159,136,Donostia-San Sebastián,"Donostialdea, Guipúzcoa",1968,1
249000,1.0,1.0,0,81777603,55,49,Donostia-San Sebastián,"Donostialdea, Guipúzcoa",,1
1849000,4.0,7.0,1,82461901,16000,300,Donostia-San Sebastián,"Donostialdea, Guipúzcoa",,1
1849000,4.0,7.0,1,82764752,16000,300,Donostia-San Sebastián,"Donostialdea, Guipúzcoa",,1
320000,1.0,2.0,0,82281163,93,81,Donostia-San Sebastián,"Donostialdea, Guipúzcoa",,1
475000,2.0,4.0,6,83910739,163,136,Donostia-San Sebastián,"Donostialdea, Guipúzcoa",,1
249000,1.0,3.0,0,81873224,80,74,Donostia-San Sebastián,"Donostialdea, Guipúzcoa",,0
price,0.0,0.0,11,house_id,m2_real,m2_useful,loc_city,loc_zone,construct_date,1
105000,1.0,2.0,0,83199392,65,64,Legorreta,"Tolosaldea, Guipúzcoa",1944,0
168000,1.0,2.0,0,36137672,69,,Berastegi,"Tolosaldea, Guipúzcoa",,1
190000,2.0,3.0,0,84607268,100,85,Alegia,"Tolosaldea, Guipúzcoa",,0
123000,2.0,3.0,0,81734266,80,,Lizartza,"Tolosaldea, Guipúzcoa",,1
217000,1.0,1.0,0,82828882,50,40,Bergara,"Alto Deba, Guipúzcoa",,0
100000,1.0,1.0,0,81668868,59,52,Bergara,"Alto Deba, Guipúzcoa",,0
150000,1.0,2.0,0,39217611,79,69,Bergara,"Alto Deba, Guipúzcoa",2009,0
140000,1.0,2.0,0,32062635,67,,Bergara,"Alto Deba, Guipúzcoa",,1
150000,1.0,2.0,0,34314193,65,,Bergara,"Alto Deba, Guipúzcoa",,0
320000,1.0,2.0,0,39544178,72,55,Hondarribia,"Bajo Bidasoa, Guipúzcoa",,0
385000,3.0,3.0,0,84775981,85,72,Hondarribia,"Bajo Bidasoa, Guipúzcoa",,0
550000,2.0,2.0,0,83767877,85,73,Hondarribia,"Bajo Bidasoa, Guipúzcoa",2011,0
475000,5.0,4.0,3,84282334,229,,Irun,"Bajo Bidasoa, Guipúzcoa",1994,1
1450000,4.0,5.0,4,36204814,3000,350,Hondarribia,"Bajo Bidasoa, Guipúzcoa",,0
140000,1.0,3.0,0,83605028,56,50,Irun,"Bajo Bidasoa, Guipúzcoa",1970,0
195000,1.0,1.0,0,84192933,53,42,Irun,"Bajo Bidasoa, Guipúzcoa",2019,0
275000,2.0,3.0,6,81403021,125,119,Irun,"Bajo Bidasoa, Guipúzcoa",,0
271000,2.0,3.0,0,31592485,87,,Irun,"Bajo Bidasoa, Guipúzcoa",2014,0
298000,1.0,3.0,8,84135137,100,70,Hondarribia,"Bajo Bidasoa, Guipúzcoa",,0
165000,1.0,3.0,0,84131868,77,,Irun,"Bajo Bidasoa, Guipúzcoa",,0
190000,1.0,2.0,0,82517723,65,55,Astigarraga,"Donostialdea, Guipúzcoa",1967,0
270000,2.0,4.0,0,40003706,94,90,Hernani,"Donostialdea, Guipúzcoa",1976,0
235000,1.0,3.0,0,82625627,68,62,Lasarte-Oria,"Donostialdea, Guipúzcoa",1972,0
590000,2.0,3.0,0,84608103,105,84,Donostia-San Sebastián,"Donostialdea, Guipúzcoa",2015,1
385000,2.0,4.0,0,82341516,130,,Donostia-San Sebastián,"Donostialdea, Guipúzcoa",,0
750000,2.0,4.0,1,39497231,226,,Donostia-San Sebastián,"Donostialdea, Guipúzcoa",,1
450000,2.0,3.0,6,38083181,95,80,Donostia-San Sebastián,"Donostialdea, Guipúzcoa",1970,1
330000,1.0,2.0,0,81165351,75,73,Donostia-San Sebastián,"Donostialdea, Guipúzcoa",,0
245000,2.0,3.0,0,83754808,80,75,Donostia-San Sebastián,"Donostialdea, Guipúzcoa",1975,0
370000,2.0,4.0,0,83772832,103,90,Donostia-San Sebastián,"Donostialdea, Guipúzcoa",1975,0
580000,2.0,3.0,0,84031281,98,84,Donostia-San Sebastián,"Donostialdea, Guipúzcoa",1931,0
1090000,3.0,4.0,1,82272195,809,252,Donostia-San Sebastián,"Donostialdea, Guipúzcoa",,1
399000,2.0,4.0,0,81367283,110,90,Donostia-San Sebastián,"Donostialdea, Guipúzcoa",1999,1
1250000,4.0,5.0,10,36998193,915,362,Donostia-San Sebastián,"Donostialdea, Guipúzcoa",2004,1
1600000,5.0,8.0,1,40136161,1800,440,Donostia-San Sebastián,"Donostialdea, Guipúzcoa",1980,1
1250000,5.0,5.0,4,82966416,378,324,Donostia-San Sebastián,"Donostialdea, Guipúzcoa",2007,1
1250000,5.0,5.0,4,82966413,378,324,Donostia-San Sebastián,"Donostialdea, Guipúzcoa",2007,1
760000,2.0,4.0,3,84778407,200,180,Donostia-San Sebastián,"Donostialdea, Guipúzcoa",2005,1
1400000,3.0,4.0,4,33385007,350,327,Donostia-San Sebastián,"Donostialdea, Guipúzcoa",2003,1
850000,4.0,4.0,3,40134886,260,243,Donostia-San Sebastián,"Donostialdea, Guipúzcoa",1998,1
875000,2.0,4.0,4,84381655,310,275,Donostia-San Sebastián,"Donostialdea, Guipúzcoa",,1
1100000,3.0,4.0,1,84403376,262,,Donostia-San Sebastián,"Donostialdea, Guipúzcoa",1998,1
1650000,4.0,4.0,4,82939485,472,421,Donostia-San Sebastián,"Donostialdea, Guipúzcoa",,1
615000,3.0,3.0,6,82359648,152,121,Donostia-San Sebastián,"Donostialdea, Guipúzcoa",2002,1
775000,3.0,4.0,4,81514807,300,260,Donostia-San Sebastián,"Donostialdea, Guipúzcoa",1981,1
685000,3.0,4.0,4,28893269,362,226,Donostia-San Sebastián,"Donostialdea, Guipúzcoa",1984,0
1600000,4.0,5.0,1,31278053,1000,320,Donostia-San Sebastián,"Donostialdea, Guipúzcoa",2006,1
850000,4.0,4.0,4,40118905,270,243,Donostia-San Sebastián,"Donostialdea, Guipúzcoa",1998,1
1600000,4.0,8.0,4,81464133,490,437,Donostia-San Sebastián,"Donostialdea, Guipúzcoa",1980,1
1600000,4.0,5.0,1,31278008,1000,320,Donostia-San Sebastián,"Donostialdea, Guipúzcoa",2006,1
890000,3.0,3.0,10,40560404,650,215,Donostia-San Sebastián,"Donostialdea, Guipúzcoa",2018,1
1200000,4.0,5.0,4,83036320,419,,Donostia-San Sebastián,"Donostialdea, Guipúzcoa",,1
1300000,5.0,8.0,1,81259977,1754,491,Donostia-San Sebastián,"Donostialdea, Guipúzcoa",1977,1
1200000,4.0,5.0,3,33567430,578,378,Donostia-San Sebastián,"Donostialdea, Guipúzcoa",1999,1
780000,4.0,5.0,3,36273922,195,177,Donostia-San Sebastián,"Donostialdea, Guipúzcoa",2006,1
1500000,4.0,7.0,1,81660812,2460,300,Donostia-San Sebastián,"Donostialdea, Guipúzcoa",,1
1200000,5.0,5.0,3,84116886,500,345,Donostia-San Sebastián,"Donostialdea, Guipúzcoa",1980,1
1029000,4.0,6.0,4,83898598,440,400,Donostia-San Sebastián,"Donostialdea, Guipúzcoa",,1
1450000,5.0,4.0,0,39482118,280,260,Donostia-San Sebastián,"Donostialdea, Guipúzcoa",,1
1350000,4.0,5.0,1,83028327,500,300,Donostia-San Sebastián,"Donostialdea, Guipúzcoa",2003,1
1200000,5.0,5.0,1,82140640,2000,440,Donostia-San Sebastián,"Donostialdea, Guipúzcoa",1982,1
1200000,4.0,5.0,10,37263163,700,370,Donostia-San Sebastián,"Donostialdea, Guipúzcoa",1999,1
725000,3.0,4.0,4,81604117,190,180,Donostia-San Sebastián,"Donostialdea, Guipúzcoa",2001,1
1450000,5.0,4.0,1,82686788,265,306,Donostia-San Sebastián,"Donostialdea, Guipúzcoa",2014,1
1200000,5.0,5.0,1,81919193,500,442,Donostia-San Sebastián,"Donostialdea, Guipúzcoa",1982,1
715000,3.0,4.0,6,84846021,200,190,Donostia-San Sebastián,"Donostialdea, Guipúzcoa",2002,1
1600000,3.0,4.0,10,84468212,350,,Donostia-San Sebastián,"Donostialdea, Guipúzcoa",,0
176000,1.0,2.0,0,39091719,73,65,Renteria / Errenteria,"Donostialdea, Guipúzcoa",,0
202000,2.0,2.0,6,1549118,80,78,Mutriku,"Bajo Deba, Guipúzcoa",,0
120000,1.0,2.0,0,27668484,82,80,Mutriku,"Bajo Deba, Guipúzcoa",,0
130000,2.0,3.0,0,28105708,75,70,Mutriku,"Bajo Deba, Guipúzcoa",,0
206000,1.0,2.0,0,32493428,65,50,Deba,"Bajo Deba, Guipúzcoa",,0
199000,1.0,3.0,0,37481977,80,79,Deba,"Bajo Deba, Guipúzcoa",,0
90000,1.0,3.0,0,39557399,65,63,Mutriku,"Bajo Deba, Guipúzcoa",,0
134000,1.0,2.0,0,81854600,50,,Eibar,"Bajo Deba, Guipúzcoa",,0
249000,2.0,3.0,0,83733849,85,,Eibar,"Bajo Deba, Guipúzcoa",,0
240000,1.0,4.0,0,692762,105,90,Eibar,"Bajo Deba, Guipúzcoa",,0
239000,2.0,3.0,0,29249695,101,92,Mendaro,"Bajo Deba, Guipúzcoa",,1
220000,1.0,3.0,0,31222878,105,90,Elgoibar,"Bajo Deba, Guipúzcoa",1949,0
112890,1.0,3.0,0,34712898,67,63,Elgoibar,"Bajo Deba, Guipúzcoa",,0
228000,2.0,3.0,0,35020837,104,87,Eibar,"Bajo Deba, Guipúzcoa",,1
185000,2.0,3.0,0,38746958,101,86,Eibar,"Bajo Deba, Guipúzcoa",2005,1
99000,1.0,3.0,0,39490493,91,80,Eibar,"Bajo Deba, Guipúzcoa",1956,0
248000,2.0,2.0,6,39526144,76,64,Eibar,"Bajo Deba, Guipúzcoa",2006,1
205000,2.0,2.0,0,39890985,86,78,Mutriku,"Bajo Deba, Guipúzcoa",2010,0
255000,3.0,3.0,6,39891687,115,99,Mutriku,"Bajo Deba, Guipúzcoa",2010,0
140000,1.0,3.0,0,40346937,86,75,Soraluze/Placencia de las Armas,"Bajo Deba, Guipúzcoa",1900,0
114000,1.0,3.0,0,81146331,72,60,Eibar,"Bajo Deba, Guipúzcoa",1965,0
135000,1.0,2.0,0,81302566,76,64,Eibar,"Bajo Deba, Guipúzcoa",2006,1
130000,1.0,2.0,0,81903918,70,58,Eibar,"Bajo Deba, Guipúzcoa",1950,0
130000,1.0,1.0,0,82155662,57,48,Eibar,"Bajo Deba, Guipúzcoa",2006,0
115000,1.0,2.0,0,82213227,74,62,Eibar,"Bajo Deba, Guipúzcoa",1958,0
255000,2.0,3.0,0,82493150,108,94,Eibar,"Bajo Deba, Guipúzcoa",1978,0
80000,1.0,2.0,0,82612157,54,47,Soraluze/Placencia de las Armas,"Bajo Deba, Guipúzcoa",1967,0
130000,1.0,3.0,0,82853003,84,70,Eibar,"Bajo Deba, Guipúzcoa",1957,0
95000,1.0,6.0,0,82922475,136,118,Soraluze/Placencia de las Armas,"Bajo Deba, Guipúzcoa",1900,0
175000,1.0,2.0,0,39119396,103,89,Soraluze/Placencia de las Armas,"Bajo Deba, Guipúzcoa",1975,0
130000,1.0,3.0,0,695405,87,75,Eibar,"Bajo Deba, Guipúzcoa",,0
298000,3.0,4.0,9,83246060,600,,Elgoibar,"Bajo Deba, Guipúzcoa",,1
149000,2.0,3.0,0,83579681,83,72,Eibar,"Bajo Deba, Guipúzcoa",1906,0
75000,1.0,3.0,0,83579682,83,72,Eibar,"Bajo Deba, Guipúzcoa",1906,0
39900,1.0,3.0,0,83589843,74,63,Soraluze/Placencia de las Armas,"Bajo Deba, Guipúzcoa",1951,0
165000,1.0,4.0,0,83634910,76,65,Eibar,"Bajo Deba, Guipúzcoa",1968,0
120000,3.0,3.0,0,83734690,83,73,Deba,"Bajo Deba, Guipúzcoa",1900,0
99000,1.0,3.0,0,83850809,80,,Eibar,"Bajo Deba, Guipúzcoa",,0
205000,2.0,3.0,0,83961249,100,89,Mendaro,"Bajo Deba, Guipúzcoa",1998,0
76000,1.0,3.0,0,84347431,76,65,Soraluze/Placencia de las Armas,"Bajo Deba, Guipúzcoa",1971,0
160000,2.0,3.0,6,38661604,100,,Altzola,"Bajo Deba, Guipúzcoa",,0
120000,1.0,2.0,0,40499850,75,60,Elgoibar,"Bajo Deba, Guipúzcoa",,1
180000,2.0,3.0,0,25483400,90,82,Mutriku,"Bajo Deba, Guipúzcoa",,0
99000,1.0,3.0,0,29659475,72,68,Eibar,"Bajo Deba, Guipúzcoa",,0
145000,1.0,2.0,0,36820988,65,63,Soraluze/Placencia de las Armas,"Bajo Deba, Guipúzcoa",,0
210000,1.0,3.0,0,38112819,100,90,Deba,"Bajo Deba, Guipúzcoa",,0
234000,2.0,3.0,8,39315315,129,84,Mendaro,"Bajo Deba, Guipúzcoa",,1
100000,1.0,3.0,0,40395658,70,,Elgoibar,"Bajo Deba, Guipúzcoa",,0
205000,2.0,3.0,0,81325272,102,,Elgoibar,"Bajo Deba, Guipúzcoa",,0
170000,2.0,3.0,0,38364327,90,,Elgoibar,"Bajo Deba, Guipúzcoa",2009,1
95000,1.0,1.0,0,81517848,40,,Eibar,"Bajo Deba, Guipúzcoa",,0
85000,1.0,3.0,0,83096802,55,,Elgoibar,"Bajo Deba, Guipúzcoa",,0
145000,1.0,2.0,0,39095459,75,,Eibar,"Bajo Deba, Guipúzcoa",,0
159000,2.0,2.0,0,84087886,70,,Eibar,"Bajo Deba, Guipúzcoa",,0
140000,1.0,1.0,0,84188393,50,,Eibar,"Bajo Deba, Guipúzcoa",,0
145000,1.0,3.0,0,84230598,92,80,Mendaro,"Bajo Deba, Guipúzcoa",,0
143000,1.0,2.0,0,84288860,75,60,Eibar,"Bajo Deba, Guipúzcoa",2007,1
98000,1.0,1.0,0,84341873,50,,Eibar,"Bajo Deba, Guipúzcoa",,0
115000,1.0,1.0,0,38311359,55,50,Mutriku,"Bajo Deba, Guipúzcoa",,0
170000,1.0,6.0,2,34738900,304,,Mendaro,"Bajo Deba, Guipúzcoa",,1
85000,1.0,3.0,0,36406372,60,,Soraluze/Placencia de las Armas,"Bajo Deba, Guipúzcoa",,1
150000,2.0,3.0,1,1432016,2000,249,Elgoibar,"Bajo Deba, Guipúzcoa",,1
96000,1.0,3.0,0,29473590,74,64,Eibar,"Bajo Deba, Guipúzcoa",,0
150000,2.0,3.0,0,32434324,85,80,Elgoibar,"Bajo Deba, Guipúzcoa",,0
330000,2.0,3.0,6,38447270,97,96,Deba,"Bajo Deba, Guipúzcoa",,0
380000,3.0,4.0,10,39623534,6000,207,Altzola,"Bajo Deba, Guipúzcoa",2000,1
160000,1.0,3.0,0,40165220,72,70,Eibar,"Bajo Deba, Guipúzcoa",,0
250000,2.0,3.0,0,33657322,108,88,Eibar,"Bajo Deba, Guipúzcoa",1999,0
260000,2.0,3.0,0,84031227,95,,Eibar,"Bajo Deba, Guipúzcoa",1955,0
219000,2.0,3.0,0,84073164,80,76,Deba,"Bajo Deba, Guipúzcoa",,0
195000,1.0,2.0,0,84327341,53,49,Elgoibar,"Bajo Deba, Guipúzcoa",2010,0
322000,2.0,3.0,0,84061830,125,,Deba,"Bajo Deba, Guipúzcoa",,1
128000,1.0,3.0,0,81815752,86,69,Mutriku,"Bajo Deba, Guipúzcoa",,0
115000,1.0,3.0,0,84650708,65,62,Mendaro,"Bajo Deba, Guipúzcoa",,0
200000,1.0,3.0,0,28943395,85,80,Deba,"Bajo Deba, Guipúzcoa",,0
220000,1.0,1.0,0,31750216,90,75,Deba,"Bajo Deba, Guipúzcoa",2008,0
130000,1.0,1.0,0,35650651,26,,Deba,"Bajo Deba, Guipúzcoa",,0
198000,1.0,2.0,0,37160289,65,,Deba,"Bajo Deba, Guipúzcoa",,0
240000,2.0,3.0,0,37656081,97,95,Elgoibar,"Bajo Deba, Guipúzcoa",1970,1
120000,1.0,3.0,0,37732182,80,70,Deba,"Bajo Deba, Guipúzcoa",1900,0
265000,2.0,3.0,0,38266245,110,100,Eibar,"Bajo Deba, Guipúzcoa",,1
710000,3.0,5.0,1,38646650,400,,Eibar,"Bajo Deba, Guipúzcoa",,1
290000,2.0,3.0,0,40061867,95,,Deba,"Bajo Deba, Guipúzcoa",,0
180000,1.0,3.0,0,40312043,105,,Deba,"Bajo Deba, Guipúzcoa",,0
82000,1.0,2.0,0,40530150,68,60,Elgoibar,"Bajo Deba, Guipúzcoa",,0
250000,2.0,3.0,0,81446325,99,84,Deba,"Bajo Deba, Guipúzcoa",,0
125000,1.0,1.0,8,81564439,40,,Deba,"Bajo Deba, Guipúzcoa",,0
290000,2.0,3.0,0,82527011,80,,Deba,"Bajo Deba, Guipúzcoa",2003,1
234000,2.0,3.0,8,82791032,139,129,Mendaro,"Bajo Deba, Guipúzcoa",,1
298000,2.0,5.0,13,83195233,32000,600,Elgoibar,"Bajo Deba, Guipúzcoa",,1
77000,1.0,2.0,8,83609880,67,54,Eibar,"Bajo Deba, Guipúzcoa",,0
150000,1.0,2.0,0,83894337,63,,Deba,"Bajo Deba, Guipúzcoa",,0
330000,3.0,4.0,6,30628515,188,169,Mendaro,"Bajo Deba, Guipúzcoa",,1
295000,2.0,3.0,0,84414310,130,,Elgoibar,"Bajo Deba, Guipúzcoa",,1
125000,1.0,3.0,0,84541658,89,76,Eibar,"Bajo Deba, Guipúzcoa",1969,0
115000,1.0,3.0,0,84837032,75,,Eibar,"Bajo Deba, Guipúzcoa",,0
98000,1.0,3.0,0,36078765,70,,Eibar,"Bajo Deba, Guipúzcoa",,0
115000,1.0,3.0,0,692212,90,77,Eibar,"Bajo Deba, Guipúzcoa",,0
220000,2.0,2.0,0,83621159,76,66,Elgoibar,"Bajo Deba, Guipúzcoa",2004,0
90000,1.0,2.0,0,83799393,50,,Eibar,"Bajo Deba, Guipúzcoa",1963,0
154000,1.0,2.0,0,83875087,73,69,Eibar,"Bajo Deba, Guipúzcoa",1976,0
85000,1.0,3.0,0,39470056,67,,Eibar,"Bajo Deba, Guipúzcoa",,0
150000,1.0,3.0,0,84870523,80,69,Eibar,"Bajo Deba, Guipúzcoa",1972,0
183000,1.0,3.0,0,84196328,68,67,Eibar,"Bajo Deba, Guipúzcoa",,0
590000,2.0,5.0,1,83797573,750,175,Eibar,"Bajo Deba, Guipúzcoa",,1
322500,2.0,4.0,6,25698605,168,154,Mendaro,"Bajo Deba, Guipúzcoa",,0
128000,1.0,2.0,0,39429143,60,55,Eibar,"Bajo Deba, Guipúzcoa",,0
245000,1.0,6.0,2,39541826,625,,Eibar,"Bajo Deba, Guipúzcoa",,1
149960,2.0,2.0,0,40139135,70,69,Eibar,"Bajo Deba, Guipúzcoa",2007,1
390000,3.0,3.0,6,83822444,125,120,Elgoibar,"Bajo Deba, Guipúzcoa",2001,0
150000,1.0,3.0,0,456020,65,,Mutriku,"Bajo Deba, Guipúzcoa",,0
144000,1.0,3.0,0,38682381,88,87,Mutriku,"Bajo Deba, Guipúzcoa",,0
165000,1.0,2.0,0,81519316,62,60,Mutriku,"Bajo Deba, Guipúzcoa",,0
125000,1.0,2.0,8,32166429,58,57,Mutriku,"Bajo Deba, Guipúzcoa",,0
226000,2.0,2.0,0,82600605,60,59,Mutriku,"Bajo Deba, Guipúzcoa",2005,1
205000,2.0,2.0,0,82604571,75,74,Mutriku,"Bajo Deba, Guipúzcoa",,0
150000,1.0,3.0,0,83678818,75,74,Mutriku,"Bajo Deba, Guipúzcoa",,0
99000,1.0,2.0,0,34289784,79,69,Eibar,"Bajo Deba, Guipúzcoa",1940,0
235000,2.0,3.0,0,38880984,104,93,Deba,"Bajo Deba, Guipúzcoa",1992,0
55000,1.0,2.0,0,81519057,75,64,Altzola,"Bajo Deba, Guipúzcoa",1955,0
123400,1.0,3.0,0,81681136,86,70,Soraluze/Placencia de las Armas,"Bajo Deba, Guipúzcoa",,0
40000,0.0,0.0,0,82996652,94,82,Elgoibar,"Bajo Deba, Guipúzcoa",,0
95000,1.0,2.0,0,83966982,71,60,Eibar,"Bajo Deba, Guipúzcoa",1964,0
135000,1.0,3.0,0,32099534,80,79,Mutriku,"Bajo Deba, Guipúzcoa",,0
325000,2.0,5.0,13,34443374,100000,375,Mutriku,"Bajo Deba, Guipúzcoa",,1
95000,1.0,3.0,0,39648279,85,82,Mendaro,"Bajo Deba, Guipúzcoa",,0
90000,1.0,3.0,0,39947701,99,95,Elgoibar,"Bajo Deba, Guipúzcoa",1900,0
210000,1.0,3.0,0,40248759,70,,Deba,"Bajo Deba, Guipúzcoa",,0
145000,1.0,2.0,0,81175563,60,59,Mutriku,"Bajo Deba, Guipúzcoa",,0
95000,1.0,3.0,0,36767906,60,57,Elgoibar,"Bajo Deba, Guipúzcoa",,0
250000,2.0,3.0,0,687178,168,144,Soraluze/Placencia de las Armas,"Bajo Deba, Guipúzcoa",,0
220000,2.0,3.0,0,34363016,78,70,Elgoibar,"Bajo Deba, Guipúzcoa",1992,1
390000,3.0,2.0,6,37877516,100,97,Elgoibar,"Bajo Deba, Guipúzcoa",,1
85000,1.0,2.0,0,38562100,48,46,Elgoibar,"Bajo Deba, Guipúzcoa",,0
120000,2.0,2.0,0,38751669,90,74,Elgoibar,"Bajo Deba, Guipúzcoa",,0
450000,2.0,4.0,6,39213741,229,,Elgoibar,"Bajo Deba, Guipúzcoa",,1
249000,1.0,2.0,0,81579844,60,56,Elgoibar,"Bajo Deba, Guipúzcoa",2001,1
160000,1.0,3.0,0,81267346,85,77,Elgoibar,"Bajo Deba, Guipúzcoa",1974,0
350000,3.0,2.0,6,81955414,120,99,Elgoibar,"Bajo Deba, Guipúzcoa",2005,0
230000,1.0,2.0,0,82423003,80,77,Elgoibar,"Bajo Deba, Guipúzcoa",2005,1
115000,1.0,2.0,0,32023557,65,56,Elgoibar,"Bajo Deba, Guipúzcoa",,0
835000,2.0,4.0,13,82598546,500,,Deba,"Bajo Deba, Guipúzcoa",1986,1
190000,1.0,3.0,0,82657076,90,80,Elgoibar,"Bajo Deba, Guipúzcoa",1952,0
260000,2.0,2.0,8,82660077,80,79,Elgoibar,"Bajo Deba, Guipúzcoa",2008,0
175000,1.0,3.0,0,82842280,100,90,Elgoibar,"Bajo Deba, Guipúzcoa",,1
330000,2.0,3.0,0,82946005,95,84,Elgoibar,"Bajo Deba, Guipúzcoa",2005,1
150000,1.0,3.0,0,83313393,85,75,Elgoibar,"Bajo Deba, Guipúzcoa",1975,0
260000,2.0,2.0,8,83350079,85,80,Elgoibar,"Bajo Deba, Guipúzcoa",1979,0
105000,1.0,2.0,0,83458961,50,47,Elgoibar,"Bajo Deba, Guipúzcoa",1957,0
120000,1.0,2.0,0,83596648,60,56,Elgoibar,"Bajo Deba, Guipúzcoa",2009,1
185000,2.0,4.0,0,83596853,160,150,Elgoibar,"Bajo Deba, Guipúzcoa",1922,0
220000,2.0,2.0,0,83612177,75,67,Elgoibar,"Bajo Deba, Guipúzcoa",2004,1
250000,2.0,3.0,0,83823267,100,83,Elgoibar,"Bajo Deba, Guipúzcoa",1970,1
150000,1.0,3.0,0,83835571,72,63,Elgoibar,"Bajo Deba, Guipúzcoa",1965,0
99500,1.0,3.0,0,83953437,95,82,Soraluze/Placencia de las Armas,"Bajo Deba, Guipúzcoa",1956,0
58000,1.0,2.0,0,83978276,76,74,Elgoibar,"Bajo Deba, Guipúzcoa",,0
200000,2.0,3.0,0,84043271,97,87,Mendaro,"Bajo Deba, Guipúzcoa",2006,1
230000,2.0,2.0,0,84055659,80,74,Elgoibar,"Bajo Deba, Guipúzcoa",2016,0
170000,2.0,3.0,0,84208493,110,93,Elgoibar,"Bajo Deba, Guipúzcoa",1979,0
180000,1.0,3.0,0,84226367,82,72,Elgoibar,"Bajo Deba, Guipúzcoa",1973,1
360000,2.0,3.0,0,36022842,97,,Deba,"Bajo Deba, Guipúzcoa",2005,0
150000,1.0,3.0,0,83656866,90,80,Eibar,"Bajo Deba, Guipúzcoa",1959,0
225000,1.0,3.0,0,84663617,85,80,Mutriku,"Bajo Deba, Guipúzcoa",,0
230000,2.0,3.0,0,34671790,100,90,Elgoibar,"Bajo Deba, Guipúzcoa",1975,1
690000,2.0,4.0,1,37587594,2000,480,Elgoibar,"Bajo Deba, Guipúzcoa",1977,1
220000,1.0,3.0,0,30033647,100,90,Elgoibar,"Bajo Deba, Guipúzcoa",1949,0
230000,2.0,3.0,0,38774870,120,90,Elgoibar,"Bajo Deba, Guipúzcoa",,0
299000,1.0,3.0,1,39291430,438,,Mutriku,"Bajo Deba, Guipúzcoa",1958,0
238000,2.0,3.0,0,82850870,86,84,Elgoibar,"Bajo Deba, Guipúzcoa",2000,1
265000,2.0,2.0,0,83743490,93,87,Elgoibar,"Bajo Deba, Guipúzcoa",1976,1
340000,2.0,3.0,0,83845055,126,96,Deba,"Bajo Deba, Guipúzcoa",2000,0
136000,1.0,2.0,0,84120884,75,68,Mendaro,"Bajo Deba, Guipúzcoa",2007,0
164800,1.0,2.0,0,84640276,61,,Elgoibar,"Bajo Deba, Guipúzcoa",,0
149900,2.0,3.0,0,29712765,92,79,Soraluze/Placencia de las Armas,"Bajo Deba, Guipúzcoa",2009,1
83000,1.0,3.0,0,81145698,62,57,Soraluze/Placencia de las Armas,"Bajo Deba, Guipúzcoa",1960,0
245000,2.0,3.0,9,81964551,532,,Eibar,"Bajo Deba, Guipúzcoa",,0
115000,1.0,2.0,0,1734601,91,70,Mendaro,"Bajo Deba, Guipúzcoa",,0
255000,2.0,3.0,0,34863857,127,,Mendaro,"Bajo Deba, Guipúzcoa",,1
158000,2.0,4.0,6,37664302,90,,Elgoibar,"Bajo Deba, Guipúzcoa",,0
398000,2.0,7.0,7,38596786,900,,Soraluze/Placencia de las Armas,"Bajo Deba, Guipúzcoa",,1
100873,1.0,3.0,0,38582979,78,,Eibar,"Bajo Deba, Guipúzcoa",,0
129000,1.0,3.0,0,39951037,90,80,Mendaro,"Bajo Deba, Guipúzcoa",,1
234000,2.0,3.0,8,2044726,129,,Mendaro,"Bajo Deba, Guipúzcoa",,1
465000,2.0,3.0,1,32549007,11355,,Elgoibar,"Bajo Deba, Guipúzcoa",,0
140000,2.0,3.0,0,84834121,75,,Eibar,"Bajo Deba, Guipúzcoa",,0
210000,1.0,4.0,0,84856971,91,,Eibar,"Bajo Deba, Guipúzcoa",,0
175000,1.0,2.0,0,25790651,65,60,Deba,"Bajo Deba, Guipúzcoa",,0
165000,1.0,3.0,0,37942132,78,65,Eibar,"Bajo Deba, Guipúzcoa",1968,0
200000,2.0,2.0,0,38762184,70,61,Elgoibar,"Bajo Deba, Guipúzcoa",,0
395000,2.0,3.0,0,39811372,130,120,Elgoibar,"Bajo Deba, Guipúzcoa",,1
318000,2.0,3.0,0,81952561,90,85,Deba,"Bajo Deba, Guipúzcoa",2000,0
244000,2.0,2.0,0,82234396,76,65,Eibar,"Bajo Deba, Guipúzcoa",2010,0
180000,1.0,3.0,0,83952426,100,91,Elgoibar,"Bajo Deba, Guipúzcoa",1966,0
95000,1.0,3.0,0,84870522,73,63,Eibar,"Bajo Deba, Guipúzcoa",1954,0
69000,1.0,2.0,0,84870525,80,70,Soraluze/Placencia de las Armas,"Bajo Deba, Guipúzcoa",1900,0
198000,1.0,3.0,0,84555533,95,85,Eibar,"Bajo Deba, Guipúzcoa",,0
150000,1.0,3.0,0,31966493,80,70,Deba,"Bajo Deba, Guipúzcoa",1970,0
255000,2.0,3.0,8,36040956,102,,Mutriku,"Bajo Deba, Guipúzcoa",2010,0
219000,2.0,3.0,0,37477524,85,,Deba,"Bajo Deba, Guipúzcoa",1992,0
175000,1.0,2.0,0,39958043,65,,Deba,"Bajo Deba, Guipúzcoa",,0
289000,1.0,2.0,0,82324053,96,,Deba,"Bajo Deba, Guipúzcoa",,0
180000,2.0,3.0,0,83954312,75,66,Deba,"Bajo Deba, Guipúzcoa",1975,1
180000,1.0,3.0,0,84195346,95,90,Elgoibar,"Bajo Deba, Guipúzcoa",1972,0
280000,2.0,4.0,0,84856974,139,,Eibar,"Bajo Deba, Guipúzcoa",,0
160000,1.0,2.0,0,40549889,70,65,Elgoibar,"Bajo Deba, Guipúzcoa",1995,0
391356,2.0,3.0,0,81939505,127,116,Eibar,"Bajo Deba, Guipúzcoa",,0
120000,1.0,3.0,0,83710533,70,,Elgoibar,"Bajo Deba, Guipúzcoa",1955,0
91000,1.0,3.0,0,82154858,75,68,Eibar,"Bajo Deba, Guipúzcoa",,0
154000,1.0,2.0,0,81726431,75,73,Eibar,"Bajo Deba, Guipúzcoa",,0
650000,5.0,3.0,4,82583674,250,213,Deba,"Bajo Deba, Guipúzcoa",1996,1
120000,2.0,6.0,6,84187208,250,,Mutriku,"Bajo Deba, Guipúzcoa",,0
105000,1.0,3.0,0,33096331,78,65,Eibar,"Bajo Deba, Guipúzcoa",,0
274000,2.0,3.0,0,84811531,100,,Mutriku,"Bajo Deba, Guipúzcoa",,1
175000,1.0,3.0,0,83363260,90,,Elgoibar,"Bajo Deba, Guipúzcoa",,0
165000,2.0,3.0,0,32021852,93,,Elgoibar,"Bajo Deba, Guipúzcoa",,1
230000,2.0,3.0,0,38726097,95,81,Elgoibar,"Bajo Deba, Guipúzcoa",2018,0
100873,1.0,3.0,0,37823274,78,66,Eibar,"Bajo Deba, Guipúzcoa",,0
164800,1.0,2.0,0,84779586,61,,Elgoibar,"Bajo Deba, Guipúzcoa",,0
425000,3.0,3.0,6,35291414,150,122,Elgoibar,"Bajo Deba, Guipúzcoa",2001,1
170000,2.0,2.0,0,38548781,100,90,Elgoibar,"Bajo Deba, Guipúzcoa",1940,0
350000,2.0,3.0,0,39256933,120,94,Elgoibar,"Bajo Deba, Guipúzcoa",2007,1
296000,2.0,3.0,0,81533435,100,89,Elgoibar,"Bajo Deba, Guipúzcoa",1971,1
305000,3.0,5.0,6,36253121,160,150,Mendaro,"Bajo Deba, Guipúzcoa",,1
250000,2.0,3.0,6,81794524,110,80,Elgoibar,"Bajo Deba, Guipúzcoa",2009,0
300000,3.0,5.0,6,82602702,165,145,Elgoibar,"Bajo Deba, Guipúzcoa",,0
120000,2.0,4.0,10,82761429,90,80,Elgoibar,"Bajo Deba, Guipúzcoa",1957,0
200000,1.0,3.0,0,82840519,120,107,Elgoibar,"Bajo Deba, Guipúzcoa",1958,0
265000,2.0,2.0,0,82947540,93,87,Elgoibar,"Bajo Deba, Guipúzcoa",1976,1
158000,2.0,4.0,6,83648780,90,86,Elgoibar,"Bajo Deba, Guipúzcoa",1973,0
252000,2.0,3.0,0,84162065,85,75,Elgoibar,"Bajo Deba, Guipúzcoa",1983,0
129900,2.0,2.0,0,83954355,75,65,Eibar,"Bajo Deba, Guipúzcoa",2008,1
395000,2.0,3.0,0,81793878,124,120,Elgoibar,"Bajo Deba, Guipúzcoa",1978,1
270000,2.0,4.0,2,84195922,10000,,Elgoibar,"Bajo Deba, Guipúzcoa",,1
795000,6.0,6.0,1,84176322,60000,,Deba,"Bajo Deba, Guipúzcoa",,0
202000,2.0,2.0,6,40408468,95,78,Mutriku,"Bajo Deba, Guipúzcoa",2010,0
255000,3.0,3.0,6,40408683,123,102,Mutriku,"Bajo Deba, Guipúzcoa",2010,0
100200,1.0,3.0,0,82705479,87,70,Soraluze/Placencia de las Armas,"Bajo Deba, Guipúzcoa",1969,0
120000,1.0,3.0,0,82972482,75,65,Eibar,"Bajo Deba, Guipúzcoa",1957,0
230000,2.0,3.0,0,31238770,95,90,Mutriku,"Bajo Deba, Guipúzcoa",,0
230000,2.0,3.0,0,84586967,100,87,Elgoibar,"Bajo Deba, Guipúzcoa",1977,1
160000,2.0,3.0,0,84644249,97,87,Elgoibar,"Bajo Deba, Guipúzcoa",1975,1
133000,1.0,2.0,0,84674333,75,66,Elgoibar,"Bajo Deba, Guipúzcoa",2012,1
238000,2.0,4.0,0,36667228,95,90,Elgoibar,"Bajo Deba, Guipúzcoa",1960,0
305000,2.0,5.0,0,39132165,160,145,Elgoibar,"Bajo Deba, Guipúzcoa",,1
158000,1.0,3.0,0,82789367,80,70,Elgoibar,"Bajo Deba, Guipúzcoa",1968,0
115000,1.0,2.0,0,32165802,65,60,Deba,"Bajo Deba, Guipúzcoa",1975,0
210000,1.0,2.0,0,81960845,55,50,Deba,"Bajo Deba, Guipúzcoa",2018,0
245000,1.0,3.0,0,83815867,67,,Deba,"Bajo Deba, Guipúzcoa",1963,0
152000,2.0,3.0,0,84285051,86,80,Elgoibar,"Bajo Deba, Guipúzcoa",1973,1
160000,2.0,3.0,6,84342948,110,100,Altzola,"Bajo Deba, Guipúzcoa",2005,0
198000,1.0,2.0,0,39129735,76,74,Elgoibar,"Bajo Deba, Guipúzcoa",2002,0
315000,2.0,3.0,6,38941576,130,100,Elgoibar,"Bajo Deba, Guipúzcoa",1997,0
265000,2.0,3.0,0,40143450,98,84,Mutriku,"Bajo Deba, Guipúzcoa",,1
150000,1.0,2.0,0,83172242,63,,Deba,"Bajo Deba, Guipúzcoa",,0
282000,2.0,3.0,0,84047944,71,64,Deba,"Bajo Deba, Guipúzcoa",2007,1
190000,2.0,2.0,0,37278760,76,,Deba,"Bajo Deba, Guipúzcoa",2017,0
280000,2.0,3.0,0,82569632,101,98,Eibar,"Bajo Deba, Guipúzcoa",1978,0
63000,1.0,3.0,0,36467207,73,61,Soraluze/Placencia de las Armas,"Bajo Deba, Guipúzcoa",1966,0
190000,2.0,2.0,0,37299287,87,74,Deba,"Bajo Deba, Guipúzcoa",2017,1
450000,3.0,4.0,6,84231399,250,131,Elgoibar,"Bajo Deba, Guipúzcoa",2005,1
230000,2.0,2.0,0,84744344,70,60,Elgoibar,"Bajo Deba, Guipúzcoa",2007,0
175000,3.0,3.0,6,82467892,110,100,Deba,"Bajo Deba, Guipúzcoa",2003,1
98000,1.0,2.0,0,83385335,64,60,Soraluze/Placencia de las Armas,"Bajo Deba, Guipúzcoa",1963,0
195000,1.0,3.0,0,39244869,85,71,Eibar,"Bajo Deba, Guipúzcoa",1964,0
280000,3.0,4.0,0,39691014,163,139,Eibar,"Bajo Deba, Guipúzcoa",1979,0
98000,1.0,3.0,0,84425355,76,63,Mendaro,"Bajo Deba, Guipúzcoa",1969,0
185000,3.0,2.0,4,81925440,141,80,Mutriku,"Bajo Deba, Guipúzcoa",2008,0
245000,2.0,5.0,2,84273517,1,540,Eibar,"Bajo Deba, Guipúzcoa",,1
350000,2.0,4.0,0,84034254,117,100,Elgoibar,"Bajo Deba, Guipúzcoa",,1
85000,1.0,2.0,0,1869273,67,,Eibar,"Bajo Deba, Guipúzcoa",,0
155000,1.0,2.0,0,36975949,65,,Eibar,"Bajo Deba, Guipúzcoa",1971,0
129000,1.0,3.0,0,39017303,67,,Eibar,"Bajo Deba, Guipúzcoa",1969,0
121000,1.0,2.0,0,39427026,54,,Eibar,"Bajo Deba, Guipúzcoa",2015,1
148000,1.0,2.0,0,39624826,52,,Eibar,"Bajo Deba, Guipúzcoa",1953,0
72000,1.0,2.0,0,39791506,68,43,Eibar,"Bajo Deba, Guipúzcoa",1940,0
180000,1.0,4.0,0,39952740,101,,Eibar,"Bajo Deba, Guipúzcoa",1936,0
114000,1.0,3.0,0,81210097,60,,Eibar,"Bajo Deba, Guipúzcoa",1965,0
95000,1.0,3.0,0,81256169,68,,Eibar,"Bajo Deba, Guipúzcoa",1958,0
130000,1.0,1.0,0,82467140,48,,Eibar,"Bajo Deba, Guipúzcoa",2006,0
190000,2.0,3.0,0,82521637,67,,Eibar,"Bajo Deba, Guipúzcoa",1957,0
75000,1.0,3.0,0,82521646,72,,Eibar,"Bajo Deba, Guipúzcoa",,0
115000,1.0,1.0,0,82535306,29,23,Deba,"Bajo Deba, Guipúzcoa",1971,0
124000,1.0,2.0,0,82746568,60,,Eibar,"Bajo Deba, Guipúzcoa",1957,0
107000,1.0,2.0,0,82860744,54,,Eibar,"Bajo Deba, Guipúzcoa",1964,0
115000,1.0,1.0,0,83014898,76,64,Eibar,"Bajo Deba, Guipúzcoa",,0
85000,1.0,3.0,0,83172256,39,,Eibar,"Bajo Deba, Guipúzcoa",1954,0
95000,1.0,3.0,0,83380440,60,,Eibar,"Bajo Deba, Guipúzcoa",1964,0
124000,1.0,2.0,0,84273782,81,70,Eibar,"Bajo Deba, Guipúzcoa",1964,0
183000,1.0,3.0,0,84371264,61,,Eibar,"Bajo Deba, Guipúzcoa",1956,0
113000,1.0,2.0,0,84550373,59,,Eibar,"Bajo Deba, Guipúzcoa",1963,0
198000,2.0,3.0,0,37363920,85,,Eibar,"Bajo Deba, Guipúzcoa",1950,0
156000,1.0,3.0,0,84745587,120,,Eibar,"Bajo Deba, Guipúzcoa",1904,0
123000,1.0,2.0,0,37627534,60,,Eibar,"Bajo Deba, Guipúzcoa",1957,0
185000,1.0,2.0,0,37911407,60,50,Eibar,"Bajo Deba, Guipúzcoa",,0
200000,1.0,2.0,0,39838945,63,55,Eibar,"Bajo Deba, Guipúzcoa",,0
290000,2.0,3.0,0,37094288,120,101,Eibar,"Bajo Deba, Guipúzcoa",1963,0
390000,2.0,4.0,0,36260467,136,,Eibar,"Bajo Deba, Guipúzcoa",,0
350000,2.0,3.0,0,39140993,105,,Eibar,"Bajo Deba, Guipúzcoa",1957,0
115000,1.0,3.0,0,39406227,75,64,Soraluze/Placencia de las Armas,"Bajo Deba, Guipúzcoa",1956,0
228000,2.0,3.0,0,40142539,86,85,Eibar,"Bajo Deba, Guipúzcoa",2002,0
398000,3.0,4.0,0,81675849,210,195,Eibar,"Bajo Deba, Guipúzcoa",1971,0
112000,1.0,3.0,0,82627298,71,60,Eibar,"Bajo Deba, Guipúzcoa",1965,0
158000,2.0,4.0,0,83705279,126,99,Elgoibar,"Bajo Deba, Guipúzcoa",1973,0
143500,1.0,2.0,0,84315253,70,,Eibar,"Bajo Deba, Guipúzcoa",2011,1
210000,1.0,2.0,0,84448123,76,61,Eibar,"Bajo Deba, Guipúzcoa",2006,0
45300,2.0,3.0,0,37156621,116,,Elgoibar,"Bajo Deba, Guipúzcoa",,0
110000,1.0,2.0,0,84500594,61,51,Eibar,"Bajo Deba, Guipúzcoa",1967,0
69000,1.0,2.0,0,83651015,58,53,Eibar,"Bajo Deba, Guipúzcoa",1960,0
249000,2.0,3.0,0,84805016,96,80,Eibar,"Bajo Deba, Guipúzcoa",,0
74800,1.0,2.0,0,83533613,60,54,Eibar,"Bajo Deba, Guipúzcoa",1959,0
144900,1.0,2.0,0,83543578,62,55,Eibar,"Bajo Deba, Guipúzcoa",1956,0
155500,1.0,3.0,0,83659462,58,56,Eibar,"Bajo Deba, Guipúzcoa",1966,0
154500,1.0,2.0,0,83660282,60,52,Eibar,"Bajo Deba, Guipúzcoa",1968,0
124500,1.0,2.0,0,83942834,60,55,Eibar,"Bajo Deba, Guipúzcoa",1957,0
129900,1.0,2.0,0,83945163,70,65,Eibar,"Bajo Deba, Guipúzcoa",1964,0
124500,1.0,2.0,0,84209755,65,59,Eibar,"Bajo Deba, Guipúzcoa",1973,0
210000,2.0,3.0,0,84253536,115,100,Eibar,"Bajo Deba, Guipúzcoa",2004,1
270000,3.0,4.0,0,34959330,133,114,Mutriku,"Bajo Deba, Guipúzcoa",,0
360000,2.0,3.0,0,32914756,116,97,Deba,"Bajo Deba, Guipúzcoa",2005,0
398000,1.0,7.0,4,40013500,675,,Soraluze/Placencia de las Armas,"Bajo Deba, Guipúzcoa",,0
290672,2.0,3.0,0,81939504,103,91,Eibar,"Bajo Deba, Guipúzcoa",,0
204891,2.0,2.0,0,31078739,69,,Eibar,"Bajo Deba, Guipúzcoa",,0
261730,2.0,3.0,0,31078743,86,,Eibar,"Bajo Deba, Guipúzcoa",,0
220000,2.0,3.0,0,82761834,88,78,Elgoibar,"Bajo Deba, Guipúzcoa",2011,1
170000,2.0,3.0,0,38506345,90,80,Elgoibar,"Bajo Deba, Guipúzcoa",1980,0
320000,2.0,3.0,0,39258225,100,86,Eibar,"Bajo Deba, Guipúzcoa",,0
835000,2.0,4.0,9,81964571,570,550,Deba,"Bajo Deba, Guipúzcoa",1987,1
446700,4.0,7.0,1,35694498,992,,Altzola,"Bajo Deba, Guipúzcoa",1846,0
210000,2.0,2.0,0,84697092,100,,Deba,"Bajo Deba, Guipúzcoa",1992,0
155196,2.0,3.0,0,33274791,91,79,Ordizia,"Goierri, Guipúzcoa",2016,1
110000,1.0,3.0,0,82204171,107,,Beasain,"Goierri, Guipúzcoa",,0
285000,2.0,3.0,8,83227389,151,,Lazkao,"Goierri, Guipúzcoa",,0
280000,2.0,3.0,8,83227255,143,,Lazkao,"Goierri, Guipúzcoa",,0
320000,3.0,5.0,3,40421625,180,,Zaldibia,"Goierri, Guipúzcoa",,1
203000,1.0,3.0,0,34537544,100,90,Lazkao,"Goierri, Guipúzcoa",,0
115000,1.0,3.0,0,39721373,80,75,Legazpia,"Goierri, Guipúzcoa",,0
360000,2.0,3.0,4,84365258,209,189,Zizurkil,"Tolosaldea, Guipúzcoa",,1
468000,3.0,4.0,4,84424707,190,,Asteasu,"Tolosaldea, Guipúzcoa",,1
155000,1.0,2.0,0,84815461,68,,Irura,"Tolosaldea, Guipúzcoa",2006,1
700000,2.0,4.0,4,82395488,322,,Tolosa,"Tolosaldea, Guipúzcoa",,0
170000,2.0,3.0,0,82483057,120,102,Alegia,"Tolosaldea, Guipúzcoa",,0
200000,2.0,3.0,0,81824323,95,90,Tolosa,"Tolosaldea, Guipúzcoa",,0
350000,3.0,3.0,4,83591524,195,,Albiztur,"Tolosaldea, Guipúzcoa",,1
700000,5.0,5.0,4,83624799,450,,Belauntza,"Tolosaldea, Guipúzcoa",,1
480000,2.0,5.0,4,83867252,420,,Bidegoyan,"Tolosaldea, Guipúzcoa",,1
275000,2.0,3.0,0,84327108,98,90,Irura,"Tolosaldea, Guipúzcoa",2001,1
630000,3.0,6.0,1,84737576,2535,,Asteasu,"Tolosaldea, Guipúzcoa",,1
385000,2.0,4.0,9,84744578,310,240,Anoeta,"Tolosaldea, Guipúzcoa",,1
210000,2.0,4.0,0,84752418,140,,Alegia,"Tolosaldea, Guipúzcoa",,0
250000,2.0,3.0,0,40228183,215,,Tolosa,"Tolosaldea, Guipúzcoa",,0
385000,2.0,3.0,9,82703329,230,,Anoeta,"Tolosaldea, Guipúzcoa",1996,0
330000,3.0,5.0,10,39625487,210,154,Asteasu,"Tolosaldea, Guipúzcoa",2004,1
363000,2.0,3.0,3,81879132,180,150,Irura,"Tolosaldea, Guipúzcoa",2002,1
175000,1.0,1.0,0,82898805,50,,Villabona,"Tolosaldea, Guipúzcoa",2000,0
173000,1.0,2.0,8,1738176,95,92,Irura,"Tolosaldea, Guipúzcoa",,0
425000,2.0,4.0,0,82532794,120,,Tolosa,"Tolosaldea, Guipúzcoa",,0
440000,3.0,5.0,0,82961871,160,145,Tolosa,"Tolosaldea, Guipúzcoa",1976,1
570000,3.0,4.0,6,83892103,130,116,Tolosa,"Tolosaldea, Guipúzcoa",,1
420000,2.0,3.0,0,84140722,109,98,Tolosa,"Tolosaldea, Guipúzcoa",,1
495000,2.0,3.0,0,40341864,256,213,Tolosa,"Tolosaldea, Guipúzcoa",1994,1
99000,1.0,2.0,0,84649081,68,60,Zizurkil,"Tolosaldea, Guipúzcoa",1972,0
320000,1.0,8.0,2,84569948,61000,,Tolosa,"Tolosaldea, Guipúzcoa",,0
104243,1.0,1.0,0,84863294,45,,Tolosa,"Tolosaldea, Guipúzcoa",,1
495000,3.0,4.0,0,30993685,180,160,Tolosa,"Tolosaldea, Guipúzcoa",1957,0
310000,2.0,4.0,0,82688330,192,167,Irura,"Tolosaldea, Guipúzcoa",1988,0
270000,2.0,3.0,3,82783115,150,130,Villabona,"Tolosaldea, Guipúzcoa",2005,1
205000,2.0,3.0,0,82946103,86,75,Villabona,"Tolosaldea, Guipúzcoa",2008,0
570000,3.0,4.0,4,83018674,285,220,Anoeta,"Tolosaldea, Guipúzcoa",1991,1
480000,3.0,7.0,1,84027037,1700,365,Bidegoyan,"Tolosaldea, Guipúzcoa",1957,1
185000,2.0,3.0,0,84667183,80,,Tolosa,"Tolosaldea, Guipúzcoa",,0
162000,1.0,2.0,0,30507990,73,66,Villabona,"Tolosaldea, Guipúzcoa",,0
420000,2.0,2.0,0,33383402,115,114,Zizurkil,"Tolosaldea, Guipúzcoa",,1
372000,2.0,6.0,0,38763460,230,205,Tolosa,"Tolosaldea, Guipúzcoa",1904,0
325000,3.0,3.0,10,40480664,315,150,Hernialde,"Tolosaldea, Guipúzcoa",2003,0
590000,4.0,5.0,10,40495723,300,248,Tolosa,"Tolosaldea, Guipúzcoa",2001,1
170000,1.0,3.0,0,81174332,148,135,Tolosa,"Tolosaldea, Guipúzcoa",,0
240000,1.0,4.0,4,81942174,135,115,Bidegoyan,"Tolosaldea, Guipúzcoa",1700,1
375000,2.0,6.0,0,82421627,185,175,Tolosa,"Tolosaldea, Guipúzcoa",1935,0
248000,1.0,2.0,0,82689950,70,65,Tolosa,"Tolosaldea, Guipúzcoa",1991,0
498000,4.0,5.0,4,82004077,243,,Alkiza,"Tolosaldea, Guipúzcoa",1994,1
220000,2.0,2.0,0,82298039,106,,Tolosa,"Tolosaldea, Guipúzcoa",,1
160000,2.0,2.0,0,82552817,84,,Alegia,"Tolosaldea, Guipúzcoa",,0
166000,2.0,2.0,0,82552819,84,,Alegia,"Tolosaldea, Guipúzcoa",,0
178000,2.0,2.0,0,82552821,81,,Alegia,"Tolosaldea, Guipúzcoa",,0
122000,1.0,1.0,0,82552822,44,,Alegia,"Tolosaldea, Guipúzcoa",,0
131000,1.0,1.0,0,82552823,58,,Alegia,"Tolosaldea, Guipúzcoa",,0
133000,1.0,1.0,0,82552824,47,,Alegia,"Tolosaldea, Guipúzcoa",,0
153328,1.0,2.0,0,82574614,58,54,Zizurkil,"Tolosaldea, Guipúzcoa",2014,1
690000,3.0,5.0,1,83591913,1100,540,Elduain,"Tolosaldea, Guipúzcoa",2000,1
498000,2.0,3.0,0,84769414,140,118,Tolosa,"Tolosaldea, Guipúzcoa",,0
175000,4.0,9.0,1,82412337,600,443,Bidegoyan,"Tolosaldea, Guipúzcoa",1900,1
162000,2.0,2.0,0,82658702,72,60,Villabona,"Tolosaldea, Guipúzcoa",1900,0
169000,1.0,3.0,0,83796835,100,88,Ibarra,"Tolosaldea, Guipúzcoa",1974,0
155000,1.0,3.0,0,83958426,85,74,Alegia,"Tolosaldea, Guipúzcoa",1966,1
270000,1.0,3.0,0,84483687,90,79,Tolosa,"Tolosaldea, Guipúzcoa",1986,0
275000,2.0,3.0,0,84815458,90,,Irura,"Tolosaldea, Guipúzcoa",2001,1
273000,1.0,2.0,0,84100609,65,55,Tolosa,"Tolosaldea, Guipúzcoa",,0
120000,1.0,3.0,0,84362868,75,68,Villabona,"Tolosaldea, Guipúzcoa",1974,0
135000,1.0,3.0,0,84709151,75,69,Tolosa,"Tolosaldea, Guipúzcoa",1966,0
210000,2.0,3.0,0,40408065,75,65,Irura,"Tolosaldea, Guipúzcoa",2007,0
384000,3.0,5.0,3,84139579,282,235,Alkiza,"Tolosaldea, Guipúzcoa",2006,1
170000,2.0,2.0,0,84285035,72,60,Irura,"Tolosaldea, Guipúzcoa",2019,1
370000,3.0,3.0,3,84295844,60,135,Irura,"Tolosaldea, Guipúzcoa",2019,1
750000,5.0,4.0,4,81535832,534,445,Berastegi,"Tolosaldea, Guipúzcoa",2004,1
220000,1.0,2.0,0,84805022,81,,Ibarra,"Tolosaldea, Guipúzcoa",,0
560000,3.0,8.0,1,38608320,935,477,Tolosa,"Tolosaldea, Guipúzcoa",1929,1
234000,2.0,2.0,0,40299541,115,,Tolosa,"Tolosaldea, Guipúzcoa",2011,1
210000,2.0,4.0,0,83455580,144,134,Alegia,"Tolosaldea, Guipúzcoa",,0
144000,1.0,3.0,0,84648867,84,78,Zizurkil,"Tolosaldea, Guipúzcoa",1972,0
186000,2.0,3.0,6,84285374,121,110,Irura,"Tolosaldea, Guipúzcoa",2019,0
155000,1.0,2.0,8,84774387,70,63,Irura,"Tolosaldea, Guipúzcoa",2009,1
280000,2.0,3.0,0,30507995,99,90,Anoeta,"Tolosaldea, Guipúzcoa",1999,1
275000,3.0,4.0,4,82829563,170,145,Bidegoyan,"Tolosaldea, Guipúzcoa",2008,1
450000,3.0,11.0,7,82880487,746,325,Berastegi,"Tolosaldea, Guipúzcoa",,0
279000,2.0,2.0,0,84778862,71,,Tolosa,"Tolosaldea, Guipúzcoa",,1
146000,1.0,3.0,8,84778864,100,,Tolosa,"Tolosaldea, Guipúzcoa",,0
200000,2.0,3.0,0,82658729,92,80,Tolosa,"Tolosaldea, Guipúzcoa",1900,0
167500,1.0,2.0,0,82805027,77,68,Villabona,"Tolosaldea, Guipúzcoa",1999,0
145000,1.0,2.0,0,83000519,75,62,Berrobi,"Tolosaldea, Guipúzcoa",2009,1
162000,1.0,4.0,0,83745009,92,85,Tolosa,"Tolosaldea, Guipúzcoa",1900,0
279000,2.0,2.0,0,40407383,86,72,Tolosa,"Tolosaldea, Guipúzcoa",2010,0
900000,6.0,6.0,4,38856001,550,500,Villabona,"Tolosaldea, Guipúzcoa",,0
239000,1.0,3.0,1,82760017,115,100,Legorreta,"Tolosaldea, Guipúzcoa",1950,0
275000,3.0,4.0,3,84190490,240,208,Baliarrain,"Tolosaldea, Guipúzcoa",1999,1
160000,1.0,3.0,0,84363931,92,80,Ibarra,"Tolosaldea, Guipúzcoa",1968,0
185000,2.0,9.0,2,81758500,20700,650,Albiztur,"Tolosaldea, Guipúzcoa",1900,0
460000,2.0,4.0,1,82146951,59092,404,Albiztur,"Tolosaldea, Guipúzcoa",,1
455783,4.0,3.0,7,81360350,71200,,Villabona,"Tolosaldea, Guipúzcoa",,0
180000,1.0,2.0,0,84804492,69,60,Irura,"Tolosaldea, Guipúzcoa",1994,0
520000,3.0,5.0,4,30507936,220,190,Asteasu,"Tolosaldea, Guipúzcoa",2002,1
155000,1.0,2.0,0,84736497,70,63,Irura,"Tolosaldea, Guipúzcoa",2002,1
475000,5.0,9.0,7,40123936,330,286,Gaztelu,"Tolosaldea, Guipúzcoa",,0
104243,1.0,1.0,0,84875825,50,45,Tolosa,"Tolosaldea, Guipúzcoa",2011,1
215000,2.0,3.0,0,84881728,115,95,Berastegi,"Tolosaldea, Guipúzcoa",,1
153000,1.0,2.0,0,84818564,85,75,Tolosa,"Tolosaldea, Guipúzcoa",,1
295000,2.0,4.0,3,84660671,161,160,Ibarra,"Tolosaldea, Guipúzcoa",1978,1
150000,1.0,2.0,0,82690226,70,60,Hernialde,"Tolosaldea, Guipúzcoa",1900,1
125000,1.0,3.0,0,82727272,93,88,Ibarra,"Tolosaldea, Guipúzcoa",1969,0
95000,1.0,2.0,0,82727754,68,66,Tolosa,"Tolosaldea, Guipúzcoa",1900,0
140000,1.0,3.0,0,82757391,70,66,Tolosa,"Tolosaldea, Guipúzcoa",1965,0
240000,2.0,4.0,5,82922762,320,40,Altzo,"Tolosaldea, Guipúzcoa",,0
120000,1.0,3.0,0,83345116,75,73,Tolosa,"Tolosaldea, Guipúzcoa",1957,0
520000,2.0,3.0,0,83016266,130,120,Tolosa,"Tolosaldea, Guipúzcoa",1998,0
115000,1.0,2.0,0,83889323,80,79,Tolosa,"Tolosaldea, Guipúzcoa",1990,0
270000,1.0,1.0,0,82922673,50,,Tolosa,"Tolosaldea, Guipúzcoa",2018,0
167500,1.0,2.0,0,82742379,80,77,Villabona,"Tolosaldea, Guipúzcoa",1999,0
170000,1.0,2.0,0,82905304,60,59,Ibarra,"Tolosaldea, Guipúzcoa",2010,0
125000,1.0,2.0,0,83054780,65,64,Legorreta,"Tolosaldea, Guipúzcoa",,0
130000,1.0,2.0,0,83577746,65,63,Alegia,"Tolosaldea, Guipúzcoa",1900,0
450000,2.0,3.0,6,84659594,100,85,Tolosa,"Tolosaldea, Guipúzcoa",,0
217500,10.0,10.0,0,37204852,516,414,Lizartza,"Tolosaldea, Guipúzcoa",2006,0
130000,1.0,2.0,0,84653314,50,,Tolosa,"Tolosaldea, Guipúzcoa",1990,0
63300,1.0,4.0,0,38184342,486,385,Tolosa,"Tolosaldea, Guipúzcoa",,0
185000,1.0,1.0,0,83346015,50,48,Villabona,"Tolosaldea, Guipúzcoa",2000,0
131000,1.0,1.0,0,82552803,47,,Alegia,"Tolosaldea, Guipúzcoa",,0
171000,2.0,2.0,0,82552811,84,,Alegia,"Tolosaldea, Guipúzcoa",,0
198000,1.0,2.0,8,83969985,60,55,Irura,"Tolosaldea, Guipúzcoa",2008,1
179800,2.0,3.0,0,84163875,118,90,Berastegi,"Tolosaldea, Guipúzcoa",2008,1
108000,1.0,3.0,0,84273412,75,70,Tolosa,"Tolosaldea, Guipúzcoa",1900,0
100000,2.0,5.0,2,35647920,270,200,Berastegi,"Tolosaldea, Guipúzcoa",,0
220000,1.0,2.0,0,84682657,84,80,Ibarra,"Tolosaldea, Guipúzcoa",,0
222000,2.0,2.0,0,39686134,64,,Tolosa,"Tolosaldea, Guipúzcoa",,0
265000,2.0,3.0,0,39686135,79,,Tolosa,"Tolosaldea, Guipúzcoa",,0
295000,2.0,4.0,1,39348883,160,,Ibarra,"Tolosaldea, Guipúzcoa",,1
1350000,5.0,4.0,4,82482204,360,340,Zizurkil,"Tolosaldea, Guipúzcoa",,0
160000,2.0,2.0,0,82552804,84,,Alegia,"Tolosaldea, Guipúzcoa",,0
166000,2.0,2.0,0,82552807,84,,Alegia,"Tolosaldea, Guipúzcoa",,0
178000,2.0,2.0,0,82552812,81,,Alegia,"Tolosaldea, Guipúzcoa",,0
122000,1.0,1.0,0,82552814,44,,Alegia,"Tolosaldea, Guipúzcoa",,0
131000,1.0,1.0,0,82552816,58,,Alegia,"Tolosaldea, Guipúzcoa",,0
133000,1.0,1.0,0,82552818,47,,Alegia,"Tolosaldea, Guipúzcoa",,0
950000,2.0,3.0,1,81826155,3121,203,Asteasu,"Tolosaldea, Guipúzcoa",1985,1
190000,1.0,3.0,0,82234626,95,85,Tolosa,"Tolosaldea, Guipúzcoa",1929,0
384000,2.0,3.0,0,84652128,120,108,Zizurkil,"Tolosaldea, Guipúzcoa",2011,1
194900,1.0,2.0,0,84329252,70,61,Tolosa,"Tolosaldea, Guipúzcoa",2010,0
90000,1.0,2.0,8,84803566,70,63,Tolosa,"Tolosaldea, Guipúzcoa",1957,0
145000,1.0,3.0,0,83195541,72,70,Villabona,"Tolosaldea, Guipúzcoa",1976,0
235000,2.0,3.0,0,84161452,90,89,Irura,"Tolosaldea, Guipúzcoa",2007,0
425000,1.0,4.0,2,39173329,80000,,Baliarrain,"Tolosaldea, Guipúzcoa",,1
198000,4.0,8.0,7,40423048,320,,Berastegi,"Tolosaldea, Guipúzcoa",,1
390000,2.0,7.0,4,36929280,250,,Alkiza,"Tolosaldea, Guipúzcoa",,0
200000,1.0,3.0,0,82216761,90,80,Tolosa,"Tolosaldea, Guipúzcoa",1960,1
62000,1.0,1.0,0,84802215,43,37,Tolosa,"Tolosaldea, Guipúzcoa",1900,0
185000,2.0,3.0,0,84799750,95,85,Ibarra,"Tolosaldea, Guipúzcoa",1975,0
395000,2.0,3.0,0,83720834,80,,Orio,"Urola Kosta, Guipúzcoa",,1
price,0.0,0.0,11,house_id,m2_real,m2_useful,loc_city,loc_zone,construct_date,1
135000,1.0,2.0,0,83010716,65,55,Amezketa,"Tolosaldea, Guipúzcoa",2002,0
110000,1.0,2.0,0,84697994,60,,Mutriku,"Bajo Deba, Guipúzcoa",,0
168000,2.0,2.0,0,1794281,80,76,Deba,"Bajo Deba, Guipúzcoa",2006,1
