ad_last_update,air_conditioner,balcony,bath_num,built_in_wardrobe,chimney,construct_date,energetic_certif,floor,garage,garden,house_id,house_type,lift,loc_city,loc_district,loc_full,loc_neigh,loc_zone,m2_real,m2_useful,obtention_date,price,reduced_mobility,room_num,storage_room,swimming_pool,terrace,condition_condition,condition_promoción de obra nueva,condition_segunda mano/buen estado,condition_segunda mano/para reformar,heating_calefacción central,heating_calefacción individual,heating_calefacción individual: bomba de frío/calor,heating_calefacción individual: eléctrica,heating_calefacción individual: gas propano/butano,heating_heating,heating_no dispone de calefacción,orientation_este,"orientation_este, oeste",orientation_norte,"orientation_norte, este","orientation_norte, este, oeste","orientation_norte, oeste","orientation_norte, sur","orientation_norte, sur, este","orientation_norte, sur, este, oeste","orientation_norte, sur, oeste",orientation_oeste,orientation_orientation,orientation_sur,"orientation_sur, este","orientation_sur, este, oeste","orientation_sur, oeste"
Anuncio actualizado el 3 de abril,0,1,2.0,0,0,1981,,2 plantas,1,1,84610105,0,,Tijarafe,Urb. La Punta de Tijarafe," Camino el Time, Tijarafe s/n , Urb. La Punta de Tijarafe , Tijarafe , La Palma, Santa Cruz de Tenerife ","Camino el Time, Tijarafe s/n","La Palma, Santa Cruz de Tenerife",5266,173,2019-04-14,900000,0,3.0,1,1,1,False,False,True,False,False,False,False,False,False,False,True,False,False,False,False,False,False,False,False,False,False,False,False,True,False,False,False
más de 5 meses sin actualizar,0,0,1.0,0,0,,no indicado,planta 2ª exterior,0,0,38935496,1,1,Los Llanos de Aridane,"Avenida Carlos Francisco Lorenzo Navarro, 23"," Avenida Carlos Francisco Lorenzo Navarro, 23 , Los Llanos de Aridane , La Palma, Santa Cruz de Tenerife ",,"La Palma, Santa Cruz de Tenerife",60,,2019-04-14,79000,0,1.0,1,0,0,False,False,True,False,False,False,False,False,False,False,False,False,False,False,False,False,False,False,False,False,False,False,False,False,False,False,False
más de 5 meses sin actualizar,0,0,2.0,0,0,,no indicado,,0,0,82686512,0,,Breña Alta,"Camino la Pavona, 40"," Camino la Pavona, 40 , Breña Alta , La Palma, Santa Cruz de Tenerife ",,"La Palma, Santa Cruz de Tenerife",259,,2019-04-14,180000,0,3.0,0,0,0,False,False,True,False,False,False,False,False,False,False,False,False,False,False,False,False,False,False,False,False,False,False,False,False,False,False,False
más de 5 meses sin actualizar,1,0,2.0,1,0,,no indicado,1 planta,0,0,81855630,2,,Villa de Mazo,"Monte de Breña, 157"," Monte de Breña, 157 , Villa de Mazo , La Palma, Santa Cruz de Tenerife ",,"La Palma, Santa Cruz de Tenerife",2000,120,2019-04-14,250000,0,3.0,0,0,1,False,False,True,False,False,False,False,False,False,False,False,True,False,False,False,False,False,False,False,False,False,False,False,False,False,False,False
más de 5 meses sin actualizar,0,1,2.0,0,0,,no indicado,planta 2ª exterior,1,0,36330457,1,1,Breña Baja,"Camino de Vista Alegre, 144"," Camino de Vista Alegre, 144 , Breña Baja , La Palma, Santa Cruz de Tenerife ",,"La Palma, Santa Cruz de Tenerife",82,73,2019-04-14,125000,1,3.0,1,0,0,False,False,True,False,False,False,False,False,False,False,False,False,False,False,False,False,False,False,False,False,False,False,False,False,False,False,False
más de 5 meses sin actualizar,0,0,1.0,0,0,,no indicado,,0,1,29988909,0,,Villa de Mazo,Poleal s/n," Poleal s/n , Villa de Mazo , La Palma, Santa Cruz de Tenerife ",,"La Palma, Santa Cruz de Tenerife",170,,2019-04-14,70000,0,2.0,0,0,0,False,False,True,False,False,False,False,False,False,False,False,False,False,False,False,False,False,False,False,False,False,False,False,False,False,False,False
más de 5 meses sin actualizar,0,0,1.0,0,0,,inmueble exento,planta 2ª exterior,0,0,33513302,1,1,Breña Baja,"Cuesta de san josé, 112 A"," Cuesta de san josé, 112 A , Breña Baja , La Palma, Santa Cruz de Tenerife ",,"La Palma, Santa Cruz de Tenerife",60,,2019-04-14,85000,0,2.0,0,0,0,False,False,True,False,False,False,False,False,False,False,False,True,False,False,False,False,False,False,False,False,False,False,False,False,False,False,False
más de 5 meses sin actualizar,0,0,1.0,0,0,,en trámite,planta 2ª exterior,0,0,37959684,1,1,Breña Baja,"Camino de El Rincón, 11"," Camino de El Rincón, 11 , Breña Baja , La Palma, Santa Cruz de Tenerife ",,"La Palma, Santa Cruz de Tenerife",60,59,2019-04-14,85000,0,2.0,0,0,0,False,False,True,False,False,False,False,False,False,False,False,True,False,False,False,False,False,False,False,False,False,False,False,False,False,False,False
más de 5 meses sin actualizar,0,0,1.0,0,0,,no indicado,planta 1ª exterior,0,0,322435,1,1,Los Llanos de Aridane,"Calle Pedro Poggio, 11"," Calle Pedro Poggio, 11 , Los Llanos de Aridane , La Palma, Santa Cruz de Tenerife ",,"La Palma, Santa Cruz de Tenerife",50,,2019-04-14,96000,0,2.0,1,0,0,False,False,True,False,False,False,False,False,False,False,False,False,False,False,False,False,False,False,False,False,False,False,False,False,False,False,False
más de 5 meses sin actualizar,0,0,2.0,0,0,,no indicado,planta 1ª exterior,0,0,81399131,1,0,Los Llanos de Aridane,"Calle Velázquez, 43"," Calle Velázquez, 43 , Los Llanos de Aridane , La Palma, Santa Cruz de Tenerife ",,"La Palma, Santa Cruz de Tenerife",111,,2019-04-14,150000,0,4.0,0,0,0,False,False,True,False,False,False,False,False,False,False,False,False,False,False,False,False,False,False,False,False,False,False,False,False,False,False,False
más de 5 meses sin actualizar,0,0,2.0,1,0,,no indicado,bajo exterior,1,0,35107720,1,1,Breña Alta,"Calle la Constitución, 23"," Calle la Constitución, 23 , Breña Alta , La Palma, Santa Cruz de Tenerife ",,"La Palma, Santa Cruz de Tenerife",87,78,2019-04-14,135000,0,3.0,0,0,0,False,False,True,False,False,False,False,False,False,False,False,False,False,False,False,False,False,False,False,False,False,False,False,False,False,False,False
más de 5 meses sin actualizar,0,0,0.0,0,0,,no indicado,2 plantas,0,1,37610559,3,,Garafia,"Roque del Faro, Garafia s/n"," Roque del Faro, Garafia s/n , Garafia , La Palma, Santa Cruz de Tenerife ",,"La Palma, Santa Cruz de Tenerife",1368,94,2019-04-14,40000,0,7.0,0,0,0,False,False,False,True,False,False,False,False,False,False,False,False,False,False,False,False,False,False,False,True,False,False,False,False,False,False,False
más de 5 meses sin actualizar,0,0,2.0,0,1,,en trámite,2 plantas,1,0,37864965,4,,San Andrés y Sauces,"Camino La Pedrera, 25"," Camino La Pedrera, 25 , San Andrés y Sauces , La Palma, Santa Cruz de Tenerife ",,"La Palma, Santa Cruz de Tenerife",187,,2019-04-14,180000,0,3.0,0,0,1,False,False,True,False,False,False,False,False,False,False,False,False,False,False,False,False,False,False,False,False,False,False,False,False,False,False,False
más de 5 meses sin actualizar,0,0,1.0,1,0,,en trámite,planta 4ª interior,1,0,38506871,5,1,Los Llanos de Aridane,"Calle Velázquez, 2"," Calle Velázquez, 2 , Los Llanos de Aridane , La Palma, Santa Cruz de Tenerife ",,"La Palma, Santa Cruz de Tenerife",104,,2019-04-14,138000,0,3.0,1,0,1,False,False,True,False,False,False,False,False,False,False,False,False,False,False,False,False,False,False,False,False,False,True,False,False,False,False,False
más de 5 meses sin actualizar,0,0,2.0,0,0,,,planta 2ª exterior,0,0,81699812,1,1,Santa Cruz de la Palma,"Avenida el Puente, 46"," Avenida el Puente, 46 , Santa Cruz de la Palma , La Palma, Santa Cruz de Tenerife ",,"La Palma, Santa Cruz de Tenerife",120,107,2019-04-14,160000,0,3.0,0,0,0,False,False,True,False,False,False,False,False,False,False,False,False,False,False,False,False,False,False,False,False,False,False,False,False,False,False,False
más de 5 meses sin actualizar,0,0,1.0,0,0,,en trámite,1 planta,0,1,82118909,2,,Los Llanos de Aridane,"Camino Malpaís de Triana, 14"," Camino Malpaís de Triana, 14 , Los Llanos de Aridane , La Palma, Santa Cruz de Tenerife ",,"La Palma, Santa Cruz de Tenerife",300,90,2019-04-14,115000,0,3.0,0,0,1,False,False,False,True,False,False,False,False,False,False,False,False,False,False,False,False,False,False,False,False,False,False,False,False,False,False,False
más de 5 meses sin actualizar,0,1,1.0,0,0,,no indicado,2 plantas,1,1,450940,0,,Los Llanos de Aridane,"Calle Retamar, 45"," Calle Retamar, 45 , Los Llanos de Aridane , La Palma, Santa Cruz de Tenerife ",,"La Palma, Santa Cruz de Tenerife",438,,2019-04-14,140000,0,3.0,1,0,1,False,False,False,True,False,False,False,False,False,False,True,False,False,False,False,False,False,False,False,False,False,False,False,False,False,False,False
más de 5 meses sin actualizar,0,0,1.0,0,0,,no indicado,1 planta,0,0,81534225,0,,Tazacorte,"Calle el Pozo, 11"," Calle el Pozo, 11 , Tazacorte , La Palma, Santa Cruz de Tenerife ",,"La Palma, Santa Cruz de Tenerife",100,,2019-04-14,350000,0,2.0,0,0,1,False,False,False,True,False,False,False,False,False,False,False,False,False,False,False,False,False,False,False,False,False,False,False,False,False,False,False
más de 5 meses sin actualizar,0,0,2.0,0,0,,,planta 1ª exterior,0,0,36261493,1,1,Santa Cruz de la Palma,"Plaza de la Constitución, 8"," Plaza de la Constitución, 8 , Santa Cruz de la Palma , La Palma, Santa Cruz de Tenerife ",,"La Palma, Santa Cruz de Tenerife",209,,2019-04-14,200000,0,4.0,0,0,0,False,False,True,False,False,False,False,False,False,False,False,True,False,False,False,False,False,False,False,False,False,False,False,False,False,False,False
más de 5 meses sin actualizar,0,0,2.0,1,0,,,planta 6ª exterior,1,0,37791396,1,1,Santa Cruz de la Palma,Urb. RESIDENCIAL LOS MOLINOS," Avenida el Puente, 66 , Urb. RESIDENCIAL LOS MOLINOS , Santa Cruz de la Palma , La Palma, Santa Cruz de Tenerife ","Avenida el Puente, 66","La Palma, Santa Cruz de Tenerife",111,,2019-04-14,180000,0,3.0,0,0,1,False,False,True,False,False,False,False,False,False,False,False,False,False,False,False,False,False,False,False,False,False,False,False,False,False,False,False
más de 5 meses sin actualizar,0,0,2.0,0,0,,no indicado,,1,1,38484848,0,,Villa de Mazo,Urb. La Sabina," La Sabina, 163 A , Urb. La Sabina , Villa de Mazo , La Palma, Santa Cruz de Tenerife ","La Sabina, 163 A","La Palma, Santa Cruz de Tenerife",8000,150,2019-04-14,263000,0,4.0,1,0,0,False,False,True,False,False,False,False,False,False,False,False,False,False,False,False,False,False,False,False,False,False,False,False,False,False,False,False
más de 5 meses sin actualizar,0,1,2.0,0,0,,,1 planta,0,1,81298653,0,,Los Llanos de Aridane,"Urb. Los Llanos, Las Martelas"," Camino Nicolás Brito País, 14 , Urb. Los Llanos, Las Martelas , Los Llanos de Aridane , La Palma, Santa Cruz de Tenerife ","Camino Nicolás Brito País, 14","La Palma, Santa Cruz de Tenerife",2800,,2019-04-14,71000,0,5.0,1,0,1,False,False,True,False,False,False,False,False,False,False,False,False,False,False,False,False,False,False,False,True,False,False,False,False,False,False,False
más de 5 meses sin actualizar,0,0,5.0,0,0,,,3 plantas,1,1,26011071,0,,Villa de Mazo,Urb. Lodero," Calle Lodero, 132 , Urb. Lodero , Villa de Mazo , La Palma, Santa Cruz de Tenerife ","Calle Lodero, 132","La Palma, Santa Cruz de Tenerife",400,80,2019-04-14,330000,0,6.0,1,1,1,False,False,True,False,False,False,False,False,False,False,False,True,False,False,False,False,False,False,False,False,False,False,False,False,False,False,False
más de 5 meses sin actualizar,0,0,3.0,0,0,,,planta 1ª exterior,0,0,31302287,1,0,San Andrés y Sauces,"Calle príncipe felipe, 6"," Calle príncipe felipe, 6 , San Andrés y Sauces , La Palma, Santa Cruz de Tenerife ",,"La Palma, Santa Cruz de Tenerife",160,157,2019-04-14,150000,0,8.0,1,0,1,False,False,True,False,False,False,False,False,False,False,False,True,False,False,False,False,False,False,False,False,False,False,False,False,False,False,False
más de 5 meses sin actualizar,0,0,2.0,0,0,,en trámite,1 planta,1,1,82585247,0,,Breña Alta,Urb. SAN ISIDRO CRUZ CHICA," Camino la, 9 , Urb. SAN ISIDRO CRUZ CHICA , Breña Alta , La Palma, Santa Cruz de Tenerife ","Camino la, 9","La Palma, Santa Cruz de Tenerife",1800,250,2019-04-14,250000,0,4.0,1,0,1,False,False,True,False,False,False,False,False,False,False,False,True,False,False,False,False,False,False,False,False,False,False,False,False,False,False,False
más de 5 meses sin actualizar,0,0,2.0,0,0,,no indicado,1 planta,1,1,82687204,0,,Breña Alta,"Camino el Pino, 29"," Camino el Pino, 29 , Breña Alta , La Palma, Santa Cruz de Tenerife ",,"La Palma, Santa Cruz de Tenerife",2200,250,2019-04-14,160000,0,3.0,1,0,1,False,False,True,False,False,False,False,False,False,False,False,True,False,False,False,False,False,False,False,False,False,False,False,False,False,False,False
Anuncio actualizado el 20 de enero,0,0,2.0,0,0,2000,no indicado,2 plantas,0,1,83737734,0,,Santa Cruz de la Palma,"Calle Jameos, 31"," Calle Jameos, 31 , Santa Cruz de la Palma , La Palma, Santa Cruz de Tenerife ",,"La Palma, Santa Cruz de Tenerife",110,,2019-04-14,110000,1,4.0,0,0,1,False,False,False,True,False,False,False,False,False,False,True,False,False,False,False,False,False,False,False,False,False,False,False,False,False,False,False
Anuncio actualizado el 25 de febrero,0,0,1.0,0,0,,,,1,0,84304593,0,,Breña Alta,"Calle general san isidro, 242"," Calle general san isidro, 242 , Breña Alta , La Palma, Santa Cruz de Tenerife ",,"La Palma, Santa Cruz de Tenerife",123,,2019-04-14,150000,0,3.0,1,0,1,False,False,True,False,False,False,False,False,False,False,False,False,False,False,False,False,False,False,False,False,False,False,False,False,False,False,False
Anuncio actualizado el 13 de diciembre,0,0,1.0,0,0,,no indicado,,0,0,83569865,2,,Los Llanos de Aridane,"Camino los Palomares, 76"," Camino los Palomares, 76 , Los Llanos de Aridane , La Palma, Santa Cruz de Tenerife ",,"La Palma, Santa Cruz de Tenerife",1270,,2019-04-14,150000,0,2.0,0,0,0,False,False,True,False,False,False,False,False,False,False,False,False,False,False,False,False,False,False,False,False,False,False,False,False,False,False,False
Anuncio actualizado el 28 de febrero,0,0,2.0,0,0,,no indicado,bajo exterior,1,0,84484135,1,1,Breña Alta,"Calle Taguasco, 19"," Calle Taguasco, 19 , Breña Alta , La Palma, Santa Cruz de Tenerife ",,"La Palma, Santa Cruz de Tenerife",90,,2019-04-14,96000,0,3.0,1,0,1,False,False,True,False,False,False,False,False,False,False,False,False,False,False,False,False,False,False,False,False,False,False,False,False,False,False,False
Anuncio actualizado el 12 de marzo,0,0,1.0,0,0,,no indicado,planta 1ª exterior,0,0,84619016,1,0,Santa Cruz de la Palma,"Calle Izcagua, 2"," Calle Izcagua, 2 , Santa Cruz de la Palma , La Palma, Santa Cruz de Tenerife ",,"La Palma, Santa Cruz de Tenerife",90,,2019-04-14,60000,0,3.0,0,0,0,False,False,True,False,False,False,False,False,False,False,False,False,False,False,False,False,False,False,False,False,False,False,False,False,False,False,False
Anuncio actualizado el 15 de marzo,0,0,1.0,0,0,,no indicado,2 plantas,0,0,84680894,0,,Breña Alta,"Calle el Llanito, 11"," Calle el Llanito, 11 , Breña Alta , La Palma, Santa Cruz de Tenerife ",,"La Palma, Santa Cruz de Tenerife",70,,2019-04-14,75000,0,2.0,0,0,0,False,False,True,False,False,False,False,False,False,False,False,False,False,False,False,False,False,False,False,False,False,False,False,False,False,False,False
Anuncio actualizado el 15 de marzo,0,0,1.0,0,0,,no indicado,1 planta,0,0,84681426,0,,Villa de Mazo,"Camino el Linar, 105"," Camino el Linar, 105 , Villa de Mazo , La Palma, Santa Cruz de Tenerife ",,"La Palma, Santa Cruz de Tenerife",90,,2019-04-14,95000,0,3.0,0,0,1,False,False,False,True,False,False,False,False,False,False,False,False,False,False,False,False,False,False,False,False,False,False,False,False,False,False,False
Anuncio actualizado el 27 de marzo,0,0,2.0,0,0,,no indicado,planta 1ª exterior,0,0,84833700,1,1,Los Llanos de Aridane,"Avenida Tanausú, 24"," Avenida Tanausú, 24 , Los Llanos de Aridane , La Palma, Santa Cruz de Tenerife ",,"La Palma, Santa Cruz de Tenerife",85,,2019-04-14,120000,0,2.0,0,0,0,False,False,True,False,False,False,False,False,False,False,False,False,False,False,False,False,False,False,False,False,False,False,False,False,False,False,False
Anuncio actualizado el 30 de marzo,0,0,1.0,0,0,,,planta 8ª,0,0,83337025,1,1,Santa Cruz de la Palma,Avenida el Puente," Avenida el Puente , Santa Cruz de la Palma , La Palma, Santa Cruz de Tenerife ",,"La Palma, Santa Cruz de Tenerife",70,,2019-04-14,78000,0,1.0,0,0,0,False,False,True,False,False,False,False,False,False,False,False,False,False,False,False,False,False,False,False,False,False,False,False,False,False,False,False
Anuncio actualizado el 4 de abril,0,0,2.0,0,0,,no indicado,2 plantas,0,0,84941108,2,,Los Llanos de Aridane,"Carretera Puerto Naos A, 250"," Carretera Puerto Naos A, 250 , Los Llanos de Aridane , La Palma, Santa Cruz de Tenerife ",,"La Palma, Santa Cruz de Tenerife",300,,2019-04-14,250000,0,6.0,1,0,1,False,False,True,False,False,False,False,False,False,False,False,False,False,False,False,False,False,False,False,False,False,False,False,False,False,False,False
Anuncio actualizado el 2 de abril,0,0,2.0,0,0,,en trámite,bajo exterior,0,0,40402981,1,,Breña Alta,," , Breña Alta , La Palma, Santa Cruz de Tenerife ",,"La Palma, Santa Cruz de Tenerife",73,,2019-04-14,105000,1,3.0,1,0,0,False,False,False,False,False,False,False,False,False,False,False,False,False,False,False,False,False,False,False,False,False,False,False,False,False,False,False
Anuncio actualizado el 1 de abril,0,0,1.0,0,0,,,,0,0,84422626,1,,Garafia,," , Garafia , La Palma, Santa Cruz de Tenerife ",,"La Palma, Santa Cruz de Tenerife",70,,2019-04-14,40900,0,2.0,0,0,0,False,False,False,False,False,False,False,False,False,False,False,False,False,False,False,False,False,False,False,False,False,False,False,False,False,False,False
Anuncio actualizado el 3 de abril,0,0,2.0,0,0,,,bajo exterior,0,0,31879259,6,0,Tazacorte,," , Tazacorte , La Palma, Santa Cruz de Tenerife ",,"La Palma, Santa Cruz de Tenerife",86,,2019-04-14,34400,0,0.0,0,0,1,False,False,False,False,False,False,False,False,False,False,False,False,False,False,False,False,False,False,False,False,False,False,False,False,False,False,False
Anuncio actualizado el 23 de marzo,0,0,1.0,0,0,,,,0,0,38525931,7,,Barlovento,," , Barlovento , La Palma, Santa Cruz de Tenerife ",,"La Palma, Santa Cruz de Tenerife",70,,2019-04-14,40900,0,2.0,0,0,0,False,False,True,False,False,False,False,False,False,False,False,False,False,False,False,False,False,False,False,False,False,False,False,False,False,False,False
Anuncio actualizado el 26 de marzo,0,0,2.0,0,0,2005,no indicado,planta 3ª exterior,0,0,323793,1,1,Santa Cruz de la Palma,"Calle Pintor Francisco Concepción, 6"," Calle Pintor Francisco Concepción, 6 , Santa Cruz de la Palma , La Palma, Santa Cruz de Tenerife ",,"La Palma, Santa Cruz de Tenerife",100,88,2019-04-14,125000,1,3.0,0,0,0,False,False,True,False,False,False,False,False,False,False,False,True,False,False,False,False,False,False,False,False,False,False,False,False,False,False,False
Anuncio actualizado el 27 de enero,0,0,1.0,0,0,,no indicado,,0,0,37121943,2,,Puntallana,"Calle la Lomada, 25"," Calle la Lomada, 25 , Puntallana , La Palma, Santa Cruz de Tenerife ",,"La Palma, Santa Cruz de Tenerife",70,,2019-04-14,130000,0,2.0,0,0,0,False,False,True,False,False,False,False,False,False,False,False,False,False,False,False,False,False,False,False,False,False,False,False,False,False,False,False
Anuncio actualizado el 15 de marzo,0,0,1.0,0,0,1988,,1 planta,0,0,31352657,2,,San Andrés y Sauces,," , San Andrés y Sauces , La Palma, Santa Cruz de Tenerife ",,"La Palma, Santa Cruz de Tenerife",79,77,2019-04-14,80000,0,3.0,1,0,0,False,False,True,False,False,False,False,False,False,False,False,False,False,True,False,False,False,False,False,False,False,False,False,False,False,False,False
Anuncio actualizado el 3 de febrero,0,0,2.0,0,0,,,planta 2ª exterior,1,0,36330436,1,1,Breña Baja,"Camino de Vista Alegre, 144"," Camino de Vista Alegre, 144 , Breña Baja , La Palma, Santa Cruz de Tenerife ",,"La Palma, Santa Cruz de Tenerife",82,73,2019-04-14,130000,1,3.0,1,0,1,False,False,True,False,False,False,False,False,False,False,False,False,False,False,False,False,False,False,False,False,False,False,False,False,False,False,False
Anuncio actualizado el 10 de marzo,0,0,1.0,0,0,,no indicado,,1,0,83378958,3,,Breña Alta,LP-301 s/n," LP-301 s/n , Breña Alta , La Palma, Santa Cruz de Tenerife ",,"La Palma, Santa Cruz de Tenerife",3000,,2019-04-14,200000,0,2.0,1,0,0,False,False,True,False,False,False,False,False,False,False,False,True,False,False,False,False,False,False,False,False,False,False,False,False,False,False,False
Anuncio actualizado el 5 de diciembre,0,0,1.0,0,0,,no indicado,2 plantas,0,0,37858130,2,,Los Llanos de Aridane,"Calle Retamar, 39 y 41"," Calle Retamar, 39 y 41 , Los Llanos de Aridane , La Palma, Santa Cruz de Tenerife ",,"La Palma, Santa Cruz de Tenerife",1781,,2019-04-14,290000,0,5.0,1,0,1,False,False,False,True,False,False,False,False,False,False,False,False,False,False,False,False,False,False,False,False,False,False,False,True,False,False,False
Anuncio actualizado el 23 de noviembre,0,0,1.0,0,0,,no indicado,bajo exterior,0,0,39102086,1,0,Breña Baja,"Calle Francisco Gil Soler, 30"," Calle Francisco Gil Soler, 30 , Breña Baja , La Palma, Santa Cruz de Tenerife ",,"La Palma, Santa Cruz de Tenerife",90,,2019-04-14,93000,0,2.0,0,0,0,False,False,True,False,False,False,False,False,False,False,False,False,False,False,False,False,False,False,False,False,False,False,False,False,False,False,False
Anuncio actualizado el 25 de enero,0,0,1.0,0,0,,,interior,0,1,34708396,1,0,Breña Baja,," , Breña Baja , La Palma, Santa Cruz de Tenerife ",,"La Palma, Santa Cruz de Tenerife",56,45,2019-04-14,69300,0,1.0,1,1,0,False,False,False,False,False,False,False,False,False,False,False,False,False,False,False,False,False,False,False,False,False,False,False,False,False,False,False
Anuncio actualizado el 7 de abril,0,0,2.0,0,0,,,1 planta,1,1,40176705,0,,Los Llanos de Aridane,"Calle Armas, km 1"," Calle Armas, km 1 , Los Llanos de Aridane , La Palma, Santa Cruz de Tenerife ",,"La Palma, Santa Cruz de Tenerife",1236,,2019-04-14,390000,1,6.0,1,0,1,False,False,True,False,False,False,False,False,False,False,False,False,False,False,False,False,False,False,False,False,False,True,False,False,False,False,False
Anuncio actualizado el 21 de febrero,0,0,2.0,0,0,,,planta 2ª exterior,0,0,83556698,6,,Tazacorte,," , Tazacorte , La Palma, Santa Cruz de Tenerife ",,"La Palma, Santa Cruz de Tenerife",200,80,2019-04-14,250000,0,0.0,0,0,0,False,False,False,False,False,False,False,False,False,False,False,False,False,False,False,False,False,False,False,False,False,False,False,False,False,False,False
Anuncio actualizado el 21 de febrero,0,0,1.0,0,0,,,planta 2ª exterior,0,0,83556709,1,1,Tazacorte,," , Tazacorte , La Palma, Santa Cruz de Tenerife ",,"La Palma, Santa Cruz de Tenerife",200,80,2019-04-14,250000,0,2.0,0,0,0,False,False,False,False,False,False,False,False,False,False,False,False,False,False,False,False,False,False,False,False,False,False,False,False,False,False,False
Anuncio actualizado el 25 de enero,0,0,1.0,0,0,,,interior,0,1,34708397,1,0,Breña Baja,," , Breña Baja , La Palma, Santa Cruz de Tenerife ",,"La Palma, Santa Cruz de Tenerife",49,39,2019-04-14,60700,0,1.0,1,1,0,False,False,False,False,False,False,False,False,False,False,False,False,False,False,False,False,False,False,False,False,False,False,False,False,False,False,False
Anuncio actualizado el 25 de enero,0,0,1.0,0,0,,,interior,0,1,34708398,1,0,Breña Baja,," , Breña Baja , La Palma, Santa Cruz de Tenerife ",,"La Palma, Santa Cruz de Tenerife",56,45,2019-04-14,70600,0,1.0,1,1,0,False,False,False,False,False,False,False,False,False,False,False,False,False,False,False,False,False,False,False,False,False,False,False,False,False,False,False
Anuncio actualizado el 25 de enero,0,0,1.0,0,0,,,interior,0,1,34708399,1,0,Breña Baja,," , Breña Baja , La Palma, Santa Cruz de Tenerife ",,"La Palma, Santa Cruz de Tenerife",56,45,2019-04-14,70600,0,1.0,1,1,0,False,False,False,False,False,False,False,False,False,False,False,False,False,False,False,False,False,False,False,False,False,False,False,False,False,False,False
Anuncio actualizado el 25 de enero,0,0,1.0,0,0,,,interior,0,1,34708401,1,0,Breña Baja,," , Breña Baja , La Palma, Santa Cruz de Tenerife ",,"La Palma, Santa Cruz de Tenerife",55,45,2019-04-14,69300,0,1.0,1,1,0,False,False,False,False,False,False,False,False,False,False,False,False,False,False,False,False,False,False,False,False,False,False,False,False,False,False,False
Anuncio actualizado el 24 de febrero,0,0,1.0,1,0,,no indicado,planta 1ª exterior,0,0,333790,1,1,Santa Cruz de la Palma,Urb. zona santo domingo," Calle Morales, 20 , Urb. zona santo domingo , Santa Cruz de la Palma , La Palma, Santa Cruz de Tenerife ","Calle Morales, 20","La Palma, Santa Cruz de Tenerife",50,,2019-04-14,90000,0,2.0,0,0,1,False,False,True,False,False,False,False,False,False,False,False,False,False,False,False,False,False,False,False,False,False,False,False,False,False,False,False
Anuncio actualizado el 14 de noviembre,0,0,1.0,1,0,2010,no indicado,bajo exterior,0,0,83078748,1,1,Los Llanos de Aridane,"Teobaldo Power, 36"," Teobaldo Power, 36 , Los Llanos de Aridane , La Palma, Santa Cruz de Tenerife ",,"La Palma, Santa Cruz de Tenerife",45,,2019-04-14,80000,0,1.0,1,0,0,False,False,True,False,False,False,False,False,False,False,False,False,False,True,False,False,False,False,False,False,False,False,False,False,False,False,False
Anuncio actualizado el 7 de abril,0,0,2.0,0,0,,no indicado,planta 1ª exterior,0,0,26342732,1,1,Los Llanos de Aridane,"Calle Fernández Taño, 10"," Calle Fernández Taño, 10 , Los Llanos de Aridane , La Palma, Santa Cruz de Tenerife ",,"La Palma, Santa Cruz de Tenerife",105,90,2019-04-14,110000,0,3.0,1,0,0,False,False,True,False,False,False,False,False,False,False,False,False,False,True,False,False,False,False,False,False,False,False,False,False,False,False,False
Anuncio actualizado el 7 de abril,0,0,2.0,1,0,,no indicado,bajo exterior,1,0,82554564,8,0,Villa de Mazo,"Calle Maximiliano Pérez Díaz, 38"," Calle Maximiliano Pérez Díaz, 38 , Villa de Mazo , La Palma, Santa Cruz de Tenerife ",,"La Palma, Santa Cruz de Tenerife",120,110,2019-04-14,114000,0,4.0,1,0,1,False,False,True,False,False,False,False,False,False,False,False,True,False,False,False,False,False,False,False,False,False,False,False,False,False,False,False
Anuncio actualizado el 12 de febrero,0,0,2.0,0,0,,no indicado,planta 3ª exterior,1,0,83046883,1,1,San Andrés y Sauces,"Calle José Pérez Vidal, 13"," Calle José Pérez Vidal, 13 , San Andrés y Sauces , La Palma, Santa Cruz de Tenerife ",,"La Palma, Santa Cruz de Tenerife",90,,2019-04-14,120000,0,3.0,1,0,0,False,False,True,False,False,False,False,False,False,False,False,False,False,False,False,False,False,False,False,False,False,False,False,False,False,False,False
Anuncio actualizado el 7 de diciembre,0,0,1.0,1,0,,no indicado,planta 2ª exterior,0,0,36610824,1,1,San Andrés y Sauces,Urb. La luna," Calle abraham martín, 7 , Urb. La luna , San Andrés y Sauces , La Palma, Santa Cruz de Tenerife ","Calle abraham martín, 7","La Palma, Santa Cruz de Tenerife",90,86,2019-04-14,80000,0,3.0,0,0,0,False,False,True,False,False,False,False,False,False,False,False,False,False,False,False,False,False,False,False,False,False,False,False,True,False,False,False
Anuncio actualizado el 6 de abril,0,0,1.0,0,0,,no indicado,1 planta,1,1,84293544,3,,Breña Alta,"Carretera el Refugio, 5"," Carretera el Refugio, 5 , Breña Alta , La Palma, Santa Cruz de Tenerife ",,"La Palma, Santa Cruz de Tenerife",3000,40,2019-04-14,200000,0,2.0,1,0,1,False,False,True,False,False,False,False,False,False,False,False,False,False,False,False,False,False,False,False,False,False,False,False,False,False,False,False
Anuncio actualizado el 7 de abril,0,0,3.0,1,0,,no indicado,1 planta,1,1,84417033,0,,Breña Baja,"Calle las Ledas, 175"," Calle las Ledas, 175 , Breña Baja , La Palma, Santa Cruz de Tenerife ",,"La Palma, Santa Cruz de Tenerife",1227,250,2019-04-14,450000,0,5.0,1,0,0,False,False,True,False,False,False,False,False,False,False,False,False,False,False,False,False,False,False,False,False,False,False,False,False,False,False,False
Anuncio actualizado el 10 de abril,0,0,1.0,1,0,,,planta 2ª,0,0,82860170,1,,Barlovento,," , Barlovento , La Palma, Santa Cruz de Tenerife ",,"La Palma, Santa Cruz de Tenerife",88,75,2019-04-14,85000,0,3.0,0,0,1,False,False,True,False,False,False,False,False,False,False,False,False,False,False,False,False,False,False,False,False,False,False,False,False,False,False,False
Anuncio actualizado el 27 de marzo,0,0,1.0,1,0,,no indicado,,0,0,84390667,1,1,Santa Cruz de la Palma,," , Santa Cruz de la Palma , La Palma, Santa Cruz de Tenerife ",,"La Palma, Santa Cruz de Tenerife",70,,2019-04-14,78000,0,3.0,0,0,0,False,False,True,False,False,False,False,False,False,False,False,False,False,False,False,False,False,False,False,False,False,False,False,False,False,False,False
Anuncio actualizado el 14 de abril,0,0,4.0,1,0,,,3 plantas,0,0,26104474,0,,Santa Cruz de la Palma,"Calle Doctor Santos Abreu, 28"," Calle Doctor Santos Abreu, 28 , Santa Cruz de la Palma , La Palma, Santa Cruz de Tenerife ",,"La Palma, Santa Cruz de Tenerife",300,240,2019-04-14,450000,0,4.0,1,0,1,False,False,True,False,False,False,False,False,False,False,False,True,False,False,False,False,False,False,False,False,False,False,False,False,False,False,False
Anuncio actualizado el 3 de febrero,0,0,2.0,1,0,,no indicado,planta 2ª exterior,1,0,1731179,1,1,Tazacorte,Urb. edificio acosta (en plaza del ayuntamiento)," Calle Pedro José Viña Díaz, 1 , Urb. edificio acosta (en plaza del ayuntamiento) , Tazacorte , La Palma, Santa Cruz de Tenerife ","Calle Pedro José Viña Díaz, 1","La Palma, Santa Cruz de Tenerife",96,86,2019-04-14,150000,0,3.0,1,0,0,False,False,True,False,False,False,False,False,False,False,False,False,False,False,False,False,False,False,False,False,False,False,False,False,False,False,False
Anuncio actualizado el 7 de abril,0,0,7.0,1,1,,,3 plantas,1,1,26059025,2,,Puntallana,"Calle Lomo del Pino, 47"," Calle Lomo del Pino, 47 , Puntallana , La Palma, Santa Cruz de Tenerife ",,"La Palma, Santa Cruz de Tenerife",2000,400,2019-04-14,700000,0,8.0,1,1,1,False,False,True,False,False,False,False,False,False,False,False,False,False,False,False,False,False,False,False,False,False,False,False,False,True,False,False
Anuncio actualizado el 7 de enero,0,0,2.0,1,0,,en trámite,2 plantas,1,0,30408079,0,,Fuencaliente de la Palma,"Carretera General, 34"," Carretera General, 34 , Fuencaliente de la Palma , La Palma, Santa Cruz de Tenerife ",,"La Palma, Santa Cruz de Tenerife",270,,2019-04-14,195000,0,3.0,0,0,1,False,False,True,False,False,False,False,False,False,False,False,False,False,False,False,False,False,False,False,False,False,False,False,True,False,False,False
Anuncio actualizado el 19 de marzo,0,1,1.0,1,0,,no indicado,planta 1ª exterior,1,0,30821290,8,0,Breña Baja,san antonio s/n," san antonio s/n , Breña Baja , La Palma, Santa Cruz de Tenerife ",,"La Palma, Santa Cruz de Tenerife",50,,2019-04-14,80000,0,1.0,0,0,0,False,False,True,False,False,False,False,False,False,False,False,False,False,False,False,False,False,False,False,False,False,False,False,False,False,False,False
Anuncio actualizado el 21 de marzo,0,0,1.0,1,0,,,planta 3ª exterior,0,0,32744151,1,0,Santa Cruz de la Palma,"Calle galguén, 9"," Calle galguén, 9 , Santa Cruz de la Palma , La Palma, Santa Cruz de Tenerife ",,"La Palma, Santa Cruz de Tenerife",85,70,2019-04-14,70000,0,3.0,0,0,0,False,False,True,False,False,False,False,False,False,False,False,False,False,True,False,False,False,False,False,False,False,False,False,False,False,False,False
Anuncio actualizado el 30 de diciembre,0,0,2.0,0,0,,no indicado,1 planta,0,0,33788840,4,,Los Llanos de Aridane,"Camino de triana, 118"," Camino de triana, 118 , Los Llanos de Aridane , La Palma, Santa Cruz de Tenerife ",,"La Palma, Santa Cruz de Tenerife",1400,180,2019-04-14,300000,0,4.0,0,0,0,False,False,True,False,False,False,False,False,False,False,False,False,False,False,False,False,False,False,False,False,False,False,False,False,False,False,False
Anuncio actualizado el 7 de abril,0,0,18.0,0,0,,no indicado,3 plantas,0,1,36118551,3,,Breña Baja,Calle la Polvacera s/n," Calle la Polvacera s/n , Breña Baja , La Palma, Santa Cruz de Tenerife ",,"La Palma, Santa Cruz de Tenerife",1547,,2019-04-14,708000,0,18.0,0,1,0,False,False,False,True,False,False,False,False,False,False,False,False,False,False,False,False,False,False,False,False,False,False,False,True,False,False,False
Anuncio actualizado el 8 de febrero,0,0,5.0,0,0,,en trámite,,0,0,36216425,9,,Garafia,"Calle la Fajana, 9 n"," Calle la Fajana, 9 n , Garafia , La Palma, Santa Cruz de Tenerife ",,"La Palma, Santa Cruz de Tenerife",1364,,2019-04-14,750000,0,14.0,0,0,0,False,False,True,False,False,False,False,False,False,False,False,False,False,False,False,False,False,False,False,False,False,False,False,False,False,False,False
Anuncio actualizado el 11 de noviembre,0,0,1.0,0,0,,no indicado,2 plantas,1,1,37531507,4,,Barlovento,la cuesta parte baja s/n," la cuesta parte baja s/n , Barlovento , La Palma, Santa Cruz de Tenerife ",,"La Palma, Santa Cruz de Tenerife",4590,,2019-04-14,170000,0,2.0,1,0,1,False,False,True,False,False,False,False,False,False,False,False,False,False,False,False,False,False,False,False,False,False,False,False,False,False,False,False
Anuncio actualizado el 11 de marzo,1,1,2.0,0,0,,en trámite,planta 4ª exterior,1,1,30322824,1,0,El Paso,"Calle Benohare, 25"," Calle Benohare, 25 , El Paso , La Palma, Santa Cruz de Tenerife ",,"La Palma, Santa Cruz de Tenerife",120,,2019-04-14,206000,0,3.0,1,0,1,False,False,True,False,False,False,False,False,False,False,False,False,False,False,False,False,False,False,False,False,False,False,False,False,False,False,False
Anuncio actualizado el 14 de abril,0,0,1.0,0,0,,en trámite,planta 2ª exterior,0,0,38608328,1,0,Los Llanos de Aridane,"Calle Mauricio Duque Camacho, 35"," Calle Mauricio Duque Camacho, 35 , Los Llanos de Aridane , La Palma, Santa Cruz de Tenerife ",,"La Palma, Santa Cruz de Tenerife",98,,2019-04-14,180000,0,3.0,0,0,1,False,False,True,False,False,False,False,False,False,False,False,False,False,True,False,False,False,False,False,False,False,False,False,False,False,False,False
Anuncio actualizado el 7 de abril,0,1,5.0,0,0,,no indicado,3 plantas,0,0,81350453,0,,San Andrés y Sauces,"Calle Bediesta, 4"," Calle Bediesta, 4 , San Andrés y Sauces , La Palma, Santa Cruz de Tenerife ",,"La Palma, Santa Cruz de Tenerife",180,,2019-04-14,60000,0,5.0,0,1,1,False,False,False,True,False,False,False,False,False,False,False,False,False,False,False,False,True,False,False,False,False,False,False,False,False,False,False
Anuncio actualizado el 10 de marzo,0,1,3.0,0,0,,no indicado,1 planta,0,1,82122430,2,,Breña Baja,La Polvacera s/n," La Polvacera s/n , Breña Baja , La Palma, Santa Cruz de Tenerife ",,"La Palma, Santa Cruz de Tenerife",175,150,2019-04-14,239000,0,4.0,1,0,1,False,False,False,True,False,False,False,False,False,False,False,False,False,False,False,False,False,False,False,False,False,False,False,False,False,False,False
Anuncio actualizado el 11 de marzo,0,0,2.0,0,0,,,planta 1ª exterior,0,0,82169137,1,0,San Andrés y Sauces,"Calle Príncipe Felipe, 6"," Calle Príncipe Felipe, 6 , San Andrés y Sauces , La Palma, Santa Cruz de Tenerife ",,"La Palma, Santa Cruz de Tenerife",180,,2019-04-14,150000,0,4.0,1,0,1,False,False,True,False,False,False,False,False,False,False,False,True,False,False,False,False,False,False,False,False,False,False,False,False,False,False,False
Anuncio actualizado el 2 de abril,0,1,2.0,1,0,,no indicado,2 plantas,0,1,83206971,0,,Puntallana,"Calle la Camacha, 20"," Calle la Camacha, 20 , Puntallana , La Palma, Santa Cruz de Tenerife ",,"La Palma, Santa Cruz de Tenerife",200,,2019-04-14,210000,0,3.0,1,0,1,False,False,True,False,False,False,False,False,False,False,False,True,False,False,False,False,False,False,False,False,False,False,False,False,False,False,False
Anuncio actualizado el 14 de febrero,0,0,1.0,0,0,,,2 plantas,0,1,38251255,10,,Puntallana,Urb. SECTOR PIEDRA BLANCA," Calle LA VERADA, 58 , Urb. SECTOR PIEDRA BLANCA , Puntallana , La Palma, Santa Cruz de Tenerife ","Calle LA VERADA, 58","La Palma, Santa Cruz de Tenerife",2600,45,2019-04-14,120000,0,2.0,0,0,0,False,False,False,True,False,False,False,False,False,False,False,False,False,True,False,False,False,False,False,False,False,False,False,False,False,False,False
Anuncio actualizado el 13 de abril,0,0,1.0,1,0,,no indicado,,1,1,84499249,0,,Breña Baja,"Barrio San Antonio, 297"," Barrio San Antonio, 297 , Breña Baja , La Palma, Santa Cruz de Tenerife ",,"La Palma, Santa Cruz de Tenerife",2190,,2019-04-14,379000,0,3.0,0,0,1,False,False,True,False,False,True,False,False,False,False,False,True,False,False,False,False,False,False,False,False,False,False,False,False,False,False,False
Anuncio actualizado el 22 de marzo,1,0,2.0,0,0,1930,no indicado,,0,0,37528436,7,,Los Llanos de Aridane,Urb. LUGAR EL JABLE," Calle Armas, 18 , Urb. LUGAR EL JABLE , Los Llanos de Aridane , La Palma, Santa Cruz de Tenerife ","Calle Armas, 18","La Palma, Santa Cruz de Tenerife",120,,2019-04-14,84500,0,4.0,1,0,1,False,False,False,True,False,False,False,False,False,False,True,False,False,False,False,False,False,False,False,False,False,False,False,False,False,False,False
Anuncio actualizado el 25 de septiembre,0,0,2.0,0,0,,en trámite,,0,0,38631473,7,,Breña Baja,," , Breña Baja , La Palma, Santa Cruz de Tenerife ",,"La Palma, Santa Cruz de Tenerife",108,,2019-04-14,130000,0,3.0,0,0,0,False,False,False,False,False,False,False,False,False,False,False,False,False,False,False,False,False,False,False,False,False,False,False,False,False,False,False
Anuncio actualizado el 8 de abril,0,0,2.0,0,0,,no indicado,1 planta,0,1,38726492,2,,Fuencaliente de la Palma,Calle gumersindo curbelo yanes s/n," Calle gumersindo curbelo yanes s/n , Fuencaliente de la Palma , La Palma, Santa Cruz de Tenerife ",,"La Palma, Santa Cruz de Tenerife",300,,2019-04-14,370000,0,4.0,0,0,1,False,False,True,False,False,False,False,False,False,False,False,False,False,False,False,False,False,False,False,False,False,False,False,True,False,False,False
Anuncio actualizado el 23 de febrero,0,0,1.0,0,0,,no indicado,,0,0,84409609,11,,Santa Cruz de la Palma,Carretera las Nieves," Carretera las Nieves , Santa Cruz de la Palma , La Palma, Santa Cruz de Tenerife ",,"La Palma, Santa Cruz de Tenerife",81,72,2019-04-14,82000,0,3.0,0,0,0,False,False,False,False,False,False,False,False,False,False,False,False,False,False,False,False,False,False,False,False,False,False,False,False,False,False,False
Anuncio actualizado el 1 de abril,0,1,1.0,0,0,,no indicado,planta 1ª exterior,0,0,84721056,1,0,Barlovento,Calle La Lomada s/n," Calle La Lomada s/n , Barlovento , La Palma, Santa Cruz de Tenerife ",,"La Palma, Santa Cruz de Tenerife",96,,2019-04-14,30000,0,3.0,0,0,0,False,False,False,True,False,False,False,False,False,False,False,False,False,False,False,False,False,False,False,False,False,False,False,False,False,False,False
Anuncio actualizado el 6 de agosto,0,0,2.0,0,0,,en trámite,,0,1,38442537,10,,El Paso,," , El Paso , La Palma, Santa Cruz de Tenerife ",,"La Palma, Santa Cruz de Tenerife",907,,2019-04-14,139000,0,3.0,0,0,1,False,False,False,True,False,False,False,False,False,False,False,False,False,False,False,False,False,False,False,False,False,True,False,False,False,False,False
Anuncio actualizado el 9 de octubre,0,0,1.0,0,0,,en trámite,,0,1,38442668,12,,El Paso,," , El Paso , La Palma, Santa Cruz de Tenerife ",,"La Palma, Santa Cruz de Tenerife",2000,,2019-04-14,169000,0,2.0,0,0,1,False,False,False,True,False,False,False,False,False,False,False,False,False,False,False,False,False,False,False,False,False,True,False,False,False,False,False
Anuncio actualizado el 9 de julio,0,0,1.0,0,0,,en trámite,,0,1,38472389,12,,Los Llanos de Aridane,," , Los Llanos de Aridane , La Palma, Santa Cruz de Tenerife ",,"La Palma, Santa Cruz de Tenerife",250,,2019-04-14,189000,0,3.0,0,0,1,False,False,False,True,False,False,False,False,False,False,False,False,False,False,False,False,False,False,False,False,False,True,False,False,False,False,False
Anuncio actualizado el 9 de noviembre,0,0,2.0,0,0,,en trámite,2 plantas,0,0,40485779,11,,Tazacorte,," , Tazacorte , La Palma, Santa Cruz de Tenerife ",,"La Palma, Santa Cruz de Tenerife",220,200,2019-04-14,299000,0,3.0,0,0,1,False,False,True,False,False,False,False,False,False,False,False,False,False,False,False,False,False,False,False,False,False,True,False,False,False,False,False
Anuncio actualizado el 26 de noviembre,0,0,0.0,0,0,,en trámite,2 plantas,1,1,40499397,11,,El Paso,," , El Paso , La Palma, Santa Cruz de Tenerife ",,"La Palma, Santa Cruz de Tenerife",500,100,2019-04-14,75000,0,4.0,0,0,1,False,False,False,True,False,False,False,False,False,False,False,False,False,False,False,False,False,False,False,False,False,True,False,False,False,False,False
Anuncio actualizado el 15 de julio,0,1,4.0,0,0,,en trámite,2 plantas,0,0,40511733,11,,Los Llanos de Aridane,," , Los Llanos de Aridane , La Palma, Santa Cruz de Tenerife ",,"La Palma, Santa Cruz de Tenerife",1680,,2019-04-14,310000,0,7.0,0,0,1,False,False,True,False,False,False,False,False,False,False,False,False,False,False,False,False,False,False,False,False,False,True,False,False,False,False,False
Anuncio actualizado el 23 de julio,0,1,1.0,0,0,,en trámite,,0,0,40512602,11,,Los Llanos de Aridane,," , Los Llanos de Aridane , La Palma, Santa Cruz de Tenerife ",,"La Palma, Santa Cruz de Tenerife",1100,90,2019-04-14,249000,0,2.0,0,0,1,False,False,True,False,False,False,False,False,False,False,False,False,False,False,False,False,False,False,False,False,False,True,False,False,False,False,False
Anuncio actualizado el 20 de enero,0,0,1.0,0,0,,,,0,0,34833891,7,,Barlovento,Calle venezuela," Calle venezuela , Barlovento , La Palma, Santa Cruz de Tenerife ",,"La Palma, Santa Cruz de Tenerife",70,,2019-04-14,40900,0,2.0,0,0,0,False,False,False,False,False,False,False,False,False,False,False,False,False,False,False,False,False,False,False,False,False,False,False,False,False,False,False
Anuncio actualizado el 5 de abril,0,0,1.0,0,0,,,,0,0,39834651,0,,San Andrés y Sauces,Carretera general," Carretera general , San Andrés y Sauces , La Palma, Santa Cruz de Tenerife ",,"La Palma, Santa Cruz de Tenerife",70,,2019-04-14,40900,0,2.0,0,0,0,False,False,True,False,False,False,False,False,False,False,False,False,False,False,False,False,False,False,False,False,False,False,False,False,False,False,False
Anuncio actualizado el 15 de marzo,0,0,1.0,0,0,,,planta 2ª,0,0,39037037,1,0,Tazacorte,Calle mariano benlliure," Calle mariano benlliure , Tazacorte , La Palma, Santa Cruz de Tenerife ",,"La Palma, Santa Cruz de Tenerife",73,,2019-04-14,75000,0,2.0,0,0,0,False,False,True,False,False,False,False,False,False,False,False,False,False,False,False,False,False,False,False,False,False,False,False,False,False,False,False
Anuncio actualizado el 3 de abril,0,0,1.0,0,0,,,,1,0,84422648,1,,Puntallana,," , Puntallana , La Palma, Santa Cruz de Tenerife ",,"La Palma, Santa Cruz de Tenerife",154,,2019-04-14,69000,0,1.0,0,0,0,False,False,False,False,False,False,False,False,False,False,False,False,False,False,False,False,False,False,False,False,False,False,False,False,False,False,False
Anuncio actualizado el 10 de marzo,0,1,3.0,1,0,,no indicado,,0,1,84452510,0,,Fuencaliente de la Palma,," , Fuencaliente de la Palma , La Palma, Santa Cruz de Tenerife ",,"La Palma, Santa Cruz de Tenerife",726,30,2019-04-14,260000,0,4.0,0,1,1,False,False,True,False,False,False,False,False,False,False,False,False,False,False,False,False,False,False,False,False,False,True,False,False,False,False,False
Anuncio actualizado el 10 de marzo,0,0,1.0,0,0,,no indicado,,1,0,84452512,7,,Breña Baja,," , Breña Baja , La Palma, Santa Cruz de Tenerife ",,"La Palma, Santa Cruz de Tenerife",3977,50,2019-04-14,400000,0,3.0,0,1,1,False,False,False,False,False,False,False,False,False,False,False,False,False,False,False,False,False,False,False,False,False,False,False,False,False,False,False
Anuncio actualizado el 10 de marzo,0,0,2.0,1,0,,no indicado,1 planta,1,1,84452515,0,,Los Llanos de Aridane,," , Los Llanos de Aridane , La Palma, Santa Cruz de Tenerife ",,"La Palma, Santa Cruz de Tenerife",1614,125,2019-04-14,420000,0,3.0,0,1,1,False,False,True,False,False,False,False,False,False,False,False,False,False,False,False,False,False,False,False,False,False,True,False,False,False,False,False
Anuncio actualizado el 10 de marzo,0,0,1.0,0,0,,no indicado,,0,0,84452999,7,,Tijarafe,," , Tijarafe , La Palma, Santa Cruz de Tenerife ",,"La Palma, Santa Cruz de Tenerife",2385,,2019-04-14,219000,0,2.0,0,0,0,False,False,False,False,False,False,False,False,False,False,False,False,False,False,False,False,False,False,False,False,False,False,False,False,False,False,False
Anuncio actualizado el 10 de marzo,0,0,2.0,0,0,,no indicado,,0,0,84452993,7,,El Paso,," , El Paso , La Palma, Santa Cruz de Tenerife ",,"La Palma, Santa Cruz de Tenerife",1214,193,2019-04-14,420000,0,4.0,0,0,1,False,False,False,False,False,False,False,False,False,False,False,False,False,False,False,False,False,False,False,False,False,False,False,False,False,False,False
Anuncio actualizado el 29 de enero,0,0,1.0,0,0,,en trámite,,0,0,82870298,2,,Villa de Mazo,EL POLEAL," EL POLEAL , Villa de Mazo , La Palma, Santa Cruz de Tenerife ",,"La Palma, Santa Cruz de Tenerife",1260,,2019-04-14,120000,0,2.0,0,0,0,False,False,False,True,False,False,False,False,False,False,False,False,False,False,False,False,False,False,False,False,False,False,False,False,False,False,False
Anuncio actualizado el 13 de enero,0,0,1.0,1,1,,,2 plantas,1,1,82906859,10,,Puntallana,Urb. La Galga," Urb. La Galga , Puntallana , La Palma, Santa Cruz de Tenerife ",,"La Palma, Santa Cruz de Tenerife",771,,2019-04-14,215000,0,7.0,1,0,1,False,False,True,False,False,False,False,True,False,False,False,True,False,False,False,False,False,False,False,False,False,False,False,False,False,False,False
Anuncio actualizado el 5 de noviembre,0,0,1.0,0,0,,en trámite,planta 2ª exterior,0,0,82966506,1,0,Santa Cruz de la Palma,LA LUZ," LA LUZ , Santa Cruz de la Palma , La Palma, Santa Cruz de Tenerife ",,"La Palma, Santa Cruz de Tenerife",116,,2019-04-14,130000,0,4.0,0,0,0,False,False,False,True,False,False,False,False,False,False,False,False,False,False,False,False,False,False,False,False,False,False,False,False,False,False,False
Anuncio actualizado el 31 de marzo,0,0,1.0,0,0,,no indicado,bajo exterior,1,0,83128948,1,0,Tazacorte,"Calle Pedro José Viña Díaz, 32"," Calle Pedro José Viña Díaz, 32 , Tazacorte , La Palma, Santa Cruz de Tenerife ",,"La Palma, Santa Cruz de Tenerife",90,,2019-04-14,110000,0,3.0,0,0,1,False,False,True,False,False,False,False,False,False,False,False,False,False,False,False,False,False,False,False,False,False,True,False,False,False,False,False
Anuncio actualizado el 12 de febrero,0,1,2.0,0,0,,en trámite,planta 5ª exterior,0,0,84250013,1,1,Santa Cruz de la Palma,LA ENCARNACION," LA ENCARNACION , Santa Cruz de la Palma , La Palma, Santa Cruz de Tenerife ",,"La Palma, Santa Cruz de Tenerife",110,,2019-04-14,130000,0,4.0,0,0,0,False,False,True,False,False,False,False,False,False,False,False,False,False,False,True,False,False,False,False,False,False,False,False,False,False,False,False
Anuncio actualizado el 8 de abril,0,0,1.0,1,0,,inmueble exento,planta 3ª exterior,0,0,84405214,5,1,Barlovento,," , Barlovento , La Palma, Santa Cruz de Tenerife ",,"La Palma, Santa Cruz de Tenerife",153,63,2019-04-14,169000,0,2.0,0,0,1,False,False,True,False,False,False,False,False,False,False,False,False,False,False,False,False,False,False,False,False,False,False,False,True,False,False,False
Anuncio actualizado el 13 de abril,0,1,2.0,0,0,,,bajo exterior,0,0,25533666,8,0,Los Llanos de Aridane,"Puerto Naos, 61"," Puerto Naos, 61 , Los Llanos de Aridane , La Palma, Santa Cruz de Tenerife ",,"La Palma, Santa Cruz de Tenerife",254,150,2019-04-14,240000,0,3.0,1,0,1,False,False,True,False,False,True,False,False,False,False,False,False,False,False,False,False,False,False,False,False,False,True,False,False,False,False,False
Anuncio actualizado el 22 de marzo,1,0,1.0,0,0,2005,no indicado,planta 2ª,0,0,38994189,1,,Tazacorte,"Urb. 2 PALNTA,"," Calle Mariano Benlliure, 2 , Urb. 2 PALNTA, , Tazacorte , La Palma, Santa Cruz de Tenerife ","Calle Mariano Benlliure, 2","La Palma, Santa Cruz de Tenerife",73,,2019-04-14,75000,0,2.0,0,0,0,False,False,False,True,False,False,False,False,False,False,True,False,False,False,False,False,False,False,False,False,False,False,False,True,False,False,False
Anuncio actualizado el 2 de octubre,0,1,2.0,1,0,,inmueble exento,planta 1ª interior,0,0,82585481,1,1,El Paso,"Calle Gonzales del Hiero, 5"," Calle Gonzales del Hiero, 5 , El Paso , La Palma, Santa Cruz de Tenerife ",,"La Palma, Santa Cruz de Tenerife",149,,2019-04-14,157500,0,3.0,0,0,0,False,False,True,False,False,False,False,False,False,False,False,False,False,False,False,False,False,False,False,False,False,False,False,False,False,False,False
Anuncio actualizado el 11 de abril,0,0,1.0,0,0,,no indicado,bajo,0,0,84704933,1,1,Los Llanos de Aridane,"Calle Tamanca, 73"," Calle Tamanca, 73 , Los Llanos de Aridane , La Palma, Santa Cruz de Tenerife ",,"La Palma, Santa Cruz de Tenerife",85,68,2019-04-14,65000,0,1.0,0,0,0,False,False,False,False,False,False,False,False,False,False,False,False,False,False,False,False,False,False,False,False,False,False,False,False,False,False,False
Anuncio actualizado el 21 de febrero,0,0,1.0,0,0,,,planta 1ª exterior,0,1,35500596,1,0,Breña Baja,monte de breña," monte de breña , Breña Baja , La Palma, Santa Cruz de Tenerife ",,"La Palma, Santa Cruz de Tenerife",152,77,2019-04-14,146600,0,3.0,0,0,1,False,False,False,False,False,False,False,False,False,False,False,False,False,False,False,False,False,False,False,False,False,False,False,False,False,False,False
Anuncio actualizado el 21 de febrero,0,0,1.0,0,0,,,bajo exterior,0,1,35500597,1,0,Breña Baja,monte de breña," monte de breña , Breña Baja , La Palma, Santa Cruz de Tenerife ",,"La Palma, Santa Cruz de Tenerife",152,61,2019-04-14,146600,0,2.0,0,0,1,False,False,False,False,False,False,False,False,False,False,False,False,False,False,False,False,False,False,False,False,False,False,False,False,False,False,False
Anuncio actualizado el 19 de marzo,0,0,2.0,0,0,,,,1,0,36730261,0,,Los Llanos de Aridane,Calle armas," Calle armas , Los Llanos de Aridane , La Palma, Santa Cruz de Tenerife ",,"La Palma, Santa Cruz de Tenerife",120,,2019-04-14,84500,0,4.0,0,0,0,False,False,True,False,False,False,False,False,False,False,False,False,False,False,False,False,False,False,False,False,False,False,False,False,False,False,False
Anuncio actualizado el 3 de marzo,0,0,2.0,0,0,,en trámite,,0,1,84340169,7,,Puntallana,Calle Masapez," Calle Masapez , Puntallana , La Palma, Santa Cruz de Tenerife ",,"La Palma, Santa Cruz de Tenerife",197,166,2019-04-14,140000,0,3.0,0,0,0,False,False,True,False,False,False,False,False,False,False,False,False,False,False,False,False,False,False,False,False,False,False,False,False,False,False,False
Anuncio actualizado el 8 de abril,0,1,1.0,0,0,,no indicado,planta 1ª exterior,0,0,84405208,1,1,Barlovento,," , Barlovento , La Palma, Santa Cruz de Tenerife ",,"La Palma, Santa Cruz de Tenerife",38,34,2019-04-14,63000,0,1.0,0,0,0,False,False,True,False,False,False,False,False,False,False,False,False,False,False,False,False,False,False,False,False,False,False,False,False,False,False,False
Anuncio actualizado el 8 de abril,0,1,1.0,0,0,,no indicado,planta 1ª exterior,0,0,84405210,1,1,Barlovento,," , Barlovento , La Palma, Santa Cruz de Tenerife ",,"La Palma, Santa Cruz de Tenerife",48,44,2019-04-14,80000,0,1.0,0,0,0,False,False,True,False,False,False,False,False,False,False,False,False,False,False,False,False,False,False,False,False,False,False,False,False,False,False,False
Anuncio actualizado el 8 de abril,0,1,1.0,0,0,,no indicado,planta 2ª exterior,0,0,84405211,1,1,Barlovento,," , Barlovento , La Palma, Santa Cruz de Tenerife ",,"La Palma, Santa Cruz de Tenerife",37,33,2019-04-14,63000,0,1.0,0,0,0,False,False,True,False,False,False,False,False,False,False,False,False,False,False,False,False,False,False,False,False,False,False,False,False,False,False,False
Anuncio actualizado el 4 de mayo,0,0,2.0,0,0,,inmueble exento,3 plantas,0,0,26488143,0,,Santa Cruz de la Palma,"Calle Anselmo Pérez de Brito, 55"," Calle Anselmo Pérez de Brito, 55 , Santa Cruz de la Palma , La Palma, Santa Cruz de Tenerife ",,"La Palma, Santa Cruz de Tenerife",173,300,2019-04-14,300000,0,5.0,0,0,0,False,False,False,True,False,False,False,False,False,False,False,True,False,False,False,False,False,False,False,False,False,False,False,False,False,False,False
Anuncio actualizado el 18 de febrero,0,0,6.0,0,0,,no indicado,3 plantas,0,0,38980556,0,,Santa Cruz de la Palma,"Calle Anselmo Pérez de Brito, 83"," Calle Anselmo Pérez de Brito, 83 , Santa Cruz de la Palma , La Palma, Santa Cruz de Tenerife ",,"La Palma, Santa Cruz de Tenerife",320,,2019-04-14,215000,0,14.0,0,0,0,False,False,False,True,False,False,False,False,False,False,False,False,False,False,False,False,False,False,False,False,False,False,False,False,False,False,False
Anuncio actualizado el 3 de abril,0,0,1.0,0,0,,,,0,1,31699138,7,,Breña Baja,," , Breña Baja , La Palma, Santa Cruz de Tenerife ",,"La Palma, Santa Cruz de Tenerife",61,45,2019-04-14,60500,0,1.0,0,0,1,False,False,True,False,False,False,False,False,False,False,False,False,False,False,False,False,False,False,False,False,False,False,False,False,False,False,False
Anuncio actualizado el 3 de abril,0,0,1.0,0,0,,,planta 5ª exterior,1,0,34194314,6,0,Breña Baja,," , Breña Baja , La Palma, Santa Cruz de Tenerife ",,"La Palma, Santa Cruz de Tenerife",91,40,2019-04-14,74600,0,0.0,0,0,1,False,False,False,True,False,False,False,False,False,False,False,False,False,False,False,False,False,False,False,False,False,False,False,False,False,False,False
Anuncio actualizado el 11 de marzo,0,0,1.0,0,0,,no indicado,1 planta,1,1,28549520,10,,Villa de Mazo,"Lomo Oscuro, 78"," Lomo Oscuro, 78 , Villa de Mazo , La Palma, Santa Cruz de Tenerife ",,"La Palma, Santa Cruz de Tenerife",325,,2019-04-14,70000,0,3.0,1,0,0,False,False,False,True,False,False,False,False,False,False,False,False,False,False,False,False,False,False,False,False,False,False,False,True,False,False,False
Anuncio actualizado el 10 de abril,0,0,3.0,0,0,,en trámite,1 planta,0,0,30752860,4,,San Andrés y Sauces,"Calle la calzada, 1"," Calle la calzada, 1 , San Andrés y Sauces , La Palma, Santa Cruz de Tenerife ",,"La Palma, Santa Cruz de Tenerife",200,300,2019-04-14,153000,0,5.0,1,0,1,False,False,False,True,False,False,False,False,False,False,False,True,False,False,False,False,False,False,False,False,False,False,False,False,False,False,False
Anuncio actualizado el 14 de abril,0,1,2.0,0,0,,inmueble exento,2 plantas,0,1,36622409,0,,Barlovento,"LP-1, 64"," LP-1, 64 , Barlovento , La Palma, Santa Cruz de Tenerife ",,"La Palma, Santa Cruz de Tenerife",590,,2019-04-14,169000,0,5.0,1,0,1,False,False,True,False,False,False,False,False,False,False,False,True,False,False,False,False,False,False,False,False,False,False,False,False,False,False,False
Anuncio actualizado el 8 de noviembre,0,0,1.0,0,0,1900,en trámite,2 plantas,0,1,31379805,3,,San Andrés y Sauces,Urb. Los lomitos," Urb. Los lomitos , San Andrés y Sauces , La Palma, Santa Cruz de Tenerife ",,"La Palma, Santa Cruz de Tenerife",400,168,2019-04-14,240000,0,4.0,0,0,0,False,False,False,True,False,False,False,False,False,False,False,False,False,True,False,False,False,False,False,False,False,False,False,False,False,False,False
Anuncio actualizado el 14 de abril,0,0,3.0,1,0,,,planta 3ª exterior,0,0,32028135,1,1,Santa Cruz de la Palma,"Calle anselmo pérez de brito, 71"," Calle anselmo pérez de brito, 71 , Santa Cruz de la Palma , La Palma, Santa Cruz de Tenerife ",,"La Palma, Santa Cruz de Tenerife",160,,2019-04-14,265000,0,5.0,0,0,1,False,False,True,False,False,False,False,False,False,False,False,False,True,False,False,False,False,False,False,False,False,False,False,False,False,False,False
Anuncio actualizado el 7 de abril,0,1,3.0,1,0,2000,no indicado,2 plantas,1,0,81291424,12,,Breña Alta,Urb. URBANIZACION," Calle Miguel Hernández, 50 , Urb. URBANIZACION , Breña Alta , La Palma, Santa Cruz de Tenerife ","Calle Miguel Hernández, 50","La Palma, Santa Cruz de Tenerife",128,93,2019-04-14,200000,0,4.0,0,0,1,False,False,True,False,False,False,False,False,False,False,False,True,False,False,False,False,False,False,False,False,False,False,False,False,False,False,False
Anuncio actualizado el 11 de marzo,0,0,2.0,0,0,,no indicado,planta 1ª exterior,1,0,1620378,1,0,San Andrés y Sauces,"Calle Melonar, 15"," Calle Melonar, 15 , San Andrés y Sauces , La Palma, Santa Cruz de Tenerife ",,"La Palma, Santa Cruz de Tenerife",99,83,2019-04-14,122000,0,3.0,1,1,1,False,False,True,False,False,False,False,False,False,False,False,True,False,False,False,False,False,False,False,False,False,False,False,False,False,False,False
Anuncio actualizado el 3 de marzo,0,1,3.0,1,0,1990,en trámite,2 plantas,0,1,83200122,0,,El Paso,"Calle Cruz de Medina, 8"," Calle Cruz de Medina, 8 , El Paso , La Palma, Santa Cruz de Tenerife ",,"La Palma, Santa Cruz de Tenerife",3750,,2019-04-14,460000,0,4.0,1,1,1,False,False,True,False,False,True,False,False,False,False,False,True,False,False,False,False,False,False,False,False,False,False,False,False,False,False,False
Anuncio actualizado el 8 de enero,0,0,2.0,0,0,,no indicado,3 plantas,1,0,83644604,11,,Los Llanos de Aridane,"Calle la Sabina, 14"," Calle la Sabina, 14 , Los Llanos de Aridane , La Palma, Santa Cruz de Tenerife ",,"La Palma, Santa Cruz de Tenerife",218,191,2019-04-14,240000,0,3.0,1,0,1,False,False,True,False,False,False,False,False,False,False,False,False,False,False,False,False,False,False,False,False,False,False,False,False,False,False,False
Anuncio actualizado el 7 de abril,0,0,1.0,0,0,,no indicado,,0,0,38177848,1,,Santa Cruz de la Palma,Calle Antonio Rodríguez López," Calle Antonio Rodríguez López , Santa Cruz de la Palma , La Palma, Santa Cruz de Tenerife ",,"La Palma, Santa Cruz de Tenerife",97,,2019-04-14,125500,0,3.0,0,0,0,False,False,False,False,False,False,False,False,False,False,False,False,False,False,False,False,False,False,False,False,False,False,False,False,False,False,False
Anuncio actualizado el 17 de febrero,0,0,2.0,0,0,,no indicado,,0,0,81409958,1,,Los Llanos de Aridane,Calle Vizconde de Buen Paso," Calle Vizconde de Buen Paso , Los Llanos de Aridane , La Palma, Santa Cruz de Tenerife ",,"La Palma, Santa Cruz de Tenerife",98,,2019-04-14,122100,0,3.0,0,0,0,False,False,False,False,False,False,False,False,False,False,False,False,False,False,False,False,False,False,False,False,False,False,False,False,False,False,False
Anuncio actualizado el 17 de febrero,0,0,2.0,0,0,,no indicado,,0,0,81409965,1,,San Andrés y Sauces,Calle Alonso Pérez Díaz," Calle Alonso Pérez Díaz , San Andrés y Sauces , La Palma, Santa Cruz de Tenerife ",,"La Palma, Santa Cruz de Tenerife",88,,2019-04-14,106100,0,3.0,0,0,0,False,False,False,False,False,False,False,False,False,False,False,False,False,False,False,False,False,False,False,False,False,False,False,False,False,False,False
Anuncio actualizado el 17 de febrero,0,0,2.0,0,0,,no indicado,,0,0,81409967,1,,San Andrés y Sauces,Calle Alonso Pérez Díaz," Calle Alonso Pérez Díaz , San Andrés y Sauces , La Palma, Santa Cruz de Tenerife ",,"La Palma, Santa Cruz de Tenerife",88,,2019-04-14,106100,0,3.0,0,0,0,False,False,False,False,False,False,False,False,False,False,False,False,False,False,False,False,False,False,False,False,False,False,False,False,False,False,False
Anuncio actualizado el 17 de febrero,0,0,2.0,0,0,,no indicado,,0,0,81409968,1,,San Andrés y Sauces,Calle Alonso Pérez Díaz," Calle Alonso Pérez Díaz , San Andrés y Sauces , La Palma, Santa Cruz de Tenerife ",,"La Palma, Santa Cruz de Tenerife",45,,2019-04-14,73800,0,3.0,0,0,0,False,False,False,False,False,False,False,False,False,False,False,False,False,False,False,False,False,False,False,False,False,False,False,False,False,False,False
Anuncio actualizado el 24 de febrero,0,0,2.0,1,0,,no indicado,bajo exterior,1,0,84217747,1,0,Santa Cruz de la Palma,"Calle José Guadalupe Hernández, 9"," Calle José Guadalupe Hernández, 9 , Santa Cruz de la Palma , La Palma, Santa Cruz de Tenerife ",,"La Palma, Santa Cruz de Tenerife",110,92,2019-04-14,160000,0,3.0,1,0,1,False,False,True,False,False,False,False,False,False,False,False,True,False,False,False,False,False,False,False,False,False,False,False,False,False,False,False
Anuncio actualizado el 2 de abril,0,0,1.0,1,0,,no indicado,bajo,1,0,84670586,1,1,Tazacorte,," , Tazacorte , La Palma, Santa Cruz de Tenerife ",,"La Palma, Santa Cruz de Tenerife",86,,2019-04-14,99000,0,3.0,0,0,0,False,False,False,False,False,False,False,False,False,False,False,False,False,False,False,False,False,False,False,False,False,False,False,False,False,False,False
Anuncio actualizado el 5 de abril,0,0,1.0,0,0,,,,0,0,84673590,0,,El Paso,," , El Paso , La Palma, Santa Cruz de Tenerife ",,"La Palma, Santa Cruz de Tenerife",249,,2019-04-14,367500,0,4.0,0,0,0,False,False,True,False,False,False,False,False,False,False,False,False,False,False,False,False,False,False,False,False,False,False,False,False,False,False,False
Anuncio actualizado el 3 de abril,0,0,1.0,0,0,,,bajo exterior,0,0,84902631,1,0,Fuencaliente de la Palma,Calle Florencio Pérez Pérez," Calle Florencio Pérez Pérez , Fuencaliente de la Palma , La Palma, Santa Cruz de Tenerife ",,"La Palma, Santa Cruz de Tenerife",33,29,2019-04-14,40000,0,1.0,0,0,0,False,False,False,True,False,False,False,False,False,False,False,False,False,False,False,False,False,False,False,False,False,False,False,False,False,False,False
Anuncio actualizado el 3 de abril,0,0,1.0,0,0,,,bajo exterior,0,0,84902632,1,0,Fuencaliente de la Palma,Calle Florencio Pérez Pérez," Calle Florencio Pérez Pérez , Fuencaliente de la Palma , La Palma, Santa Cruz de Tenerife ",,"La Palma, Santa Cruz de Tenerife",54,45,2019-04-14,60000,0,1.0,0,0,0,False,False,False,True,False,False,False,False,False,False,False,False,False,False,False,False,False,False,False,False,False,False,False,False,False,False,False
Anuncio actualizado el 3 de abril,0,0,1.0,0,0,,,planta 1ª exterior,0,0,84902633,1,0,Fuencaliente de la Palma,Calle Florencio Pérez Pérez," Calle Florencio Pérez Pérez , Fuencaliente de la Palma , La Palma, Santa Cruz de Tenerife ",,"La Palma, Santa Cruz de Tenerife",82,62,2019-04-14,80000,0,3.0,0,0,0,False,False,False,True,False,False,False,False,False,False,False,False,False,False,False,False,False,False,False,False,False,False,False,False,False,False,False
Anuncio actualizado el 7 de abril,0,0,2.0,1,0,,,planta 10ª exterior,0,0,84682726,5,1,Santa Cruz de la Palma,"Avenida el Puente, 48"," Avenida el Puente, 48 , Santa Cruz de la Palma , La Palma, Santa Cruz de Tenerife ",,"La Palma, Santa Cruz de Tenerife",122,,2019-04-14,225000,1,3.0,1,0,1,False,False,True,False,False,False,False,False,False,False,False,False,False,False,False,False,False,False,False,False,False,True,False,False,False,False,False
Anuncio actualizado el 28 de febrero,0,0,2.0,1,1,,en trámite,2 plantas,1,1,27186966,10,,Breña Alta,Camino Lemus s/n," Camino Lemus s/n , Breña Alta , La Palma, Santa Cruz de Tenerife ",,"La Palma, Santa Cruz de Tenerife",10000,,2019-04-14,480000,0,5.0,1,1,1,False,False,True,False,False,False,False,False,False,False,False,False,False,False,False,True,False,False,False,False,False,False,False,False,False,False,False
Anuncio actualizado el 11 de abril,0,0,1.0,0,1,,no indicado,,1,1,28859320,2,,El Paso,"Camino Cabeza de Vaca, 2"," Camino Cabeza de Vaca, 2 , El Paso , La Palma, Santa Cruz de Tenerife ",,"La Palma, Santa Cruz de Tenerife",2000,,2019-04-14,237000,0,4.0,1,0,1,False,False,True,False,False,False,False,False,False,False,False,False,False,False,False,False,False,False,False,False,False,False,False,False,False,False,False
Anuncio actualizado el 7 de abril,0,0,2.0,0,0,,no indicado,,1,1,28980910,0,,Villa de Mazo,"Carretera General Tigalate, 171"," Carretera General Tigalate, 171 , Villa de Mazo , La Palma, Santa Cruz de Tenerife ",,"La Palma, Santa Cruz de Tenerife",700,,2019-04-14,110000,0,3.0,1,0,1,False,False,True,False,False,False,False,False,False,False,False,True,False,False,False,False,False,False,False,False,False,False,False,False,False,False,False
Anuncio actualizado el 7 de abril,0,0,1.0,0,0,,no indicado,1 planta,1,1,30853406,0,,Santa Cruz de la Palma,velhoco s/n," velhoco s/n , Santa Cruz de la Palma , La Palma, Santa Cruz de Tenerife ",,"La Palma, Santa Cruz de Tenerife",500,100,2019-04-14,120000,0,3.0,1,0,1,False,False,False,True,False,False,False,False,False,False,False,False,False,False,False,False,False,False,False,False,False,False,False,True,False,False,False
Anuncio actualizado el 15 de marzo,0,0,1.0,0,0,1980,en trámite,,0,0,31413733,2,,San Andrés y Sauces,," , San Andrés y Sauces , La Palma, Santa Cruz de Tenerife ",,"La Palma, Santa Cruz de Tenerife",77,75,2019-04-14,80000,0,3.0,0,0,0,False,False,True,False,False,False,False,False,False,False,False,False,False,True,False,False,False,False,False,False,False,False,False,False,False,False,False
Anuncio actualizado el 21 de enero,0,0,1.0,0,0,,no indicado,2 plantas,0,0,33055349,4,,Villa de Mazo,Urb. CARRETERA GENERAL-EL PUEBLO," Carretera general, 34 , Urb. CARRETERA GENERAL-EL PUEBLO , Villa de Mazo , La Palma, Santa Cruz de Tenerife ","Carretera general, 34","La Palma, Santa Cruz de Tenerife",174,,2019-04-14,70000,0,2.0,1,0,1,False,False,False,True,False,False,False,False,False,False,False,False,False,False,False,False,False,False,False,False,False,False,False,False,False,False,False
Anuncio actualizado el 8 de abril,0,0,3.0,0,0,,no indicado,,0,0,30865279,2,,Breña Alta,"Camino la capellania, 19"," Camino la capellania, 19 , Breña Alta , La Palma, Santa Cruz de Tenerife ",,"La Palma, Santa Cruz de Tenerife",180,,2019-04-14,250000,0,3.0,0,0,0,False,False,True,False,False,False,False,False,False,False,False,False,False,False,False,False,False,False,False,False,False,False,False,False,False,False,False
Anuncio actualizado el 31 de marzo,0,0,4.0,0,0,,,2 plantas,1,0,36413918,10,,Puntagorda,"Camino Roque Fagundo, 9"," Camino Roque Fagundo, 9 , Puntagorda , La Palma, Santa Cruz de Tenerife ",,"La Palma, Santa Cruz de Tenerife",173,,2019-04-14,85000,0,6.0,1,0,0,False,False,False,True,False,False,False,False,False,False,False,False,False,False,False,False,False,False,False,False,False,False,False,False,False,False,False
Anuncio actualizado el 6 de abril,0,0,1.0,0,0,,no indicado,1 planta,0,0,36779554,2,,Villa de Mazo,"Camino Monte de Pueblo, 20"," Camino Monte de Pueblo, 20 , Villa de Mazo , La Palma, Santa Cruz de Tenerife ",,"La Palma, Santa Cruz de Tenerife",1251,,2019-04-14,90000,0,2.0,0,0,0,False,False,False,True,False,False,False,False,False,False,False,False,False,False,False,False,False,False,False,False,False,False,False,False,False,False,False
Anuncio actualizado el 11 de enero,0,1,2.0,0,0,,no indicado,2 plantas,1,1,39623439,0,,San Andrés y Sauces,"Calle Marcos y Cordero, 9"," Calle Marcos y Cordero, 9 , San Andrés y Sauces , La Palma, Santa Cruz de Tenerife ",,"La Palma, Santa Cruz de Tenerife",207,,2019-04-14,89000,1,3.0,0,0,1,False,False,False,True,False,False,False,False,False,False,False,False,False,False,False,False,False,False,False,False,False,False,False,False,True,False,False
Anuncio actualizado el 7 de noviembre,0,1,4.0,1,0,,no indicado,3 plantas,1,1,39631988,0,,Breña Alta,Urb. La Grama," Calle Cassiopea, 75 , Urb. La Grama , Breña Alta , La Palma, Santa Cruz de Tenerife ","Calle Cassiopea, 75","La Palma, Santa Cruz de Tenerife",577,290,2019-04-14,394000,0,5.0,1,0,1,False,False,True,False,False,False,False,False,False,False,False,False,False,False,False,False,False,False,False,True,False,False,False,False,False,False,False
Anuncio actualizado el 7 de diciembre,0,0,2.0,0,0,,en trámite,3 plantas,0,0,40486078,11,,Tazacorte,," , Tazacorte , La Palma, Santa Cruz de Tenerife ",,"La Palma, Santa Cruz de Tenerife",115,50,2019-04-14,175000,0,2.0,0,0,1,False,False,True,False,False,False,False,False,False,False,False,False,False,False,False,False,False,False,False,False,False,True,False,False,False,False,False
Anuncio actualizado el 12 de noviembre,0,1,1.0,0,0,,en trámite,2 plantas,0,1,40511442,0,,Los Llanos de Aridane,Urb. Argual," Argual s/n , Urb. Argual , Los Llanos de Aridane , La Palma, Santa Cruz de Tenerife ",Argual s/n,"La Palma, Santa Cruz de Tenerife",250,200,2019-04-14,189000,0,3.0,1,0,1,False,False,False,True,False,False,False,False,False,False,True,False,False,False,False,False,False,False,False,False,False,True,False,False,False,False,False
Anuncio actualizado el 23 de julio,0,1,1.0,0,0,,en trámite,2 plantas,0,0,40511934,11,,Tijarafe,," , Tijarafe , La Palma, Santa Cruz de Tenerife ",,"La Palma, Santa Cruz de Tenerife",20223,,2019-04-14,415000,0,3.0,0,0,1,False,False,True,False,False,False,False,False,False,False,False,False,False,False,False,False,False,False,False,False,False,True,False,False,False,False,False
Anuncio actualizado el 2 de abril,0,1,1.0,1,0,,no indicado,planta 5ª exterior,0,0,40447489,1,1,Breña Baja,Urb. Centro Cancajos," Calle Salinas, 23 , Urb. Centro Cancajos , Breña Baja , La Palma, Santa Cruz de Tenerife ","Calle Salinas, 23","La Palma, Santa Cruz de Tenerife",40,,2019-04-14,65000,0,1.0,0,1,0,False,False,True,False,False,False,False,False,False,False,True,True,False,False,False,False,False,False,False,False,False,False,False,False,False,False,False
Anuncio actualizado el 8 de abril,0,0,2.0,1,0,,no indicado,3 plantas,1,0,84318144,10,,Tazacorte,"San Borondón, 4"," San Borondón, 4 , Tazacorte , La Palma, Santa Cruz de Tenerife ",,"La Palma, Santa Cruz de Tenerife",270,230,2019-04-14,260000,0,4.0,1,0,1,False,False,True,False,False,False,False,False,False,False,False,False,False,False,False,False,False,False,True,False,False,False,False,False,False,False,False
Anuncio actualizado el 8 de abril,0,0,1.0,0,0,,no indicado,planta 3ª exterior,0,0,84462294,1,1,Tazacorte,"Calle Pedro José Viña Díaz, 25"," Calle Pedro José Viña Díaz, 25 , Tazacorte , La Palma, Santa Cruz de Tenerife ",,"La Palma, Santa Cruz de Tenerife",95,94,2019-04-14,110000,1,3.0,0,0,0,False,False,True,False,False,False,False,False,False,False,False,False,False,False,False,False,False,False,False,False,False,True,False,False,False,False,False
Anuncio actualizado el 28 de marzo,0,1,2.0,1,0,,no indicado,,1,1,83774473,0,,Tazacorte,," , Tazacorte , La Palma, Santa Cruz de Tenerife ",,"La Palma, Santa Cruz de Tenerife",1913,70,2019-04-14,298000,0,2.0,1,0,1,False,False,True,False,True,False,False,False,False,False,False,False,False,False,False,False,False,False,False,False,False,True,False,False,False,False,False
Anuncio actualizado el 13 de marzo,0,0,1.0,0,0,,,2 plantas,0,0,84374754,4,,Villa de Mazo,"Calle Salemera, 26"," Calle Salemera, 26 , Villa de Mazo , La Palma, Santa Cruz de Tenerife ",,"La Palma, Santa Cruz de Tenerife",65,60,2019-04-14,120000,0,1.0,0,0,0,False,False,True,False,False,False,False,False,False,False,True,False,False,False,False,False,False,False,False,False,False,False,False,False,False,False,False
Anuncio actualizado el 30 de noviembre,1,0,2.0,1,0,,en trámite,1 planta,1,1,34468953,0,,El Paso,," , El Paso , La Palma, Santa Cruz de Tenerife ",,"La Palma, Santa Cruz de Tenerife",1000,,2019-04-14,540000,0,3.0,1,1,1,False,False,True,False,False,False,False,False,False,False,False,False,False,False,False,False,False,False,False,False,False,True,False,False,False,False,False
Anuncio actualizado el 2 de abril,0,0,2.0,1,0,,en trámite,3 plantas,0,0,38264692,0,,Santa Cruz de la Palma,," , Santa Cruz de la Palma , La Palma, Santa Cruz de Tenerife ",,"La Palma, Santa Cruz de Tenerife",107,,2019-04-14,120000,0,4.0,0,0,1,False,False,False,False,False,False,False,False,False,False,False,False,False,False,False,False,False,False,False,False,False,False,False,False,False,False,False
Anuncio actualizado el 2 de abril,0,0,1.0,0,0,,,,0,0,34836262,7,,Puntallana,Calle llano molino," Calle llano molino , Puntallana , La Palma, Santa Cruz de Tenerife ",,"La Palma, Santa Cruz de Tenerife",154,,2019-04-14,69000,0,1.0,0,0,0,False,False,False,False,False,False,False,False,False,False,False,False,False,False,False,False,False,False,False,False,False,False,False,False,False,False,False
Anuncio actualizado el 24 de abril,0,1,1.0,0,0,,en trámite,1 planta,1,1,39877612,0,,Garafia,Urb. Las Tricias," Urb. Las Tricias , Garafia , La Palma, Santa Cruz de Tenerife ",,"La Palma, Santa Cruz de Tenerife",1200,50,2019-04-14,145000,0,1.0,0,0,1,False,False,True,False,False,False,False,False,False,False,False,False,False,False,False,False,True,False,False,False,False,False,False,False,False,False,False
Anuncio actualizado el 4 de abril,0,0,1.0,0,0,,,,1,0,39903868,0,,Puntallana,Calle llano molino," Calle llano molino , Puntallana , La Palma, Santa Cruz de Tenerife ",,"La Palma, Santa Cruz de Tenerife",154,,2019-04-14,69000,0,1.0,0,0,0,False,False,True,False,False,False,False,False,False,False,False,False,False,False,False,False,False,False,False,False,False,False,False,False,False,False,False
Anuncio actualizado el 1 de abril,0,1,2.0,0,0,,en trámite,,0,0,40471107,10,,Fuencaliente de la Palma,," , Fuencaliente de la Palma , La Palma, Santa Cruz de Tenerife ",,"La Palma, Santa Cruz de Tenerife",520,105,2019-04-14,155000,0,3.0,0,0,1,False,False,True,False,False,False,False,False,False,False,False,False,False,False,False,False,False,False,False,False,False,False,False,True,False,False,False
Anuncio actualizado el 11 de abril,0,0,2.0,0,0,,no indicado,bajo,0,0,81221895,1,0,Santa Cruz de la Palma,"Carretera del Galión, 4"," Carretera del Galión, 4 , Santa Cruz de la Palma , La Palma, Santa Cruz de Tenerife ",,"La Palma, Santa Cruz de Tenerife",406,357,2019-04-14,120000,0,3.0,0,0,0,False,False,False,True,False,False,False,False,False,False,False,False,False,False,False,False,False,False,False,False,False,False,False,False,False,False,False
Anuncio actualizado el 6 de abril,0,0,1.0,0,0,,en trámite,planta 3ª exterior,0,0,82847165,1,0,Breña Alta,"Calle Leoncio Afonso Pérez, 26"," Calle Leoncio Afonso Pérez, 26 , Breña Alta , La Palma, Santa Cruz de Tenerife ",,"La Palma, Santa Cruz de Tenerife",55,,2019-04-14,82000,0,1.0,0,0,0,False,False,True,False,False,False,False,False,False,False,False,False,False,False,False,False,False,False,False,False,False,False,False,False,False,False,False
Anuncio actualizado el 6 de marzo,0,1,2.0,0,0,,en trámite,planta 3ª exterior,0,0,84324017,5,1,Santa Cruz de la Palma,," , Santa Cruz de la Palma , La Palma, Santa Cruz de Tenerife ",,"La Palma, Santa Cruz de Tenerife",262,120,2019-04-14,285000,0,6.0,0,0,1,False,False,True,False,False,False,False,False,False,False,True,True,False,False,False,False,False,False,False,False,False,False,False,False,False,False,False
Anuncio actualizado el 2 de abril,0,1,2.0,0,0,,en trámite,planta 3ª exterior,0,0,84394120,1,1,Los Llanos de Aridane,," , Los Llanos de Aridane , La Palma, Santa Cruz de Tenerife ",,"La Palma, Santa Cruz de Tenerife",93,78,2019-04-14,165000,0,4.0,0,0,0,False,False,True,False,False,False,False,False,False,False,True,True,False,False,False,False,False,False,False,False,False,False,False,False,False,False,False
Anuncio actualizado el 21 de febrero,0,0,1.0,0,0,,no indicado,1 planta,1,0,83705964,2,,Puntagorda,"Calle Calvario, 19"," Calle Calvario, 19 , Puntagorda , La Palma, Santa Cruz de Tenerife ",,"La Palma, Santa Cruz de Tenerife",51,,2019-04-14,150000,0,2.0,1,0,0,False,False,True,False,False,False,False,False,False,False,True,False,False,False,False,False,False,False,False,False,False,False,False,False,False,False,False
Anuncio actualizado el 27 de marzo,1,0,3.0,1,0,2002,no indicado,,1,0,84605075,7,,El Paso,Urb. Polígono 47 Parcela 73," Camino Cabeza de Vaca , Urb. Polígono 47 Parcela 73 , El Paso , La Palma, Santa Cruz de Tenerife ",Camino Cabeza de Vaca,"La Palma, Santa Cruz de Tenerife",195,195,2019-04-14,367500,0,4.0,1,0,1,False,False,False,True,False,False,False,False,False,False,True,False,False,False,False,False,False,False,False,False,False,False,False,False,False,False,False
Anuncio actualizado el 8 de abril,0,0,2.0,0,0,,,,0,0,37841663,1,0,Tazacorte,," , Tazacorte , La Palma, Santa Cruz de Tenerife ",,"La Palma, Santa Cruz de Tenerife",86,,2019-04-14,84300,0,3.0,0,0,0,False,False,False,False,False,False,False,False,False,False,False,False,False,False,False,False,False,False,False,False,False,False,False,False,False,False,False
Anuncio actualizado el 3 de abril,0,0,3.0,0,0,,,,0,0,82124753,7,,Garafia,Calle Piedra," Calle Piedra , Garafia , La Palma, Santa Cruz de Tenerife ",,"La Palma, Santa Cruz de Tenerife",129,100,2019-04-14,108200,0,3.0,0,1,0,False,False,False,True,False,False,False,False,False,False,False,False,False,False,False,False,False,False,False,False,False,False,False,False,False,False,False
Anuncio actualizado el 25 de enero,0,1,3.0,1,0,,en trámite,2 plantas,0,0,82837379,11,,Breña Baja,SAN ANTONIO," SAN ANTONIO , Breña Baja , La Palma, Santa Cruz de Tenerife ",,"La Palma, Santa Cruz de Tenerife",120,,2019-04-14,165000,0,3.0,0,1,1,False,False,True,False,False,False,False,False,False,False,False,True,False,False,False,False,False,False,False,False,False,False,False,False,False,False,False
Anuncio actualizado el 9 de enero,0,0,1.0,0,0,,en trámite,,0,0,82950484,2,,Breña Baja,La Polvacera," La Polvacera , Breña Baja , La Palma, Santa Cruz de Tenerife ",,"La Palma, Santa Cruz de Tenerife",120,,2019-04-14,190000,0,3.0,0,0,1,False,False,True,False,False,False,False,False,False,False,False,False,False,False,False,False,False,False,False,False,False,False,False,False,False,False,False
Anuncio actualizado el 11 de abril,1,0,3.0,0,0,,en trámite,,1,1,39200708,7,,Villa de Mazo,," , Villa de Mazo , La Palma, Santa Cruz de Tenerife ",,"La Palma, Santa Cruz de Tenerife",2000,260,2019-04-14,840000,1,5.0,0,1,1,False,False,True,False,False,False,False,False,False,False,False,True,False,False,False,False,False,False,False,False,False,False,False,False,False,False,False
Anuncio actualizado el 11 de abril,0,0,2.0,1,0,,en trámite,,0,0,39200710,7,,Santa Cruz de la Palma,," , Santa Cruz de la Palma , La Palma, Santa Cruz de Tenerife ",,"La Palma, Santa Cruz de Tenerife",306,300,2019-04-14,550000,0,5.0,0,0,1,False,False,True,False,False,False,False,False,False,False,False,False,False,False,False,False,False,False,False,False,False,True,False,False,False,False,False
Anuncio actualizado el 3 de abril,0,0,1.0,0,0,,,planta 1ª exterior,1,0,38935470,1,1,Los Llanos de Aridane,Calle camilo josé cela," Calle camilo josé cela , Los Llanos de Aridane , La Palma, Santa Cruz de Tenerife ",,"La Palma, Santa Cruz de Tenerife",78,58,2019-04-14,90500,0,1.0,1,0,1,False,False,True,False,False,False,False,False,False,False,False,False,False,False,False,False,False,False,False,False,False,False,False,False,False,False,False
Anuncio actualizado el 3 de abril,0,0,1.0,0,0,,,bajo exterior,0,0,31837116,1,1,Tazacorte,Calle veintinueve de septiembre," Calle veintinueve de septiembre , Tazacorte , La Palma, Santa Cruz de Tenerife ",,"La Palma, Santa Cruz de Tenerife",72,56,2019-04-14,78500,0,2.0,0,0,0,False,False,False,True,False,False,False,False,False,False,False,False,False,False,False,False,False,False,False,False,False,False,False,False,False,False,False
Anuncio actualizado el 7 de febrero,0,0,2.0,0,0,,en trámite,,0,0,83487516,1,,Tazacorte,Calle Medina Quesada," Calle Medina Quesada , Tazacorte , La Palma, Santa Cruz de Tenerife ",,"La Palma, Santa Cruz de Tenerife",91,,2019-04-14,110000,0,2.0,0,0,1,False,False,False,False,False,False,False,False,False,False,False,False,False,False,False,False,False,False,False,False,False,False,False,False,False,False,False
Anuncio actualizado el 28 de marzo,1,1,1.0,1,0,,no indicado,,0,0,83774417,0,,El Paso,," , El Paso , La Palma, Santa Cruz de Tenerife ",,"La Palma, Santa Cruz de Tenerife",1000,110,2019-04-14,329000,0,3.0,0,0,1,False,False,True,False,False,False,False,True,False,False,False,False,False,False,False,False,False,False,False,False,False,True,False,False,False,False,False
Anuncio actualizado el 10 de marzo,0,0,2.0,0,0,,no indicado,,0,0,84452501,7,,Tazacorte,," , Tazacorte , La Palma, Santa Cruz de Tenerife ",,"La Palma, Santa Cruz de Tenerife",3200,15,2019-04-14,495000,0,2.0,0,1,1,False,False,False,False,False,False,False,False,False,False,False,False,False,False,False,False,False,False,False,False,False,False,False,False,False,False,False
Anuncio actualizado el 10 de marzo,0,0,3.0,0,0,,no indicado,,1,0,84452991,7,,Puntallana,," , Puntallana , La Palma, Santa Cruz de Tenerife ",,"La Palma, Santa Cruz de Tenerife",1850,300,2019-04-14,265000,0,5.0,0,1,1,False,False,False,False,False,False,False,False,False,False,False,False,False,False,False,False,False,False,False,False,False,False,False,False,False,False,False
Anuncio actualizado el 2 de abril,0,0,1.0,0,0,,,,1,0,36326998,7,,Puntallana,," , Puntallana , La Palma, Santa Cruz de Tenerife ",,"La Palma, Santa Cruz de Tenerife",2175,,2019-04-14,69000,0,2.0,0,0,1,False,False,False,True,False,False,False,False,False,False,False,False,False,False,False,False,False,False,False,False,False,False,False,False,False,False,False
Anuncio actualizado el 17 de diciembre,0,0,1.0,0,0,,en trámite,planta 1ª exterior,1,0,82869206,1,1,Breña Alta,BLAS PEREZ," BLAS PEREZ , Breña Alta , La Palma, Santa Cruz de Tenerife ",,"La Palma, Santa Cruz de Tenerife",65,,2019-04-14,100000,0,2.0,0,0,1,False,False,True,False,False,False,False,False,False,False,False,False,False,False,False,False,False,False,False,False,False,False,False,False,False,False,False
Anuncio actualizado el 29 de enero,0,0,2.0,0,0,,en trámite,planta 4ª exterior,0,0,82870751,1,0,Santa Cruz de la Palma,SAN FRANCISCO," SAN FRANCISCO , Santa Cruz de la Palma , La Palma, Santa Cruz de Tenerife ",,"La Palma, Santa Cruz de Tenerife",110,,2019-04-14,85000,0,3.0,0,0,0,False,False,False,True,False,False,False,False,False,False,False,False,False,False,False,False,False,False,False,False,False,False,False,False,False,False,False
Anuncio actualizado el 10 de abril,0,0,1.0,0,0,,no indicado,planta 3ª exterior,0,0,85026030,5,0,Barlovento,," , Barlovento , La Palma, Santa Cruz de Tenerife ",,"La Palma, Santa Cruz de Tenerife",153,,2019-04-14,169000,0,2.0,0,0,1,False,False,True,False,False,False,False,False,False,False,False,False,False,False,False,False,False,False,False,False,False,False,False,False,False,False,False
Anuncio actualizado el 10 de abril,0,0,1.0,0,0,,no indicado,planta 3ª exterior,0,0,85026031,5,0,Barlovento,," , Barlovento , La Palma, Santa Cruz de Tenerife ",,"La Palma, Santa Cruz de Tenerife",155,,2019-04-14,167000,0,2.0,1,0,1,False,False,True,False,False,False,False,False,False,False,False,False,False,False,False,False,False,False,False,False,False,False,False,False,False,False,False
Anuncio actualizado el 10 de abril,0,1,1.0,0,0,,no indicado,planta 1ª exterior,0,0,85026034,1,0,Barlovento,," , Barlovento , La Palma, Santa Cruz de Tenerife ",,"La Palma, Santa Cruz de Tenerife",67,,2019-04-14,108000,0,2.0,1,0,0,False,False,True,False,False,False,False,False,False,False,False,False,False,False,False,False,False,False,False,False,False,False,False,False,False,False,False
Anuncio actualizado el 11 de abril,0,0,2.0,0,0,,no indicado,planta 3ª exterior,0,0,85043195,1,0,El Paso,," , El Paso , La Palma, Santa Cruz de Tenerife ",,"La Palma, Santa Cruz de Tenerife",69,,2019-04-14,89000,0,1.0,0,0,0,False,False,True,False,False,False,False,False,False,False,False,False,False,False,False,False,False,False,False,False,False,False,False,False,False,False,False
Anuncio actualizado el 12 de noviembre,0,0,1.0,0,0,,en trámite,planta 2ª exterior,0,0,32238192,6,1,Breña Baja,Calle San Antonio," Calle San Antonio , Breña Baja , La Palma, Santa Cruz de Tenerife ",,"La Palma, Santa Cruz de Tenerife",65,,2019-04-14,100000,0,0.0,0,0,0,False,False,True,False,False,False,False,False,False,False,False,False,False,False,False,False,False,False,False,False,False,False,False,False,False,False,False
Anuncio actualizado el 21 de septiembre,0,0,2.0,0,0,1955,,,1,1,31413646,2,,Barlovento,," , Barlovento , La Palma, Santa Cruz de Tenerife ",,"La Palma, Santa Cruz de Tenerife",795,85,2019-04-14,85000,0,4.0,1,0,1,False,False,False,True,False,False,False,False,False,False,False,False,False,True,False,False,False,False,False,False,False,False,False,False,False,False,False
Anuncio actualizado el 15 de septiembre,0,0,1.0,0,0,1910,no indicado,1 planta,0,0,39676305,0,,Puntallana,Lomo Estrello," Lomo Estrello , Puntallana , La Palma, Santa Cruz de Tenerife ",,"La Palma, Santa Cruz de Tenerife",2600,,2019-04-14,90000,0,4.0,0,0,0,False,False,False,True,False,False,False,False,False,False,False,False,True,False,False,False,False,False,False,False,False,False,False,False,False,False,False
Anuncio actualizado el 3 de abril,0,0,2.0,0,0,,,bajo,0,0,83239454,1,1,Breña Alta,Calle la Constitución," Calle la Constitución , Breña Alta , La Palma, Santa Cruz de Tenerife ",,"La Palma, Santa Cruz de Tenerife",112,94,2019-04-14,98000,0,2.0,1,0,0,False,False,False,True,False,False,False,False,False,False,False,False,False,False,False,False,False,False,False,False,False,False,False,False,False,False,False
Anuncio actualizado el 3 de abril,0,0,1.0,0,0,,no indicado,,1,0,83384512,7,,San Andrés y Sauces,Calle Abraham Martín," Calle Abraham Martín , San Andrés y Sauces , La Palma, Santa Cruz de Tenerife ",,"La Palma, Santa Cruz de Tenerife",182,135,2019-04-14,150000,0,4.0,0,0,1,False,False,True,False,False,False,False,False,False,False,False,False,False,False,False,False,False,False,False,False,False,False,False,False,False,False,False
Anuncio actualizado el 4 de marzo,0,1,1.0,0,0,,,,1,0,83520116,7,,Puntallana,," , Puntallana , La Palma, Santa Cruz de Tenerife ",,"La Palma, Santa Cruz de Tenerife",1100,,2019-04-14,155000,0,3.0,0,0,1,False,False,True,False,False,False,False,False,False,False,False,False,False,False,False,False,False,False,False,False,False,False,False,False,False,False,False
Anuncio actualizado el 5 de abril,0,1,2.0,0,0,,en trámite,entreplanta,1,0,84298733,5,1,Los Llanos de Aridane,"Calle Tomás Bretón, 25"," Calle Tomás Bretón, 25 , Los Llanos de Aridane , La Palma, Santa Cruz de Tenerife ",,"La Palma, Santa Cruz de Tenerife",88,,2019-04-14,127313,0,3.0,1,0,1,False,False,False,False,False,False,False,False,False,False,False,False,False,False,False,False,False,False,False,False,False,False,False,False,False,False,False
Anuncio actualizado el 5 de abril,0,1,2.0,0,0,,en trámite,entreplanta,1,0,84298734,5,1,Los Llanos de Aridane,"Calle Tomás Bretón, 25"," Calle Tomás Bretón, 25 , Los Llanos de Aridane , La Palma, Santa Cruz de Tenerife ",,"La Palma, Santa Cruz de Tenerife",88,,2019-04-14,121800,0,3.0,1,0,1,False,False,False,False,False,False,False,False,False,False,False,False,False,False,False,False,False,False,False,False,False,False,False,False,False,False,False
Anuncio actualizado el 8 de abril,0,0,2.0,0,0,,no indicado,,0,0,84395711,7,,Santa Cruz de la Palma,," , Santa Cruz de la Palma , La Palma, Santa Cruz de Tenerife ",,"La Palma, Santa Cruz de Tenerife",301,,2019-04-14,399000,0,4.0,0,0,0,False,False,True,False,False,False,False,False,False,False,False,False,False,False,False,False,False,False,False,False,False,False,False,False,False,False,False
Anuncio actualizado el 10 de abril,0,0,1.0,1,0,,no indicado,planta 3ª exterior,0,0,85026039,5,0,Barlovento,," , Barlovento , La Palma, Santa Cruz de Tenerife ",,"La Palma, Santa Cruz de Tenerife",140,,2019-04-14,160000,0,2.0,1,0,1,False,False,True,False,False,False,False,False,False,False,False,False,False,False,False,False,False,False,False,False,False,False,False,False,False,False,False
Anuncio actualizado el 10 de abril,0,0,1.0,0,0,,en trámite,2 plantas,0,0,84445206,0,,Santa Cruz de la Palma,CAJITA BLANCA," CAJITA BLANCA , Santa Cruz de la Palma , La Palma, Santa Cruz de Tenerife ",,"La Palma, Santa Cruz de Tenerife",209,,2019-04-14,110000,0,2.0,0,0,0,False,False,False,True,False,False,False,False,False,False,False,False,False,False,False,False,False,False,False,False,False,False,False,False,False,False,False
Anuncio actualizado el 1 de abril,0,0,3.0,0,0,,no indicado,2 plantas,1,1,28847134,12,,San Andrés y Sauces,"Calle José Pérez Vidal, 1"," Calle José Pérez Vidal, 1 , San Andrés y Sauces , La Palma, Santa Cruz de Tenerife ",,"La Palma, Santa Cruz de Tenerife",156,,2019-04-14,257500,0,3.0,1,0,1,False,False,False,True,False,False,False,False,False,False,False,False,False,False,False,False,True,False,False,False,False,False,False,False,False,False,False
Anuncio actualizado el 7 de abril,1,1,4.0,1,0,2000,no indicado,3 plantas,1,1,31345279,0,,Breña Alta,Urb. Urbanización La Grama," Calle cassiopea, 103 , Urb. Urbanización La Grama , Breña Alta , La Palma, Santa Cruz de Tenerife ","Calle cassiopea, 103","La Palma, Santa Cruz de Tenerife",520,290,2019-04-14,420000,0,6.0,1,1,1,False,False,True,False,False,False,False,True,False,False,False,True,False,False,False,False,False,False,False,False,False,False,False,False,False,False,False
Anuncio actualizado el 25 de marzo,0,1,4.0,1,0,1989,,2 plantas,0,1,33983972,0,,Puntallana,"Calle la rivera, 41"," Calle la rivera, 41 , Puntallana , La Palma, Santa Cruz de Tenerife ",,"La Palma, Santa Cruz de Tenerife",4500,340,2019-04-14,850000,1,7.0,1,0,1,False,False,True,False,False,True,False,False,False,False,False,False,False,False,False,False,False,False,False,False,False,False,False,True,False,False,False
Anuncio actualizado el 17 de marzo,0,0,2.0,1,0,,en trámite,planta 2ª exterior,1,0,34362576,1,1,Breña Baja,"Rambla josé ana fernández pérez, 7"," Rambla josé ana fernández pérez, 7 , Breña Baja , La Palma, Santa Cruz de Tenerife ",,"La Palma, Santa Cruz de Tenerife",126,109,2019-04-14,155000,0,3.0,1,0,1,False,False,True,False,False,False,False,False,False,False,False,False,False,False,False,False,False,False,False,False,False,False,False,False,False,False,False
Anuncio actualizado el 5 de noviembre,0,0,3.0,0,1,,inmueble exento,,1,1,34720732,10,,Breña Alta,"Camino el Risco, 21"," Camino el Risco, 21 , Breña Alta , La Palma, Santa Cruz de Tenerife ",,"La Palma, Santa Cruz de Tenerife",627,,2019-04-14,430000,0,8.0,1,0,1,False,False,True,False,False,False,False,False,False,False,False,False,False,False,False,False,False,False,False,True,False,False,False,False,False,False,False
Anuncio actualizado el 11 de marzo,0,0,2.0,0,0,,,planta 1ª exterior,0,0,35358699,1,0,Santa Cruz de la Palma,"Calle Dr. Francisco Vega Monroy, 24 , 1º izquierda (Pta. 2)"," Calle Dr. Francisco Vega Monroy, 24 , 1º izquierda (Pta. 2) , Santa Cruz de la Palma , La Palma, Santa Cruz de Tenerife ",,"La Palma, Santa Cruz de Tenerife",136,105,2019-04-14,145000,0,4.0,0,0,1,False,False,True,False,False,False,False,False,False,False,False,False,False,True,False,False,False,False,False,False,False,False,False,False,False,False,False
Anuncio actualizado el 7 de abril,0,0,2.0,1,0,,en trámite,planta 1ª exterior,1,0,35467257,1,1,Santa Cruz de la Palma,Urb. Residencial Parque," Calle alberto jose fernandez garcia, 4 , Urb. Residencial Parque , Santa Cruz de la Palma , La Palma, Santa Cruz de Tenerife ","Calle alberto jose fernandez garcia, 4","La Palma, Santa Cruz de Tenerife",135,131,2019-04-14,217000,0,3.0,1,0,1,False,False,True,False,False,False,False,False,False,False,False,False,False,False,False,False,False,True,False,False,False,False,False,False,False,False,False
Anuncio actualizado el 7 de noviembre,0,0,3.0,1,0,,no indicado,2 plantas,1,1,37840291,0,,Santa Cruz de la Palma,Caserío Miranda s/n," Caserío Miranda s/n , Santa Cruz de la Palma , La Palma, Santa Cruz de Tenerife ",,"La Palma, Santa Cruz de Tenerife",1300,,2019-04-14,280000,0,5.0,1,0,1,False,False,False,True,False,False,False,False,False,False,False,True,False,False,False,False,False,False,False,False,False,False,False,False,False,False,False
Anuncio actualizado el 7 de abril,0,0,2.0,0,0,,en trámite,,0,0,39103200,3,,Breña Alta,"Camino la Capellanía, 17"," Camino la Capellanía, 17 , Breña Alta , La Palma, Santa Cruz de Tenerife ",,"La Palma, Santa Cruz de Tenerife",120,,2019-04-14,380000,0,3.0,0,0,0,False,False,True,False,False,False,False,False,False,False,False,False,False,False,False,False,False,False,False,False,False,False,False,False,False,False,False
Anuncio actualizado el 7 de abril,1,1,5.0,1,0,,en trámite,,1,1,39716678,10,,El Paso,"Calle el Pilar, 14"," Calle el Pilar, 14 , El Paso , La Palma, Santa Cruz de Tenerife ",,"La Palma, Santa Cruz de Tenerife",5000,,2019-04-14,649000,0,9.0,1,1,1,False,False,True,False,False,False,False,False,False,False,False,False,False,False,False,False,False,False,False,False,False,False,False,False,False,False,False
Anuncio actualizado el 11 de marzo,0,0,1.0,0,0,2001,no indicado,,0,1,39907500,0,,Villa de Mazo,Urb. Lomo Oscuro (barrio de Villa de Mazo en el sureste de la isla)," LG Lomo Oscuro, 44 B , Urb. Lomo Oscuro (barrio de Villa de Mazo en el sureste de la isla) , Villa de Mazo , La Palma, Santa Cruz de Tenerife ","LG Lomo Oscuro, 44 B","La Palma, Santa Cruz de Tenerife",4000,100,2019-04-14,235000,0,2.0,0,0,1,False,False,True,False,False,False,False,False,False,False,False,True,False,False,False,False,False,False,False,False,False,False,False,False,False,False,False
Anuncio actualizado el 2 de abril,0,0,3.0,1,0,2002,,3 plantas,1,1,81473250,11,,Breña Alta,"Calle Federico García Lorca, 15"," Calle Federico García Lorca, 15 , Breña Alta , La Palma, Santa Cruz de Tenerife ",,"La Palma, Santa Cruz de Tenerife",128,,2019-04-14,216000,0,3.0,1,0,0,False,False,True,False,False,False,False,False,False,False,False,False,True,False,False,False,False,False,False,False,False,False,False,False,False,False,False
Anuncio actualizado el 8 de enero,0,0,1.0,0,0,,en trámite,1 planta,0,0,81147558,11,,El Paso,Urb. Celta," Calle Celta s/n , Urb. Celta , El Paso , La Palma, Santa Cruz de Tenerife ",Calle Celta s/n,"La Palma, Santa Cruz de Tenerife",96,90,2019-04-14,124000,0,2.0,0,0,1,False,False,True,False,False,False,False,False,False,False,False,False,False,False,False,False,False,False,False,False,False,True,False,False,False,False,False
Anuncio actualizado el 11 de enero,0,0,1.0,0,0,,,bajo exterior,1,1,81796575,1,0,Breña Baja,Urb. EL ZUMACAL," Calle Miguel González Hernández, 3 , Urb. EL ZUMACAL , Breña Baja , La Palma, Santa Cruz de Tenerife ","Calle Miguel González Hernández, 3","La Palma, Santa Cruz de Tenerife",82,70,2019-04-14,91000,0,1.0,0,1,1,False,False,True,False,False,False,False,False,False,False,False,False,False,False,False,False,False,False,False,False,False,False,False,False,False,False,False
Anuncio actualizado el 8 de abril,0,0,2.0,1,0,,en trámite,1 planta,1,0,82438878,0,,Villa de Mazo,"Camino Lomo el Pino, 58"," Camino Lomo el Pino, 58 , Villa de Mazo , La Palma, Santa Cruz de Tenerife ",,"La Palma, Santa Cruz de Tenerife",868,,2019-04-14,240000,0,3.0,0,1,1,False,False,True,False,False,False,False,False,False,False,False,False,False,False,False,False,False,False,False,False,False,False,False,True,False,False,False
Anuncio actualizado el 8 de abril,1,1,3.0,1,0,,en trámite,1 planta,1,1,82667683,10,,Puntagorda,"Camino las Fayeras, 1"," Camino las Fayeras, 1 , Puntagorda , La Palma, Santa Cruz de Tenerife ",,"La Palma, Santa Cruz de Tenerife",3000,235,2019-04-14,500000,0,4.0,1,0,1,False,False,True,False,False,False,False,False,False,False,False,False,False,False,False,False,False,False,False,False,False,False,False,False,False,False,False
Anuncio actualizado el 7 de abril,0,1,2.0,0,0,,,planta 1ª exterior,0,1,83471540,1,1,Santa Cruz de la Palma,"Calle Carías, 1"," Calle Carías, 1 , Santa Cruz de la Palma , La Palma, Santa Cruz de Tenerife ",,"La Palma, Santa Cruz de Tenerife",112,,2019-04-14,145000,0,4.0,0,0,1,False,False,True,False,False,False,False,False,False,False,False,False,False,False,False,False,False,False,False,False,False,False,False,True,False,False,False
Anuncio actualizado el 21 de enero,0,1,1.0,1,0,1990,no indicado,planta 2ª exterior,0,0,39951973,5,1,Breña Baja,"Travesía de los Cancajos, 34"," Travesía de los Cancajos, 34 , Breña Baja , La Palma, Santa Cruz de Tenerife ",,"La Palma, Santa Cruz de Tenerife",56,,2019-04-14,120000,1,1.0,0,1,1,False,False,True,False,False,False,False,False,False,False,False,False,False,False,True,False,False,False,False,False,False,False,False,False,False,False,False
Anuncio actualizado el 31 de enero,0,0,0.0,0,0,1920,en trámite,1 planta,0,1,82081486,3,,Puntagorda,"Camino del Molino Pinar, Puntagorda"," Camino del Molino Pinar, Puntagorda , Puntagorda , La Palma, Santa Cruz de Tenerife ",,"La Palma, Santa Cruz de Tenerife",1400,,2019-04-14,120000,0,2.0,0,0,0,False,False,False,True,False,False,False,False,False,False,False,False,False,False,False,False,False,False,False,False,True,False,False,False,False,False,False
Anuncio actualizado el 20 de marzo,0,1,2.0,0,0,,en trámite,planta 2ª exterior,0,0,84420081,1,1,Los Llanos de Aridane,," , Los Llanos de Aridane , La Palma, Santa Cruz de Tenerife ",,"La Palma, Santa Cruz de Tenerife",95,80,2019-04-14,133000,0,2.0,0,0,0,False,False,True,False,False,False,False,False,False,False,True,True,False,False,False,False,False,False,False,False,False,False,False,False,False,False,False
Anuncio actualizado el 21 de marzo,0,0,1.0,0,0,,no indicado,,0,0,38171547,1,,Breña Alta,Calle Leoncio Afonso Pérez," Calle Leoncio Afonso Pérez , Breña Alta , La Palma, Santa Cruz de Tenerife ",,"La Palma, Santa Cruz de Tenerife",76,,2019-04-14,80300,0,2.0,0,0,0,False,False,False,False,False,False,False,False,False,False,False,False,False,False,False,False,False,False,False,False,False,False,False,False,False,False,False
Anuncio actualizado el 19 de diciembre,0,0,1.0,0,0,1981,,planta 1ª exterior,0,0,83612246,1,0,Tazacorte,"Avenida Taburiente, 2"," Avenida Taburiente, 2 , Tazacorte , La Palma, Santa Cruz de Tenerife ",,"La Palma, Santa Cruz de Tenerife",82,72,2019-04-14,85000,0,3.0,1,0,0,False,False,True,False,False,False,False,False,False,False,True,False,False,False,False,False,False,False,False,False,False,False,False,False,False,False,True
Anuncio actualizado el 25 de marzo,0,1,6.0,0,0,,en trámite,1 planta,0,1,84361695,0,,El Paso,," , El Paso , La Palma, Santa Cruz de Tenerife ",,"La Palma, Santa Cruz de Tenerife",750,290,2019-04-14,499000,1,6.0,1,1,1,False,False,True,False,True,False,False,False,False,False,False,False,False,False,False,False,False,False,False,False,False,True,False,False,False,False,False
Anuncio actualizado el 14 de marzo,0,1,2.0,0,0,,en trámite,,1,1,84362987,10,,El Paso,," , El Paso , La Palma, Santa Cruz de Tenerife ",,"La Palma, Santa Cruz de Tenerife",1056,75,2019-04-14,163000,0,3.0,1,0,1,False,False,True,False,False,False,False,False,False,False,False,False,False,False,False,False,False,False,False,False,False,True,False,False,False,False,False
Anuncio actualizado el 12 de marzo,0,0,1.0,0,0,,,planta 3ª exterior,0,0,84397455,5,1,Tazacorte,av. el emigrante s/n," av. el emigrante s/n , Tazacorte , La Palma, Santa Cruz de Tenerife ",,"La Palma, Santa Cruz de Tenerife",90,75,2019-04-14,250000,0,2.0,0,0,1,False,False,True,False,False,False,False,False,False,False,True,False,False,False,False,False,False,False,False,False,False,True,False,False,False,False,False
Anuncio actualizado el 23 de marzo,0,0,1.0,0,0,,,,0,0,84490560,11,,Villa de Mazo,LP-206," LP-206 , Villa de Mazo , La Palma, Santa Cruz de Tenerife ",,"La Palma, Santa Cruz de Tenerife",70,,2019-04-14,182400,0,3.0,0,0,0,False,False,False,False,False,False,False,False,False,False,False,False,False,False,False,False,False,False,False,False,False,False,False,False,False,False,False
Anuncio actualizado el 21 de enero,0,1,3.0,1,0,1994,en trámite,2 plantas,0,1,83925444,0,,Santa Cruz de la Palma,Velhoco," Velhoco , Santa Cruz de la Palma , La Palma, Santa Cruz de Tenerife ",,"La Palma, Santa Cruz de Tenerife",665,,2019-04-14,300000,0,4.0,0,1,1,False,False,True,False,False,False,False,False,False,False,False,False,False,False,False,False,False,False,False,False,False,False,False,False,False,False,False
Anuncio actualizado el 7 de marzo,0,0,3.0,0,0,,en trámite,3 plantas,0,1,84362409,0,,Breña Alta,BREÑA ALTA," BREÑA ALTA , Breña Alta , La Palma, Santa Cruz de Tenerife ",,"La Palma, Santa Cruz de Tenerife",1131,,2019-04-14,300000,0,4.0,0,0,1,False,False,True,False,False,False,False,False,False,False,False,False,False,False,False,False,False,False,False,False,False,False,False,False,False,False,False
Anuncio actualizado el 14 de marzo,0,0,1.0,0,0,,en trámite,1 planta,1,0,84442388,11,,Breña Alta,EL MOLINO," EL MOLINO , Breña Alta , La Palma, Santa Cruz de Tenerife ",,"La Palma, Santa Cruz de Tenerife",700,,2019-04-14,258000,0,2.0,1,1,0,False,False,True,False,False,False,False,False,False,False,False,False,False,False,False,False,False,False,False,False,False,False,False,False,False,False,False
Anuncio actualizado el 14 de abril,0,1,1.0,0,0,,en trámite,planta 3ª exterior,0,0,84898099,1,0,Santa Cruz de la Palma,"Calle Anselmo Pérez de Brito, 45"," Calle Anselmo Pérez de Brito, 45 , Santa Cruz de la Palma , La Palma, Santa Cruz de Tenerife ",,"La Palma, Santa Cruz de Tenerife",121,110,2019-04-14,250000,0,3.0,0,0,1,False,False,True,False,False,False,False,False,False,False,False,False,False,False,False,False,False,False,False,False,False,False,False,False,True,False,False
Anuncio actualizado el 14 de abril,0,0,2.0,1,0,,no indicado,planta 1ª exterior,0,0,40140966,1,0,Santa Cruz de la Palma,Urb. no," Calle Adolfo Cabrera Pinto, 7 , Urb. no , Santa Cruz de la Palma , La Palma, Santa Cruz de Tenerife ","Calle Adolfo Cabrera Pinto, 7","La Palma, Santa Cruz de Tenerife",90,,2019-04-14,80000,0,2.0,0,0,0,False,False,False,True,False,False,False,False,False,False,False,False,False,False,False,False,False,False,False,False,False,False,False,False,False,False,False
Anuncio actualizado el 23 de julio,0,1,3.0,0,0,,en trámite,planta 2ª interior,0,0,40559084,1,0,Tazacorte,," , Tazacorte , La Palma, Santa Cruz de Tenerife ",,"La Palma, Santa Cruz de Tenerife",230,170,2019-04-14,500000,0,4.0,0,0,1,False,False,True,False,False,False,False,False,False,False,False,True,False,False,False,False,False,False,False,False,False,False,False,False,False,False,False
Anuncio actualizado el 17 de marzo,0,0,1.0,1,1,2002,,1 planta,1,1,83876375,2,,Puntagorda,"Camino el Pinar, 32 A"," Camino el Pinar, 32 A , Puntagorda , La Palma, Santa Cruz de Tenerife ",,"La Palma, Santa Cruz de Tenerife",1812,,2019-04-14,350000,1,2.0,1,1,1,False,False,True,False,False,True,False,False,False,False,False,False,False,False,True,False,False,False,False,False,False,False,False,False,False,False,False
Anuncio actualizado el 9 de abril,0,1,2.0,0,0,,no indicado,planta 2ª exterior,0,0,83837787,1,0,Santa Cruz de la Palma,"Cuesta la Encarnación, 4"," Cuesta la Encarnación, 4 , Santa Cruz de la Palma , La Palma, Santa Cruz de Tenerife ",,"La Palma, Santa Cruz de Tenerife",115,,2019-04-14,197000,0,4.0,0,0,0,False,False,True,False,False,False,False,False,True,False,False,True,False,False,False,False,False,False,False,False,False,False,False,False,False,False,False
Anuncio actualizado el 22 de febrero,0,0,2.0,0,0,,en trámite,2 plantas,1,1,39056309,11,,Breña Alta,Urb. BREÑA ALTA," Treinta de Mayo, 7 , Urb. BREÑA ALTA , Breña Alta , La Palma, Santa Cruz de Tenerife ","Treinta de Mayo, 7","La Palma, Santa Cruz de Tenerife",490,275,2019-04-14,275000,0,4.0,1,1,1,False,False,False,True,False,False,False,False,False,False,False,False,False,False,False,False,False,False,False,False,False,False,False,False,False,False,False
Anuncio actualizado el 25 de marzo,0,0,2.0,0,0,,en trámite,,0,0,84461345,0,,Tijarafe,," , Tijarafe , La Palma, Santa Cruz de Tenerife ",,"La Palma, Santa Cruz de Tenerife",10000,100,2019-04-14,285000,0,2.0,0,0,1,False,False,True,False,False,False,False,False,False,False,True,False,False,False,False,False,False,False,False,False,False,True,False,False,False,False,False
Anuncio actualizado el 1 de abril,0,1,1.0,0,0,,,2 plantas,0,0,84421142,10,,Tazacorte,"Barrio San Borondón, Tazacorte s/n"," Barrio San Borondón, Tazacorte s/n , Tazacorte , La Palma, Santa Cruz de Tenerife ",,"La Palma, Santa Cruz de Tenerife",450,114,2019-04-14,215000,0,2.0,1,0,1,False,False,True,False,False,False,False,False,False,False,True,False,False,False,False,False,False,False,False,False,False,True,False,False,False,False,False
Anuncio actualizado el 16 de noviembre,1,0,1.0,0,0,,en trámite,,0,0,40455114,2,,Tijarafe,," , Tijarafe , La Palma, Santa Cruz de Tenerife ",,"La Palma, Santa Cruz de Tenerife",1181,92,2019-04-14,145000,0,2.0,0,1,1,False,False,True,False,False,False,False,False,False,False,False,False,False,False,False,False,False,False,False,False,False,False,False,False,False,False,True
Anuncio actualizado el 3 de abril,0,0,2.0,0,0,,no indicado,,1,0,83212492,11,,Breña Baja,"Calle Vicente Cruz Gil, 8"," Calle Vicente Cruz Gil, 8 , Breña Baja , La Palma, Santa Cruz de Tenerife ",,"La Palma, Santa Cruz de Tenerife",137,118,2019-04-14,110300,0,2.0,0,0,0,False,True,False,False,False,False,False,False,False,False,False,False,False,False,False,False,False,False,False,False,False,False,False,False,False,False,False
Anuncio actualizado el 3 de abril,0,0,2.0,0,0,,no indicado,,1,0,83212493,11,,Breña Baja,"Calle Vicente Cruz Gil, 8"," Calle Vicente Cruz Gil, 8 , Breña Baja , La Palma, Santa Cruz de Tenerife ",,"La Palma, Santa Cruz de Tenerife",120,105,2019-04-14,96400,0,2.0,0,0,0,False,True,False,False,False,False,False,False,False,False,False,False,False,False,False,False,False,False,False,False,False,False,False,False,False,False,False
Anuncio actualizado el 24 de marzo,1,1,2.0,1,0,2008,en trámite,1 planta,1,1,423810,0,,Breña Alta,"Calle Casiopea, 44"," Calle Casiopea, 44 , Breña Alta , La Palma, Santa Cruz de Tenerife ",,"La Palma, Santa Cruz de Tenerife",500,198,2019-04-14,350000,1,4.0,1,1,1,False,False,True,False,False,False,False,True,False,False,False,False,False,False,False,False,False,False,False,False,False,False,False,True,False,False,False
Anuncio actualizado el 11 de abril,0,1,2.0,0,0,,,3 plantas,1,1,35839981,12,,Los Llanos de Aridane,"Urb. Jarra Canaria, 2"," Urb. Jarra Canaria, 2 , Los Llanos de Aridane , La Palma, Santa Cruz de Tenerife ",,"La Palma, Santa Cruz de Tenerife",151,161,2019-04-14,260000,0,4.0,1,0,1,False,False,True,False,False,False,False,False,False,False,False,False,False,False,False,False,False,False,False,False,False,False,False,False,False,False,False
Anuncio actualizado el 29 de noviembre,0,1,2.0,0,0,1960,no indicado,planta 4ª exterior,1,0,39676146,1,1,Santa Cruz de la Palma,Puente Av. El," Puente Av. El , Santa Cruz de la Palma , La Palma, Santa Cruz de Tenerife ",,"La Palma, Santa Cruz de Tenerife",113,,2019-04-14,140000,1,3.0,0,0,1,False,False,True,False,False,False,False,False,False,False,False,False,False,False,False,False,False,False,False,False,False,False,False,False,True,False,False
Anuncio actualizado el 7 de diciembre,0,0,2.0,1,0,,no indicado,planta 1ª interior,1,0,39000037,1,1,Tazacorte,tazacorte balcon del puerto s/n," tazacorte balcon del puerto s/n , Tazacorte , La Palma, Santa Cruz de Tenerife ",,"La Palma, Santa Cruz de Tenerife",89,,2019-04-14,182900,0,2.0,0,0,1,False,False,True,False,False,False,False,False,False,False,False,False,False,False,False,False,False,False,False,False,False,False,False,True,False,False,False
Anuncio actualizado el 3 de noviembre,0,1,2.0,1,0,1965,en trámite,planta 5ª exterior,0,0,82839187,1,1,Santa Cruz de la Palma,"Plaza de La Constitución, 8"," Plaza de La Constitución, 8 , Santa Cruz de la Palma , La Palma, Santa Cruz de Tenerife ",,"La Palma, Santa Cruz de Tenerife",245,220,2019-04-14,250000,0,5.0,1,0,0,False,False,False,True,False,False,False,False,False,False,False,False,False,False,False,False,False,False,False,False,False,False,False,False,False,False,False
Anuncio actualizado el 19 de diciembre,0,0,2.0,1,0,2002,en trámite,bajo exterior,0,0,38815173,1,0,Santa Cruz de la Palma,Urb. EDIFICIO DRAGO - LOCAL," Calle Izcagua s/n , Urb. EDIFICIO DRAGO - LOCAL , Santa Cruz de la Palma , La Palma, Santa Cruz de Tenerife ",Calle Izcagua s/n,"La Palma, Santa Cruz de Tenerife",170,,2019-04-14,125000,0,5.0,1,0,0,False,False,True,False,False,False,False,False,False,False,False,False,False,False,False,False,False,True,False,False,False,False,False,False,False,False,False
Anuncio actualizado el 10 de enero,0,0,3.0,1,0,,no indicado,,0,1,83774461,0,,Puntallana,," , Puntallana , La Palma, Santa Cruz de Tenerife ",,"La Palma, Santa Cruz de Tenerife",570,107,2019-04-14,190000,0,3.0,1,0,1,False,False,True,False,False,True,False,False,False,False,False,True,False,False,False,False,False,False,False,False,False,False,False,False,False,False,False
Anuncio actualizado el 30 de marzo,0,0,1.0,1,0,,,,0,0,84371081,1,1,Los Llanos de Aridane,Calle Tomás Bretón s/n," Calle Tomás Bretón s/n , Los Llanos de Aridane , La Palma, Santa Cruz de Tenerife ",,"La Palma, Santa Cruz de Tenerife",101,86,2019-04-14,132300,0,2.0,0,0,1,False,True,False,False,False,False,False,False,False,False,False,False,False,False,False,False,False,False,False,False,False,False,False,False,False,False,False
Anuncio actualizado el 30 de marzo,0,0,2.0,1,0,,,,0,0,84371074,1,1,Los Llanos de Aridane,Calle Tomás Bretón s/n," Calle Tomás Bretón s/n , Los Llanos de Aridane , La Palma, Santa Cruz de Tenerife ",,"La Palma, Santa Cruz de Tenerife",101,85,2019-04-14,127050,0,3.0,0,0,1,False,True,False,False,False,False,False,False,False,False,False,False,False,False,False,False,False,False,False,False,False,False,False,False,False,False,False
Anuncio actualizado el 30 de marzo,0,0,2.0,1,0,,,,0,0,84371076,1,1,Los Llanos de Aridane,Calle Tomás Bretón s/n," Calle Tomás Bretón s/n , Los Llanos de Aridane , La Palma, Santa Cruz de Tenerife ",,"La Palma, Santa Cruz de Tenerife",103,88,2019-04-14,132300,0,3.0,0,0,1,False,True,False,False,False,False,False,False,False,False,False,False,False,False,False,False,False,False,False,False,False,False,False,False,False,False,False
Anuncio actualizado el 5 de abril,0,0,2.0,1,0,,en trámite,bajo,1,0,84266242,1,1,Los Llanos de Aridane,Calle Tomás Bretón," Calle Tomás Bretón , Los Llanos de Aridane , La Palma, Santa Cruz de Tenerife ",,"La Palma, Santa Cruz de Tenerife",89,,2019-04-14,121800,0,3.0,1,0,1,False,False,False,False,False,False,False,True,False,False,False,False,False,False,False,False,False,False,False,False,False,False,False,False,False,False,False
Anuncio actualizado el 19 de septiembre,0,1,3.0,1,0,1960,no indicado,3 plantas,1,0,39674651,11,,Santa Cruz de la Palma,La Encarnacion," La Encarnacion , Santa Cruz de la Palma , La Palma, Santa Cruz de Tenerife ",,"La Palma, Santa Cruz de Tenerife",113,,2019-04-14,240000,0,5.0,0,0,1,False,False,True,False,False,False,False,False,False,False,False,False,False,False,False,False,False,True,False,False,False,False,False,False,False,False,False
Anuncio actualizado el 31 de enero,0,0,1.0,0,0,,en trámite,2 plantas,0,1,83190629,0,,Puntagorda,Centro Puntagorda s/n," Centro Puntagorda s/n , Puntagorda , La Palma, Santa Cruz de Tenerife ",,"La Palma, Santa Cruz de Tenerife",154,,2019-04-14,90000,0,2.0,1,0,1,False,False,False,True,False,False,False,False,False,False,False,False,False,False,False,False,False,False,False,False,True,False,False,False,False,False,False
Anuncio actualizado el 4 de febrero,0,0,1.0,0,0,1950,en trámite,1 planta,0,1,83261379,0,,Puntagorda,"Camino el Pinar, Puntagorda s/n"," Camino el Pinar, Puntagorda s/n , Puntagorda , La Palma, Santa Cruz de Tenerife ",,"La Palma, Santa Cruz de Tenerife",3000,120,2019-04-14,175000,0,2.0,1,0,1,False,False,False,True,False,False,False,False,False,False,False,False,False,False,False,False,False,False,False,True,False,False,False,False,False,False,False
Anuncio actualizado el 22 de enero,0,0,1.0,1,0,2009,,bajo exterior,1,0,83414235,1,1,Tazacorte,"Avenida Felipe Lorenzo, Tazacorte s/n"," Avenida Felipe Lorenzo, Tazacorte s/n , Tazacorte , La Palma, Santa Cruz de Tenerife ",,"La Palma, Santa Cruz de Tenerife",92,87,2019-04-14,140000,1,3.0,1,0,1,False,False,True,False,False,False,False,False,False,False,True,False,False,False,False,False,False,False,False,False,False,False,False,False,False,False,True
Anuncio actualizado el 29 de marzo,0,0,1.0,1,0,,en trámite,1 planta,0,1,83457188,0,,Tijarafe,Urb. La Punta Arriba," Pasaje Cabezadas, 34 , Urb. La Punta Arriba , Tijarafe , La Palma, Santa Cruz de Tenerife ","Pasaje Cabezadas, 34","La Palma, Santa Cruz de Tenerife",2385,75,2019-04-14,219000,0,2.0,1,0,1,False,False,False,True,False,True,False,False,False,False,False,False,False,False,False,False,False,False,False,False,True,False,False,False,False,False,False
Anuncio actualizado el 3 de abril,0,0,1.0,1,0,,en trámite,planta 1ª,0,0,84919262,1,1,Tazacorte,"Calle Ocho de Marzo, 1"," Calle Ocho de Marzo, 1 , Tazacorte , La Palma, Santa Cruz de Tenerife ",,"La Palma, Santa Cruz de Tenerife",86,,2019-04-14,99000,0,3.0,0,0,0,False,False,False,False,False,False,False,False,False,False,False,False,False,False,False,False,False,False,False,False,False,False,False,False,False,False,False
Anuncio actualizado el 3 de abril,0,0,1.0,1,0,,en trámite,bajo,0,0,84919263,1,1,Tazacorte,"Calle Ocho de Marzo, 1"," Calle Ocho de Marzo, 1 , Tazacorte , La Palma, Santa Cruz de Tenerife ",,"La Palma, Santa Cruz de Tenerife",76,,2019-04-14,95000,0,3.0,0,0,0,False,False,False,False,False,False,False,False,False,False,False,False,False,False,False,False,False,False,False,False,False,False,False,False,False,False,False
Anuncio actualizado el 13 de abril,0,0,2.0,0,0,,,,0,0,84168659,7,,El Paso,"Camino de Tacande, 29"," Camino de Tacande, 29 , El Paso , La Palma, Santa Cruz de Tenerife ",,"La Palma, Santa Cruz de Tenerife",3850,145,2019-04-14,414900,0,3.0,0,1,0,False,False,False,False,False,False,False,False,False,False,False,False,False,False,False,False,False,False,False,False,False,False,False,False,False,False,False
Anuncio actualizado el 4 de abril,0,0,1.0,0,0,1949,,1 planta,0,0,82352811,2,,Santa Cruz de la Palma,"Calle A. Rodriguez Lopez, 17"," Calle A. Rodriguez Lopez, 17 , Santa Cruz de la Palma , La Palma, Santa Cruz de Tenerife ",,"La Palma, Santa Cruz de Tenerife",55,,2019-04-14,60000,0,1.0,1,0,0,False,False,True,False,False,False,False,False,False,False,False,False,False,True,False,False,False,False,False,False,False,False,False,False,False,False,False
Anuncio actualizado el 17 de marzo,1,0,1.0,1,0,,no indicado,2 plantas,1,1,2078240,0,,Barlovento,Urb. el drago," Calle Tajinaste, 1 , Urb. el drago , Barlovento , La Palma, Santa Cruz de Tenerife ","Calle Tajinaste, 1","La Palma, Santa Cruz de Tenerife",99,100,2019-04-14,132000,0,3.0,1,0,1,False,False,True,False,False,False,False,False,False,False,False,False,False,False,False,False,False,False,False,False,False,False,False,False,True,False,False
Anuncio actualizado el 10 de abril,0,1,2.0,1,0,,en trámite,planta 2ª interior,0,0,84477224,1,1,Tazacorte,Urb. Tazacorte," Calle Progreso, 24 , Urb. Tazacorte , Tazacorte , La Palma, Santa Cruz de Tenerife ","Calle Progreso, 24","La Palma, Santa Cruz de Tenerife",120,90,2019-04-14,160000,0,3.0,1,1,1,False,False,True,False,False,False,False,False,False,False,False,False,False,False,False,False,False,False,False,False,False,False,False,False,False,False,False
Anuncio actualizado el 21 de marzo,1,0,2.0,0,0,2012,,planta 2ª exterior,1,0,84100158,1,1,Los Llanos de Aridane,Calle Cabo," Calle Cabo , Los Llanos de Aridane , La Palma, Santa Cruz de Tenerife ",,"La Palma, Santa Cruz de Tenerife",91,82,2019-04-14,125000,1,3.0,1,0,0,False,False,True,False,False,False,False,False,False,False,True,True,False,False,False,False,False,False,False,False,False,False,False,False,False,False,False
Anuncio actualizado el 30 de marzo,0,0,2.0,1,0,,,,0,0,84824734,1,1,Los Llanos de Aridane,Calle Tomás Bretón s/n," Calle Tomás Bretón s/n , Los Llanos de Aridane , La Palma, Santa Cruz de Tenerife ",,"La Palma, Santa Cruz de Tenerife",88,77,2019-04-14,106050,0,3.0,0,0,1,False,True,False,False,False,False,False,False,False,False,False,False,False,False,False,False,False,False,False,False,False,False,False,False,False,False,False
Anuncio actualizado el 2 de abril,0,0,2.0,1,0,,,,0,0,84824750,1,1,Los Llanos de Aridane,Calle Tomás Bretón s/n," Calle Tomás Bretón s/n , Los Llanos de Aridane , La Palma, Santa Cruz de Tenerife ",,"La Palma, Santa Cruz de Tenerife",88,75,2019-04-14,111300,0,3.0,0,0,1,False,True,False,False,False,False,False,False,False,False,False,False,False,False,False,False,False,False,False,False,False,False,False,False,False,False,False
Anuncio actualizado el 20 de marzo,1,1,2.0,1,1,,en trámite,2 plantas,1,1,84495538,10,,Los Llanos de Aridane,cruz chica s/n," cruz chica s/n , Los Llanos de Aridane , La Palma, Santa Cruz de Tenerife ",,"La Palma, Santa Cruz de Tenerife",1500,180,2019-04-14,850000,0,4.0,1,1,1,False,False,True,False,False,False,False,False,False,False,True,False,False,False,False,False,False,False,False,False,False,True,False,False,False,False,False
Anuncio actualizado el 30 de enero,0,0,1.0,0,0,,,2 plantas,0,0,83414742,0,,San Andrés y Sauces,LAS TOSCAS," LAS TOSCAS , San Andrés y Sauces , La Palma, Santa Cruz de Tenerife ",,"La Palma, Santa Cruz de Tenerife",132,,2019-04-14,135000,0,4.0,0,0,0,False,False,False,True,False,False,False,False,False,False,False,False,False,False,False,False,False,False,False,False,False,False,False,False,False,False,False
Anuncio actualizado el 21 de febrero,0,0,1.0,0,0,,,planta 6ª,0,0,81826486,1,1,Santa Cruz de la Palma,"Avenida el Puente, 58"," Avenida el Puente, 58 , Santa Cruz de la Palma , La Palma, Santa Cruz de Tenerife ",,"La Palma, Santa Cruz de Tenerife",62,,2019-04-14,98000,0,1.0,0,0,0,False,False,False,False,False,False,False,False,False,False,False,False,False,False,False,False,False,False,False,False,False,False,False,False,False,False,False
Anuncio actualizado el 25 de febrero,0,0,3.0,0,0,,en trámite,1 planta,1,1,35817059,0,,Puntallana,," , Puntallana , La Palma, Santa Cruz de Tenerife ",,"La Palma, Santa Cruz de Tenerife",7000,,2019-04-14,985000,0,4.0,1,1,1,False,False,True,False,False,False,False,False,False,False,False,False,False,False,False,False,False,False,False,False,False,False,False,False,False,False,False
Anuncio actualizado el 8 de abril,0,0,2.0,1,0,1988,,2 plantas,0,0,83880504,11,,Santa Cruz de la Palma,"Calle Navarra, 48"," Calle Navarra, 48 , Santa Cruz de la Palma , La Palma, Santa Cruz de Tenerife ",,"La Palma, Santa Cruz de Tenerife",73,,2019-04-14,120000,0,3.0,1,0,1,False,False,True,False,False,False,False,False,False,False,False,False,True,False,False,False,False,False,False,False,False,False,False,False,False,False,False
Anuncio actualizado el 3 de abril,0,0,1.0,0,0,2007,,bajo exterior,0,0,84908847,1,1,Los Llanos de Aridane,Urb. Edificio Venecia," Calle Convento, 64 , Urb. Edificio Venecia , Los Llanos de Aridane , La Palma, Santa Cruz de Tenerife ","Calle Convento, 64","La Palma, Santa Cruz de Tenerife",70,60,2019-04-14,90000,0,2.0,1,0,1,False,False,True,False,False,False,False,False,False,False,True,False,False,False,False,False,False,False,False,False,False,False,False,True,False,False,False
Anuncio actualizado el 1 de marzo,0,0,3.0,1,0,2007,no indicado,1 planta,0,1,39762935,0,,Breña Alta,Urb. Urb. La Grama," Calle de Casiopea , Urb. Urb. La Grama , Breña Alta , La Palma, Santa Cruz de Tenerife ",Calle de Casiopea,"La Palma, Santa Cruz de Tenerife",595,181,2019-04-14,390000,0,4.0,0,1,1,False,False,True,False,False,False,False,False,False,False,False,False,False,False,False,False,False,False,False,False,False,False,False,False,True,False,False
Anuncio actualizado el 1 de abril,0,0,1.0,1,0,,en trámite,planta 1ª exterior,1,1,31019140,1,1,Breña Baja,"Calle finca amado ii, 80 -82"," Calle finca amado ii, 80 -82 , Breña Baja , La Palma, Santa Cruz de Tenerife ",,"La Palma, Santa Cruz de Tenerife",57,54,2019-04-14,68000,0,1.0,1,1,1,False,False,True,False,False,False,False,False,False,False,False,False,False,False,False,False,False,False,False,False,False,False,False,False,False,False,False
Anuncio actualizado el 6 de febrero,0,0,1.0,0,0,1940,no indicado,2 plantas,0,1,40045431,11,,Santa Cruz de la Palma,San Telmo," San Telmo , Santa Cruz de la Palma , La Palma, Santa Cruz de Tenerife ",,"La Palma, Santa Cruz de Tenerife",192,,2019-04-14,90000,0,3.0,1,0,1,False,False,False,True,False,False,False,False,False,False,False,False,True,False,False,False,False,False,False,False,False,False,False,False,False,False,False
Anuncio actualizado el 6 de febrero,0,0,1.0,1,0,2006,en trámite,planta 2ª exterior,1,1,81725051,1,1,Breña Baja,Camino del Rincon," Camino del Rincon , Breña Baja , La Palma, Santa Cruz de Tenerife ",,"La Palma, Santa Cruz de Tenerife",102,67,2019-04-14,110000,1,2.0,0,0,0,False,False,True,False,False,False,False,False,False,False,False,False,True,False,False,False,False,False,False,False,False,False,False,False,False,False,False
Anuncio actualizado el 3 de abril,0,0,2.0,0,0,2007,,bajo exterior,0,0,83587442,1,1,Los Llanos de Aridane,Urb. Edificio Venecia," Calle Convento, 64 , Urb. Edificio Venecia , Los Llanos de Aridane , La Palma, Santa Cruz de Tenerife ","Calle Convento, 64","La Palma, Santa Cruz de Tenerife",89,71,2019-04-14,107000,0,3.0,1,0,0,False,False,True,False,False,False,False,False,False,False,True,False,False,False,False,False,False,False,False,False,False,False,False,True,False,False,False
Anuncio actualizado el 3 de abril,0,0,1.0,0,0,2016,,planta 1ª exterior,1,0,83870447,1,1,Los Llanos de Aridane,Urb. Edificio Marten," Calle Tamanca, 73 , Urb. Edificio Marten , Los Llanos de Aridane , La Palma, Santa Cruz de Tenerife ","Calle Tamanca, 73","La Palma, Santa Cruz de Tenerife",85,73,2019-04-14,65000,0,1.0,1,0,0,False,False,True,False,False,False,False,False,False,False,True,False,False,False,False,False,False,False,False,False,False,False,False,False,False,False,True
Anuncio actualizado el 11 de abril,0,1,2.0,0,0,1980,no indicado,planta 6ª,0,0,84715007,1,1,Santa Cruz de la Palma,"Avenida el Puente, 48"," Avenida el Puente, 48 , Santa Cruz de la Palma , La Palma, Santa Cruz de Tenerife ",,"La Palma, Santa Cruz de Tenerife",109,,2019-04-14,136000,0,3.0,0,0,0,False,False,True,False,False,False,False,False,False,False,False,False,False,False,False,False,False,False,False,False,False,False,False,False,False,False,False
Anuncio actualizado el 4 de abril,0,0,2.0,1,0,2008,en trámite,3 plantas,1,0,84942611,11,,Breña Baja,VICENTE CRUZ GIL," VICENTE CRUZ GIL , Breña Baja , La Palma, Santa Cruz de Tenerife ",,"La Palma, Santa Cruz de Tenerife",121,,2019-04-14,96400,0,2.0,0,0,1,False,False,True,False,False,False,False,False,False,False,False,False,False,False,False,False,False,False,False,False,False,False,False,False,False,False,False
Anuncio actualizado el 17 de octubre,0,0,1.0,1,0,1992,,planta 2ª exterior,0,0,37736071,1,1,Los Llanos de Aridane,Urb. Edificio Pisa," Calle Enrique Mederos Lorenzo, 110 , Urb. Edificio Pisa , Los Llanos de Aridane , La Palma, Santa Cruz de Tenerife ","Calle Enrique Mederos Lorenzo, 110","La Palma, Santa Cruz de Tenerife",79,70,2019-04-14,98750,0,3.0,0,0,1,False,False,True,False,False,False,False,False,False,False,False,False,False,False,False,False,False,False,False,False,False,False,False,True,False,False,False
Anuncio actualizado el 5 de diciembre,0,0,2.0,0,0,1987,,planta 2ª exterior,0,0,38215948,1,0,Los Llanos de Aridane,"Calle Tamanca, 22"," Calle Tamanca, 22 , Los Llanos de Aridane , La Palma, Santa Cruz de Tenerife ",,"La Palma, Santa Cruz de Tenerife",121,112,2019-04-14,65000,0,4.0,0,0,1,False,False,False,True,False,False,False,False,False,False,False,True,False,False,False,False,False,False,False,False,False,False,False,False,False,False,False
Anuncio actualizado el 9 de abril,0,0,1.0,0,0,1991,,planta 1ª exterior,0,0,37532854,1,0,Tazacorte,"LUGAR CURVA HERRADURA, 1"," LUGAR CURVA HERRADURA, 1 , Tazacorte , La Palma, Santa Cruz de Tenerife ",,"La Palma, Santa Cruz de Tenerife",87,78,2019-04-14,34400,0,1.0,1,0,0,False,False,False,True,False,False,False,False,False,False,False,False,False,False,False,False,True,False,False,False,False,False,False,False,False,False,False
Anuncio actualizado el 5 de noviembre,0,0,2.0,0,0,2006,,planta 2ª exterior,1,0,40459606,1,1,Tazacorte,Urb. Edificio La Fanegueta," Calle Pedro José Viña Díaz, 30 , Urb. Edificio La Fanegueta , Tazacorte , La Palma, Santa Cruz de Tenerife ","Calle Pedro José Viña Díaz, 30","La Palma, Santa Cruz de Tenerife",104,93,2019-04-14,155000,1,3.0,0,0,1,False,False,True,False,False,False,False,False,False,False,False,False,False,False,False,False,False,False,False,False,False,False,False,False,False,False,True
Anuncio actualizado el 27 de marzo,0,0,2.0,0,0,2000,,planta 4ª exterior,0,0,84362230,1,1,Los Llanos de Aridane,"General Yagüe, 13"," General Yagüe, 13 , Los Llanos de Aridane , La Palma, Santa Cruz de Tenerife ",,"La Palma, Santa Cruz de Tenerife",98,85,2019-04-14,110000,0,3.0,0,0,0,False,False,True,False,False,False,False,False,False,False,True,False,False,False,False,False,False,False,False,False,False,False,False,False,False,False,True
Anuncio actualizado el 6 de abril,0,1,2.0,0,0,2008,en trámite,planta 2ª exterior,0,0,83296749,5,1,Breña Alta,San Pedro s/n," San Pedro s/n , Breña Alta , La Palma, Santa Cruz de Tenerife ",,"La Palma, Santa Cruz de Tenerife",83,74,2019-04-14,159000,1,3.0,0,0,1,False,False,True,False,False,False,False,False,False,False,False,False,False,False,False,True,False,False,False,False,False,False,False,False,False,False,False
Anuncio actualizado el 12 de abril,0,0,1.0,1,0,1996,no indicado,planta 1ª exterior,1,0,83197157,1,1,Santa Cruz de la Palma,"Calle Alamos, 3"," Calle Alamos, 3 , Santa Cruz de la Palma , La Palma, Santa Cruz de Tenerife ",,"La Palma, Santa Cruz de Tenerife",52,47,2019-04-14,65000,0,1.0,0,0,0,False,False,True,False,False,False,False,False,False,False,False,False,False,False,False,False,False,False,False,False,False,True,False,False,False,False,False
Anuncio actualizado el 20 de marzo,0,1,2.0,0,0,,,,0,1,84496458,10,,Los Llanos de Aridane,Calle castillo s/n," Calle castillo s/n , Los Llanos de Aridane , La Palma, Santa Cruz de Tenerife ",,"La Palma, Santa Cruz de Tenerife",1040,160,2019-04-14,199000,0,3.0,1,0,1,False,False,False,True,False,False,False,False,False,False,True,False,False,False,False,False,False,False,False,False,False,True,False,False,False,False,False
Anuncio actualizado el 11 de abril,0,0,2.0,0,0,,no indicado,planta 2ª exterior,0,0,85023274,1,1,Los Llanos de Aridane,"Calle Mauricio Duque Camacho, 1"," Calle Mauricio Duque Camacho, 1 , Los Llanos de Aridane , La Palma, Santa Cruz de Tenerife ",,"La Palma, Santa Cruz de Tenerife",120,,2019-04-14,200000,0,3.0,0,0,1,False,False,True,False,False,False,False,False,False,False,False,False,False,False,False,False,False,False,False,False,False,False,False,False,False,False,False
Anuncio actualizado el 3 de abril,0,0,1.0,0,0,2005,,bajo exterior,0,0,82674261,1,1,Tazacorte,Urb. Edificio San Miguel," Calle Veintinueve de Septiembre, Tazacorte, 10 , Urb. Edificio San Miguel , Tazacorte , La Palma, Santa Cruz de Tenerife ","Calle Veintinueve de Septiembre, Tazacorte, 10","La Palma, Santa Cruz de Tenerife",72,56,2019-04-14,78500,0,2.0,0,0,0,False,False,True,False,False,False,False,False,False,False,True,False,False,False,False,False,False,False,False,False,False,True,False,False,False,False,False
Anuncio actualizado el 26 de marzo,1,1,2.0,0,0,2000,,planta 1ª exterior,0,0,84074317,1,1,Los Llanos de Aridane,Urb. Edificio Parque," Calle Parque Llanos de Los Alférez, 44 , Urb. Edificio Parque , Los Llanos de Aridane , La Palma, Santa Cruz de Tenerife ","Calle Parque Llanos de Los Alférez, 44","La Palma, Santa Cruz de Tenerife",82,75,2019-04-14,133000,1,3.0,1,0,0,False,False,True,False,False,False,False,False,False,False,True,False,False,False,False,False,False,False,False,False,False,False,False,False,True,False,False
Anuncio actualizado el 20 de marzo,0,1,2.0,0,0,,,3 plantas,0,0,84496935,10,,Tazacorte,Calle Barrio san borondon s/n," Calle Barrio san borondon s/n , Tazacorte , La Palma, Santa Cruz de Tenerife ",,"La Palma, Santa Cruz de Tenerife",175,160,2019-04-14,260000,0,3.0,0,0,1,False,False,True,False,False,False,False,False,False,False,True,False,False,False,False,False,False,False,False,False,False,True,False,False,False,False,False
Anuncio actualizado el 4 de abril,0,1,3.0,1,0,1980,no indicado,2 plantas,1,1,84898758,0,,Santa Cruz de la Palma,Barrio Llano de la Cruz," Barrio Llano de la Cruz , Santa Cruz de la Palma , La Palma, Santa Cruz de Tenerife ",,"La Palma, Santa Cruz de Tenerife",2144,,2019-04-14,380000,1,3.0,1,0,1,False,False,True,False,False,False,False,False,False,False,False,True,False,False,False,False,False,False,False,False,False,False,False,False,False,False,False
Anuncio actualizado el 11 de abril,0,0,2.0,0,0,,,1 planta,0,0,40330942,3,,Tijarafe,"Calle la Molina, 9"," Calle la Molina, 9 , Tijarafe , La Palma, Santa Cruz de Tenerife ",,"La Palma, Santa Cruz de Tenerife",4152,127,2019-04-14,178000,0,5.0,0,0,0,False,False,False,False,False,False,False,False,False,False,False,False,False,False,False,False,False,False,False,False,False,False,False,False,False,False,False
Anuncio actualizado el 6 de abril,0,1,1.0,0,0,2008,no indicado,planta 1ª exterior,0,0,84948535,1,1,Breña Alta,Calle Treinta de Mayo s/n," Calle Treinta de Mayo s/n , Breña Alta , La Palma, Santa Cruz de Tenerife ",,"La Palma, Santa Cruz de Tenerife",94,76,2019-04-14,99000,1,2.0,1,0,0,False,False,True,False,False,False,False,False,False,False,False,False,False,False,False,True,False,False,False,False,False,False,False,False,False,False,False
Anuncio actualizado el 6 de abril,0,1,1.0,0,0,2008,no indicado,planta 1ª exterior,0,0,84972635,1,1,Breña Alta,San Pedro s/n," San Pedro s/n , Breña Alta , La Palma, Santa Cruz de Tenerife ",,"La Palma, Santa Cruz de Tenerife",85,69,2019-04-14,94500,1,2.0,1,0,1,False,False,True,False,False,False,False,False,False,False,False,False,False,False,False,False,False,False,False,False,False,True,False,False,False,False,False
Anuncio actualizado el 6 de abril,0,1,1.0,0,0,2008,no indicado,planta 1ª exterior,0,0,84973093,1,1,Breña Alta,San Pedro s/n," San Pedro s/n , Breña Alta , La Palma, Santa Cruz de Tenerife ",,"La Palma, Santa Cruz de Tenerife",72,59,2019-04-14,79500,1,1.0,1,0,0,False,False,True,False,False,False,False,False,False,False,False,True,False,False,False,False,False,False,False,False,False,False,False,False,False,False,False
Anuncio actualizado el 9 de abril,0,1,2.0,1,0,2006,no indicado,planta 1ª exterior,1,0,84996407,1,1,Breña Baja,San Antonio s/n," San Antonio s/n , Breña Baja , La Palma, Santa Cruz de Tenerife ",,"La Palma, Santa Cruz de Tenerife",125,103,2019-04-14,160000,1,3.0,1,0,1,False,False,True,False,False,False,False,False,False,False,False,False,False,False,False,False,False,False,False,False,False,False,False,False,True,False,False
Anuncio actualizado el 12 de abril,0,0,2.0,0,0,,no indicado,,1,0,85059064,0,,Fuencaliente de la Palma,," , Fuencaliente de la Palma , La Palma, Santa Cruz de Tenerife ",,"La Palma, Santa Cruz de Tenerife",223,,2019-04-14,150000,0,4.0,0,0,0,False,False,True,False,False,False,False,False,False,False,False,False,False,False,False,False,False,False,False,False,False,False,False,False,False,False,False
Anuncio actualizado el 12 de abril,0,0,1.0,0,0,1956,,,0,0,85050506,1,,Los Llanos de Aridane,Calle Todoque s/n," Calle Todoque s/n , Los Llanos de Aridane , La Palma, Santa Cruz de Tenerife ",,"La Palma, Santa Cruz de Tenerife",81,,2019-04-14,67800,0,3.0,0,0,0,False,False,False,False,False,False,False,False,False,False,False,False,False,False,False,False,False,False,False,False,False,False,False,False,False,False,False
Anuncio actualizado el 7 de noviembre,0,0,1.0,0,0,,en trámite,planta 2ª exterior,1,0,37418454,1,1,Breña Alta,," , Breña Alta , La Palma, Santa Cruz de Tenerife ",,"La Palma, Santa Cruz de Tenerife",90,80,2019-04-14,85000,0,2.0,0,0,0,False,False,True,False,False,False,False,False,False,False,False,False,False,False,False,False,False,False,False,False,False,False,False,False,False,False,False
Anuncio actualizado el 8 de noviembre,0,0,1.0,0,0,,,planta 1ª exterior,0,0,83015586,1,0,Santa Cruz de la Palma,Maldonado," Maldonado , Santa Cruz de la Palma , La Palma, Santa Cruz de Tenerife ",,"La Palma, Santa Cruz de Tenerife",110,100,2019-04-14,60000,0,4.0,0,0,0,False,False,False,True,False,False,False,False,False,False,False,True,False,False,False,False,False,False,False,False,False,False,False,False,False,False,False
Anuncio actualizado el 13 de febrero,0,0,1.0,0,0,,,planta 2ª exterior,0,0,84267437,1,0,Santa Cruz de la Palma,San Telmo," San Telmo , Santa Cruz de la Palma , La Palma, Santa Cruz de Tenerife ",,"La Palma, Santa Cruz de Tenerife",75,70,2019-04-14,94500,0,3.0,0,0,0,False,False,True,False,False,False,False,False,False,False,False,True,False,False,False,False,False,False,False,False,False,False,False,False,False,False,False
Anuncio actualizado el 7 de noviembre,0,0,2.0,0,0,,en trámite,planta 2ª interior,1,0,37515549,1,1,Breña Alta,," , Breña Alta , La Palma, Santa Cruz de Tenerife ",,"La Palma, Santa Cruz de Tenerife",98,94,2019-04-14,135000,0,3.0,1,0,0,False,False,True,False,False,False,False,False,False,False,False,True,False,False,False,False,False,False,False,False,False,False,False,False,False,False,False
Anuncio actualizado el 7 de noviembre,0,1,2.0,0,0,,en trámite,planta 3ª exterior,1,0,39762247,1,1,Breña Baja,," , Breña Baja , La Palma, Santa Cruz de Tenerife ",,"La Palma, Santa Cruz de Tenerife",93,90,2019-04-14,130000,0,3.0,1,0,0,False,False,True,False,False,False,False,False,False,False,False,True,False,False,False,False,False,False,False,False,False,False,False,False,False,False,False
Anuncio actualizado el 7 de noviembre,0,1,2.0,0,0,,en trámite,2 plantas,0,1,81200557,0,,Breña Alta,," , Breña Alta , La Palma, Santa Cruz de Tenerife ",,"La Palma, Santa Cruz de Tenerife",3000,200,2019-04-14,499200,0,3.0,1,1,1,False,False,True,False,False,False,False,False,False,False,False,True,False,False,False,False,False,False,False,False,False,False,False,False,False,False,False
Anuncio actualizado el 30 de enero,0,0,1.0,0,0,,en trámite,1 planta,0,0,82822898,0,,Los Llanos de Aridane,," , Los Llanos de Aridane , La Palma, Santa Cruz de Tenerife ",,"La Palma, Santa Cruz de Tenerife",5000,70,2019-04-14,160000,0,1.0,0,0,0,False,False,True,False,False,False,False,False,False,False,False,True,False,False,False,False,False,False,False,False,False,False,False,False,False,False,False
Anuncio actualizado el 7 de noviembre,0,0,1.0,0,0,,en trámite,planta 2ª exterior,0,0,82834998,1,1,Breña Alta,," , Breña Alta , La Palma, Santa Cruz de Tenerife ",,"La Palma, Santa Cruz de Tenerife",70,68,2019-04-14,125000,0,2.0,0,0,1,False,False,True,False,False,False,False,False,False,False,False,False,False,False,False,False,False,False,False,False,False,True,False,False,False,False,False
Anuncio actualizado el 7 de noviembre,0,0,3.0,0,0,,en trámite,2 plantas,0,0,82835199,0,,Breña Baja,," , Breña Baja , La Palma, Santa Cruz de Tenerife ",,"La Palma, Santa Cruz de Tenerife",275,270,2019-04-14,335000,0,5.0,0,0,1,False,False,True,False,False,False,False,False,False,False,False,True,False,False,False,False,False,False,False,False,False,False,False,False,False,False,False
Anuncio actualizado el 17 de marzo,0,1,8.0,1,0,,no indicado,3 plantas,1,1,84569569,10,,Breña Baja,"LOS CANCAJOS, 31"," LOS CANCAJOS, 31 , Breña Baja , La Palma, Santa Cruz de Tenerife ",,"La Palma, Santa Cruz de Tenerife",4000,450,2019-04-14,1850000,0,8.0,1,1,1,False,False,True,False,False,False,False,False,False,False,False,False,False,False,False,False,False,False,False,False,False,False,False,False,False,False,False
Anuncio actualizado el 19 de marzo,0,0,2.0,0,0,1997,no indicado,planta 2ª exterior,1,0,84435087,1,0,Breña Alta,Calle Breña Alta," Calle Breña Alta , Breña Alta , La Palma, Santa Cruz de Tenerife ",,"La Palma, Santa Cruz de Tenerife",97,,2019-04-14,106000,0,3.0,0,0,0,False,False,True,False,False,False,False,False,False,False,False,False,False,False,False,False,False,False,False,False,False,False,False,False,False,False,False
Anuncio actualizado el 7 de noviembre,0,0,2.0,0,0,,en trámite,planta 1ª exterior,0,0,82163874,1,1,Santa Cruz de la Palma,Alameda La," Alameda La , Santa Cruz de la Palma , La Palma, Santa Cruz de Tenerife ",,"La Palma, Santa Cruz de Tenerife",140,135,2019-04-14,217000,0,3.0,0,0,1,False,False,True,False,False,False,False,False,False,False,False,False,False,True,False,False,False,False,False,False,False,False,False,False,False,False,False
Anuncio actualizado el 8 de noviembre,0,0,1.0,0,0,,,planta 2ª exterior,1,0,83011941,1,1,Breña Baja,San Antonio," San Antonio , Breña Baja , La Palma, Santa Cruz de Tenerife ",,"La Palma, Santa Cruz de Tenerife",80,75,2019-04-14,110000,0,2.0,0,0,0,False,False,True,False,False,False,False,False,False,False,False,True,False,False,False,False,False,False,False,False,False,False,False,False,False,False,False
Anuncio actualizado el 30 de enero,0,0,2.0,0,0,,,planta 1ª exterior,0,0,83012103,1,0,Breña Alta,San Pedro," San Pedro , Breña Alta , La Palma, Santa Cruz de Tenerife ",,"La Palma, Santa Cruz de Tenerife",135,130,2019-04-14,105000,0,4.0,0,0,1,False,False,False,True,False,False,False,False,False,False,False,True,False,False,False,False,False,False,False,False,False,False,False,False,False,False,False
Anuncio actualizado el 8 de noviembre,0,0,2.0,0,0,,,1 planta,1,0,83015800,0,,Breña Alta,Buenavista," Buenavista , Breña Alta , La Palma, Santa Cruz de Tenerife ",,"La Palma, Santa Cruz de Tenerife",195,190,2019-04-14,237000,0,4.0,0,0,1,False,False,True,False,False,False,False,False,False,False,False,True,False,False,False,False,False,False,False,False,False,False,False,False,False,False,False
Anuncio actualizado el 25 de enero,0,0,2.0,0,0,,,planta 1ª exterior,1,0,83953805,1,0,Santa Cruz de la Palma,Calle Nisamar," Calle Nisamar , Santa Cruz de la Palma , La Palma, Santa Cruz de Tenerife ",,"La Palma, Santa Cruz de Tenerife",110,100,2019-04-14,120000,0,3.0,1,0,1,False,False,True,False,False,False,False,False,False,False,False,False,False,True,False,False,False,False,False,False,False,False,False,False,False,False,False
Anuncio actualizado el 5 de febrero,0,0,2.0,0,0,,,planta 1ª exterior,1,0,84157660,1,1,Santa Cruz de la Palma,Avenida El Puente," Avenida El Puente , Santa Cruz de la Palma , La Palma, Santa Cruz de Tenerife ",,"La Palma, Santa Cruz de Tenerife",125,120,2019-04-14,184000,0,4.0,0,0,0,False,False,True,False,False,False,False,False,False,False,False,False,False,False,False,False,False,False,False,False,False,True,False,False,False,False,False
Anuncio actualizado el 18 de marzo,0,0,2.0,0,0,,,2 plantas,1,0,84463471,11,,Puntallana,Almacigo," Almacigo , Puntallana , La Palma, Santa Cruz de Tenerife ",,"La Palma, Santa Cruz de Tenerife",135,130,2019-04-14,115000,0,2.0,0,0,1,False,False,True,False,False,False,False,False,False,False,False,False,False,True,False,False,False,False,False,False,False,False,False,False,False,False,False
Anuncio actualizado el 7 de noviembre,0,0,3.0,0,0,,,3 plantas,0,0,34266987,11,,Breña Alta,urbanización la grama s/n," urbanización la grama s/n , Breña Alta , La Palma, Santa Cruz de Tenerife ",,"La Palma, Santa Cruz de Tenerife",312,267,2019-04-14,380000,0,4.0,0,1,0,False,False,True,False,False,False,False,False,False,False,False,False,False,False,False,False,False,False,False,False,False,False,False,False,False,False,False
Anuncio actualizado el 23 de enero,0,0,2.0,0,0,,en trámite,2 plantas,0,0,38654163,0,,Santa Cruz de la Palma,," , Santa Cruz de la Palma , La Palma, Santa Cruz de Tenerife ",,"La Palma, Santa Cruz de Tenerife",306,300,2019-04-14,550000,0,4.0,0,0,0,False,False,True,False,False,False,False,False,False,False,False,True,False,False,False,False,False,False,False,False,False,False,False,False,False,False,False
Anuncio actualizado el 23 de enero,0,0,1.0,0,0,,,1 planta,0,0,83953954,0,,Villa de Mazo,," , Villa de Mazo , La Palma, Santa Cruz de Tenerife ",,"La Palma, Santa Cruz de Tenerife",868,130,2019-04-14,240000,0,4.0,1,1,1,False,False,True,False,False,False,False,False,False,False,False,True,False,False,False,False,False,False,False,False,False,False,False,False,False,False,False
Anuncio actualizado el 7 de abril,0,1,3.0,1,0,,no indicado,planta 4ª exterior,0,1,84268552,1,0,Tazacorte,"Avenida de la Constitución, 33"," Avenida de la Constitución, 33 , Tazacorte , La Palma, Santa Cruz de Tenerife ",,"La Palma, Santa Cruz de Tenerife",100,,2019-04-14,460000,0,3.0,1,0,1,False,False,True,False,False,False,False,False,False,False,False,False,False,False,False,False,False,False,False,False,False,False,False,False,False,False,True
Anuncio actualizado el 5 de febrero,0,0,2.0,0,0,,,planta 1ª exterior,0,0,82750040,1,1,Santa Cruz de la Palma,," , Santa Cruz de la Palma , La Palma, Santa Cruz de Tenerife ",,"La Palma, Santa Cruz de Tenerife",80,,2019-04-14,168000,0,3.0,0,0,0,False,False,True,False,False,False,False,False,False,False,False,False,False,False,False,False,False,False,False,False,False,False,False,False,False,False,False
Anuncio actualizado el 5 de noviembre,0,0,2.0,0,0,,,planta 2ª exterior,0,0,82750357,1,1,Santa Cruz de la Palma,," , Santa Cruz de la Palma , La Palma, Santa Cruz de Tenerife ",,"La Palma, Santa Cruz de Tenerife",164,,2019-04-14,250000,0,3.0,0,0,1,False,False,True,False,False,False,False,False,False,False,False,False,False,False,False,False,False,False,False,False,False,False,False,False,False,False,False
Anuncio actualizado el 22 de febrero,0,0,2.0,1,0,,,planta 3ª exterior,1,0,82750349,5,1,El Paso,," , El Paso , La Palma, Santa Cruz de Tenerife ",,"La Palma, Santa Cruz de Tenerife",200,,2019-04-14,175000,0,3.0,0,0,0,False,False,True,False,False,False,False,False,False,False,False,False,False,False,False,False,False,False,False,False,False,False,False,False,False,False,False
Anuncio actualizado el 28 de enero,0,0,2.0,0,0,,,,0,1,82750316,0,,Fuencaliente de la Palma,," , Fuencaliente de la Palma , La Palma, Santa Cruz de Tenerife ",,"La Palma, Santa Cruz de Tenerife",750,,2019-04-14,210000,0,4.0,0,0,1,False,False,True,False,False,False,False,False,False,False,False,True,False,False,False,False,False,False,False,False,False,False,False,False,False,False,False
Anuncio actualizado el 27 de marzo,0,0,3.0,0,0,,,,1,1,82750311,0,,Santa Cruz de la Palma,Urb. Velhoco," Urb. Velhoco , Santa Cruz de la Palma , La Palma, Santa Cruz de Tenerife ",,"La Palma, Santa Cruz de Tenerife",600,,2019-04-14,300000,0,4.0,0,1,0,False,False,True,False,False,False,False,False,False,False,False,False,False,False,False,False,False,False,False,False,False,False,False,False,False,False,False
Anuncio actualizado el 31 de enero,0,0,2.0,0,0,,,planta 1ª exterior,0,0,82750293,1,0,Villa de Mazo,," , Villa de Mazo , La Palma, Santa Cruz de Tenerife ",,"La Palma, Santa Cruz de Tenerife",88,,2019-04-14,128000,0,3.0,0,0,0,False,False,True,False,False,False,False,False,False,False,False,False,False,False,False,False,False,False,False,False,False,False,False,False,False,False,False
Anuncio actualizado el 30 de enero,0,0,1.0,0,0,,,planta 1ª exterior,0,0,82750278,1,0,Tazacorte,," , Tazacorte , La Palma, Santa Cruz de Tenerife ",,"La Palma, Santa Cruz de Tenerife",65,,2019-04-14,170000,0,2.0,0,0,0,False,False,True,False,False,False,False,False,False,False,False,False,False,False,False,False,False,False,False,False,False,False,False,False,False,False,False
Anuncio actualizado el 19 de febrero,0,0,1.0,0,0,,,,0,0,82750267,0,,Villa de Mazo,," , Villa de Mazo , La Palma, Santa Cruz de Tenerife ",,"La Palma, Santa Cruz de Tenerife",850,,2019-04-14,240000,0,4.0,0,0,0,False,False,True,False,False,False,False,False,False,False,False,False,False,False,False,False,False,False,False,False,False,False,False,False,False,False,False
Anuncio actualizado el 30 de enero,0,0,3.0,0,0,,,,0,1,82750270,0,,Breña Baja,Urb. La Polvacera," Urb. La Polvacera , Breña Baja , La Palma, Santa Cruz de Tenerife ",,"La Palma, Santa Cruz de Tenerife",4430,,2019-04-14,240000,0,4.0,0,0,0,False,False,True,False,False,False,False,False,False,False,False,False,False,False,False,False,False,False,False,False,False,False,False,False,False,False,False
Anuncio actualizado el 31 de enero,0,0,2.0,0,0,,,,1,0,82750255,0,,Tazacorte,Urb. Barrio de La Marina," Urb. Barrio de La Marina , Tazacorte , La Palma, Santa Cruz de Tenerife ",,"La Palma, Santa Cruz de Tenerife",248,,2019-04-14,239000,0,5.0,0,1,0,False,False,True,False,False,False,False,False,False,False,False,False,False,False,False,False,False,False,False,False,False,False,False,False,False,False,False
Anuncio actualizado el 30 de enero,0,0,2.0,0,0,,,,0,1,82750258,0,,Los Llanos de Aridane,Urb. Triana," Urb. Triana , Los Llanos de Aridane , La Palma, Santa Cruz de Tenerife ",,"La Palma, Santa Cruz de Tenerife",1172,,2019-04-14,240000,0,4.0,0,0,0,False,False,True,False,False,False,False,False,False,False,False,False,False,False,False,False,False,False,False,False,False,False,False,False,False,False,False
Anuncio actualizado el 30 de enero,0,0,3.0,0,0,,,,0,0,82750240,0,,Santa Cruz de la Palma,," , Santa Cruz de la Palma , La Palma, Santa Cruz de Tenerife ",,"La Palma, Santa Cruz de Tenerife",365,,2019-04-14,210000,0,9.0,0,0,1,False,False,False,True,False,False,False,False,False,False,False,False,False,False,False,False,False,False,False,False,False,False,False,False,False,False,False
Anuncio actualizado el 23 de enero,0,0,2.0,0,0,,,,0,0,82750180,7,,Santa Cruz de la Palma,," , Santa Cruz de la Palma , La Palma, Santa Cruz de Tenerife ",,"La Palma, Santa Cruz de Tenerife",14000,,2019-04-14,390000,0,2.0,0,0,0,False,False,False,False,False,False,False,False,False,False,False,False,False,False,False,False,False,False,False,False,False,False,False,False,False,False,False
Anuncio actualizado el 15 de febrero,0,0,1.0,0,0,,,,0,1,82750178,3,,Santa Cruz de la Palma,," , Santa Cruz de la Palma , La Palma, Santa Cruz de Tenerife ",,"La Palma, Santa Cruz de Tenerife",15000,,2019-04-14,245000,0,2.0,0,0,0,False,False,False,True,False,False,False,False,False,False,False,False,False,False,False,False,False,False,False,False,False,False,False,False,False,False,False
Anuncio actualizado el 5 de noviembre,0,0,2.0,0,0,,,,0,1,82750175,7,,Los Llanos de Aridane,," , Los Llanos de Aridane , La Palma, Santa Cruz de Tenerife ",,"La Palma, Santa Cruz de Tenerife",389,,2019-04-14,300000,0,4.0,0,0,1,False,False,False,False,False,False,False,False,False,False,False,False,False,False,False,False,False,False,False,False,False,False,False,False,False,False,False
Anuncio actualizado el 23 de enero,0,0,3.0,0,0,,,,0,1,82750113,7,,Barlovento,," , Barlovento , La Palma, Santa Cruz de Tenerife ",,"La Palma, Santa Cruz de Tenerife",395,,2019-04-14,115500,0,3.0,0,0,0,False,False,False,False,False,False,False,False,False,False,False,False,False,False,False,False,False,False,False,False,False,False,False,False,False,False,False
Anuncio actualizado el 5 de noviembre,0,0,4.0,0,0,,,,0,0,82750094,7,,Breña Baja,," , Breña Baja , La Palma, Santa Cruz de Tenerife ",,"La Palma, Santa Cruz de Tenerife",100,222,2019-04-14,200000,0,5.0,0,0,0,False,False,False,False,False,False,False,False,False,False,False,False,False,False,False,False,False,False,False,False,False,False,False,False,False,False,False
Anuncio actualizado el 23 de enero,0,0,1.0,0,0,,,planta 3ª exterior,0,0,82750090,1,1,Los Llanos de Aridane,," , Los Llanos de Aridane , La Palma, Santa Cruz de Tenerife ",,"La Palma, Santa Cruz de Tenerife",92,,2019-04-14,130000,0,3.0,0,0,1,False,False,True,False,False,False,False,False,False,False,False,False,False,False,False,False,False,False,False,False,False,False,False,False,False,False,False
Anuncio actualizado el 23 de enero,0,0,1.0,0,0,,,,0,1,82749953,7,,Villa de Mazo,," , Villa de Mazo , La Palma, Santa Cruz de Tenerife ",,"La Palma, Santa Cruz de Tenerife",16446,,2019-04-14,110000,0,5.0,0,0,0,False,False,False,False,False,False,False,False,False,False,False,False,False,False,False,False,False,False,False,False,False,False,False,False,False,False,False
Anuncio actualizado el 2 de marzo,0,0,2.0,0,0,,,,0,1,82750120,0,,El Paso,," , El Paso , La Palma, Santa Cruz de Tenerife ",,"La Palma, Santa Cruz de Tenerife",3890,,2019-04-14,395000,0,4.0,0,1,1,False,False,True,False,False,False,False,False,False,False,False,False,False,False,False,False,False,False,False,False,False,False,False,False,False,False,False
Anuncio actualizado el 17 de enero,0,0,2.0,0,0,1955,en trámite,1 planta,1,1,38606422,0,,Fuencaliente de la Palma,Urb. Las Caletas," LP-207 , Urb. Las Caletas , Fuencaliente de la Palma , La Palma, Santa Cruz de Tenerife ",LP-207,"La Palma, Santa Cruz de Tenerife",845,114,2019-04-14,180000,1,2.0,1,0,1,False,False,True,False,False,False,False,False,False,False,False,False,False,False,True,False,False,False,False,False,False,False,False,False,False,False,False
Anuncio actualizado el 31 de enero,0,0,1.0,0,0,,,planta 1ª exterior,0,0,82750353,1,0,Santa Cruz de la Palma,," , Santa Cruz de la Palma , La Palma, Santa Cruz de Tenerife ",,"La Palma, Santa Cruz de Tenerife",89,,2019-04-14,65000,0,3.0,0,0,0,False,False,True,False,False,False,False,False,False,False,True,False,False,False,False,False,False,False,False,False,False,False,False,False,False,False,False
Anuncio actualizado el 23 de enero,0,0,1.0,0,0,,,,0,0,82750352,7,,Puntallana,," , Puntallana , La Palma, Santa Cruz de Tenerife ",,"La Palma, Santa Cruz de Tenerife",1100,,2019-04-14,135000,0,2.0,0,0,0,False,False,False,False,False,False,False,False,False,False,False,False,False,False,False,False,False,False,False,False,False,False,False,False,False,False,False
Anuncio actualizado el 8 de noviembre,0,0,2.0,0,0,,,1 planta,0,0,83014129,0,,Breña Alta,Las Ledas," Las Ledas , Breña Alta , La Palma, Santa Cruz de Tenerife ",,"La Palma, Santa Cruz de Tenerife",2000,160,2019-04-14,378000,0,4.0,0,0,1,False,False,True,False,False,False,False,False,False,False,False,True,False,False,False,False,False,False,False,False,False,False,False,False,False,False,False
Anuncio actualizado el 8 de noviembre,0,0,2.0,0,0,,,1 planta,0,1,83015182,0,,Los Llanos de Aridane,Las Manchas," Las Manchas , Los Llanos de Aridane , La Palma, Santa Cruz de Tenerife ",,"La Palma, Santa Cruz de Tenerife",900,140,2019-04-14,294000,0,3.0,0,1,0,False,False,True,False,False,False,False,False,False,False,False,False,False,False,False,False,False,False,False,False,False,False,False,True,False,False,False
Anuncio actualizado el 12 de diciembre,0,0,1.0,0,0,,,1 planta,0,0,83560783,0,,Santa Cruz de la Palma,El Apuron," El Apuron , Santa Cruz de la Palma , La Palma, Santa Cruz de Tenerife ",,"La Palma, Santa Cruz de Tenerife",110,100,2019-04-14,192000,0,2.0,0,0,0,False,False,True,False,False,False,False,False,False,False,False,True,False,False,False,False,False,False,False,False,False,False,False,False,False,False,False
Anuncio actualizado el 13 de febrero,1,1,2.0,1,0,,,2 plantas,1,1,83782067,0,,Breña Alta,Urb. La Grama," La Grama , Urb. La Grama , Breña Alta , La Palma, Santa Cruz de Tenerife ",La Grama,"La Palma, Santa Cruz de Tenerife",500,198,2019-04-14,350000,0,4.0,1,1,1,False,False,True,False,False,False,False,False,False,False,False,False,False,False,False,False,False,False,False,False,False,True,False,False,False,False,False
Anuncio actualizado el 23 de enero,0,0,2.0,0,0,,,1 planta,1,1,83953505,0,,Santa Cruz de la Palma,La Encarnación," La Encarnación , Santa Cruz de la Palma , La Palma, Santa Cruz de Tenerife ",,"La Palma, Santa Cruz de Tenerife",5297,140,2019-04-14,480000,0,3.0,0,1,1,False,False,True,False,False,False,False,False,False,False,False,False,False,False,False,False,False,False,False,False,False,True,False,False,False,False,False
Anuncio actualizado el 18 de marzo,0,0,3.0,1,0,,,2 plantas,1,1,84461590,0,,Breña Alta,El Brezal," El Brezal , Breña Alta , La Palma, Santa Cruz de Tenerife ",,"La Palma, Santa Cruz de Tenerife",1782,291,2019-04-14,395000,0,4.0,0,0,1,False,False,True,False,False,False,False,False,False,False,False,True,False,False,False,False,False,False,False,False,False,False,False,False,False,False,False
Anuncio actualizado el 18 de marzo,0,1,2.0,0,0,,,2 plantas,0,0,84461932,0,,Santa Cruz de la Palma,Timibucar," Timibucar , Santa Cruz de la Palma , La Palma, Santa Cruz de Tenerife ",,"La Palma, Santa Cruz de Tenerife",140,130,2019-04-14,220000,0,4.0,0,0,0,False,False,True,False,False,False,False,False,False,False,False,False,False,True,False,False,False,False,False,False,False,False,False,False,False,False,False
Anuncio actualizado el 3 de abril,0,0,2.0,0,0,,,3 plantas,1,0,84588300,0,,Tazacorte,San Borondón," San Borondón , Tazacorte , La Palma, Santa Cruz de Tenerife ",,"La Palma, Santa Cruz de Tenerife",275,270,2019-04-14,260000,0,4.0,0,0,1,False,False,True,False,False,False,False,False,False,False,False,True,False,False,False,False,False,False,False,False,False,False,False,False,False,False,False
Anuncio actualizado el 30 de enero,0,0,2.0,0,0,,,1 planta,0,1,83034781,0,,Villa de Mazo,"Urb. Calle Tigalate, 106 A Villa de Mazo"," lugar Lomo Oscuro, 16 A , Urb. Calle Tigalate, 106 A Villa de Mazo , Villa de Mazo , La Palma, Santa Cruz de Tenerife ","lugar Lomo Oscuro, 16 A","La Palma, Santa Cruz de Tenerife",2038,131,2019-04-14,159999,0,3.0,1,0,1,False,False,True,False,False,False,False,False,False,False,False,False,False,False,False,False,False,False,False,False,False,False,False,False,True,False,False
Anuncio actualizado el 6 de marzo,0,1,1.0,0,0,,,1 planta,1,1,84253497,0,,Puntagorda,Camino Topo Blanco s/n," Camino Topo Blanco s/n , Puntagorda , La Palma, Santa Cruz de Tenerife ",,"La Palma, Santa Cruz de Tenerife",2428,,2019-04-14,157999,1,1.0,1,0,1,False,False,True,False,False,False,False,False,False,False,False,False,False,False,False,False,False,False,False,False,False,True,False,False,False,False,False
Anuncio actualizado el 6 de marzo,1,1,4.0,1,0,,,2 plantas,1,1,84272204,0,,Puntagorda,"Camino de la Cancela, 12"," Camino de la Cancela, 12 , Puntagorda , La Palma, Santa Cruz de Tenerife ",,"La Palma, Santa Cruz de Tenerife",9258,231,2019-04-14,819999,0,4.0,1,1,1,False,False,True,False,False,True,False,False,False,False,False,False,False,False,False,False,True,False,False,False,False,False,False,False,False,False,False
Anuncio actualizado el 11 de abril,0,0,2.0,0,0,,,planta 2ª exterior,1,0,84612518,5,1,Breña Alta,san pedro s/n," san pedro s/n , Breña Alta , La Palma, Santa Cruz de Tenerife ",,"La Palma, Santa Cruz de Tenerife",89,80,2019-04-14,125999,1,2.0,1,0,1,False,False,True,False,False,False,False,False,False,False,False,False,False,False,False,False,False,False,False,False,False,False,False,False,True,False,False
Anuncio actualizado el 11 de abril,0,1,2.0,0,0,,,planta 1ª exterior,0,0,84613062,1,0,Barlovento,"Calle El Drago, 7"," Calle El Drago, 7 , Barlovento , La Palma, Santa Cruz de Tenerife ",,"La Palma, Santa Cruz de Tenerife",161,152,2019-04-14,159999,0,4.0,1,0,1,False,False,True,False,False,False,False,False,False,False,False,False,False,False,False,True,False,False,False,False,False,False,False,False,False,False,False
Anuncio actualizado el 6 de febrero,0,0,2.0,0,0,1975,no indicado,1 planta,0,1,82045961,0,,Breña Alta,"Carretera la Cumbre, 194"," Carretera la Cumbre, 194 , Breña Alta , La Palma, Santa Cruz de Tenerife ",,"La Palma, Santa Cruz de Tenerife",11122,,2019-04-14,198000,0,3.0,1,1,1,False,False,True,False,False,False,False,False,False,False,False,False,False,False,False,False,False,False,False,False,False,False,False,True,False,False,False
Anuncio actualizado el 3 de abril,0,0,2.0,0,0,2014,,1 planta,0,1,37641022,7,,Breña Baja,"Calle del Socorro, 69"," Calle del Socorro, 69 , Breña Baja , La Palma, Santa Cruz de Tenerife ",,"La Palma, Santa Cruz de Tenerife",500,,2019-04-14,551401,0,4.0,0,1,1,False,False,False,False,False,False,False,False,False,False,False,False,False,False,False,False,False,False,False,False,False,False,False,False,False,False,False
Anuncio actualizado el 9 de abril,0,0,2.0,0,0,2014,en trámite,2 plantas,0,1,83657625,7,,Breña Baja,"Calle del Socorro, 25"," Calle del Socorro, 25 , Breña Baja , La Palma, Santa Cruz de Tenerife ",,"La Palma, Santa Cruz de Tenerife",500,150,2019-04-14,495000,0,4.0,0,1,1,False,False,False,False,False,False,False,False,False,False,False,False,False,False,False,False,False,False,False,False,False,False,False,False,False,False,False
Anuncio actualizado el 12 de abril,0,0,2.0,0,0,2014,en trámite,2 plantas,0,1,83657977,11,,Breña Baja,"Calle del Socorro, 25"," Calle del Socorro, 25 , Breña Baja , La Palma, Santa Cruz de Tenerife ",,"La Palma, Santa Cruz de Tenerife",500,150,2019-04-14,537000,0,4.0,0,1,1,False,False,True,False,False,False,False,False,False,False,False,False,False,False,False,False,False,False,False,False,False,False,False,False,False,False,False
Anuncio actualizado el 9 de abril,0,0,2.0,0,0,1996,en trámite,1 planta,0,0,82700551,7,,Santa Cruz de la Palma,"Avenida José Pérez Vidal, 18"," Avenida José Pérez Vidal, 18 , Santa Cruz de la Palma , La Palma, Santa Cruz de Tenerife ",,"La Palma, Santa Cruz de Tenerife",120,,2019-04-14,85000,0,3.0,1,0,1,False,False,False,False,False,False,False,False,False,False,False,False,False,False,False,False,False,False,False,False,False,False,False,False,False,False,False
Anuncio actualizado el 1 de abril,0,0,3.0,0,0,,,3 plantas,0,0,84888329,0,,Santa Cruz de la Palma,La Encarnación," La Encarnación , Santa Cruz de la Palma , La Palma, Santa Cruz de Tenerife ",,"La Palma, Santa Cruz de Tenerife",370,357,2019-04-14,200000,0,7.0,0,0,0,False,False,False,True,False,False,False,False,False,False,False,False,False,True,False,False,False,False,False,False,False,False,False,False,False,False,False
Anuncio actualizado el 28 de febrero,0,0,2.0,0,0,,,planta 1ª exterior,0,0,84158224,1,0,Breña Alta,San Pedro," San Pedro , Breña Alta , La Palma, Santa Cruz de Tenerife ",,"La Palma, Santa Cruz de Tenerife",135,130,2019-04-14,105000,0,4.0,0,0,1,False,False,True,False,False,False,False,False,False,False,False,True,False,False,False,False,False,False,False,False,False,False,False,False,False,False,False
Anuncio actualizado el 1 de abril,0,0,1.0,0,0,,,planta 2ª exterior,0,0,84828741,1,0,Los Llanos de Aridane,Urb. Puerto Naos," Calle José Guzmán Pérez s/n , Urb. Puerto Naos , Los Llanos de Aridane , La Palma, Santa Cruz de Tenerife ",Calle José Guzmán Pérez s/n,"La Palma, Santa Cruz de Tenerife",62,54,2019-04-14,168000,0,1.0,0,0,1,False,False,True,False,False,False,False,False,False,False,False,False,False,False,False,False,False,False,False,False,False,False,False,False,False,False,False
Anuncio actualizado el 9 de abril,0,1,5.0,1,0,1940,,planta 3ª exterior,0,0,81809891,1,1,Santa Cruz de la Palma,," , Santa Cruz de la Palma , La Palma, Santa Cruz de Tenerife ",,"La Palma, Santa Cruz de Tenerife",171,,2019-04-14,208000,0,4.0,0,0,0,False,False,False,False,False,False,False,False,False,False,False,True,False,False,False,False,False,False,False,False,False,False,False,False,False,False,False
Anuncio actualizado el 9 de abril,0,1,2.0,0,0,1940,,planta 2ª,0,0,82311273,1,1,Santa Cruz de la Palma,," , Santa Cruz de la Palma , La Palma, Santa Cruz de Tenerife ",,"La Palma, Santa Cruz de Tenerife",171,165,2019-04-14,212000,0,4.0,0,0,0,False,False,False,False,False,False,False,False,False,False,False,False,False,False,False,False,False,False,False,False,False,False,False,False,False,False,False
Anuncio actualizado el 23 de enero,0,0,2.0,0,0,,,,0,0,82750253,7,,Breña Alta,," , Breña Alta , La Palma, Santa Cruz de Tenerife ",,"La Palma, Santa Cruz de Tenerife",250,,2019-04-14,370000,0,3.0,0,0,1,False,False,False,False,False,False,False,False,False,False,False,False,False,False,False,False,False,False,False,False,False,False,False,False,False,False,False
Anuncio actualizado el 5 de noviembre,0,0,2.0,0,0,,,,0,1,82750174,7,,Breña Alta,," , Breña Alta , La Palma, Santa Cruz de Tenerife ",,"La Palma, Santa Cruz de Tenerife",3200,,2019-04-14,504000,0,3.0,0,1,1,False,False,False,False,False,False,False,False,False,False,False,False,False,False,False,False,False,False,False,False,False,False,False,False,False,False,False
Anuncio actualizado el 23 de enero,0,0,2.0,0,0,,,,0,0,82750085,1,0,Los Llanos de Aridane,," , Los Llanos de Aridane , La Palma, Santa Cruz de Tenerife ",,"La Palma, Santa Cruz de Tenerife",100,,2019-04-14,98000,0,2.0,0,0,1,False,False,False,False,False,False,False,False,False,False,False,False,False,False,False,False,False,False,False,False,False,False,False,False,False,False,False
Anuncio actualizado el 5 de noviembre,0,0,2.0,0,0,,,planta 3ª,0,0,82750067,5,0,Los Llanos de Aridane,," , Los Llanos de Aridane , La Palma, Santa Cruz de Tenerife ",,"La Palma, Santa Cruz de Tenerife",151,97,2019-04-14,170000,0,3.0,1,0,1,False,False,False,False,False,False,False,False,False,False,False,False,False,False,False,False,False,False,False,False,False,False,False,False,False,False,False
Anuncio actualizado el 15 de noviembre,0,0,2.0,0,0,2003,,planta 1ª exterior,0,0,82750039,1,0,Los Llanos de Aridane,," , Los Llanos de Aridane , La Palma, Santa Cruz de Tenerife ",,"La Palma, Santa Cruz de Tenerife",102,96,2019-04-14,240000,0,3.0,1,0,1,False,False,True,False,False,False,False,False,False,False,False,False,False,False,False,False,False,False,False,False,False,False,False,False,False,False,False
Anuncio actualizado el 23 de enero,0,0,2.0,0,0,,,,0,0,82749862,7,,Santa Cruz de la Palma,," , Santa Cruz de la Palma , La Palma, Santa Cruz de Tenerife ",,"La Palma, Santa Cruz de Tenerife",300,,2019-04-14,1000000,0,7.0,0,0,1,False,False,False,False,False,False,False,False,False,False,False,False,False,False,False,False,False,False,False,False,False,False,False,False,False,False,False
Anuncio actualizado el 5 de noviembre,0,0,2.0,0,0,,,,0,0,82750004,7,,Tazacorte,," , Tazacorte , La Palma, Santa Cruz de Tenerife ",,"La Palma, Santa Cruz de Tenerife",162,,2019-04-14,299000,0,4.0,1,0,1,False,False,False,False,False,False,False,False,False,False,False,False,False,False,False,False,False,False,False,False,False,False,False,False,False,False,False
Anuncio actualizado el 20 de febrero,0,0,3.0,0,0,,,,1,1,83705862,0,,Garafia,Urb. Santo Domingo," Urb. Santo Domingo , Garafia , La Palma, Santa Cruz de Tenerife ",,"La Palma, Santa Cruz de Tenerife",26265,,2019-04-14,750000,0,6.0,0,0,1,False,False,True,False,False,False,False,False,False,False,False,False,False,False,False,False,False,False,False,False,False,False,False,False,False,False,False
Anuncio actualizado el 3 de diciembre,0,0,2.0,1,0,,en trámite,planta 3ª exterior,1,0,26112734,5,1,Tazacorte,Urb. residencial secadero," Calle Primero de Mayo, 14 , Urb. residencial secadero , Tazacorte , La Palma, Santa Cruz de Tenerife ","Calle Primero de Mayo, 14","La Palma, Santa Cruz de Tenerife",120,108,2019-04-14,350000,0,3.0,1,0,1,False,False,True,False,False,False,False,False,False,False,False,False,False,False,False,False,False,False,False,False,False,False,False,False,False,False,False
Anuncio actualizado el 14 de marzo,0,0,1.0,0,0,,,planta 2ª exterior,0,0,84325634,1,0,Tazacorte,Trasera s/n," Trasera s/n , Tazacorte , La Palma, Santa Cruz de Tenerife ",,"La Palma, Santa Cruz de Tenerife",65,50,2019-04-14,135000,0,1.0,0,0,0,False,False,True,False,False,False,False,False,False,False,True,False,False,False,False,False,False,False,False,False,False,False,False,True,False,False,False
Anuncio actualizado el 12 de abril,0,1,1.0,0,0,,en trámite,,1,0,84960298,0,,Los Llanos de Aridane,," , Los Llanos de Aridane , La Palma, Santa Cruz de Tenerife ",,"La Palma, Santa Cruz de Tenerife",456,,2019-04-14,215000,0,4.0,1,0,1,False,False,True,False,False,False,False,False,False,False,False,False,False,False,False,False,False,False,False,False,False,False,False,False,False,False,False
Anuncio actualizado el 23 de enero,0,0,1.0,0,0,,,,1,1,82750156,0,,El Paso,," , El Paso , La Palma, Santa Cruz de Tenerife ",,"La Palma, Santa Cruz de Tenerife",552,,2019-04-14,170000,0,7.0,1,0,1,False,False,True,False,False,False,False,False,False,False,True,False,False,False,False,False,False,False,False,False,False,True,False,False,False,False,False
Anuncio actualizado el 15 de febrero,0,0,3.0,0,0,,,,0,0,82750335,0,,Tijarafe,Urb. La Punta," Urb. La Punta , Tijarafe , La Palma, Santa Cruz de Tenerife ",,"La Palma, Santa Cruz de Tenerife",742,,2019-04-14,380000,0,5.0,0,1,1,False,False,True,False,False,False,False,False,False,False,False,False,False,False,False,False,False,False,False,False,False,False,False,False,False,False,False
Anuncio actualizado el 22 de febrero,0,0,2.0,0,0,,,,0,1,82750345,0,,Breña Alta,," , Breña Alta , La Palma, Santa Cruz de Tenerife ",,"La Palma, Santa Cruz de Tenerife",2000,,2019-04-14,475000,0,4.0,0,0,1,False,False,True,False,False,False,False,False,False,False,False,False,False,False,False,False,False,False,False,False,False,False,False,False,False,False,False
Anuncio actualizado el 14 de febrero,0,0,2.0,0,0,,,planta 3ª exterior,0,0,82750328,5,0,Santa Cruz de la Palma,," , Santa Cruz de la Palma , La Palma, Santa Cruz de Tenerife ",,"La Palma, Santa Cruz de Tenerife",180,130,2019-04-14,230000,0,3.0,0,0,1,False,False,False,True,False,False,False,False,False,False,False,False,False,False,False,False,False,False,False,False,False,False,False,False,False,False,False
Anuncio actualizado el 22 de febrero,0,0,2.0,0,0,,,,0,1,82750321,0,,Breña Alta,," , Breña Alta , La Palma, Santa Cruz de Tenerife ",,"La Palma, Santa Cruz de Tenerife",622,153,2019-04-14,365000,0,3.0,1,0,1,False,False,True,False,False,False,False,False,False,False,False,False,False,False,False,False,False,False,False,False,False,False,False,False,False,False,False
Anuncio actualizado el 23 de enero,0,0,3.0,0,0,,,,0,1,82750298,0,,El Paso,Urb. Los Pedregales," Urb. Los Pedregales , El Paso , La Palma, Santa Cruz de Tenerife ",,"La Palma, Santa Cruz de Tenerife",6421,,2019-04-14,480000,0,5.0,0,0,1,False,False,True,False,False,False,False,False,False,False,False,False,False,False,False,False,False,False,False,False,False,False,False,False,False,False,False
Anuncio actualizado el 23 de enero,0,0,2.0,0,0,,,,0,0,82750289,0,,Breña Alta,," , Breña Alta , La Palma, Santa Cruz de Tenerife ",,"La Palma, Santa Cruz de Tenerife",122,,2019-04-14,180000,0,4.0,1,0,1,False,False,True,False,False,False,False,False,False,False,False,False,False,False,False,False,False,False,False,False,False,False,False,False,False,False,False
Anuncio actualizado el 14 de febrero,0,0,1.0,0,0,,,,0,1,82750241,0,,Santa Cruz de la Palma,," , Santa Cruz de la Palma , La Palma, Santa Cruz de Tenerife ",,"La Palma, Santa Cruz de Tenerife",11000,,2019-04-14,165000,0,2.0,0,0,0,False,False,True,False,False,False,False,False,False,False,False,False,False,False,False,False,False,False,False,False,False,False,False,False,False,False,False
Anuncio actualizado el 15 de febrero,0,0,1.0,0,0,,,planta 1ª exterior,0,0,82750224,1,0,Breña Baja,," , Breña Baja , La Palma, Santa Cruz de Tenerife ",,"La Palma, Santa Cruz de Tenerife",60,,2019-04-14,40000,0,1.0,0,0,0,False,False,True,False,False,False,False,False,False,False,False,False,False,False,False,False,False,False,False,False,False,False,False,False,False,False,False
Anuncio actualizado el 21 de febrero,0,0,2.0,0,0,,,,0,1,82750226,2,,Tijarafe,Urb. El Jesus," Urb. El Jesus , Tijarafe , La Palma, Santa Cruz de Tenerife ",,"La Palma, Santa Cruz de Tenerife",2385,,2019-04-14,219000,0,2.0,0,0,0,False,False,True,False,False,False,False,False,False,False,False,False,False,False,False,False,False,False,False,False,False,False,False,False,False,False,False
Anuncio actualizado el 15 de febrero,0,0,5.0,0,0,,,,0,0,82750207,0,,Breña Baja,," , Breña Baja , La Palma, Santa Cruz de Tenerife ",,"La Palma, Santa Cruz de Tenerife",3000,,2019-04-14,750000,0,7.0,0,0,1,False,False,True,False,False,False,False,False,False,False,False,False,False,False,False,False,False,False,False,False,False,False,False,False,False,False,False
Anuncio actualizado el 23 de enero,0,0,1.0,0,0,,,2 plantas,0,0,82750220,0,,Fuencaliente de la Palma,," , Fuencaliente de la Palma , La Palma, Santa Cruz de Tenerife ",,"La Palma, Santa Cruz de Tenerife",400000,,2019-04-14,250000,0,2.0,0,0,0,False,False,True,False,False,False,False,False,False,False,False,False,False,False,False,False,False,False,False,False,False,False,False,False,False,False,False
Anuncio actualizado el 6 de marzo,0,0,4.0,0,0,,,,0,1,82750171,0,,El Paso,," , El Paso , La Palma, Santa Cruz de Tenerife ",,"La Palma, Santa Cruz de Tenerife",4794,,2019-04-14,500000,0,5.0,0,1,1,False,False,True,False,False,False,False,False,False,False,False,False,False,False,False,False,False,False,False,False,False,False,False,False,False,False,False
Anuncio actualizado el 20 de febrero,0,0,2.0,0,0,,,,1,0,82750149,0,,Breña Alta,," , Breña Alta , La Palma, Santa Cruz de Tenerife ",,"La Palma, Santa Cruz de Tenerife",1000,,2019-04-14,395000,0,4.0,0,0,1,False,False,True,False,False,False,False,False,False,False,False,False,False,False,False,False,False,False,False,False,False,False,False,False,False,False,False
Anuncio actualizado el 22 de febrero,0,0,1.0,0,0,,,,0,0,82750117,0,,Santa Cruz de la Palma,," , Santa Cruz de la Palma , La Palma, Santa Cruz de Tenerife ",,"La Palma, Santa Cruz de Tenerife",247,,2019-04-14,186000,0,3.0,0,0,0,False,False,True,False,False,False,False,False,False,False,False,False,False,False,False,False,False,False,False,False,False,False,False,False,False,False,False
Anuncio actualizado el 20 de febrero,0,0,1.0,0,0,,,planta 1ª exterior,0,0,82750080,1,1,Los Llanos de Aridane,," , Los Llanos de Aridane , La Palma, Santa Cruz de Tenerife ",,"La Palma, Santa Cruz de Tenerife",92,,2019-04-14,119000,0,3.0,0,0,1,False,False,True,False,False,False,False,False,False,False,False,False,False,False,False,False,False,False,False,False,False,False,False,False,False,False,False
Anuncio actualizado el 3 de marzo,0,0,4.0,0,0,,,,1,0,82750052,0,,Breña Alta,," , Breña Alta , La Palma, Santa Cruz de Tenerife ",,"La Palma, Santa Cruz de Tenerife",1067,,2019-04-14,300000,0,6.0,0,0,1,False,False,True,False,False,False,False,False,False,False,False,False,False,False,False,False,False,False,False,False,False,False,False,False,False,False,False
Anuncio actualizado el 3 de abril,0,0,1.0,0,0,,,,0,1,82750013,0,,Fuencaliente de la Palma,," , Fuencaliente de la Palma , La Palma, Santa Cruz de Tenerife ",,"La Palma, Santa Cruz de Tenerife",530,,2019-04-14,175000,0,3.0,0,0,1,False,False,True,False,False,False,False,False,False,False,False,False,False,False,False,False,False,False,False,False,False,False,False,False,False,False,False
Anuncio actualizado el 2 de abril,0,0,2.0,0,0,,,planta 1ª exterior,1,0,84299066,1,1,Los Llanos de Aridane,Urb. Edificio Idafe," Plaza de La Constitución s/n , Urb. Edificio Idafe , Los Llanos de Aridane , La Palma, Santa Cruz de Tenerife ",Plaza de La Constitución s/n,"La Palma, Santa Cruz de Tenerife",190,186,2019-04-14,290000,0,5.0,0,0,1,False,False,True,False,False,False,False,False,False,False,False,False,False,False,False,False,False,False,False,False,False,False,False,False,False,False,False
Anuncio actualizado el 9 de abril,0,1,1.0,0,0,,,planta 2ª exterior,0,0,84735999,1,1,Tazacorte,Calle del puerto s/n," Calle del puerto s/n , Tazacorte , La Palma, Santa Cruz de Tenerife ",,"La Palma, Santa Cruz de Tenerife",55,47,2019-04-14,87000,0,1.0,1,0,1,False,False,True,False,False,False,False,False,False,False,True,False,False,False,False,False,False,False,False,False,False,True,False,False,False,False,False
Anuncio actualizado el 28 de febrero,1,0,3.0,1,0,,,2 plantas,1,1,38654839,0,,Breña Alta,Calle la cuesta," Calle la cuesta , Breña Alta , La Palma, Santa Cruz de Tenerife ",,"La Palma, Santa Cruz de Tenerife",4957,341,2019-04-14,389999,0,5.0,1,0,1,False,False,True,False,False,False,False,False,False,False,False,False,False,False,False,False,False,False,False,False,False,False,False,True,False,False,False
Anuncio actualizado el 9 de noviembre,0,0,3.0,1,0,,,2 plantas,1,0,35166551,12,,San Andrés y Sauces,Urb. san andres y sauces isla la palma Canarias," Calle José Pérez Vidal, 1 D , Urb. san andres y sauces isla la palma Canarias , San Andrés y Sauces , La Palma, Santa Cruz de Tenerife ","Calle José Pérez Vidal, 1 D","La Palma, Santa Cruz de Tenerife",156,369,2019-04-14,174999,0,3.0,1,0,1,False,False,False,True,False,False,False,False,False,False,False,False,False,False,False,False,False,False,False,False,False,False,False,True,False,False,False
Anuncio actualizado el 1 de julio,0,0,1.0,1,0,,,planta 1ª exterior,1,0,38500486,1,1,San Andrés y Sauces,"•Calle Abraham Martín, 57"," •Calle Abraham Martín, 57 , San Andrés y Sauces , La Palma, Santa Cruz de Tenerife ",,"La Palma, Santa Cruz de Tenerife",92,77,2019-04-14,86999,0,3.0,1,0,1,False,False,True,False,False,False,False,False,False,False,False,False,False,False,False,False,False,False,False,False,False,False,False,False,True,False,False
Anuncio actualizado el 17 de julio,0,0,2.0,0,0,,,planta 1ª exterior,1,0,38660383,1,1,San Andrés y Sauces,"Gral. C-830 Bajamar, 14"," Gral. C-830 Bajamar, 14 , San Andrés y Sauces , La Palma, Santa Cruz de Tenerife ",,"La Palma, Santa Cruz de Tenerife",96,83,2019-04-14,124999,0,3.0,1,0,1,False,False,True,False,False,False,False,False,False,False,False,False,False,False,False,False,False,False,False,False,False,False,False,True,False,False,False
Anuncio actualizado el 3 de octubre,0,1,1.0,1,0,,,1 planta,0,0,40154435,0,,Breña Alta,"Camino La Piedad, 67"," Camino La Piedad, 67 , Breña Alta , La Palma, Santa Cruz de Tenerife ",,"La Palma, Santa Cruz de Tenerife",1500,170,2019-04-14,134999,0,4.0,1,1,1,False,False,True,False,False,False,False,False,False,False,False,False,False,False,False,False,False,False,False,False,False,False,False,True,False,False,False
Anuncio actualizado el 21 de febrero,0,0,1.0,0,0,,,1 planta,1,1,40166322,0,,El Paso,"Carretera San Nicolás, 66"," Carretera San Nicolás, 66 , El Paso , La Palma, Santa Cruz de Tenerife ",,"La Palma, Santa Cruz de Tenerife",750,165,2019-04-14,159999,0,4.0,1,0,1,False,False,True,False,False,False,False,False,False,False,False,False,False,False,False,False,False,False,False,False,False,False,False,True,False,False,False
Anuncio actualizado el 20 de diciembre,0,0,4.0,1,0,,,1 planta,1,1,40179466,0,,Breña Alta,"Camino la fuente, 20"," Camino la fuente, 20 , Breña Alta , La Palma, Santa Cruz de Tenerife ",,"La Palma, Santa Cruz de Tenerife",2193,261,2019-04-14,849999,0,5.0,1,0,1,False,False,True,False,False,False,False,False,False,False,False,False,False,False,False,False,False,False,False,False,False,False,False,True,False,False,False
Anuncio actualizado el 1 de julio,0,0,2.0,0,0,,,1 planta,1,1,40289104,0,,Los Llanos de Aridane,Calle Armas s/n," Calle Armas s/n , Los Llanos de Aridane , La Palma, Santa Cruz de Tenerife ",,"La Palma, Santa Cruz de Tenerife",1236,230,2019-04-14,389999,1,6.0,1,0,1,False,False,True,False,False,False,False,False,False,False,False,False,False,False,False,False,False,False,False,False,False,False,False,False,True,False,False
Anuncio actualizado el 4 de diciembre,0,0,2.0,0,0,,,1 planta,1,0,40521804,0,,Garafia,"Calle Llano Negro, 8"," Calle Llano Negro, 8 , Garafia , La Palma, Santa Cruz de Tenerife ",,"La Palma, Santa Cruz de Tenerife",1022,107,2019-04-14,99999,1,4.0,1,0,1,False,False,True,False,False,False,False,False,False,False,False,False,False,False,False,False,True,False,False,False,False,False,False,False,False,False,False
Anuncio actualizado el 1 de septiembre,0,0,1.0,0,0,,,1 planta,1,1,39072033,12,,Santa Cruz de la Palma,"Lugar Tierritas, 38"," Lugar Tierritas, 38 , Santa Cruz de la Palma , La Palma, Santa Cruz de Tenerife ",,"La Palma, Santa Cruz de Tenerife",435,87,2019-04-14,119999,0,3.0,1,0,1,False,False,True,False,False,False,False,False,False,False,False,False,False,False,False,False,False,False,False,False,False,False,False,False,True,False,False
Anuncio actualizado el 5 de febrero,0,1,1.0,0,0,,,planta 4ª exterior,0,0,81628347,1,0,Santa Cruz de la Palma,"Calle A.González Suárez, 39"," Calle A.González Suárez, 39 , Santa Cruz de la Palma , La Palma, Santa Cruz de Tenerife ",,"La Palma, Santa Cruz de Tenerife",84,75,2019-04-14,64999,0,3.0,0,0,1,False,False,True,False,False,False,False,False,False,False,False,False,False,False,False,False,False,False,False,False,False,False,False,True,False,False,False
Anuncio actualizado el 14 de diciembre,0,1,2.0,0,0,,,2 plantas,1,1,82034935,0,,Santa Cruz de la Palma,"Lomo Centro, 71"," Lomo Centro, 71 , Santa Cruz de la Palma , La Palma, Santa Cruz de Tenerife ",,"La Palma, Santa Cruz de Tenerife",5450,200,2019-04-14,479999,0,4.0,1,1,1,False,False,True,False,False,False,False,False,False,False,False,False,False,False,False,False,False,False,False,False,False,False,False,True,False,False,False
Anuncio actualizado el 18 de diciembre,0,0,1.0,1,0,,,1 planta,1,1,82109363,0,,Tijarafe,"Camino Aguatavar, Tijarafe s/n"," Camino Aguatavar, Tijarafe s/n , Tijarafe , La Palma, Santa Cruz de Tenerife ",,"La Palma, Santa Cruz de Tenerife",779,55,2019-04-14,134999,0,2.0,0,0,1,False,False,True,False,False,False,False,False,False,False,False,False,False,False,False,False,False,False,False,False,False,False,False,True,False,False,False
Anuncio actualizado el 20 de septiembre,1,0,3.0,1,0,,,1 planta,0,1,82109565,0,,Puntagorda,Camino Fayera s/n," Camino Fayera s/n , Puntagorda , La Palma, Santa Cruz de Tenerife ",,"La Palma, Santa Cruz de Tenerife",2900,245,2019-04-14,429999,0,4.0,1,0,1,False,False,True,False,False,False,False,False,False,False,False,False,False,False,False,False,False,False,False,False,False,False,False,True,False,False,False
Anuncio actualizado el 10 de septiembre,0,0,1.0,0,0,,,2 plantas,0,1,82259971,12,,San Andrés y Sauces,Urb. avenida los sauces 14," Calle Orotava, 31 , Urb. avenida los sauces 14 , San Andrés y Sauces , La Palma, Santa Cruz de Tenerife ","Calle Orotava, 31","La Palma, Santa Cruz de Tenerife",229,119,2019-04-14,69999,0,4.0,1,0,1,False,False,False,True,False,False,False,False,False,False,True,True,False,False,False,False,False,False,False,False,False,False,False,False,False,False,False
Anuncio actualizado el 21 de diciembre,0,0,3.0,0,0,,,1 planta,1,1,82387581,0,,Los Llanos de Aridane,Urb. los pedregales," Barranco Cruz de la Paloma, 68 , Urb. los pedregales , Los Llanos de Aridane , La Palma, Santa Cruz de Tenerife ","Barranco Cruz de la Paloma, 68","La Palma, Santa Cruz de Tenerife",6422,208,2019-04-14,479999,0,5.0,1,0,1,False,False,True,False,False,False,False,False,False,False,False,False,False,False,False,False,False,False,False,False,False,False,False,False,True,False,False
Anuncio actualizado el 22 de enero,0,1,3.0,0,0,,,1 planta,0,1,82602989,0,,Breña Baja,"Calle la Polvacera, 171 a"," Calle la Polvacera, 171 a , Breña Baja , La Palma, Santa Cruz de Tenerife ",,"La Palma, Santa Cruz de Tenerife",3634,285,2019-04-14,238999,0,4.0,1,0,1,False,False,True,False,False,False,False,False,False,False,False,False,False,False,False,False,False,False,False,False,False,False,False,False,True,False,False
Anuncio actualizado el 4 de octubre,1,1,2.0,1,0,,,2 plantas,1,0,82604820,12,,Villa de Mazo,Urb. Los Callejones 68 en Villa de Mazo," Calle Maximiliano Pérez Díaz, 38 , Urb. Los Callejones 68 en Villa de Mazo , Villa de Mazo , La Palma, Santa Cruz de Tenerife ","Calle Maximiliano Pérez Díaz, 38","La Palma, Santa Cruz de Tenerife",120,110,2019-04-14,113999,0,4.0,1,0,1,False,False,True,False,False,False,False,False,False,False,False,False,False,False,False,False,False,False,False,False,False,False,False,False,True,False,False
Anuncio actualizado el 28 de diciembre,0,1,2.0,1,0,,,2 plantas,0,0,82658435,12,,Santa Cruz de la Palma,"Calle Timibúcar, 71"," Calle Timibúcar, 71 , Santa Cruz de la Palma , La Palma, Santa Cruz de Tenerife ",,"La Palma, Santa Cruz de Tenerife",101,92,2019-04-14,119999,0,3.0,1,0,1,False,False,True,False,False,False,False,False,False,False,False,False,False,False,False,False,False,False,False,False,False,False,False,False,True,False,False
Anuncio actualizado el 25 de octubre,0,1,2.0,1,0,,,1 planta,1,1,82700248,0,,Villa de Mazo,"Camino Lomo el Pino, 58"," Camino Lomo el Pino, 58 , Villa de Mazo , La Palma, Santa Cruz de Tenerife ",,"La Palma, Santa Cruz de Tenerife",868,144,2019-04-14,239999,0,3.0,1,1,1,False,False,True,False,False,False,False,False,False,False,False,False,False,False,False,False,False,False,False,False,False,False,False,False,True,False,False
Anuncio actualizado el 29 de enero,0,0,1.0,0,1,,,1 planta,0,0,82952557,10,,Barlovento,"Camino del Cerradero, 48"," Camino del Cerradero, 48 , Barlovento , La Palma, Santa Cruz de Tenerife ",,"La Palma, Santa Cruz de Tenerife",671,115,2019-04-14,84999,0,3.0,1,0,1,False,False,True,False,False,False,False,False,False,False,False,False,False,False,False,False,False,False,False,False,False,False,False,False,True,False,False
Anuncio actualizado el 30 de enero,0,0,1.0,0,0,,,1 planta,1,1,83035038,0,,Barlovento,"Calle paredes, 7"," Calle paredes, 7 , Barlovento , La Palma, Santa Cruz de Tenerife ",,"La Palma, Santa Cruz de Tenerife",825,68,2019-04-14,54999,0,2.0,1,0,1,False,False,False,True,False,False,False,False,False,False,False,False,False,False,False,False,False,False,False,False,False,False,False,False,True,False,False
Anuncio actualizado el 4 de febrero,0,0,2.0,0,0,,,1 planta,1,1,83275696,0,,Puntagorda,"Camino de la cancela, 35"," Camino de la cancela, 35 , Puntagorda , La Palma, Santa Cruz de Tenerife ",,"La Palma, Santa Cruz de Tenerife",3300,179,2019-04-14,174999,0,3.0,1,0,1,False,False,True,False,False,False,False,False,False,False,False,False,False,False,False,False,False,False,False,False,False,False,False,False,True,False,False
Anuncio actualizado el 7 de febrero,1,0,2.0,0,0,,,1 planta,1,1,83486563,0,,Villa de Mazo,"Lugar Lomo Oscuro, 44 B"," Lugar Lomo Oscuro, 44 B , Villa de Mazo , La Palma, Santa Cruz de Tenerife ",,"La Palma, Santa Cruz de Tenerife",3707,90,2019-04-14,234999,0,2.0,1,0,1,False,False,True,False,False,False,False,False,False,False,False,False,False,False,False,False,False,False,False,False,False,False,False,True,False,False,False
Anuncio actualizado el 8 de diciembre,0,1,2.0,0,0,,,2 plantas,0,0,83487172,12,,San Andrés y Sauces,Urb. avenida los sauces 14," Calle Marcos y Cordero, 8 , Urb. avenida los sauces 14 , San Andrés y Sauces , La Palma, Santa Cruz de Tenerife ","Calle Marcos y Cordero, 8","La Palma, Santa Cruz de Tenerife",192,182,2019-04-14,119999,0,4.0,1,0,1,False,False,False,True,False,False,False,False,False,False,False,False,False,False,False,False,False,False,False,False,False,False,False,False,True,False,False
Anuncio actualizado el 8 de diciembre,0,1,1.0,0,0,,,planta 1ª exterior,0,0,83500610,1,0,Barlovento,"Travesía Casco Urbano, 14"," Travesía Casco Urbano, 14 , Barlovento , La Palma, Santa Cruz de Tenerife ",,"La Palma, Santa Cruz de Tenerife",84,75,2019-04-14,84999,0,3.0,0,0,1,False,False,True,False,False,False,False,False,False,False,False,False,False,False,True,False,False,False,False,False,False,False,False,False,False,False,False
Anuncio actualizado el 10 de diciembre,0,1,1.0,0,1,,,1 planta,1,1,83500823,2,,Fuencaliente de la Palma,"Calle Antonio Hernández Hernández, 5"," Calle Antonio Hernández Hernández, 5 , Fuencaliente de la Palma , La Palma, Santa Cruz de Tenerife ",,"La Palma, Santa Cruz de Tenerife",611,161,2019-04-14,129999,0,3.0,1,0,1,False,False,True,False,False,False,False,False,False,False,False,False,False,False,False,False,False,False,False,False,False,False,False,False,False,False,True
Anuncio actualizado el 3 de enero,0,0,2.0,0,0,,,2 plantas,1,0,83705878,11,,Breña Baja,Urb. San José," Miguel Galvan Hernandez s/n , Urb. San José , Breña Baja , La Palma, Santa Cruz de Tenerife ",Miguel Galvan Hernandez s/n,"La Palma, Santa Cruz de Tenerife",107,93,2019-04-14,157000,0,3.0,1,0,1,False,False,True,False,False,False,False,False,False,False,False,False,False,False,False,False,False,False,False,False,False,False,False,False,False,False,False
Anuncio actualizado el 8 de abril,0,0,3.0,0,0,1999,en trámite,1 planta,0,1,83893546,7,,Breña Alta,"Camino la Corsillada, 45"," Camino la Corsillada, 45 , Breña Alta , La Palma, Santa Cruz de Tenerife ",,"La Palma, Santa Cruz de Tenerife",5536,695,2019-04-14,399000,0,3.0,0,0,1,False,False,False,False,False,False,False,False,False,False,False,False,False,False,False,False,False,False,False,False,False,False,False,False,False,False,False
Anuncio actualizado el 6 de marzo,0,0,1.0,0,0,,,1 planta,1,1,84253779,0,,Breña Alta,Urb. las ledas," Carretera San Isidro, 242 , Urb. las ledas , Breña Alta , La Palma, Santa Cruz de Tenerife ","Carretera San Isidro, 242","La Palma, Santa Cruz de Tenerife",886,160,2019-04-14,149999,0,3.0,1,0,1,False,False,True,False,False,False,False,False,False,False,False,False,False,False,False,False,False,False,False,False,False,False,False,False,True,False,False
Anuncio actualizado el 18 de marzo,1,1,1.0,1,0,,,1 planta,1,1,84402088,0,,Puntagorda,Puntagorda s/n," Puntagorda s/n , Puntagorda , La Palma, Santa Cruz de Tenerife ",,"La Palma, Santa Cruz de Tenerife",1812,56,2019-04-14,349999,0,2.0,1,1,1,False,False,True,False,False,True,False,False,False,False,False,False,False,False,False,False,True,False,False,False,False,False,False,False,False,False,False
Anuncio actualizado el 6 de febrero,0,0,2.0,1,0,1994,no indicado,planta 1ª exterior,0,0,82813693,1,1,Santa Cruz de la Palma,"Carretera del Galión, 16"," Carretera del Galión, 16 , Santa Cruz de la Palma , La Palma, Santa Cruz de Tenerife ",,"La Palma, Santa Cruz de Tenerife",116,111,2019-04-14,121000,0,3.0,1,0,1,False,False,True,False,False,False,False,False,False,False,False,False,False,False,False,False,False,False,False,False,False,False,False,False,True,False,False
Anuncio actualizado el 14 de marzo,0,0,1.0,1,0,,,,1,1,84300907,10,,Los Llanos de Aridane,Camino cumplido," Camino cumplido , Los Llanos de Aridane , La Palma, Santa Cruz de Tenerife ",,"La Palma, Santa Cruz de Tenerife",1900,115,2019-04-14,310000,1,3.0,1,0,1,False,False,False,True,False,False,False,False,False,False,False,False,False,False,False,False,False,False,False,False,False,True,False,False,False,False,False
Anuncio actualizado el 15 de febrero,0,0,1.0,0,0,,,planta 2ª exterior,0,0,83944917,1,1,Tazacorte,Urb. Casco," Calle Pedro José Viña Díaz , Urb. Casco , Tazacorte , La Palma, Santa Cruz de Tenerife ",Calle Pedro José Viña Díaz,"La Palma, Santa Cruz de Tenerife",90,82,2019-04-14,100000,0,3.0,0,0,0,False,False,True,False,False,False,False,False,False,False,True,True,False,False,False,False,False,False,False,False,False,False,False,False,False,False,False
Anuncio actualizado el 14 de marzo,1,0,3.0,1,0,,,1 planta,1,1,83096392,0,,Puntagorda,Urb. Puntagorda," Camino las Fayeras, Puntagorda s/n , Urb. Puntagorda , Puntagorda , La Palma, Santa Cruz de Tenerife ","Camino las Fayeras, Puntagorda s/n","La Palma, Santa Cruz de Tenerife",2825,237,2019-04-14,430000,1,4.0,1,1,1,False,False,True,False,False,True,False,False,False,False,False,False,False,False,False,False,False,False,False,False,False,False,False,False,False,True,False
Anuncio actualizado el 14 de marzo,1,0,3.0,1,0,2008,,1 planta,1,1,83486085,0,,Tijarafe,Urb. Arecida," Lugar Arecida s/n , Urb. Arecida , Tijarafe , La Palma, Santa Cruz de Tenerife ",Lugar Arecida s/n,"La Palma, Santa Cruz de Tenerife",5000,180,2019-04-14,795000,1,2.0,1,1,1,False,False,True,False,True,False,False,False,False,False,False,False,False,False,False,False,False,False,False,True,False,False,False,False,False,False,False
Anuncio actualizado el 1 de abril,0,0,1.0,0,1,,,1 planta,1,1,84895723,3,,Garafia,los franceses s/n," los franceses s/n , Garafia , La Palma, Santa Cruz de Tenerife ",,"La Palma, Santa Cruz de Tenerife",3915,129,2019-04-14,119999,1,2.0,1,0,1,False,False,False,True,False,False,False,False,False,False,False,False,False,False,False,False,True,False,False,False,False,False,False,False,False,False,False
Anuncio actualizado el 1 de abril,0,0,1.0,0,0,,,1 planta,0,1,84896228,0,,El Paso,Calle San Nicolás s/n," Calle San Nicolás s/n , El Paso , La Palma, Santa Cruz de Tenerife ",,"La Palma, Santa Cruz de Tenerife",2000,77,2019-04-14,89999,0,2.0,0,0,0,False,False,False,True,False,False,False,False,False,False,False,False,False,False,False,False,False,False,False,False,False,False,False,False,True,False,False
Anuncio actualizado el 4 de abril,1,0,1.0,1,0,,,1 planta,1,1,84941974,0,,Breña Baja,Cuesta san jose s/n," Cuesta san jose s/n , Breña Baja , La Palma, Santa Cruz de Tenerife ",,"La Palma, Santa Cruz de Tenerife",2041,148,2019-04-14,378999,1,1.0,1,1,1,False,False,True,False,False,True,False,False,False,False,False,True,False,False,False,False,False,False,False,False,False,False,False,False,False,False,False
Anuncio actualizado el 2 de abril,0,0,1.0,0,1,,,1 planta,1,1,38658796,3,,Garafia,Calle Llano Negro," Calle Llano Negro , Garafia , La Palma, Santa Cruz de Tenerife ",,"La Palma, Santa Cruz de Tenerife",140000,260,2019-04-14,194999,0,5.0,1,0,1,False,False,False,True,False,False,False,False,False,False,False,False,False,False,False,False,True,False,False,False,False,False,False,False,False,False,False
Anuncio actualizado el 20 de octubre,0,0,2.0,0,0,,,2 plantas,0,1,39921596,0,,El Paso,," , El Paso , La Palma, Santa Cruz de Tenerife ",,"La Palma, Santa Cruz de Tenerife",902,,2019-04-14,300000,0,3.0,0,0,1,False,False,True,False,False,False,False,False,False,False,False,False,False,False,False,False,False,False,False,False,False,False,False,False,False,False,False
Anuncio actualizado el 20 de octubre,0,0,1.0,0,0,,,1 planta,0,1,39928254,0,,Los Llanos de Aridane,Urb. Las Manchas - Todoque," Urb. Las Manchas - Todoque , Los Llanos de Aridane , La Palma, Santa Cruz de Tenerife ",,"La Palma, Santa Cruz de Tenerife",1932,,2019-04-14,157000,1,1.0,0,0,0,False,False,False,True,False,False,False,False,False,False,False,False,False,False,False,False,False,False,False,False,False,False,False,False,False,False,True
Anuncio actualizado el 20 de octubre,0,0,2.0,0,0,,,1 planta,1,1,40080547,0,,Villa de Mazo,Urb. Hoyo de Mazo," Urb. Hoyo de Mazo , Villa de Mazo , La Palma, Santa Cruz de Tenerife ",,"La Palma, Santa Cruz de Tenerife",1000,,2019-04-14,225000,0,2.0,0,0,1,False,False,True,False,False,False,False,False,False,False,False,False,False,False,False,False,False,False,False,False,False,False,False,False,False,False,False
Anuncio actualizado el 20 de octubre,0,0,2.0,0,0,,,2 plantas,1,0,40116636,0,,Breña Baja,Urb. San Antonio," Urb. San Antonio , Breña Baja , La Palma, Santa Cruz de Tenerife ",,"La Palma, Santa Cruz de Tenerife",200,,2019-04-14,176000,0,4.0,0,0,1,False,False,True,False,False,False,False,False,False,False,False,False,False,False,False,False,False,False,False,False,False,False,False,True,False,False,False
Anuncio actualizado el 20 de octubre,0,0,2.0,0,0,,,1 planta,0,1,40222539,0,,Villa de Mazo,Urb. La Sabina," Urb. La Sabina , Villa de Mazo , La Palma, Santa Cruz de Tenerife ",,"La Palma, Santa Cruz de Tenerife",1000,,2019-04-14,160000,0,4.0,0,0,1,False,False,True,False,False,False,False,False,False,False,False,False,False,False,False,False,False,False,False,False,False,False,False,False,False,False,False
Anuncio actualizado el 20 de octubre,0,0,1.0,0,0,,,,0,1,40522415,0,,Villa de Mazo,Calle San Simon s/n," Calle San Simon s/n , Villa de Mazo , La Palma, Santa Cruz de Tenerife ",,"La Palma, Santa Cruz de Tenerife",8000,,2019-04-14,65000,0,1.0,0,0,0,False,False,False,True,False,False,False,False,False,False,False,False,False,False,False,False,False,False,False,False,False,False,False,True,False,False,False
Anuncio actualizado el 20 de octubre,0,0,1.0,0,0,,,1 planta,0,1,40081607,0,,Tijarafe,Urb. Tinizara," Urb. Tinizara , Tijarafe , La Palma, Santa Cruz de Tenerife ",,"La Palma, Santa Cruz de Tenerife",2163,,2019-04-14,235000,0,1.0,0,0,1,False,False,True,False,False,False,False,False,False,False,False,False,False,False,False,False,False,False,False,False,False,False,False,True,False,False,False
Anuncio actualizado el 31 de enero,0,0,1.0,0,0,,,1 planta,0,1,82142671,0,,Puntallana,La Galga s/n," La Galga s/n , Puntallana , La Palma, Santa Cruz de Tenerife ",,"La Palma, Santa Cruz de Tenerife",800,25,2019-04-14,25000,0,1.0,0,0,0,False,False,True,False,False,False,False,False,False,False,True,False,False,False,False,False,False,False,False,False,False,False,False,True,False,False,False
Anuncio actualizado el 30 de enero,0,0,3.0,1,0,,,2 plantas,1,1,82353643,0,,El Paso,," , El Paso , La Palma, Santa Cruz de Tenerife ",,"La Palma, Santa Cruz de Tenerife",1583,295,2019-04-14,300000,0,4.0,0,0,1,False,False,False,True,False,False,False,False,False,False,False,False,False,False,False,False,False,False,False,False,False,False,False,False,False,False,False
Anuncio actualizado el 25 de enero,0,1,2.0,0,0,,,4 plantas,0,0,82657985,0,,Santa Cruz de la Palma,," , Santa Cruz de la Palma , La Palma, Santa Cruz de Tenerife ",,"La Palma, Santa Cruz de Tenerife",50,120,2019-04-14,185000,0,3.0,0,0,1,False,False,True,False,False,False,False,False,False,False,True,False,False,False,False,False,False,False,False,False,False,False,False,False,True,False,False
Anuncio actualizado el 18 de enero,0,0,2.0,0,0,,,planta 1ª exterior,0,0,82750190,1,0,Breña Baja,"Rambla José Ana Fernández Pérez, 7"," Rambla José Ana Fernández Pérez, 7 , Breña Baja , La Palma, Santa Cruz de Tenerife ",,"La Palma, Santa Cruz de Tenerife",160,,2019-04-14,168000,0,3.0,0,0,1,False,False,True,False,False,False,False,False,False,False,True,False,False,False,False,False,False,False,False,False,False,False,False,False,False,False,False
Anuncio actualizado el 6 de marzo,0,0,2.0,0,0,,,planta 1ª exterior,0,0,82750194,1,1,Los Llanos de Aridane,"Calle Fernández Taño, 10"," Calle Fernández Taño, 10 , Los Llanos de Aridane , La Palma, Santa Cruz de Tenerife ",,"La Palma, Santa Cruz de Tenerife",90,,2019-04-14,110000,1,3.0,0,0,0,False,False,True,False,False,False,False,False,False,False,True,False,False,False,False,False,False,False,False,False,False,False,False,False,False,False,True
Anuncio actualizado el 18 de enero,0,1,2.0,0,0,,,planta 2ª exterior,0,0,82750195,1,0,Santa Cruz de la Palma,Avenida el Puente s/n," Avenida el Puente s/n , Santa Cruz de la Palma , La Palma, Santa Cruz de Tenerife ",,"La Palma, Santa Cruz de Tenerife",119,,2019-04-14,160000,0,3.0,0,0,0,False,False,True,False,False,False,False,False,False,False,True,False,False,False,False,False,False,False,False,False,False,False,False,True,False,False,False
Anuncio actualizado el 26 de febrero,0,1,1.0,1,0,2009,,planta 1ª exterior,0,0,82750204,1,1,Tazacorte,Urb. La Palmita," Calle Primero de Mayo, 16 , Urb. La Palmita , Tazacorte , La Palma, Santa Cruz de Tenerife ","Calle Primero de Mayo, 16","La Palma, Santa Cruz de Tenerife",50,,2019-04-14,123000,1,1.0,0,1,0,False,False,True,False,False,False,False,False,False,False,True,False,False,False,False,False,False,False,False,False,False,True,False,False,False,False,False
Anuncio actualizado el 18 de enero,0,0,1.0,0,0,,,planta 3ª exterior,0,0,82750250,1,0,Santa Cruz de la Palma,"Calle Galguén, 9"," Calle Galguén, 9 , Santa Cruz de la Palma , La Palma, Santa Cruz de Tenerife ",,"La Palma, Santa Cruz de Tenerife",81,,2019-04-14,120000,0,3.0,0,0,0,False,False,True,False,False,False,False,False,False,False,True,False,False,False,False,False,False,False,False,False,False,False,False,True,False,False,False
Anuncio actualizado el 18 de enero,0,0,1.0,0,0,,,,0,0,82750327,0,,Tazacorte,Avenida Felipe Lorenzo s/n," Avenida Felipe Lorenzo s/n , Tazacorte , La Palma, Santa Cruz de Tenerife ",,"La Palma, Santa Cruz de Tenerife",200,,2019-04-14,225000,0,3.0,0,0,1,False,False,True,False,False,False,False,False,False,False,True,False,False,False,False,False,False,False,False,False,False,False,False,True,False,False,False
Anuncio actualizado el 16 de marzo,0,0,3.0,0,0,,,,0,1,82750249,0,,El Paso,," , El Paso , La Palma, Santa Cruz de Tenerife ",,"La Palma, Santa Cruz de Tenerife",4400,,2019-04-14,895000,0,4.0,0,1,1,False,False,True,False,False,False,False,False,False,False,False,False,False,False,False,False,False,False,False,False,False,False,False,False,False,False,False
Anuncio actualizado el 31 de enero,0,0,2.0,0,0,,,,0,0,82750130,0,,Santa Cruz de la Palma,," , Santa Cruz de la Palma , La Palma, Santa Cruz de Tenerife ",,"La Palma, Santa Cruz de Tenerife",130,,2019-04-14,136500,0,4.0,0,0,1,False,False,True,False,False,False,False,False,False,False,False,False,False,False,False,False,False,False,False,False,False,False,False,False,False,False,False
Anuncio actualizado el 6 de febrero,1,0,1.0,0,0,,,planta 1ª exterior,1,0,82750055,1,0,Los Llanos de Aridane,," , Los Llanos de Aridane , La Palma, Santa Cruz de Tenerife ",,"La Palma, Santa Cruz de Tenerife",67,,2019-04-14,133000,0,1.0,1,0,0,False,False,True,False,False,False,False,False,False,False,False,False,False,False,False,False,False,False,False,False,False,False,False,False,False,False,False
Anuncio actualizado el 25 de octubre,0,0,1.0,0,0,,,2 plantas,1,1,82836542,0,,Breña Alta,Urb. San Isidro," Urb. San Isidro , Breña Alta , La Palma, Santa Cruz de Tenerife ",,"La Palma, Santa Cruz de Tenerife",348,149,2019-04-14,170000,0,3.0,0,0,1,False,False,True,False,False,False,False,False,False,False,False,False,False,False,False,False,False,False,False,False,False,False,False,False,False,False,False
Anuncio actualizado el 6 de febrero,0,0,5.0,0,0,,,,0,1,82884420,0,,El Paso,," , El Paso , La Palma, Santa Cruz de Tenerife ",,"La Palma, Santa Cruz de Tenerife",5070,,2019-04-14,649000,0,8.0,0,1,1,False,False,True,False,False,True,False,False,False,False,False,False,False,False,False,False,False,False,False,False,False,True,False,False,False,False,False
Anuncio actualizado el 23 de enero,0,0,1.0,0,0,,en trámite,,0,1,82750150,0,,Villa de Mazo,Tiguerorte s/n," Tiguerorte s/n , Villa de Mazo , La Palma, Santa Cruz de Tenerife ",,"La Palma, Santa Cruz de Tenerife",3300,,2019-04-14,50000,0,1.0,0,0,0,False,False,False,True,False,False,False,False,False,False,True,True,False,False,False,False,False,False,False,False,False,False,False,False,False,False,False
Anuncio actualizado el 27 de marzo,0,0,5.0,0,0,,,,0,1,82999223,0,,Tazacorte,," , Tazacorte , La Palma, Santa Cruz de Tenerife ",,"La Palma, Santa Cruz de Tenerife",1800,300,2019-04-14,790000,0,5.0,0,1,1,False,False,True,False,False,False,False,False,False,False,False,False,False,False,False,False,False,False,False,False,False,False,False,False,False,False,False
Anuncio actualizado el 30 de enero,1,0,3.0,1,0,,,,1,1,83030945,0,,Los Llanos de Aridane,Urb. Todoque," Urb. Todoque , Los Llanos de Aridane , La Palma, Santa Cruz de Tenerife ",,"La Palma, Santa Cruz de Tenerife",3600,169,2019-04-14,460000,0,3.0,0,1,1,False,False,True,False,False,False,False,False,False,False,False,False,False,False,False,False,False,False,False,False,False,False,False,False,False,False,False
Anuncio actualizado el 5 de febrero,0,0,1.0,0,0,,,,0,0,83306281,0,,Santa Cruz de la Palma,," , Santa Cruz de la Palma , La Palma, Santa Cruz de Tenerife ",,"La Palma, Santa Cruz de Tenerife",113,103,2019-04-14,200000,0,3.0,0,0,1,False,False,True,False,False,False,False,False,False,False,False,False,False,False,False,False,False,False,False,False,False,False,False,False,False,False,False
Anuncio actualizado el 7 de febrero,0,0,2.0,0,0,,,,0,1,83459285,0,,Breña Baja,Urb. Las Ledas," Urb. Las Ledas , Breña Baja , La Palma, Santa Cruz de Tenerife ",,"La Palma, Santa Cruz de Tenerife",2000,160,2019-04-14,378000,0,4.0,0,0,1,False,False,True,False,False,False,False,False,False,False,False,False,False,False,False,False,False,False,False,False,False,False,False,False,False,False,False
Anuncio actualizado el 26 de febrero,0,0,1.0,0,0,,,,0,0,83575036,0,,Los Llanos de Aridane,," , Los Llanos de Aridane , La Palma, Santa Cruz de Tenerife ",,"La Palma, Santa Cruz de Tenerife",110,100,2019-04-14,73000,0,3.0,0,0,0,False,False,False,True,False,False,False,False,False,False,False,False,False,False,False,False,False,False,False,False,False,False,False,False,False,False,False
Anuncio actualizado el 26 de febrero,0,0,1.0,0,0,,,bajo exterior,0,1,31119100,1,0,Breña Baja,Urb. Finca Amado 2," Calle finca amado ii s/n , Urb. Finca Amado 2 , Breña Baja , La Palma, Santa Cruz de Tenerife ",Calle finca amado ii s/n,"La Palma, Santa Cruz de Tenerife",64,,2019-04-14,70000,0,1.0,0,1,1,False,False,True,False,False,False,False,False,False,False,False,False,False,False,False,False,False,False,False,False,False,False,False,False,False,False,False
Anuncio actualizado el 3 de abril,0,0,1.0,0,0,,,planta 3ª exterior,0,0,83794180,1,1,Santa Cruz de la Palma,," , Santa Cruz de la Palma , La Palma, Santa Cruz de Tenerife ",,"La Palma, Santa Cruz de Tenerife",40,35,2019-04-14,60000,0,1.0,0,0,0,False,False,True,False,False,False,False,False,False,False,False,False,False,False,False,False,False,False,False,False,False,False,False,False,False,False,False
Anuncio actualizado el 14 de febrero,0,0,2.0,0,0,,,planta 1ª exterior,1,0,83815641,1,0,Santa Cruz de la Palma,Urb. Barrio de San Sebastián," Urb. Barrio de San Sebastián , Santa Cruz de la Palma , La Palma, Santa Cruz de Tenerife ",,"La Palma, Santa Cruz de Tenerife",82,65,2019-04-14,145000,0,3.0,0,0,1,False,False,True,False,False,False,False,False,False,False,False,False,False,False,False,False,False,False,False,False,False,False,False,False,False,False,False
Anuncio actualizado el 21 de febrero,0,0,1.0,0,0,,,,0,1,84032392,0,,Puntagorda,," , Puntagorda , La Palma, Santa Cruz de Tenerife ",,"La Palma, Santa Cruz de Tenerife",2500,26,2019-04-14,158000,0,1.0,0,0,1,False,False,True,False,False,False,False,False,False,False,False,False,False,False,False,False,False,False,False,False,False,False,False,False,False,False,False
Anuncio actualizado el 1 de abril,0,0,1.0,0,0,,,planta 2ª exterior,0,0,84171118,5,0,Tazacorte,Urb. Centro de Tazacorte," Calle Nueva s/n , Urb. Centro de Tazacorte , Tazacorte , La Palma, Santa Cruz de Tenerife ",Calle Nueva s/n,"La Palma, Santa Cruz de Tenerife",71,37,2019-04-14,116000,0,1.0,0,0,1,False,False,True,False,False,False,False,False,False,False,False,False,False,False,False,False,False,False,False,False,False,False,False,False,False,False,False
Anuncio actualizado el 1 de abril,0,1,1.0,0,0,,,planta 1ª exterior,0,0,84173612,1,0,Tazacorte,Urb. Centro Tazacorte," Calle Nueva s/n , Urb. Centro Tazacorte , Tazacorte , La Palma, Santa Cruz de Tenerife ",Calle Nueva s/n,"La Palma, Santa Cruz de Tenerife",93,83,2019-04-14,137000,0,3.0,0,0,1,False,False,True,False,False,False,False,False,False,False,False,False,False,False,False,False,False,False,False,False,False,False,False,False,False,False,False
Anuncio actualizado el 14 de marzo,0,0,1.0,0,0,,,,0,1,84205038,0,,Breña Alta,," , Breña Alta , La Palma, Santa Cruz de Tenerife ",,"La Palma, Santa Cruz de Tenerife",2000,160,2019-04-14,175000,0,3.0,0,0,1,False,False,True,False,False,False,False,False,False,False,False,False,False,False,False,False,False,False,False,False,False,False,False,False,False,False,False
Anuncio actualizado el 27 de marzo,0,1,2.0,0,0,,,planta 1ª exterior,1,0,84459429,1,0,El Paso,Avenida Islas Canarias s/n," Avenida Islas Canarias s/n , El Paso , La Palma, Santa Cruz de Tenerife ",,"La Palma, Santa Cruz de Tenerife",100,98,2019-04-14,95000,0,3.0,0,0,0,False,False,True,False,False,False,False,False,False,False,False,False,False,False,False,False,False,False,False,False,False,False,False,False,False,False,False
Anuncio actualizado el 20 de marzo,0,0,5.0,0,0,,,3 plantas,1,0,84497536,0,,Breña Baja,Urb. San Antonio," Urb. San Antonio , Breña Baja , La Palma, Santa Cruz de Tenerife ",,"La Palma, Santa Cruz de Tenerife",1435,,2019-04-14,630000,0,10.0,1,0,0,False,False,True,False,False,False,False,False,False,False,False,False,False,False,False,False,False,False,False,False,False,False,False,False,False,False,False
Anuncio actualizado el 1 de abril,1,0,3.0,0,0,,,1 planta,1,1,40522662,0,,El Paso,"Camino JUANA MORALES, 29"," Camino JUANA MORALES, 29 , El Paso , La Palma, Santa Cruz de Tenerife ",,"La Palma, Santa Cruz de Tenerife",766,136,2019-04-14,394999,1,3.0,1,1,1,False,False,True,False,False,False,False,False,False,False,False,False,False,False,False,False,False,False,False,False,False,False,False,False,False,False,True
Anuncio actualizado el 15 de marzo,0,1,2.0,1,0,,,1 planta,1,1,82111060,0,,Breña Alta,Carretera al Refugio s/n," Carretera al Refugio s/n , Breña Alta , La Palma, Santa Cruz de Tenerife ",,"La Palma, Santa Cruz de Tenerife",7000,98,2019-04-14,299999,0,2.0,1,0,1,False,False,True,False,False,False,False,False,False,False,False,False,False,False,False,False,False,False,False,False,False,False,False,True,False,False,False
Anuncio actualizado el 15 de marzo,0,1,1.0,0,0,1988,,2 plantas,0,0,83971077,11,,Santa Cruz de la Palma,Urb. San Telmo," navarra, 48 , Urb. San Telmo , Santa Cruz de la Palma , La Palma, Santa Cruz de Tenerife ","navarra, 48","La Palma, Santa Cruz de Tenerife",68,108,2019-04-14,119999,0,3.0,1,0,1,False,False,True,False,False,False,False,False,False,False,False,True,False,False,False,False,False,False,False,False,False,False,False,False,False,False,False
Anuncio actualizado el 11 de abril,0,0,1.0,0,0,,,,0,1,84679053,0,,Villa de Mazo,Urb. Malpaíses," Urb. Malpaíses , Villa de Mazo , La Palma, Santa Cruz de Tenerife ",,"La Palma, Santa Cruz de Tenerife",500,120,2019-04-14,63000,0,1.0,0,0,0,False,False,False,True,False,False,False,False,False,False,False,False,False,False,False,False,False,False,False,False,False,False,False,False,False,False,False
Anuncio actualizado el 25 de marzo,1,0,1.0,0,0,,,1 planta,1,1,84744102,0,,Los Llanos de Aridane,Urb. La Laguna," Urb. La Laguna , Los Llanos de Aridane , La Palma, Santa Cruz de Tenerife ",,"La Palma, Santa Cruz de Tenerife",1000,100,2019-04-14,369000,0,3.0,1,0,1,False,False,True,False,False,False,False,False,True,False,False,False,False,False,False,False,False,False,False,False,False,False,False,False,False,False,False
Anuncio actualizado el 25 de marzo,0,0,1.0,0,0,,,1 planta,0,1,84756021,0,,El Paso,Urb. Fatima," Urb. Fatima , El Paso , La Palma, Santa Cruz de Tenerife ",,"La Palma, Santa Cruz de Tenerife",582,,2019-04-14,333000,0,2.0,0,0,1,False,False,True,False,False,False,False,False,True,False,False,False,False,False,False,False,False,False,False,False,False,True,False,False,False,False,False
Anuncio actualizado el 30 de marzo,0,0,3.0,0,0,,,,0,1,84756213,0,,El Paso,Urb. Fatima," Urb. Fatima , El Paso , La Palma, Santa Cruz de Tenerife ",,"La Palma, Santa Cruz de Tenerife",3516,,2019-04-14,595000,0,5.0,0,1,1,False,False,True,False,False,False,False,False,True,False,False,False,False,False,False,False,False,False,False,False,False,False,False,False,False,False,True
Anuncio actualizado el 31 de marzo,0,0,2.0,0,0,,,,0,1,82750192,0,,Garafia,," , Garafia , La Palma, Santa Cruz de Tenerife ",,"La Palma, Santa Cruz de Tenerife",7000,,2019-04-14,270000,0,3.0,0,0,1,False,False,True,False,False,True,False,False,False,False,False,False,False,False,False,False,False,False,False,False,False,False,False,False,False,False,False
Anuncio actualizado el 3 de abril,1,0,3.0,1,0,,,,0,1,84909072,0,,El Paso,Urb. Tajuya," Urb. Tajuya , El Paso , La Palma, Santa Cruz de Tenerife ",,"La Palma, Santa Cruz de Tenerife",17000,180,2019-04-14,550000,0,2.0,0,0,1,False,False,True,False,False,False,False,False,False,False,False,False,False,False,False,False,False,False,False,False,False,False,False,False,False,False,False
Anuncio actualizado el 3 de abril,0,0,1.0,0,0,,,,0,1,84924250,0,,Breña Baja,Urb. San Antonio," Urb. San Antonio , Breña Baja , La Palma, Santa Cruz de Tenerife ",,"La Palma, Santa Cruz de Tenerife",2041,149,2019-04-14,379000,0,1.0,1,0,1,False,False,True,False,False,False,False,False,False,False,False,False,False,False,False,False,False,False,False,False,False,False,False,False,False,False,False
Anuncio actualizado el 22 de marzo,0,0,1.0,0,0,,inmueble exento,,0,1,82750121,3,,Fuencaliente de la Palma,," , Fuencaliente de la Palma , La Palma, Santa Cruz de Tenerife ",,"La Palma, Santa Cruz de Tenerife",1752,,2019-04-14,75000,0,1.0,0,0,0,False,False,True,False,False,False,False,False,False,False,False,False,False,False,False,False,False,False,False,False,False,False,False,True,False,False,False
Anuncio actualizado el 5 de abril,0,0,1.0,0,0,,,,0,1,84960533,0,,Fuencaliente de la Palma,," , Fuencaliente de la Palma , La Palma, Santa Cruz de Tenerife ",,"La Palma, Santa Cruz de Tenerife",3700,43,2019-04-14,190000,0,2.0,0,0,0,False,False,False,True,False,False,False,False,False,False,False,False,False,False,False,False,False,False,False,False,False,False,False,False,False,False,False
Anuncio actualizado el 2 de enero,0,0,2.0,0,0,1985,en trámite,,1,1,82955730,7,,Los Llanos de Aridane,," , Los Llanos de Aridane , La Palma, Santa Cruz de Tenerife ",,"La Palma, Santa Cruz de Tenerife",2433,189,2019-04-14,380000,0,4.0,1,0,0,False,False,True,False,False,False,False,False,False,False,False,False,False,False,False,False,False,False,False,False,False,False,False,False,False,False,False
Anuncio actualizado el 11 de abril,0,0,3.0,0,0,,en trámite,,1,1,84120125,7,,Breña Alta,," , Breña Alta , La Palma, Santa Cruz de Tenerife ",,"La Palma, Santa Cruz de Tenerife",250,220,2019-04-14,293000,0,7.0,1,0,1,False,False,True,False,False,False,False,False,False,False,False,False,False,False,False,False,False,False,False,False,False,False,False,False,False,False,False
Anuncio actualizado el 19 de marzo,0,0,3.0,0,0,,,,0,1,39926551,0,,Garafia,Urb. Los Franceses," Calle los Castros , Urb. Los Franceses , Garafia , La Palma, Santa Cruz de Tenerife ",Calle los Castros,"La Palma, Santa Cruz de Tenerife",2000,163,2019-04-14,255000,0,3.0,0,1,1,False,False,True,False,False,False,False,False,False,False,True,False,False,False,False,False,False,False,False,False,False,False,False,False,False,False,True
Anuncio actualizado el 5 de noviembre,0,0,3.0,0,0,,,2 plantas,0,0,39927283,0,,Santa Cruz de la Palma,Callejón Morales," Callejón Morales , Santa Cruz de la Palma , La Palma, Santa Cruz de Tenerife ",,"La Palma, Santa Cruz de Tenerife",157,,2019-04-14,260000,0,4.0,0,0,1,False,False,True,False,False,False,False,False,False,False,False,False,False,False,False,False,False,False,False,False,False,False,False,True,False,False,False
Anuncio actualizado el 20 de octubre,0,0,4.0,0,0,,,,1,1,39949811,0,,Breña Alta,Urb. La Grama," Calle de Casiopea , Urb. La Grama , Breña Alta , La Palma, Santa Cruz de Tenerife ",Calle de Casiopea,"La Palma, Santa Cruz de Tenerife",576,,2019-04-14,394000,0,5.0,0,0,1,False,False,True,False,False,False,False,False,False,False,False,False,False,False,False,False,False,False,False,False,False,False,False,False,False,False,False
Anuncio actualizado el 19 de octubre,0,0,1.0,0,0,,,1 planta,1,1,40082241,0,,Villa de Mazo,Urb. Tiguerorte," Tiguerorte , Urb. Tiguerorte , Villa de Mazo , La Palma, Santa Cruz de Tenerife ",Tiguerorte,"La Palma, Santa Cruz de Tenerife",2200,,2019-04-14,120000,0,3.0,0,0,0,False,False,False,True,False,False,False,False,False,False,False,False,False,False,False,False,False,False,False,False,False,False,False,False,False,False,False
Anuncio actualizado el 20 de octubre,0,0,1.0,0,0,,,1 planta,0,1,40150146,10,,Villa de Mazo,Urb. Malpaises de Arriba," Calle Malpaises , Urb. Malpaises de Arriba , Villa de Mazo , La Palma, Santa Cruz de Tenerife ",Calle Malpaises,"La Palma, Santa Cruz de Tenerife",7000,,2019-04-14,80000,0,3.0,0,0,0,False,False,False,True,False,False,False,False,False,False,False,False,False,False,False,False,False,False,False,False,False,False,False,False,False,False,False
Anuncio actualizado el 5 de diciembre,0,0,2.0,0,0,,,,1,1,82749855,0,,Breña Alta,Camino la Pavona," Camino la Pavona , Breña Alta , La Palma, Santa Cruz de Tenerife ",,"La Palma, Santa Cruz de Tenerife",762,,2019-04-14,175000,0,2.0,1,0,1,False,False,True,False,False,False,False,False,False,False,True,False,False,False,False,False,False,False,False,False,False,False,False,False,True,False,False
Anuncio actualizado el 18 de enero,0,0,3.0,0,0,,,,1,1,82749868,0,,Santa Cruz de la Palma,La Dehesa," La Dehesa , Santa Cruz de la Palma , La Palma, Santa Cruz de Tenerife ",,"La Palma, Santa Cruz de Tenerife",1650,,2019-04-14,380000,0,3.0,0,0,1,False,False,True,False,False,False,False,False,False,False,True,False,False,False,False,False,False,False,False,False,False,False,False,False,True,False,False
Anuncio actualizado el 18 de enero,0,0,1.0,0,0,,,,1,1,82750274,0,,Santa Cruz de la Palma,Lugar Juan Mayor," Lugar Juan Mayor , Santa Cruz de la Palma , La Palma, Santa Cruz de Tenerife ",,"La Palma, Santa Cruz de Tenerife",280,,2019-04-14,185000,0,3.0,0,0,1,False,False,True,False,False,False,False,False,False,False,True,True,False,False,False,False,False,False,False,False,False,False,False,False,False,False,False
Anuncio actualizado el 18 de febrero,0,0,2.0,0,0,,,planta 3ª exterior,0,0,82750172,5,1,Santa Cruz de la Palma,Avenida los Indianos," Avenida los Indianos , Santa Cruz de la Palma , La Palma, Santa Cruz de Tenerife ",,"La Palma, Santa Cruz de Tenerife",138,,2019-04-14,285000,0,2.0,0,0,1,False,False,True,False,False,False,False,False,False,False,True,True,False,False,False,False,False,False,False,False,False,False,False,False,False,False,False
Anuncio actualizado el 10 de diciembre,0,0,2.0,0,0,,,,0,0,82750076,12,,Santa Cruz de la Palma,Miguel Hernández," Miguel Hernández , Santa Cruz de la Palma , La Palma, Santa Cruz de Tenerife ",,"La Palma, Santa Cruz de Tenerife",128,,2019-04-14,200000,0,4.0,0,0,1,False,False,True,False,False,False,False,False,False,False,True,True,False,False,False,False,False,False,False,False,False,False,False,False,False,False,False
Anuncio actualizado el 5 de abril,0,0,1.0,0,0,,,,0,1,83487503,0,,Fuencaliente de la Palma,Carretera General Las Indias," Carretera General Las Indias , Fuencaliente de la Palma , La Palma, Santa Cruz de Tenerife ",,"La Palma, Santa Cruz de Tenerife",124,84,2019-04-14,130000,0,3.0,0,0,1,False,False,True,False,False,False,False,False,False,False,False,False,False,False,False,False,False,False,False,False,False,False,False,False,False,False,False
Anuncio actualizado el 8 de febrero,0,0,2.0,0,0,,,,1,1,83559314,0,,Breña Alta,Calle Adelfas," Calle Adelfas , Breña Alta , La Palma, Santa Cruz de Tenerife ",,"La Palma, Santa Cruz de Tenerife",950,160,2019-04-14,300000,0,2.0,0,0,1,False,False,True,False,False,False,False,False,False,False,False,False,False,False,False,False,False,False,False,False,False,False,False,False,False,False,False
Anuncio actualizado el 20 de octubre,0,0,2.0,0,0,,,1 planta,0,1,34910662,0,,Garafia,Urb. Garafía," Calle Don Pedro s/n , Urb. Garafía , Garafia , La Palma, Santa Cruz de Tenerife ",Calle Don Pedro s/n,"La Palma, Santa Cruz de Tenerife",1500,,2019-04-14,250000,0,3.0,1,1,1,False,False,True,False,False,False,False,False,False,False,False,False,False,False,False,False,False,False,False,False,False,False,False,False,False,False,False
Anuncio actualizado el 19 de octubre,0,0,2.0,0,0,,,planta 1ª exterior,1,0,37198868,1,1,Tazacorte,Urb. Villa de Tazacorte," Calle Pedro José Viña Díaz, 28 , Urb. Villa de Tazacorte , Tazacorte , La Palma, Santa Cruz de Tenerife ","Calle Pedro José Viña Díaz, 28","La Palma, Santa Cruz de Tenerife",107,,2019-04-14,125000,0,3.0,0,0,0,False,False,True,False,False,False,False,False,False,False,False,False,False,False,False,False,False,False,False,False,False,False,False,False,False,False,False
Anuncio actualizado el 20 de octubre,0,0,1.0,1,0,2008,,bajo exterior,0,0,40029623,1,1,Tazacorte,"Calle del Puerto, 6 E"," Calle del Puerto, 6 E , Tazacorte , La Palma, Santa Cruz de Tenerife ",,"La Palma, Santa Cruz de Tenerife",49,,2019-04-14,79000,1,1.0,0,1,0,False,False,True,False,False,False,False,False,False,False,False,False,False,False,False,False,False,False,False,False,False,False,False,True,False,False,False
Anuncio actualizado el 7 de enero,0,0,2.0,0,0,,,1 planta,0,1,40114428,0,,Breña Alta,Urb. San Pedro," Carretera la Cumbre s/n , Urb. San Pedro , Breña Alta , La Palma, Santa Cruz de Tenerife ",Carretera la Cumbre s/n,"La Palma, Santa Cruz de Tenerife",11000,,2019-04-14,230000,1,3.0,1,1,1,False,False,True,False,False,False,False,False,False,False,False,False,False,False,False,False,False,False,False,False,False,False,False,True,False,False,False
Anuncio actualizado el 20 de octubre,0,0,1.0,1,0,,,bajo exterior,0,0,40148377,1,1,Villa de Mazo,Urb. Centro," Ayuntamiento, 1 , Urb. Centro , Villa de Mazo , La Palma, Santa Cruz de Tenerife ","Ayuntamiento, 1","La Palma, Santa Cruz de Tenerife",45,,2019-04-14,60000,1,1.0,1,0,0,False,False,True,False,False,False,False,False,False,False,False,False,False,False,False,False,False,False,False,False,False,False,False,True,False,False,False
Anuncio actualizado el 8 de abril,0,1,1.0,0,0,,,planta 5ª exterior,0,0,40148903,5,0,Santa Cruz de la Palma,"Calle José López, 18"," Calle José López, 18 , Santa Cruz de la Palma , La Palma, Santa Cruz de Tenerife ",,"La Palma, Santa Cruz de Tenerife",64,52,2019-04-14,75999,0,2.0,0,0,1,False,False,True,False,False,False,False,False,False,False,False,False,False,False,False,False,False,False,False,False,False,False,False,True,False,False,False
Anuncio actualizado el 20 de octubre,0,0,1.0,0,0,,,1 planta,0,1,40149503,0,,Villa de Mazo,Urb. Zona de Mazo," Carretera General s/n , Urb. Zona de Mazo , Villa de Mazo , La Palma, Santa Cruz de Tenerife ",Carretera General s/n,"La Palma, Santa Cruz de Tenerife",1000,,2019-04-14,129000,1,1.0,0,0,1,False,False,True,False,False,False,False,False,False,False,False,False,False,False,False,False,False,False,False,False,False,False,False,True,False,False,False
Anuncio actualizado el 20 de octubre,0,0,2.0,1,0,,,planta 3ª exterior,0,0,40154714,5,1,Tazacorte,Urb. Pueblo de Tazacorte," Calle Pedro José Viña Díaz, 20 , Urb. Pueblo de Tazacorte , Tazacorte , La Palma, Santa Cruz de Tenerife ","Calle Pedro José Viña Díaz, 20","La Palma, Santa Cruz de Tenerife",100,93,2019-04-14,175000,1,3.0,0,0,1,False,False,True,False,False,False,False,False,False,False,False,False,False,False,False,False,False,False,False,False,False,False,False,False,False,False,True
Anuncio actualizado el 20 de octubre,0,0,1.0,0,0,1910,,1 planta,0,0,40159390,0,,Santa Cruz de la Palma,Urb. Parte Alta," Calle Molinos de Viento s/n , Urb. Parte Alta , Santa Cruz de la Palma , La Palma, Santa Cruz de Tenerife ",Calle Molinos de Viento s/n,"La Palma, Santa Cruz de Tenerife",100,,2019-04-14,115000,1,5.0,0,0,1,False,False,True,False,False,False,False,False,False,False,False,True,False,False,False,False,False,False,False,False,False,False,False,False,False,False,False
Anuncio actualizado el 20 de octubre,0,0,1.0,0,0,2008,,planta 2ª exterior,1,0,40204963,1,1,Tazacorte,Urb. Pueblo de Tazacorte," Calle Cronista Luís Sánchez Brito, 4 , Urb. Pueblo de Tazacorte , Tazacorte , La Palma, Santa Cruz de Tenerife ","Calle Cronista Luís Sánchez Brito, 4","La Palma, Santa Cruz de Tenerife",78,,2019-04-14,135000,1,2.0,1,0,1,False,False,True,False,False,False,False,False,False,False,False,False,False,False,False,False,False,False,False,False,False,True,False,False,False,False,False
Anuncio actualizado el 9 de febrero,0,0,1.0,0,0,,,1 planta,1,1,40222141,0,,Villa de Mazo,Urb. Callejones," Callejones s/n , Urb. Callejones , Villa de Mazo , La Palma, Santa Cruz de Tenerife ",Callejones s/n,"La Palma, Santa Cruz de Tenerife",1331,,2019-04-14,170000,0,2.0,0,0,1,False,False,True,False,False,False,False,False,False,False,False,True,False,False,False,False,False,False,False,False,False,False,False,False,False,False,False
Anuncio actualizado el 15 de noviembre,0,0,1.0,0,0,,,1 planta,0,1,40224211,0,,Puntallana,Urb. La Galga," La Galga s/n , Urb. La Galga , Puntallana , La Palma, Santa Cruz de Tenerife ",La Galga s/n,"La Palma, Santa Cruz de Tenerife",1200,,2019-04-14,90000,0,3.0,0,0,0,False,False,False,True,False,False,False,False,False,False,False,True,False,False,False,False,False,False,False,False,False,False,False,False,False,False,False
Anuncio actualizado el 15 de marzo,0,0,1.0,0,0,1950,,1 planta,1,1,40225015,0,,Breña Alta,San Isidro s/n," San Isidro s/n , Breña Alta , La Palma, Santa Cruz de Tenerife ",,"La Palma, Santa Cruz de Tenerife",1375,,2019-04-14,135000,0,4.0,0,1,1,False,False,True,False,False,False,False,False,False,False,False,False,False,False,False,False,False,False,False,False,False,False,False,False,True,False,False
Anuncio actualizado el 26 de diciembre,0,0,2.0,1,0,,,bajo exterior,0,1,40289242,1,1,Tazacorte,Urb. Residencial San Miguel," Calle Progreso, 22 , Urb. Residencial San Miguel , Tazacorte , La Palma, Santa Cruz de Tenerife ","Calle Progreso, 22","La Palma, Santa Cruz de Tenerife",132,62,2019-04-14,140000,1,3.0,0,1,1,False,False,True,False,False,False,False,False,False,False,False,False,False,False,False,False,False,False,False,False,False,False,False,True,False,False,False
Anuncio actualizado el 21 de marzo,0,0,1.0,0,0,1720,,1 planta,0,0,40335222,0,,Santa Cruz de la Palma,Urb. Casco histórico," Calle Baltasar Martin, 54 , Urb. Casco histórico , Santa Cruz de la Palma , La Palma, Santa Cruz de Tenerife ","Calle Baltasar Martin, 54","La Palma, Santa Cruz de Tenerife",60,,2019-04-14,63000,0,1.0,0,0,0,False,False,False,True,False,False,False,False,False,False,False,True,False,False,False,False,False,False,False,False,False,False,False,False,False,False,False
Anuncio actualizado el 20 de octubre,0,0,2.0,0,0,,,1 planta,0,1,40427735,0,,Villa de Mazo,Malpaises s/n," Malpaises s/n , Villa de Mazo , La Palma, Santa Cruz de Tenerife ",,"La Palma, Santa Cruz de Tenerife",2266,,2019-04-14,250000,1,5.0,0,0,1,False,False,False,True,False,False,False,False,False,False,False,False,False,False,False,False,False,False,False,False,False,False,False,False,True,False,False
Anuncio actualizado el 1 de abril,0,0,3.0,0,0,,,1 planta,1,1,40521963,0,,Breña Baja,"la polvacera, 261"," la polvacera, 261 , Breña Baja , La Palma, Santa Cruz de Tenerife ",,"La Palma, Santa Cruz de Tenerife",678,165,2019-04-14,159999,1,4.0,1,0,1,False,False,True,False,False,False,False,False,False,False,False,False,False,False,False,False,False,False,False,False,False,False,False,False,True,False,False
Anuncio actualizado el 22 de marzo,0,0,1.0,0,0,,,1 planta,1,1,40549583,0,,Breña Alta,Camino el molino s/n," Camino el molino s/n , Breña Alta , La Palma, Santa Cruz de Tenerife ",,"La Palma, Santa Cruz de Tenerife",700,,2019-04-14,231000,1,2.0,0,1,1,False,False,True,False,False,False,False,False,False,False,True,False,False,False,False,False,False,False,False,False,False,False,False,False,True,False,False
Anuncio actualizado el 25 de enero,0,0,1.0,0,0,,,2 plantas,0,1,81212127,0,,Puntallana,La Galga s/n," La Galga s/n , Puntallana , La Palma, Santa Cruz de Tenerife ",,"La Palma, Santa Cruz de Tenerife",400,42,2019-04-14,50000,0,1.0,0,0,0,False,False,False,True,False,False,False,False,False,False,False,False,False,False,False,False,False,False,False,False,False,False,False,False,True,False,False
Anuncio actualizado el 20 de octubre,0,0,1.0,1,0,,,planta 1ª exterior,1,0,81212237,1,1,Breña Baja,san antonio s/n," san antonio s/n , Breña Baja , La Palma, Santa Cruz de Tenerife ",,"La Palma, Santa Cruz de Tenerife",84,,2019-04-14,129000,1,2.0,1,0,0,False,False,True,False,False,False,False,False,False,False,False,False,False,False,False,False,False,False,False,False,False,False,False,False,True,False,False
Anuncio actualizado el 20 de octubre,0,0,2.0,0,0,,,planta 1ª exterior,1,0,81260570,1,0,Santa Cruz de la Palma,Urb. Nisamar," Carretera mirca s/n , Urb. Nisamar , Santa Cruz de la Palma , La Palma, Santa Cruz de Tenerife ",Carretera mirca s/n,"La Palma, Santa Cruz de Tenerife",100,,2019-04-14,130000,1,3.0,1,0,1,False,False,True,False,False,False,False,False,False,False,False,False,False,False,True,False,False,False,False,False,False,False,False,False,False,False,False
Anuncio actualizado el 25 de enero,0,0,3.0,0,0,,,2 plantas,0,0,81281526,0,,Breña Baja,san antonio s/n," san antonio s/n , Breña Baja , La Palma, Santa Cruz de Tenerife ",,"La Palma, Santa Cruz de Tenerife",490,,2019-04-14,335000,0,5.0,0,0,1,False,False,True,False,False,False,False,False,False,False,False,False,False,False,False,False,False,False,False,False,False,False,False,False,True,False,False
Anuncio actualizado el 20 de octubre,0,0,2.0,0,0,,,2 plantas,0,0,35514625,0,,Tazacorte,Urb. Casco Villa de Tazacorte," Calle Poeta Viera s/n , Urb. Casco Villa de Tazacorte , Tazacorte , La Palma, Santa Cruz de Tenerife ",Calle Poeta Viera s/n,"La Palma, Santa Cruz de Tenerife",60,,2019-04-14,155000,0,2.0,0,0,1,False,False,True,False,False,False,False,False,False,False,False,False,False,False,False,False,False,False,False,False,False,False,False,False,False,False,True
Anuncio actualizado el 25 de enero,0,0,2.0,0,0,,,planta 2ª exterior,1,0,81619028,1,1,Breña Alta,Urb. San Pedro," Leoncio Afonso s/n , Urb. San Pedro , Breña Alta , La Palma, Santa Cruz de Tenerife ",Leoncio Afonso s/n,"La Palma, Santa Cruz de Tenerife",88,,2019-04-14,137000,1,3.0,1,0,1,False,False,True,False,False,False,False,False,False,False,False,False,False,False,False,False,False,False,False,False,False,False,False,False,True,False,False
Anuncio actualizado el 27 de marzo,0,0,1.0,0,0,,,1 planta,1,1,81750260,0,,Breña Alta,Urb. San Pedro," el hierro s/n , Urb. San Pedro , Breña Alta , La Palma, Santa Cruz de Tenerife ",el hierro s/n,"La Palma, Santa Cruz de Tenerife",620,152,2019-04-14,120000,0,4.0,0,0,1,False,False,False,True,False,False,False,False,False,False,False,False,False,False,False,False,False,False,False,False,False,False,False,False,True,False,False
Anuncio actualizado el 26 de febrero,0,0,1.0,0,0,,inmueble exento,1 planta,0,1,81785736,0,,Villa de Mazo,Malpaises s/n," Malpaises s/n , Villa de Mazo , La Palma, Santa Cruz de Tenerife ",,"La Palma, Santa Cruz de Tenerife",6500,,2019-04-14,80000,0,1.0,0,0,0,False,False,False,True,False,False,False,False,False,False,False,False,False,False,False,False,False,False,False,False,False,False,False,False,True,False,False
Anuncio actualizado el 7 de febrero,0,1,2.0,1,0,,,planta 1ª exterior,0,0,81788777,1,1,Los Llanos de Aridane,Calle Pedro Poggio s/n," Calle Pedro Poggio s/n , Los Llanos de Aridane , La Palma, Santa Cruz de Tenerife ",,"La Palma, Santa Cruz de Tenerife",95,90,2019-04-14,125000,0,3.0,0,0,0,False,False,True,False,False,False,False,False,False,False,True,False,False,False,False,False,False,False,False,False,False,False,False,False,False,False,True
Anuncio actualizado el 27 de marzo,0,0,1.0,1,0,2007,,planta 1ª exterior,0,0,81911373,1,1,Tazacorte,Urb. Plaza San Miguel," Calle Ocho de Marzo s/n , Urb. Plaza San Miguel , Tazacorte , La Palma, Santa Cruz de Tenerife ",Calle Ocho de Marzo s/n,"La Palma, Santa Cruz de Tenerife",60,57,2019-04-14,90000,1,1.0,0,0,0,False,False,True,False,False,False,False,False,False,False,True,False,False,False,False,False,False,False,False,False,False,False,False,False,False,False,True
Anuncio actualizado el 25 de enero,0,0,2.0,0,0,,,2 plantas,0,0,35473248,0,,Tazacorte,Urb. Casco historico," Calle Díaz Pimienta, 6 , Urb. Casco historico , Tazacorte , La Palma, Santa Cruz de Tenerife ","Calle Díaz Pimienta, 6","La Palma, Santa Cruz de Tenerife",110,213,2019-04-14,220000,0,3.0,0,0,1,False,False,True,False,False,False,False,False,False,False,True,False,False,False,False,False,False,False,False,False,False,True,False,False,False,False,False
Anuncio actualizado el 26 de febrero,0,0,2.0,0,0,,,2 plantas,0,1,82110213,0,,Garafia,Urb. Hoya Grande," Hoya Grande s/n , Urb. Hoya Grande , Garafia , La Palma, Santa Cruz de Tenerife ",Hoya Grande s/n,"La Palma, Santa Cruz de Tenerife",6952,140,2019-04-14,179000,0,3.0,0,0,1,False,False,True,False,False,False,False,False,False,False,True,False,False,False,False,False,False,False,False,False,False,False,False,True,False,False,False
Anuncio actualizado el 2 de diciembre,0,0,3.0,0,0,1960,,2 plantas,0,0,82112539,0,,Tazacorte,Urb. Casco Urbano," Calle Caballos Fufos, Tazacorte s/n , Urb. Casco Urbano , Tazacorte , La Palma, Santa Cruz de Tenerife ","Calle Caballos Fufos, Tazacorte s/n","La Palma, Santa Cruz de Tenerife",406,,2019-04-14,360000,0,9.0,0,0,1,False,False,False,True,False,False,False,False,False,False,True,False,False,False,False,False,False,False,False,False,False,False,False,False,False,False,True
Anuncio actualizado el 25 de enero,0,0,1.0,0,0,,,2 plantas,0,1,82112872,0,,Garafia,Los Caboquitos s/n," Los Caboquitos s/n , Garafia , La Palma, Santa Cruz de Tenerife ",,"La Palma, Santa Cruz de Tenerife",4370,70,2019-04-14,230000,0,1.0,0,0,1,False,False,True,False,False,False,False,False,False,False,True,False,False,False,False,False,False,False,False,False,False,True,False,False,False,False,False
Anuncio actualizado el 14 de marzo,0,0,1.0,1,0,2010,,bajo exterior,0,0,82121590,1,1,Tazacorte,Urb. Residencial San Miguel," Calle progreso, 24 , Urb. Residencial San Miguel , Tazacorte , La Palma, Santa Cruz de Tenerife ","Calle progreso, 24","La Palma, Santa Cruz de Tenerife",58,51,2019-04-14,85000,1,2.0,0,1,0,False,False,True,False,False,False,False,False,False,False,True,True,False,False,False,False,False,False,False,False,False,False,False,False,False,False,False
Anuncio actualizado el 25 de enero,0,0,2.0,0,0,,,planta 1ª exterior,0,0,82266628,1,0,Villa de Mazo,"Carretera General, 7"," Carretera General, 7 , Villa de Mazo , La Palma, Santa Cruz de Tenerife ",,"La Palma, Santa Cruz de Tenerife",107,105,2019-04-14,118000,1,3.0,0,0,0,False,False,True,False,False,False,False,False,False,False,True,False,False,False,False,False,False,False,False,False,False,False,False,True,False,False,False
Anuncio actualizado el 25 de enero,0,0,1.0,1,0,,,planta 1ª exterior,0,0,82359662,1,0,Breña Baja,Urb. Finca Amado Dos," finca amado 2 s/n , Urb. Finca Amado Dos , Breña Baja , La Palma, Santa Cruz de Tenerife ",finca amado 2 s/n,"La Palma, Santa Cruz de Tenerife",60,55,2019-04-14,84000,1,1.0,0,1,1,False,False,True,False,False,False,False,False,False,False,True,False,False,False,False,False,False,False,False,False,False,False,False,False,True,False,False
Anuncio actualizado el 30 de enero,0,0,2.0,0,0,,,1 planta,0,1,82369669,0,,Villa de Mazo,Urb. Callejones," Callejones, Villa de Mazo s/n , Urb. Callejones , Villa de Mazo , La Palma, Santa Cruz de Tenerife ","Callejones, Villa de Mazo s/n","La Palma, Santa Cruz de Tenerife",2658,128,2019-04-14,220000,0,3.0,0,0,1,False,False,True,False,False,False,False,False,False,False,True,False,False,False,False,False,False,False,False,False,False,False,False,False,True,False,False
Anuncio actualizado el 26 de febrero,0,0,1.0,1,0,,,planta 1ª exterior,0,0,82369860,1,0,Breña Baja,el zumacal s/n," el zumacal s/n , Breña Baja , La Palma, Santa Cruz de Tenerife ",,"La Palma, Santa Cruz de Tenerife",82,46,2019-04-14,91000,1,1.0,0,1,1,False,False,True,False,False,False,False,False,False,False,True,False,False,False,False,False,False,False,False,False,False,False,False,False,True,False,False
Anuncio actualizado el 25 de enero,0,0,1.0,0,0,,,2 plantas,0,1,82390012,0,,Villa de Mazo,Calle Malpaises s/n," Calle Malpaises s/n , Villa de Mazo , La Palma, Santa Cruz de Tenerife ",,"La Palma, Santa Cruz de Tenerife",8700,274,2019-04-14,170000,0,5.0,0,0,1,False,False,True,False,False,False,False,False,False,False,False,False,False,False,False,False,False,False,False,False,False,False,False,False,False,False,False
Anuncio actualizado el 25 de enero,0,0,2.0,0,0,,,2 plantas,1,1,82408290,0,,Los Llanos de Aridane,Camino Dos Pinos s/n," Camino Dos Pinos s/n , Los Llanos de Aridane , La Palma, Santa Cruz de Tenerife ",,"La Palma, Santa Cruz de Tenerife",1148,170,2019-04-14,199000,0,4.0,0,0,1,False,False,True,False,False,False,False,False,False,False,False,False,False,False,False,False,False,False,False,False,False,False,False,False,False,False,False
Anuncio actualizado el 19 de octubre,0,0,2.0,0,0,,,planta 4ª exterior,0,0,82472844,1,0,Santa Cruz de la Palma,Calle El Pilar s/n," Calle El Pilar s/n , Santa Cruz de la Palma , La Palma, Santa Cruz de Tenerife ",,"La Palma, Santa Cruz de Tenerife",88,,2019-04-14,80000,0,3.0,0,0,1,False,False,False,True,False,False,False,False,False,False,True,False,False,False,False,False,False,False,False,False,False,False,False,False,True,False,False
Anuncio actualizado el 25 de enero,0,0,1.0,0,0,,,planta 2ª exterior,0,0,82476169,1,0,Santa Cruz de la Palma,Calle navarra s/n," Calle navarra s/n , Santa Cruz de la Palma , La Palma, Santa Cruz de Tenerife ",,"La Palma, Santa Cruz de Tenerife",70,67,2019-04-14,94500,0,3.0,0,0,0,False,False,True,False,False,False,False,False,False,False,True,False,False,False,False,False,False,False,False,False,False,False,False,False,True,False,False
Anuncio actualizado el 25 de enero,0,0,1.0,0,0,,,,0,1,82481471,0,,Tijarafe,LP-1 s/n," LP-1 s/n , Tijarafe , La Palma, Santa Cruz de Tenerife ",,"La Palma, Santa Cruz de Tenerife",1500,69,2019-04-14,280000,0,2.0,0,0,1,False,False,True,False,False,False,False,False,False,False,False,False,False,False,False,False,False,False,False,False,False,False,False,False,False,False,False
Anuncio actualizado el 7 de febrero,0,1,1.0,1,0,,,planta 1ª exterior,1,0,82646974,1,1,Santa Cruz de la Palma,Urb. Los Molinos," Avenida El Puente, 66 , Urb. Los Molinos , Santa Cruz de la Palma , La Palma, Santa Cruz de Tenerife ","Avenida El Puente, 66","La Palma, Santa Cruz de Tenerife",75,,2019-04-14,132000,0,2.0,0,0,0,False,False,True,False,False,False,False,False,False,False,True,False,False,False,True,False,False,False,False,False,False,False,False,False,False,False,False
Anuncio actualizado el 25 de enero,0,0,2.0,0,0,,,,0,1,82750073,0,,El Paso,Calle Tamanca s/n," Calle Tamanca s/n , El Paso , La Palma, Santa Cruz de Tenerife ",,"La Palma, Santa Cruz de Tenerife",900,,2019-04-14,280000,0,3.0,0,1,1,False,False,True,False,False,False,False,False,False,False,True,False,False,False,False,False,False,False,False,False,False,False,False,False,False,False,True
Anuncio actualizado el 1 de abril,0,0,3.0,0,0,,,,0,1,82750181,0,,Breña Alta,Calle la Cuesta s/n," Calle la Cuesta s/n , Breña Alta , La Palma, Santa Cruz de Tenerife ",,"La Palma, Santa Cruz de Tenerife",5459,,2019-04-14,390000,0,5.0,0,1,1,False,False,True,False,False,False,False,False,False,False,False,False,False,False,False,False,False,False,False,False,False,False,False,False,False,False,False
Anuncio actualizado el 16 de marzo,0,0,1.0,1,0,2010,,bajo exterior,1,0,40251973,1,1,Tazacorte,Urb. Residencial San Miguel," Progreso, 24 , Urb. Residencial San Miguel , Tazacorte , La Palma, Santa Cruz de Tenerife ","Progreso, 24","La Palma, Santa Cruz de Tenerife",73,65,2019-04-14,120000,1,3.0,0,1,1,False,False,True,False,False,False,False,False,False,False,False,False,False,False,False,False,False,False,False,False,False,True,False,False,False,False,False
Anuncio actualizado el 27 de marzo,0,0,2.0,0,0,,,2 plantas,0,1,82890628,0,,Los Llanos de Aridane,Triana s/n," Triana s/n , Los Llanos de Aridane , La Palma, Santa Cruz de Tenerife ",,"La Palma, Santa Cruz de Tenerife",1064,,2019-04-14,210000,0,3.0,0,0,1,False,False,False,True,False,False,False,False,False,False,True,False,False,False,False,False,False,False,False,False,False,False,False,False,False,False,True
Anuncio actualizado el 27 de marzo,0,0,4.0,1,0,,,2 plantas,1,1,82931698,0,,Breña Alta,Urb. La Grama," Cassiopea, 103 , Urb. La Grama , Breña Alta , La Palma, Santa Cruz de Tenerife ","Cassiopea, 103","La Palma, Santa Cruz de Tenerife",536,,2019-04-14,420000,0,6.0,0,1,1,False,False,True,False,False,False,False,False,False,False,True,True,False,False,False,False,False,False,False,False,False,False,False,False,False,False,False
Anuncio actualizado el 27 de marzo,0,0,1.0,0,0,,,1 planta,0,0,82933012,0,,Villa de Mazo,Urb. Playa," La Salemera s/n , Urb. Playa , Villa de Mazo , La Palma, Santa Cruz de Tenerife ",La Salemera s/n,"La Palma, Santa Cruz de Tenerife",124,,2019-04-14,70000,0,2.0,0,0,1,False,False,True,False,False,False,False,False,False,False,True,True,False,False,False,False,False,False,False,False,False,False,False,False,False,False,False
Anuncio actualizado el 30 de enero,0,0,2.0,1,0,,,planta 1ª exterior,0,0,82934736,1,1,Santa Cruz de la Palma,Urb. Plaza Alameda," Calle Alberto José fernandez García s/n , Urb. Plaza Alameda , Santa Cruz de la Palma , La Palma, Santa Cruz de Tenerife ",Calle Alberto José fernandez García s/n,"La Palma, Santa Cruz de Tenerife",135,130,2019-04-14,217000,0,3.0,1,0,1,False,False,True,False,False,False,False,False,False,False,False,False,False,False,False,False,False,False,False,False,False,False,False,False,False,False,False
Anuncio actualizado el 30 de enero,0,0,3.0,1,0,,,,0,0,82970437,11,,Breña Baja,Urb. Finca Amado," Calle Finca Amado s/n , Urb. Finca Amado , Breña Baja , La Palma, Santa Cruz de Tenerife ",Calle Finca Amado s/n,"La Palma, Santa Cruz de Tenerife",176,126,2019-04-14,210000,0,3.0,0,1,1,False,False,True,False,False,False,False,False,False,False,False,False,False,False,False,False,False,False,False,False,False,False,False,False,False,False,False
Anuncio actualizado el 26 de febrero,0,0,2.0,0,0,,,,1,1,82981241,0,,Villa de Mazo,Urb. Malpaíses," Malpaíses abajo s/n , Urb. Malpaíses , Villa de Mazo , La Palma, Santa Cruz de Tenerife ",Malpaíses abajo s/n,"La Palma, Santa Cruz de Tenerife",2000,100,2019-04-14,136500,0,4.0,0,0,1,False,False,True,False,False,False,False,False,False,False,False,False,False,False,False,False,False,False,False,False,False,False,False,False,False,False,False
Anuncio actualizado el 30 de enero,1,1,2.0,0,0,,,planta 3ª exterior,0,0,82982776,1,1,Los Llanos de Aridane,Urb. Enrique Mederos," Avenida Enrique Mederos, 93 , Urb. Enrique Mederos , Los Llanos de Aridane , La Palma, Santa Cruz de Tenerife ","Avenida Enrique Mederos, 93","La Palma, Santa Cruz de Tenerife",116,101,2019-04-14,168000,0,3.0,0,0,0,False,False,True,False,False,False,False,False,False,False,False,False,False,False,False,False,False,False,False,False,False,False,False,False,False,False,False
Anuncio actualizado el 17 de noviembre,0,0,2.0,0,0,,,2 plantas,0,0,83179902,0,,Los Llanos de Aridane,Urb. La Laguna," Carretera a Puerto Naos s/n , Urb. La Laguna , Los Llanos de Aridane , La Palma, Santa Cruz de Tenerife ",Carretera a Puerto Naos s/n,"La Palma, Santa Cruz de Tenerife",227,,2019-04-14,200000,0,5.0,0,0,1,False,False,True,False,False,False,False,False,False,False,True,False,False,False,False,False,False,False,False,False,False,False,False,False,True,False,False
Anuncio actualizado el 1 de abril,0,0,2.0,0,0,,,planta 1ª exterior,1,1,83290782,1,0,Tazacorte,Urb. Centro Tazacorte," Avenida Felipe Lorenzo, Tazacorte s/n , Urb. Centro Tazacorte , Tazacorte , La Palma, Santa Cruz de Tenerife ","Avenida Felipe Lorenzo, Tazacorte s/n","La Palma, Santa Cruz de Tenerife",99,83,2019-04-14,110000,0,3.0,0,0,1,False,False,False,True,False,False,False,False,False,False,False,False,False,False,False,False,False,False,False,False,False,False,False,False,False,False,False
Anuncio actualizado el 9 de febrero,0,0,2.0,0,0,,,,0,0,83348094,0,,Santa Cruz de la Palma,Calle San Telmo s/n," Calle San Telmo s/n , Santa Cruz de la Palma , La Palma, Santa Cruz de Tenerife ",,"La Palma, Santa Cruz de Tenerife",330,,2019-04-14,345000,0,8.0,0,0,0,False,False,False,True,False,False,False,False,False,False,False,False,False,False,False,False,False,False,False,False,False,False,False,False,False,False,False
Anuncio actualizado el 6 de febrero,0,0,3.0,0,0,,,1 planta,0,1,83411127,0,,Puntagorda,"Camino las Fayeras, Puntagorda s/n"," Camino las Fayeras, Puntagorda s/n , Puntagorda , La Palma, Santa Cruz de Tenerife ",,"La Palma, Santa Cruz de Tenerife",2000,,2019-04-14,430000,0,4.0,0,0,1,False,False,True,False,False,False,False,False,False,False,False,False,False,False,False,False,False,False,False,False,False,True,False,False,False,False,False
Anuncio actualizado el 1 de abril,0,0,2.0,1,0,,,,0,1,83468451,0,,Villa de Mazo,Urb. Tigalate," Tigalate s/n , Urb. Tigalate , Villa de Mazo , La Palma, Santa Cruz de Tenerife ",Tigalate s/n,"La Palma, Santa Cruz de Tenerife",7347,207,2019-04-14,315000,0,3.0,0,0,1,False,False,True,False,False,False,False,False,False,False,False,False,False,False,False,False,False,False,False,False,False,False,False,False,False,False,False
Anuncio actualizado el 1 de abril,0,0,1.0,0,0,,,,0,1,83486690,0,,Breña Baja,Urb. Montaña de La Breña," Montaña La Breña s/n , Urb. Montaña de La Breña , Breña Baja , La Palma, Santa Cruz de Tenerife ",Montaña La Breña s/n,"La Palma, Santa Cruz de Tenerife",3000,90,2019-04-14,150000,0,4.0,0,0,1,False,False,False,True,False,False,False,False,False,False,False,False,False,False,False,False,False,False,False,False,False,False,False,False,False,False,False
Anuncio actualizado el 7 de febrero,0,0,1.0,0,0,,,,0,1,83488145,0,,Puntallana,"Calle la Lomadita, Puntallana s/n"," Calle la Lomadita, Puntallana s/n , Puntallana , La Palma, Santa Cruz de Tenerife ",,"La Palma, Santa Cruz de Tenerife",1950,117,2019-04-14,160000,0,1.0,0,0,0,False,False,False,True,False,False,False,False,False,False,False,False,False,False,False,False,False,False,False,False,False,False,False,False,False,False,False
Anuncio actualizado el 14 de enero,0,1,1.0,0,0,,,planta 1ª exterior,0,0,83488721,1,0,Barlovento,Urb. En el centro del pueblo," Travesía Casco Urbano s/n , Urb. En el centro del pueblo , Barlovento , La Palma, Santa Cruz de Tenerife ",Travesía Casco Urbano s/n,"La Palma, Santa Cruz de Tenerife",85,75,2019-04-14,85000,1,3.0,0,0,0,False,False,True,False,False,False,False,False,False,False,True,False,False,False,False,False,False,False,False,False,False,False,False,False,True,False,False
Anuncio actualizado el 7 de febrero,0,0,2.0,0,0,,,2 plantas,0,0,83500262,11,,Breña Alta,Urb. Valle de Luna," Calle Miguel Hernández s/n , Urb. Valle de Luna , Breña Alta , La Palma, Santa Cruz de Tenerife ",Calle Miguel Hernández s/n,"La Palma, Santa Cruz de Tenerife",242,106,2019-04-14,189000,0,4.0,0,0,1,False,False,True,False,False,False,False,False,False,False,True,True,False,False,False,False,False,False,False,False,False,False,False,False,False,False,False
Anuncio actualizado el 31 de marzo,0,0,1.0,0,0,,,,1,1,83589052,0,,Breña Alta,Carretera San Isidro s/n," Carretera San Isidro s/n , Breña Alta , La Palma, Santa Cruz de Tenerife ",,"La Palma, Santa Cruz de Tenerife",886,122,2019-04-14,150000,0,3.0,0,0,1,False,False,True,False,False,False,False,False,False,False,False,False,False,False,False,False,False,False,False,False,False,False,False,False,False,False,False
Anuncio actualizado el 1 de abril,0,0,1.0,1,0,,,bajo exterior,1,0,83633893,1,1,Tazacorte,Calle Felipe Lorenzo s/n," Calle Felipe Lorenzo s/n , Tazacorte , La Palma, Santa Cruz de Tenerife ",,"La Palma, Santa Cruz de Tenerife",97,87,2019-04-14,140000,0,3.0,0,0,0,False,False,True,False,False,False,False,False,False,False,False,False,False,False,False,False,False,False,False,False,False,False,False,False,False,False,False
Anuncio actualizado el 21 de diciembre,0,0,1.0,0,0,,,planta 2ª exterior,0,0,83658823,1,0,Los Llanos de Aridane,Urb. Puerto Naos," Mauricio Duque Camacho s/n , Urb. Puerto Naos , Los Llanos de Aridane , La Palma, Santa Cruz de Tenerife ",Mauricio Duque Camacho s/n,"La Palma, Santa Cruz de Tenerife",80,78,2019-04-14,180000,0,2.0,0,0,1,False,False,True,False,False,False,False,False,False,False,False,False,False,False,False,False,False,False,False,False,False,False,False,False,False,False,False
Anuncio actualizado el 21 de diciembre,0,0,1.0,0,0,,,planta 2ª exterior,0,0,83658940,1,0,Los Llanos de Aridane,Urb. Puerto Naos," Calle Mauricio Duque Camacho s/n , Urb. Puerto Naos , Los Llanos de Aridane , La Palma, Santa Cruz de Tenerife ",Calle Mauricio Duque Camacho s/n,"La Palma, Santa Cruz de Tenerife",80,78,2019-04-14,180000,0,3.0,0,0,1,False,False,True,False,False,False,False,False,False,False,False,False,False,False,False,False,False,False,False,False,False,False,False,False,False,False,False
Anuncio actualizado el 1 de abril,0,0,6.0,0,0,1800,,,1,1,83911045,0,,Breña Alta,curva botazo s/n," curva botazo s/n , Breña Alta , La Palma, Santa Cruz de Tenerife ",,"La Palma, Santa Cruz de Tenerife",160000,,2019-04-14,2950000,0,6.0,0,0,1,False,False,True,False,False,False,False,False,False,False,False,False,False,False,False,False,False,False,False,False,False,False,False,False,False,False,False
Anuncio actualizado el 1 de abril,0,0,2.0,0,0,,,planta 3ª exterior,0,0,84032860,5,0,Los Llanos de Aridane,Urb. La Carrilla," Calle Cristo s/n , Urb. La Carrilla , Los Llanos de Aridane , La Palma, Santa Cruz de Tenerife ",Calle Cristo s/n,"La Palma, Santa Cruz de Tenerife",102,75,2019-04-14,159000,0,2.0,0,0,1,False,False,True,False,False,False,False,False,False,False,False,False,False,False,False,False,False,False,False,False,False,False,False,False,False,False,False
Anuncio actualizado el 14 de marzo,0,0,1.0,0,0,,,,0,1,84085083,0,,Villa de Mazo,Urb. Lomo oscuro," Lomo oscuro s/n , Urb. Lomo oscuro , Villa de Mazo , La Palma, Santa Cruz de Tenerife ",Lomo oscuro s/n,"La Palma, Santa Cruz de Tenerife",1197,134,2019-04-14,160000,0,3.0,0,0,1,False,False,True,False,False,False,False,False,False,False,False,False,False,False,False,False,False,False,False,False,False,False,False,False,False,False,False
Anuncio actualizado el 13 de abril,0,0,1.0,0,0,,,,0,0,84116687,0,,Santa Cruz de la Palma,Calle Anselmo Pérez de Brito s/n," Calle Anselmo Pérez de Brito s/n , Santa Cruz de la Palma , La Palma, Santa Cruz de Tenerife ",,"La Palma, Santa Cruz de Tenerife",391,381,2019-04-14,400000,0,10.0,0,0,0,False,False,False,True,False,False,False,False,False,False,False,False,False,False,False,False,False,False,False,False,False,False,False,False,False,False,False
Anuncio actualizado el 28 de febrero,0,0,2.0,1,0,,,planta 2ª exterior,1,0,84155303,1,1,Santa Cruz de la Palma,Urb. Residencial Los Molinos," Avenida El Puente s/n , Urb. Residencial Los Molinos , Santa Cruz de la Palma , La Palma, Santa Cruz de Tenerife ",Avenida El Puente s/n,"La Palma, Santa Cruz de Tenerife",135,115,2019-04-14,210000,0,4.0,0,0,1,False,False,True,False,False,False,False,False,False,False,False,False,False,False,False,False,False,False,False,False,False,False,False,False,False,False,False
Anuncio actualizado el 13 de febrero,0,1,2.0,0,0,,,planta 1ª exterior,0,0,84267571,1,1,Los Llanos de Aridane,Avenida Enrique Mederos s/n," Avenida Enrique Mederos s/n , Los Llanos de Aridane , La Palma, Santa Cruz de Tenerife ",,"La Palma, Santa Cruz de Tenerife",106,96,2019-04-14,137000,0,3.0,0,0,0,False,False,True,False,False,False,False,False,False,False,False,False,False,False,False,False,False,False,False,False,False,False,False,False,False,False,False
Anuncio actualizado el 18 de febrero,0,0,1.0,0,0,,,,1,1,39880429,0,,Los Llanos de Aridane,Urb. La Laguna," Camino Cruz Chica s/n , Urb. La Laguna , Los Llanos de Aridane , La Palma, Santa Cruz de Tenerife ",Camino Cruz Chica s/n,"La Palma, Santa Cruz de Tenerife",1800,,2019-04-14,310000,0,3.0,0,0,1,False,False,True,False,False,False,False,False,False,False,True,False,False,False,False,False,False,False,False,False,False,False,False,False,False,False,False
Anuncio actualizado el 1 de abril,0,0,2.0,0,0,,,planta 1ª exterior,0,0,84301231,5,0,Santa Cruz de la Palma,Carretera Timibúcar s/n," Carretera Timibúcar s/n , Santa Cruz de la Palma , La Palma, Santa Cruz de Tenerife ",,"La Palma, Santa Cruz de Tenerife",149,139,2019-04-14,220000,0,4.0,0,0,1,False,False,True,False,False,False,False,False,False,False,False,False,False,False,False,False,False,False,False,False,False,False,False,False,False,False,False
Anuncio actualizado el 1 de abril,0,0,1.0,1,0,,,planta 1ª exterior,0,0,84558328,1,1,Tazacorte,Urb. Residencial La Palmita," Calle Primero de Mayo s/n , Urb. Residencial La Palmita , Tazacorte , La Palma, Santa Cruz de Tenerife ",Calle Primero de Mayo s/n,"La Palma, Santa Cruz de Tenerife",60,52,2019-04-14,125000,0,2.0,0,1,0,False,False,True,False,False,False,False,False,False,False,False,False,False,False,False,False,False,False,False,False,False,False,False,False,False,False,False
Anuncio actualizado el 7 de abril,0,0,1.0,0,0,,,2 plantas,0,1,84973407,11,,San Andrés y Sauces,Urb. avenida los sauces 14," Calle Abraham Martín 64, 64 , Urb. avenida los sauces 14 , San Andrés y Sauces , La Palma, Santa Cruz de Tenerife ","Calle Abraham Martín 64, 64","La Palma, Santa Cruz de Tenerife",225,142,2019-04-14,139999,0,4.0,1,0,0,False,False,False,True,False,False,False,False,False,False,False,False,False,False,True,False,False,False,False,False,False,False,False,False,False,False,False
Anuncio actualizado el 10 de abril,0,0,2.0,0,0,,,1 planta,1,1,84998646,0,,Breña Baja,"Calle las Ledas, 46"," Calle las Ledas, 46 , Breña Baja , La Palma, Santa Cruz de Tenerife ",,"La Palma, Santa Cruz de Tenerife",6274,227,2019-04-14,499999,1,2.0,0,0,1,False,False,True,False,False,False,False,False,False,False,False,False,False,False,False,False,False,False,False,False,False,False,False,False,True,False,False
Anuncio actualizado el 1 de abril,0,0,1.0,0,0,,,2 plantas,0,1,84692028,0,,Villa de Mazo,"Camino de Tigalate, Villa de Mazo"," Camino de Tigalate, Villa de Mazo , Villa de Mazo , La Palma, Santa Cruz de Tenerife ",,"La Palma, Santa Cruz de Tenerife",482,,2019-04-14,152000,0,6.0,0,0,0,False,False,False,True,False,False,False,False,False,False,False,False,False,False,False,False,False,False,False,False,False,False,False,False,False,False,False
Anuncio actualizado el 12 de abril,0,0,1.0,0,0,,,1 planta,1,1,81920833,0,,Villa de Mazo,Monte de Breña," Monte de Breña , Villa de Mazo , La Palma, Santa Cruz de Tenerife ",,"La Palma, Santa Cruz de Tenerife",2000,120,2019-04-14,199999,1,3.0,1,0,1,False,False,True,False,False,False,False,False,False,False,False,False,False,False,False,False,False,False,False,False,False,False,False,True,False,False,False
Anuncio actualizado el 1 de abril,0,0,2.0,0,0,,,bajo exterior,0,0,84680735,1,1,Los Llanos de Aridane,Urb. Puerto Naos," Calle Mauricio Duque Camacho s/n , Urb. Puerto Naos , Los Llanos de Aridane , La Palma, Santa Cruz de Tenerife ",Calle Mauricio Duque Camacho s/n,"La Palma, Santa Cruz de Tenerife",102,92,2019-04-14,185000,0,3.0,0,0,1,False,False,True,False,False,False,False,False,False,False,False,False,False,False,False,False,False,False,False,False,False,False,False,False,False,False,False
Anuncio actualizado el 25 de marzo,0,0,2.0,0,0,,,1 planta,0,0,84732958,0,,Los Llanos de Aridane,Carretera Puerto Naos s/n," Carretera Puerto Naos s/n , Los Llanos de Aridane , La Palma, Santa Cruz de Tenerife ",,"La Palma, Santa Cruz de Tenerife",254,,2019-04-14,230000,0,3.0,0,0,1,False,False,True,False,False,False,False,False,False,False,False,False,False,False,False,False,False,False,False,False,False,False,False,False,False,False,False
Anuncio actualizado el 28 de marzo,0,0,13.0,1,0,,,,0,1,84813062,0,,Tazacorte,Urb. Las Norias," Calle Las Norias s/n , Urb. Las Norias , Tazacorte , La Palma, Santa Cruz de Tenerife ",Calle Las Norias s/n,"La Palma, Santa Cruz de Tenerife",3055,667,2019-04-14,1450000,0,12.0,0,1,1,False,False,True,False,False,False,False,False,False,False,False,False,False,False,False,False,False,False,False,False,False,False,False,False,False,False,False
Anuncio actualizado el 28 de marzo,0,0,1.0,0,0,,,planta 1ª exterior,0,0,84846367,6,1,Los Llanos de Aridane,Urb. Puerto Naos," Calle Juana Tabares s/n , Urb. Puerto Naos , Los Llanos de Aridane , La Palma, Santa Cruz de Tenerife ",Calle Juana Tabares s/n,"La Palma, Santa Cruz de Tenerife",41,35,2019-04-14,126000,0,0.0,0,0,1,False,False,True,False,False,False,False,False,False,False,False,False,False,False,False,False,False,False,False,False,False,False,False,False,False,False,False
Anuncio actualizado el 1 de abril,0,0,1.0,0,0,,,planta 6ª exterior,0,0,84864731,1,1,Santa Cruz de la Palma,Urb. Calle Díaz Pimienta," Calle Díaz Pimienta s/n , Urb. Calle Díaz Pimienta , Santa Cruz de la Palma , La Palma, Santa Cruz de Tenerife ",Calle Díaz Pimienta s/n,"La Palma, Santa Cruz de Tenerife",76,66,2019-04-14,130000,0,2.0,0,0,1,False,False,True,False,False,False,False,False,False,False,False,False,False,False,False,False,False,False,False,False,False,False,False,False,False,False,False
Anuncio actualizado el 1 de abril,0,0,1.0,0,0,,,planta 4ª exterior,0,0,84864410,1,1,Santa Cruz de la Palma,Urb. Calle Díaz Pimienta," Calle Díaz Pimienta s/n , Urb. Calle Díaz Pimienta , Santa Cruz de la Palma , La Palma, Santa Cruz de Tenerife ",Calle Díaz Pimienta s/n,"La Palma, Santa Cruz de Tenerife",93,81,2019-04-14,125000,0,2.0,0,0,1,False,False,False,True,False,False,False,False,False,False,False,False,False,False,False,False,False,False,False,False,False,False,False,False,False,False,False
Anuncio actualizado el 21 de marzo,0,1,2.0,0,0,,,planta 2ª exterior,0,0,83946642,1,1,Los Llanos de Aridane,Calle Doctor Fleming," Calle Doctor Fleming , Los Llanos de Aridane , La Palma, Santa Cruz de Tenerife ",,"La Palma, Santa Cruz de Tenerife",80,,2019-04-14,133000,0,3.0,1,0,0,False,False,True,False,False,False,False,False,False,False,True,False,False,False,False,False,False,False,False,False,False,False,False,False,False,False,False
Anuncio actualizado el 5 de abril,0,0,2.0,0,0,,,,0,0,84955125,0,,Villa de Mazo,," , Villa de Mazo , La Palma, Santa Cruz de Tenerife ",,"La Palma, Santa Cruz de Tenerife",308,169,2019-04-14,147000,0,5.0,0,0,1,False,False,True,False,False,False,False,False,False,False,False,False,False,False,False,False,False,False,False,False,False,False,False,False,False,False,False
Anuncio actualizado el 5 de abril,0,0,1.0,0,0,,,,0,1,84956898,0,,Villa de Mazo,Urb. Tigalate," Urb. Tigalate , Villa de Mazo , La Palma, Santa Cruz de Tenerife ",,"La Palma, Santa Cruz de Tenerife",2500,45,2019-04-14,75000,0,2.0,0,0,1,False,False,True,False,False,False,False,False,False,False,False,False,False,False,False,False,False,False,False,False,False,False,False,False,False,False,False
Anuncio actualizado el 5 de abril,0,0,1.0,0,0,,,,0,1,84957858,0,,Villa de Mazo,Urb. Malpaíses," Urb. Malpaíses , Villa de Mazo , La Palma, Santa Cruz de Tenerife ",,"La Palma, Santa Cruz de Tenerife",1144,140,2019-04-14,105000,0,4.0,0,0,1,False,False,False,True,False,False,False,False,False,False,False,False,False,False,False,False,False,False,False,False,False,False,False,False,False,False,False
Anuncio actualizado el 9 de abril,0,0,2.0,1,0,,,planta 3ª exterior,1,0,84961874,1,1,Los Llanos de Aridane,Calle Pedro Miguel Hernández Camacho s/n," Calle Pedro Miguel Hernández Camacho s/n , Los Llanos de Aridane , La Palma, Santa Cruz de Tenerife ",,"La Palma, Santa Cruz de Tenerife",96,86,2019-04-14,231000,0,3.0,1,0,0,False,False,True,False,False,False,False,False,False,False,False,False,False,False,False,False,False,False,False,False,False,False,False,False,False,False,False
Anuncio actualizado el 8 de abril,0,0,3.0,0,0,,,,1,1,82750265,0,,Breña Baja,Urb. San José," Urb. San José , Breña Baja , La Palma, Santa Cruz de Tenerife ",,"La Palma, Santa Cruz de Tenerife",500,,2019-04-14,270000,0,2.0,1,1,1,False,False,True,False,False,False,False,False,False,False,False,False,False,False,False,False,False,False,False,False,False,False,False,False,False,False,False
Anuncio actualizado el 1 de abril,0,0,2.0,1,0,,,planta 1ª exterior,0,0,83416659,1,0,Barlovento,Calle El Drago s/n," Calle El Drago s/n , Barlovento , La Palma, Santa Cruz de Tenerife ",,"La Palma, Santa Cruz de Tenerife",198,148,2019-04-14,160000,0,4.0,1,0,1,False,False,True,False,False,False,False,False,False,False,False,False,False,False,False,False,False,False,False,False,False,False,False,False,False,False,False
Anuncio actualizado el 1 de abril,0,0,1.0,0,0,,,2 plantas,0,0,83955378,11,,Santa Cruz de la Palma,Urb. San Telmo," Calle Navarra s/n , Urb. San Telmo , Santa Cruz de la Palma , La Palma, Santa Cruz de Tenerife ",Calle Navarra s/n,"La Palma, Santa Cruz de Tenerife",118,88,2019-04-14,120000,0,3.0,0,0,1,False,False,True,False,False,False,False,False,False,False,False,False,False,False,False,False,False,False,False,False,False,False,False,False,False,False,False
Anuncio actualizado el 5 de abril,0,0,1.0,0,0,,,,0,0,82750139,0,,Fuencaliente de la Palma,," , Fuencaliente de la Palma , La Palma, Santa Cruz de Tenerife ",,"La Palma, Santa Cruz de Tenerife",1000,,2019-04-14,110000,0,3.0,0,0,0,False,False,False,True,False,False,False,False,False,False,False,False,False,False,False,False,False,False,False,False,False,False,False,False,False,False,False
Anuncio actualizado el 12 de abril,0,0,2.0,0,0,,,,1,1,84206649,0,,Villa de Mazo,Urb. Monte Breña," Camino Lomo Blanco s/n , Urb. Monte Breña , Villa de Mazo , La Palma, Santa Cruz de Tenerife ",Camino Lomo Blanco s/n,"La Palma, Santa Cruz de Tenerife",1800,137,2019-04-14,200000,0,3.0,0,0,0,False,False,True,False,False,False,False,False,False,False,False,False,False,False,False,False,False,False,False,False,False,False,False,False,False,False,False
Anuncio actualizado el 13 de abril,0,0,1.0,0,0,,,planta 2ª exterior,1,0,85032715,1,1,Breña Baja,Urb. San Antonio," Camino El Rincón s/n , Urb. San Antonio , Breña Baja , La Palma, Santa Cruz de Tenerife ",Camino El Rincón s/n,"La Palma, Santa Cruz de Tenerife",56,55,2019-04-14,110000,0,2.0,0,0,0,False,False,True,False,False,False,False,False,False,False,False,False,False,False,False,False,False,False,False,False,False,False,False,False,False,False,False
Anuncio actualizado el 12 de abril,0,1,2.0,0,0,,,2 plantas,0,0,85048364,11,,Breña Baja,Urb. San Antonio," San Antonio , Urb. San Antonio , Breña Baja , La Palma, Santa Cruz de Tenerife ",San Antonio,"La Palma, Santa Cruz de Tenerife",115,108,2019-04-14,165000,0,3.0,0,1,1,False,False,True,False,False,False,False,False,False,False,False,False,False,False,False,False,False,False,False,False,False,True,False,False,False,False,False
Anuncio actualizado el 13 de abril,0,1,3.0,1,0,,,2 plantas,1,0,85056634,11,,Breña Baja,brena baja s/n," brena baja s/n , Breña Baja , La Palma, Santa Cruz de Tenerife ",,"La Palma, Santa Cruz de Tenerife",90,82,2019-04-14,154999,0,3.0,1,0,1,False,False,True,False,False,False,False,False,False,False,False,False,False,False,False,False,False,False,False,False,False,False,False,False,True,False,False
Anuncio actualizado el 26 de febrero,0,0,3.0,0,0,,,,0,1,82774074,0,,Breña Alta,," , Breña Alta , La Palma, Santa Cruz de Tenerife ",,"La Palma, Santa Cruz de Tenerife",3390,,2019-04-14,262500,0,4.0,1,1,1,False,False,True,False,False,False,False,False,False,False,True,False,False,False,False,False,False,False,False,False,False,False,False,False,True,False,False
Anuncio actualizado el 6 de abril,0,0,4.0,0,0,,,,1,1,84398259,0,,Breña Baja,Urb. Las Ledas," Urb. Las Ledas , Breña Baja , La Palma, Santa Cruz de Tenerife ",,"La Palma, Santa Cruz de Tenerife",7600,390,2019-04-14,940000,0,6.0,0,0,1,False,False,True,False,False,False,False,False,False,False,False,False,False,False,False,False,False,False,False,False,False,False,False,False,False,False,False
Anuncio actualizado el 10 de abril,0,0,2.0,0,0,,,planta 1ª exterior,0,0,85015041,1,0,Breña Alta,Urb. San Pedro," Calle Treinta de mayo s/n , Urb. San Pedro , Breña Alta , La Palma, Santa Cruz de Tenerife ",Calle Treinta de mayo s/n,"La Palma, Santa Cruz de Tenerife",121,111,2019-04-14,105000,0,4.0,0,0,0,False,False,True,False,False,False,False,False,False,False,False,False,False,False,False,False,False,False,False,False,False,False,False,False,False,False,False
Anuncio actualizado el 28 de diciembre,0,1,4.0,1,0,,,2 plantas,0,1,40103658,0,,Santa Cruz de la Palma,Urb. Mirca," Mirca s/n , Urb. Mirca , Santa Cruz de la Palma , La Palma, Santa Cruz de Tenerife ",Mirca s/n,"La Palma, Santa Cruz de Tenerife",1300,,2019-04-14,280000,1,6.0,0,0,1,False,False,True,False,False,False,False,False,False,False,False,False,False,False,False,False,False,False,False,False,False,False,False,True,False,False,False
Anuncio actualizado el 25 de enero,0,0,2.0,0,0,,,1 planta,0,1,40522330,0,,Villa de Mazo,Bellido s/n," Bellido s/n , Villa de Mazo , La Palma, Santa Cruz de Tenerife ",,"La Palma, Santa Cruz de Tenerife",1015,85,2019-04-14,260000,1,2.0,0,1,1,False,False,True,False,False,False,False,False,False,False,False,False,False,False,False,False,False,False,False,False,False,False,False,True,False,False,False
ad_last_update,air_conditioner,balcony,0.0,built_in_wardrobe,chimney,construct_date,energetic_certif,floor,1,garden,house_id,13,lift,loc_city,loc_district,loc_full,loc_neigh,loc_zone,m2_real,m2_useful,obtention_date,price,reduced_mobility,0.0,storage_room,swimming_pool,terrace,True,False,False,False,False,False,False,False,False,True,False,False,False,False,False,False,False,False,False,False,False,False,True,False,False,False,False
Anuncio actualizado el 10 de abril,1,0,2.0,0,0,,,,1,0,84800562,7,,Vilaflor,," , Vilaflor , Tenerife, Santa Cruz de Tenerife ",,"Tenerife, Santa Cruz de Tenerife",220,95,2019-04-14,160000,0,2.0,0,0,0,False,False,True,False,False,True,False,False,False,False,False,False,False,False,False,False,False,False,False,False,False,False,False,False,False,False,False
Anuncio actualizado el 7 de marzo,0,0,2.0,0,0,,en trámite,,0,1,33474058,7,,Vilaflor,," , Vilaflor , Tenerife, Santa Cruz de Tenerife ",,"Tenerife, Santa Cruz de Tenerife",4500,100,2019-04-14,500000,0,3.0,1,0,0,False,False,True,False,False,False,False,False,False,False,False,False,False,False,False,False,False,False,False,False,False,False,False,False,False,False,False
Anuncio actualizado el 13 de marzo,0,0,2.0,0,1,,no indicado,1 planta,1,0,36963551,3,,Vilaflor,"Camino Real, 59"," Camino Real, 59 , Vilaflor , Tenerife, Santa Cruz de Tenerife ",,"Tenerife, Santa Cruz de Tenerife",4500,,2019-04-14,400000,0,2.0,1,0,0,False,False,True,False,False,False,False,False,False,False,False,False,False,False,False,False,False,False,False,False,False,False,False,False,False,False,False
Anuncio actualizado el 3 de marzo,0,0,1.0,1,0,,no indicado,1 planta,1,1,1719148,0,,Vilaflor,"Camino Zamboa, 1"," Camino Zamboa, 1 , Vilaflor , Tenerife, Santa Cruz de Tenerife ",,"Tenerife, Santa Cruz de Tenerife",39000,,2019-04-14,1000000,0,3.0,1,0,0,False,False,False,True,False,False,False,False,False,False,False,False,False,False,False,False,False,False,False,False,False,False,False,True,False,False,False
Anuncio actualizado el 24 de marzo,0,0,2.0,0,0,,no indicado,2 plantas,0,0,39633101,3,,Vilaflor,"Calle el bucio, 3"," Calle el bucio, 3 , Vilaflor , Tenerife, Santa Cruz de Tenerife ",,"Tenerife, Santa Cruz de Tenerife",20000,,2019-04-14,500000,0,4.0,0,0,1,False,False,True,False,False,False,False,False,False,False,False,False,False,False,False,False,False,False,False,False,False,False,False,False,False,False,False
Anuncio actualizado el 7 de abril,0,0,2.0,0,0,,no indicado,,1,1,32415948,0,,Vilaflor,"Calle dolores, 16"," Calle dolores, 16 , Vilaflor , Tenerife, Santa Cruz de Tenerife ",,"Tenerife, Santa Cruz de Tenerife",492,338,2019-04-14,350000,0,4.0,1,0,1,False,False,True,False,False,False,False,False,False,False,False,False,False,True,False,False,False,False,False,False,False,False,False,False,False,False,False
Anuncio actualizado el 16 de enero,0,0,1.0,0,0,1940,no indicado,1 planta,1,1,32939280,2,,Vilaflor,barbecho," barbecho , Vilaflor , Tenerife, Santa Cruz de Tenerife ",,"Tenerife, Santa Cruz de Tenerife",1500,125,2019-04-14,150000,0,3.0,0,0,1,False,False,False,True,False,False,False,False,False,False,False,False,False,False,False,False,False,False,False,False,False,False,False,True,False,False,False
Anuncio actualizado el 11 de marzo,0,1,2.0,0,0,,en trámite,2 plantas,0,1,82134133,7,,Vilaflor,," , Vilaflor , Tenerife, Santa Cruz de Tenerife ",,"Tenerife, Santa Cruz de Tenerife",280,,2019-04-14,610000,0,2.0,1,0,1,False,False,False,False,False,False,False,False,False,False,False,False,False,False,False,False,False,False,False,False,False,True,False,False,False,False,False
Anuncio actualizado el 14 de abril,0,0,2.0,0,0,,,,0,0,83694901,7,,Vilaflor,," , Vilaflor , Tenerife, Santa Cruz de Tenerife ",,"Tenerife, Santa Cruz de Tenerife",142,,2019-04-14,250000,0,4.0,0,1,0,False,False,False,False,False,False,False,False,False,False,False,False,False,False,False,False,False,False,False,False,False,False,False,False,False,False,False
Anuncio actualizado el 1 de marzo,0,1,2.0,0,0,,en trámite,2 plantas,1,1,84188885,0,,Vilaflor,Calle de la Iglesia," Calle de la Iglesia , Vilaflor , Tenerife, Santa Cruz de Tenerife ",,"Tenerife, Santa Cruz de Tenerife",730,,2019-04-14,280000,0,3.0,1,0,1,False,False,True,False,False,False,False,False,False,False,False,False,False,True,False,False,False,False,False,False,False,False,False,False,False,False,False
Anuncio actualizado el 23 de enero,0,0,2.0,1,0,,,1 planta,1,1,81415716,3,,Vilaflor,Calle Castaños," Calle Castaños , Vilaflor , Tenerife, Santa Cruz de Tenerife ",,"Tenerife, Santa Cruz de Tenerife",1700,155,2019-04-14,201000,1,3.0,0,0,1,False,False,True,False,False,False,False,False,False,False,False,False,False,False,False,False,False,False,False,False,False,False,False,False,False,False,True
Anuncio actualizado el 9 de abril,0,0,2.0,0,0,,,,1,0,81182312,7,,Vilaflor,," , Vilaflor , Tenerife, Santa Cruz de Tenerife ",,"Tenerife, Santa Cruz de Tenerife",1006,,2019-04-14,395000,1,3.0,1,0,1,False,False,False,False,False,False,False,False,False,False,False,False,False,False,False,False,False,False,False,False,False,False,False,False,False,False,False
Anuncio actualizado el 13 de abril,0,0,2.0,0,0,,inmueble exento,,0,0,82302230,3,,Vilaflor,," , Vilaflor , Tenerife, Santa Cruz de Tenerife ",,"Tenerife, Santa Cruz de Tenerife",37000,120,2019-04-14,895000,0,3.0,0,0,0,False,False,False,False,False,False,False,False,False,False,False,False,False,False,False,False,False,False,False,False,False,False,False,False,False,False,False
Anuncio actualizado el 6 de marzo,0,0,2.0,1,0,1997,en trámite,1 planta,0,1,39420861,7,,Vilaflor,Urb. Vilaflor," Urb. Vilaflor , Vilaflor , Tenerife, Santa Cruz de Tenerife ",,"Tenerife, Santa Cruz de Tenerife",1700,,2019-04-14,195000,0,3.0,0,1,1,False,False,False,False,False,False,False,False,False,False,False,False,False,False,False,False,False,False,False,False,False,False,False,False,False,False,False
Anuncio actualizado el 23 de enero,0,0,2.0,0,1,,,1 planta,0,1,81415079,14,,Vilaflor,," , Vilaflor , Tenerife, Santa Cruz de Tenerife ",,"Tenerife, Santa Cruz de Tenerife",10000,187,2019-04-14,610000,0,2.0,0,0,1,False,False,False,False,False,False,False,False,False,False,False,False,False,False,False,False,False,False,False,False,False,False,False,False,False,False,False
Anuncio actualizado el 13 de abril,0,0,1.0,0,0,2002,en trámite,,0,1,82309845,3,,Vilaflor,Carretera del Hoyo," Carretera del Hoyo , Vilaflor , Tenerife, Santa Cruz de Tenerife ",,"Tenerife, Santa Cruz de Tenerife",5000,249,2019-04-14,190598,0,2.0,0,0,1,False,False,True,False,False,False,False,False,False,False,False,False,False,False,False,False,False,False,False,False,False,False,False,False,False,False,True
Anuncio actualizado el 10 de abril,0,0,1.0,1,0,2008,en trámite,1 planta,0,1,84641782,11,,Vilaflor,Camino Real," Camino Real , Vilaflor , Tenerife, Santa Cruz de Tenerife ",,"Tenerife, Santa Cruz de Tenerife",4090,90,2019-04-14,420000,0,2.0,0,0,1,False,False,True,False,False,False,False,False,False,False,False,False,False,False,False,False,False,False,False,False,False,False,False,False,False,False,False
Anuncio actualizado el 6 de febrero,0,0,1.0,0,0,,,,1,1,81445875,14,,Vilaflor,," , Vilaflor , Tenerife, Santa Cruz de Tenerife ",,"Tenerife, Santa Cruz de Tenerife",733,205,2019-04-14,316000,0,2.0,0,0,1,False,False,False,False,False,False,False,False,False,False,False,False,False,False,False,False,False,False,False,False,False,False,False,False,False,False,False
Anuncio actualizado el 7 de febrero,0,0,2.0,0,1,,en trámite,2 plantas,0,1,36006947,4,,Vilaflor,Plaza de la Iglesia," Plaza de la Iglesia , Vilaflor , Tenerife, Santa Cruz de Tenerife ",,"Tenerife, Santa Cruz de Tenerife",730,,2019-04-14,280000,0,3.0,0,0,1,False,False,True,False,False,False,False,False,False,False,False,False,False,False,False,False,False,False,False,False,False,False,False,True,False,False,False
Anuncio actualizado el 12 de abril,0,0,3.0,0,0,,no indicado,,0,0,85050836,7,,Vilaflor,," , Vilaflor , Tenerife, Santa Cruz de Tenerife ",,"Tenerife, Santa Cruz de Tenerife",290,288,2019-04-14,285000,0,3.0,1,0,1,False,False,False,False,False,False,False,False,False,False,False,False,False,False,False,False,False,False,False,False,False,False,False,False,False,False,False
Anuncio actualizado el 23 de abril,0,0,2.0,1,0,1999,,1 planta,1,1,39700628,0,,Vilaflor,Urb. VILAFLOR," Camino LOS CORTADOS s/n , Urb. VILAFLOR , Vilaflor , Tenerife, Santa Cruz de Tenerife ",Camino LOS CORTADOS s/n,"Tenerife, Santa Cruz de Tenerife",1700,130,2019-04-14,199500,0,3.0,1,0,0,False,False,True,False,False,False,False,False,False,False,False,False,False,False,False,False,False,False,False,False,False,True,False,False,False,False,False
Anuncio actualizado el 26 de marzo,0,0,8.0,0,0,1998,,3 plantas,1,1,84819709,7,,Vilaflor,"Calle Santo Domingo, 14"," Calle Santo Domingo, 14 , Vilaflor , Tenerife, Santa Cruz de Tenerife ",,"Tenerife, Santa Cruz de Tenerife",90,450,2019-04-14,475000,1,8.0,1,0,1,False,False,False,False,False,False,False,False,False,False,False,False,False,False,False,False,False,False,False,False,False,False,False,False,False,False,False
Anuncio actualizado el 9 de abril,0,1,1.0,1,0,,,,0,0,84990208,7,,Vilaflor,," , Vilaflor , Tenerife, Santa Cruz de Tenerife ",,"Tenerife, Santa Cruz de Tenerife",409,349,2019-04-14,380000,0,3.0,0,0,1,False,False,True,False,False,True,False,False,False,False,False,False,False,False,False,False,False,False,False,False,False,False,False,False,False,False,False
ad_last_update,air_conditioner,balcony,0.0,built_in_wardrobe,chimney,construct_date,energetic_certif,floor,1,garden,house_id,13,lift,loc_city,loc_district,loc_full,loc_neigh,loc_zone,m2_real,m2_useful,obtention_date,price,reduced_mobility,0.0,storage_room,swimming_pool,terrace,True,False,False,False,False,False,False,False,False,True,False,False,False,False,False,False,False,False,False,False,False,False,True,False,False,False,False
Anuncio actualizado el 1 de abril,0,0,3.0,0,0,,en trámite,,1,0,84124565,7,,Tegueste,," , Tegueste , Tenerife, Santa Cruz de Tenerife ",,"Tenerife, Santa Cruz de Tenerife",166,148,2019-04-14,210000,0,4.0,1,0,1,False,False,True,False,False,False,False,False,False,False,False,False,False,False,False,False,False,False,False,False,False,False,False,False,False,False,False
más de 5 meses sin actualizar,0,0,2.0,0,0,,no indicado,bajo exterior,1,0,82493761,1,0,Tegueste,"Camino Viejo, 3"," Camino Viejo, 3 , Tegueste , Tenerife, Santa Cruz de Tenerife ",,"Tenerife, Santa Cruz de Tenerife",96,,2019-04-14,107000,0,3.0,1,0,0,False,False,True,False,False,False,False,False,False,False,False,False,False,False,False,False,False,False,False,False,False,False,False,False,False,False,False
más de 5 meses sin actualizar,0,0,4.0,1,0,,no indicado,3 plantas,0,0,1656473,11,,Tegueste,"Calle los Pobres, 47"," Calle los Pobres, 47 , Tegueste , Tenerife, Santa Cruz de Tenerife ",,"Tenerife, Santa Cruz de Tenerife",200,170,2019-04-14,230000,0,3.0,1,0,1,False,False,True,False,False,False,False,False,False,False,False,False,False,False,False,False,False,False,False,False,False,False,False,False,False,False,False
más de 5 meses sin actualizar,1,1,4.0,1,0,,no indicado,2 plantas,1,1,40304962,0,,Tegueste,"Calle Subida Fray Lucas, 2"," Calle Subida Fray Lucas, 2 , Tegueste , Tenerife, Santa Cruz de Tenerife ",,"Tenerife, Santa Cruz de Tenerife",1477,,2019-04-14,890000,0,4.0,1,1,1,False,False,True,False,False,False,False,False,False,False,False,False,False,False,False,False,False,False,False,False,False,False,False,False,False,False,False
Anuncio actualizado el 25 de marzo,0,0,3.0,0,0,,no indicado,,1,0,84804498,0,,Tegueste,"Calle los Pobres, 1"," Calle los Pobres, 1 , Tegueste , Tenerife, Santa Cruz de Tenerife ",,"Tenerife, Santa Cruz de Tenerife",170,,2019-04-14,160000,0,3.0,1,0,1,False,False,True,False,False,False,False,False,False,False,False,False,False,False,False,False,False,False,False,False,False,False,False,False,False,False,False
Anuncio actualizado el 27 de septiembre,0,0,2.0,0,0,1970,,bajo,0,0,82113621,1,0,Tegueste,," , Tegueste , Tenerife, Santa Cruz de Tenerife ",,"Tenerife, Santa Cruz de Tenerife",112,98,2019-04-14,110000,0,4.0,0,0,0,False,False,False,True,False,False,False,False,False,False,False,False,False,False,False,False,False,False,False,False,False,False,False,False,False,False,False
Anuncio actualizado el 24 de marzo,0,0,1.0,0,0,,en trámite,1 planta,1,0,40486411,3,,Tegueste,"Carretera de las Canteras a Pedro Alvarez, 13"," Carretera de las Canteras a Pedro Alvarez, 13 , Tegueste , Tenerife, Santa Cruz de Tenerife ",,"Tenerife, Santa Cruz de Tenerife",3000,,2019-04-14,350000,0,2.0,1,0,1,False,False,True,False,False,False,False,False,False,False,False,False,False,False,False,False,False,False,False,False,False,False,False,False,False,False,False
Anuncio actualizado el 26 de febrero,0,0,1.0,0,0,,no indicado,planta 2ª exterior,1,0,28146902,8,0,Tegueste,"Calle Mederos, 33"," Calle Mederos, 33 , Tegueste , Tenerife, Santa Cruz de Tenerife ",,"Tenerife, Santa Cruz de Tenerife",70,,2019-04-14,165000,0,2.0,0,0,1,False,False,True,False,False,False,False,False,False,False,False,False,False,False,False,False,False,False,False,False,False,False,False,False,False,False,False
Anuncio actualizado el 21 de marzo,0,0,1.0,0,0,,no indicado,,0,0,84356379,14,,Tegueste,," , Tegueste , Tenerife, Santa Cruz de Tenerife ",,"Tenerife, Santa Cruz de Tenerife",6855,,2019-04-14,180000,0,1.0,0,0,0,False,False,False,False,False,False,False,False,False,False,False,False,False,False,False,False,False,False,False,False,False,False,False,False,False,False,False
Anuncio actualizado el 11 de abril,1,1,8.0,1,0,2006,en trámite,2 plantas,1,1,84603046,0,,Tegueste,," , Tegueste , Tenerife, Santa Cruz de Tenerife ",,"Tenerife, Santa Cruz de Tenerife",1274,,2019-04-14,1200000,0,10.0,1,1,1,False,False,True,False,False,False,False,False,False,False,False,False,False,False,False,False,False,False,False,False,False,False,False,False,False,False,False
Anuncio actualizado el 10 de abril,0,0,3.0,1,0,,en trámite,,1,1,37444252,7,,Tegueste,," , Tegueste , Tenerife, Santa Cruz de Tenerife ",,"Tenerife, Santa Cruz de Tenerife",13500,330,2019-04-14,350000,0,7.0,1,1,1,False,False,True,False,False,False,False,False,False,False,False,False,False,False,False,False,False,False,False,False,False,False,False,False,False,False,False
Anuncio actualizado el 20 de febrero,0,0,3.0,0,0,,en trámite,,0,0,84369893,11,,Tegueste,," , Tegueste , Tenerife, Santa Cruz de Tenerife ",,"Tenerife, Santa Cruz de Tenerife",200,,2019-04-14,275000,0,4.0,0,0,1,False,False,True,False,False,False,False,False,False,False,False,False,False,False,False,False,False,False,False,False,False,False,False,False,False,False,False
Anuncio actualizado el 19 de marzo,0,0,2.0,0,0,,en trámite,,0,0,84556314,1,1,Tegueste,Carretera General a Punta Hidalgo," Carretera General a Punta Hidalgo , Tegueste , Tenerife, Santa Cruz de Tenerife ",,"Tenerife, Santa Cruz de Tenerife",109,89,2019-04-14,161700,0,2.0,0,0,0,False,False,False,False,False,False,False,False,False,False,False,False,False,False,False,False,False,False,False,False,False,False,False,False,False,False,False
Anuncio actualizado el 10 de abril,0,0,1.0,0,0,,en trámite,,1,0,81968454,7,,Tegueste,," , Tegueste , Tenerife, Santa Cruz de Tenerife ",,"Tenerife, Santa Cruz de Tenerife",116,,2019-04-14,122900,0,3.0,1,0,1,False,False,True,False,False,False,False,False,False,False,False,False,False,True,False,False,False,False,False,False,False,False,False,False,False,False,False
Anuncio actualizado el 17 de febrero,0,0,2.0,1,0,1970,en trámite,,1,0,39628874,9,,Tegueste,," , Tegueste , Tenerife, Santa Cruz de Tenerife ",,"Tenerife, Santa Cruz de Tenerife",331,,2019-04-14,450000,0,3.0,0,0,1,False,False,True,False,False,False,False,False,False,False,False,False,False,False,False,False,False,False,False,False,False,False,False,False,False,False,False
Anuncio actualizado el 13 de marzo,0,0,3.0,1,0,2001,en trámite,,1,0,82845096,12,,Tegueste,," , Tegueste , Tenerife, Santa Cruz de Tenerife ",,"Tenerife, Santa Cruz de Tenerife",220,200,2019-04-14,275000,0,4.0,0,0,1,False,False,True,False,False,False,False,False,False,False,False,False,False,False,False,False,False,False,False,False,False,False,False,False,False,False,False
Anuncio actualizado el 17 de marzo,0,1,3.0,0,0,2009,no indicado,2 plantas,1,1,83197722,12,,Tegueste,"Antonio Santos, 10"," Antonio Santos, 10 , Tegueste , Tenerife, Santa Cruz de Tenerife ",,"Tenerife, Santa Cruz de Tenerife",130,115,2019-04-14,190000,0,3.0,1,0,1,False,False,True,False,False,True,False,False,False,False,False,False,False,False,False,False,False,False,False,False,False,False,False,False,False,False,False
Anuncio actualizado el 22 de febrero,0,0,3.0,0,0,,en trámite,1 planta,0,1,39420828,11,,Tegueste,Urb. CENTRO PUEBLO," Urb. CENTRO PUEBLO , Tegueste , Tenerife, Santa Cruz de Tenerife ",,"Tenerife, Santa Cruz de Tenerife",331,,2019-04-14,450000,0,3.0,0,0,1,False,False,False,False,False,False,False,False,False,False,False,False,False,False,False,False,False,False,False,False,False,False,False,False,False,False,False
Anuncio actualizado el 11 de abril,0,0,2.0,0,0,1970,no indicado,exterior,0,0,84703817,1,,Tegueste,," , Tegueste , Tenerife, Santa Cruz de Tenerife ",,"Tenerife, Santa Cruz de Tenerife",112,98,2019-04-14,75000,0,4.0,0,0,0,False,False,False,True,False,False,False,False,False,False,False,False,False,False,False,False,False,False,False,False,False,False,False,False,False,False,False
Anuncio actualizado el 6 de febrero,0,0,1.0,0,0,1960,,,0,0,40325213,14,,Tegueste,," , Tegueste , Tenerife, Santa Cruz de Tenerife ",,"Tenerife, Santa Cruz de Tenerife",150,85,2019-04-14,95000,0,2.0,0,0,1,False,False,True,False,False,False,False,False,False,False,False,False,False,False,False,False,False,False,False,False,False,False,False,False,True,False,False
Anuncio actualizado el 12 de marzo,0,1,1.0,1,0,,,planta 2ª exterior,1,0,83588862,1,1,Tegueste,," , Tegueste , Tenerife, Santa Cruz de Tenerife ",,"Tenerife, Santa Cruz de Tenerife",60,,2019-04-14,75000,0,1.0,1,0,0,False,False,True,False,False,False,False,False,False,False,False,False,False,False,False,False,False,False,False,False,False,False,False,False,False,False,False
Anuncio actualizado el 22 de febrero,0,0,1.0,0,0,1997,en trámite,bajo exterior,1,0,39420864,1,1,Tegueste,Urb. Tegueste," Urb. Tegueste , Tegueste , Tenerife, Santa Cruz de Tenerife ",,"Tenerife, Santa Cruz de Tenerife",135,65,2019-04-14,156000,0,2.0,0,0,1,False,False,False,False,False,False,False,False,False,False,False,False,False,False,True,False,False,False,False,False,False,False,False,False,False,False,False
Anuncio actualizado el 14 de abril,0,0,2.0,1,0,2006,,planta 1ª exterior,1,1,81355074,1,0,Tegueste,"Calle Mederos, 33"," Calle Mederos, 33 , Tegueste , Tenerife, Santa Cruz de Tenerife ",,"Tenerife, Santa Cruz de Tenerife",105,70,2019-04-14,121000,0,2.0,0,0,1,False,False,True,False,False,False,False,False,False,False,False,False,False,False,False,False,False,False,False,False,False,False,False,False,False,True,False
Anuncio actualizado el 31 de marzo,0,0,3.0,1,0,,,planta 1ª exterior,1,0,83189784,1,0,Tegueste,"Camino Hondo, 79"," Camino Hondo, 79 , Tegueste , Tenerife, Santa Cruz de Tenerife ",,"Tenerife, Santa Cruz de Tenerife",162,161,2019-04-14,199000,0,3.0,1,0,1,False,False,True,False,False,False,False,False,False,False,False,False,False,False,False,False,False,False,False,False,False,False,False,False,False,False,False
Anuncio actualizado el 7 de abril,0,0,3.0,1,0,1998,en trámite,,1,0,83282252,11,,Tegueste,"Camino Hondo, 79"," Camino Hondo, 79 , Tegueste , Tenerife, Santa Cruz de Tenerife ",,"Tenerife, Santa Cruz de Tenerife",162,161,2019-04-14,199000,0,3.0,1,0,1,False,False,True,False,False,False,False,False,False,False,False,False,False,False,False,False,False,False,False,False,False,False,False,False,False,False,False
Anuncio actualizado el 6 de febrero,0,0,2.0,0,0,,no indicado,,0,0,40232726,7,,Tegueste,," , Tegueste , Tenerife, Santa Cruz de Tenerife ",,"Tenerife, Santa Cruz de Tenerife",500,,2019-04-14,298000,0,3.0,0,0,0,False,False,False,False,False,False,False,False,False,False,False,False,False,False,False,False,False,False,False,False,False,False,False,False,False,False,False
Anuncio actualizado el 10 de abril,0,0,1.0,1,0,,en trámite,planta 2ª exterior,1,0,83766631,1,1,Tegueste,Calle Las Cuevas," Calle Las Cuevas , Tegueste , Tenerife, Santa Cruz de Tenerife ",,"Tenerife, Santa Cruz de Tenerife",59,58,2019-04-14,73000,0,1.0,0,0,0,False,False,True,False,False,False,False,False,False,False,False,False,False,False,False,False,False,False,False,False,False,False,False,True,False,False,False
Anuncio actualizado el 2 de diciembre,0,0,2.0,0,0,,en trámite,,0,0,38967778,0,,Tegueste,Calle federico fajardo," Calle federico fajardo , Tegueste , Tenerife, Santa Cruz de Tenerife ",,"Tenerife, Santa Cruz de Tenerife",320,,2019-04-14,450000,0,3.0,0,0,0,False,False,True,False,False,False,False,False,False,False,False,False,False,False,False,False,False,False,False,False,False,False,False,False,False,False,False
Anuncio actualizado el 12 de marzo,0,1,2.0,1,0,2002,no indicado,planta 2ª exterior,1,0,81448497,1,1,Tegueste,"Carretera General a Punta Hidalgo, 185"," Carretera General a Punta Hidalgo, 185 , Tegueste , Tenerife, Santa Cruz de Tenerife ",,"Tenerife, Santa Cruz de Tenerife",110,89,2019-04-14,161700,0,2.0,1,0,1,False,False,True,False,False,False,False,False,False,False,False,False,False,False,False,False,False,False,False,False,False,False,False,False,False,False,False
Anuncio actualizado el 19 de marzo,0,0,2.0,0,0,,no indicado,,0,0,84724284,7,,Tegueste,," , Tegueste , Tenerife, Santa Cruz de Tenerife ",,"Tenerife, Santa Cruz de Tenerife",500,,2019-04-14,298000,0,3.0,0,0,0,False,False,False,False,False,False,False,False,False,False,False,False,False,False,False,False,False,False,False,False,False,False,False,False,False,False,False
Anuncio actualizado el 14 de abril,0,0,2.0,0,0,,,,0,0,84779771,1,1,Tegueste,Carretera General a Punta Hidalgo," Carretera General a Punta Hidalgo , Tegueste , Tenerife, Santa Cruz de Tenerife ",,"Tenerife, Santa Cruz de Tenerife",109,89,2019-04-14,161700,0,2.0,0,0,0,False,False,False,False,False,False,False,False,False,False,False,False,False,False,False,False,False,False,False,False,False,False,False,False,False,False,False
Anuncio actualizado el 29 de marzo,0,1,2.0,0,0,,en trámite,,1,0,38420132,12,,Tegueste,"Calle las Flores, 10"," Calle las Flores, 10 , Tegueste , Tenerife, Santa Cruz de Tenerife ",,"Tenerife, Santa Cruz de Tenerife",512,,2019-04-14,196000,0,4.0,1,0,1,False,False,True,False,False,False,False,False,False,False,False,False,False,False,False,False,False,False,False,False,False,False,False,False,False,False,True
Anuncio actualizado el 24 de febrero,1,1,4.0,1,0,2010,,2 plantas,1,1,28710021,0,,Tegueste,Urb. TEGUESTE - EL SOCORRO," Urb. TEGUESTE - EL SOCORRO , Tegueste , Tenerife, Santa Cruz de Tenerife ",,"Tenerife, Santa Cruz de Tenerife",980,378,2019-04-14,690000,0,5.0,1,1,1,False,False,True,False,False,True,False,False,False,False,False,False,False,False,False,False,False,False,False,True,False,False,False,False,False,False,False
Anuncio actualizado el 7 de febrero,0,0,3.0,1,0,1999,en trámite,2 plantas,1,1,84165233,11,,Tegueste,"Camino Hondo, Tegueste s/n"," Camino Hondo, Tegueste s/n , Tegueste , Tenerife, Santa Cruz de Tenerife ",,"Tenerife, Santa Cruz de Tenerife",162,,2019-04-14,199000,0,3.0,0,0,0,False,False,True,False,False,False,False,False,False,False,False,False,False,False,False,False,False,False,False,False,False,False,False,False,False,False,False
Anuncio actualizado el 1 de marzo,0,1,4.0,0,0,,,3 plantas,0,0,38303643,0,,Tegueste,," , Tegueste , Tenerife, Santa Cruz de Tenerife ",,"Tenerife, Santa Cruz de Tenerife",979,,2019-04-14,690000,0,6.0,1,1,0,False,False,True,False,False,False,False,False,False,False,False,False,False,False,False,False,False,False,False,False,False,False,False,False,False,False,False
Anuncio actualizado el 6 de marzo,0,0,2.0,0,0,,,,0,1,36077939,0,,Tegueste,," , Tegueste , Tenerife, Santa Cruz de Tenerife ",,"Tenerife, Santa Cruz de Tenerife",948,,2019-04-14,350000,0,3.0,0,0,1,False,False,True,False,False,False,False,False,False,False,False,False,False,False,False,False,False,False,False,False,False,False,False,False,False,False,False
Anuncio actualizado el 22 de febrero,0,0,1.0,0,0,1989,en trámite,1 planta,0,1,39993793,7,,Tegueste,," , Tegueste , Tenerife, Santa Cruz de Tenerife ",,"Tenerife, Santa Cruz de Tenerife",6000,,2019-04-14,175000,0,2.0,0,0,1,False,False,False,True,False,False,False,False,False,False,False,False,False,False,False,False,False,False,False,False,False,False,False,True,False,False,False
Anuncio actualizado el 21 de febrero,0,0,2.0,0,0,,,bajo interior,0,0,81273111,1,0,Tegueste,"Camino HONDO, 13"," Camino HONDO, 13 , Tegueste , Tenerife, Santa Cruz de Tenerife ",,"Tenerife, Santa Cruz de Tenerife",112,98,2019-04-14,75000,0,4.0,0,0,0,False,False,False,True,False,False,False,False,False,False,False,False,False,True,False,False,False,False,False,False,False,False,False,False,False,False,False
Anuncio actualizado el 20 de diciembre,0,0,2.0,0,0,1978,en trámite,,0,1,36759620,0,,Tegueste,," , Tegueste , Tenerife, Santa Cruz de Tenerife ",,"Tenerife, Santa Cruz de Tenerife",1500,350,2019-04-14,465000,0,3.0,1,0,1,False,False,True,False,False,False,False,False,False,False,False,False,False,False,False,False,False,False,False,False,False,True,False,False,False,False,False
Anuncio actualizado el 5 de febrero,0,0,2.0,0,0,,en trámite,,0,1,82855328,7,,Tegueste,," , Tegueste , Tenerife, Santa Cruz de Tenerife ",,"Tenerife, Santa Cruz de Tenerife",914,195,2019-04-14,354000,0,3.0,1,1,1,False,False,False,False,False,False,False,False,False,False,False,False,False,False,False,False,False,False,False,False,False,False,False,True,False,False,False
Anuncio actualizado el 7 de marzo,0,0,2.0,1,0,1998,en trámite,bajo exterior,0,0,39420927,1,1,Tegueste,Urb. Tegueste," Urb. Tegueste , Tegueste , Tenerife, Santa Cruz de Tenerife ",,"Tenerife, Santa Cruz de Tenerife",124,106,2019-04-14,146500,0,3.0,1,0,1,False,False,False,False,False,False,False,False,False,False,False,False,False,False,False,False,False,False,False,False,False,False,False,False,False,False,False
Anuncio actualizado el 28 de febrero,0,0,3.0,1,0,,no indicado,2 plantas,1,1,30293561,0,,Tegueste,"Travesía los Laureles, 8"," Travesía los Laureles, 8 , Tegueste , Tenerife, Santa Cruz de Tenerife ",,"Tenerife, Santa Cruz de Tenerife",591,,2019-04-14,410000,0,5.0,1,0,1,False,False,True,False,False,False,False,False,False,False,False,False,False,False,False,False,False,False,False,False,False,False,False,False,False,False,False
Anuncio actualizado el 1 de abril,0,1,3.0,1,0,1996,en trámite,1 planta,1,1,39364348,0,,Tegueste,"Calle El Sardán, 17"," Calle El Sardán, 17 , Tegueste , Tenerife, Santa Cruz de Tenerife ",,"Tenerife, Santa Cruz de Tenerife",2660,580,2019-04-14,435000,1,5.0,1,0,1,False,False,True,False,False,False,False,False,False,False,False,False,False,False,False,False,False,False,False,True,False,False,False,False,False,False,False
Anuncio actualizado el 8 de abril,0,0,2.0,1,0,2006,,planta 1ª exterior,1,1,31433752,1,1,Tegueste,"Calle manuel gonzález, 8"," Calle manuel gonzález, 8 , Tegueste , Tenerife, Santa Cruz de Tenerife ",,"Tenerife, Santa Cruz de Tenerife",129,90,2019-04-14,155000,1,3.0,1,0,1,False,False,True,False,False,False,False,False,False,False,False,False,False,True,False,False,False,False,False,False,False,False,False,False,False,False,False
Anuncio actualizado el 13 de febrero,0,0,6.0,1,0,1999,en trámite,2 plantas,1,1,84261235,0,,Tegueste,Urb. Casco," Travesía los Laureles, 1 , Urb. Casco , Tegueste , Tenerife, Santa Cruz de Tenerife ","Travesía los Laureles, 1","Tenerife, Santa Cruz de Tenerife",1070,,2019-04-14,687500,0,7.0,1,0,1,False,False,True,False,False,False,False,False,False,False,False,False,False,False,False,False,False,False,False,False,False,False,False,False,False,False,False
Anuncio actualizado el 14 de febrero,0,0,3.0,1,0,1999,en trámite,3 plantas,1,1,84199931,11,,Tegueste,Urb. Pedro Alvarez," Camino Hondo, 71 , Urb. Pedro Alvarez , Tegueste , Tenerife, Santa Cruz de Tenerife ","Camino Hondo, 71","Tenerife, Santa Cruz de Tenerife",162,,2019-04-14,199000,0,3.0,0,0,1,False,False,True,False,False,False,False,False,False,False,False,False,False,False,False,False,False,False,False,False,False,False,False,False,False,False,False
Anuncio actualizado el 23 de enero,0,0,3.0,1,0,,,1 planta,1,1,40564829,0,,Tegueste,Camino Urbanización Las Rosetas," Camino Urbanización Las Rosetas , Tegueste , Tenerife, Santa Cruz de Tenerife ",,"Tenerife, Santa Cruz de Tenerife",970,200,2019-04-14,350000,1,3.0,1,0,1,False,False,True,False,False,False,False,False,False,False,False,False,False,False,False,False,False,False,False,False,False,False,False,True,False,False,False
Anuncio actualizado el 28 de noviembre,0,0,3.0,1,0,2006,en trámite,2 plantas,1,0,39659461,11,,Tegueste,Camino las Piteras," Camino las Piteras , Tegueste , Tenerife, Santa Cruz de Tenerife ",,"Tenerife, Santa Cruz de Tenerife",121,135,2019-04-14,180000,0,3.0,0,0,1,False,False,True,False,False,False,False,False,False,False,False,False,False,False,False,False,False,False,False,False,False,False,False,False,False,False,False
Anuncio actualizado el 13 de febrero,0,1,3.0,1,0,1988,,1 planta,1,1,83745655,0,,Tegueste,Urb. Tamarco," tabaiba 18 , Urb. Tamarco , Tegueste , Tenerife, Santa Cruz de Tenerife ",tabaiba 18,"Tenerife, Santa Cruz de Tenerife",922,235,2019-04-14,354000,1,4.0,1,1,1,False,False,True,False,False,False,False,False,False,False,False,False,False,True,False,False,False,False,False,False,False,False,False,False,False,False,False
Anuncio actualizado el 3 de abril,0,0,1.0,0,0,,en trámite,entreplanta exterior,1,1,83558514,1,1,Tegueste,"Calle Manuel González, 9"," Calle Manuel González, 9 , Tegueste , Tenerife, Santa Cruz de Tenerife ",,"Tenerife, Santa Cruz de Tenerife",112,95,2019-04-14,145000,0,3.0,1,0,1,False,False,True,False,False,False,False,False,False,False,False,False,False,False,False,False,False,False,False,False,False,False,False,True,False,False,False
Anuncio actualizado el 21 de febrero,0,0,3.0,1,0,2000,en trámite,2 plantas,1,1,84069968,12,,Tegueste,"Calle Tagre, 7"," Calle Tagre, 7 , Tegueste , Tenerife, Santa Cruz de Tenerife ",,"Tenerife, Santa Cruz de Tenerife",352,,2019-04-14,348000,0,5.0,1,1,1,False,False,True,False,False,False,False,False,False,False,False,False,False,True,False,False,False,False,False,False,False,False,False,False,False,False,False
Anuncio actualizado el 1 de marzo,0,0,1.0,1,0,2004,en trámite,bajo exterior,1,1,35818220,1,1,Tegueste,Urb. Las Toscas," Calle el Baldio , Urb. Las Toscas , Tegueste , Tenerife, Santa Cruz de Tenerife ",Calle el Baldio,"Tenerife, Santa Cruz de Tenerife",78,65,2019-04-14,120000,0,2.0,1,0,1,False,False,True,False,False,False,False,False,False,False,False,False,False,False,False,False,False,False,False,False,False,False,False,False,False,False,False
Anuncio actualizado el 10 de abril,0,0,2.0,1,0,2003,en trámite,2 plantas,1,0,83536627,11,,Tegueste,Calle los Hernández," Calle los Hernández , Tegueste , Tenerife, Santa Cruz de Tenerife ",,"Tenerife, Santa Cruz de Tenerife",70,200,2019-04-14,210000,0,4.0,1,0,1,False,False,True,False,False,False,False,False,False,False,False,False,False,False,False,False,False,False,False,False,False,False,False,False,False,False,False
Anuncio actualizado el 13 de abril,0,0,3.0,1,0,2001,en trámite,3 plantas,1,0,37838862,11,,Tegueste,"Mederos, 38"," Mederos, 38 , Tegueste , Tenerife, Santa Cruz de Tenerife ",,"Tenerife, Santa Cruz de Tenerife",225,200,2019-04-14,275000,0,4.0,0,0,1,False,False,True,False,False,False,False,False,False,False,False,False,False,False,False,False,True,False,False,False,False,False,False,False,False,False,False
Anuncio actualizado el 3 de enero,0,0,3.0,1,0,,en trámite,,1,0,40299578,0,,Tegueste,Las Rosetas s/n," Las Rosetas s/n , Tegueste , Tenerife, Santa Cruz de Tenerife ",,"Tenerife, Santa Cruz de Tenerife",985,,2019-04-14,350000,0,3.0,0,0,1,False,False,True,False,False,False,False,False,False,False,False,False,False,False,False,False,False,False,False,False,False,False,False,False,False,False,False
Anuncio actualizado el 6 de diciembre,0,0,3.0,1,0,,en trámite,3 plantas,1,1,82955662,0,,Tegueste,Urb. URB. TAMARCO," Calle Guaydil, Tegueste, 64 , Urb. URB. TAMARCO , Tegueste , Tenerife, Santa Cruz de Tenerife ","Calle Guaydil, Tegueste, 64","Tenerife, Santa Cruz de Tenerife",450,239,2019-04-14,350000,0,4.0,1,0,1,False,False,True,False,False,True,False,False,False,False,False,False,False,False,False,False,False,False,False,True,False,False,False,False,False,False,False
Anuncio actualizado el 13 de febrero,0,0,1.0,0,0,,en trámite,,1,0,39908463,2,,Tegueste,"Camino Calle las Vueltas, 95"," Camino Calle las Vueltas, 95 , Tegueste , Tenerife, Santa Cruz de Tenerife ",,"Tenerife, Santa Cruz de Tenerife",3150,194,2019-04-14,165000,0,2.0,0,0,1,False,False,False,True,False,False,False,False,False,False,False,False,False,True,False,False,False,False,False,False,False,False,False,False,False,False,False
Anuncio actualizado el 13 de febrero,1,1,5.0,1,0,2007,en trámite,3 plantas,1,1,84261240,0,,Tegueste,Urb. El Socorro," Calle Culantrillo, 4 , Urb. El Socorro , Tegueste , Tenerife, Santa Cruz de Tenerife ","Calle Culantrillo, 4","Tenerife, Santa Cruz de Tenerife",970,,2019-04-14,690000,0,4.0,1,1,1,False,False,True,False,True,False,False,False,False,False,False,False,False,False,False,False,False,False,False,False,False,False,False,False,False,False,False
Anuncio actualizado el 5 de abril,0,0,3.0,0,0,,en trámite,3 plantas,1,0,83912182,11,,Tegueste,"Calle la Audiencia, Tegueste s/n"," Calle la Audiencia, Tegueste s/n , Tegueste , Tenerife, Santa Cruz de Tenerife ",,"Tenerife, Santa Cruz de Tenerife",165,,2019-04-14,214990,0,4.0,0,0,0,False,False,True,False,False,False,False,False,False,False,False,False,False,False,False,False,False,False,False,False,False,False,False,False,False,False,False
Anuncio actualizado el 12 de abril,0,1,2.0,0,0,2004,,planta 3ª exterior,1,0,83038596,5,1,Tegueste,Urb. Portezuelo," Carretera Portezuelo las Toscas , Urb. Portezuelo , Tegueste , Tenerife, Santa Cruz de Tenerife ",Carretera Portezuelo las Toscas,"Tenerife, Santa Cruz de Tenerife",90,81,2019-04-14,119000,0,3.0,1,0,1,False,False,True,False,False,False,False,False,False,False,True,False,False,True,False,False,False,False,False,False,False,False,False,False,False,False,False
Anuncio actualizado el 9 de enero,0,0,2.0,0,0,,en trámite,,1,0,81899683,0,,Tegueste,"Calle Ayala I, Tegueste, 1"," Calle Ayala I, Tegueste, 1 , Tegueste , Tenerife, Santa Cruz de Tenerife ",,"Tenerife, Santa Cruz de Tenerife",170,165,2019-04-14,190000,0,3.0,0,0,0,False,False,True,False,False,False,False,False,False,False,False,False,False,True,False,False,False,False,False,False,False,False,False,False,False,False,False
Anuncio actualizado el 11 de febrero,0,0,1.0,0,0,1960,en trámite,1 planta,0,0,81939891,3,,Tegueste,"Carretera de las Canteras a Pedro Alvarez, Tegueste, 51"," Carretera de las Canteras a Pedro Alvarez, Tegueste, 51 , Tegueste , Tenerife, Santa Cruz de Tenerife ",,"Tenerife, Santa Cruz de Tenerife",3000,109,2019-04-14,350000,0,2.0,0,0,0,False,False,False,True,False,False,False,False,False,False,False,False,False,True,False,False,False,False,False,False,False,False,False,False,False,False,False
Anuncio actualizado el 8 de abril,0,0,2.0,1,0,2002,,3 plantas,0,0,84100027,7,,Tegueste,"Calle los Hernández, 11"," Calle los Hernández, 11 , Tegueste , Tenerife, Santa Cruz de Tenerife ",,"Tenerife, Santa Cruz de Tenerife",215,,2019-04-14,210000,0,4.0,0,0,0,False,False,False,False,False,False,False,False,False,False,False,False,False,False,False,False,False,False,False,False,False,False,False,False,False,False,False
Anuncio actualizado el 13 de abril,0,0,1.0,0,0,,no indicado,1 planta,0,1,83871739,2,,Tegueste,"Calle Juan Daniel Darias, 1"," Calle Juan Daniel Darias, 1 , Tegueste , Tenerife, Santa Cruz de Tenerife ",,"Tenerife, Santa Cruz de Tenerife",180,,2019-04-14,170000,0,2.0,0,1,1,False,False,True,False,False,False,False,False,False,False,True,False,False,True,False,False,False,False,False,False,False,False,False,False,False,False,False
Anuncio actualizado el 12 de abril,0,0,2.0,1,0,2002,,3 plantas,0,1,84844429,7,,Tegueste,"Calle la Audiencia, 41"," Calle la Audiencia, 41 , Tegueste , Tenerife, Santa Cruz de Tenerife ",,"Tenerife, Santa Cruz de Tenerife",17,,2019-04-14,235000,0,3.0,0,0,0,False,False,False,False,False,False,False,False,False,False,False,False,False,False,False,False,False,False,False,False,False,False,False,False,False,False,False
Anuncio actualizado el 11 de abril,0,0,4.0,1,0,1975,en trámite,3 plantas,0,1,83743169,0,,Tegueste,Carretera de las Canteras a Pedro Alvarez," Carretera de las Canteras a Pedro Alvarez , Tegueste , Tenerife, Santa Cruz de Tenerife ",,"Tenerife, Santa Cruz de Tenerife",1326,,2019-04-14,255000,0,4.0,0,0,1,False,False,False,False,False,False,False,False,False,False,False,False,False,False,False,False,False,False,False,False,False,False,False,False,False,False,False
Anuncio actualizado el 10 de abril,0,0,2.0,0,0,2007,no indicado,planta 1ª exterior,1,0,85008197,1,1,Tegueste,Manuel González," Manuel González , Tegueste , Tenerife, Santa Cruz de Tenerife ",,"Tenerife, Santa Cruz de Tenerife",108,105,2019-04-14,145000,0,3.0,1,0,1,False,False,True,False,False,False,False,True,False,False,False,False,False,False,False,False,False,False,False,False,False,True,False,False,False,False,False
Anuncio actualizado el 13 de marzo,0,0,1.0,1,0,2000,en trámite,planta 1ª exterior,1,0,82914550,1,1,Tegueste,"Calle Barbuzano, 2"," Calle Barbuzano, 2 , Tegueste , Tenerife, Santa Cruz de Tenerife ",,"Tenerife, Santa Cruz de Tenerife",57,55,2019-04-14,86000,0,1.0,0,0,0,False,False,True,False,False,False,False,False,False,False,False,False,False,True,False,False,False,False,False,False,False,False,False,False,False,False,False
Anuncio actualizado el 9 de enero,0,0,4.0,1,0,,en trámite,2 plantas,1,1,35268384,0,,Tegueste,"Calle Guaydil, 7"," Calle Guaydil, 7 , Tegueste , Tenerife, Santa Cruz de Tenerife ",,"Tenerife, Santa Cruz de Tenerife",640,528,2019-04-14,390000,0,6.0,1,0,1,False,False,True,False,False,False,False,False,False,False,False,False,False,False,False,False,False,False,False,False,False,False,False,True,False,False,False
Anuncio actualizado el 2 de abril,0,1,3.0,1,0,,en trámite,2 plantas,1,1,39608988,0,,Tegueste,"Carretera TF-13, 30"," Carretera TF-13, 30 , Tegueste , Tenerife, Santa Cruz de Tenerife ",,"Tenerife, Santa Cruz de Tenerife",1146,292,2019-04-14,246000,0,4.0,1,0,1,False,False,False,True,False,True,False,False,False,False,False,False,False,False,False,False,False,False,False,False,False,False,False,False,False,False,False
Anuncio actualizado el 1 de abril,0,0,2.0,1,0,2005,en trámite,bajo exterior,1,1,82253376,8,1,Tegueste,"Carretera de el portezuelo a las toscas, 299"," Carretera de el portezuelo a las toscas, 299 , Tegueste , Tenerife, Santa Cruz de Tenerife ",,"Tenerife, Santa Cruz de Tenerife",149,131,2019-04-14,170000,1,3.0,0,0,0,False,False,True,False,False,False,False,False,False,False,False,False,False,True,False,False,False,False,False,False,False,False,False,False,False,False,False
Anuncio actualizado el 6 de marzo,0,0,1.0,0,0,1960,en trámite,,0,0,84358960,7,,Tegueste,Carretera Portezuelo las Toscas," Carretera Portezuelo las Toscas , Tegueste , Tenerife, Santa Cruz de Tenerife ",,"Tenerife, Santa Cruz de Tenerife",250,,2019-04-14,57000,0,3.0,0,0,0,False,False,False,False,False,False,False,False,False,False,False,False,False,False,False,False,False,False,False,False,False,False,False,False,False,False,False
Anuncio actualizado el 1 de diciembre,0,0,3.0,0,0,,en trámite,2 plantas,1,1,82704777,11,,Tegueste,"Calle Tagre, Tegueste"," Calle Tagre, Tegueste , Tegueste , Tenerife, Santa Cruz de Tenerife ",,"Tenerife, Santa Cruz de Tenerife",500,,2019-04-14,350000,0,4.0,0,1,1,False,False,True,False,False,False,False,False,False,False,False,False,False,False,False,False,False,False,False,False,False,False,False,False,False,False,False
Anuncio actualizado el 11 de septiembre,0,0,1.0,0,0,,en trámite,bajo exterior,1,0,38245986,1,0,Tegueste,Tegueste," Tegueste , Tegueste , Tenerife, Santa Cruz de Tenerife ",,"Tenerife, Santa Cruz de Tenerife",50,,2019-04-14,75000,0,1.0,0,0,0,False,False,True,False,False,False,False,False,False,False,False,False,False,False,False,False,False,False,False,False,False,False,False,False,False,False,False
Anuncio actualizado el 23 de enero,0,0,3.0,0,0,,en trámite,,1,0,83956654,11,,Tegueste,Tegueste," Tegueste , Tegueste , Tenerife, Santa Cruz de Tenerife ",,"Tenerife, Santa Cruz de Tenerife",220,200,2019-04-14,275000,0,4.0,0,0,1,False,False,True,False,False,False,False,False,False,False,False,False,False,False,False,False,False,False,False,False,False,False,False,False,False,False,False
Anuncio actualizado el 18 de marzo,0,0,2.0,0,0,,en trámite,bajo exterior,0,0,84702143,1,0,Tegueste,Tegueste," Tegueste , Tegueste , Tenerife, Santa Cruz de Tenerife ",,"Tenerife, Santa Cruz de Tenerife",112,98,2019-04-14,75000,0,4.0,0,0,0,False,False,False,True,False,False,False,False,False,False,False,False,False,False,False,False,False,False,False,False,False,False,False,False,False,False,False
Anuncio actualizado el 9 de abril,0,0,3.0,0,0,,no indicado,,0,1,84576020,7,,Tegueste,," , Tegueste , Tenerife, Santa Cruz de Tenerife ",,"Tenerife, Santa Cruz de Tenerife",2370,280,2019-04-14,548000,0,5.0,0,0,0,False,False,False,False,False,False,False,False,False,False,False,False,False,False,False,False,False,False,False,False,False,False,False,False,False,False,False
Anuncio actualizado el 11 de abril,0,1,2.0,1,0,2000,en trámite,2 plantas,1,0,84628766,11,,Tegueste,FUENTE EL MILAGRO," FUENTE EL MILAGRO , Tegueste , Tenerife, Santa Cruz de Tenerife ",,"Tenerife, Santa Cruz de Tenerife",90,175,2019-04-14,160000,0,3.0,1,0,1,False,False,True,False,False,False,False,False,False,False,False,False,False,False,False,False,False,False,False,False,False,False,False,False,False,False,False
Anuncio actualizado el 25 de octubre,0,0,2.0,1,0,1993,en trámite,1 planta,1,1,82211354,0,,Tegueste,Urb. Las Rosetas," Camino Urbanización las Rosetas , Urb. Las Rosetas , Tegueste , Tenerife, Santa Cruz de Tenerife ",Camino Urbanización las Rosetas,"Tenerife, Santa Cruz de Tenerife",1500,,2019-04-14,465000,0,3.0,1,0,1,False,False,False,False,False,False,False,False,False,False,False,False,False,False,False,False,False,False,False,False,False,False,False,False,False,False,False
Anuncio actualizado el 27 de septiembre,0,0,4.0,1,0,1982,,3 plantas,1,0,82478115,11,,Tegueste,"Calle Alcalde Máximo González, Tegueste"," Calle Alcalde Máximo González, Tegueste , Tegueste , Tenerife, Santa Cruz de Tenerife ",,"Tenerife, Santa Cruz de Tenerife",223,230,2019-04-14,299000,0,4.0,1,0,1,False,False,True,False,False,False,False,False,False,False,False,False,False,False,False,False,False,False,False,False,False,False,False,False,False,False,False
Anuncio actualizado el 13 de febrero,0,0,3.0,1,0,1999,en trámite,3 plantas,1,1,84152537,0,,Tegueste,Calle Las Tuneras," Calle Las Tuneras , Tegueste , Tenerife, Santa Cruz de Tenerife ",,"Tenerife, Santa Cruz de Tenerife",352,220,2019-04-14,360000,0,5.0,0,0,0,False,False,True,False,False,False,False,False,False,False,False,False,False,False,False,False,False,False,False,False,False,False,False,False,False,False,False
Anuncio actualizado el 19 de febrero,0,0,3.0,1,0,2009,,2 plantas,1,0,83450382,11,,Tegueste,"Calle los Hernández, Tegueste"," Calle los Hernández, Tegueste , Tegueste , Tenerife, Santa Cruz de Tenerife ",,"Tenerife, Santa Cruz de Tenerife",120,140,2019-04-14,220000,0,4.0,1,0,1,False,False,True,False,False,False,False,False,False,False,False,False,False,False,False,False,False,False,False,False,False,False,False,False,False,False,True
Anuncio actualizado el 28 de marzo,0,0,2.0,1,0,1987,en trámite,2 plantas,0,1,84563220,0,,Tegueste,"Calle Marques de Celada, 25"," Calle Marques de Celada, 25 , Tegueste , Tenerife, Santa Cruz de Tenerife ",,"Tenerife, Santa Cruz de Tenerife",1400,,2019-04-14,680000,0,5.0,0,0,0,False,False,True,False,False,False,False,False,False,False,False,False,False,False,False,False,False,False,False,False,False,False,False,False,False,False,False
Anuncio actualizado el 29 de noviembre,1,0,4.0,0,0,1990,,2 plantas,1,1,83329063,0,,Tegueste,"Camino MESA MOTA, 45"," Camino MESA MOTA, 45 , Tegueste , Tenerife, Santa Cruz de Tenerife ",,"Tenerife, Santa Cruz de Tenerife",153,130,2019-04-14,890000,0,5.0,0,0,1,False,False,True,False,False,False,False,False,False,False,False,True,False,False,False,False,False,False,False,False,False,False,False,False,False,False,False
Anuncio actualizado el 9 de abril,0,0,2.0,0,0,1990,,1 planta,0,0,40156705,7,,Tegueste,"Calle Mederos, 48"," Calle Mederos, 48 , Tegueste , Tenerife, Santa Cruz de Tenerife ",,"Tenerife, Santa Cruz de Tenerife",89,78,2019-04-14,375000,0,3.0,0,0,1,False,False,False,False,False,False,False,False,False,False,False,False,False,False,False,False,False,False,False,False,False,False,False,False,False,False,False
Anuncio actualizado el 2 de enero,0,0,2.0,1,0,2005,en trámite,bajo exterior,1,0,38881237,1,1,Tegueste,Calle Manuel González," Calle Manuel González , Tegueste , Tenerife, Santa Cruz de Tenerife ",,"Tenerife, Santa Cruz de Tenerife",96,90,2019-04-14,135900,0,3.0,0,0,1,False,False,True,False,False,False,False,False,False,False,False,False,False,False,False,False,False,False,False,False,False,False,False,False,False,False,False
Anuncio actualizado el 3 de abril,0,0,1.0,1,0,,en trámite,planta 1ª exterior,0,0,84358882,1,,Tegueste,Calle el Carmen," Calle el Carmen , Tegueste , Tenerife, Santa Cruz de Tenerife ",,"Tenerife, Santa Cruz de Tenerife",95,,2019-04-14,110000,0,2.0,0,0,1,False,False,False,False,False,False,False,False,False,False,False,False,False,False,False,False,False,False,False,False,False,False,False,False,False,False,False
Anuncio actualizado el 9 de abril,0,0,2.0,0,0,1970,,1 planta,0,0,81183389,7,,Tegueste,"Callejón Gertrudis, 9"," Callejón Gertrudis, 9 , Tegueste , Tenerife, Santa Cruz de Tenerife ",,"Tenerife, Santa Cruz de Tenerife",347,294,2019-04-14,217000,0,4.0,0,0,0,False,False,False,False,False,False,False,False,False,False,False,False,False,False,False,False,False,False,False,False,False,False,False,False,False,False,False
Anuncio actualizado el 10 de abril,0,0,1.0,0,0,1960,en trámite,1 planta,0,1,83799142,7,,Tegueste,"Carretera General a Punta Hidalgo, 30"," Carretera General a Punta Hidalgo, 30 , Tegueste , Tenerife, Santa Cruz de Tenerife ",,"Tenerife, Santa Cruz de Tenerife",1678,160,2019-04-14,199000,0,4.0,0,0,0,False,False,False,False,False,False,False,False,False,False,False,False,False,False,False,False,False,False,False,False,False,False,False,False,False,False,False
Anuncio actualizado el 8 de abril,0,1,5.0,0,0,1998,en trámite,3 plantas,0,1,83817415,7,,Tegueste,"Calle Hierba Mora, 8"," Calle Hierba Mora, 8 , Tegueste , Tenerife, Santa Cruz de Tenerife ",,"Tenerife, Santa Cruz de Tenerife",490,,2019-04-14,810000,0,5.0,0,1,1,False,False,False,False,False,False,False,False,False,False,False,False,False,False,False,False,False,False,False,False,False,False,False,False,False,False,False
Anuncio actualizado el 10 de abril,0,0,3.0,1,0,,,2 plantas,1,0,85022362,11,,Tegueste,"Calle ALCALDE RAFAEL SUAREZ, 11"," Calle ALCALDE RAFAEL SUAREZ, 11 , Tegueste , Tenerife, Santa Cruz de Tenerife ",,"Tenerife, Santa Cruz de Tenerife",195,165,2019-04-14,189000,0,3.0,0,0,0,False,False,True,False,False,False,False,False,False,False,False,True,False,False,False,False,False,False,False,False,False,False,False,False,False,False,False
Anuncio actualizado el 12 de abril,0,0,5.0,1,0,1999,,2 plantas,1,1,84269614,0,,Tegueste,Calle Los Laures," Calle Los Laures , Tegueste , Tenerife, Santa Cruz de Tenerife ",,"Tenerife, Santa Cruz de Tenerife",1012,,2019-04-14,687500,0,7.0,1,0,1,False,False,True,False,False,False,False,False,False,False,False,False,False,False,False,False,False,False,False,False,False,False,False,False,False,False,False
ad_last_update,air_conditioner,balcony,0.0,built_in_wardrobe,chimney,construct_date,energetic_certif,floor,1,garden,house_id,13,lift,loc_city,loc_district,loc_full,loc_neigh,loc_zone,m2_real,m2_useful,obtention_date,price,reduced_mobility,0.0,storage_room,swimming_pool,terrace,True,False,False,False,False,False,False,False,False,True,False,False,False,False,False,False,False,False,False,False,False,False,True,False,False,False,False
Anuncio actualizado el 10 de abril,0,1,3.0,1,0,2000,,2 plantas,1,1,36045544,11,,Tacoronte,Distrito Tacoronte - Los Naranjeros," Callejón de Gómez , Distrito Tacoronte - Los Naranjeros , Tacoronte , Tenerife, Santa Cruz de Tenerife ",Callejón de Gómez,"Tenerife, Santa Cruz de Tenerife",260,200,2019-04-14,235000,0,4.0,1,0,1,False,False,True,False,False,False,False,False,False,False,False,False,False,True,False,False,False,False,False,False,False,False,False,False,False,False,False
más de 5 meses sin actualizar,0,0,2.0,0,0,,no indicado,3 plantas,1,0,37676622,11,,Tacoronte,Distrito Tacoronte - Los Naranjeros," Calle Lomo Colorado, 54 B , Distrito Tacoronte - Los Naranjeros , Tacoronte , Tenerife, Santa Cruz de Tenerife ","Calle Lomo Colorado, 54 B","Tenerife, Santa Cruz de Tenerife",147,,2019-04-14,166500,0,3.0,0,0,0,False,False,True,False,False,False,False,False,False,False,False,False,False,False,False,False,False,False,False,False,False,False,False,False,False,False,False
más de 5 meses sin actualizar,0,0,1.0,0,0,,no indicado,planta 3ª exterior,0,0,81962876,6,1,Tacoronte,Distrito Guayonje - Mesa del Mar," Calle mesas del mar s/n , Distrito Guayonje - Mesa del Mar , Tacoronte , Tenerife, Santa Cruz de Tenerife ",Calle mesas del mar s/n,"Tenerife, Santa Cruz de Tenerife",55,,2019-04-14,85000,0,0.0,0,0,0,False,False,True,False,False,False,False,False,False,False,False,False,False,False,False,False,False,False,False,False,False,False,False,False,False,False,False
más de 5 meses sin actualizar,0,0,1.0,0,0,,no indicado,planta 6ª exterior,0,0,27541761,1,1,Tacoronte,Distrito El Pris - Juan Fernández," Carretera el Pris, 103 , Distrito El Pris - Juan Fernández , Tacoronte , Tenerife, Santa Cruz de Tenerife ","Carretera el Pris, 103","Tenerife, Santa Cruz de Tenerife",45,,2019-04-14,72000,0,1.0,0,0,0,False,False,True,False,False,False,False,False,False,False,False,False,False,False,False,False,False,False,False,False,False,False,False,False,False,False,False
más de 5 meses sin actualizar,0,0,3.0,0,0,,no indicado,,1,0,82835722,0,,Tacoronte,Distrito Tacoronte - Los Naranjeros," Calle el Trazo, 3 , Distrito Tacoronte - Los Naranjeros , Tacoronte , Tenerife, Santa Cruz de Tenerife ","Calle el Trazo, 3","Tenerife, Santa Cruz de Tenerife",700,,2019-04-14,480000,0,4.0,0,0,0,False,False,True,False,False,False,False,False,False,False,False,False,False,False,False,False,False,False,False,False,False,False,False,False,False,False,False
más de 5 meses sin actualizar,0,0,1.0,0,0,,no indicado,bajo exterior,0,0,34615675,6,0,Tacoronte,Distrito Guayonje - Mesa del Mar," Calle doctor ernesto castro fariñas, 78 , Urb. Mesas del Mar , Distrito Guayonje - Mesa del Mar , Tacoronte , Tenerife, Santa Cruz de Tenerife ",Urb. Mesas del Mar,"Tenerife, Santa Cruz de Tenerife",49,,2019-04-14,55000,0,0.0,0,0,0,False,False,True,False,False,False,False,False,False,False,False,False,False,False,False,False,False,False,False,False,False,False,False,False,False,False,False
más de 5 meses sin actualizar,0,0,3.0,0,0,,no indicado,,1,0,335939,12,,Tacoronte,Distrito Tacoronte - Los Naranjeros," Calle Sebastian Machado, 4 a , Distrito Tacoronte - Los Naranjeros , Tacoronte , Tenerife, Santa Cruz de Tenerife ","Calle Sebastian Machado, 4 a","Tenerife, Santa Cruz de Tenerife",120,,2019-04-14,189000,0,3.0,1,0,1,False,False,True,False,False,False,False,False,False,False,False,False,False,False,False,False,False,False,False,False,False,False,False,False,False,False,False
más de 5 meses sin actualizar,0,1,1.0,1,0,,en trámite,planta 1ª exterior,1,0,39649584,1,1,Tacoronte,Distrito Tacoronte - Los Naranjeros," Calle Cesar Manrique, 19 , Distrito Tacoronte - Los Naranjeros , Tacoronte , Tenerife, Santa Cruz de Tenerife ","Calle Cesar Manrique, 19","Tenerife, Santa Cruz de Tenerife",62,,2019-04-14,75000,0,2.0,0,0,0,False,False,True,False,False,False,False,False,False,False,False,False,False,False,False,False,False,False,False,False,False,False,False,True,False,False,False
más de 5 meses sin actualizar,0,1,2.0,0,0,,,,1,0,40326370,0,,Tacoronte,Distrito Agua García - Juan Fernández," Carretera a la Esperanza, 46 , Distrito Agua García - Juan Fernández , Tacoronte , Tenerife, Santa Cruz de Tenerife ","Carretera a la Esperanza, 46","Tenerife, Santa Cruz de Tenerife",2800,,2019-04-14,320000,0,6.0,1,0,1,False,False,True,False,False,False,False,False,False,False,False,False,False,False,False,False,False,False,False,False,False,False,False,False,False,False,False
más de 5 meses sin actualizar,0,0,1.0,1,0,,,bajo interior,1,1,34785236,8,0,Tacoronte,Distrito Tacoronte - Los Naranjeros," Calle El Torreón, 1 , Distrito Tacoronte - Los Naranjeros , Tacoronte , Tenerife, Santa Cruz de Tenerife ","Calle El Torreón, 1","Tenerife, Santa Cruz de Tenerife",90,,2019-04-14,120000,0,3.0,1,0,1,False,False,True,False,False,False,False,False,False,False,False,False,False,False,False,False,False,False,False,False,False,False,False,False,False,False,False
más de 5 meses sin actualizar,0,0,1.0,1,0,2007,,planta 2ª exterior,0,0,81470956,1,1,Tacoronte,Distrito Tacoronte - Los Naranjeros," Carretera Tacoronte-Tejina, 2 , Distrito Tacoronte - Los Naranjeros , Tacoronte , Tenerife, Santa Cruz de Tenerife ","Carretera Tacoronte-Tejina, 2","Tenerife, Santa Cruz de Tenerife",75,,2019-04-14,78000,0,2.0,0,0,0,False,False,True,False,False,False,False,False,False,False,False,False,False,False,False,False,False,False,False,False,False,False,False,False,False,False,False
más de 5 meses sin actualizar,1,0,4.0,1,0,,,3 plantas,1,1,30070919,0,,Tacoronte,Distrito Guayonje - Mesa del Mar," Calle Medico Ernesto Castro, 41 , Urb. Mesa del Mar , Distrito Guayonje - Mesa del Mar , Tacoronte , Tenerife, Santa Cruz de Tenerife ",Urb. Mesa del Mar,"Tenerife, Santa Cruz de Tenerife",600,,2019-04-14,490000,0,4.0,1,1,1,False,False,True,False,False,False,False,False,False,False,False,False,False,False,False,False,False,False,False,False,False,False,False,False,False,False,False
más de 5 meses sin actualizar,0,1,3.0,1,0,,en trámite,4 plantas,1,0,30417269,12,,Tacoronte,Distrito Tacoronte - Los Naranjeros," Carretera General del norte 250 B - Vda 2, 250 , Urb. Residencial Noelia , Distrito Tacoronte - Los Naranjeros , Tacoronte , Tenerife, Santa Cruz de Tenerife ",Urb. Residencial Noelia,"Tenerife, Santa Cruz de Tenerife",285,190,2019-04-14,222000,0,3.0,1,0,1,False,False,True,False,False,False,False,False,False,False,False,False,False,True,False,False,False,False,False,False,False,False,False,False,False,False,False
más de 5 meses sin actualizar,0,0,2.0,1,0,,no indicado,2 plantas,1,1,36333431,0,,Tacoronte,Distrito Santa Catalina," Calle el Laurel, 1 , Urb. Jardín del Sol , Distrito Santa Catalina , Tacoronte , Tenerife, Santa Cruz de Tenerife ",Urb. Jardín del Sol,"Tenerife, Santa Cruz de Tenerife",1317,,2019-04-14,350000,0,6.0,1,0,1,False,False,False,True,False,False,False,False,False,False,False,False,False,False,False,False,False,False,False,False,False,True,False,False,False,False,False
Anuncio actualizado el 29 de noviembre,0,1,3.0,0,0,,no indicado,2 plantas,1,1,83339022,0,,Tacoronte,Distrito Tacoronte - Los Naranjeros," Calle Nueva s/n , Distrito Tacoronte - Los Naranjeros , Tacoronte , Tenerife, Santa Cruz de Tenerife ",Calle Nueva s/n,"Tenerife, Santa Cruz de Tenerife",1000,,2019-04-14,290000,0,4.0,1,0,0,False,False,False,True,False,False,False,False,False,False,False,False,False,False,False,False,False,False,False,False,False,False,False,False,False,False,False
Anuncio actualizado el 12 de febrero,0,0,2.0,0,0,,no indicado,1 planta,1,1,84242670,0,,Tacoronte,Distrito El Pris - Juan Fernández," Carretera General Tejina-Tacoronte, 221 , Distrito El Pris - Juan Fernández , Tacoronte , Tenerife, Santa Cruz de Tenerife ","Carretera General Tejina-Tacoronte, 221","Tenerife, Santa Cruz de Tenerife",168,,2019-04-14,175000,0,5.0,0,0,1,False,False,True,False,False,False,False,False,False,False,False,False,False,False,False,False,False,False,False,False,False,False,False,False,False,False,False
Anuncio actualizado el 31 de marzo,0,1,1.0,0,0,,no indicado,planta 2ª exterior,0,0,82899884,1,0,Tacoronte,Distrito El Pris - Juan Fernández," Carretera el Pris, 111 , Distrito El Pris - Juan Fernández , Tacoronte , Tenerife, Santa Cruz de Tenerife ","Carretera el Pris, 111","Tenerife, Santa Cruz de Tenerife",70,,2019-04-14,80000,0,2.0,0,0,0,False,False,True,False,False,False,False,False,False,False,False,False,False,False,False,False,False,False,False,False,False,False,False,False,False,False,False
Anuncio actualizado el 11 de enero,0,0,1.0,0,0,,no indicado,1 planta,0,0,83808876,3,,Tacoronte,Distrito Tacoronte - Los Naranjeros," Calle el Torreon s/n , Distrito Tacoronte - Los Naranjeros , Tacoronte , Tenerife, Santa Cruz de Tenerife ",Calle el Torreon s/n,"Tenerife, Santa Cruz de Tenerife",2600,,2019-04-14,80000,0,1.0,0,0,0,False,False,True,False,False,False,False,False,False,False,False,False,False,False,False,False,False,False,False,False,False,False,False,False,False,False,False
Anuncio actualizado el 4 de febrero,0,0,2.0,0,0,,no indicado,,1,0,84136318,11,,Tacoronte,Distrito Santa Catalina," Calle Cercado del Arroyo, 3 , Distrito Santa Catalina , Tacoronte , Tenerife, Santa Cruz de Tenerife ","Calle Cercado del Arroyo, 3","Tenerife, Santa Cruz de Tenerife",107,,2019-04-14,200000,0,3.0,0,0,0,False,False,True,False,False,False,False,False,False,False,False,False,False,False,False,False,False,False,False,False,False,False,False,False,False,False,False
Anuncio actualizado el 2 de diciembre,0,0,4.0,1,0,,en trámite,,1,1,83294742,0,,Tacoronte,Distrito Tacoronte - Los Naranjeros," Calle Valerio J. Padrón, 90 , Distrito Tacoronte - Los Naranjeros , Tacoronte , Tenerife, Santa Cruz de Tenerife ","Calle Valerio J. Padrón, 90","Tenerife, Santa Cruz de Tenerife",486,185,2019-04-14,490000,0,3.0,0,0,1,False,False,True,False,True,False,False,False,False,False,False,False,False,True,False,False,False,False,False,False,False,False,False,False,False,False,False
Anuncio actualizado el 1 de abril,0,0,1.0,0,0,,,,1,0,84422639,1,1,Tacoronte,Distrito Guayonje - Mesa del Mar," , Distrito Guayonje - Mesa del Mar , Tacoronte , Tenerife, Santa Cruz de Tenerife ",,"Tenerife, Santa Cruz de Tenerife",55,,2019-04-14,73278,0,2.0,0,1,0,False,False,False,False,False,False,False,False,False,False,False,False,False,False,False,False,False,False,False,False,False,False,False,False,False,False,False
Anuncio actualizado el 12 de diciembre,0,0,1.0,0,0,,,,0,0,83556688,12,,Tacoronte,Distrito Tacoronte - Los Naranjeros," , Distrito Tacoronte - Los Naranjeros , Tacoronte , Tenerife, Santa Cruz de Tenerife ",,"Tenerife, Santa Cruz de Tenerife",97,91,2019-04-14,98000,0,3.0,0,0,0,False,False,True,False,False,False,False,False,False,False,False,False,False,False,False,False,False,False,False,False,False,False,False,False,False,False,False
Anuncio actualizado el 10 de abril,0,1,1.0,1,0,,en trámite,planta 1ª,0,0,37444297,1,,Tacoronte,Distrito Tacoronte - Los Naranjeros," , Distrito Tacoronte - Los Naranjeros , Tacoronte , Tenerife, Santa Cruz de Tenerife ",,"Tenerife, Santa Cruz de Tenerife",95,90,2019-04-14,95000,0,3.0,1,0,1,False,False,True,False,False,False,False,False,False,False,False,False,False,False,False,False,False,False,False,False,False,False,False,False,False,False,False
Anuncio actualizado el 11 de abril,1,1,1.0,1,0,,en trámite,,1,0,37999414,1,1,Tacoronte,Distrito Tacoronte - Los Naranjeros," , Distrito Tacoronte - Los Naranjeros , Tacoronte , Tenerife, Santa Cruz de Tenerife ",,"Tenerife, Santa Cruz de Tenerife",89,,2019-04-14,136000,0,3.0,1,0,0,False,False,True,False,False,False,True,False,False,False,False,False,False,False,False,False,False,False,False,False,False,False,False,False,False,False,False
Anuncio actualizado el 10 de abril,0,0,1.0,1,0,,en trámite,,1,0,38086591,1,,Tacoronte,Distrito Santa Catalina," , Distrito Santa Catalina , Tacoronte , Tenerife, Santa Cruz de Tenerife ",,"Tenerife, Santa Cruz de Tenerife",90,,2019-04-14,119000,0,3.0,1,0,0,False,False,True,False,False,False,False,False,False,False,False,False,False,False,False,False,False,False,False,False,False,False,False,False,False,False,False
Anuncio actualizado el 10 de abril,0,1,1.0,1,0,,en trámite,,0,0,37657972,7,,Tacoronte,Distrito Tacoronte - Los Naranjeros," , Distrito Tacoronte - Los Naranjeros , Tacoronte , Tenerife, Santa Cruz de Tenerife ",,"Tenerife, Santa Cruz de Tenerife",110,105,2019-04-14,149000,0,2.0,1,0,1,False,False,True,False,False,False,False,False,False,False,False,False,False,False,False,False,False,False,False,False,False,True,False,False,False,False,False
Anuncio actualizado el 10 de abril,0,0,2.0,1,0,,en trámite,,1,0,81472467,0,,Tacoronte,Distrito Tacoronte - Los Naranjeros," , Distrito Tacoronte - Los Naranjeros , Tacoronte , Tenerife, Santa Cruz de Tenerife ",,"Tenerife, Santa Cruz de Tenerife",120,110,2019-04-14,150000,0,3.0,1,0,1,False,False,True,False,False,False,False,False,False,False,False,True,False,False,False,False,False,False,False,False,False,False,False,False,False,False,False
Anuncio actualizado el 13 de diciembre,0,0,1.0,0,0,1969,no indicado,,0,0,83567086,7,,Tacoronte,Distrito Agua García - Juan Fernández," , Distrito Agua García - Juan Fernández , Tacoronte , Tenerife, Santa Cruz de Tenerife ",,"Tenerife, Santa Cruz de Tenerife",81,79,2019-04-14,88900,0,2.0,0,0,0,False,False,False,False,False,False,False,False,False,False,False,False,False,False,False,False,False,False,False,False,False,False,False,False,False,False,False
Anuncio actualizado el 10 de abril,0,0,1.0,0,0,,no indicado,,0,0,83774109,3,,Tacoronte,Distrito Tacoronte - Los Naranjeros," , Distrito Tacoronte - Los Naranjeros , Tacoronte , Tenerife, Santa Cruz de Tenerife ",,"Tenerife, Santa Cruz de Tenerife",4500,,2019-04-14,99900,0,1.0,0,0,0,False,False,False,False,False,False,False,False,False,False,False,False,False,False,False,False,False,False,False,False,False,False,False,False,False,False,False
Anuncio actualizado el 7 de marzo,0,0,1.0,0,0,,en trámite,planta 2ª,0,0,40446639,1,0,Tacoronte,Distrito Tacoronte - Los Naranjeros," , Distrito Tacoronte - Los Naranjeros , Tacoronte , Tenerife, Santa Cruz de Tenerife ",,"Tenerife, Santa Cruz de Tenerife",68,,2019-04-14,95000,0,2.0,1,0,1,False,False,False,False,False,False,False,False,False,False,False,False,False,False,False,False,False,False,False,False,False,False,False,False,False,False,False
Anuncio actualizado el 14 de febrero,0,1,1.0,1,0,1998,en trámite,2 plantas,1,0,39604311,11,,Tacoronte,Distrito Tacoronte - Los Naranjeros," , Distrito Tacoronte - Los Naranjeros , Tacoronte , Tenerife, Santa Cruz de Tenerife ",,"Tenerife, Santa Cruz de Tenerife",135,100,2019-04-14,169000,0,4.0,1,0,1,False,False,True,False,False,False,False,False,False,False,False,False,False,True,False,False,False,False,False,False,False,False,False,False,False,False,False
Anuncio actualizado el 10 de agosto,0,0,2.0,1,0,1979,en trámite,1 planta,0,1,81990882,0,,Tacoronte,Distrito Santa Catalina," , Distrito Santa Catalina , Tacoronte , Tenerife, Santa Cruz de Tenerife ",,"Tenerife, Santa Cruz de Tenerife",700,,2019-04-14,295000,0,4.0,0,0,1,False,False,True,False,False,False,False,False,False,False,False,False,False,False,False,False,False,False,False,False,False,False,False,False,False,False,False
Anuncio actualizado el 29 de marzo,1,0,2.0,1,0,2007,en trámite,1 planta,1,1,82175829,0,,Tacoronte,Distrito Tacoronte - Los Naranjeros," , Distrito Tacoronte - Los Naranjeros , Tacoronte , Tenerife, Santa Cruz de Tenerife ",,"Tenerife, Santa Cruz de Tenerife",922,,2019-04-14,360000,1,2.0,1,0,1,False,False,True,False,True,False,False,False,False,False,False,False,False,False,False,False,False,False,False,False,False,False,False,False,False,False,False
Anuncio actualizado el 1 de abril,0,0,1.0,0,0,1970,no indicado,,0,0,84703660,7,,Tacoronte,Distrito Guayonje - Mesa del Mar," , Distrito Guayonje - Mesa del Mar , Tacoronte , Tenerife, Santa Cruz de Tenerife ",,"Tenerife, Santa Cruz de Tenerife",194,171,2019-04-14,140000,0,3.0,0,0,0,False,False,False,True,False,False,False,False,False,False,False,False,False,False,False,False,False,False,False,False,False,False,False,False,False,False,False
Anuncio actualizado el 10 de diciembre,0,0,1.0,0,0,,no indicado,,0,0,30131083,2,,Tacoronte,Distrito Tacoronte - Los Naranjeros," Tf-152, 257 a , Distrito Tacoronte - Los Naranjeros , Tacoronte , Tenerife, Santa Cruz de Tenerife ","Tf-152, 257 a","Tenerife, Santa Cruz de Tenerife",500,,2019-04-14,80000,0,2.0,0,0,0,False,False,False,True,False,False,False,False,False,False,False,False,False,False,False,False,False,False,False,False,False,False,False,False,False,False,False
Anuncio actualizado el 27 de enero,0,0,2.0,1,0,,no indicado,3 plantas,1,1,2027685,11,,Tacoronte,Distrito Santa Catalina," Calle las Toscas, 41 , Urb. los arroyos 2 , Distrito Santa Catalina , Tacoronte , Tenerife, Santa Cruz de Tenerife ",Urb. los arroyos 2,"Tenerife, Santa Cruz de Tenerife",126,131,2019-04-14,185000,0,3.0,1,1,1,False,False,True,False,False,False,False,False,False,False,False,False,False,False,False,False,False,False,False,False,False,False,False,False,False,False,False
Anuncio actualizado el 16 de diciembre,1,1,3.0,0,0,,no indicado,3 plantas,1,1,81397747,0,,Tacoronte,Distrito Tacoronte - Los Naranjeros," Calle el Llano, 5 , Distrito Tacoronte - Los Naranjeros , Tacoronte , Tenerife, Santa Cruz de Tenerife ","Calle el Llano, 5","Tenerife, Santa Cruz de Tenerife",502,,2019-04-14,399000,0,4.0,0,0,1,False,False,True,False,False,False,False,False,False,False,False,False,False,False,False,False,False,False,False,False,False,False,False,False,False,False,False
Anuncio actualizado el 4 de febrero,0,1,1.0,0,0,,,planta 2ª exterior,1,0,82097598,1,0,Tacoronte,Distrito Guayonje - Mesa del Mar," Calle Mesa del Mar, 70 # , Urb. Edificio Las Vistas , Distrito Guayonje - Mesa del Mar , Tacoronte , Tenerife, Santa Cruz de Tenerife ",Urb. Edificio Las Vistas,"Tenerife, Santa Cruz de Tenerife",65,60,2019-04-14,110000,0,1.0,1,0,0,False,False,True,False,False,False,False,False,False,False,False,False,False,True,False,False,False,False,False,False,False,False,False,False,False,False,False
Anuncio actualizado el 9 de junio,0,0,1.0,1,0,1997,en trámite,planta 1ª exterior,0,0,31870680,1,0,Tacoronte,Distrito Tacoronte - Los Naranjeros," , Distrito Tacoronte - Los Naranjeros , Tacoronte , Tenerife, Santa Cruz de Tenerife ",,"Tenerife, Santa Cruz de Tenerife",78,75,2019-04-14,100000,0,2.0,1,0,1,False,False,True,False,False,False,False,False,False,False,False,False,False,False,False,False,False,False,False,False,False,False,False,False,False,False,False
Anuncio actualizado el 26 de marzo,0,0,4.0,1,0,,,2 plantas,1,1,33687673,0,,Tacoronte,Distrito Santa Catalina," , Distrito Santa Catalina , Tacoronte , Tenerife, Santa Cruz de Tenerife ",,"Tenerife, Santa Cruz de Tenerife",10000,,2019-04-14,690000,0,5.0,1,1,1,False,False,False,False,False,False,False,False,False,False,False,False,False,False,False,False,False,False,True,False,False,False,False,False,False,False,False
Anuncio actualizado el 25 de noviembre,0,0,2.0,0,0,,no indicado,,0,0,38041403,2,,Tacoronte,Distrito Guayonje - Mesa del Mar," Carretera Tacoronte-Tejina, 109 , Distrito Guayonje - Mesa del Mar , Tacoronte , Tenerife, Santa Cruz de Tenerife ","Carretera Tacoronte-Tejina, 109","Tenerife, Santa Cruz de Tenerife",400,,2019-04-14,250000,0,5.0,0,0,0,False,False,True,False,False,False,False,False,False,False,False,False,False,False,False,False,False,False,False,False,False,False,False,False,False,False,False
Anuncio actualizado el 10 de diciembre,0,0,3.0,1,0,1978,en trámite,1 planta,1,1,82026962,0,,Tacoronte,Distrito Santa Catalina," Urb. Jardín del Sol , Distrito Santa Catalina , Tacoronte , Tenerife, Santa Cruz de Tenerife ",Urb. Jardín del Sol,"Tenerife, Santa Cruz de Tenerife",775,,2019-04-14,315000,0,2.0,0,1,1,False,False,False,True,False,False,False,False,False,False,False,False,False,False,False,False,False,False,False,False,False,True,False,False,False,False,False
Anuncio actualizado el 13 de febrero,0,0,1.0,0,0,2007,,planta 2ª,1,1,84075754,1,0,Tacoronte,Distrito Tacoronte - Los Naranjeros," , Distrito Tacoronte - Los Naranjeros , Tacoronte , Tenerife, Santa Cruz de Tenerife ",,"Tenerife, Santa Cruz de Tenerife",79,73,2019-04-14,98000,0,2.0,0,0,0,False,False,True,False,False,False,False,False,False,False,False,False,False,False,False,False,False,False,False,False,False,False,False,False,False,False,False
Anuncio actualizado el 7 de febrero,0,0,2.0,1,0,,en trámite,1 planta,1,1,33723963,0,,Tacoronte,Distrito Santa Catalina," , Distrito Santa Catalina , Tacoronte , Tenerife, Santa Cruz de Tenerife ",,"Tenerife, Santa Cruz de Tenerife",400,,2019-04-14,375000,0,3.0,1,0,1,False,False,True,False,False,False,False,False,False,False,False,False,False,False,False,False,True,False,False,False,False,False,False,False,False,False,False
Anuncio actualizado el 5 de febrero,0,0,1.0,0,0,,en trámite,,0,1,39763505,14,,Tacoronte,Distrito Agua García - Juan Fernández," , Distrito Agua García - Juan Fernández , Tacoronte , Tenerife, Santa Cruz de Tenerife ",,"Tenerife, Santa Cruz de Tenerife",4000,,2019-04-14,120000,0,1.0,0,0,0,False,False,True,False,False,False,False,False,False,False,False,False,False,True,False,False,False,False,False,False,False,False,False,False,False,False,False
Anuncio actualizado el 20 de diciembre,0,0,3.0,0,0,,,,0,0,81559355,7,,Tacoronte,Distrito Agua García - Juan Fernández," , Distrito Agua García - Juan Fernández , Tacoronte , Tenerife, Santa Cruz de Tenerife ",,"Tenerife, Santa Cruz de Tenerife",140,,2019-04-14,160000,0,8.0,0,0,1,False,False,False,False,False,False,False,False,False,False,False,False,False,False,False,False,False,False,False,False,False,False,False,False,False,False,False
Anuncio actualizado el 29 de enero,0,0,2.0,1,0,,,,1,0,34497937,11,,Tacoronte,Distrito El Pris - Juan Fernández," , Distrito El Pris - Juan Fernández , Tacoronte , Tenerife, Santa Cruz de Tenerife ",,"Tenerife, Santa Cruz de Tenerife",197,,2019-04-14,165000,0,3.0,1,0,1,False,False,True,False,False,False,False,False,False,False,False,False,False,False,False,False,False,False,False,False,False,False,False,False,False,False,False
Anuncio actualizado el 20 de diciembre,0,0,3.0,0,0,,en trámite,,0,1,83308994,0,,Tacoronte,Distrito Agua García - Juan Fernández," , Distrito Agua García - Juan Fernández , Tacoronte , Tenerife, Santa Cruz de Tenerife ",,"Tenerife, Santa Cruz de Tenerife",526,200,2019-04-14,320000,0,3.0,1,1,1,False,False,True,False,False,False,False,False,False,False,False,False,False,False,True,False,False,False,False,False,False,False,False,False,False,False,False
Anuncio actualizado el 23 de octubre,0,0,2.0,0,0,,en trámite,1 planta,0,0,82005852,11,,Tacoronte,Distrito Tacoronte - Los Naranjeros," Calle Pedro Felipe , Distrito Tacoronte - Los Naranjeros , Tacoronte , Tenerife, Santa Cruz de Tenerife ",Calle Pedro Felipe,"Tenerife, Santa Cruz de Tenerife",186,,2019-04-14,158000,0,3.0,0,0,0,False,False,False,False,False,False,False,False,False,False,False,False,False,False,False,False,False,False,False,False,False,False,False,False,False,False,False
Anuncio actualizado el 12 de abril,0,0,2.0,1,0,,no indicado,planta 1ª exterior,1,0,26781071,1,1,Tacoronte,Distrito Tacoronte - Los Naranjeros," Calle de las Higueras, 8 , Distrito Tacoronte - Los Naranjeros , Tacoronte , Tenerife, Santa Cruz de Tenerife ","Calle de las Higueras, 8","Tenerife, Santa Cruz de Tenerife",105,100,2019-04-14,96000,0,3.0,1,0,0,False,False,True,False,False,False,False,False,False,False,False,False,False,False,False,False,False,False,False,False,False,False,False,False,False,False,False
Anuncio actualizado el 18 de febrero,0,0,1.0,1,0,,en trámite,planta 1ª exterior,0,0,84221956,1,0,Tacoronte,Distrito Tacoronte - Los Naranjeros," Camino real, 82 b agua garcia , Distrito Tacoronte - Los Naranjeros , Tacoronte , Tenerife, Santa Cruz de Tenerife ","Camino real, 82 b agua garcia","Tenerife, Santa Cruz de Tenerife",95,,2019-04-14,110000,0,2.0,0,0,1,False,False,True,False,False,False,False,False,False,False,False,False,False,False,False,False,False,False,False,False,False,False,False,True,False,False,False
Anuncio actualizado el 8 de diciembre,0,0,2.0,1,0,,no indicado,2 plantas,1,0,35372288,11,,Tacoronte,Distrito El Pris - Juan Fernández," Calle candido lopez trujillo, 121 , Distrito El Pris - Juan Fernández , Tacoronte , Tenerife, Santa Cruz de Tenerife ","Calle candido lopez trujillo, 121","Tenerife, Santa Cruz de Tenerife",126,,2019-04-14,165000,0,3.0,0,0,1,False,False,True,False,False,False,False,False,False,False,False,False,False,False,False,False,False,False,False,False,False,False,False,False,False,False,False
Anuncio actualizado el 24 de marzo,0,0,1.0,0,0,1999,,bajo exterior,1,0,27440004,1,0,Tacoronte,Distrito Agua García - Juan Fernández," Calle de Nuevo Laurel, 44 , Distrito Agua García - Juan Fernández , Tacoronte , Tenerife, Santa Cruz de Tenerife ","Calle de Nuevo Laurel, 44","Tenerife, Santa Cruz de Tenerife",82,81,2019-04-14,97000,0,3.0,0,0,1,False,False,True,False,False,False,False,False,False,False,False,True,False,False,False,False,False,False,False,False,False,False,False,False,False,False,False
Anuncio actualizado el 10 de abril,0,1,2.0,1,0,2004,no indicado,planta 1ª exterior,1,0,27557703,1,0,Tacoronte,Distrito Tacoronte - Los Naranjeros," Juan Pérez, 44 , Urb. Santa Clara , Distrito Tacoronte - Los Naranjeros , Tacoronte , Tenerife, Santa Cruz de Tenerife ",Urb. Santa Clara,"Tenerife, Santa Cruz de Tenerife",90,87,2019-04-14,130000,0,3.0,0,0,1,False,False,True,False,False,False,False,False,False,False,False,False,False,False,False,False,False,False,False,False,False,False,False,False,False,False,False
Anuncio actualizado el 11 de diciembre,0,0,2.0,0,0,,no indicado,2 plantas,1,1,81622199,2,,Tacoronte,Distrito Tacoronte - Los Naranjeros," Carretera General del Norte, 154 , Distrito Tacoronte - Los Naranjeros , Tacoronte , Tenerife, Santa Cruz de Tenerife ","Carretera General del Norte, 154","Tenerife, Santa Cruz de Tenerife",1562,342,2019-04-14,320000,0,5.0,0,0,0,False,False,True,False,False,False,False,False,False,False,False,False,False,False,False,False,False,False,False,False,False,False,False,False,False,False,False
Anuncio actualizado el 7 de abril,0,0,1.0,1,0,,,planta 5ª exterior,0,0,82057407,1,1,Tacoronte,Distrito El Pris - Juan Fernández," Carretera Pris, 113 , Urb. La Laja , Distrito El Pris - Juan Fernández , Tacoronte , Tenerife, Santa Cruz de Tenerife ",Urb. La Laja,"Tenerife, Santa Cruz de Tenerife",65,55,2019-04-14,55000,1,1.0,0,0,1,False,False,True,False,False,False,False,False,False,False,False,False,False,False,False,False,False,False,False,False,False,False,False,False,False,False,False
Anuncio actualizado el 25 de marzo,0,1,1.0,1,0,2006,en trámite,planta 3ª exterior,1,0,82184622,1,1,Tacoronte,Distrito Tacoronte - Los Naranjeros," Calle V Centenario, 7 , Distrito Tacoronte - Los Naranjeros , Tacoronte , Tenerife, Santa Cruz de Tenerife ","Calle V Centenario, 7","Tenerife, Santa Cruz de Tenerife",75,70,2019-04-14,145000,1,2.0,0,0,0,False,False,True,False,False,False,False,False,False,False,True,False,False,False,False,False,False,False,False,False,False,True,False,False,False,False,False
Anuncio actualizado el 26 de febrero,0,0,2.0,1,0,,inmueble exento,bajo exterior,1,0,82481783,8,0,Tacoronte,Distrito Guayonje - Mesa del Mar," Calle los Moralillos, 5 -C , Urb. Urbanización ClimaSol , Distrito Guayonje - Mesa del Mar , Tacoronte , Tenerife, Santa Cruz de Tenerife ",Urb. Urbanización ClimaSol,"Tenerife, Santa Cruz de Tenerife",120,,2019-04-14,245000,0,3.0,1,0,1,False,False,True,False,False,False,False,False,False,False,False,False,False,False,False,False,False,False,False,False,False,False,False,False,False,False,False
Anuncio actualizado el 19 de diciembre,0,1,3.0,0,0,1920,no indicado,,0,0,83627291,11,,Tacoronte,Distrito Tacoronte - Los Naranjeros," Calle del Calvario, 17 , Distrito Tacoronte - Los Naranjeros , Tacoronte , Tenerife, Santa Cruz de Tenerife ","Calle del Calvario, 17","Tenerife, Santa Cruz de Tenerife",153,,2019-04-14,142200,0,3.0,0,0,1,False,False,False,False,False,False,False,False,False,False,False,False,False,True,False,False,False,False,False,False,False,False,False,False,False,False,False
Anuncio actualizado el 22 de febrero,0,1,1.0,0,0,,en trámite,planta 8ª exterior,0,0,84387310,6,1,Tacoronte,Distrito Guayonje - Mesa del Mar," , Distrito Guayonje - Mesa del Mar , Tacoronte , Tenerife, Santa Cruz de Tenerife ",,"Tenerife, Santa Cruz de Tenerife",63,,2019-04-14,70000,0,0.0,0,1,0,False,False,True,False,False,False,False,False,False,False,False,False,False,False,False,False,False,False,False,False,False,False,False,False,False,False,False
Anuncio actualizado el 17 de marzo,0,0,3.0,1,0,,,2 plantas,1,1,40006816,0,,Tacoronte,Distrito Tacoronte - Los Naranjeros," la caridad, 100 , Distrito Tacoronte - Los Naranjeros , Tacoronte , Tenerife, Santa Cruz de Tenerife ","la caridad, 100","Tenerife, Santa Cruz de Tenerife",500,,2019-04-14,300000,0,4.0,1,0,1,False,False,True,False,False,False,False,False,False,False,False,False,False,True,False,False,False,False,False,False,False,False,False,False,False,False,False
Anuncio actualizado el 31 de enero,0,0,1.0,0,0,,,2 plantas,0,0,39458829,0,,Tacoronte,Distrito Tacoronte - Los Naranjeros," Valeriano Jose Padron , Distrito Tacoronte - Los Naranjeros , Tacoronte , Tenerife, Santa Cruz de Tenerife ",Valeriano Jose Padron,"Tenerife, Santa Cruz de Tenerife",153,120,2019-04-14,80000,0,2.0,1,0,0,False,False,False,True,False,False,False,False,False,False,False,False,False,False,False,False,False,False,False,False,False,False,False,False,False,False,False
Anuncio actualizado el 10 de abril,0,0,1.0,1,0,,en trámite,,1,0,82637714,1,1,Tacoronte,Distrito Tacoronte - Los Naranjeros," Calle el Pino , Distrito Tacoronte - Los Naranjeros , Tacoronte , Tenerife, Santa Cruz de Tenerife ",Calle el Pino,"Tenerife, Santa Cruz de Tenerife",54,,2019-04-14,85000,0,1.0,0,0,1,False,False,True,False,False,False,False,False,False,False,False,False,False,False,False,False,False,False,False,False,False,False,False,False,False,False,False
Anuncio actualizado el 10 de abril,0,0,1.0,0,0,,en trámite,,0,0,83592460,1,,Tacoronte,Distrito Guayonje - Mesa del Mar," Calle Mesa del Mar , Distrito Guayonje - Mesa del Mar , Tacoronte , Tenerife, Santa Cruz de Tenerife ",Calle Mesa del Mar,"Tenerife, Santa Cruz de Tenerife",46,,2019-04-14,58500,0,1.0,0,0,0,False,False,True,False,False,False,False,False,False,False,False,False,False,False,False,False,False,False,False,False,False,True,False,False,False,False,False
Anuncio actualizado el 22 de febrero,0,0,1.0,0,0,,,planta 8ª,1,0,32534881,1,1,Tacoronte,Distrito Guayonje - Mesa del Mar," Calle mesa del mar , Distrito Guayonje - Mesa del Mar , Tacoronte , Tenerife, Santa Cruz de Tenerife ",Calle mesa del mar,"Tenerife, Santa Cruz de Tenerife",55,,2019-04-14,73278,0,2.0,0,0,0,False,False,False,False,False,False,False,False,False,False,False,False,False,False,False,False,False,False,False,False,False,False,False,False,False,False,False
Anuncio actualizado el 13 de febrero,0,0,1.0,0,0,,,planta 8ª,1,0,84261141,1,1,Tacoronte,Distrito Guayonje - Mesa del Mar," MESA DEL MAR , Distrito Guayonje - Mesa del Mar , Tacoronte , Tenerife, Santa Cruz de Tenerife ",MESA DEL MAR,"Tenerife, Santa Cruz de Tenerife",55,,2019-04-14,73278,0,2.0,0,0,0,False,False,True,False,False,False,False,False,False,False,False,False,False,False,False,False,False,False,False,False,False,False,False,False,False,False,False
Anuncio actualizado el 22 de enero,0,0,2.0,1,0,1978,no indicado,2 plantas,1,1,39114469,0,,Tacoronte,Distrito Tacoronte - Los Naranjeros," , Distrito Tacoronte - Los Naranjeros , Tacoronte , Tenerife, Santa Cruz de Tenerife ",,"Tenerife, Santa Cruz de Tenerife",700,,2019-04-14,229000,0,4.0,1,0,1,False,False,True,False,False,False,False,False,False,False,False,False,False,True,False,False,False,False,False,False,False,False,False,False,False,False,False
Anuncio actualizado el 13 de diciembre,0,0,2.0,0,0,,no indicado,,1,0,82120699,7,,Tacoronte,Distrito Tacoronte - Los Naranjeros," , Distrito Tacoronte - Los Naranjeros , Tacoronte , Tenerife, Santa Cruz de Tenerife ",,"Tenerife, Santa Cruz de Tenerife",1000,278,2019-04-14,360000,0,2.0,0,0,0,False,False,False,False,False,False,False,False,False,False,False,False,False,False,False,False,False,False,False,False,False,False,False,False,False,False,False
Anuncio actualizado el 13 de diciembre,0,0,2.0,0,0,,no indicado,,1,0,82515300,7,,Tacoronte,Distrito Guayonje - Mesa del Mar," , Distrito Guayonje - Mesa del Mar , Tacoronte , Tenerife, Santa Cruz de Tenerife ",,"Tenerife, Santa Cruz de Tenerife",320,218,2019-04-14,320000,0,4.0,0,0,0,False,False,False,False,False,False,False,False,False,False,False,False,False,False,False,False,False,False,False,False,False,False,False,False,False,False,False
Anuncio actualizado el 10 de noviembre,0,0,1.0,0,0,2000,en trámite,planta 3ª,0,0,82945064,1,,Tacoronte,Distrito Tacoronte - Los Naranjeros," Calle V Centenario , Urb. Tacoronte , Distrito Tacoronte - Los Naranjeros , Tacoronte , Tenerife, Santa Cruz de Tenerife ",Urb. Tacoronte,"Tenerife, Santa Cruz de Tenerife",70,,2019-04-14,150000,0,2.0,0,0,0,False,False,False,False,False,False,False,False,False,False,False,False,False,False,False,False,False,False,False,False,False,False,False,False,False,False,False
Anuncio actualizado el 25 de febrero,0,0,1.0,0,0,,en trámite,,0,0,84423718,1,,Tacoronte,Distrito Tacoronte - Los Naranjeros," Calle Familia Quesada Sanchez , Distrito Tacoronte - Los Naranjeros , Tacoronte , Tenerife, Santa Cruz de Tenerife ",Calle Familia Quesada Sanchez,"Tenerife, Santa Cruz de Tenerife",68,,2019-04-14,99200,0,2.0,0,0,0,False,False,False,False,False,False,False,False,False,False,False,False,False,False,False,False,False,False,False,False,False,False,False,False,False,False,False
Anuncio actualizado el 10 de abril,0,0,3.0,1,0,2001,no indicado,2 plantas,1,1,81139178,0,,Tacoronte,Distrito Agua García - Juan Fernández," Calle las Llaves, 35 , Distrito Agua García - Juan Fernández , Tacoronte , Tenerife, Santa Cruz de Tenerife ","Calle las Llaves, 35","Tenerife, Santa Cruz de Tenerife",704,210,2019-04-14,540000,0,4.0,0,0,0,False,False,True,False,False,False,False,False,True,False,False,False,False,False,False,False,False,False,False,False,False,False,False,False,False,False,False
Anuncio actualizado el 10 de abril,0,1,1.0,0,0,,en trámite,,0,0,37444240,7,,Tacoronte,Distrito Tacoronte - Los Naranjeros," , Distrito Tacoronte - Los Naranjeros , Tacoronte , Tenerife, Santa Cruz de Tenerife ",,"Tenerife, Santa Cruz de Tenerife",430,,2019-04-14,250000,0,5.0,0,0,1,False,False,False,True,False,False,False,False,False,False,False,False,False,False,False,False,False,False,False,False,False,True,False,False,False,False,False
Anuncio actualizado el 10 de abril,0,1,3.0,1,0,,en trámite,,1,1,37444283,0,,Tacoronte,Distrito Santa Catalina," , Distrito Santa Catalina , Tacoronte , Tenerife, Santa Cruz de Tenerife ",,"Tenerife, Santa Cruz de Tenerife",1000,600,2019-04-14,690000,0,5.0,1,0,1,False,False,True,False,False,False,False,False,False,False,False,True,False,False,False,False,False,False,False,False,False,False,False,False,False,False,False
Anuncio actualizado el 10 de abril,0,1,2.0,0,0,,,,1,1,37444285,0,,Tacoronte,Distrito Tacoronte - Los Naranjeros," , Distrito Tacoronte - Los Naranjeros , Tacoronte , Tenerife, Santa Cruz de Tenerife ",,"Tenerife, Santa Cruz de Tenerife",1914,225,2019-04-14,250000,0,6.0,1,0,1,False,False,True,False,False,False,False,False,False,False,False,False,False,False,False,False,False,False,False,False,False,True,False,False,False,False,False
Anuncio actualizado el 10 de abril,0,1,1.0,0,0,,en trámite,,1,1,37444295,7,,Tacoronte,Distrito Guayonje - Mesa del Mar," , Distrito Guayonje - Mesa del Mar , Tacoronte , Tenerife, Santa Cruz de Tenerife ",,"Tenerife, Santa Cruz de Tenerife",303,217,2019-04-14,199000,0,3.0,0,0,1,False,False,False,True,False,False,False,False,False,False,False,True,False,False,False,False,False,False,False,False,False,False,False,False,False,False,False
Anuncio actualizado el 10 de abril,0,0,2.0,1,0,,en trámite,,1,1,37444304,0,,Tacoronte,Distrito El Pris - Juan Fernández," , Distrito El Pris - Juan Fernández , Tacoronte , Tenerife, Santa Cruz de Tenerife ",,"Tenerife, Santa Cruz de Tenerife",525,150,2019-04-14,370000,1,3.0,1,0,1,False,False,True,False,False,False,False,False,False,False,False,True,False,False,False,False,False,False,False,False,False,False,False,False,False,False,False
Anuncio actualizado el 10 de abril,0,0,2.0,0,0,,en trámite,,0,1,38386040,7,,Tacoronte,Distrito Tacoronte - Los Naranjeros," , Distrito Tacoronte - Los Naranjeros , Tacoronte , Tenerife, Santa Cruz de Tenerife ",,"Tenerife, Santa Cruz de Tenerife",1710,,2019-04-14,220000,0,5.0,0,0,1,False,False,True,False,False,False,False,False,False,False,False,False,False,False,False,False,False,False,False,False,False,False,False,False,False,False,False
Anuncio actualizado el 10 de abril,0,1,1.0,1,0,,en trámite,,1,1,38492465,7,,Tacoronte,Distrito Tacoronte - Los Naranjeros," , Distrito Tacoronte - Los Naranjeros , Tacoronte , Tenerife, Santa Cruz de Tenerife ",,"Tenerife, Santa Cruz de Tenerife",500,320,2019-04-14,299000,0,4.0,1,0,1,False,False,True,False,False,False,False,False,False,False,False,True,False,False,False,False,False,False,False,False,False,False,False,False,False,False,False
Anuncio actualizado el 10 de abril,1,1,2.0,1,0,,en trámite,,1,0,38735120,0,,Tacoronte,Distrito Tacoronte - Los Naranjeros," , Distrito Tacoronte - Los Naranjeros , Tacoronte , Tenerife, Santa Cruz de Tenerife ",,"Tenerife, Santa Cruz de Tenerife",110,107,2019-04-14,180000,0,3.0,1,0,1,False,False,True,False,False,False,False,False,False,False,False,False,False,False,False,False,False,False,False,False,False,True,False,False,False,False,False
Anuncio actualizado el 27 de diciembre,0,1,4.0,0,0,2000,,2 plantas,1,0,39474317,11,,Tacoronte,Distrito Tacoronte - Los Naranjeros," Calle jua perez s/n , Distrito Tacoronte - Los Naranjeros , Tacoronte , Tenerife, Santa Cruz de Tenerife ",Calle jua perez s/n,"Tenerife, Santa Cruz de Tenerife",100,163,2019-04-14,166200,0,4.0,1,0,1,False,False,True,False,False,False,False,False,False,False,False,False,False,True,False,False,False,False,False,False,False,False,False,False,False,False,False
Anuncio actualizado el 10 de abril,0,1,3.0,1,0,,en trámite,,1,1,40551013,7,,Tacoronte,Distrito Tacoronte - Los Naranjeros," , Distrito Tacoronte - Los Naranjeros , Tacoronte , Tenerife, Santa Cruz de Tenerife ",,"Tenerife, Santa Cruz de Tenerife",840,250,2019-04-14,350000,0,5.0,1,0,1,False,False,True,False,False,False,False,False,False,False,False,False,False,False,False,False,False,False,False,False,False,False,False,False,False,False,False
Anuncio actualizado el 10 de abril,0,0,2.0,0,0,,en trámite,,1,1,40517393,0,,Tacoronte,Distrito Tacoronte - Los Naranjeros," , Distrito Tacoronte - Los Naranjeros , Tacoronte , Tenerife, Santa Cruz de Tenerife ",,"Tenerife, Santa Cruz de Tenerife",1000,,2019-04-14,400000,1,2.0,1,0,1,False,False,True,False,False,False,False,False,False,False,False,False,False,False,False,False,False,False,False,False,False,True,False,False,False,False,False
Anuncio actualizado el 11 de abril,0,0,2.0,0,1,1990,,1 planta,1,1,40169316,2,,Tacoronte,Distrito Agua García - Juan Fernández," Camino la Cuesta, 67 , Distrito Agua García - Juan Fernández , Tacoronte , Tenerife, Santa Cruz de Tenerife ","Camino la Cuesta, 67","Tenerife, Santa Cruz de Tenerife",448,,2019-04-14,110000,0,3.0,1,0,1,False,False,True,False,False,False,False,False,False,False,True,False,False,False,False,False,False,True,False,False,False,False,False,False,False,False,False
Anuncio actualizado el 11 de abril,0,1,3.0,0,0,,en trámite,,1,0,82439218,7,,Tacoronte,Distrito Tacoronte - Los Naranjeros," , Distrito Tacoronte - Los Naranjeros , Tacoronte , Tenerife, Santa Cruz de Tenerife ",,"Tenerife, Santa Cruz de Tenerife",1561,224,2019-04-14,340000,0,9.0,1,0,1,False,False,False,True,False,False,False,False,False,False,False,False,False,False,False,False,False,False,False,False,False,True,False,False,False,False,False
Anuncio actualizado el 10 de abril,0,1,2.0,1,0,,en trámite,,1,0,82536275,1,,Tacoronte,Distrito Tacoronte - Los Naranjeros," , Distrito Tacoronte - Los Naranjeros , Tacoronte , Tenerife, Santa Cruz de Tenerife ",,"Tenerife, Santa Cruz de Tenerife",90,89,2019-04-14,135000,0,3.0,0,0,0,False,False,True,False,False,False,False,False,False,False,False,False,False,False,False,False,False,False,False,False,False,False,False,False,False,False,False
Anuncio actualizado el 10 de abril,0,0,1.0,1,0,,en trámite,bajo,1,0,83469259,1,1,Tacoronte,Distrito Santa Catalina," , Distrito Santa Catalina , Tacoronte , Tenerife, Santa Cruz de Tenerife ",,"Tenerife, Santa Cruz de Tenerife",95,90,2019-04-14,130000,0,2.0,0,0,1,False,False,True,False,False,False,False,False,False,False,False,False,False,False,False,False,False,False,False,False,False,True,False,False,False,False,False
Anuncio actualizado el 27 de diciembre,0,1,3.0,0,0,1920,,,0,0,83613886,11,,Tacoronte,Distrito Tacoronte - Los Naranjeros," Calle del Calvario, 17 , Urb. La Alóndiga , Distrito Tacoronte - Los Naranjeros , Tacoronte , Tenerife, Santa Cruz de Tenerife ",Urb. La Alóndiga,"Tenerife, Santa Cruz de Tenerife",153,,2019-04-14,142200,0,3.0,0,0,1,False,False,False,True,False,False,False,False,False,False,True,False,False,True,False,False,False,False,False,False,False,False,False,False,False,False,False
Anuncio actualizado el 10 de abril,0,0,2.0,0,0,,en trámite,,1,0,83888782,0,,Tacoronte,Distrito Agua García - Juan Fernández," , Distrito Agua García - Juan Fernández , Tacoronte , Tenerife, Santa Cruz de Tenerife ",,"Tenerife, Santa Cruz de Tenerife",800,,2019-04-14,290000,0,4.0,0,0,1,False,False,False,False,False,False,False,False,False,False,False,False,False,False,False,False,False,False,False,False,False,False,False,False,False,False,False
Anuncio actualizado el 10 de abril,0,0,2.0,1,0,,en trámite,,1,0,83971754,1,,Tacoronte,Distrito El Pris - Juan Fernández," , Distrito El Pris - Juan Fernández , Tacoronte , Tenerife, Santa Cruz de Tenerife ",,"Tenerife, Santa Cruz de Tenerife",125,120,2019-04-14,170000,0,4.0,1,0,1,False,False,True,False,False,False,False,False,False,False,False,False,False,False,False,False,False,False,False,False,False,True,False,False,False,False,False
Anuncio actualizado el 5 de abril,0,1,1.0,1,0,1973,no indicado,planta 2ª exterior,0,0,40137747,1,1,Tacoronte,Distrito Guayonje - Mesa del Mar," Calle Mesa del Mar, 1 , Urb. Mesa del Mar , Distrito Guayonje - Mesa del Mar , Tacoronte , Tenerife, Santa Cruz de Tenerife ",Urb. Mesa del Mar,"Tenerife, Santa Cruz de Tenerife",55,50,2019-04-14,55000,1,1.0,0,0,1,False,False,True,False,False,False,False,False,False,False,False,False,False,True,False,False,False,False,False,False,False,False,False,False,False,False,False
Anuncio actualizado el 10 de abril,0,0,2.0,0,0,,en trámite,,1,0,84369168,7,,Tacoronte,Distrito El Pris - Juan Fernández," , Distrito El Pris - Juan Fernández , Tacoronte , Tenerife, Santa Cruz de Tenerife ",,"Tenerife, Santa Cruz de Tenerife",168,160,2019-04-14,175000,0,5.0,1,0,0,False,False,True,False,False,False,False,False,False,False,False,True,False,False,False,False,False,False,False,False,False,False,False,False,False,False,False
Anuncio actualizado el 31 de marzo,0,0,2.0,0,0,,,planta 1ª,0,0,33142365,1,0,Tacoronte,Distrito Tacoronte - Los Naranjeros," Carretera general del norte s/n , Urb. 34660-0001 , Distrito Tacoronte - Los Naranjeros , Tacoronte , Tenerife, Santa Cruz de Tenerife ",Urb. 34660-0001,"Tenerife, Santa Cruz de Tenerife",100,,2019-04-14,84700,0,3.0,0,0,0,False,False,False,False,False,False,False,False,False,False,False,False,False,False,False,False,False,False,False,False,False,False,False,False,False,False,False
Anuncio actualizado el 21 de diciembre,0,0,2.0,0,0,2001,en trámite,,0,1,26728459,7,,Tacoronte,Distrito Agua García - Juan Fernández," , Distrito Agua García - Juan Fernández , Tacoronte , Tenerife, Santa Cruz de Tenerife ",,"Tenerife, Santa Cruz de Tenerife",574,126,2019-04-14,340000,0,3.0,1,0,0,False,False,True,False,False,False,False,False,False,False,False,False,False,False,False,False,False,False,False,False,False,False,False,False,False,False,False
Anuncio actualizado el 18 de enero,0,0,2.0,0,0,2002,en trámite,,1,0,39331398,7,,Tacoronte,Distrito Tacoronte - Los Naranjeros," , Distrito Tacoronte - Los Naranjeros , Tacoronte , Tenerife, Santa Cruz de Tenerife ",,"Tenerife, Santa Cruz de Tenerife",124,,2019-04-14,194897,0,3.0,0,0,1,False,False,True,False,False,False,False,False,False,False,False,False,False,False,False,False,False,False,False,False,False,False,False,False,True,False,False
Anuncio actualizado el 22 de enero,0,0,1.0,1,0,2006,,planta 3ª,1,0,82978081,1,1,Tacoronte,Distrito Tacoronte - Los Naranjeros," , Distrito Tacoronte - Los Naranjeros , Tacoronte , Tenerife, Santa Cruz de Tenerife ",,"Tenerife, Santa Cruz de Tenerife",69,,2019-04-14,150000,0,2.0,0,0,1,False,False,True,False,False,False,False,False,False,False,False,False,False,True,False,False,False,False,False,False,False,False,False,False,False,False,False
Anuncio actualizado el 10 de abril,0,0,2.0,1,0,1999,,,1,0,81547036,7,,Tacoronte,Distrito Tacoronte - Los Naranjeros," , Distrito Tacoronte - Los Naranjeros , Tacoronte , Tenerife, Santa Cruz de Tenerife ",,"Tenerife, Santa Cruz de Tenerife",96,,2019-04-14,199700,0,4.0,0,0,1,False,False,True,False,False,False,False,False,False,False,False,False,False,False,False,False,False,False,False,False,False,False,False,False,False,False,False
Anuncio actualizado el 26 de marzo,0,1,1.0,0,0,,,planta 8ª exterior,1,0,36326995,1,1,Tacoronte,Distrito Guayonje - Mesa del Mar," , Distrito Guayonje - Mesa del Mar , Tacoronte , Tenerife, Santa Cruz de Tenerife ",,"Tenerife, Santa Cruz de Tenerife",55,,2019-04-14,73278,0,2.0,0,1,1,False,False,True,False,False,False,False,False,False,False,False,False,False,False,False,False,False,False,False,False,False,False,False,False,False,False,False
Anuncio actualizado el 13 de abril,0,0,1.0,0,0,,,planta 2ª,1,0,84842390,1,0,Tacoronte,Distrito Tacoronte - Los Naranjeros," Calle Ismael Domínguez , Distrito Tacoronte - Los Naranjeros , Tacoronte , Tenerife, Santa Cruz de Tenerife ",Calle Ismael Domínguez,"Tenerife, Santa Cruz de Tenerife",64,51,2019-04-14,88157,0,2.0,0,0,0,False,False,True,False,False,False,False,False,False,False,False,False,False,False,False,False,False,False,False,False,False,False,False,False,False,False,False
Anuncio actualizado el 21 de febrero,0,0,1.0,0,0,1960,en trámite,,0,0,39628660,0,,Tacoronte,Distrito Agua García - Juan Fernández," , Distrito Agua García - Juan Fernández , Tacoronte , Tenerife, Santa Cruz de Tenerife ",,"Tenerife, Santa Cruz de Tenerife",47393,,2019-04-14,760000,0,2.0,0,0,0,False,False,True,False,False,False,False,False,False,False,False,False,False,False,False,False,False,False,False,False,False,False,False,False,False,False,False
Anuncio actualizado el 18 de octubre,0,0,1.0,1,0,1965,en trámite,2 plantas,1,0,82755043,0,,Tacoronte,Distrito Agua García - Juan Fernández," , Distrito Agua García - Juan Fernández , Tacoronte , Tenerife, Santa Cruz de Tenerife ",,"Tenerife, Santa Cruz de Tenerife",1336,,2019-04-14,390000,0,3.0,1,0,1,False,False,True,False,False,False,False,False,False,False,False,False,False,False,False,False,False,False,False,False,False,False,False,False,False,False,False
Anuncio actualizado el 5 de febrero,0,0,4.0,0,0,,en trámite,2 plantas,0,0,83031293,7,,Tacoronte,Distrito Guayonje - Mesa del Mar," Urb. mesa del mar , Distrito Guayonje - Mesa del Mar , Tacoronte , Tenerife, Santa Cruz de Tenerife ",Urb. mesa del mar,"Tenerife, Santa Cruz de Tenerife",600,,2019-04-14,485000,0,4.0,0,0,0,False,False,False,False,False,False,False,False,False,False,False,False,False,False,False,False,False,False,False,False,False,False,False,False,False,False,False
Anuncio actualizado el 20 de marzo,0,0,1.0,1,0,,,bajo exterior,1,0,84342107,1,1,Tacoronte,Distrito Tacoronte - Los Naranjeros," Mirlera , Distrito Tacoronte - Los Naranjeros , Tacoronte , Tenerife, Santa Cruz de Tenerife ",Mirlera,"Tenerife, Santa Cruz de Tenerife",76,59,2019-04-14,130000,1,2.0,0,0,1,False,False,True,False,False,False,False,False,False,False,False,False,False,False,False,False,False,False,False,False,False,False,False,False,False,False,False
Anuncio actualizado el 23 de marzo,0,0,1.0,0,0,1997,no indicado,planta 2ª,1,0,84599705,1,0,Tacoronte,Distrito El Pris - Juan Fernández," , Distrito El Pris - Juan Fernández , Tacoronte , Tenerife, Santa Cruz de Tenerife ",,"Tenerife, Santa Cruz de Tenerife",60,,2019-04-14,110000,0,2.0,1,0,1,False,False,True,False,False,False,False,False,False,False,False,False,False,False,False,False,False,False,False,False,False,False,False,False,False,False,False
Anuncio actualizado el 9 de abril,0,0,3.0,0,0,,no indicado,,0,0,84709994,7,,Tacoronte,Distrito Santa Catalina," , Distrito Santa Catalina , Tacoronte , Tenerife, Santa Cruz de Tenerife ",,"Tenerife, Santa Cruz de Tenerife",166,158,2019-04-14,179000,0,3.0,0,0,0,False,False,False,False,False,False,False,False,False,False,False,False,False,False,False,False,False,False,False,False,False,False,False,False,False,False,False
Anuncio actualizado el 11 de marzo,0,0,3.0,1,0,,en trámite,1 planta,1,1,25595678,0,,Tacoronte,Distrito Agua García - Juan Fernández," Carretera Esperanza Tacoronte, 3 , Distrito Agua García - Juan Fernández , Tacoronte , Tenerife, Santa Cruz de Tenerife ","Carretera Esperanza Tacoronte, 3","Tenerife, Santa Cruz de Tenerife",11400,,2019-04-14,425000,0,4.0,1,0,1,False,False,True,False,False,False,False,False,False,False,False,False,False,False,False,False,False,False,False,False,False,False,False,False,False,False,False
Anuncio actualizado el 9 de junio,0,0,1.0,1,0,2010,en trámite,planta 2ª exterior,1,0,31394743,6,0,Tacoronte,Distrito Tacoronte - Los Naranjeros," Urb. EL CANTILLO , Distrito Tacoronte - Los Naranjeros , Tacoronte , Tenerife, Santa Cruz de Tenerife ",Urb. EL CANTILLO,"Tenerife, Santa Cruz de Tenerife",75,72,2019-04-14,76500,0,0.0,0,0,0,False,False,True,False,False,False,False,False,False,False,False,False,False,True,False,False,False,False,False,False,False,False,False,False,False,False,False
Anuncio actualizado el 17 de enero,0,0,2.0,1,0,,en trámite,planta 1ª exterior,1,0,38878368,1,1,Tacoronte,Distrito Tacoronte - Los Naranjeros," Calle Ismael Dominguez, 10 , Distrito Tacoronte - Los Naranjeros , Tacoronte , Tenerife, Santa Cruz de Tenerife ","Calle Ismael Dominguez, 10","Tenerife, Santa Cruz de Tenerife",79,,2019-04-14,114000,0,3.0,1,0,0,False,False,True,False,False,False,False,False,False,False,False,False,False,False,False,False,False,False,False,False,False,False,False,False,False,False,False
Anuncio actualizado el 29 de enero,0,0,2.0,0,1,,,2 plantas,0,0,27866965,2,,Tacoronte,Distrito Tacoronte - Los Naranjeros," , Distrito Tacoronte - Los Naranjeros , Tacoronte , Tenerife, Santa Cruz de Tenerife ",,"Tenerife, Santa Cruz de Tenerife",70,68,2019-04-14,88000,0,2.0,0,0,1,False,False,True,False,False,False,False,False,False,False,False,False,False,True,False,False,False,False,False,False,False,False,False,False,False,False,False
Anuncio actualizado el 30 de enero,0,0,4.0,0,0,1940,,,1,0,40365494,12,,Tacoronte,Distrito Tacoronte - Los Naranjeros," , Distrito Tacoronte - Los Naranjeros , Tacoronte , Tenerife, Santa Cruz de Tenerife ",,"Tenerife, Santa Cruz de Tenerife",496,332,2019-04-14,314500,0,5.0,0,0,0,False,False,True,False,False,False,False,False,False,False,False,False,False,False,False,False,False,False,False,False,False,False,False,False,False,False,False
Anuncio actualizado el 20 de marzo,0,0,2.0,1,0,,en trámite,planta 1ª exterior,1,0,82606579,1,1,Tacoronte,Distrito Tacoronte - Los Naranjeros," Calle Ismael Dominguez, Tacoronte, 10 , Distrito Tacoronte - Los Naranjeros , Tacoronte , Tenerife, Santa Cruz de Tenerife ","Calle Ismael Dominguez, Tacoronte, 10","Tenerife, Santa Cruz de Tenerife",110,,2019-04-14,124000,0,3.0,0,0,0,False,False,True,False,False,False,False,False,False,False,False,False,False,False,False,False,False,False,False,False,False,False,False,False,False,False,False
Anuncio actualizado el 24 de febrero,0,0,3.0,0,0,1997,,2 plantas,0,1,81634427,7,,Tacoronte,Distrito Agua García - Juan Fernández," , Distrito Agua García - Juan Fernández , Tacoronte , Tenerife, Santa Cruz de Tenerife ",,"Tenerife, Santa Cruz de Tenerife",3800,,2019-04-14,450000,0,3.0,0,0,0,False,False,False,False,False,False,False,False,False,False,False,False,False,False,False,False,False,False,False,False,False,False,False,False,False,False,False
Anuncio actualizado el 9 de abril,0,0,3.0,0,0,,no indicado,2 plantas,1,0,84464155,11,,Tacoronte,Distrito Tacoronte - Los Naranjeros," Calle de Adelantado, 76 , Distrito Tacoronte - Los Naranjeros , Tacoronte , Tenerife, Santa Cruz de Tenerife ","Calle de Adelantado, 76","Tenerife, Santa Cruz de Tenerife",125,,2019-04-14,215000,0,3.0,1,0,1,False,False,True,False,False,False,False,False,False,False,False,False,False,False,False,False,False,False,False,False,False,False,False,False,False,False,False
Anuncio actualizado el 2 de abril,1,0,1.0,1,0,1961,en trámite,,0,0,83025382,7,,Tacoronte,Distrito Tacoronte - Los Naranjeros," , Distrito Tacoronte - Los Naranjeros , Tacoronte , Tenerife, Santa Cruz de Tenerife ",,"Tenerife, Santa Cruz de Tenerife",119,,2019-04-14,130000,0,3.0,0,0,0,False,False,True,False,False,False,False,False,False,False,False,False,False,False,False,False,True,False,False,False,False,False,False,False,False,False,False
Anuncio actualizado el 21 de diciembre,0,0,2.0,1,0,,en trámite,2 plantas,1,1,33723771,0,,Tacoronte,Distrito Tacoronte - Los Naranjeros," , Distrito Tacoronte - Los Naranjeros , Tacoronte , Tenerife, Santa Cruz de Tenerife ",,"Tenerife, Santa Cruz de Tenerife",5000,,2019-04-14,450000,0,3.0,1,0,1,False,False,True,False,False,False,False,False,False,False,False,False,False,False,False,False,False,False,False,False,False,False,False,True,False,False,False
Anuncio actualizado el 18 de enero,0,0,4.0,0,0,,,,0,1,34690275,0,,Tacoronte,Distrito Agua García - Juan Fernández," , Distrito Agua García - Juan Fernández , Tacoronte , Tenerife, Santa Cruz de Tenerife ",,"Tenerife, Santa Cruz de Tenerife",1500,,2019-04-14,1500000,0,5.0,1,0,1,False,False,True,False,False,False,False,False,False,False,False,False,False,False,False,False,False,False,False,False,False,False,False,False,False,False,False
Anuncio actualizado el 6 de marzo,0,0,3.0,1,0,,,2 plantas,1,1,81398833,11,,Tacoronte,Distrito Tacoronte - Los Naranjeros," , Distrito Tacoronte - Los Naranjeros , Tacoronte , Tenerife, Santa Cruz de Tenerife ",,"Tenerife, Santa Cruz de Tenerife",100,,2019-04-14,189500,0,4.0,0,0,1,False,False,True,False,False,False,False,False,False,False,False,False,False,False,False,False,False,False,False,False,False,False,False,False,False,False,False
Anuncio actualizado el 21 de enero,0,0,2.0,1,0,,,,1,0,83843686,11,,Tacoronte,Distrito Tacoronte - Los Naranjeros," Pedro Felipe, 16 , Distrito Tacoronte - Los Naranjeros , Tacoronte , Tenerife, Santa Cruz de Tenerife ","Pedro Felipe, 16","Tenerife, Santa Cruz de Tenerife",181,,2019-04-14,159000,0,3.0,1,0,1,False,False,True,False,False,False,False,False,False,False,False,False,False,False,False,False,False,False,False,False,False,False,False,False,False,False,False
Anuncio actualizado el 13 de abril,0,0,1.0,0,0,1960,no indicado,,0,0,84191537,11,,Tacoronte,Distrito Tacoronte - Los Naranjeros," , Distrito Tacoronte - Los Naranjeros , Tacoronte , Tenerife, Santa Cruz de Tenerife ",,"Tenerife, Santa Cruz de Tenerife",120,97,2019-04-14,98000,0,3.0,1,0,0,False,False,False,True,False,False,False,False,False,False,False,False,False,False,False,False,False,False,False,False,False,False,False,False,False,False,False
Anuncio actualizado el 4 de abril,0,0,3.0,1,0,1980,no indicado,1 planta,1,1,84944712,0,,Tacoronte,Distrito Santa Catalina," Urb. Calle jardín del sol , Distrito Santa Catalina , Tacoronte , Tenerife, Santa Cruz de Tenerife ",Urb. Calle jardín del sol,"Tenerife, Santa Cruz de Tenerife",780,150,2019-04-14,335000,0,2.0,1,1,1,False,False,False,True,False,False,False,False,False,False,False,False,False,False,False,False,False,False,False,False,False,False,False,True,False,False,False
Anuncio actualizado el 1 de octubre,0,0,3.0,1,0,,,,1,1,82569312,0,,Tacoronte,Distrito Santa Catalina," Jardin del Sol , Urb. Jardín del Sol , Distrito Santa Catalina , Tacoronte , Tenerife, Santa Cruz de Tenerife ",Urb. Jardín del Sol,"Tenerife, Santa Cruz de Tenerife",1000,302,2019-04-14,690000,0,5.0,1,1,1,False,False,True,False,False,False,False,False,False,False,False,False,False,False,False,False,False,False,False,False,False,False,False,False,False,False,False
Anuncio actualizado el 17 de enero,1,0,5.0,1,0,2012,,2 plantas,1,1,38372982,0,,Tacoronte,Distrito Santa Catalina," Urb. JARDÍN DEL SOL, TACORONTE , Distrito Santa Catalina , Tacoronte , Tenerife, Santa Cruz de Tenerife ","Urb. JARDÍN DEL SOL, TACORONTE","Tenerife, Santa Cruz de Tenerife",1000,,2019-04-14,2100000,0,4.0,1,1,1,False,False,True,False,False,False,False,False,False,False,False,False,False,False,False,False,False,False,False,False,False,True,False,False,False,False,False
Anuncio actualizado el 2 de abril,0,1,2.0,1,0,1998,en trámite,2 plantas,1,1,39564767,11,,Tacoronte,Distrito Tacoronte - Los Naranjeros," Urb. El Torreon , Distrito Tacoronte - Los Naranjeros , Tacoronte , Tenerife, Santa Cruz de Tenerife ",Urb. El Torreon,"Tenerife, Santa Cruz de Tenerife",250,115,2019-04-14,210000,0,4.0,1,0,1,False,False,True,False,False,False,False,False,False,False,False,False,False,True,False,False,False,False,False,False,False,False,False,False,False,False,False
Anuncio actualizado el 29 de marzo,0,0,1.0,0,0,1980,,planta 5ª,0,0,82621490,1,1,Tacoronte,Distrito El Pris - Juan Fernández," , Distrito El Pris - Juan Fernández , Tacoronte , Tenerife, Santa Cruz de Tenerife ",,"Tenerife, Santa Cruz de Tenerife",40,39,2019-04-14,49000,0,2.0,0,0,0,False,False,True,False,False,False,False,False,False,False,False,False,False,False,False,False,False,False,False,False,False,False,False,False,False,False,False
Anuncio actualizado el 4 de abril,0,0,3.0,1,0,2008,,,0,0,84075990,12,,Tacoronte,Distrito Tacoronte - Los Naranjeros," , Distrito Tacoronte - Los Naranjeros , Tacoronte , Tenerife, Santa Cruz de Tenerife ",,"Tenerife, Santa Cruz de Tenerife",285,190,2019-04-14,219500,0,3.0,0,0,0,False,False,True,False,False,False,False,False,False,False,False,False,False,True,False,False,False,False,False,False,False,False,False,False,False,False,False
Anuncio actualizado el 10 de abril,0,0,1.0,0,0,,en trámite,,1,1,38932344,7,,Tacoronte,Distrito Tacoronte - Los Naranjeros," Calle Valerio J. Padrón , Distrito Tacoronte - Los Naranjeros , Tacoronte , Tenerife, Santa Cruz de Tenerife ",Calle Valerio J. Padrón,"Tenerife, Santa Cruz de Tenerife",1020,,2019-04-14,299500,0,5.0,1,0,0,False,False,True,False,False,False,False,False,False,False,False,False,False,False,False,False,False,False,False,False,False,False,False,False,False,False,False
Anuncio actualizado el 10 de abril,0,0,1.0,0,0,,en trámite,,0,0,82550525,1,,Tacoronte,Distrito Tacoronte - Los Naranjeros," Calle Jua Perez , Distrito Tacoronte - Los Naranjeros , Tacoronte , Tenerife, Santa Cruz de Tenerife ",Calle Jua Perez,"Tenerife, Santa Cruz de Tenerife",65,,2019-04-14,55000,0,2.0,0,0,1,False,False,False,True,False,False,False,False,False,False,False,False,False,False,False,False,False,False,False,False,False,False,False,False,False,False,False
Anuncio actualizado el 10 de abril,0,1,1.0,0,0,,en trámite,,0,0,82550524,1,,Tacoronte,Distrito Tacoronte - Los Naranjeros," Calle Jua Perez , Distrito Tacoronte - Los Naranjeros , Tacoronte , Tenerife, Santa Cruz de Tenerife ",Calle Jua Perez,"Tenerife, Santa Cruz de Tenerife",155,,2019-04-14,105000,0,3.0,1,0,0,False,False,True,False,False,False,False,False,False,False,False,False,False,False,False,False,False,False,False,False,False,False,False,False,False,False,False
Anuncio actualizado el 22 de febrero,0,0,4.0,0,0,2018,en trámite,1 planta,0,1,81277000,0,,Tacoronte,Distrito Tacoronte - Los Naranjeros," , Distrito Tacoronte - Los Naranjeros , Tacoronte , Tenerife, Santa Cruz de Tenerife ",,"Tenerife, Santa Cruz de Tenerife",1128,,2019-04-14,289000,0,4.0,0,0,0,False,False,False,False,False,False,False,False,False,False,False,False,False,False,False,False,False,False,False,False,False,False,False,False,False,False,False
Anuncio actualizado el 4 de abril,0,0,3.0,0,0,1970,en trámite,2 plantas,1,1,84640914,0,,Tacoronte,Distrito Santa Catalina," Urb. Jardín del Sol , Distrito Santa Catalina , Tacoronte , Tenerife, Santa Cruz de Tenerife ",Urb. Jardín del Sol,"Tenerife, Santa Cruz de Tenerife",707,212,2019-04-14,340000,0,3.0,0,0,1,False,False,True,False,False,False,False,False,False,False,False,False,False,False,False,False,False,False,False,False,False,False,False,False,False,False,False
Anuncio actualizado el 28 de marzo,0,0,3.0,1,0,,en trámite,2 plantas,1,0,84849498,0,,Tacoronte,Distrito Tacoronte - Los Naranjeros," , Distrito Tacoronte - Los Naranjeros , Tacoronte , Tenerife, Santa Cruz de Tenerife ",,"Tenerife, Santa Cruz de Tenerife",1600,,2019-04-14,450000,0,5.0,1,1,1,False,False,True,False,False,False,False,False,False,False,False,False,False,False,False,False,False,False,False,False,False,False,False,False,False,False,False
Anuncio actualizado el 19 de marzo,0,1,2.0,1,0,1992,en trámite,2 plantas,1,1,83309008,11,,Tacoronte,Distrito Tacoronte - Los Naranjeros," Calle Inocencio Rodríguez Guanche, 2 , Distrito Tacoronte - Los Naranjeros , Tacoronte , Tenerife, Santa Cruz de Tenerife ","Calle Inocencio Rodríguez Guanche, 2","Tenerife, Santa Cruz de Tenerife",118,98,2019-04-14,142344,0,3.0,1,0,1,False,False,True,False,False,False,False,False,False,False,False,False,False,False,False,False,False,False,False,False,False,False,False,False,False,False,True
Anuncio actualizado el 22 de enero,0,0,3.0,1,0,,no indicado,2 plantas,1,1,1800753,0,,Tacoronte,Distrito Agua García - Juan Fernández," Carril de Billete, 28 , Distrito Agua García - Juan Fernández , Tacoronte , Tenerife, Santa Cruz de Tenerife ","Carril de Billete, 28","Tenerife, Santa Cruz de Tenerife",3500,,2019-04-14,450000,0,3.0,1,0,1,False,False,True,False,False,False,False,False,False,False,False,False,False,False,False,False,False,False,False,False,False,False,False,True,False,False,False
Anuncio actualizado el 28 de febrero,0,0,3.0,1,0,,inmueble exento,4 plantas,1,0,28573126,0,,Tacoronte,Distrito Tacoronte - Los Naranjeros," Calle Valerio J.Padron, 1 , Distrito Tacoronte - Los Naranjeros , Tacoronte , Tenerife, Santa Cruz de Tenerife ","Calle Valerio J.Padron, 1","Tenerife, Santa Cruz de Tenerife",580,,2019-04-14,640000,0,8.0,1,0,1,False,False,True,False,False,False,False,False,False,False,False,False,False,False,False,False,False,False,False,False,False,False,False,False,False,False,False
Anuncio actualizado el 12 de abril,0,0,2.0,1,0,,,2 plantas,0,0,37866276,0,,Tacoronte,Distrito Guayonje - Mesa del Mar," Calle Malcontento, 67 , Distrito Guayonje - Mesa del Mar , Tacoronte , Tenerife, Santa Cruz de Tenerife ","Calle Malcontento, 67","Tenerife, Santa Cruz de Tenerife",1000,,2019-04-14,385000,0,4.0,1,0,1,False,False,True,False,False,False,False,False,False,False,False,False,False,False,False,False,False,True,False,False,False,False,False,False,False,False,False
Anuncio actualizado el 7 de febrero,0,0,1.0,0,0,2007,no indicado,planta 1ª,1,0,84038993,1,0,Tacoronte,Distrito Tacoronte - Los Naranjeros," Calle Familia Quesada Sanchez, 26 , Distrito Tacoronte - Los Naranjeros , Tacoronte , Tenerife, Santa Cruz de Tenerife ","Calle Familia Quesada Sanchez, 26","Tenerife, Santa Cruz de Tenerife",78,,2019-04-14,98000,0,2.0,0,0,0,False,False,True,False,False,False,False,False,False,False,False,False,False,False,False,False,False,False,False,False,False,False,False,False,False,False,False
Anuncio actualizado el 7 de abril,0,0,3.0,1,0,1974,,bajo exterior,1,0,84528712,1,0,Tacoronte,Distrito Tacoronte - Los Naranjeros," Calle Jose Morales Clavijo, 44 , Distrito Tacoronte - Los Naranjeros , Tacoronte , Tenerife, Santa Cruz de Tenerife ","Calle Jose Morales Clavijo, 44","Tenerife, Santa Cruz de Tenerife",130,,2019-04-14,137000,1,5.0,1,0,1,False,False,True,False,False,False,False,False,False,False,False,False,False,True,False,False,False,False,False,False,False,False,False,False,False,False,False
Anuncio actualizado el 10 de abril,0,0,2.0,1,0,1999,en trámite,,1,1,37444239,0,,Tacoronte,Distrito Tacoronte - Los Naranjeros," Calle de Adelantado , Distrito Tacoronte - Los Naranjeros , Tacoronte , Tenerife, Santa Cruz de Tenerife ",Calle de Adelantado,"Tenerife, Santa Cruz de Tenerife",151,,2019-04-14,230000,0,3.0,0,0,1,False,False,True,False,False,False,False,False,False,False,False,False,False,False,False,False,False,False,False,False,False,False,False,False,False,False,False
Anuncio actualizado el 10 de abril,0,1,2.0,0,0,2001,en trámite,,1,1,37444238,7,,Tacoronte,Distrito Tacoronte - Los Naranjeros," Calle del Calvario , Distrito Tacoronte - Los Naranjeros , Tacoronte , Tenerife, Santa Cruz de Tenerife ",Calle del Calvario,"Tenerife, Santa Cruz de Tenerife",650,,2019-04-14,260000,0,4.0,1,0,1,False,False,True,False,False,False,False,False,False,False,False,False,False,False,False,False,False,False,False,False,False,False,False,False,False,False,False
Anuncio actualizado el 10 de abril,0,0,1.0,0,0,,en trámite,,0,0,82674932,7,,Tacoronte,Distrito El Pris - Juan Fernández," Calle Juan Fernández , Distrito El Pris - Juan Fernández , Tacoronte , Tenerife, Santa Cruz de Tenerife ",Calle Juan Fernández,"Tenerife, Santa Cruz de Tenerife",96,,2019-04-14,105000,0,3.0,1,0,1,False,False,False,True,False,False,False,False,False,False,False,False,False,False,False,False,False,False,False,False,False,False,False,False,False,False,False
Anuncio actualizado el 24 de marzo,0,1,1.0,1,0,1920,,,0,0,84371777,7,,Tacoronte,Distrito Tacoronte - Los Naranjeros," Calle Mojica , Distrito Tacoronte - Los Naranjeros , Tacoronte , Tenerife, Santa Cruz de Tenerife ",Calle Mojica,"Tenerife, Santa Cruz de Tenerife",96,,2019-04-14,98000,0,3.0,0,0,0,False,False,False,False,False,False,False,False,False,False,False,False,False,True,False,False,False,False,False,False,False,False,False,False,False,False,False
Anuncio actualizado el 14 de abril,0,0,2.0,1,0,,,1 planta,1,1,84764821,0,,Tacoronte,Distrito Agua García - Juan Fernández," Calle Campo de Golf, 18 , Distrito Agua García - Juan Fernández , Tacoronte , Tenerife, Santa Cruz de Tenerife ","Calle Campo de Golf, 18","Tenerife, Santa Cruz de Tenerife",423,160,2019-04-14,360000,0,3.0,1,0,1,False,False,True,False,False,False,False,False,False,False,False,False,False,False,False,False,False,False,False,False,False,False,False,False,False,False,False
Anuncio actualizado el 11 de febrero,0,0,2.0,0,0,,no indicado,,1,0,81162694,7,,Tacoronte,Distrito Tacoronte - Los Naranjeros," , Distrito Tacoronte - Los Naranjeros , Tacoronte , Tenerife, Santa Cruz de Tenerife ",,"Tenerife, Santa Cruz de Tenerife",200,,2019-04-14,165000,0,4.0,1,0,0,False,False,False,False,False,False,False,False,False,False,False,False,False,False,False,False,False,False,False,False,False,False,False,False,False,False,False
Anuncio actualizado el 20 de diciembre,0,0,2.0,0,0,,no indicado,,0,1,81244671,7,,Tacoronte,Distrito Santa Catalina," , Distrito Santa Catalina , Tacoronte , Tenerife, Santa Cruz de Tenerife ",,"Tenerife, Santa Cruz de Tenerife",1320,302,2019-04-14,380000,0,6.0,0,0,0,False,False,False,False,False,False,False,False,False,False,False,False,False,False,False,False,False,False,False,False,False,False,False,False,False,False,False
Anuncio actualizado el 26 de marzo,0,1,2.0,1,0,2011,en trámite,,1,0,81787399,0,,Tacoronte,Distrito Tacoronte - Los Naranjeros," Calle Pedro Felipe, 16 , Distrito Tacoronte - Los Naranjeros , Tacoronte , Tenerife, Santa Cruz de Tenerife ","Calle Pedro Felipe, 16","Tenerife, Santa Cruz de Tenerife",177,163,2019-04-14,159000,0,3.0,1,0,1,False,False,True,False,False,False,False,False,False,False,False,False,True,False,False,False,False,False,False,False,False,False,False,False,False,False,False
Anuncio actualizado el 7 de marzo,0,0,1.0,0,0,,en trámite,1 planta,0,0,84423648,7,,Tacoronte,Distrito Tacoronte - Los Naranjeros," Calle Jose Morales Clavijo , Distrito Tacoronte - Los Naranjeros , Tacoronte , Tenerife, Santa Cruz de Tenerife ",Calle Jose Morales Clavijo,"Tenerife, Santa Cruz de Tenerife",204,,2019-04-14,210200,0,4.0,0,0,0,False,False,False,False,False,False,False,False,False,False,False,False,False,False,False,False,False,False,False,False,False,False,False,False,False,False,False
Anuncio actualizado el 28 de marzo,1,1,3.0,1,0,,en trámite,,1,1,84572113,11,,Tacoronte,Distrito Tacoronte - Los Naranjeros," PEDRO FELIPE , Distrito Tacoronte - Los Naranjeros , Tacoronte , Tenerife, Santa Cruz de Tenerife ",PEDRO FELIPE,"Tenerife, Santa Cruz de Tenerife",230,207,2019-04-14,198000,0,4.0,1,0,1,False,False,True,False,False,False,True,False,False,False,False,False,False,False,False,False,False,False,False,False,False,False,False,False,False,False,False
Anuncio actualizado el 22 de marzo,0,0,4.0,1,0,,en trámite,2 plantas,0,1,84776356,0,,Tacoronte,Distrito Santa Catalina," Urb. Jardín del sol , Distrito Santa Catalina , Tacoronte , Tenerife, Santa Cruz de Tenerife ",Urb. Jardín del sol,"Tenerife, Santa Cruz de Tenerife",840,,2019-04-14,495000,0,4.0,1,0,1,False,False,True,False,False,False,False,False,False,False,False,False,False,False,False,False,False,False,False,False,False,False,False,False,False,False,False
Anuncio actualizado el 10 de abril,0,1,2.0,1,0,1999,,3 plantas,1,1,28808821,11,,Tacoronte,Distrito Tacoronte - Los Naranjeros," Calle Pedro Felipe, 26 , Distrito Tacoronte - Los Naranjeros , Tacoronte , Tenerife, Santa Cruz de Tenerife ","Calle Pedro Felipe, 26","Tenerife, Santa Cruz de Tenerife",105,,2019-04-14,184000,0,4.0,1,0,1,False,False,True,False,False,False,False,False,False,False,False,True,False,False,False,False,False,False,False,False,False,False,False,False,False,False,False
Anuncio actualizado el 8 de febrero,0,1,1.0,0,0,1970,,planta 2ª exterior,0,0,81474046,5,0,Tacoronte,Distrito Tacoronte - Los Naranjeros," Carretera General del Norte, 67 , Urb. TACORONTE , Distrito Tacoronte - Los Naranjeros , Tacoronte , Tenerife, Santa Cruz de Tenerife ",Urb. TACORONTE,"Tenerife, Santa Cruz de Tenerife",130,110,2019-04-14,90000,0,3.0,0,0,1,False,False,True,False,False,False,False,False,False,False,True,False,False,True,False,False,False,False,False,False,False,False,False,False,False,False,False
Anuncio actualizado el 13 de diciembre,0,0,1.0,1,0,2014,en trámite,bajo exterior,1,0,81801916,1,1,Tacoronte,Distrito Tacoronte - Los Naranjeros," Calle Juan Pablo II, 2 , Distrito Tacoronte - Los Naranjeros , Tacoronte , Tenerife, Santa Cruz de Tenerife ","Calle Juan Pablo II, 2","Tenerife, Santa Cruz de Tenerife",65,60,2019-04-14,85000,1,2.0,0,0,0,False,False,True,False,False,False,False,False,False,False,False,False,False,False,False,False,False,False,False,False,False,False,False,False,False,False,False
Anuncio actualizado el 6 de febrero,0,0,3.0,0,0,1998,no indicado,,0,0,83683972,7,,Tacoronte,Distrito Tacoronte - Los Naranjeros," Calle del Calvario, 73 b , Distrito Tacoronte - Los Naranjeros , Tacoronte , Tenerife, Santa Cruz de Tenerife ","Calle del Calvario, 73 b","Tenerife, Santa Cruz de Tenerife",179,150,2019-04-14,195000,0,3.0,0,0,1,False,False,False,False,False,False,False,False,False,False,False,False,False,False,False,False,False,False,False,False,False,False,False,False,False,False,False
Anuncio actualizado el 27 de febrero,0,1,1.0,0,0,1935,no indicado,2 plantas,1,1,39696776,3,,Tacoronte,Distrito Tacoronte - Los Naranjeros," Calle del Calvario, 80 , Distrito Tacoronte - Los Naranjeros , Tacoronte , Tenerife, Santa Cruz de Tenerife ","Calle del Calvario, 80","Tenerife, Santa Cruz de Tenerife",950,190,2019-04-14,350000,0,5.0,1,0,1,False,False,True,False,False,False,False,False,False,False,False,False,False,True,False,False,False,False,False,False,False,False,False,False,False,False,False
Anuncio actualizado el 26 de marzo,0,0,2.0,0,0,,no indicado,,0,1,84820801,7,,Tacoronte,Distrito Tacoronte - Los Naranjeros," , Distrito Tacoronte - Los Naranjeros , Tacoronte , Tenerife, Santa Cruz de Tenerife ",,"Tenerife, Santa Cruz de Tenerife",305,,2019-04-14,250000,0,4.0,0,0,0,False,False,False,False,False,False,False,False,False,False,False,False,False,False,False,False,False,False,False,False,False,False,False,False,False,False,False
Anuncio actualizado el 12 de abril,0,0,1.0,1,0,,en trámite,2 plantas,0,0,34412386,0,,Tacoronte,Distrito Agua García - Juan Fernández," Calle chupadero, 13 A , Distrito Agua García - Juan Fernández , Tacoronte , Tenerife, Santa Cruz de Tenerife ","Calle chupadero, 13 A","Tenerife, Santa Cruz de Tenerife",198,117,2019-04-14,140000,0,4.0,1,0,1,False,False,True,False,False,False,False,False,False,False,False,False,False,False,False,False,False,False,False,False,False,False,False,False,False,False,False
Anuncio actualizado el 12 de marzo,0,0,1.0,1,0,1972,no indicado,planta 1ª exterior,0,1,84414400,1,0,Tacoronte,Distrito Guayonje - Mesa del Mar," , Distrito Guayonje - Mesa del Mar , Tacoronte , Tenerife, Santa Cruz de Tenerife ",,"Tenerife, Santa Cruz de Tenerife",93,89,2019-04-14,103950,0,1.0,0,1,1,False,False,False,True,False,False,False,False,False,False,True,False,False,False,False,False,True,False,False,False,False,False,False,False,False,False,False
Anuncio actualizado el 3 de abril,0,0,2.0,0,0,,,planta 1ª exterior,0,0,36160403,6,0,Tacoronte,Distrito Tacoronte - Los Naranjeros," Calle lomo colorado , Distrito Tacoronte - Los Naranjeros , Tacoronte , Tenerife, Santa Cruz de Tenerife ",Calle lomo colorado,"Tenerife, Santa Cruz de Tenerife",88,74,2019-04-14,51700,0,0.0,0,0,0,False,False,False,False,False,False,False,False,False,False,False,False,False,False,False,False,False,False,False,False,False,False,False,False,False,False,False
Anuncio actualizado el 3 de abril,0,0,4.0,0,0,,,,0,0,37646898,7,,Tacoronte,Distrito Tacoronte - Los Naranjeros," Calle los abales , Distrito Tacoronte - Los Naranjeros , Tacoronte , Tenerife, Santa Cruz de Tenerife ",Calle los abales,"Tenerife, Santa Cruz de Tenerife",760,639,2019-04-14,257800,0,5.0,0,0,0,False,False,False,True,False,False,False,False,False,False,False,False,False,False,False,False,False,False,False,False,False,False,False,False,False,False,False
Anuncio actualizado el 12 de febrero,0,0,1.0,0,0,,en trámite,1 planta,0,0,83893661,7,,Tacoronte,Distrito Agua García - Juan Fernández," Carretera a Agua García , Distrito Agua García - Juan Fernández , Tacoronte , Tenerife, Santa Cruz de Tenerife ",Carretera a Agua García,"Tenerife, Santa Cruz de Tenerife",167,,2019-04-14,159000,0,2.0,1,0,1,False,False,False,False,False,False,False,False,False,False,False,False,False,False,False,False,False,False,False,False,False,False,False,False,False,False,False
Anuncio actualizado el 29 de marzo,0,0,1.0,0,0,,no indicado,,0,0,83066144,1,,Tacoronte,Distrito Agua García - Juan Fernández," Calle el Chupadero , Distrito Agua García - Juan Fernández , Tacoronte , Tenerife, Santa Cruz de Tenerife ",Calle el Chupadero,"Tenerife, Santa Cruz de Tenerife",78,,2019-04-14,84000,0,2.0,0,0,0,False,False,False,False,False,False,False,False,False,False,False,False,False,False,False,False,False,False,False,False,False,False,False,False,False,False,False
Anuncio actualizado el 20 de marzo,0,0,1.0,0,0,,en trámite,2 plantas,1,1,84053437,11,,Tacoronte,Distrito Tacoronte - Los Naranjeros," Carretera General a Tejina , Urb. Tacoronte centro. La Caridad. Tenerife , Distrito Tacoronte - Los Naranjeros , Tacoronte , Tenerife, Santa Cruz de Tenerife ",Urb. Tacoronte centro. La Caridad. Tenerife,"Tenerife, Santa Cruz de Tenerife",100,160,2019-04-14,175000,0,5.0,0,0,1,False,False,True,False,False,False,False,False,False,False,True,False,False,False,False,False,False,False,False,False,False,False,False,True,False,False,False
Anuncio actualizado el 3 de febrero,1,1,3.0,1,0,,en trámite,2 plantas,1,1,84134495,0,,Tacoronte,Distrito Santa Catalina," Calle Jardín del Sol , Urb. Jardin del Sol , Distrito Santa Catalina , Tacoronte , Tenerife, Santa Cruz de Tenerife ",Urb. Jardin del Sol,"Tenerife, Santa Cruz de Tenerife",1000,,2019-04-14,690000,0,5.0,1,1,1,False,False,True,False,False,False,False,False,False,False,False,False,False,False,False,False,False,False,False,False,False,False,False,False,False,False,False
Anuncio actualizado el 7 de marzo,0,0,2.0,0,0,,en trámite,1 planta,0,0,84423658,7,,Tacoronte,Distrito Tacoronte - Los Naranjeros," Calle Sebastian Machado , Distrito Tacoronte - Los Naranjeros , Tacoronte , Tenerife, Santa Cruz de Tenerife ",Calle Sebastian Machado,"Tenerife, Santa Cruz de Tenerife",110,,2019-04-14,93500,0,5.0,0,0,0,False,False,False,False,False,False,False,False,False,False,False,False,False,False,False,False,False,False,False,False,False,False,False,False,False,False,False
Anuncio actualizado el 14 de abril,0,0,1.0,0,0,,,planta 2ª exterior,0,0,84754386,1,0,Tacoronte,Distrito El Pris - Juan Fernández," Calle el Abadejo, 9 , Distrito El Pris - Juan Fernández , Tacoronte , Tenerife, Santa Cruz de Tenerife ","Calle el Abadejo, 9","Tenerife, Santa Cruz de Tenerife",75,63,2019-04-14,69000,0,3.0,0,0,1,False,False,True,False,False,False,False,False,False,False,False,False,False,False,False,False,False,False,False,False,False,True,False,False,False,False,False
Anuncio actualizado el 3 de agosto,0,0,3.0,0,0,,en trámite,2 plantas,0,1,27071669,0,,Tacoronte,Distrito Tacoronte - Los Naranjeros," , Distrito Tacoronte - Los Naranjeros , Tacoronte , Tenerife, Santa Cruz de Tenerife ",,"Tenerife, Santa Cruz de Tenerife",360,180,2019-04-14,450000,0,4.0,0,0,0,False,False,True,False,False,False,False,False,False,False,False,False,False,False,False,False,False,False,False,False,False,False,False,False,False,False,False
Anuncio actualizado el 3 de julio,0,0,3.0,1,0,,en trámite,3 plantas,1,0,31578086,0,,Tacoronte,Distrito Guayonje - Mesa del Mar," Urb. Mesa del Mar , Distrito Guayonje - Mesa del Mar , Tacoronte , Tenerife, Santa Cruz de Tenerife ",Urb. Mesa del Mar,"Tenerife, Santa Cruz de Tenerife",604,,2019-04-14,490000,0,4.0,1,0,1,False,False,True,False,False,False,False,False,False,False,False,False,False,False,False,False,False,False,False,False,False,False,False,False,False,False,False
Anuncio actualizado el 18 de junio,0,0,2.0,0,0,,en trámite,,0,0,36946339,0,,Tacoronte,Distrito Tacoronte - Los Naranjeros," Calle jose morales clavijo , Distrito Tacoronte - Los Naranjeros , Tacoronte , Tenerife, Santa Cruz de Tenerife ",Calle jose morales clavijo,"Tenerife, Santa Cruz de Tenerife",289,,2019-04-14,350000,0,3.0,0,0,0,False,False,True,False,False,False,False,False,False,False,False,False,False,False,False,False,False,False,False,False,False,False,False,False,False,False,False
Anuncio actualizado el 10 de abril,1,1,2.0,1,0,,en trámite,,1,0,37492836,0,,Tacoronte,Distrito Guayonje - Mesa del Mar," , Distrito Guayonje - Mesa del Mar , Tacoronte , Tenerife, Santa Cruz de Tenerife ",,"Tenerife, Santa Cruz de Tenerife",604,250,2019-04-14,490000,0,4.0,0,0,1,False,False,True,False,False,False,False,False,False,False,False,False,False,False,False,False,False,False,False,False,False,True,False,False,False,False,False
Anuncio actualizado el 9 de enero,0,0,3.0,1,0,2008,en trámite,,1,0,36999911,7,,Tacoronte,Distrito Tacoronte - Los Naranjeros," , Distrito Tacoronte - Los Naranjeros , Tacoronte , Tenerife, Santa Cruz de Tenerife ",,"Tenerife, Santa Cruz de Tenerife",190,,2019-04-14,222000,0,3.0,0,0,1,False,False,True,False,False,False,False,False,False,False,False,False,False,False,False,False,True,False,False,False,False,False,False,False,False,False,False
Anuncio actualizado el 11 de abril,1,1,3.0,1,0,,en trámite,,1,0,37697178,0,,Tacoronte,Distrito Guayonje - Mesa del Mar," , Distrito Guayonje - Mesa del Mar , Tacoronte , Tenerife, Santa Cruz de Tenerife ",,"Tenerife, Santa Cruz de Tenerife",390,160,2019-04-14,290000,0,5.0,1,0,1,False,False,True,False,False,False,False,False,False,False,False,False,False,False,False,False,False,False,False,False,False,True,False,False,False,False,False
Anuncio actualizado el 11 de abril,0,1,2.0,1,0,,en trámite,,1,1,38086587,0,,Tacoronte,Distrito Santa Catalina," , Distrito Santa Catalina , Tacoronte , Tenerife, Santa Cruz de Tenerife ",,"Tenerife, Santa Cruz de Tenerife",1000,250,2019-04-14,400000,0,5.0,1,1,1,False,False,True,False,False,False,False,False,False,False,False,False,False,False,False,False,False,False,False,False,False,False,False,False,False,False,False
Anuncio actualizado el 10 de abril,0,1,3.0,1,0,,en trámite,,1,0,40423880,0,,Tacoronte,Distrito Tacoronte - Los Naranjeros," , Distrito Tacoronte - Los Naranjeros , Tacoronte , Tenerife, Santa Cruz de Tenerife ",,"Tenerife, Santa Cruz de Tenerife",900,284,2019-04-14,375000,0,3.0,1,0,1,False,False,True,False,False,False,False,False,False,False,False,False,False,False,False,False,False,False,False,False,False,False,False,False,False,False,False
Anuncio actualizado el 10 de abril,0,0,2.0,1,0,,en trámite,,1,0,40565235,0,,Tacoronte,Distrito Tacoronte - Los Naranjeros," , Distrito Tacoronte - Los Naranjeros , Tacoronte , Tenerife, Santa Cruz de Tenerife ",,"Tenerife, Santa Cruz de Tenerife",195,140,2019-04-14,330000,0,3.0,1,0,1,False,False,True,False,False,False,False,False,False,False,False,False,False,False,False,False,False,False,False,False,False,False,False,False,False,False,False
Anuncio actualizado el 10 de abril,0,0,2.0,1,0,2000,en trámite,,1,1,81751938,7,,Tacoronte,Distrito Tacoronte - Los Naranjeros," , Distrito Tacoronte - Los Naranjeros , Tacoronte , Tenerife, Santa Cruz de Tenerife ",,"Tenerife, Santa Cruz de Tenerife",788,,2019-04-14,380000,0,3.0,1,0,1,False,False,True,False,False,False,False,False,False,False,False,False,False,False,False,False,False,False,False,False,False,True,False,False,False,False,False
Anuncio actualizado el 5 de abril,0,0,1.0,0,0,1980,,bajo,0,0,81391618,1,0,Tacoronte,Distrito Tacoronte - Los Naranjeros," Calle Lomo Colorado, 31 , Distrito Tacoronte - Los Naranjeros , Tacoronte , Tenerife, Santa Cruz de Tenerife ","Calle Lomo Colorado, 31","Tenerife, Santa Cruz de Tenerife",88,73,2019-04-14,89500,0,3.0,0,0,0,False,False,True,False,False,False,False,False,False,False,False,False,False,False,False,False,False,False,False,False,False,False,False,False,False,False,False
Anuncio actualizado el 27 de septiembre,0,0,1.0,0,0,2000,no indicado,planta 2ª,1,1,37678105,1,0,Tacoronte,Distrito Guayonje - Mesa del Mar," Carretera tacoronte-tejina, 122 , Distrito Guayonje - Mesa del Mar , Tacoronte , Tenerife, Santa Cruz de Tenerife ","Carretera tacoronte-tejina, 122","Tenerife, Santa Cruz de Tenerife",60,54,2019-04-14,110000,0,2.0,1,0,1,False,False,True,False,False,False,False,False,False,False,False,False,False,False,False,False,False,False,False,False,False,False,False,False,False,False,False
Anuncio actualizado el 10 de abril,0,1,2.0,1,0,,en trámite,,1,1,81711830,0,,Tacoronte,Distrito Tacoronte - Los Naranjeros," , Distrito Tacoronte - Los Naranjeros , Tacoronte , Tenerife, Santa Cruz de Tenerife ",,"Tenerife, Santa Cruz de Tenerife",970,160,2019-04-14,385000,0,4.0,0,0,1,False,False,True,False,False,False,False,False,False,False,False,False,False,False,False,False,False,False,False,False,False,False,False,False,False,False,False
Anuncio actualizado el 10 de octubre,0,0,1.0,1,0,1985,en trámite,planta 1ª exterior,0,1,82692554,1,0,Tacoronte,Distrito Guayonje - Mesa del Mar," , Distrito Guayonje - Mesa del Mar , Tacoronte , Tenerife, Santa Cruz de Tenerife ",,"Tenerife, Santa Cruz de Tenerife",93,85,2019-04-14,120000,0,2.0,0,1,1,False,False,True,False,False,False,False,False,False,False,False,False,False,False,False,False,False,False,False,False,False,False,False,False,False,False,False
Anuncio actualizado el 11 de octubre,0,0,1.0,1,0,1985,en trámite,bajo exterior,0,1,82707053,6,0,Tacoronte,Distrito Guayonje - Mesa del Mar," , Distrito Guayonje - Mesa del Mar , Tacoronte , Tenerife, Santa Cruz de Tenerife ",,"Tenerife, Santa Cruz de Tenerife",45,,2019-04-14,72000,0,0.0,0,1,1,False,False,True,False,False,False,False,False,False,False,False,False,False,False,False,False,False,False,False,False,False,False,False,False,False,False,False
Anuncio actualizado el 11 de abril,0,0,2.0,1,0,2007,en trámite,,1,0,83103530,0,,Tacoronte,Distrito El Pris - Juan Fernández," , Distrito El Pris - Juan Fernández , Tacoronte , Tenerife, Santa Cruz de Tenerife ",,"Tenerife, Santa Cruz de Tenerife",535,145,2019-04-14,340000,0,3.0,1,0,1,False,False,True,False,False,False,False,False,False,False,False,False,False,False,False,False,False,False,False,False,False,True,False,False,False,False,False
Anuncio actualizado el 5 de diciembre,0,0,2.0,1,0,,,planta 1ª exterior,1,0,83292340,1,1,Tacoronte,Distrito Tacoronte - Los Naranjeros," , Distrito Tacoronte - Los Naranjeros , Tacoronte , Tenerife, Santa Cruz de Tenerife ",,"Tenerife, Santa Cruz de Tenerife",71,,2019-04-14,135000,0,2.0,0,0,0,False,False,True,False,False,False,False,True,False,False,False,False,False,False,False,False,False,False,False,False,False,False,False,False,False,False,False
Anuncio actualizado el 13 de diciembre,0,0,2.0,0,0,,no indicado,,0,1,83567539,7,,Tacoronte,Distrito Tacoronte - Los Naranjeros," , Distrito Tacoronte - Los Naranjeros , Tacoronte , Tenerife, Santa Cruz de Tenerife ",,"Tenerife, Santa Cruz de Tenerife",151,133,2019-04-14,142200,0,3.0,0,0,0,False,False,True,False,False,False,False,False,False,False,False,False,False,False,False,False,False,False,False,False,False,False,False,False,False,False,False
Anuncio actualizado el 26 de febrero,0,0,1.0,0,0,1969,no indicado,,0,0,83581323,7,,Tacoronte,Distrito Agua García - Juan Fernández," Calle Chupadero, 13 # , Distrito Agua García - Juan Fernández , Tacoronte , Tenerife, Santa Cruz de Tenerife ","Calle Chupadero, 13 #","Tenerife, Santa Cruz de Tenerife",78,,2019-04-14,88900,0,3.0,0,0,0,False,False,True,False,False,False,False,False,False,False,False,False,False,False,False,False,False,False,False,False,False,False,False,False,False,False,False
Anuncio actualizado el 12 de abril,0,0,1.0,0,0,,,1 planta,1,0,83590855,0,,Tacoronte,Distrito El Pris - Juan Fernández," Pasaje TIMANFAYA , Urb. Estanislao Brotons Poveda, blq 36 , Distrito El Pris - Juan Fernández , Tacoronte , Tenerife, Santa Cruz de Tenerife ","Urb. Estanislao Brotons Poveda, blq 36","Tenerife, Santa Cruz de Tenerife",535,,2019-04-14,340000,0,3.0,0,0,1,False,False,True,False,False,False,False,False,False,False,False,False,False,False,False,False,False,False,False,False,False,False,False,False,False,False,False
Anuncio actualizado el 11 de abril,0,0,3.0,1,0,,en trámite,,0,0,83774122,3,,Tacoronte,Distrito Agua García - Juan Fernández," , Distrito Agua García - Juan Fernández , Tacoronte , Tenerife, Santa Cruz de Tenerife ",,"Tenerife, Santa Cruz de Tenerife",1300,250,2019-04-14,370000,0,8.0,0,0,1,False,False,False,False,False,False,False,False,False,False,False,False,False,False,False,False,False,False,False,False,False,False,False,False,False,False,False
Anuncio actualizado el 10 de abril,0,0,2.0,1,0,2002,en trámite,,1,0,81906915,7,,Tacoronte,Distrito Santa Catalina," , Distrito Santa Catalina , Tacoronte , Tenerife, Santa Cruz de Tenerife ",,"Tenerife, Santa Cruz de Tenerife",186,1,2019-04-14,207383,0,3.0,0,0,1,False,False,True,False,False,False,False,False,False,False,False,False,False,True,False,False,False,False,False,False,False,False,False,False,False,False,False
Anuncio actualizado el 10 de abril,0,0,2.0,1,0,,en trámite,,1,0,83904250,0,,Tacoronte,Distrito Tacoronte - Los Naranjeros," , Distrito Tacoronte - Los Naranjeros , Tacoronte , Tenerife, Santa Cruz de Tenerife ",,"Tenerife, Santa Cruz de Tenerife",305,150,2019-04-14,255000,0,4.0,1,0,1,False,False,True,False,False,False,False,False,False,False,False,False,False,False,False,False,False,False,False,False,False,True,False,False,False,False,False
Anuncio actualizado el 26 de febrero,0,0,1.0,0,0,2007,,planta 3ª,1,0,84125951,1,1,Tacoronte,Distrito Tacoronte - Los Naranjeros," Calle Familia Quesada Sanchez, 5 , Distrito Tacoronte - Los Naranjeros , Tacoronte , Tenerife, Santa Cruz de Tenerife ","Calle Familia Quesada Sanchez, 5","Tenerife, Santa Cruz de Tenerife",68,,2019-04-14,99200,0,2.0,0,0,0,False,False,True,False,False,False,False,False,False,False,False,False,False,False,False,False,False,False,False,False,False,False,False,False,False,False,False
Anuncio actualizado el 15 de octubre,0,0,1.0,1,0,,,,0,0,81524302,0,,Tacoronte,Distrito Tacoronte - Los Naranjeros," , Distrito Tacoronte - Los Naranjeros , Tacoronte , Tenerife, Santa Cruz de Tenerife ",,"Tenerife, Santa Cruz de Tenerife",1090,,2019-04-14,360000,0,2.0,1,0,0,False,False,True,False,False,False,False,False,False,False,False,False,False,False,False,False,False,False,False,False,False,False,False,False,False,False,False
Anuncio actualizado el 1 de marzo,0,0,3.0,1,0,,,,1,0,82312983,0,,Tacoronte,Distrito Santa Catalina," , Distrito Santa Catalina , Tacoronte , Tenerife, Santa Cruz de Tenerife ",,"Tenerife, Santa Cruz de Tenerife",450,,2019-04-14,700000,0,6.0,1,0,0,False,False,True,False,False,False,False,False,False,False,False,False,False,False,False,False,False,False,False,False,False,False,False,False,False,False,False
Anuncio actualizado el 28 de diciembre,0,0,2.0,0,0,,en trámite,,0,0,36834335,7,,Tacoronte,Distrito Tacoronte - Los Naranjeros," , Distrito Tacoronte - Los Naranjeros , Tacoronte , Tenerife, Santa Cruz de Tenerife ",,"Tenerife, Santa Cruz de Tenerife",180,135,2019-04-14,165000,0,4.0,1,0,1,False,False,True,False,False,False,False,False,False,False,False,False,False,False,False,False,False,False,False,False,False,False,False,False,False,False,False
Anuncio actualizado el 1 de noviembre,0,1,3.0,0,0,1977,en trámite,2 plantas,1,1,36126916,0,,Tacoronte,Distrito Agua García - Juan Fernández," Pasaje Mesa, 48 , Distrito Agua García - Juan Fernández , Tacoronte , Tenerife, Santa Cruz de Tenerife ","Pasaje Mesa, 48","Tenerife, Santa Cruz de Tenerife",550,,2019-04-14,317000,0,4.0,1,0,1,False,False,True,False,False,False,False,False,False,False,False,False,False,True,False,False,False,False,False,False,False,False,False,False,False,False,False
Anuncio actualizado el 1 de diciembre,0,0,3.0,1,0,2000,en trámite,,0,1,83251187,3,,Tacoronte,Distrito Agua García - Juan Fernández," , Distrito Agua García - Juan Fernández , Tacoronte , Tenerife, Santa Cruz de Tenerife ",,"Tenerife, Santa Cruz de Tenerife",1500,153,2019-04-14,277000,0,4.0,1,0,1,False,False,True,False,False,False,False,False,False,False,False,False,False,False,False,False,False,False,False,False,False,False,False,False,False,False,False
Anuncio actualizado el 18 de marzo,0,1,2.0,1,0,,en trámite,1 planta,1,1,82020906,0,,Tacoronte,Distrito Tacoronte - Los Naranjeros," , Distrito Tacoronte - Los Naranjeros , Tacoronte , Tenerife, Santa Cruz de Tenerife ",,"Tenerife, Santa Cruz de Tenerife",760,,2019-04-14,355000,0,2.0,0,1,1,False,False,False,False,False,False,False,False,False,False,False,False,False,False,False,False,False,False,False,False,False,False,False,False,False,False,False
Anuncio actualizado el 11 de abril,1,0,2.0,0,0,2008,no indicado,,0,1,83812654,7,,Tacoronte,Distrito Tacoronte - Los Naranjeros," , Distrito Tacoronte - Los Naranjeros , Tacoronte , Tenerife, Santa Cruz de Tenerife ",,"Tenerife, Santa Cruz de Tenerife",207,170,2019-04-14,198000,0,4.0,1,0,1,False,False,True,False,False,False,False,False,False,False,False,False,False,False,False,False,False,False,False,False,False,False,False,False,False,False,False
Anuncio actualizado el 23 de febrero,0,1,3.0,1,0,,,,1,0,40142357,12,,Tacoronte,Distrito Tacoronte - Los Naranjeros," , Distrito Tacoronte - Los Naranjeros , Tacoronte , Tenerife, Santa Cruz de Tenerife ",,"Tenerife, Santa Cruz de Tenerife",185,,2019-04-14,189000,0,3.0,1,0,1,False,False,True,False,False,False,False,False,False,False,False,False,False,False,False,False,False,False,False,False,False,False,False,False,False,False,False
Anuncio actualizado el 5 de marzo,0,0,1.0,0,0,,,planta 2ª exterior,1,0,84369895,1,0,Tacoronte,Distrito El Pris - Juan Fernández," , Distrito El Pris - Juan Fernández , Tacoronte , Tenerife, Santa Cruz de Tenerife ",,"Tenerife, Santa Cruz de Tenerife",60,54,2019-04-14,110000,0,2.0,1,0,1,False,False,True,False,False,False,False,False,False,False,False,False,False,False,False,False,False,False,False,False,False,False,False,False,False,False,False
Anuncio actualizado el 20 de marzo,0,0,3.0,0,0,,en trámite,2 plantas,1,0,84434964,0,,Tacoronte,Distrito Guayonje - Mesa del Mar," , Distrito Guayonje - Mesa del Mar , Tacoronte , Tenerife, Santa Cruz de Tenerife ",,"Tenerife, Santa Cruz de Tenerife",167,,2019-04-14,210000,0,4.0,1,0,1,False,False,True,False,False,False,False,False,False,False,False,True,False,False,False,False,False,False,False,False,False,False,False,False,False,False,False
Anuncio actualizado el 6 de marzo,0,0,1.0,1,0,1998,en trámite,planta 5ª exterior,1,0,84558707,1,1,Tacoronte,Distrito Tacoronte - Los Naranjeros," Calle Familia Quesada Sanchez, 5 , Distrito Tacoronte - Los Naranjeros , Tacoronte , Tenerife, Santa Cruz de Tenerife ","Calle Familia Quesada Sanchez, 5","Tenerife, Santa Cruz de Tenerife",74,66,2019-04-14,136955,0,2.0,1,0,0,False,False,True,False,False,False,False,False,False,False,False,False,False,False,False,False,False,False,False,False,False,False,False,False,False,False,False
Anuncio actualizado el 12 de abril,0,1,3.0,1,0,1982,en trámite,,1,1,84693055,0,,Tacoronte,Distrito Santa Catalina," , Distrito Santa Catalina , Tacoronte , Tenerife, Santa Cruz de Tenerife ",,"Tenerife, Santa Cruz de Tenerife",707,310,2019-04-14,430000,1,3.0,1,1,1,False,False,False,True,False,False,False,False,False,False,True,False,False,False,True,False,False,False,False,False,False,False,False,False,False,False,False
Anuncio actualizado el 10 de abril,0,1,2.0,0,0,1995,no indicado,,1,0,84890461,0,,Tacoronte,Distrito Guayonje - Mesa del Mar," , Distrito Guayonje - Mesa del Mar , Tacoronte , Tenerife, Santa Cruz de Tenerife ",,"Tenerife, Santa Cruz de Tenerife",970,140,2019-04-14,385000,0,4.0,0,0,1,False,False,True,False,False,False,False,False,False,False,False,False,False,True,False,False,False,False,False,False,False,False,False,False,False,False,False
Anuncio actualizado el 11 de abril,0,0,1.0,0,0,,en trámite,planta 1ª exterior,0,0,84969624,1,0,Tacoronte,Distrito Guayonje - Mesa del Mar," Calle Lomo la Vieja, Tacoronte, 29 , Distrito Guayonje - Mesa del Mar , Tacoronte , Tenerife, Santa Cruz de Tenerife ","Calle Lomo la Vieja, Tacoronte, 29","Tenerife, Santa Cruz de Tenerife",72,63,2019-04-14,45700,0,2.0,1,0,0,False,False,True,False,False,False,False,False,False,False,False,False,False,False,False,False,False,False,False,False,False,False,False,False,False,False,False
Anuncio actualizado el 13 de marzo,0,0,3.0,1,0,,en trámite,3 plantas,1,0,36784739,11,,Tacoronte,Distrito Tacoronte - Los Naranjeros," Carretera Tacoronte-Tejina, 61 , Distrito Tacoronte - Los Naranjeros , Tacoronte , Tenerife, Santa Cruz de Tenerife ","Carretera Tacoronte-Tejina, 61","Tenerife, Santa Cruz de Tenerife",157,,2019-04-14,205000,0,3.0,1,0,1,False,False,True,False,False,False,False,False,False,False,False,False,False,False,False,False,False,False,False,False,False,False,False,False,False,False,False
Anuncio actualizado el 19 de julio,0,0,1.0,0,0,1870,en trámite,1 planta,0,1,38173367,0,,Tacoronte,Distrito Santa Catalina," Plaza de Santa Catalina , Distrito Santa Catalina , Tacoronte , Tenerife, Santa Cruz de Tenerife ",Plaza de Santa Catalina,"Tenerife, Santa Cruz de Tenerife",350,,2019-04-14,200000,0,3.0,0,0,0,False,False,True,False,False,False,False,False,False,False,False,False,False,False,False,False,False,False,False,False,True,False,False,False,False,False,False
Anuncio actualizado el 21 de febrero,1,1,3.0,1,0,1999,en trámite,2 plantas,1,1,40197180,0,,Tacoronte,Distrito Guayonje - Mesa del Mar," Calle Medico Ernesto Castro , Distrito Guayonje - Mesa del Mar , Tacoronte , Tenerife, Santa Cruz de Tenerife ",Calle Medico Ernesto Castro,"Tenerife, Santa Cruz de Tenerife",380,220,2019-04-14,319000,0,4.0,1,0,1,False,False,True,False,False,False,False,False,False,False,False,False,False,False,False,False,True,False,False,False,False,False,False,False,False,False,False
Anuncio actualizado el 7 de abril,0,1,3.0,1,0,,,2 plantas,1,1,40461468,0,,Tacoronte,Distrito Agua García - Juan Fernández," Campo de Golf s/n , Distrito Agua García - Juan Fernández , Tacoronte , Tenerife, Santa Cruz de Tenerife ",Campo de Golf s/n,"Tenerife, Santa Cruz de Tenerife",219,209,2019-04-14,375000,0,5.0,1,1,1,False,False,True,False,False,False,False,False,False,False,False,False,False,False,False,False,False,False,False,False,False,False,False,False,False,False,False
Anuncio actualizado el 8 de abril,0,0,3.0,1,0,,en trámite,,1,1,81141370,0,,Tacoronte,Distrito El Pris - Juan Fernández," Pasaje Tindaya, 5 , Urb. Atlantis Park , Distrito El Pris - Juan Fernández , Tacoronte , Tenerife, Santa Cruz de Tenerife ",Urb. Atlantis Park,"Tenerife, Santa Cruz de Tenerife",545,,2019-04-14,390000,0,4.0,1,0,1,False,False,True,False,False,False,False,False,False,False,False,False,False,False,False,False,False,False,False,False,False,False,False,False,False,False,False
Anuncio actualizado el 7 de abril,0,0,3.0,1,0,2002,,2 plantas,1,0,81990198,11,,Tacoronte,Distrito Tacoronte - Los Naranjeros," Calle Casas Altas, 12 , Distrito Tacoronte - Los Naranjeros , Tacoronte , Tenerife, Santa Cruz de Tenerife ","Calle Casas Altas, 12","Tenerife, Santa Cruz de Tenerife",160,,2019-04-14,200000,0,3.0,1,0,1,False,False,True,False,False,False,False,False,False,False,False,False,False,False,False,False,False,False,False,False,False,False,False,False,False,False,False
más de 5 meses sin actualizar,0,1,3.0,1,0,,en trámite,4 plantas,1,0,82560484,12,,Tacoronte,Distrito Tacoronte - Los Naranjeros," Carretera General del Norte, 250 B , Urb. Residencial Noelia , Distrito Tacoronte - Los Naranjeros , Tacoronte , Tenerife, Santa Cruz de Tenerife ",Urb. Residencial Noelia,"Tenerife, Santa Cruz de Tenerife",285,190,2019-04-14,222000,0,3.0,1,0,1,False,False,True,False,False,False,False,False,False,False,False,False,False,True,False,False,False,False,False,False,False,False,False,False,False,False,False
Anuncio actualizado el 8 de enero,0,0,3.0,1,0,,,3 plantas,1,0,82368489,11,,Tacoronte,Distrito Tacoronte - Los Naranjeros," Calle Candelaria, 35 , Distrito Tacoronte - Los Naranjeros , Tacoronte , Tenerife, Santa Cruz de Tenerife ","Calle Candelaria, 35","Tenerife, Santa Cruz de Tenerife",292,,2019-04-14,224000,0,3.0,1,0,1,False,False,True,False,False,False,False,False,False,False,False,False,False,False,False,False,False,False,False,False,False,False,False,False,False,False,False
Anuncio actualizado el 29 de marzo,1,1,3.0,1,0,,en trámite,4 plantas,0,0,83721448,0,,Tacoronte,Distrito El Pris - Juan Fernández," Carretera General Tacoronte-Tejina , Distrito El Pris - Juan Fernández , Tacoronte , Tenerife, Santa Cruz de Tenerife ",Carretera General Tacoronte-Tejina,"Tenerife, Santa Cruz de Tenerife",190,,2019-04-14,222000,0,3.0,1,0,1,False,False,False,False,False,False,False,False,False,False,False,False,False,False,False,False,False,False,False,False,False,False,False,False,False,False,False
Anuncio actualizado el 17 de febrero,0,0,2.0,0,0,,no indicado,,0,0,82087898,7,,Tacoronte,Distrito Tacoronte - Los Naranjeros," Calle Sebastian Machado , Distrito Tacoronte - Los Naranjeros , Tacoronte , Tenerife, Santa Cruz de Tenerife ",Calle Sebastian Machado,"Tenerife, Santa Cruz de Tenerife",110,,2019-04-14,93500,0,5.0,0,0,0,False,False,False,False,False,False,False,False,False,False,False,False,False,False,False,False,False,False,False,False,False,False,False,False,False,False,False
Anuncio actualizado el 3 de marzo,0,1,2.0,1,0,,en trámite,planta 2ª exterior,1,1,84084475,1,0,Tacoronte,Distrito Santa Catalina," Calle las Toscas, 13 . EDF. ERIKA P1.3 , Urb. ERIKA , Distrito Santa Catalina , Tacoronte , Tenerife, Santa Cruz de Tenerife ",Urb. ERIKA,"Tenerife, Santa Cruz de Tenerife",94,85,2019-04-14,130000,0,3.0,1,0,0,False,False,True,False,False,False,False,False,False,False,False,True,False,False,False,False,False,False,False,False,False,False,False,False,False,False,False
Anuncio actualizado el 5 de abril,0,1,3.0,1,0,2005,en trámite,3 plantas,0,0,84603442,11,,Tacoronte,Distrito Tacoronte - Los Naranjeros," Calle de la Sarabanda , Distrito Tacoronte - Los Naranjeros , Tacoronte , Tenerife, Santa Cruz de Tenerife ",Calle de la Sarabanda,"Tenerife, Santa Cruz de Tenerife",163,,2019-04-14,190000,0,3.0,1,0,0,False,False,True,False,False,False,False,False,False,False,False,False,False,False,False,False,False,False,False,False,False,False,False,False,False,False,False
Anuncio actualizado el 9 de enero,0,0,1.0,0,0,,inmueble exento,,0,1,38231133,9,,Tacoronte,Distrito Guayonje - Mesa del Mar," Carretera Tacoronte-Tejina, 125 , Distrito Guayonje - Mesa del Mar , Tacoronte , Tenerife, Santa Cruz de Tenerife ","Carretera Tacoronte-Tejina, 125","Tenerife, Santa Cruz de Tenerife",283,226,2019-04-14,441900,0,13.0,0,0,0,False,False,True,False,False,False,False,False,False,False,False,False,False,False,False,False,False,False,False,False,False,False,False,True,False,False,False
Anuncio actualizado el 26 de marzo,0,0,1.0,0,0,,,planta 1ª exterior,0,0,84214884,1,1,Tacoronte,Distrito Guayonje - Mesa del Mar," mesa del mar, 132 , Urb. Edificio Mar y Sol , Distrito Guayonje - Mesa del Mar , Tacoronte , Tenerife, Santa Cruz de Tenerife ",Urb. Edificio Mar y Sol,"Tenerife, Santa Cruz de Tenerife",45,,2019-04-14,64000,0,1.0,0,0,0,False,False,True,False,False,False,False,False,False,False,False,True,False,False,False,False,False,False,False,False,False,False,False,False,False,False,False
Anuncio actualizado el 9 de abril,0,0,2.0,0,0,,,,1,1,39048604,12,,Tacoronte,Distrito El Pris - Juan Fernández," Calle Tenerife, 16 , Urb. Urbanización Parque Atlántico , Distrito El Pris - Juan Fernández , Tacoronte , Tenerife, Santa Cruz de Tenerife ",Urb. Urbanización Parque Atlántico,"Tenerife, Santa Cruz de Tenerife",120,,2019-04-14,145000,0,4.0,1,0,1,False,False,True,False,False,False,False,False,False,False,False,False,False,True,False,False,False,False,False,False,False,False,False,False,False,False,False
Anuncio actualizado el 5 de abril,1,0,2.0,0,0,2005,en trámite,3 plantas,1,1,84962789,12,,Tacoronte,Distrito Tacoronte - Los Naranjeros," , Distrito Tacoronte - Los Naranjeros , Tacoronte , Tenerife, Santa Cruz de Tenerife ",,"Tenerife, Santa Cruz de Tenerife",250,,2019-04-14,219000,0,3.0,1,0,1,False,False,True,False,False,False,False,False,False,False,False,False,False,False,False,False,False,False,False,False,False,False,False,False,False,False,False
Anuncio actualizado el 9 de junio,0,0,6.0,1,0,,,,1,1,26423660,0,,Tacoronte,Distrito Agua García - Juan Fernández," Pasaje Fariña , Distrito Agua García - Juan Fernández , Tacoronte , Tenerife, Santa Cruz de Tenerife ",Pasaje Fariña,"Tenerife, Santa Cruz de Tenerife",600,450,2019-04-14,2100000,0,6.0,0,0,1,False,False,True,False,False,False,False,False,False,False,False,False,False,False,False,False,False,False,False,False,False,False,False,False,False,False,False
Anuncio actualizado el 9 de junio,0,0,3.0,1,0,,,2 plantas,1,1,33382067,0,,Tacoronte,Distrito Agua García - Juan Fernández," Carretera la esperanza , Distrito Agua García - Juan Fernández , Tacoronte , Tenerife, Santa Cruz de Tenerife ",Carretera la esperanza,"Tenerife, Santa Cruz de Tenerife",2500,210,2019-04-14,325000,0,6.0,1,0,1,False,False,True,False,False,False,False,False,False,False,False,False,False,False,False,False,False,False,False,False,False,False,False,False,False,False,False
Anuncio actualizado el 24 de mayo,0,0,3.0,0,0,,,2 plantas,0,1,36045843,0,,Tacoronte,Distrito Tacoronte - Los Naranjeros," Calle Jose Morales Clavijo , Distrito Tacoronte - Los Naranjeros , Tacoronte , Tenerife, Santa Cruz de Tenerife ",Calle Jose Morales Clavijo,"Tenerife, Santa Cruz de Tenerife",800,,2019-04-14,350000,0,4.0,1,0,1,False,False,True,False,False,False,False,False,False,False,False,False,False,True,False,False,False,False,False,False,False,False,False,False,False,False,False
Anuncio actualizado el 1 de junio,1,0,6.0,1,0,,,3 plantas,1,1,37684405,0,,Tacoronte,Distrito Agua García - Juan Fernández," callos los mirlos , Urb. Campo Real Club de Golf de Tenerife , Distrito Agua García - Juan Fernández , Tacoronte , Tenerife, Santa Cruz de Tenerife ",Urb. Campo Real Club de Golf de Tenerife,"Tenerife, Santa Cruz de Tenerife",1241,,2019-04-14,1500000,0,5.0,1,1,1,False,False,True,False,False,False,False,False,False,False,False,False,False,False,False,False,False,False,False,False,False,False,False,False,False,False,False
Anuncio actualizado el 10 de abril,0,1,2.0,1,0,,en trámite,,1,0,38895736,0,,Tacoronte,Distrito Tacoronte - Los Naranjeros," Calle Pedro Felipe , Distrito Tacoronte - Los Naranjeros , Tacoronte , Tenerife, Santa Cruz de Tenerife ",Calle Pedro Felipe,"Tenerife, Santa Cruz de Tenerife",350,255,2019-04-14,340000,0,4.0,1,0,1,False,False,True,False,False,False,False,False,False,False,False,False,False,False,False,False,False,False,False,False,False,True,False,False,False,False,False
Anuncio actualizado el 29 de mayo,1,1,3.0,1,0,,en trámite,2 plantas,1,0,40352003,0,,Tacoronte,Distrito El Pris - Juan Fernández," Roque nublo , Distrito El Pris - Juan Fernández , Tacoronte , Tenerife, Santa Cruz de Tenerife ",Roque nublo,"Tenerife, Santa Cruz de Tenerife",600,,2019-04-14,355000,1,3.0,1,0,1,False,False,True,False,False,False,False,False,False,False,False,False,False,False,False,False,False,False,False,False,False,False,False,False,False,False,False
Anuncio actualizado el 12 de febrero,1,0,2.0,1,1,1900,en trámite,2 plantas,0,1,82412625,4,,Tacoronte,Distrito Agua García - Juan Fernández," Calle las Mesetas , Distrito Agua García - Juan Fernández , Tacoronte , Tenerife, Santa Cruz de Tenerife ",Calle las Mesetas,"Tenerife, Santa Cruz de Tenerife",213,140,2019-04-14,269000,0,3.0,0,0,1,False,False,True,False,False,False,False,False,False,False,False,False,False,False,False,False,False,False,False,False,False,False,False,False,False,False,False
Anuncio actualizado el 28 de diciembre,0,1,4.0,1,0,,en trámite,2 plantas,1,1,82536390,0,,Tacoronte,Distrito Agua García - Juan Fernández," Camino Real , Distrito Agua García - Juan Fernández , Tacoronte , Tenerife, Santa Cruz de Tenerife ",Camino Real,"Tenerife, Santa Cruz de Tenerife",1400,320,2019-04-14,387000,0,5.0,1,0,1,False,False,True,False,False,False,False,False,False,False,False,False,False,False,False,False,False,False,False,False,False,False,False,False,False,False,False
Anuncio actualizado el 10 de abril,1,0,2.0,0,0,,en trámite,,1,0,40505401,0,,Tacoronte,Distrito Tacoronte - Los Naranjeros," Calle Pedro Felipe , Distrito Tacoronte - Los Naranjeros , Tacoronte , Tenerife, Santa Cruz de Tenerife ",Calle Pedro Felipe,"Tenerife, Santa Cruz de Tenerife",220,,2019-04-14,179900,0,4.0,1,0,1,False,False,True,False,False,False,True,False,False,False,False,False,False,False,False,False,False,False,False,False,False,False,False,False,False,False,False
Anuncio actualizado el 4 de febrero,0,0,2.0,1,0,,en trámite,3 plantas,1,1,36252503,11,,Tacoronte,Distrito Tacoronte - Los Naranjeros," Calle Graciano Alvarez Dorta , Urb. El Torreón , Distrito Tacoronte - Los Naranjeros , Tacoronte , Tenerife, Santa Cruz de Tenerife ",Urb. El Torreón,"Tenerife, Santa Cruz de Tenerife",135,133,2019-04-14,195000,0,4.0,1,0,1,False,False,True,False,False,False,False,False,False,False,False,False,False,True,False,False,False,False,False,False,False,False,False,False,False,False,False
Anuncio actualizado el 11 de abril,0,1,2.0,1,0,1999,en trámite,,1,0,83986742,0,,Tacoronte,Distrito Tacoronte - Los Naranjeros," Callejón de Gómez , Distrito Tacoronte - Los Naranjeros , Tacoronte , Tenerife, Santa Cruz de Tenerife ",Callejón de Gómez,"Tenerife, Santa Cruz de Tenerife",179,,2019-04-14,215000,0,3.0,0,0,1,False,False,True,False,False,False,False,False,False,False,False,False,False,False,False,False,False,False,False,False,False,False,False,False,False,False,False
Anuncio actualizado el 7 de febrero,1,0,5.0,1,0,1975,,3 plantas,1,1,39896070,0,,Tacoronte,Distrito Agua García - Juan Fernández," Las Llaves , Urb. Campo de Golf El Peñón , Distrito Agua García - Juan Fernández , Tacoronte , Tenerife, Santa Cruz de Tenerife ",Urb. Campo de Golf El Peñón,"Tenerife, Santa Cruz de Tenerife",1852,600,2019-04-14,825000,0,5.0,1,0,1,False,False,True,False,False,False,False,False,False,False,False,False,False,False,False,False,False,False,False,False,False,False,False,False,False,False,False
Anuncio actualizado el 10 de abril,0,0,2.0,1,0,2005,en trámite,,1,1,84352282,0,,Tacoronte,Distrito El Pris - Juan Fernández," Calle el Hierro , Distrito El Pris - Juan Fernández , Tacoronte , Tenerife, Santa Cruz de Tenerife ",Calle el Hierro,"Tenerife, Santa Cruz de Tenerife",563,140,2019-04-14,380000,0,3.0,0,0,1,False,False,True,False,False,False,False,False,False,False,False,True,False,False,False,False,False,False,False,False,False,False,False,False,False,False,False
Anuncio actualizado el 2 de agosto,0,0,3.0,1,0,2003,,1 planta,1,1,35348402,0,,Tacoronte,Distrito Santa Catalina," Calle La Faya , Urb. Jardín del Sol , Distrito Santa Catalina , Tacoronte , Tenerife, Santa Cruz de Tenerife ",Urb. Jardín del Sol,"Tenerife, Santa Cruz de Tenerife",1482,170,2019-04-14,430000,0,3.0,1,0,1,False,False,True,False,False,False,False,False,False,False,False,False,False,False,False,False,True,False,False,False,False,False,False,False,False,False,False
Anuncio actualizado el 18 de julio,0,0,2.0,1,0,2001,en trámite,1 planta,1,1,40375784,0,,Tacoronte,Distrito Agua García - Juan Fernández," Calle los Mirlos , Urb. Urbanización Los Mirlos , Distrito Agua García - Juan Fernández , Tacoronte , Tenerife, Santa Cruz de Tenerife ",Urb. Urbanización Los Mirlos,"Tenerife, Santa Cruz de Tenerife",534,,2019-04-14,350000,0,3.0,1,0,1,False,False,True,False,False,False,False,False,False,False,False,False,False,False,False,False,False,False,False,False,False,False,False,False,False,False,False
Anuncio actualizado el 22 de enero,0,0,2.0,1,0,,en trámite,2 plantas,1,1,82669452,0,,Tacoronte,Distrito Tacoronte - Los Naranjeros," Calle Malcontento , Distrito Tacoronte - Los Naranjeros , Tacoronte , Tenerife, Santa Cruz de Tenerife ",Calle Malcontento,"Tenerife, Santa Cruz de Tenerife",150,,2019-04-14,385000,0,3.0,1,0,1,False,False,False,False,False,False,False,False,False,False,False,False,False,False,False,False,False,False,False,False,False,False,False,False,False,False,False
Anuncio actualizado el 30 de enero,0,1,5.0,0,0,1940,,2 plantas,1,1,83512964,0,,Tacoronte,Distrito Tacoronte - Los Naranjeros," Calle la Perla , Distrito Tacoronte - Los Naranjeros , Tacoronte , Tenerife, Santa Cruz de Tenerife ",Calle la Perla,"Tenerife, Santa Cruz de Tenerife",1362,,2019-04-14,395000,0,3.0,1,0,1,False,False,True,False,False,False,False,False,False,False,False,False,False,True,False,False,False,False,False,False,False,False,False,False,False,False,False
Anuncio actualizado el 13 de febrero,0,1,2.0,0,0,,en trámite,,0,1,83759535,4,,Tacoronte,Distrito Agua García - Juan Fernández," Camino Real , Distrito Agua García - Juan Fernández , Tacoronte , Tenerife, Santa Cruz de Tenerife ",Camino Real,"Tenerife, Santa Cruz de Tenerife",420,,2019-04-14,235000,0,4.0,1,0,1,False,False,False,True,False,True,False,False,False,False,False,False,False,False,False,False,False,False,False,False,False,False,False,True,False,False,False
Anuncio actualizado el 24 de febrero,0,0,2.0,0,0,1999,en trámite,2 plantas,0,0,84181028,11,,Tacoronte,Distrito Tacoronte - Los Naranjeros," Calle Jua Perez , Distrito Tacoronte - Los Naranjeros , Tacoronte , Tenerife, Santa Cruz de Tenerife ",Calle Jua Perez,"Tenerife, Santa Cruz de Tenerife",164,,2019-04-14,242000,0,4.0,0,0,1,False,False,True,False,False,False,False,False,False,False,False,False,False,False,False,False,False,False,False,False,False,False,False,False,False,False,False
Anuncio actualizado el 31 de marzo,0,0,3.0,1,0,,,1 planta,1,1,84328958,0,,Tacoronte,Distrito El Pris - Juan Fernández," san juan perales , Distrito El Pris - Juan Fernández , Tacoronte , Tenerife, Santa Cruz de Tenerife ",san juan perales,"Tenerife, Santa Cruz de Tenerife",600,,2019-04-14,408000,0,3.0,0,0,1,False,False,True,False,False,False,False,False,False,False,False,False,False,False,False,False,False,True,False,False,False,False,False,False,False,False,False
Anuncio actualizado el 11 de abril,0,0,2.0,1,0,1990,en trámite,2 plantas,0,0,84641786,11,,Tacoronte,Distrito Tacoronte - Los Naranjeros," Calle Lomo Colorado , Distrito Tacoronte - Los Naranjeros , Tacoronte , Tenerife, Santa Cruz de Tenerife ",Calle Lomo Colorado,"Tenerife, Santa Cruz de Tenerife",119,,2019-04-14,136500,0,3.0,0,0,0,False,False,True,False,False,False,False,True,False,False,False,False,False,False,False,False,False,False,False,False,False,False,False,False,False,False,False
Anuncio actualizado el 19 de marzo,0,0,2.0,1,0,2004,,2 plantas,1,0,84722802,11,,Tacoronte,Distrito Tacoronte - Los Naranjeros," Mateo Viña , Distrito Tacoronte - Los Naranjeros , Tacoronte , Tenerife, Santa Cruz de Tenerife ",Mateo Viña,"Tenerife, Santa Cruz de Tenerife",96,82,2019-04-14,120000,0,3.0,0,0,1,False,False,True,False,False,False,False,False,False,False,False,False,False,False,False,False,False,False,False,False,False,False,False,False,False,False,False
Anuncio actualizado el 24 de febrero,0,0,1.0,0,1,,,1 planta,1,1,38173670,2,,Tacoronte,Distrito Agua García - Juan Fernández," Calle Lomo del Trazo, 4 C , Distrito Agua García - Juan Fernández , Tacoronte , Tenerife, Santa Cruz de Tenerife ","Calle Lomo del Trazo, 4 C","Tenerife, Santa Cruz de Tenerife",3464,,2019-04-14,230000,0,2.0,0,0,1,False,False,True,False,False,False,False,False,False,False,False,False,False,False,False,False,False,False,False,False,False,False,False,True,False,False,False
Anuncio actualizado el 14 de enero,0,0,2.0,1,0,2009,en trámite,planta 1ª exterior,1,0,37026956,1,1,Tacoronte,Distrito Tacoronte - Los Naranjeros," Calle Ismael Dominguez, 10 , Distrito Tacoronte - Los Naranjeros , Tacoronte , Tenerife, Santa Cruz de Tenerife ","Calle Ismael Dominguez, 10","Tenerife, Santa Cruz de Tenerife",110,97,2019-04-14,125000,0,3.0,0,0,0,False,False,True,False,False,False,False,False,False,False,False,False,False,True,False,False,False,False,False,False,False,False,False,False,False,False,False
Anuncio actualizado el 29 de noviembre,0,0,2.0,1,0,,en trámite,2 plantas,0,1,81466958,11,,Tacoronte,Distrito Tacoronte - Los Naranjeros," Calle CANDELARIA , Distrito Tacoronte - Los Naranjeros , Tacoronte , Tenerife, Santa Cruz de Tenerife ",Calle CANDELARIA,"Tenerife, Santa Cruz de Tenerife",105,,2019-04-14,185000,0,4.0,1,0,1,False,False,True,False,False,False,False,False,False,False,False,False,False,False,False,False,False,False,False,False,False,False,False,False,False,False,False
Anuncio actualizado el 21 de junio,0,1,4.0,1,0,,en trámite,1 planta,1,1,81493430,0,,Tacoronte,Distrito Tacoronte - Los Naranjeros," Calle El Marañón , Distrito Tacoronte - Los Naranjeros , Tacoronte , Tenerife, Santa Cruz de Tenerife ",Calle El Marañón,"Tenerife, Santa Cruz de Tenerife",1075,,2019-04-14,375000,0,5.0,1,0,1,False,False,True,False,False,False,False,False,False,False,False,False,False,False,False,False,False,False,False,False,False,False,False,False,False,False,False
Anuncio actualizado el 27 de septiembre,0,0,2.0,1,0,1999,no indicado,,0,0,37678100,7,,Tacoronte,Distrito Tacoronte - Los Naranjeros," Calle el trazo, 37 , Distrito Tacoronte - Los Naranjeros , Tacoronte , Tenerife, Santa Cruz de Tenerife ","Calle el trazo, 37","Tenerife, Santa Cruz de Tenerife",360,269,2019-04-14,275000,0,3.0,1,0,0,False,False,False,True,False,False,False,False,False,False,False,False,False,False,False,False,False,False,False,False,False,False,False,False,False,False,False
Anuncio actualizado el 19 de febrero,0,1,2.0,1,0,1940,no indicado,,0,1,40231319,3,,Tacoronte,Distrito Guayonje - Mesa del Mar," Calle la Herrería, 13 # , Distrito Guayonje - Mesa del Mar , Tacoronte , Tenerife, Santa Cruz de Tenerife ","Calle la Herrería, 13 #","Tenerife, Santa Cruz de Tenerife",693,,2019-04-14,276000,0,3.0,1,1,1,False,False,True,False,False,False,False,False,False,False,False,False,False,False,False,False,False,False,False,False,False,False,False,False,False,False,False
Anuncio actualizado el 9 de abril,0,0,3.0,1,0,1999,,,1,1,82707644,0,,Tacoronte,Distrito Guayonje - Mesa del Mar," Calle Malcontento, 65 , Distrito Guayonje - Mesa del Mar , Tacoronte , Tenerife, Santa Cruz de Tenerife ","Calle Malcontento, 65","Tenerife, Santa Cruz de Tenerife",2900,350,2019-04-14,650000,0,4.0,0,0,1,False,False,True,False,False,False,False,False,False,False,False,False,False,False,False,False,False,False,False,False,False,False,False,False,False,False,False
Anuncio actualizado el 22 de febrero,0,0,4.0,1,0,,,2 plantas,1,1,83941632,11,,Tacoronte,Distrito Tacoronte - Los Naranjeros," Callejón de Gómez , Distrito Tacoronte - Los Naranjeros , Tacoronte , Tenerife, Santa Cruz de Tenerife ",Callejón de Gómez,"Tenerife, Santa Cruz de Tenerife",157,,2019-04-14,240000,0,4.0,1,0,1,False,False,True,False,False,False,False,False,False,False,False,False,False,True,False,False,False,False,False,False,False,False,False,False,False,False,False
Anuncio actualizado el 26 de febrero,0,1,2.0,1,0,1985,,1 planta,0,0,82169850,7,,Tacoronte,Distrito Tacoronte - Los Naranjeros," Calle Jose Morales Clavijo, 74 , Distrito Tacoronte - Los Naranjeros , Tacoronte , Tenerife, Santa Cruz de Tenerife ","Calle Jose Morales Clavijo, 74","Tenerife, Santa Cruz de Tenerife",204,,2019-04-14,210200,0,6.0,0,0,0,False,False,True,False,False,False,False,False,False,False,False,False,False,False,False,False,False,False,False,False,False,False,False,False,False,False,False
Anuncio actualizado el 11 de abril,0,1,3.0,1,0,,en trámite,2 plantas,0,1,84276256,12,,Tacoronte,Distrito Guayonje - Mesa del Mar," Calle Lomo de la Vieja, 51 , Distrito Guayonje - Mesa del Mar , Tacoronte , Tenerife, Santa Cruz de Tenerife ","Calle Lomo de la Vieja, 51","Tenerife, Santa Cruz de Tenerife",120,,2019-04-14,174000,0,4.0,1,0,1,False,False,True,False,False,False,False,False,False,False,False,False,False,False,False,False,False,False,False,False,False,False,False,False,False,False,False
Anuncio actualizado el 26 de octubre,1,0,2.0,1,0,1800,en trámite,2 plantas,1,1,40282463,11,,Tacoronte,Distrito Tacoronte - Los Naranjeros," Calle de Adelantado, 8 , Distrito Tacoronte - Los Naranjeros , Tacoronte , Tenerife, Santa Cruz de Tenerife ","Calle de Adelantado, 8","Tenerife, Santa Cruz de Tenerife",433,,2019-04-14,198500,0,3.0,1,0,1,False,False,False,False,False,False,False,False,False,False,False,False,False,False,False,False,False,False,False,False,False,False,False,False,False,False,False
Anuncio actualizado el 27 de febrero,0,0,1.0,1,0,1970,en trámite,,1,1,81377792,0,,Tacoronte,Distrito Guayonje - Mesa del Mar," Calle Guillermo Graham Hernández, 28 , Distrito Guayonje - Mesa del Mar , Tacoronte , Tenerife, Santa Cruz de Tenerife ","Calle Guillermo Graham Hernández, 28","Tenerife, Santa Cruz de Tenerife",471,180,2019-04-14,330000,0,3.0,0,1,1,False,False,True,False,False,False,False,False,False,False,False,False,False,False,False,False,False,False,False,False,False,False,False,False,False,False,False
Anuncio actualizado el 22 de noviembre,0,1,2.0,0,0,,inmueble exento,,0,1,38737070,3,,Tacoronte,Distrito Guayonje - Mesa del Mar," Carretera de guayonje , Distrito Guayonje - Mesa del Mar , Tacoronte , Tenerife, Santa Cruz de Tenerife ",Carretera de guayonje,"Tenerife, Santa Cruz de Tenerife",220,55,2019-04-14,79900,0,2.0,0,0,0,False,False,True,False,False,False,False,False,False,False,False,False,False,False,False,False,False,False,False,False,False,False,False,False,False,False,True
Anuncio actualizado el 3 de marzo,0,1,2.0,1,0,2006,en trámite,,0,1,82663372,11,,Tacoronte,Distrito Tacoronte - Los Naranjeros," OVEJERA, 102 , Distrito Tacoronte - Los Naranjeros , Tacoronte , Tenerife, Santa Cruz de Tenerife ","OVEJERA, 102","Tenerife, Santa Cruz de Tenerife",99,80,2019-04-14,145000,0,3.0,0,0,1,False,False,True,False,False,False,False,False,False,False,False,False,False,False,False,False,False,False,False,False,False,False,False,False,False,False,False
Anuncio actualizado el 1 de febrero,0,1,2.0,0,0,1995,en trámite,2 plantas,0,0,83247593,0,,Tacoronte,Distrito Tacoronte - Los Naranjeros," Carretera General s/n , Distrito Tacoronte - Los Naranjeros , Tacoronte , Tenerife, Santa Cruz de Tenerife ",Carretera General s/n,"Tenerife, Santa Cruz de Tenerife",198,,2019-04-14,100000,0,4.0,0,0,1,False,False,True,False,False,False,False,False,False,False,False,False,False,False,False,False,False,False,False,False,False,False,False,False,False,False,False
Anuncio actualizado el 11 de marzo,0,0,4.0,1,0,,en trámite,2 plantas,1,1,37345262,0,,Tacoronte,Distrito Agua García - Juan Fernández," Carril de billete, 33 , Distrito Agua García - Juan Fernández , Tacoronte , Tenerife, Santa Cruz de Tenerife ","Carril de billete, 33","Tenerife, Santa Cruz de Tenerife",2600,270,2019-04-14,300000,0,2.0,1,0,1,False,False,True,False,False,False,False,False,False,False,False,False,False,False,False,False,False,False,False,False,False,False,False,False,False,False,False
Anuncio actualizado el 20 de diciembre,1,0,4.0,0,0,,no indicado,,1,1,81726916,7,,Tacoronte,Distrito Guayonje - Mesa del Mar," , Distrito Guayonje - Mesa del Mar , Tacoronte , Tenerife, Santa Cruz de Tenerife ",,"Tenerife, Santa Cruz de Tenerife",600,,2019-04-14,489000,0,4.0,0,1,0,False,False,True,False,False,False,False,False,False,False,False,False,False,False,False,False,False,False,False,False,False,False,False,False,False,False,False
Anuncio actualizado el 23 de marzo,0,0,3.0,1,0,1980,no indicado,,1,1,82862017,0,,Tacoronte,Distrito Agua García - Juan Fernández," Carretera a la Esperanza, 69 , Distrito Agua García - Juan Fernández , Tacoronte , Tenerife, Santa Cruz de Tenerife ","Carretera a la Esperanza, 69","Tenerife, Santa Cruz de Tenerife",1128,293,2019-04-14,330000,1,5.0,1,0,1,False,False,True,False,False,False,False,False,False,False,False,False,False,True,False,False,False,False,False,False,False,False,False,False,False,False,False
Anuncio actualizado el 13 de abril,0,1,3.0,0,0,1985,en trámite,2 plantas,1,1,82088060,0,,Tacoronte,Distrito Tacoronte - Los Naranjeros," , Distrito Tacoronte - Los Naranjeros , Tacoronte , Tenerife, Santa Cruz de Tenerife ",,"Tenerife, Santa Cruz de Tenerife",469,196,2019-04-14,210200,0,5.0,0,0,1,False,False,False,True,False,False,False,False,False,False,False,False,False,False,False,False,False,False,False,False,False,False,False,False,False,False,False
Anuncio actualizado el 21 de febrero,1,1,3.0,1,1,1935,,2 plantas,1,1,84379584,9,,Tacoronte,Distrito Agua García - Juan Fernández," Carretera Candelaria Monte, 126 , Distrito Agua García - Juan Fernández , Tacoronte , Tenerife, Santa Cruz de Tenerife ","Carretera Candelaria Monte, 126","Tenerife, Santa Cruz de Tenerife",980,,2019-04-14,550000,1,3.0,1,0,1,False,False,True,False,False,False,False,True,False,False,False,False,False,False,False,False,False,False,False,False,False,False,False,False,True,False,False
Anuncio actualizado el 12 de abril,0,0,1.0,0,0,,no indicado,,1,0,83212506,1,1,Tacoronte,Distrito Tacoronte - Los Naranjeros," Calle Juan Pablo II, 6 , Distrito Tacoronte - Los Naranjeros , Tacoronte , Tenerife, Santa Cruz de Tenerife ","Calle Juan Pablo II, 6","Tenerife, Santa Cruz de Tenerife",71,55,2019-04-14,97500,0,2.0,0,0,1,False,True,False,False,False,False,False,False,False,False,False,False,False,False,False,False,False,False,False,False,False,False,False,False,False,False,False
Anuncio actualizado el 9 de abril,1,1,3.0,1,0,1998,en trámite,2 plantas,1,0,39441867,0,,Tacoronte,Distrito Tacoronte - Los Naranjeros," Urb. LOS NARANJEROS , Distrito Tacoronte - Los Naranjeros , Tacoronte , Tenerife, Santa Cruz de Tenerife ",Urb. LOS NARANJEROS,"Tenerife, Santa Cruz de Tenerife",700,380,2019-04-14,240000,0,4.0,1,0,1,False,False,True,False,False,False,False,False,False,False,False,False,False,True,False,False,False,False,False,False,False,False,False,False,False,False,False
Anuncio actualizado el 14 de abril,0,0,1.0,0,0,,,,0,0,84779683,11,,Tacoronte,Distrito Tacoronte - Los Naranjeros," Calle Jose Morales Clavijo , Distrito Tacoronte - Los Naranjeros , Tacoronte , Tenerife, Santa Cruz de Tenerife ",Calle Jose Morales Clavijo,"Tenerife, Santa Cruz de Tenerife",204,,2019-04-14,210200,0,4.0,0,1,0,False,False,False,False,False,False,False,False,False,False,False,False,False,False,False,False,False,False,False,False,False,False,False,False,False,False,False
Anuncio actualizado el 3 de octubre,1,0,2.0,1,0,,en trámite,,1,1,34287726,0,,Tacoronte,Distrito Tacoronte - Los Naranjeros," jucar , Distrito Tacoronte - Los Naranjeros , Tacoronte , Tenerife, Santa Cruz de Tenerife ",jucar,"Tenerife, Santa Cruz de Tenerife",256,,2019-04-14,540000,0,3.0,1,1,1,False,False,True,False,False,False,False,False,False,False,False,False,False,True,False,False,False,False,False,False,False,False,False,False,False,False,False
Anuncio actualizado el 6 de diciembre,0,0,4.0,1,0,2003,en trámite,2 plantas,1,1,36754969,0,,Tacoronte,Distrito Guayonje - Mesa del Mar," Calle Calle Medico Ernesto Castro , Urb. Urbanización Residencial. Mesa del Mar. , Distrito Guayonje - Mesa del Mar , Tacoronte , Tenerife, Santa Cruz de Tenerife ",Urb. Urbanización Residencial. Mesa del Mar.,"Tenerife, Santa Cruz de Tenerife",604,300,2019-04-14,490000,0,3.0,1,1,1,False,False,True,False,False,False,False,False,False,False,False,False,False,False,False,False,False,False,False,False,False,False,False,False,False,False,False
Anuncio actualizado el 5 de diciembre,0,0,3.0,0,0,,,3 plantas,1,1,38971291,0,,Tacoronte,Distrito Guayonje - Mesa del Mar," Ernesto Castro Fariña , Distrito Guayonje - Mesa del Mar , Tacoronte , Tenerife, Santa Cruz de Tenerife ",Ernesto Castro Fariña,"Tenerife, Santa Cruz de Tenerife",764,272,2019-04-14,395000,0,3.0,0,0,1,False,False,True,False,False,False,False,False,False,False,False,False,False,False,False,False,False,False,False,False,False,False,False,False,False,False,False
Anuncio actualizado el 12 de abril,0,1,2.0,1,0,2006,en trámite,2 plantas,1,1,39970192,0,,Tacoronte,Distrito El Pris - Juan Fernández," Calle Tindaya , Urb. El Pris , Distrito El Pris - Juan Fernández , Tacoronte , Tenerife, Santa Cruz de Tenerife ",Urb. El Pris,"Tenerife, Santa Cruz de Tenerife",650,157,2019-04-14,360000,0,3.0,1,0,1,False,False,True,False,False,False,False,False,False,False,False,False,False,True,False,False,False,False,False,False,False,False,False,False,False,False,False
Anuncio actualizado el 3 de marzo,0,0,2.0,1,0,,,1 planta,1,1,83385847,0,,Tacoronte,Distrito Santa Catalina," Calle Jardín del Sol, Tacoronte , Urb. Jardín del Sol , Distrito Santa Catalina , Tacoronte , Tenerife, Santa Cruz de Tenerife ",Urb. Jardín del Sol,"Tenerife, Santa Cruz de Tenerife",600,,2019-04-14,294900,0,3.0,1,0,1,False,False,True,False,False,False,False,False,False,False,False,False,False,False,False,False,False,False,False,False,False,False,False,True,False,False,False
Anuncio actualizado el 11 de abril,0,0,4.0,0,0,2000,no indicado,,1,1,84166415,0,,Tacoronte,Distrito Tacoronte - Los Naranjeros," Calle Cruz de Fray Diego , Distrito Tacoronte - Los Naranjeros , Tacoronte , Tenerife, Santa Cruz de Tenerife ",Calle Cruz de Fray Diego,"Tenerife, Santa Cruz de Tenerife",1103,,2019-04-14,615800,0,3.0,1,0,1,False,False,True,False,False,False,False,False,False,False,False,False,False,False,False,False,False,False,False,False,False,False,False,False,False,False,False
Anuncio actualizado el 1 de marzo,0,0,3.0,1,0,,en trámite,2 plantas,0,0,84263597,12,,Tacoronte,Distrito Guayonje - Mesa del Mar," Calle Lomo de la Vieja, Tacoronte , Urb. Guayonge , Distrito Guayonje - Mesa del Mar , Tacoronte , Tenerife, Santa Cruz de Tenerife ",Urb. Guayonge,"Tenerife, Santa Cruz de Tenerife",200,,2019-04-14,180000,0,3.0,0,0,1,False,False,True,False,False,False,False,False,False,False,False,False,False,False,False,False,False,False,False,False,False,False,False,False,False,False,False
Anuncio actualizado el 20 de marzo,1,0,2.0,1,0,,en trámite,2 plantas,1,0,84269202,11,,Tacoronte,Distrito Tacoronte - Los Naranjeros," Pedro Felipe , Distrito Tacoronte - Los Naranjeros , Tacoronte , Tenerife, Santa Cruz de Tenerife ",Pedro Felipe,"Tenerife, Santa Cruz de Tenerife",215,,2019-04-14,198000,0,4.0,1,0,1,False,False,True,False,False,False,False,False,False,False,False,False,False,False,False,False,False,False,False,False,False,False,False,False,False,False,False
Anuncio actualizado el 11 de abril,0,1,1.0,1,0,,,,1,1,84676695,0,,Tacoronte,Distrito Tacoronte - Los Naranjeros," Calle el Mato, Tacoronte , Distrito Tacoronte - Los Naranjeros , Tacoronte , Tenerife, Santa Cruz de Tenerife ","Calle el Mato, Tacoronte","Tenerife, Santa Cruz de Tenerife",142,140,2019-04-14,230000,0,3.0,1,0,1,False,False,True,False,False,False,False,False,False,False,False,False,False,False,False,False,False,False,False,False,False,False,False,False,False,False,False
Anuncio actualizado el 6 de abril,0,0,2.0,1,0,,en trámite,2 plantas,1,1,84975104,0,,Tacoronte,Distrito Santa Catalina," El Mocan , Urb. Próximo Jardín del Sol , Distrito Santa Catalina , Tacoronte , Tenerife, Santa Cruz de Tenerife ",Urb. Próximo Jardín del Sol,"Tenerife, Santa Cruz de Tenerife",400,153,2019-04-14,375000,0,3.0,0,1,1,False,False,True,False,False,False,False,False,False,False,False,False,False,False,False,False,False,False,False,False,False,False,False,False,False,False,False
Anuncio actualizado el 12 de abril,0,0,2.0,0,0,,no indicado,,1,0,85047250,7,,Tacoronte,Distrito Tacoronte - Los Naranjeros," Calle Juan Pablo II, 6 , Distrito Tacoronte - Los Naranjeros , Tacoronte , Tenerife, Santa Cruz de Tenerife ","Calle Juan Pablo II, 6","Tenerife, Santa Cruz de Tenerife",89,77,2019-04-14,113000,0,3.0,0,0,1,False,True,False,False,False,False,False,False,False,False,False,False,False,False,False,False,False,False,False,False,False,False,False,False,False,False,False
Anuncio actualizado el 12 de abril,0,0,1.0,0,0,,no indicado,,1,0,85047259,7,,Tacoronte,Distrito Tacoronte - Los Naranjeros," Calle Juan Pablo II, 6 , Distrito Tacoronte - Los Naranjeros , Tacoronte , Tenerife, Santa Cruz de Tenerife ","Calle Juan Pablo II, 6","Tenerife, Santa Cruz de Tenerife",65,54,2019-04-14,106000,0,2.0,0,0,1,False,True,False,False,False,False,False,False,False,False,False,False,False,False,False,False,False,False,False,False,False,False,False,False,False,False,False
Anuncio actualizado el 12 de abril,0,0,1.0,0,0,,no indicado,,1,0,85047263,7,,Tacoronte,Distrito Tacoronte - Los Naranjeros," Calle Juan Pablo II, 6 , Distrito Tacoronte - Los Naranjeros , Tacoronte , Tenerife, Santa Cruz de Tenerife ","Calle Juan Pablo II, 6","Tenerife, Santa Cruz de Tenerife",61,51,2019-04-14,107000,0,2.0,0,0,1,False,True,False,False,False,False,False,False,False,False,False,False,False,False,False,False,False,False,False,False,False,False,False,False,False,False,False
Anuncio actualizado el 21 de septiembre,0,0,7.0,0,0,,,3 plantas,1,1,35358557,0,,Tacoronte,Distrito Tacoronte - Los Naranjeros," el duraznos , Distrito Tacoronte - Los Naranjeros , Tacoronte , Tenerife, Santa Cruz de Tenerife ",el duraznos,"Tenerife, Santa Cruz de Tenerife",4245,,2019-04-14,1500000,0,9.0,1,0,1,False,False,False,True,False,False,False,False,False,False,False,False,False,False,False,False,False,False,False,False,False,False,False,False,False,False,False
Anuncio actualizado el 8 de febrero,0,0,1.0,0,0,1980,en trámite,,0,1,38356177,0,,Tacoronte,Distrito Agua García - Juan Fernández," Carril Alto , Distrito Agua García - Juan Fernández , Tacoronte , Tenerife, Santa Cruz de Tenerife ",Carril Alto,"Tenerife, Santa Cruz de Tenerife",2750,,2019-04-14,98000,0,1.0,0,0,0,False,False,False,True,False,False,False,False,False,False,False,False,False,False,False,False,False,False,False,False,False,False,False,False,False,False,False
Anuncio actualizado el 27 de febrero,1,0,3.0,0,0,,,1 planta,0,1,39471205,7,,Tacoronte,Distrito Agua García - Juan Fernández," Calle Campo de Golf , Urb. Real Club Golf de Tenerife , Distrito Agua García - Juan Fernández , Tacoronte , Tenerife, Santa Cruz de Tenerife ",Urb. Real Club Golf de Tenerife,"Tenerife, Santa Cruz de Tenerife",1389,240,2019-04-14,445000,0,3.0,0,1,0,False,False,False,False,False,False,False,False,False,False,False,False,False,True,False,False,False,False,False,False,False,False,False,False,False,False,False
Anuncio actualizado el 20 de marzo,0,0,2.0,1,0,,en trámite,,1,1,81684875,0,,Tacoronte,Distrito Santa Catalina," Calle El Laurel, 6 , Distrito Santa Catalina , Tacoronte , Tenerife, Santa Cruz de Tenerife ","Calle El Laurel, 6","Tenerife, Santa Cruz de Tenerife",1152,200,2019-04-14,690000,1,3.0,0,1,1,False,False,True,False,False,False,False,False,False,False,False,False,False,False,False,False,False,False,False,False,False,False,False,False,False,False,False
Anuncio actualizado el 30 de enero,0,1,1.0,0,0,,en trámite,planta 2ª exterior,1,0,82031744,1,1,Tacoronte,Distrito Tacoronte - Los Naranjeros," Calle Cesar Manrique , Distrito Tacoronte - Los Naranjeros , Tacoronte , Tenerife, Santa Cruz de Tenerife ",Calle Cesar Manrique,"Tenerife, Santa Cruz de Tenerife",99,92,2019-04-14,137000,0,3.0,0,0,0,False,False,False,False,False,False,False,False,False,False,False,False,False,False,False,False,False,False,False,False,False,False,False,False,False,False,False
Anuncio actualizado el 12 de abril,0,1,2.0,1,0,2002,en trámite,2 plantas,1,1,82095934,11,,Tacoronte,Distrito Agua García - Juan Fernández," Camino Real , Urb. El Ortigal , Distrito Agua García - Juan Fernández , Tacoronte , Tenerife, Santa Cruz de Tenerife ",Urb. El Ortigal,"Tenerife, Santa Cruz de Tenerife",122,172,2019-04-14,220000,0,5.0,1,0,1,False,False,True,False,False,False,False,True,False,False,False,False,False,True,False,False,False,False,False,False,False,False,False,False,False,False,False
Anuncio actualizado el 30 de enero,0,0,4.0,0,0,1999,en trámite,4 plantas,1,0,83485587,7,,Tacoronte,Distrito Tacoronte - Los Naranjeros," Calle Pedro Felipe , Distrito Tacoronte - Los Naranjeros , Tacoronte , Tenerife, Santa Cruz de Tenerife ",Calle Pedro Felipe,"Tenerife, Santa Cruz de Tenerife",290,254,2019-04-14,245500,0,4.0,1,0,0,False,False,False,False,False,False,False,False,False,False,False,False,False,False,False,False,False,False,False,False,False,False,False,False,False,False,False
Anuncio actualizado el 5 de abril,0,0,5.0,1,0,,en trámite,1 planta,0,1,84380656,7,,Tacoronte,Distrito Santa Catalina," Calle Jardín del Sol , Urb. Jardin Del Sol , Distrito Santa Catalina , Tacoronte , Tenerife, Santa Cruz de Tenerife ",Urb. Jardin Del Sol,"Tenerife, Santa Cruz de Tenerife",1793,433,2019-04-14,1180000,0,5.0,0,1,1,False,False,True,False,False,False,False,False,False,False,False,False,False,False,False,False,True,False,False,False,False,False,False,False,False,False,False
Anuncio actualizado el 25 de marzo,0,1,2.0,1,0,1986,en trámite,1 planta,1,1,84106011,0,,Tacoronte,Distrito Agua García - Juan Fernández," Calle Melchor Álvarez , Distrito Agua García - Juan Fernández , Tacoronte , Tenerife, Santa Cruz de Tenerife ",Calle Melchor Álvarez,"Tenerife, Santa Cruz de Tenerife",512,165,2019-04-14,300000,0,4.0,1,0,1,False,False,True,False,False,False,False,False,False,False,False,False,False,False,False,False,False,False,False,False,False,False,False,False,False,False,False
Anuncio actualizado el 1 de abril,0,0,1.0,0,0,,en trámite,,0,0,38456858,0,,Tacoronte,Distrito Tacoronte - Los Naranjeros," Calle Lomo Colorado, 131 , Distrito Tacoronte - Los Naranjeros , Tacoronte , Tenerife, Santa Cruz de Tenerife ","Calle Lomo Colorado, 131","Tenerife, Santa Cruz de Tenerife",113,83,2019-04-14,115000,0,2.0,0,0,0,False,False,True,False,False,False,False,False,False,False,False,False,False,True,False,False,False,False,False,False,False,False,False,False,False,False,False
Anuncio actualizado el 19 de diciembre,0,0,2.0,1,0,2010,,1 planta,1,1,81977644,0,,Tacoronte,Distrito Agua García - Juan Fernández," Camino Real, 194 , Urb. Barranco Las Lajas , Distrito Agua García - Juan Fernández , Tacoronte , Tenerife, Santa Cruz de Tenerife ",Urb. Barranco Las Lajas,"Tenerife, Santa Cruz de Tenerife",4010,165,2019-04-14,350000,1,2.0,1,1,1,False,False,True,False,False,False,False,False,False,False,False,False,False,False,False,False,False,False,False,True,False,False,False,False,False,False,False
Anuncio actualizado el 12 de abril,0,0,1.0,0,0,,no indicado,,0,0,83212513,1,1,Tacoronte,Distrito Tacoronte - Los Naranjeros," Calle Juan Pablo II, 6 , Distrito Tacoronte - Los Naranjeros , Tacoronte , Tenerife, Santa Cruz de Tenerife ","Calle Juan Pablo II, 6","Tenerife, Santa Cruz de Tenerife",74,56,2019-04-14,76400,0,2.0,0,0,1,False,True,False,False,False,False,False,False,False,False,False,False,False,False,False,False,False,False,False,False,False,False,False,False,False,False,False
Anuncio actualizado el 18 de marzo,0,0,4.0,1,0,,no indicado,,1,0,82793093,0,,Tacoronte,Distrito Guayonje - Mesa del Mar," Calle Medico Ernesto Castro , Distrito Guayonje - Mesa del Mar , Tacoronte , Tenerife, Santa Cruz de Tenerife ",Calle Medico Ernesto Castro,"Tenerife, Santa Cruz de Tenerife",604,269,2019-04-14,490000,0,3.0,1,1,0,False,False,False,False,False,False,False,False,False,False,False,False,False,False,False,False,False,False,False,False,False,False,False,False,False,False,False
Anuncio actualizado el 9 de abril,0,1,2.0,1,0,,en trámite,2 plantas,1,1,83941997,0,,Tacoronte,Distrito Agua García - Juan Fernández," Huerta Bicho , Distrito Agua García - Juan Fernández , Tacoronte , Tenerife, Santa Cruz de Tenerife ",Huerta Bicho,"Tenerife, Santa Cruz de Tenerife",15000,,2019-04-14,385000,0,4.0,1,0,1,False,False,True,False,False,False,False,False,False,False,False,False,False,False,False,False,False,False,False,False,False,False,False,False,False,False,False
Anuncio actualizado el 13 de abril,0,0,2.0,0,1,,no indicado,2 plantas,1,1,84791693,4,,Tacoronte,Distrito Tacoronte - Los Naranjeros," Calle Candelaria, 27 , Distrito Tacoronte - Los Naranjeros , Tacoronte , Tenerife, Santa Cruz de Tenerife ","Calle Candelaria, 27","Tenerife, Santa Cruz de Tenerife",388,,2019-04-14,416800,0,4.0,1,0,0,False,False,True,False,False,False,False,False,False,False,False,False,False,False,False,False,False,False,False,False,False,False,False,False,True,False,False
Anuncio actualizado el 2 de abril,0,0,2.0,1,0,2003,,,1,0,81870200,7,,Tacoronte,Distrito Guayonje - Mesa del Mar," , Distrito Guayonje - Mesa del Mar , Tacoronte , Tenerife, Santa Cruz de Tenerife ",,"Tenerife, Santa Cruz de Tenerife",604,,2019-04-14,490000,0,3.0,0,1,1,False,False,True,False,False,False,False,False,False,False,False,False,False,True,False,False,False,False,False,False,False,False,False,False,False,False,False
Anuncio actualizado el 1 de abril,0,0,2.0,1,0,,,2 plantas,0,1,84806235,0,,Tacoronte,Distrito Tacoronte - Los Naranjeros," la esperanza s/n , Distrito Tacoronte - Los Naranjeros , Tacoronte , Tenerife, Santa Cruz de Tenerife ",la esperanza s/n,"Tenerife, Santa Cruz de Tenerife",472,,2019-04-14,330000,0,4.0,1,0,1,False,False,True,False,False,False,False,False,False,False,False,False,False,False,False,False,False,False,False,False,False,False,False,False,False,False,False
Anuncio actualizado el 10 de abril,1,0,2.0,1,0,2000,en trámite,bajo,1,0,85010390,1,1,Tacoronte,Distrito Tacoronte - Los Naranjeros," Carretera General del Norte, 243 , Distrito Tacoronte - Los Naranjeros , Tacoronte , Tenerife, Santa Cruz de Tenerife ","Carretera General del Norte, 243","Tenerife, Santa Cruz de Tenerife",95,90,2019-04-14,150000,0,3.0,1,0,0,False,False,True,False,False,False,False,False,False,False,False,False,False,False,False,False,False,False,False,False,False,False,False,False,False,False,False
Anuncio actualizado el 19 de febrero,0,1,4.0,0,0,,no indicado,3 plantas,0,1,38051864,12,,Tacoronte,Distrito Guayonje - Mesa del Mar," Calle la Herrería, 13 , Distrito Guayonje - Mesa del Mar , Tacoronte , Tenerife, Santa Cruz de Tenerife ","Calle la Herrería, 13","Tenerife, Santa Cruz de Tenerife",750,,2019-04-14,285500,0,5.0,1,1,1,False,False,True,False,False,False,False,False,False,False,False,False,False,True,False,False,False,False,False,False,False,False,False,False,False,False,False
Anuncio actualizado el 21 de marzo,1,1,2.0,1,0,1997,,1 planta,1,1,82813586,0,,Tacoronte,Distrito Santa Catalina," Calle El Laurel , Urb. Jardín del sol , Distrito Santa Catalina , Tacoronte , Tenerife, Santa Cruz de Tenerife ",Urb. Jardín del sol,"Tenerife, Santa Cruz de Tenerife",1200,200,2019-04-14,690000,0,3.0,0,1,1,False,False,True,False,False,False,False,True,False,False,False,False,False,False,True,False,False,False,False,False,False,False,False,False,False,False,False
Anuncio actualizado el 19 de marzo,1,0,4.0,0,0,,no indicado,,1,1,84724275,7,,Tacoronte,Distrito Guayonje - Mesa del Mar," , Distrito Guayonje - Mesa del Mar , Tacoronte , Tenerife, Santa Cruz de Tenerife ",,"Tenerife, Santa Cruz de Tenerife",600,,2019-04-14,489000,0,4.0,0,1,0,False,False,True,False,False,False,False,False,False,False,False,False,False,False,False,False,False,False,False,False,False,False,False,False,False,False,False
Anuncio actualizado el 27 de marzo,0,1,2.0,1,0,1977,en trámite,2 plantas,0,0,84829383,11,,Tacoronte,Distrito Tacoronte - Los Naranjeros," Lomo Colorado, 187 , Distrito Tacoronte - Los Naranjeros , Tacoronte , Tenerife, Santa Cruz de Tenerife ","Lomo Colorado, 187","Tenerife, Santa Cruz de Tenerife",206,181,2019-04-14,165000,0,4.0,0,0,1,False,False,True,False,False,False,False,False,False,False,True,False,False,False,False,True,False,False,False,False,False,False,False,False,False,False,False
Anuncio actualizado el 2 de abril,1,1,4.0,1,0,,en trámite,2 plantas,1,1,84905024,0,,Tacoronte,Distrito El Pris - Juan Fernández," Calle de los Vera, Tacoronte , Distrito El Pris - Juan Fernández , Tacoronte , Tenerife, Santa Cruz de Tenerife ","Calle de los Vera, Tacoronte","Tenerife, Santa Cruz de Tenerife",230,,2019-04-14,319000,0,4.0,1,0,1,False,False,True,False,False,False,False,False,False,False,False,False,False,False,False,False,False,False,False,False,False,False,False,False,False,False,False
Anuncio actualizado el 3 de abril,0,1,1.0,1,0,,en trámite,bajo,0,0,81869654,1,1,Tacoronte,Distrito Tacoronte - Los Naranjeros," Calle Juan Pablo II, 5 , Distrito Tacoronte - Los Naranjeros , Tacoronte , Tenerife, Santa Cruz de Tenerife ","Calle Juan Pablo II, 5","Tenerife, Santa Cruz de Tenerife",89,67,2019-04-14,76400,0,2.0,0,0,0,False,False,True,False,False,False,False,False,False,False,False,False,False,False,False,False,False,False,False,False,False,False,False,False,False,False,False
Anuncio actualizado el 11 de abril,0,0,3.0,0,0,1997,en trámite,2 plantas,1,1,82607433,0,,Tacoronte,Distrito Santa Catalina," Urb. Jardin del Sol , Distrito Santa Catalina , Tacoronte , Tenerife, Santa Cruz de Tenerife ",Urb. Jardin del Sol,"Tenerife, Santa Cruz de Tenerife",990,,2019-04-14,725000,0,5.0,0,1,0,False,False,False,False,False,False,False,False,False,False,False,False,False,False,False,False,False,False,False,False,False,False,False,False,False,False,False
Anuncio actualizado el 8 de abril,0,0,1.0,1,0,,en trámite,3 plantas,1,1,84906484,11,,Tacoronte,Distrito Tacoronte - Los Naranjeros," Calvario , Urb. Los Arroyos II , Distrito Tacoronte - Los Naranjeros , Tacoronte , Tenerife, Santa Cruz de Tenerife ",Urb. Los Arroyos II,"Tenerife, Santa Cruz de Tenerife",120,,2019-04-14,165000,0,2.0,1,1,1,False,False,True,False,False,False,False,False,False,False,False,False,False,False,False,False,False,False,False,False,False,False,False,False,False,False,False
Anuncio actualizado el 11 de abril,0,0,2.0,0,0,,,,0,0,85028231,7,,Tacoronte,Distrito Tacoronte - Los Naranjeros," , Distrito Tacoronte - Los Naranjeros , Tacoronte , Tenerife, Santa Cruz de Tenerife ",,"Tenerife, Santa Cruz de Tenerife",350,110,2019-04-14,285000,0,3.0,0,0,0,False,False,False,False,False,False,False,False,False,False,False,False,False,False,False,False,False,False,False,False,False,False,False,False,False,False,False
Anuncio actualizado el 19 de marzo,0,0,3.0,1,0,2000,en trámite,,0,1,83776029,7,,Tacoronte,Distrito Agua García - Juan Fernández," Carril Alto , Distrito Agua García - Juan Fernández , Tacoronte , Tenerife, Santa Cruz de Tenerife ",Carril Alto,"Tenerife, Santa Cruz de Tenerife",1500,153,2019-04-14,277000,0,4.0,1,0,1,False,False,True,False,False,False,False,False,False,False,False,False,False,False,False,False,False,False,False,False,False,False,False,False,False,False,False
Anuncio actualizado el 4 de abril,0,1,3.0,1,0,2006,,1 planta,1,1,82976814,0,,Tacoronte,Distrito El Pris - Juan Fernández," Pasaje roque nublo s/n , Distrito El Pris - Juan Fernández , Tacoronte , Tenerife, Santa Cruz de Tenerife ",Pasaje roque nublo s/n,"Tenerife, Santa Cruz de Tenerife",680,164,2019-04-14,425000,1,3.0,1,0,1,False,False,True,False,False,False,False,False,False,False,False,False,False,False,False,False,False,False,False,False,False,False,False,True,False,False,False
Anuncio actualizado el 1 de abril,0,1,2.0,1,0,1986,,2 plantas,0,1,83689844,0,,Tacoronte,Distrito Guayonje - Mesa del Mar," Calle Lomo la Vieja, Tacoronte, 4 , Distrito Guayonje - Mesa del Mar , Tacoronte , Tenerife, Santa Cruz de Tenerife ","Calle Lomo la Vieja, Tacoronte, 4","Tenerife, Santa Cruz de Tenerife",1000,110,2019-04-14,145000,0,3.0,1,0,1,False,False,True,False,False,False,False,False,False,False,True,False,False,False,False,False,True,False,False,False,False,False,False,False,False,False,False
Anuncio actualizado el 12 de abril,0,0,1.0,0,0,,no indicado,,0,0,84827220,1,1,Tacoronte,Distrito Tacoronte - Los Naranjeros," Calle Juan Pablo II, 6 , Distrito Tacoronte - Los Naranjeros , Tacoronte , Tenerife, Santa Cruz de Tenerife ","Calle Juan Pablo II, 6","Tenerife, Santa Cruz de Tenerife",72,57,2019-04-14,86500,0,2.0,0,0,1,False,True,False,False,False,False,False,False,False,False,False,False,False,False,False,False,False,False,False,False,False,False,False,False,False,False,False
Anuncio actualizado el 1 de abril,0,1,3.0,1,0,2000,en trámite,2 plantas,0,1,84890346,12,,Tacoronte,Distrito Tacoronte - Los Naranjeros," Calle Valerio J. Padrón, Tacoronte, 119 , Distrito Tacoronte - Los Naranjeros , Tacoronte , Tenerife, Santa Cruz de Tenerife ","Calle Valerio J. Padrón, Tacoronte, 119","Tenerife, Santa Cruz de Tenerife",277,142,2019-04-14,220000,0,4.0,0,0,1,False,False,True,False,False,False,False,False,False,False,True,False,False,False,False,False,False,False,False,False,False,False,False,False,False,False,False
Anuncio actualizado el 3 de abril,0,0,1.0,1,0,,,2 plantas,1,0,82763403,0,,Tacoronte,Distrito Agua García - Juan Fernández," Calle Hoya de Lirios, 43 , Distrito Agua García - Juan Fernández , Tacoronte , Tenerife, Santa Cruz de Tenerife ","Calle Hoya de Lirios, 43","Tenerife, Santa Cruz de Tenerife",167,,2019-04-14,152000,0,2.0,1,0,1,False,False,True,False,False,True,False,False,False,False,False,False,False,True,False,False,False,False,False,False,False,False,False,False,False,False,False
Anuncio actualizado el 28 de marzo,0,0,4.0,1,0,2008,,3 plantas,1,1,35995761,0,,Tacoronte,Distrito El Pris - Juan Fernández," Carretera Puerto de la Madera , Urb. Puerto de la Madera , Distrito El Pris - Juan Fernández , Tacoronte , Tenerife, Santa Cruz de Tenerife ",Urb. Puerto de la Madera,"Tenerife, Santa Cruz de Tenerife",600,,2019-04-14,379900,0,5.0,1,0,1,False,False,True,False,False,False,False,False,False,False,False,False,False,True,False,False,False,False,False,False,False,False,False,False,False,False,False
Anuncio actualizado el 31 de octubre,0,0,3.0,0,0,1985,no indicado,,0,0,38509286,7,,Tacoronte,Distrito Agua García - Juan Fernández," , Distrito Agua García - Juan Fernández , Tacoronte , Tenerife, Santa Cruz de Tenerife ",,"Tenerife, Santa Cruz de Tenerife",2600,,2019-04-14,369000,0,4.0,0,0,0,False,False,True,False,False,False,False,False,False,False,False,False,False,False,False,False,False,False,False,False,False,False,False,False,False,False,False
Anuncio actualizado el 15 de octubre,0,0,4.0,0,0,,,,1,1,81832377,0,,Tacoronte,Distrito Tacoronte - Los Naranjeros," , Distrito Tacoronte - Los Naranjeros , Tacoronte , Tenerife, Santa Cruz de Tenerife ",,"Tenerife, Santa Cruz de Tenerife",1281,,2019-04-14,500000,0,7.0,1,0,1,False,False,True,False,False,False,False,False,False,False,False,False,False,False,False,False,False,False,False,False,False,False,False,False,False,False,False
Anuncio actualizado el 4 de abril,0,0,1.0,0,0,1993,inmueble exento,1 planta,1,1,82075719,3,,Tacoronte,Distrito Agua García - Juan Fernández," Camino Real, 218 , Distrito Agua García - Juan Fernández , Tacoronte , Tenerife, Santa Cruz de Tenerife ","Camino Real, 218","Tenerife, Santa Cruz de Tenerife",3200,37,2019-04-14,117000,0,1.0,1,0,1,False,False,True,False,False,False,False,False,False,False,True,False,False,False,False,False,False,False,False,False,False,False,False,False,False,False,False
Anuncio actualizado el 14 de abril,0,0,3.0,1,0,1999,no indicado,3 plantas,0,1,36517951,11,,Tacoronte,Distrito Tacoronte - Los Naranjeros," Calle Candelaria, 46 , Urb. El Bernegal , Distrito Tacoronte - Los Naranjeros , Tacoronte , Tenerife, Santa Cruz de Tenerife ",Urb. El Bernegal,"Tenerife, Santa Cruz de Tenerife",150,,2019-04-14,178000,0,4.0,1,0,0,False,False,True,False,False,False,False,True,False,False,False,False,False,False,False,False,False,False,False,False,False,True,False,False,False,False,False
Anuncio actualizado el 14 de abril,0,0,2.0,0,0,,no indicado,planta 1ª exterior,0,0,83451303,1,0,Tacoronte,Distrito Tacoronte - Los Naranjeros," Carretera General del Norte, 78 , Distrito Tacoronte - Los Naranjeros , Tacoronte , Tenerife, Santa Cruz de Tenerife ","Carretera General del Norte, 78","Tenerife, Santa Cruz de Tenerife",95,,2019-04-14,130000,0,4.0,0,0,1,False,False,True,False,False,False,False,False,False,False,False,False,False,False,False,False,False,False,False,False,True,False,False,False,False,False,False
Anuncio actualizado el 10 de abril,0,1,2.0,1,0,,en trámite,2 plantas,1,1,83769283,11,,Tacoronte,Distrito Tacoronte - Los Naranjeros," Calle Graciano Alvarez Dorta, 219 , Distrito Tacoronte - Los Naranjeros , Tacoronte , Tenerife, Santa Cruz de Tenerife ","Calle Graciano Alvarez Dorta, 219","Tenerife, Santa Cruz de Tenerife",150,140,2019-04-14,190000,0,4.0,1,0,1,False,False,True,False,False,False,False,False,False,False,False,False,False,True,False,False,False,False,False,False,False,False,False,False,False,False,False
Anuncio actualizado el 9 de abril,0,0,3.0,0,0,2000,,,1,1,84558778,0,,Tacoronte,Distrito El Pris - Juan Fernández," UR PARQUE ATLANTICO , Distrito El Pris - Juan Fernández , Tacoronte , Tenerife, Santa Cruz de Tenerife ",UR PARQUE ATLANTICO,"Tenerife, Santa Cruz de Tenerife",818,,2019-04-14,550000,0,3.0,0,0,1,False,False,True,False,False,False,False,False,False,False,False,False,False,True,False,False,False,False,False,False,False,False,False,False,False,False,False
Anuncio actualizado el 15 de marzo,0,0,2.0,0,0,2007,,,1,1,81400131,12,,Tacoronte,Distrito Agua García - Juan Fernández," Carril Alto, 7 , Distrito Agua García - Juan Fernández , Tacoronte , Tenerife, Santa Cruz de Tenerife ","Carril Alto, 7","Tenerife, Santa Cruz de Tenerife",240,145,2019-04-14,189993,0,4.0,1,0,1,False,False,True,False,False,False,False,False,False,False,False,False,False,False,False,False,True,False,False,False,False,False,False,False,False,False,False
Anuncio actualizado el 5 de abril,0,1,3.0,0,0,1985,no indicado,,1,0,84214355,12,,Tacoronte,Distrito Tacoronte - Los Naranjeros," Calle del Calvario, 171 , Distrito Tacoronte - Los Naranjeros , Tacoronte , Tenerife, Santa Cruz de Tenerife ","Calle del Calvario, 171","Tenerife, Santa Cruz de Tenerife",179,166,2019-04-14,162900,0,4.0,0,0,1,False,False,True,False,False,False,False,False,False,False,False,False,False,False,False,False,False,False,False,False,False,False,False,False,False,False,False
Anuncio actualizado el 22 de marzo,0,0,4.0,1,0,,en trámite,2 plantas,1,1,84773401,0,,Tacoronte,Distrito Santa Catalina," Calle El Incienso, Tacoronte , Urb. Jardín del Sol , Distrito Santa Catalina , Tacoronte , Tenerife, Santa Cruz de Tenerife ",Urb. Jardín del Sol,"Tenerife, Santa Cruz de Tenerife",707,,2019-04-14,340000,0,4.0,1,1,1,False,False,True,False,False,False,False,False,False,False,False,False,False,False,False,False,False,False,False,False,False,False,False,False,False,False,False
Anuncio actualizado el 11 de abril,0,0,1.0,1,0,,no indicado,planta 4ª exterior,0,0,84992554,1,0,Tacoronte,Distrito Guayonje - Mesa del Mar," Calle Mesa del Mar, 53 , Distrito Guayonje - Mesa del Mar , Tacoronte , Tenerife, Santa Cruz de Tenerife ","Calle Mesa del Mar, 53","Tenerife, Santa Cruz de Tenerife",65,,2019-04-14,140000,0,2.0,0,0,1,False,False,True,False,False,False,False,False,False,False,False,False,False,False,False,False,False,False,False,False,False,True,False,False,False,False,False
Anuncio actualizado el 7 de febrero,0,0,2.0,0,1,2005,en trámite,2 plantas,1,1,82039533,3,,Tacoronte,Distrito El Pris - Juan Fernández," Calle Tagoro , Distrito El Pris - Juan Fernández , Tacoronte , Tenerife, Santa Cruz de Tenerife ",Calle Tagoro,"Tenerife, Santa Cruz de Tenerife",2137,178,2019-04-14,370000,0,3.0,1,0,1,False,False,True,False,False,False,False,False,False,False,False,False,False,False,False,False,False,False,False,False,False,False,False,False,False,False,False
Anuncio actualizado el 21 de febrero,0,0,1.0,0,0,,,planta 1ª,0,0,36880399,1,,Tacoronte,Distrito Tacoronte - Los Naranjeros," Calle la Cuesta, 4 -12 , Distrito Tacoronte - Los Naranjeros , Tacoronte , Tenerife, Santa Cruz de Tenerife ","Calle la Cuesta, 4 -12","Tenerife, Santa Cruz de Tenerife",87,78,2019-04-14,93000,0,2.0,0,0,1,False,False,False,False,False,False,False,False,False,False,False,False,False,False,False,False,False,False,False,False,False,False,False,False,False,False,False
Anuncio actualizado el 21 de febrero,0,0,1.0,0,0,,,planta 1ª,0,0,38452500,1,1,Tacoronte,Distrito Tacoronte - Los Naranjeros," Calle del Calvario, 40 -46 , Distrito Tacoronte - Los Naranjeros , Tacoronte , Tenerife, Santa Cruz de Tenerife ","Calle del Calvario, 40 -46","Tenerife, Santa Cruz de Tenerife",56,,2019-04-14,110000,0,1.0,0,0,0,False,False,False,False,False,False,False,False,False,False,False,False,False,False,False,False,False,False,False,False,False,False,False,False,False,False,False
Anuncio actualizado el 21 de febrero,0,0,1.0,0,0,,,1 planta,0,1,40365334,3,,Tacoronte,Distrito Agua García - Juan Fernández," Cuesta La, 17 , Distrito Agua García - Juan Fernández , Tacoronte , Tenerife, Santa Cruz de Tenerife ","Cuesta La, 17","Tenerife, Santa Cruz de Tenerife",253,,2019-04-14,160000,0,2.0,0,0,1,False,False,False,False,False,False,False,False,False,False,False,False,False,False,False,False,False,False,False,False,False,False,False,False,False,False,False
Anuncio actualizado el 5 de abril,0,0,5.0,0,0,1940,no indicado,,1,0,37817609,7,,Tacoronte,Distrito Tacoronte - Los Naranjeros," Calle los abales, 36 # , Distrito Tacoronte - Los Naranjeros , Tacoronte , Tenerife, Santa Cruz de Tenerife ","Calle los abales, 36 #","Tenerife, Santa Cruz de Tenerife",390,332,2019-04-14,257800,0,3.0,0,0,0,False,False,True,False,False,False,False,False,False,False,False,False,False,False,False,False,False,False,False,False,False,False,False,False,False,False,False
Anuncio actualizado el 4 de abril,0,0,1.0,0,0,1870,no indicado,1 planta,0,1,39725848,2,,Tacoronte,Distrito Santa Catalina," Plaza santa Catalina, 5 , Distrito Santa Catalina , Tacoronte , Tenerife, Santa Cruz de Tenerife ","Plaza santa Catalina, 5","Tenerife, Santa Cruz de Tenerife",350,,2019-04-14,160000,0,5.0,1,0,1,False,False,False,True,False,False,False,False,False,False,False,False,False,False,False,False,False,False,False,False,False,False,False,False,False,False,False
Anuncio actualizado el 28 de enero,0,0,2.0,0,0,,en trámite,3 plantas,1,0,35986387,11,,Tacoronte,Distrito Guayonje - Mesa del Mar," Agrimensores , Urb. Residencial Guayonje , Distrito Guayonje - Mesa del Mar , Tacoronte , Tenerife, Santa Cruz de Tenerife ",Urb. Residencial Guayonje,"Tenerife, Santa Cruz de Tenerife",170,,2019-04-14,139000,0,3.0,0,0,1,False,False,True,False,False,False,False,False,False,False,False,False,False,False,False,False,False,False,False,False,False,False,False,False,False,False,False
Anuncio actualizado el 21 de febrero,0,1,2.0,0,0,,en trámite,2 plantas,1,1,81346670,0,,Tacoronte,Distrito El Pris - Juan Fernández," Calle Tagoro , Distrito El Pris - Juan Fernández , Tacoronte , Tenerife, Santa Cruz de Tenerife ",Calle Tagoro,"Tenerife, Santa Cruz de Tenerife",2137,,2019-04-14,370000,0,3.0,1,0,1,False,False,True,False,False,False,False,False,False,False,False,False,False,False,False,False,False,False,False,False,False,False,False,False,False,False,False
Anuncio actualizado el 3 de abril,0,0,1.0,0,0,,en trámite,1 planta,1,1,84929335,0,,Tacoronte,Distrito Tacoronte - Los Naranjeros," Carretera GENERAL DE TACORONTE, S/N , Distrito Tacoronte - Los Naranjeros , Tacoronte , Tenerife, Santa Cruz de Tenerife ","Carretera GENERAL DE TACORONTE, S/N","Tenerife, Santa Cruz de Tenerife",2064,,2019-04-14,289900,0,3.0,0,0,1,False,False,True,False,False,False,False,False,False,False,False,False,False,False,False,False,False,False,False,False,False,False,False,False,False,False,False
Anuncio actualizado el 7 de abril,0,0,2.0,1,0,,,3 plantas,1,1,84977437,11,,Tacoronte,Distrito Santa Catalina," Plaza de Santa Catalina, Tacoronte , Urb. Santa Catalina , Distrito Santa Catalina , Tacoronte , Tenerife, Santa Cruz de Tenerife ",Urb. Santa Catalina,"Tenerife, Santa Cruz de Tenerife",170,,2019-04-14,176000,0,4.0,0,0,1,False,False,True,False,False,False,False,False,False,False,False,False,False,False,False,False,False,False,False,False,False,False,False,False,False,False,False
Anuncio actualizado el 8 de febrero,0,1,3.0,1,0,1997,no indicado,2 plantas,1,1,40014163,0,,Tacoronte,Distrito Santa Catalina," Calle jara , Distrito Santa Catalina , Tacoronte , Tenerife, Santa Cruz de Tenerife ",Calle jara,"Tenerife, Santa Cruz de Tenerife",900,,2019-04-14,725000,0,4.0,1,1,1,False,False,True,False,False,False,False,False,False,False,False,False,False,False,False,False,False,False,False,False,False,True,False,False,False,False,False
Anuncio actualizado el 5 de abril,0,0,3.0,1,0,1997,en trámite,2 plantas,1,1,82724512,0,,Tacoronte,Distrito Santa Catalina," Calle la Jara , Urb. Jardin del Sol , Distrito Santa Catalina , Tacoronte , Tenerife, Santa Cruz de Tenerife ",Urb. Jardin del Sol,"Tenerife, Santa Cruz de Tenerife",900,360,2019-04-14,725000,0,5.0,1,1,1,False,False,True,False,False,False,False,False,False,False,False,False,False,False,False,False,False,False,False,False,False,False,False,False,True,False,False
Anuncio actualizado el 13 de abril,0,0,1.0,0,0,1997,,planta 2ª exterior,1,0,36928891,1,0,Tacoronte,Distrito Guayonje - Mesa del Mar," Carretera Tacoronte-Tejina, 122 , Distrito Guayonje - Mesa del Mar , Tacoronte , Tenerife, Santa Cruz de Tenerife ","Carretera Tacoronte-Tejina, 122","Tenerife, Santa Cruz de Tenerife",60,56,2019-04-14,110000,0,2.0,1,0,0,False,False,True,False,False,False,False,False,False,False,False,False,False,False,False,False,False,False,False,False,False,False,False,True,False,False,False
Anuncio actualizado el 2 de abril,1,0,2.0,1,0,,en trámite,1 planta,1,1,40493804,7,,Tacoronte,Distrito Agua García - Juan Fernández," Calle Alvaro Fariña s/n , Distrito Agua García - Juan Fernández , Tacoronte , Tenerife, Santa Cruz de Tenerife ",Calle Alvaro Fariña s/n,"Tenerife, Santa Cruz de Tenerife",1389,,2019-04-14,545000,0,3.0,1,1,0,False,False,False,False,False,False,False,False,False,False,False,False,False,False,False,False,False,False,False,False,False,False,False,False,False,False,False
Anuncio actualizado el 9 de abril,1,0,2.0,1,0,1997,en trámite,2 plantas,1,1,83874148,12,,Tacoronte,Distrito Tacoronte - Los Naranjeros," Carretera General del Norte, 285 , Distrito Tacoronte - Los Naranjeros , Tacoronte , Tenerife, Santa Cruz de Tenerife ","Carretera General del Norte, 285","Tenerife, Santa Cruz de Tenerife",380,360,2019-04-14,240000,0,4.0,1,0,1,False,False,True,False,False,False,False,False,False,False,True,False,False,True,False,False,False,False,False,False,False,False,False,False,False,False,False
Anuncio actualizado el 10 de abril,0,0,3.0,1,0,,,1 planta,1,1,85017104,0,,Tacoronte,Distrito Tacoronte - Los Naranjeros," Sebastián Machado, 48 , Urb. Tacoronte , Distrito Tacoronte - Los Naranjeros , Tacoronte , Tenerife, Santa Cruz de Tenerife ",Urb. Tacoronte,"Tenerife, Santa Cruz de Tenerife",1000,240,2019-04-14,360000,1,2.0,1,0,1,False,False,True,False,False,False,False,False,False,False,False,False,False,False,False,False,False,False,False,False,False,False,False,False,False,False,False
Anuncio actualizado el 9 de enero,0,1,2.0,0,0,,,2 plantas,0,1,39471396,0,,Tacoronte,Distrito Tacoronte - Los Naranjeros," Calle LOMO COLORADO, 187 , Distrito Tacoronte - Los Naranjeros , Tacoronte , Tenerife, Santa Cruz de Tenerife ","Calle LOMO COLORADO, 187","Tenerife, Santa Cruz de Tenerife",199,,2019-04-14,168900,0,4.0,0,0,1,False,False,True,False,False,False,False,False,False,False,False,False,False,False,False,False,False,False,False,False,False,False,False,True,False,False,False
Anuncio actualizado el 9 de enero,1,1,3.0,1,0,1990,en trámite,,1,1,82345154,0,,Tacoronte,Distrito Tacoronte - Los Naranjeros," Calle EL LLANO, 5 , Distrito Tacoronte - Los Naranjeros , Tacoronte , Tenerife, Santa Cruz de Tenerife ","Calle EL LLANO, 5","Tenerife, Santa Cruz de Tenerife",520,,2019-04-14,350000,0,4.0,1,0,1,False,False,True,False,False,True,False,False,False,False,False,False,False,True,False,False,False,False,False,False,False,False,False,False,False,False,False
Anuncio actualizado el 11 de marzo,1,1,4.0,1,0,2005,en trámite,3 plantas,1,1,84380346,0,,Tacoronte,Distrito Santa Catalina," Calle Las Toscas s/n , Distrito Santa Catalina , Tacoronte , Tenerife, Santa Cruz de Tenerife ",Calle Las Toscas s/n,"Tenerife, Santa Cruz de Tenerife",550,380,2019-04-14,890000,0,4.0,1,0,1,False,False,True,False,False,True,False,False,False,False,False,False,False,False,False,False,False,False,False,True,False,False,False,False,False,False,False
Anuncio actualizado el 11 de abril,0,0,1.0,0,0,,no indicado,,0,0,82239992,7,,Tacoronte,Distrito Tacoronte - Los Naranjeros," , Distrito Tacoronte - Los Naranjeros , Tacoronte , Tenerife, Santa Cruz de Tenerife ",,"Tenerife, Santa Cruz de Tenerife",6869,75,2019-04-14,195500,0,1.0,0,0,0,False,False,False,False,False,False,False,False,False,False,False,False,False,False,False,False,False,False,False,False,False,False,False,False,False,False,False
Anuncio actualizado el 11 de abril,0,0,3.0,0,0,,,,1,0,84662690,11,,Tacoronte,Distrito Tacoronte - Los Naranjeros," Carretera GENERAL DEL NORTE, 250 , Distrito Tacoronte - Los Naranjeros , Tacoronte , Tenerife, Santa Cruz de Tenerife ","Carretera GENERAL DEL NORTE, 250","Tenerife, Santa Cruz de Tenerife",177,137,2019-04-14,198000,0,2.0,1,0,1,False,False,True,False,False,False,False,False,False,False,False,False,False,True,False,False,False,False,False,False,False,False,False,False,False,False,False
Anuncio actualizado el 26 de marzo,0,0,4.0,0,0,,,,1,1,84819873,0,,Tacoronte,Distrito Guayonje - Mesa del Mar," Calle PERALES, 3 , Distrito Guayonje - Mesa del Mar , Tacoronte , Tenerife, Santa Cruz de Tenerife ","Calle PERALES, 3","Tenerife, Santa Cruz de Tenerife",1303,,2019-04-14,399900,0,5.0,1,0,1,False,False,True,False,False,False,False,False,False,False,False,False,False,True,False,False,False,False,False,False,False,False,False,False,False,False,False
Anuncio actualizado el 11 de abril,0,0,2.0,0,0,,,,1,1,84792060,4,,Tacoronte,Distrito Santa Catalina," Calle El Durazno, 83 , Distrito Santa Catalina , Tacoronte , Tenerife, Santa Cruz de Tenerife ","Calle El Durazno, 83","Tenerife, Santa Cruz de Tenerife",900,170,2019-04-14,283000,0,4.0,1,0,1,False,False,True,False,False,False,False,False,False,False,False,False,False,True,False,False,False,False,False,False,False,False,False,False,False,False,False
Anuncio actualizado el 21 de febrero,0,0,3.0,0,0,,,1 planta,0,1,81765532,7,,Tacoronte,Distrito Santa Catalina," Calle Jardín del Sol, 82 , Distrito Santa Catalina , Tacoronte , Tenerife, Santa Cruz de Tenerife ","Calle Jardín del Sol, 82","Tenerife, Santa Cruz de Tenerife",995,415,2019-04-14,1413400,0,3.0,0,1,1,False,False,False,False,False,True,False,False,False,False,False,False,False,True,False,False,False,False,False,False,False,False,False,False,False,False,False
Anuncio actualizado el 21 de febrero,0,0,2.0,0,0,,,1 planta,0,1,83447209,7,,Tacoronte,Distrito Tacoronte - Los Naranjeros," Calle la Tabona, 8 , Distrito Tacoronte - Los Naranjeros , Tacoronte , Tenerife, Santa Cruz de Tenerife ","Calle la Tabona, 8","Tenerife, Santa Cruz de Tenerife",145,,2019-04-14,234900,0,4.0,0,0,1,False,False,False,False,False,False,False,False,False,False,False,False,False,True,False,False,False,False,False,False,False,False,False,False,False,False,False
Anuncio actualizado el 21 de febrero,0,0,1.0,0,0,,,bajo,0,1,83955672,1,,Tacoronte,Distrito Tacoronte - Los Naranjeros," Calle Jua Perez, 45 , Distrito Tacoronte - Los Naranjeros , Tacoronte , Tenerife, Santa Cruz de Tenerife ","Calle Jua Perez, 45","Tenerife, Santa Cruz de Tenerife",170,,2019-04-14,252500,0,2.0,0,0,0,False,False,False,False,False,False,False,False,False,False,False,False,False,False,False,False,False,False,False,False,False,False,False,False,False,False,False
Anuncio actualizado el 11 de marzo,0,0,3.0,0,0,,,1 planta,0,0,84203772,7,,Tacoronte,Distrito Tacoronte - Los Naranjeros," Calle los Abales, 9 , Distrito Tacoronte - Los Naranjeros , Tacoronte , Tenerife, Santa Cruz de Tenerife ","Calle los Abales, 9","Tenerife, Santa Cruz de Tenerife",125,,2019-04-14,129900,0,3.0,0,0,0,False,False,False,False,False,False,False,False,False,False,False,False,False,False,False,False,False,False,False,False,False,False,False,False,False,False,False
Anuncio actualizado el 6 de marzo,1,1,2.0,1,0,1989,,3 plantas,0,1,84359504,7,,Tacoronte,Distrito Tacoronte - Los Naranjeros," Calle Peŕez Reyes, 55 , Distrito Tacoronte - Los Naranjeros , Tacoronte , Tenerife, Santa Cruz de Tenerife ","Calle Peŕez Reyes, 55","Tenerife, Santa Cruz de Tenerife",1391,437,2019-04-14,595000,1,7.0,0,1,1,False,False,False,False,False,False,False,False,False,False,False,False,False,False,False,False,False,False,False,False,False,False,False,False,False,False,False
Anuncio actualizado el 26 de marzo,0,0,1.0,1,0,,,1 planta,0,0,84377942,7,,Tacoronte,Distrito Tacoronte - Los Naranjeros," Calle Graciano Alvarez Dorta, 26 , Distrito Tacoronte - Los Naranjeros , Tacoronte , Tenerife, Santa Cruz de Tenerife ","Calle Graciano Alvarez Dorta, 26","Tenerife, Santa Cruz de Tenerife",142,,2019-04-14,162000,0,2.0,0,0,1,False,False,False,False,False,False,False,False,False,False,False,False,False,False,False,False,False,False,False,False,False,False,False,False,False,False,False
Anuncio actualizado el 18 de marzo,0,0,2.0,0,0,,en trámite,2 plantas,0,0,84462828,2,,Tacoronte,Distrito Santa Catalina," Teobaldo Power, 15 , Distrito Santa Catalina , Tacoronte , Tenerife, Santa Cruz de Tenerife ","Teobaldo Power, 15","Tenerife, Santa Cruz de Tenerife",450,120,2019-04-14,159000,0,4.0,0,0,0,False,False,False,True,False,False,False,False,False,False,False,False,False,True,False,False,False,False,False,False,False,False,False,False,False,False,False
Anuncio actualizado el 11 de abril,0,1,5.0,1,0,,en trámite,2 plantas,1,1,28947767,0,,Tacoronte,Distrito Tacoronte - Los Naranjeros," , Distrito Tacoronte - Los Naranjeros , Tacoronte , Tenerife, Santa Cruz de Tenerife ",,"Tenerife, Santa Cruz de Tenerife",1124,,2019-04-14,1490000,0,5.0,0,1,1,False,False,True,False,True,False,False,False,False,False,False,False,False,False,False,False,False,False,False,False,False,False,False,False,False,False,False
Anuncio actualizado el 12 de abril,0,0,3.0,1,0,2000,en trámite,2 plantas,1,1,84955668,0,,Tacoronte,Distrito El Pris - Juan Fernández," Carretera General Tejina-Tacoronte , Distrito El Pris - Juan Fernández , Tacoronte , Tenerife, Santa Cruz de Tenerife ",Carretera General Tejina-Tacoronte,"Tenerife, Santa Cruz de Tenerife",1000,,2019-04-14,427000,0,4.0,1,0,1,False,False,True,False,False,False,False,False,False,False,False,False,False,False,False,False,False,False,False,False,False,False,False,False,False,False,False
Anuncio actualizado el 12 de abril,0,0,2.0,1,0,2004,en trámite,2 plantas,1,1,84957694,0,,Tacoronte,Distrito Guayonje - Mesa del Mar," Calle Mesa del Mar , Distrito Guayonje - Mesa del Mar , Tacoronte , Tenerife, Santa Cruz de Tenerife ",Calle Mesa del Mar,"Tenerife, Santa Cruz de Tenerife",877,,2019-04-14,525000,0,3.0,1,0,1,False,False,True,False,False,False,False,False,False,False,False,False,False,False,False,False,False,False,False,False,False,False,False,False,False,False,False
Anuncio actualizado el 14 de abril,1,0,3.0,1,1,,no indicado,2 plantas,1,1,30946220,3,,Tacoronte,Distrito Agua García - Juan Fernández," , Distrito Agua García - Juan Fernández , Tacoronte , Tenerife, Santa Cruz de Tenerife ",,"Tenerife, Santa Cruz de Tenerife",2600,214,2019-04-14,298000,0,4.0,1,0,1,False,False,True,False,False,False,False,False,False,False,False,False,False,True,False,False,False,False,False,False,False,False,False,False,False,False,False
Anuncio actualizado el 12 de abril,1,0,2.0,1,0,,en trámite,3 plantas,1,0,85054271,11,,Tacoronte,Distrito El Pris - Juan Fernández," Urb. URBANIZACION TAORO , Distrito El Pris - Juan Fernández , Tacoronte , Tenerife, Santa Cruz de Tenerife ",Urb. URBANIZACION TAORO,"Tenerife, Santa Cruz de Tenerife",178,,2019-04-14,170000,0,3.0,1,0,1,False,False,True,False,False,False,False,False,False,False,False,False,False,False,False,False,False,False,False,False,False,False,False,False,False,False,False
Anuncio actualizado el 12 de abril,0,0,1.0,0,0,1969,,1 planta,0,0,85052061,7,,Tacoronte,Distrito Tacoronte - Los Naranjeros," Calle del Norte , Distrito Tacoronte - Los Naranjeros , Tacoronte , Tenerife, Santa Cruz de Tenerife ",Calle del Norte,"Tenerife, Santa Cruz de Tenerife",78,,2019-04-14,84000,0,2.0,0,0,0,False,False,False,False,False,False,False,False,False,False,False,False,False,False,False,False,False,False,False,False,False,False,False,False,False,False,False
Anuncio actualizado el 12 de abril,0,0,1.0,0,0,2007,,,0,0,85052344,1,,Tacoronte,Distrito Tacoronte - Los Naranjeros," Calle Familia Quesada Sanchez s/n , Distrito Tacoronte - Los Naranjeros , Tacoronte , Tenerife, Santa Cruz de Tenerife ",Calle Familia Quesada Sanchez s/n,"Tenerife, Santa Cruz de Tenerife",78,,2019-04-14,98000,0,2.0,0,0,0,False,False,False,False,False,False,False,False,False,False,False,False,False,False,False,False,False,False,False,False,False,False,False,False,False,False,False
Anuncio actualizado el 12 de abril,0,0,1.0,0,0,2007,,,0,0,85052586,1,,Tacoronte,Distrito Tacoronte - Los Naranjeros," Calle Familia Quesada Sanchez s/n , Distrito Tacoronte - Los Naranjeros , Tacoronte , Tenerife, Santa Cruz de Tenerife ",Calle Familia Quesada Sanchez s/n,"Tenerife, Santa Cruz de Tenerife",68,,2019-04-14,99200,0,2.0,0,0,0,False,False,False,False,False,False,False,False,False,False,False,False,False,False,False,False,False,False,False,False,False,False,False,False,False,False,False
Anuncio actualizado el 7 de febrero,0,0,2.0,0,0,,inmueble exento,2 plantas,1,0,26040100,0,,Tacoronte,Distrito Tacoronte - Los Naranjeros," Calle Adelantado , Distrito Tacoronte - Los Naranjeros , Tacoronte , Tenerife, Santa Cruz de Tenerife ",Calle Adelantado,"Tenerife, Santa Cruz de Tenerife",120,100,2019-04-14,195000,0,2.0,0,0,0,False,False,True,False,False,False,False,False,False,False,False,False,False,False,False,False,False,False,False,False,False,False,False,False,False,False,False
Anuncio actualizado el 10 de abril,0,0,2.0,1,0,,en trámite,planta 1ª exterior,1,0,85018514,1,0,Tacoronte,Distrito Tacoronte - Los Naranjeros," Juan Pérez, 44 , Distrito Tacoronte - Los Naranjeros , Tacoronte , Tenerife, Santa Cruz de Tenerife ","Juan Pérez, 44","Tenerife, Santa Cruz de Tenerife",88,77,2019-04-14,130000,0,3.0,0,0,0,False,False,True,False,False,False,False,False,False,False,False,False,False,False,False,False,False,False,False,False,False,False,False,False,False,False,False
Anuncio actualizado el 11 de abril,0,0,2.0,0,0,1920,,1 planta,1,1,85030501,0,,Tacoronte,Distrito Santa Catalina," El Durazno, 81 , Distrito Santa Catalina , Tacoronte , Tenerife, Santa Cruz de Tenerife ","El Durazno, 81","Tenerife, Santa Cruz de Tenerife",230,170,2019-04-14,283000,1,4.0,0,0,1,False,False,True,False,False,False,False,False,False,False,True,True,False,False,False,False,False,False,False,False,False,False,False,False,False,False,False
Anuncio actualizado el 12 de abril,0,0,2.0,0,0,1960,,1 planta,0,0,85052353,7,,Tacoronte,Distrito Tacoronte - Los Naranjeros," Calle Sebastian Machado s/n , Distrito Tacoronte - Los Naranjeros , Tacoronte , Tenerife, Santa Cruz de Tenerife ",Calle Sebastian Machado s/n,"Tenerife, Santa Cruz de Tenerife",110,,2019-04-14,93500,0,5.0,0,0,0,False,False,False,False,False,False,False,False,False,False,False,False,False,False,False,False,False,False,False,False,False,False,False,False,False,False,False
Anuncio actualizado el 21 de febrero,0,0,2.0,0,0,,,1 planta,0,1,35318986,7,,Tacoronte,Distrito Agua García - Juan Fernández," Calle Melchor Álvarez, 4 , Distrito Agua García - Juan Fernández , Tacoronte , Tenerife, Santa Cruz de Tenerife ","Calle Melchor Álvarez, 4","Tenerife, Santa Cruz de Tenerife",512,,2019-04-14,360000,0,3.0,0,0,1,False,False,False,False,False,False,False,False,False,False,False,False,False,False,False,False,False,False,False,False,False,False,False,False,False,False,False
Anuncio actualizado el 21 de febrero,0,0,2.0,1,0,,,1 planta,0,1,39756021,11,,Tacoronte,Distrito Agua García - Juan Fernández," Camino Real, 328 -334 , Distrito Agua García - Juan Fernández , Tacoronte , Tenerife, Santa Cruz de Tenerife ","Camino Real, 328 -334","Tenerife, Santa Cruz de Tenerife",259,,2019-04-14,210000,0,3.0,0,0,1,False,False,False,False,False,False,False,False,False,False,False,False,False,False,False,False,False,False,False,False,False,False,False,False,False,False,False
Anuncio actualizado el 11 de marzo,0,0,2.0,1,0,2003,en trámite,2 plantas,1,0,81294659,11,,Tacoronte,Distrito Santa Catalina," Calle Higinio Lugo Torres, 10 , Distrito Santa Catalina , Tacoronte , Tenerife, Santa Cruz de Tenerife ","Calle Higinio Lugo Torres, 10","Tenerife, Santa Cruz de Tenerife",68,,2019-04-14,140000,0,3.0,0,0,1,False,False,True,False,False,False,False,False,False,False,False,False,False,False,False,False,False,False,False,False,False,False,False,False,False,False,False
Anuncio actualizado el 8 de abril,0,0,1.0,0,0,,en trámite,interior,1,0,84480135,1,0,Tacoronte,Distrito Guayonje - Mesa del Mar," , Distrito Guayonje - Mesa del Mar , Tacoronte , Tenerife, Santa Cruz de Tenerife ",,"Tenerife, Santa Cruz de Tenerife",55,,2019-04-14,73278,0,2.0,0,0,0,False,False,False,False,False,False,False,False,False,False,False,False,False,False,False,False,False,False,False,False,False,False,False,False,False,False,False
Anuncio actualizado el 11 de octubre,0,0,1.0,0,0,,en trámite,planta 1ª exterior,1,0,36371484,1,0,Tacoronte,Distrito Tacoronte - Los Naranjeros," , Distrito Tacoronte - Los Naranjeros , Tacoronte , Tenerife, Santa Cruz de Tenerife ",,"Tenerife, Santa Cruz de Tenerife",70,,2019-04-14,110000,0,2.0,0,0,0,False,False,True,False,False,False,False,False,False,False,False,False,False,False,False,False,False,False,False,False,False,False,False,False,False,False,False
Anuncio actualizado el 6 de marzo,0,0,3.0,0,0,2007,no indicado,,1,1,36387353,0,,Tacoronte,Distrito Santa Catalina," , Distrito Santa Catalina , Tacoronte , Tenerife, Santa Cruz de Tenerife ",,"Tenerife, Santa Cruz de Tenerife",1000,,2019-04-14,375000,0,4.0,0,0,1,False,False,True,False,False,False,False,False,False,False,False,False,False,False,False,False,False,False,False,False,False,False,False,False,False,False,False
Anuncio actualizado el 20 de febrero,0,0,1.0,0,0,,,planta 2ª exterior,0,0,84364634,1,0,Tacoronte,Distrito Tacoronte - Los Naranjeros," Ismael Dominguez, 84 , Distrito Tacoronte - Los Naranjeros , Tacoronte , Tenerife, Santa Cruz de Tenerife ","Ismael Dominguez, 84","Tenerife, Santa Cruz de Tenerife",65,,2019-04-14,86338,0,2.0,0,0,0,False,False,True,False,False,False,False,False,False,False,False,False,False,False,False,False,False,False,False,False,False,False,False,False,False,False,False
Anuncio actualizado el 27 de marzo,0,0,1.0,1,0,1970,,planta 1ª exterior,0,0,84826361,6,0,Tacoronte,Distrito Guayonje - Mesa del Mar," , Distrito Guayonje - Mesa del Mar , Tacoronte , Tenerife, Santa Cruz de Tenerife ",,"Tenerife, Santa Cruz de Tenerife",40,,2019-04-14,59500,1,0.0,0,0,1,False,False,True,False,False,False,False,False,False,False,False,False,False,False,False,False,False,False,False,False,False,False,False,False,False,False,False
Anuncio actualizado el 23 de enero,0,0,1.0,0,0,,en trámite,planta 1ª exterior,0,0,82090855,6,1,Tacoronte,Distrito Guayonje - Mesa del Mar," Calle Mesa del Mar , Distrito Guayonje - Mesa del Mar , Tacoronte , Tenerife, Santa Cruz de Tenerife ",Calle Mesa del Mar,"Tenerife, Santa Cruz de Tenerife",63,,2019-04-14,70000,0,0.0,0,0,1,False,False,True,False,False,False,False,False,False,False,False,False,False,False,False,False,False,False,False,False,False,False,False,False,False,False,False
Anuncio actualizado el 19 de febrero,0,0,2.0,1,0,2008,no indicado,,1,1,83402090,0,,Tacoronte,Distrito El Pris - Juan Fernández," , Distrito El Pris - Juan Fernández , Tacoronte , Tenerife, Santa Cruz de Tenerife ",,"Tenerife, Santa Cruz de Tenerife",500,,2019-04-14,340000,0,3.0,0,0,1,False,False,True,False,False,False,False,False,False,False,False,False,False,False,False,False,False,False,False,False,False,False,False,False,False,False,False
Anuncio actualizado el 8 de febrero,0,0,1.0,0,0,,en trámite,bajo exterior,0,0,84203569,1,0,Tacoronte,Distrito Agua García - Juan Fernández," Calle el Chupadero, Tacoronte , Urb. Real , Distrito Agua García - Juan Fernández , Tacoronte , Tenerife, Santa Cruz de Tenerife ",Urb. Real,"Tenerife, Santa Cruz de Tenerife",78,,2019-04-14,88900,0,2.0,0,0,0,False,False,False,True,False,False,False,False,False,False,False,False,False,False,False,False,False,False,False,False,False,False,False,False,False,False,False
Anuncio actualizado el 27 de marzo,0,0,1.0,1,0,1970,,planta 1ª exterior,0,1,84605174,1,0,Tacoronte,Distrito Guayonje - Mesa del Mar," , Distrito Guayonje - Mesa del Mar , Tacoronte , Tenerife, Santa Cruz de Tenerife ",,"Tenerife, Santa Cruz de Tenerife",80,,2019-04-14,96500,1,2.0,0,1,1,False,False,False,True,False,False,False,False,False,False,False,False,False,False,False,False,False,False,False,False,False,False,False,False,False,False,False
Anuncio actualizado el 10 de abril,0,0,2.0,1,0,2006,en trámite,,1,0,81934069,7,,Tacoronte,Distrito El Pris - Juan Fernández," , Distrito El Pris - Juan Fernández , Tacoronte , Tenerife, Santa Cruz de Tenerife ",,"Tenerife, Santa Cruz de Tenerife",44,,2019-04-14,145000,0,3.0,0,0,1,False,False,True,False,False,False,False,False,False,False,False,False,False,False,False,False,False,False,False,False,False,False,False,False,False,False,False
Anuncio actualizado el 19 de marzo,0,0,3.0,1,0,2001,en trámite,2 plantas,0,1,39880493,0,,Tacoronte,Distrito Santa Catalina," Urb. Jardín del Sol , Distrito Santa Catalina , Tacoronte , Tenerife, Santa Cruz de Tenerife ",Urb. Jardín del Sol,"Tenerife, Santa Cruz de Tenerife",820,197,2019-04-14,495000,0,3.0,0,0,1,False,False,True,False,True,False,False,False,False,False,False,False,False,True,False,False,False,False,False,False,False,False,False,False,False,False,False
Anuncio actualizado el 26 de febrero,0,0,3.0,1,0,1960,en trámite,2 plantas,1,1,40516807,0,,Tacoronte,Distrito Tacoronte - Los Naranjeros," , Distrito Tacoronte - Los Naranjeros , Tacoronte , Tenerife, Santa Cruz de Tenerife ",,"Tenerife, Santa Cruz de Tenerife",2600,195,2019-04-14,298000,0,4.0,1,0,1,False,False,False,False,True,False,False,False,False,False,False,False,False,True,False,False,False,False,False,False,False,False,False,False,False,False,False
Anuncio actualizado el 23 de octubre,0,0,1.0,0,0,2006,,bajo exterior,1,1,81291608,1,0,Tacoronte,Distrito El Pris - Juan Fernández," , Distrito El Pris - Juan Fernández , Tacoronte , Tenerife, Santa Cruz de Tenerife ",,"Tenerife, Santa Cruz de Tenerife",50,,2019-04-14,70000,1,1.0,0,0,1,False,False,True,False,False,False,False,False,False,False,False,False,False,False,False,False,False,False,False,False,False,False,False,False,False,False,False
Anuncio actualizado el 14 de abril,0,0,2.0,0,0,,,1 planta,1,1,84429258,0,,Tacoronte,Distrito El Pris - Juan Fernández," , Distrito El Pris - Juan Fernández , Tacoronte , Tenerife, Santa Cruz de Tenerife ",,"Tenerife, Santa Cruz de Tenerife",535,,2019-04-14,335000,0,3.0,0,0,1,False,False,True,False,False,False,False,False,False,False,False,False,False,False,False,False,False,False,False,False,False,True,False,False,False,False,False
Anuncio actualizado el 12 de abril,0,0,1.0,1,0,1995,en trámite,planta 2ª,1,0,84730236,1,1,Tacoronte,Distrito Tacoronte - Los Naranjeros," Carretera General del Norte, 71 , Distrito Tacoronte - Los Naranjeros , Tacoronte , Tenerife, Santa Cruz de Tenerife ","Carretera General del Norte, 71","Tenerife, Santa Cruz de Tenerife",76,75,2019-04-14,110000,0,2.0,0,0,0,False,False,True,False,False,False,False,False,False,False,False,False,False,True,False,False,False,False,False,False,False,False,False,False,False,False,False
Anuncio actualizado el 28 de diciembre,0,0,1.0,1,0,,,1 planta,1,1,33464744,0,,Tacoronte,Distrito Agua García - Juan Fernández," tacoronte s/n , Urb. Tacoronte Los Naranjeros , Distrito Agua García - Juan Fernández , Tacoronte , Tenerife, Santa Cruz de Tenerife ",Urb. Tacoronte Los Naranjeros,"Tenerife, Santa Cruz de Tenerife",1200,100,2019-04-14,180000,0,1.0,1,0,1,False,False,True,False,False,False,False,False,False,False,False,False,False,False,False,False,False,False,False,False,False,True,False,False,False,False,False
Anuncio actualizado el 1 de febrero,0,0,4.0,0,0,,en trámite,2 plantas,0,1,37764415,0,,Tacoronte,Distrito Tacoronte - Los Naranjeros," Camino Hornillo , Urb. Tacoronte , Distrito Tacoronte - Los Naranjeros , Tacoronte , Tenerife, Santa Cruz de Tenerife ",Urb. Tacoronte,"Tenerife, Santa Cruz de Tenerife",1281,,2019-04-14,500000,0,6.0,1,0,1,False,False,True,False,False,False,False,False,False,False,False,False,False,False,False,False,False,False,False,True,False,False,False,False,False,False,False
Anuncio actualizado el 3 de abril,0,0,2.0,0,0,1999,no indicado,,1,1,82138826,11,,Tacoronte,Distrito Santa Catalina," Calle las Toscas , Distrito Santa Catalina , Tacoronte , Tenerife, Santa Cruz de Tenerife ",Calle las Toscas,"Tenerife, Santa Cruz de Tenerife",144,,2019-04-14,219000,0,4.0,0,0,1,False,False,True,False,False,False,False,False,False,False,False,False,False,False,False,False,False,False,False,False,False,False,False,False,False,False,False
Anuncio actualizado el 28 de febrero,0,0,1.0,0,0,,,2 plantas,0,0,82939922,0,,Tacoronte,Distrito Guayonje - Mesa del Mar," Calle SAN JERONIMO, 18 , Distrito Guayonje - Mesa del Mar , Tacoronte , Tenerife, Santa Cruz de Tenerife ","Calle SAN JERONIMO, 18","Tenerife, Santa Cruz de Tenerife",105,95,2019-04-14,156000,0,3.0,0,0,0,False,False,True,False,False,False,False,False,False,False,False,False,False,True,False,False,False,False,False,False,False,False,False,False,False,False,False
Anuncio actualizado el 28 de noviembre,0,0,2.0,0,0,,,planta 1ª exterior,1,0,83331702,1,0,Tacoronte,Distrito Guayonje - Mesa del Mar," Carretera TACORONTE - TEJINA, 120 , Distrito Guayonje - Mesa del Mar , Tacoronte , Tenerife, Santa Cruz de Tenerife ","Carretera TACORONTE - TEJINA, 120","Tenerife, Santa Cruz de Tenerife",108,89,2019-04-14,147000,0,4.0,0,0,0,False,False,True,False,False,False,False,False,False,False,False,False,False,True,False,False,False,False,False,False,False,False,False,False,False,False,False
Anuncio actualizado el 7 de febrero,0,0,3.0,0,0,,,2 plantas,0,1,84190471,11,,Tacoronte,Distrito Tacoronte - Los Naranjeros," Calle EL CALVARIO, 62 , Distrito Tacoronte - Los Naranjeros , Tacoronte , Tenerife, Santa Cruz de Tenerife ","Calle EL CALVARIO, 62","Tenerife, Santa Cruz de Tenerife",123,106,2019-04-14,187000,0,3.0,0,0,0,False,False,True,False,False,False,False,False,False,False,False,False,False,True,False,False,False,False,False,False,False,False,False,False,False,False,False
Anuncio actualizado el 4 de abril,0,0,2.0,0,0,1975,,,1,0,84333023,3,,Tacoronte,Distrito Tacoronte - Los Naranjeros," , Distrito Tacoronte - Los Naranjeros , Tacoronte , Tenerife, Santa Cruz de Tenerife ",,"Tenerife, Santa Cruz de Tenerife",244,189,2019-04-14,145000,0,3.0,1,0,0,False,False,True,False,False,False,False,False,False,False,False,False,False,False,False,False,False,False,False,False,False,False,False,False,False,False,False
Anuncio actualizado el 1 de marzo,0,0,5.0,0,0,,en trámite,2 plantas,1,1,33372474,0,,Tacoronte,Distrito Agua García - Juan Fernández," , Distrito Agua García - Juan Fernández , Tacoronte , Tenerife, Santa Cruz de Tenerife ",,"Tenerife, Santa Cruz de Tenerife",1855,,2019-04-14,750000,1,6.0,1,0,1,False,False,True,False,True,False,False,False,False,False,False,False,False,False,False,False,False,False,False,False,False,False,False,False,False,False,False
Anuncio actualizado el 4 de febrero,0,0,3.0,0,0,1999,en trámite,3 plantas,0,0,36699472,7,,Tacoronte,Distrito Santa Catalina," Calle las Toscas , Distrito Santa Catalina , Tacoronte , Tenerife, Santa Cruz de Tenerife ",Calle las Toscas,"Tenerife, Santa Cruz de Tenerife",140,160,2019-04-14,215000,0,5.0,0,0,0,False,False,False,False,False,False,False,False,False,False,False,False,False,False,False,False,False,False,False,False,False,False,False,False,False,False,False
Anuncio actualizado el 15 de enero,0,1,1.0,1,1,1992,,3 plantas,1,1,83859739,4,,Tacoronte,Distrito Agua García - Juan Fernández," Las Mesetas , Distrito Agua García - Juan Fernández , Tacoronte , Tenerife, Santa Cruz de Tenerife ",Las Mesetas,"Tenerife, Santa Cruz de Tenerife",119,223,2019-04-14,190000,0,4.0,1,0,1,False,False,True,False,False,False,False,False,False,False,False,False,False,False,False,False,False,False,False,False,False,False,False,False,False,False,False
Anuncio actualizado el 5 de abril,0,0,3.0,1,0,2006,,,1,1,84149915,11,,Tacoronte,Distrito Tacoronte - Los Naranjeros," , Distrito Tacoronte - Los Naranjeros , Tacoronte , Tenerife, Santa Cruz de Tenerife ",,"Tenerife, Santa Cruz de Tenerife",113,102,2019-04-14,169000,0,3.0,1,0,1,False,False,True,False,False,False,False,False,False,False,False,False,False,False,False,False,False,False,False,False,False,True,False,False,False,False,False
Anuncio actualizado el 7 de febrero,0,0,2.0,1,0,,en trámite,,1,1,81996258,11,,Tacoronte,Distrito Tacoronte - Los Naranjeros," Calle Mararía, 99 , Distrito Tacoronte - Los Naranjeros , Tacoronte , Tenerife, Santa Cruz de Tenerife ","Calle Mararía, 99","Tenerife, Santa Cruz de Tenerife",190,100,2019-04-14,155000,0,3.0,0,0,0,False,False,True,False,False,False,False,False,False,False,False,False,False,False,False,False,False,False,False,False,False,False,False,False,False,False,False
Anuncio actualizado el 25 de enero,0,0,3.0,1,0,,,,1,1,84021318,7,,Tacoronte,Distrito Agua García - Juan Fernández," Pasaje Fariña, 5 , Distrito Agua García - Juan Fernández , Tacoronte , Tenerife, Santa Cruz de Tenerife ","Pasaje Fariña, 5","Tenerife, Santa Cruz de Tenerife",312,,2019-04-14,470000,0,4.0,1,0,1,False,False,True,False,False,False,False,False,False,False,False,False,False,False,False,False,False,False,False,False,False,False,False,False,False,False,False
Anuncio actualizado el 22 de febrero,0,0,3.0,1,0,1986,,,1,1,84124971,0,,Tacoronte,Distrito Tacoronte - Los Naranjeros," Calle Cruz Caridad, 1 , Distrito Tacoronte - Los Naranjeros , Tacoronte , Tenerife, Santa Cruz de Tenerife ","Calle Cruz Caridad, 1","Tenerife, Santa Cruz de Tenerife",2180,290,2019-04-14,520000,0,5.0,1,0,1,False,False,True,False,False,False,False,False,False,False,False,False,False,False,False,False,False,False,False,False,False,False,False,False,False,False,False
Anuncio actualizado el 1 de abril,1,0,2.0,1,0,,en trámite,3 plantas,1,1,84502333,11,,Tacoronte,Distrito El Pris - Juan Fernández," Calle Pintora Juanita Dorta, Tacoronte s/n , Distrito El Pris - Juan Fernández , Tacoronte , Tenerife, Santa Cruz de Tenerife ","Calle Pintora Juanita Dorta, Tacoronte s/n","Tenerife, Santa Cruz de Tenerife",168,,2019-04-14,170000,0,3.0,1,0,1,False,False,True,False,False,False,False,False,False,False,False,False,False,False,False,False,False,False,False,False,False,False,False,False,False,False,False
Anuncio actualizado el 2 de abril,1,1,4.0,1,0,,,2 plantas,1,1,84611489,0,,Tacoronte,Distrito Tacoronte - Los Naranjeros," LA CARIDAD , Urb. LA CARIDAD , Distrito Tacoronte - Los Naranjeros , Tacoronte , Tenerife, Santa Cruz de Tenerife ",Urb. LA CARIDAD,"Tenerife, Santa Cruz de Tenerife",2180,300,2019-04-14,520000,0,5.0,1,0,1,False,False,True,False,False,False,False,False,False,False,False,False,False,False,False,False,False,False,False,False,False,False,False,False,False,False,False
Anuncio actualizado el 22 de febrero,0,0,3.0,1,0,1992,,2 plantas,1,1,82623383,0,,Tacoronte,Distrito Agua García - Juan Fernández," Calle El Peñon , Distrito Agua García - Juan Fernández , Tacoronte , Tenerife, Santa Cruz de Tenerife ",Calle El Peñon,"Tenerife, Santa Cruz de Tenerife",574,330,2019-04-14,350000,0,5.0,1,1,1,False,False,True,False,False,False,False,False,False,False,False,False,False,False,False,False,False,False,False,False,False,False,False,True,False,False,False
Anuncio actualizado el 6 de marzo,0,0,2.0,1,0,2005,,,1,0,83450153,11,,Tacoronte,Distrito Tacoronte - Los Naranjeros," Calle Padilla , Distrito Tacoronte - Los Naranjeros , Tacoronte , Tenerife, Santa Cruz de Tenerife ",Calle Padilla,"Tenerife, Santa Cruz de Tenerife",199,190,2019-04-14,170000,0,4.0,0,0,0,False,False,True,False,False,False,False,False,False,False,False,False,False,False,True,False,False,False,False,False,False,False,False,False,False,False,False
Anuncio actualizado el 4 de septiembre,0,0,2.0,1,0,1978,en trámite,2 plantas,1,1,36913551,0,,Tacoronte,Distrito Tacoronte - Los Naranjeros," Carretera General del Norte, 471 , Distrito Tacoronte - Los Naranjeros , Tacoronte , Tenerife, Santa Cruz de Tenerife ","Carretera General del Norte, 471","Tenerife, Santa Cruz de Tenerife",700,,2019-04-14,225000,0,4.0,1,0,0,False,False,False,True,False,False,False,False,False,False,False,False,False,False,False,False,False,False,False,False,False,False,False,False,False,False,False
Anuncio actualizado el 19 de febrero,1,0,3.0,1,0,1998,en trámite,2 plantas,1,1,82289552,11,,Tacoronte,Distrito Tacoronte - Los Naranjeros," Calle Pedro Felipe, Tacoronte , Distrito Tacoronte - Los Naranjeros , Tacoronte , Tenerife, Santa Cruz de Tenerife ","Calle Pedro Felipe, Tacoronte","Tenerife, Santa Cruz de Tenerife",170,120,2019-04-14,198000,0,4.0,1,0,1,False,False,True,False,False,True,False,False,False,False,False,True,False,False,False,False,False,False,False,False,False,False,False,False,False,False,False
Anuncio actualizado el 24 de enero,0,0,3.0,1,0,2000,en trámite,3 plantas,1,0,82567864,12,,Tacoronte,Distrito Tacoronte - Los Naranjeros," Carretera General Tacoronte , Distrito Tacoronte - Los Naranjeros , Tacoronte , Tenerife, Santa Cruz de Tenerife ",Carretera General Tacoronte,"Tenerife, Santa Cruz de Tenerife",91,130,2019-04-14,220000,0,3.0,1,0,1,False,False,True,False,False,False,False,True,False,False,False,False,False,True,False,False,False,False,False,False,False,False,False,False,False,False,False
Anuncio actualizado el 25 de febrero,0,0,4.0,0,0,1999,en trámite,1 planta,1,1,82669567,0,,Tacoronte,Distrito El Pris - Juan Fernández," Calle LOS PERALES , Distrito El Pris - Juan Fernández , Tacoronte , Tenerife, Santa Cruz de Tenerife ",Calle LOS PERALES,"Tenerife, Santa Cruz de Tenerife",3000,430,2019-04-14,400000,0,5.0,1,1,1,False,False,True,False,False,False,False,False,False,False,False,False,False,False,False,False,False,False,False,False,False,True,False,False,False,False,False
Anuncio actualizado el 20 de marzo,0,0,4.0,1,0,,no indicado,,1,1,84165006,12,,Tacoronte,Distrito Santa Catalina," Camino los Guanches, 16 , Distrito Santa Catalina , Tacoronte , Tenerife, Santa Cruz de Tenerife ","Camino los Guanches, 16","Tenerife, Santa Cruz de Tenerife",800,280,2019-04-14,338000,0,5.0,1,1,1,False,False,True,False,False,False,False,False,False,False,False,False,False,False,False,False,False,False,False,False,False,False,False,False,False,False,False
Anuncio actualizado el 21 de febrero,0,0,2.0,1,0,1998,en trámite,2 plantas,1,1,84368728,12,,Tacoronte,Distrito Santa Catalina," Calle Cercado del Arroyo, Tacoronte , Distrito Santa Catalina , Tacoronte , Tenerife, Santa Cruz de Tenerife ","Calle Cercado del Arroyo, Tacoronte","Tenerife, Santa Cruz de Tenerife",150,113,2019-04-14,200000,0,3.0,1,1,1,False,False,True,False,False,False,False,False,False,False,False,False,False,False,False,False,False,False,False,False,False,True,False,False,False,False,False
Anuncio actualizado el 12 de abril,0,1,2.0,1,0,2004,,planta 2ª exterior,1,0,83331648,8,1,Tacoronte,Distrito Tacoronte - Los Naranjeros," Carretera General del Norte, Tacoronte , Distrito Tacoronte - Los Naranjeros , Tacoronte , Tenerife, Santa Cruz de Tenerife ","Carretera General del Norte, Tacoronte","Tenerife, Santa Cruz de Tenerife",100,,2019-04-14,153000,1,3.0,0,0,0,False,False,True,False,False,False,False,False,False,False,False,False,False,False,False,False,False,False,False,False,False,False,False,False,False,False,False
Anuncio actualizado el 12 de abril,0,0,3.0,1,0,,,2 plantas,1,1,84446572,11,,Tacoronte,Distrito Tacoronte - Los Naranjeros," Calle Pedro Felipe , Distrito Tacoronte - Los Naranjeros , Tacoronte , Tenerife, Santa Cruz de Tenerife ",Calle Pedro Felipe,"Tenerife, Santa Cruz de Tenerife",257,,2019-04-14,243000,0,3.0,1,0,1,False,False,True,False,False,False,False,False,False,False,False,False,False,False,False,False,False,False,False,False,False,False,False,False,False,False,False
Anuncio actualizado el 22 de marzo,0,1,3.0,1,0,2005,en trámite,2 plantas,1,1,84774093,0,,Tacoronte,Distrito Tacoronte - Los Naranjeros," Calle el calvario , Distrito Tacoronte - Los Naranjeros , Tacoronte , Tenerife, Santa Cruz de Tenerife ",Calle el calvario,"Tenerife, Santa Cruz de Tenerife",900,151,2019-04-14,380000,0,3.0,1,0,1,False,False,True,False,False,False,False,False,False,False,False,False,False,False,False,False,False,False,False,False,False,False,False,True,False,False,False
Anuncio actualizado el 4 de septiembre,0,0,1.0,0,0,1970,,planta 1ª exterior,0,0,82063121,1,0,Tacoronte,Distrito Agua García - Juan Fernández," Barranco Las Lajas , Distrito Agua García - Juan Fernández , Tacoronte , Tenerife, Santa Cruz de Tenerife ",Barranco Las Lajas,"Tenerife, Santa Cruz de Tenerife",85,80,2019-04-14,129000,0,3.0,1,0,1,False,False,True,False,False,False,False,False,False,False,False,False,False,False,False,False,False,False,False,False,False,False,False,False,False,False,False
Anuncio actualizado el 10 de enero,0,0,3.0,1,0,2003,en trámite,3 plantas,1,0,82867436,11,,Tacoronte,Distrito Santa Catalina," Calle Ismael Dominguez, Tacoronte , Distrito Santa Catalina , Tacoronte , Tenerife, Santa Cruz de Tenerife ","Calle Ismael Dominguez, Tacoronte","Tenerife, Santa Cruz de Tenerife",50,170,2019-04-14,195000,0,4.0,1,0,1,False,False,True,False,False,False,False,False,False,False,False,False,False,False,False,False,False,False,False,False,False,False,False,False,False,False,False
Anuncio actualizado el 12 de abril,0,0,2.0,1,0,2010,,bajo exterior,1,0,84395005,1,1,Tacoronte,Distrito Tacoronte - Los Naranjeros," Calle El Durazno, Tacoronte , Distrito Tacoronte - Los Naranjeros , Tacoronte , Tenerife, Santa Cruz de Tenerife ","Calle El Durazno, Tacoronte","Tenerife, Santa Cruz de Tenerife",83,,2019-04-14,145000,0,3.0,1,0,1,False,False,True,False,False,False,False,False,False,False,False,False,False,False,False,False,False,False,False,False,False,False,False,False,False,False,False
Anuncio actualizado el 9 de abril,0,0,1.0,0,0,,en trámite,2 plantas,1,1,84999929,0,,Tacoronte,Distrito Tacoronte - Los Naranjeros," Calle Valerio J. Padrón , Urb. El Calvario , Distrito Tacoronte - Los Naranjeros , Tacoronte , Tenerife, Santa Cruz de Tenerife ",Urb. El Calvario,"Tenerife, Santa Cruz de Tenerife",1300,200,2019-04-14,350000,0,4.0,1,0,1,False,False,False,True,False,False,False,False,False,False,False,False,False,False,False,False,False,False,False,False,False,False,False,False,False,False,False
Anuncio actualizado el 4 de abril,0,0,1.0,0,0,1990,,planta 1ª,0,0,39625139,1,,Tacoronte,Distrito Tacoronte - Los Naranjeros," Calle de José Izquierdo , Distrito Tacoronte - Los Naranjeros , Tacoronte , Tenerife, Santa Cruz de Tenerife ",Calle de José Izquierdo,"Tenerife, Santa Cruz de Tenerife",109,86,2019-04-14,69000,0,2.0,0,0,0,False,False,False,False,False,False,False,False,False,False,False,False,False,False,False,False,False,False,False,False,False,False,False,False,False,False,False
Anuncio actualizado el 10 de abril,1,0,1.0,0,0,,en trámite,planta 1ª,0,0,84931428,1,1,Tacoronte,Distrito Guayonje - Mesa del Mar," Calle Mesa del Mar , Distrito Guayonje - Mesa del Mar , Tacoronte , Tenerife, Santa Cruz de Tenerife ",Calle Mesa del Mar,"Tenerife, Santa Cruz de Tenerife",70,67,2019-04-14,89000,0,2.0,0,0,0,False,False,False,False,False,False,False,False,False,False,False,False,False,False,False,False,False,False,False,False,False,False,False,False,False,False,False
Anuncio actualizado el 10 de abril,0,0,4.0,1,0,2002,,2 plantas,1,1,36448953,12,,Tacoronte,Distrito Tacoronte - Los Naranjeros," Calle de Adelantado , Distrito Tacoronte - Los Naranjeros , Tacoronte , Tenerife, Santa Cruz de Tenerife ",Calle de Adelantado,"Tenerife, Santa Cruz de Tenerife",180,150,2019-04-14,230000,0,3.0,1,0,1,False,False,True,False,False,False,False,False,False,False,False,False,False,False,True,False,False,False,False,False,False,False,False,False,False,False,False
Anuncio actualizado el 12 de abril,0,1,4.0,1,0,2000,en trámite,planta 1ª exterior,1,1,83930971,8,0,Tacoronte,Distrito Tacoronte - Los Naranjeros," Calle Pedro Felipe , Distrito Tacoronte - Los Naranjeros , Tacoronte , Tenerife, Santa Cruz de Tenerife ",Calle Pedro Felipe,"Tenerife, Santa Cruz de Tenerife",254,177,2019-04-14,245000,0,3.0,1,0,1,False,False,True,False,False,True,False,False,False,False,False,True,False,False,False,False,False,False,False,False,False,False,False,False,False,False,False
Anuncio actualizado el 25 de febrero,0,1,3.0,1,0,2004,en trámite,1 planta,1,1,84420519,0,,Tacoronte,Distrito Santa Catalina," Calle Jardin del Sol, Tacoronte , Distrito Santa Catalina , Tacoronte , Tenerife, Santa Cruz de Tenerife ","Calle Jardin del Sol, Tacoronte","Tenerife, Santa Cruz de Tenerife",1000,400,2019-04-14,690000,0,5.0,1,1,1,False,False,True,False,False,False,False,False,False,False,False,False,False,False,False,False,False,False,False,False,False,True,False,False,False,False,False
Anuncio actualizado el 9 de abril,0,0,3.0,0,0,2000,,1 planta,0,1,35580562,7,,Tacoronte,Distrito Tacoronte - Los Naranjeros," Carretera General Tacoronte-Tejina, 73 , Distrito Tacoronte - Los Naranjeros , Tacoronte , Tenerife, Santa Cruz de Tenerife ","Carretera General Tacoronte-Tejina, 73","Tenerife, Santa Cruz de Tenerife",10000,273,2019-04-14,450000,0,4.0,0,0,1,False,False,False,False,True,False,False,False,False,False,False,False,False,False,False,False,False,False,False,False,False,False,False,False,False,False,False
Anuncio actualizado el 9 de abril,0,0,4.0,0,0,1998,,1 planta,0,1,40211230,7,,Tacoronte,Distrito Agua García - Juan Fernández," Calle Melchor Álvarez, 17 , Distrito Agua García - Juan Fernández , Tacoronte , Tenerife, Santa Cruz de Tenerife ","Calle Melchor Álvarez, 17","Tenerife, Santa Cruz de Tenerife",290,247,2019-04-14,350000,0,8.0,0,0,1,False,False,False,False,False,True,False,False,False,False,False,False,False,False,False,False,False,False,False,False,False,False,False,False,False,False,False
Anuncio actualizado el 9 de abril,0,0,2.0,0,0,1975,en trámite,3 plantas,0,1,82807064,7,,Tacoronte,Distrito Agua García - Juan Fernández," Vereda del Medio, 38340 , Distrito Agua García - Juan Fernández , Tacoronte , Tenerife, Santa Cruz de Tenerife ","Vereda del Medio, 38340","Tenerife, Santa Cruz de Tenerife",6470,415,2019-04-14,298000,0,2.0,0,0,1,False,False,False,False,False,False,False,False,False,False,False,False,False,False,False,False,False,False,False,False,False,False,False,False,False,False,False
Anuncio actualizado el 4 de febrero,0,1,3.0,0,0,1982,,3 plantas,0,1,83247758,0,,Tacoronte,Distrito Guayonje - Mesa del Mar," Calle los perales, 26 , Distrito Guayonje - Mesa del Mar , Tacoronte , Tenerife, Santa Cruz de Tenerife ","Calle los perales, 26","Tenerife, Santa Cruz de Tenerife",345,293,2019-04-14,575000,0,4.0,0,1,1,False,False,True,False,False,False,False,False,False,False,False,False,False,True,False,False,False,False,False,False,False,False,False,False,False,False,False
Anuncio actualizado el 8 de abril,0,0,5.0,0,0,,en trámite,1 planta,0,0,84121541,7,,Tacoronte,Distrito Tacoronte - Los Naranjeros," Calle el Trazo, 1 , Distrito Tacoronte - Los Naranjeros , Tacoronte , Tenerife, Santa Cruz de Tenerife ","Calle el Trazo, 1","Tenerife, Santa Cruz de Tenerife",720,573,2019-04-14,420000,0,5.0,0,0,1,False,False,False,False,False,False,False,False,False,False,False,False,False,False,False,False,False,False,False,False,False,False,False,False,False,False,False
Anuncio actualizado el 8 de abril,0,1,3.0,0,0,1991,en trámite,2 plantas,0,0,84444070,7,,Tacoronte,Distrito Guayonje - Mesa del Mar," Calle Médico Ernesto Castro, 149 -133 , Distrito Guayonje - Mesa del Mar , Tacoronte , Tenerife, Santa Cruz de Tenerife ","Calle Médico Ernesto Castro, 149 -133","Tenerife, Santa Cruz de Tenerife",320,230,2019-04-14,319000,0,4.0,0,0,1,False,False,False,False,False,False,False,False,False,False,False,False,False,False,False,False,False,False,False,False,False,False,False,False,False,False,False
Anuncio actualizado el 1 de abril,0,0,2.0,0,0,,,,1,0,84500807,0,,Tacoronte,Distrito Guayonje - Mesa del Mar," LOS PERALES, 3 , Distrito Guayonje - Mesa del Mar , Tacoronte , Tenerife, Santa Cruz de Tenerife ","LOS PERALES, 3","Tenerife, Santa Cruz de Tenerife",346,,2019-04-14,279000,0,3.0,1,0,1,False,False,True,False,False,False,False,False,False,False,False,False,False,True,False,False,False,False,False,False,False,False,False,False,False,False,False
Anuncio actualizado el 8 de abril,0,0,3.0,0,0,,en trámite,1 planta,0,1,84530517,7,,Tacoronte,Distrito Tacoronte - Los Naranjeros," Calle el Trazo, 10 , Distrito Tacoronte - Los Naranjeros , Tacoronte , Tenerife, Santa Cruz de Tenerife ","Calle el Trazo, 10","Tenerife, Santa Cruz de Tenerife",339,307,2019-04-14,850000,0,5.0,0,0,1,False,False,False,False,False,False,False,False,False,False,False,False,False,False,False,False,False,False,False,False,False,False,False,False,False,False,False
Anuncio actualizado el 25 de febrero,0,0,1.0,1,0,,en trámite,2 plantas,1,0,82787849,0,,Tacoronte,Distrito Agua García - Juan Fernández," Calle las Mesetas , Distrito Agua García - Juan Fernández , Tacoronte , Tenerife, Santa Cruz de Tenerife ",Calle las Mesetas,"Tenerife, Santa Cruz de Tenerife",167,114,2019-04-14,159000,0,2.0,1,0,1,False,False,True,False,False,False,False,False,False,False,False,False,False,False,False,False,False,False,False,False,False,False,False,False,False,False,False
Anuncio actualizado el 4 de febrero,0,1,2.0,0,0,2005,,planta 4ª exterior,1,0,39707103,5,1,Tacoronte,Distrito Santa Catalina," Calle Tenerife, 9 , Urb. Urbanización Parque Atlántico , Distrito Santa Catalina , Tacoronte , Tenerife, Santa Cruz de Tenerife ",Urb. Urbanización Parque Atlántico,"Tenerife, Santa Cruz de Tenerife",100,98,2019-04-14,199000,1,3.0,1,0,1,False,False,True,False,False,False,False,False,False,False,False,False,False,False,False,False,False,False,False,False,False,True,False,False,False,False,False
Anuncio actualizado el 7 de noviembre,0,0,3.0,0,0,,,,0,1,39967923,11,,Tacoronte,Distrito Tacoronte - Los Naranjeros," Carretera General del Norte , Distrito Tacoronte - Los Naranjeros , Tacoronte , Tenerife, Santa Cruz de Tenerife ",Carretera General del Norte,"Tenerife, Santa Cruz de Tenerife",66,,2019-04-14,184000,0,3.0,0,0,1,False,False,True,False,False,False,False,False,False,False,False,False,False,False,False,False,False,False,False,False,False,False,False,False,False,False,False
Anuncio actualizado el 23 de enero,0,0,2.0,0,0,,,,1,1,40455277,12,,Tacoronte,Distrito Tacoronte - Los Naranjeros," Calle Pedro Felipe , Distrito Tacoronte - Los Naranjeros , Tacoronte , Tenerife, Santa Cruz de Tenerife ",Calle Pedro Felipe,"Tenerife, Santa Cruz de Tenerife",100,,2019-04-14,198500,0,4.0,1,0,1,False,False,True,False,False,False,False,False,False,False,False,False,False,False,False,False,False,False,False,False,False,False,False,False,False,False,False
Anuncio actualizado el 23 de enero,0,0,2.0,0,0,,,,0,0,81138857,11,,Tacoronte,Distrito Tacoronte - Los Naranjeros," Carretera General Tacoronte-Tejina , Distrito Tacoronte - Los Naranjeros , Tacoronte , Tenerife, Santa Cruz de Tenerife ",Carretera General Tacoronte-Tejina,"Tenerife, Santa Cruz de Tenerife",100,122,2019-04-14,231000,0,3.0,1,0,1,False,False,True,False,False,False,False,False,False,False,False,False,False,False,False,False,False,False,False,False,False,False,False,False,False,False,False
Anuncio actualizado el 10 de abril,0,0,3.0,1,0,,en trámite,,0,1,83801029,3,,Tacoronte,Distrito Tacoronte - Los Naranjeros," , Distrito Tacoronte - Los Naranjeros , Tacoronte , Tenerife, Santa Cruz de Tenerife ",,"Tenerife, Santa Cruz de Tenerife",340,480,2019-04-14,540000,0,7.0,1,0,1,False,False,True,False,False,False,False,False,False,False,False,False,False,False,False,False,False,False,False,False,False,False,False,False,False,False,False
Anuncio actualizado el 10 de abril,0,0,1.0,0,0,,en trámite,planta 1ª exterior,0,1,40366925,1,0,Tacoronte,Distrito Guayonje - Mesa del Mar," Calle Mesa del Mar, 158 , Distrito Guayonje - Mesa del Mar , Tacoronte , Tenerife, Santa Cruz de Tenerife ","Calle Mesa del Mar, 158","Tenerife, Santa Cruz de Tenerife",117,,2019-04-14,80000,0,2.0,0,0,1,False,False,True,False,False,False,False,False,False,False,False,False,False,False,False,False,False,False,False,False,False,False,False,False,False,False,False
Anuncio actualizado el 8 de abril,0,0,5.0,0,0,2006,en trámite,1 planta,0,1,84287121,7,,Tacoronte,Distrito Agua García - Juan Fernández," Calle los Sauces, 4 -7 , Distrito Agua García - Juan Fernández , Tacoronte , Tenerife, Santa Cruz de Tenerife ","Calle los Sauces, 4 -7","Tenerife, Santa Cruz de Tenerife",730,411,2019-04-14,350000,0,5.0,0,0,1,False,False,False,False,False,False,False,False,False,False,False,False,False,False,False,False,False,False,False,False,False,False,False,False,False,False,False
Anuncio actualizado el 9 de abril,0,0,2.0,0,0,2002,en trámite,2 plantas,0,0,82829354,7,,Tacoronte,Distrito El Pris - Juan Fernández," Carretera Puerto de la Madera, 87 # , Urb. MESA DEL MAR , Distrito El Pris - Juan Fernández , Tacoronte , Tenerife, Santa Cruz de Tenerife ",Urb. MESA DEL MAR,"Tenerife, Santa Cruz de Tenerife",197,,2019-04-14,275000,0,5.0,0,0,1,False,False,False,False,False,False,False,False,False,False,False,False,False,False,False,False,False,False,False,False,False,False,False,False,False,False,False
Anuncio actualizado el 12 de abril,0,1,3.0,1,0,2006,,3 plantas,1,1,81627661,0,,Tacoronte,Distrito Tacoronte - Los Naranjeros," Calle la caridad, 19 , Distrito Tacoronte - Los Naranjeros , Tacoronte , Tenerife, Santa Cruz de Tenerife ","Calle la caridad, 19","Tenerife, Santa Cruz de Tenerife",960,280,2019-04-14,399500,0,5.0,1,0,1,False,False,True,False,False,False,False,False,False,False,False,False,False,False,False,False,False,False,False,False,False,False,False,False,False,False,False
Anuncio actualizado el 9 de abril,0,0,2.0,0,0,,,planta 2ª exterior,1,0,40199691,1,0,Tacoronte,Distrito El Pris - Juan Fernández," , Distrito El Pris - Juan Fernández , Tacoronte , Tenerife, Santa Cruz de Tenerife ",,"Tenerife, Santa Cruz de Tenerife",108,,2019-04-14,145000,0,2.0,0,0,1,False,False,True,False,False,False,False,False,False,False,False,False,False,False,False,False,False,False,False,False,False,False,False,False,False,False,False
ad_last_update,air_conditioner,balcony,0.0,built_in_wardrobe,chimney,construct_date,energetic_certif,floor,1,garden,house_id,13,lift,loc_city,loc_district,loc_full,loc_neigh,loc_zone,m2_real,m2_useful,obtention_date,price,reduced_mobility,0.0,storage_room,swimming_pool,terrace,True,False,False,False,False,False,False,False,False,True,False,False,False,False,False,False,False,False,False,False,False,False,True,False,False,False,False
Anuncio actualizado el 31 de enero,0,0,2.0,1,0,2003,en trámite,2 plantas,1,0,36610723,11,,Santa Ursula,Distrito La Vera-El Farrobillo-Tosca de Ana María," El Candil, 10 , Distrito La Vera-El Farrobillo-Tosca de Ana María , Santa Ursula , Tenerife, Santa Cruz de Tenerife ","El Candil, 10","Tenerife, Santa Cruz de Tenerife",160,,2019-04-14,165000,0,3.0,0,0,1,False,False,True,False,False,False,False,False,False,False,False,False,False,False,False,False,False,False,False,False,False,False,False,False,False,False,False
más de 5 meses sin actualizar,0,0,2.0,0,0,2016,,planta 2ª exterior,0,0,81529054,1,1,Santa Ursula,Distrito Cuesta de la Villa," Camino Antiguo Calvario, 1 , Distrito Cuesta de la Villa , Santa Ursula , Tenerife, Santa Cruz de Tenerife ","Camino Antiguo Calvario, 1","Tenerife, Santa Cruz de Tenerife",98,93,2019-04-14,150000,0,3.0,0,0,0,False,False,True,False,False,False,False,False,False,False,False,False,False,True,False,False,False,False,False,False,False,False,False,False,False,False,False
más de 5 meses sin actualizar,0,0,2.0,1,0,,,bajo exterior,1,0,34864912,1,0,Santa Ursula,Distrito Cuesta de la Villa," Calle Sanguino, 29 , Distrito Cuesta de la Villa , Santa Ursula , Tenerife, Santa Cruz de Tenerife ","Calle Sanguino, 29","Tenerife, Santa Cruz de Tenerife",119,,2019-04-14,120000,0,3.0,1,0,1,False,False,True,False,False,False,False,False,False,False,False,False,False,False,False,False,False,False,False,False,False,False,False,False,False,False,False
más de 5 meses sin actualizar,0,0,1.0,1,0,,,bajo interior,1,0,38756631,1,1,Santa Ursula,Distrito La Vera-El Farrobillo-Tosca de Ana María," Carretera Vieja, 158 , Distrito La Vera-El Farrobillo-Tosca de Ana María , Santa Ursula , Tenerife, Santa Cruz de Tenerife ","Carretera Vieja, 158","Tenerife, Santa Cruz de Tenerife",75,,2019-04-14,125000,0,2.0,1,0,1,False,False,True,False,False,False,False,False,False,False,False,False,False,False,False,False,False,False,False,False,False,False,False,False,False,False,False
más de 5 meses sin actualizar,0,0,1.0,0,0,,no indicado,,0,0,81755587,0,,Santa Ursula,Distrito Santa Úrsula," Calle Tosca la Iglesia, 14 B , Distrito Santa Úrsula , Santa Ursula , Tenerife, Santa Cruz de Tenerife ","Calle Tosca la Iglesia, 14 B","Tenerife, Santa Cruz de Tenerife",69,,2019-04-14,66000,0,4.0,0,0,1,False,False,True,False,False,False,False,False,False,False,False,False,False,False,False,False,False,False,False,False,False,False,False,False,False,False,False
más de 5 meses sin actualizar,0,0,3.0,1,0,,,2 plantas,1,1,29236402,11,,Santa Ursula,Distrito Cuesta de la Villa," Calle el Jardin, 31 A , Distrito Cuesta de la Villa , Santa Ursula , Tenerife, Santa Cruz de Tenerife ","Calle el Jardin, 31 A","Tenerife, Santa Cruz de Tenerife",196,206,2019-04-14,260000,0,3.0,1,0,1,False,False,True,False,False,False,False,False,False,False,False,False,False,False,False,False,False,False,False,False,False,False,False,False,False,False,False
Anuncio actualizado el 10 de marzo,0,0,1.0,0,0,,no indicado,planta 2ª,0,0,84471409,1,0,Santa Ursula,Distrito Santa Úrsula," , Distrito Santa Úrsula , Santa Ursula , Tenerife, Santa Cruz de Tenerife ",,"Tenerife, Santa Cruz de Tenerife",54,,2019-04-14,80000,0,2.0,0,0,1,False,False,True,False,False,False,False,False,False,False,False,False,False,False,False,False,False,False,False,False,False,False,False,False,False,False,False
Anuncio actualizado el 5 de febrero,0,0,1.0,0,0,,no indicado,,0,0,81941197,1,,Santa Ursula,Distrito Cuesta de la Villa," , Distrito Cuesta de la Villa , Santa Ursula , Tenerife, Santa Cruz de Tenerife ",,"Tenerife, Santa Cruz de Tenerife",70,25,2019-04-14,85000,0,1.0,0,0,0,False,False,False,False,False,False,False,False,False,False,False,False,False,False,False,False,False,False,False,False,False,False,False,False,False,False,False
Anuncio actualizado el 7 de abril,0,0,2.0,0,0,,,,0,0,83520109,3,,Santa Ursula,Distrito La Vera-El Farrobillo-Tosca de Ana María," , Distrito La Vera-El Farrobillo-Tosca de Ana María , Santa Ursula , Tenerife, Santa Cruz de Tenerife ",,"Tenerife, Santa Cruz de Tenerife",360,,2019-04-14,14000,0,3.0,0,0,1,False,False,False,False,False,False,False,False,False,False,False,False,False,False,False,False,False,False,False,False,False,False,False,False,False,False,False
Anuncio actualizado el 2 de diciembre,0,0,4.0,0,0,,,2 plantas,0,0,82841263,0,,Santa Ursula,Distrito La Corujera," Calle Tamaide, 94 , Distrito La Corujera , Santa Ursula , Tenerife, Santa Cruz de Tenerife ","Calle Tamaide, 94","Tenerife, Santa Cruz de Tenerife",485,266,2019-04-14,885000,0,8.0,0,0,0,False,False,True,False,False,False,False,False,False,False,False,False,False,False,False,False,False,False,False,False,False,False,False,False,False,False,False
Anuncio actualizado el 1 de abril,0,0,1.0,0,0,2007,no indicado,,0,0,84701262,1,,Santa Ursula,Distrito Santa Úrsula," , Distrito Santa Úrsula , Santa Ursula , Tenerife, Santa Cruz de Tenerife ",,"Tenerife, Santa Cruz de Tenerife",68,,2019-04-14,75000,0,2.0,0,0,1,False,False,True,False,False,False,False,False,False,False,False,False,False,False,False,False,False,False,False,False,False,False,False,False,False,False,False
Anuncio actualizado el 1 de abril,0,0,2.0,0,0,2006,no indicado,exterior,1,0,84701346,1,1,Santa Ursula,Distrito Cuesta de la Villa," , Distrito Cuesta de la Villa , Santa Ursula , Tenerife, Santa Cruz de Tenerife ",,"Tenerife, Santa Cruz de Tenerife",78,62,2019-04-14,95900,0,2.0,0,0,0,False,False,True,False,False,False,False,False,False,False,False,False,False,False,False,False,False,False,False,False,False,False,False,False,False,False,False
Anuncio actualizado el 19 de diciembre,0,1,3.0,1,0,,no indicado,planta 3ª interior,1,0,83633692,5,1,Santa Ursula,Distrito La Quinta," Calle Ático En Calle Tajora, 11 , Distrito La Quinta , Santa Ursula , Tenerife, Santa Cruz de Tenerife ","Calle Ático En Calle Tajora, 11","Tenerife, Santa Cruz de Tenerife",200,,2019-04-14,299000,0,3.0,1,1,1,False,False,True,False,False,False,False,False,False,False,False,False,False,False,False,False,False,False,False,False,False,False,False,False,False,False,False
Anuncio actualizado el 2 de marzo,0,1,3.0,0,0,,no indicado,2 plantas,1,0,84516650,0,,Santa Ursula,Distrito Santa Úrsula," Camino Procesional, 7 , Distrito Santa Úrsula , Santa Ursula , Tenerife, Santa Cruz de Tenerife ","Camino Procesional, 7","Tenerife, Santa Cruz de Tenerife",600,,2019-04-14,500000,0,5.0,1,0,1,False,False,True,False,False,False,False,False,False,False,False,False,False,False,False,False,False,False,False,False,False,False,False,False,False,False,False
Anuncio actualizado el 7 de abril,0,0,2.0,1,0,,,bajo exterior,1,0,39881309,8,0,Santa Ursula,Distrito Cuesta de la Villa," Calle Sanguino, 26 , Distrito Cuesta de la Villa , Santa Ursula , Tenerife, Santa Cruz de Tenerife ","Calle Sanguino, 26","Tenerife, Santa Cruz de Tenerife",110,,2019-04-14,200000,0,2.0,1,0,1,False,False,True,False,False,False,False,False,False,False,False,False,False,True,False,False,False,False,False,False,False,False,False,False,False,False,False
Anuncio actualizado el 31 de octubre,0,0,1.0,1,0,,en trámite,planta 1ª exterior,0,0,34089835,1,1,Santa Ursula,Distrito La Quinta," Urb. La Quinta , Distrito La Quinta , Santa Ursula , Tenerife, Santa Cruz de Tenerife ",Urb. La Quinta,"Tenerife, Santa Cruz de Tenerife",60,,2019-04-14,170000,0,2.0,0,1,1,False,False,True,False,False,False,False,False,False,False,False,False,False,True,False,False,False,False,False,False,False,False,False,False,False,False,False
Anuncio actualizado el 7 de abril,0,1,3.0,1,0,,no indicado,,1,1,81579746,4,,Santa Ursula,Distrito La Vera-El Farrobillo-Tosca de Ana María," Calle Tosca Barrios, 18 , Distrito La Vera-El Farrobillo-Tosca de Ana María , Santa Ursula , Tenerife, Santa Cruz de Tenerife ","Calle Tosca Barrios, 18","Tenerife, Santa Cruz de Tenerife",160,,2019-04-14,270000,0,6.0,1,0,1,False,False,True,False,False,False,False,False,False,False,False,False,False,False,False,False,False,False,False,False,False,False,False,False,False,False,False
Anuncio actualizado el 29 de septiembre,0,0,2.0,1,0,,no indicado,bajo exterior,1,0,35489959,1,0,Santa Ursula,Distrito Cuesta de la Villa," , Distrito Cuesta de la Villa , Santa Ursula , Tenerife, Santa Cruz de Tenerife ",,"Tenerife, Santa Cruz de Tenerife",77,70,2019-04-14,115000,0,2.0,0,0,1,False,False,True,False,False,False,False,False,False,False,False,False,False,False,False,False,False,False,False,False,False,False,False,False,False,False,False
Anuncio actualizado el 5 de noviembre,0,0,2.0,1,0,,en trámite,,0,1,35534877,0,,Santa Ursula,Distrito Cuesta de la Villa," Urb. San Patricio , Distrito Cuesta de la Villa , Santa Ursula , Tenerife, Santa Cruz de Tenerife ",Urb. San Patricio,"Tenerife, Santa Cruz de Tenerife",565,,2019-04-14,365000,0,3.0,1,0,1,False,False,True,False,False,False,False,False,False,False,False,False,False,True,False,False,False,False,False,False,False,False,False,False,False,False,False
Anuncio actualizado el 11 de febrero,0,0,2.0,0,0,,no indicado,planta 2ª exterior,1,0,364026,1,0,Santa Ursula,Distrito Cuesta de la Villa," Carretera Provincial, 65 , Distrito Cuesta de la Villa , Santa Ursula , Tenerife, Santa Cruz de Tenerife ","Carretera Provincial, 65","Tenerife, Santa Cruz de Tenerife",90,,2019-04-14,106000,0,3.0,0,0,0,False,False,True,False,False,False,False,False,False,False,False,False,False,False,False,False,False,False,False,False,False,False,False,False,False,False,False
Anuncio actualizado el 25 de marzo,0,0,1.0,1,0,1990,no indicado,planta 1ª exterior,0,1,84658838,6,0,Santa Ursula,Distrito La Quinta," Calle Bicacarera, 21 , Distrito La Quinta , Santa Ursula , Tenerife, Santa Cruz de Tenerife ","Calle Bicacarera, 21","Tenerife, Santa Cruz de Tenerife",50,,2019-04-14,105000,0,0.0,0,1,1,False,False,True,False,False,False,False,True,False,False,False,False,False,False,False,False,False,False,False,False,False,True,False,False,False,False,False
Anuncio actualizado el 11 de abril,0,0,1.0,1,0,1990,en trámite,bajo,0,0,84900691,1,1,Santa Ursula,Distrito La Quinta," , Distrito La Quinta , Santa Ursula , Tenerife, Santa Cruz de Tenerife ",,"Tenerife, Santa Cruz de Tenerife",50,,2019-04-14,105000,0,1.0,0,1,1,False,False,True,False,False,False,False,False,False,False,False,True,False,False,False,False,False,False,False,False,False,False,False,False,False,False,False
Anuncio actualizado el 29 de septiembre,0,0,2.0,0,0,2006,,bajo exterior,1,0,81679477,1,1,Santa Ursula,Distrito Cuesta de la Villa," , Distrito Cuesta de la Villa , Santa Ursula , Tenerife, Santa Cruz de Tenerife ",,"Tenerife, Santa Cruz de Tenerife",80,63,2019-04-14,95900,0,2.0,0,0,0,False,False,True,False,False,False,False,False,False,False,False,False,False,False,False,False,False,False,False,False,False,False,False,False,False,False,False
Anuncio actualizado el 19 de marzo,1,1,2.0,1,0,2004,,planta 1ª,1,0,84076002,1,0,Santa Ursula,Distrito La Vera-El Farrobillo-Tosca de Ana María," , Distrito La Vera-El Farrobillo-Tosca de Ana María , Santa Ursula , Tenerife, Santa Cruz de Tenerife ",,"Tenerife, Santa Cruz de Tenerife",115,,2019-04-14,116000,0,3.0,1,0,1,False,False,True,False,False,False,False,False,False,False,False,False,False,True,False,False,False,False,False,False,False,False,False,False,False,False,False
Anuncio actualizado el 7 de abril,1,0,2.0,1,0,2004,,planta 1ª,1,0,84197605,1,1,Santa Ursula,Distrito La Vera-El Farrobillo-Tosca de Ana María," , Distrito La Vera-El Farrobillo-Tosca de Ana María , Santa Ursula , Tenerife, Santa Cruz de Tenerife ",,"Tenerife, Santa Cruz de Tenerife",108,93,2019-04-14,140000,1,2.0,1,0,0,False,False,True,False,False,False,False,False,False,False,False,False,False,False,False,False,False,False,False,False,False,False,False,False,False,False,False
Anuncio actualizado el 16 de febrero,0,0,2.0,0,0,2005,en trámite,planta 1ª,1,0,84307430,1,1,Santa Ursula,Distrito Cuesta de la Villa," Paseo de Cala, 4 , Distrito Cuesta de la Villa , Santa Ursula , Tenerife, Santa Cruz de Tenerife ","Paseo de Cala, 4","Tenerife, Santa Cruz de Tenerife",75,60,2019-04-14,97986,0,2.0,0,0,0,False,False,True,False,False,False,False,False,False,False,False,False,False,False,False,False,False,False,False,False,False,False,False,False,False,False,False
Anuncio actualizado el 8 de abril,0,0,2.0,0,0,,no indicado,,0,0,84395707,1,0,Santa Ursula,Distrito Santa Úrsula," , Distrito Santa Úrsula , Santa Ursula , Tenerife, Santa Cruz de Tenerife ",,"Tenerife, Santa Cruz de Tenerife",94,,2019-04-14,89000,0,2.0,0,0,0,False,False,True,False,False,False,False,False,False,False,False,False,False,False,False,False,False,False,False,False,False,False,False,False,False,False,False
Anuncio actualizado el 11 de abril,0,0,1.0,0,0,1975,,,0,0,84471709,3,,Santa Ursula,Distrito La Corujera," , Distrito La Corujera , Santa Ursula , Tenerife, Santa Cruz de Tenerife ",,"Tenerife, Santa Cruz de Tenerife",151,97,2019-04-14,126000,0,3.0,0,0,1,False,False,True,False,False,False,False,False,False,False,False,False,False,False,False,False,False,False,False,False,False,False,False,False,False,False,False
Anuncio actualizado el 21 de febrero,0,0,2.0,0,0,,,planta 2ª,0,0,26325751,1,0,Santa Ursula,Distrito Santa Úrsula," Paseo de cala , Distrito Santa Úrsula , Santa Ursula , Tenerife, Santa Cruz de Tenerife ",Paseo de cala,"Tenerife, Santa Cruz de Tenerife",78,70,2019-04-14,97000,0,3.0,0,0,0,False,False,False,True,False,False,False,False,False,False,False,False,False,False,False,False,False,False,False,False,False,False,False,False,False,False,False
Anuncio actualizado el 31 de marzo,0,0,2.0,1,0,,no indicado,planta 1ª interior,1,0,28450243,1,0,Santa Ursula,Distrito Cuesta de la Villa," Calle Cupreso, 43 , Distrito Cuesta de la Villa , Santa Ursula , Tenerife, Santa Cruz de Tenerife ","Calle Cupreso, 43","Tenerife, Santa Cruz de Tenerife",112,102,2019-04-14,160000,0,2.0,0,0,1,False,False,True,False,False,False,False,False,False,False,False,False,False,False,False,False,False,False,False,False,False,False,False,False,False,False,False
Anuncio actualizado el 7 de abril,1,0,2.0,1,0,,no indicado,2 plantas,1,1,33522047,0,,Santa Ursula,Distrito Cuesta de la Villa," Calle vista panoramica, 40 , Distrito Cuesta de la Villa , Santa Ursula , Tenerife, Santa Cruz de Tenerife ","Calle vista panoramica, 40","Tenerife, Santa Cruz de Tenerife",500,190,2019-04-14,272000,0,4.0,1,0,1,False,False,True,False,False,False,False,False,False,False,False,False,False,False,False,False,False,False,False,False,False,False,False,False,False,False,False
Anuncio actualizado el 1 de abril,0,0,1.0,0,0,2007,,planta 1ª exterior,0,0,35777914,1,0,Santa Ursula,Distrito Santa Úrsula," Calle Leoncio Rodríguez , Distrito Santa Úrsula , Santa Ursula , Tenerife, Santa Cruz de Tenerife ",Calle Leoncio Rodríguez,"Tenerife, Santa Cruz de Tenerife",69,,2019-04-14,75000,0,2.0,0,0,1,False,False,True,False,False,False,False,False,False,False,False,False,False,False,False,False,False,False,False,False,False,False,False,False,False,False,False
Anuncio actualizado el 24 de febrero,0,0,3.0,1,0,,no indicado,1 planta,1,1,33924678,11,,Santa Ursula,Distrito La Quinta," Avenida los pesqueros, 14 , Urb. La Quinta Roja , Distrito La Quinta , Santa Ursula , Tenerife, Santa Cruz de Tenerife ",Urb. La Quinta Roja,"Tenerife, Santa Cruz de Tenerife",105,90,2019-04-14,187500,0,2.0,0,1,0,False,False,True,False,False,False,False,False,False,False,False,False,False,True,False,False,False,False,False,False,False,False,False,False,False,False,False
Anuncio actualizado el 19 de diciembre,0,0,2.0,1,0,,en trámite,,0,1,81988808,0,,Santa Ursula,Distrito Cuesta de la Villa," Calle Taoro , Distrito Cuesta de la Villa , Santa Ursula , Tenerife, Santa Cruz de Tenerife ",Calle Taoro,"Tenerife, Santa Cruz de Tenerife",1095,390,2019-04-14,975000,1,3.0,1,1,1,False,False,True,False,False,False,False,False,False,False,False,False,False,False,False,False,False,False,False,False,False,False,False,False,False,False,False
Anuncio actualizado el 3 de febrero,0,1,4.0,1,0,,,2 plantas,1,1,82038135,11,,Santa Ursula,Distrito La Corujera," Calle Tamaide, 22 , Distrito La Corujera , Santa Ursula , Tenerife, Santa Cruz de Tenerife ","Calle Tamaide, 22","Tenerife, Santa Cruz de Tenerife",200,,2019-04-14,390000,0,4.0,1,1,1,False,False,True,False,False,False,False,False,False,False,False,False,False,False,False,False,False,False,False,False,False,True,False,False,False,False,False
Anuncio actualizado el 1 de abril,0,0,1.0,0,0,,en trámite,planta 3ª exterior,0,0,82060275,1,0,Santa Ursula,Distrito Cuesta de la Villa," Carretera Provincial TF217 , Urb. Edf. San Patricio , Distrito Cuesta de la Villa , Santa Ursula , Tenerife, Santa Cruz de Tenerife ",Urb. Edf. San Patricio,"Tenerife, Santa Cruz de Tenerife",60,44,2019-04-14,78900,0,2.0,0,0,0,False,False,True,False,False,False,False,False,False,False,False,False,False,False,False,False,False,False,False,False,False,False,False,False,False,False,False
Anuncio actualizado el 27 de marzo,0,0,2.0,0,0,,,,1,0,83693761,7,,Santa Ursula,Distrito Santa Úrsula," , Distrito Santa Úrsula , Santa Ursula , Tenerife, Santa Cruz de Tenerife ",,"Tenerife, Santa Cruz de Tenerife",280,240,2019-04-14,149000,0,3.0,0,0,0,False,False,True,False,False,False,False,False,False,False,False,False,False,False,False,False,False,True,False,False,False,False,False,False,False,False,False
Anuncio actualizado el 2 de abril,0,1,2.0,1,0,,en trámite,planta 3ª exterior,0,1,39867585,8,1,Santa Ursula,Distrito La Quinta," Calle Duraznillo, 3 , Distrito La Quinta , Santa Ursula , Tenerife, Santa Cruz de Tenerife ","Calle Duraznillo, 3","Tenerife, Santa Cruz de Tenerife",118,,2019-04-14,160000,0,3.0,0,1,1,False,False,True,False,False,False,False,False,False,False,False,False,False,False,False,False,False,False,False,False,False,False,False,False,False,False,False
Anuncio actualizado el 27 de marzo,0,0,2.0,0,0,,,planta 1ª,0,0,38845449,1,1,Santa Ursula,Distrito Cuesta de la Villa," Avenida venezuela , Distrito Cuesta de la Villa , Santa Ursula , Tenerife, Santa Cruz de Tenerife ",Avenida venezuela,"Tenerife, Santa Cruz de Tenerife",75,59,2019-04-14,97986,0,2.0,0,0,0,False,False,True,False,False,False,False,False,False,False,False,False,False,False,False,False,False,False,False,False,False,False,False,False,False,False,False
Anuncio actualizado el 13 de abril,0,0,2.0,1,0,,,planta 2ª interior,0,1,84265571,1,1,Santa Ursula,Distrito La Quinta," Calle Duraznillo, 3 LaQuinta , Urb. Parque Residencial La Quinta , Distrito La Quinta , Santa Ursula , Tenerife, Santa Cruz de Tenerife ",Urb. Parque Residencial La Quinta,"Tenerife, Santa Cruz de Tenerife",87,,2019-04-14,130000,0,2.0,0,1,1,False,False,True,False,False,False,False,False,False,False,False,False,False,False,False,False,False,False,False,False,False,False,False,False,False,False,False
Anuncio actualizado el 10 de diciembre,0,0,1.0,1,0,,,planta 1ª interior,0,0,36638113,8,0,Santa Ursula,Distrito La Vera-El Farrobillo-Tosca de Ana María," Calle Lomo Hilos, 32 , Distrito La Vera-El Farrobillo-Tosca de Ana María , Santa Ursula , Tenerife, Santa Cruz de Tenerife ","Calle Lomo Hilos, 32","Tenerife, Santa Cruz de Tenerife",140,108,2019-04-14,95000,0,3.0,1,0,0,False,False,True,False,False,False,False,False,False,False,False,False,False,False,False,False,False,False,False,False,False,False,False,False,False,False,False
Anuncio actualizado el 4 de abril,0,0,1.0,0,0,,,planta 1ª,0,0,28969976,1,0,Santa Ursula,Distrito Santa Úrsula," Calle leoncio rodrigues , Distrito Santa Úrsula , Santa Ursula , Tenerife, Santa Cruz de Tenerife ",Calle leoncio rodrigues,"Tenerife, Santa Cruz de Tenerife",68,49,2019-04-14,75000,0,2.0,0,0,0,False,False,True,False,False,False,False,False,False,False,False,False,False,False,False,False,False,False,False,False,False,False,False,False,False,False,False
Anuncio actualizado el 27 de marzo,0,0,1.0,0,0,,,,0,0,81947125,1,0,Santa Ursula,Distrito Cuesta de la Villa," TF-217 , Distrito Cuesta de la Villa , Santa Ursula , Tenerife, Santa Cruz de Tenerife ",TF-217,"Tenerife, Santa Cruz de Tenerife",60,44,2019-04-14,78900,0,2.0,0,0,0,False,False,True,False,False,False,False,False,False,False,False,False,False,False,False,False,False,False,False,False,False,False,False,False,False,False,False
Anuncio actualizado el 30 de julio,0,0,9.0,1,0,,en trámite,,0,1,36547773,0,,Santa Ursula,Distrito Cuesta de la Villa," , Distrito Cuesta de la Villa , Santa Ursula , Tenerife, Santa Cruz de Tenerife ",,"Tenerife, Santa Cruz de Tenerife",1747,,2019-04-14,590000,0,9.0,1,1,1,False,False,True,False,False,False,False,False,False,False,False,False,False,False,False,False,False,False,False,False,False,False,False,False,False,False,False
Anuncio actualizado el 31 de enero,0,1,2.0,1,0,,en trámite,1 planta,1,0,39466791,11,,Santa Ursula,Distrito La Quinta," , Distrito La Quinta , Santa Ursula , Tenerife, Santa Cruz de Tenerife ",,"Tenerife, Santa Cruz de Tenerife",125,113,2019-04-14,278000,0,3.0,1,1,1,False,False,True,False,False,False,False,False,False,False,False,False,False,False,False,False,False,False,False,False,False,False,False,False,False,False,False
Anuncio actualizado el 20 de diciembre,0,0,1.0,0,0,,no indicado,planta 1ª,1,0,82270753,1,0,Santa Ursula,Distrito Cuesta de la Villa," , Distrito Cuesta de la Villa , Santa Ursula , Tenerife, Santa Cruz de Tenerife ",,"Tenerife, Santa Cruz de Tenerife",50,45,2019-04-14,63000,0,1.0,1,0,0,False,False,False,False,False,False,False,False,False,False,False,False,False,False,False,False,False,False,False,False,False,False,False,False,False,False,False
Anuncio actualizado el 19 de marzo,0,0,2.0,0,0,,en trámite,,0,0,84556379,1,1,Santa Ursula,Distrito Santa Úrsula," ESPA&Ntilde;A , Distrito Santa Úrsula , Santa Ursula , Tenerife, Santa Cruz de Tenerife ",ESPA&Ntilde;A,"Tenerife, Santa Cruz de Tenerife",113,90,2019-04-14,114400,0,3.0,0,0,0,False,False,False,False,False,False,False,False,False,False,False,False,False,False,False,False,False,False,False,False,False,False,False,False,False,False,False
Anuncio actualizado el 22 de marzo,0,1,1.0,1,0,,no indicado,planta 1ª exterior,0,1,83562428,1,1,Santa Ursula,Distrito La Quinta," Calle Bicacarera, 56 A , Urb. La Quinta , Distrito La Quinta , Santa Ursula , Tenerife, Santa Cruz de Tenerife ",Urb. La Quinta,"Tenerife, Santa Cruz de Tenerife",60,,2019-04-14,99000,0,1.0,0,1,1,False,False,True,False,False,False,False,False,False,False,False,False,False,False,False,False,False,False,False,False,False,False,False,False,False,False,False
Anuncio actualizado el 18 de enero,0,0,3.0,0,0,,,,0,0,83866423,11,,Santa Ursula,Distrito La Quinta," Avenida los Pesqueros , Distrito La Quinta , Santa Ursula , Tenerife, Santa Cruz de Tenerife ",Avenida los Pesqueros,"Tenerife, Santa Cruz de Tenerife",130,112,2019-04-14,245000,0,3.0,0,0,0,False,False,True,False,False,False,False,False,False,False,False,False,False,False,False,False,False,False,False,False,False,False,False,False,False,False,False
Anuncio actualizado el 19 de febrero,0,1,5.0,1,0,,en trámite,,1,1,25031390,0,,Santa Ursula,Distrito Cuesta de la Villa," , Distrito Cuesta de la Villa , Santa Ursula , Tenerife, Santa Cruz de Tenerife ",,"Tenerife, Santa Cruz de Tenerife",1125,,2019-04-14,1950000,0,4.0,1,1,1,False,False,True,False,False,False,False,False,False,False,False,False,False,False,False,False,False,False,False,False,False,False,False,False,False,False,True
Anuncio actualizado el 9 de abril,0,1,3.0,1,0,2009,,,1,1,84616703,0,,Santa Ursula,Distrito Cuesta de la Villa," , Distrito Cuesta de la Villa , Santa Ursula , Tenerife, Santa Cruz de Tenerife ",,"Tenerife, Santa Cruz de Tenerife",678,,2019-04-14,1200000,0,3.0,0,1,1,False,False,True,False,False,False,False,False,False,False,False,False,False,False,False,False,False,False,False,False,False,False,False,True,False,False,False
Anuncio actualizado el 10 de marzo,0,0,3.0,1,0,2010,en trámite,2 plantas,1,0,36048636,0,,Santa Ursula,Distrito La Corujera," , Distrito La Corujera , Santa Ursula , Tenerife, Santa Cruz de Tenerife ",,"Tenerife, Santa Cruz de Tenerife",248,211,2019-04-14,375000,0,3.0,1,0,1,False,False,True,False,False,False,False,False,False,False,False,False,False,False,False,False,False,False,False,False,False,True,False,False,False,False,False
Anuncio actualizado el 8 de abril,0,0,3.0,1,0,2008,no indicado,,1,1,38346866,0,,Santa Ursula,Distrito La Quinta," , Distrito La Quinta , Santa Ursula , Tenerife, Santa Cruz de Tenerife ",,"Tenerife, Santa Cruz de Tenerife",552,190,2019-04-14,500000,0,3.0,0,1,1,False,False,False,False,False,False,False,False,False,False,False,False,False,False,False,False,False,False,False,False,False,False,False,False,False,False,False
Anuncio actualizado el 1 de abril,0,0,2.0,0,0,1992,no indicado,,0,0,84701203,1,,Santa Ursula,Distrito Santa Úrsula," , Distrito Santa Úrsula , Santa Ursula , Tenerife, Santa Cruz de Tenerife ",,"Tenerife, Santa Cruz de Tenerife",78,,2019-04-14,97000,0,3.0,0,0,0,False,False,True,False,False,False,False,False,False,False,False,False,False,False,False,False,False,False,False,False,False,False,False,False,False,False,False
Anuncio actualizado el 19 de marzo,0,0,1.0,0,0,,no indicado,planta 1ª,1,0,84724237,1,0,Santa Ursula,Distrito Cuesta de la Villa," , Distrito Cuesta de la Villa , Santa Ursula , Tenerife, Santa Cruz de Tenerife ",,"Tenerife, Santa Cruz de Tenerife",50,45,2019-04-14,63000,0,1.0,1,0,0,False,False,False,False,False,False,False,False,False,False,False,False,False,False,False,False,False,False,False,False,False,False,False,False,False,False,False
Anuncio actualizado el 10 de abril,0,1,1.0,0,0,,en trámite,planta 1ª,1,0,32376300,1,,Santa Ursula,Distrito Cuesta de la Villa," , Distrito Cuesta de la Villa , Santa Ursula , Tenerife, Santa Cruz de Tenerife ",,"Tenerife, Santa Cruz de Tenerife",92,,2019-04-14,140000,0,2.0,0,0,1,False,False,True,False,False,False,False,False,False,False,False,True,False,False,False,False,False,False,False,False,False,False,False,False,False,False,False
Anuncio actualizado el 5 de marzo,0,0,3.0,0,0,,en trámite,2 plantas,1,0,84288616,11,,Santa Ursula,Distrito La Quinta," Av. Los Pesqueros, 22 , Urb. Residencial Las Calandrías , Distrito La Quinta , Santa Ursula , Tenerife, Santa Cruz de Tenerife ",Urb. Residencial Las Calandrías,"Tenerife, Santa Cruz de Tenerife",161,112,2019-04-14,245000,0,3.0,0,0,1,False,False,True,False,False,False,False,False,False,False,False,False,False,False,False,False,False,False,False,False,False,False,False,False,False,False,False
